AATS1i,AATS2i,AATS3i,AATS4i,AATS5d,AATS6i,AATS7s,AATS8dv,AATS8s,AATSC0v,AETA_alpha,AETA_beta_ns_d,AETA_beta_s,AETA_eta_F,AETA_eta_L,AMID_C,ATSC0i,ATSC0p,ATSC1d,ATSC1dv,ATSC7d,ATSC8d,ATSC8dv,AXp-0d,AXp-1d,Ali_Log_S,Ali_Solubility_(mg/ml),BCUTc-1h,BCUTd-1l,BCUTs-1h,CIC1,CIC2,ESOL_Log_S,ESOL_Solubility_(mg/ml),EState_VSA1,EState_VSA2,EState_VSA3,EState_VSA4,EState_VSA5,EState_VSA6,EState_VSA9,ETA_dAlpha_B,ETA_dEpsilon_D,ETA_epsilon_5,FPSA3,GATS1d,GATS1dv,GATS1i,GATS1p,GATS1v,GATS2c,GATS2d,GATS2i,GATS2s,GATS2v,GATS3c,GATS3dv,GATS3i,GATS3s,GATS3v,GATS4c,GATS4dv,GATS4i,GATS4s,GATS5d,GATS5dv,GATS5i,GATS5p,GATS6d,GATS6dv,GATS6i,GATS6p,GATS6s,GATS7d,GATS7dv,GATS7i,GATS7p,GATS8c,GATS8dv,GATS8i,GGI3,GGI5,GGI6,GGI7,GGI8,GGI9,IC1,IC2,JGI2,JGI4,JGI5,MATS1c,MATS2s,MATS3s,MATS6s,MATS7s,MATS8s,MAXaaCH,MDEC-33,MLOGP,MOMI-Z,Mor02m,Mor03m,Mor06m,Mor08m,Mor11m,Mor13m,Mor16m,Mor23m,Mor26m,Mor30m,Mor31m,PEOE_VSA1,PEOE_VSA2,PEOE_VSA4,PEOE_VSA6,PEOE_VSA9,RNCG,RNCS,RPCG,RPCS,SMR_VSA1,SMR_VSA3,SMR_VSA4,SMR_VSA9,SaaS,SaaaC,SaasC,SdO,SdS,SddssS,SdssC,Silicos-IT_Log_P,Silicos-IT_Solubility_(mg/ml),SlogP_VSA1,SlogP_VSA10,SlogP_VSA2,SlogP_VSA3,SlogP_VSA4,SpDiam_A,SpMax_A,SsNH2,SsOH,SssNH,SssO,SssS,SssssC,TopoPSA(NO),VE1_A,VSA_EState3,VSA_EState7,VSA_EState8,VSA_EState9,XLOGP3,Xc-3dv,Xc-5d,Xc-5dv,Xc-6dv,Xch-5d,Xch-7d,ZMIC1,ZMIC2
145.560325,150.7520497,156.5390026,155.8494569,3.446428571,157.8136342,2.713833492,3.6904095957033136,2.589976983,50.40263578,0.4916666667,0.015625,0.6510678957155093,0.9366206635119823,0.1591057080150734,1.63637924,73.72776558006822,13.07018143419511,9.136094675,56.75805391,-6.461538462,-3.2786122378651594,0.8027613412,0.6848636974,0.43071304599703364,-5.59,-0.10044905718481402,0.4264514599342454,1.1755377852032969,3.221331859370288,2.225408552,1.169396833,-3.091958822669214,0.00305,7.546474523512057,-2.9854307077784785,5.091993187026505,44.92947468,0.0,14.26061363148862,23.331741338800164,0.008333333333,0.01464646465,0.7686868687,0.04127949808596944,0.7010103383,0.5338529013,1.106744432,0.9886055211285271,0.8105966151,1.307613246,1.131203008,1.255474299,0.8845624423,0.8869107625,1.182502241,1.102882377,0.9948518972,1.21797018,0.9970351921640573,1.158028063934812,1.046089306,1.041741393,0.9211550059,1.113827538,1.0732706900458302,1.142098622,1.108727882,0.9595629474181939,1.07260214,1.04621349014659,0.9473605507,1.058993957,1.1301763623019607,1.033053036,0.9807791387,0.9889785624,1.179218062,0.9775824878,1.024371889,1.5357491423739988,0.7048540746705847,0.7413151927,0.474029195,0.2352362526637249,0.2366387596948339,3.475031166,4.709064188750267,0.06465898154159594,0.0381678487,0.026413283267355613,-0.5386276948122102,0.09968673197552565,-0.18069670214432407,-0.03525356625,0.09928470844,-0.0421398553,2.03988502,10.574831211041197,2.13,3201.186331,28.00048187,-3.436424346,-0.2596501805244775,-2.1096647679695946,-0.08752207718438276,-1.251029408,0.11448667323119027,-0.7640297316637418,-0.348939037,0.5026020939,-0.3174309568,5.316788604,13.551783370429714,5.098681808,42.54970879,23.27208584,0.1626234389,21.57365644,0.0779721243,194.4097401411629,0.0,24.73242031,0.0,22.51475897,0.0,2.8418472384674143,7.371771776558981,0.0,0.9525910239108373,0.0,0.6790551438,4.158308751654564,0.03401430147107109,0.33639078557813296,5.687386275,29.72092241,6.544756406,6.9237372,4.876664293,2.5104133749415634,0.0,-3.242236993055563,5.641051549449373,0.0,0.0,-0.44524204828419356,68.52,4.431744048309125,5.037377490770088,-0.938842914981298,2.431664893,0.0,3.0580884952185112,0.915641771,0.5730336335202013,0.07129411522,0.0,0.13553422064448217,0.9949307822513607,53.185580017678134,36.57587505
143.9205754,148.497033,155.7072841,157.6903983,3.638554217,156.1471078,2.775983348,3.8220392033820834,2.513594118,49.36971113,0.4938271605,0.01851851852,0.6327414602373667,1.0128046487720614,0.21877082579239843,1.645994822,74.99310256323882,11.35260950192287,8.611111111,47.5648778,-11.11111111,-0.35230480219605775,-49.07432603,0.6747025075,0.43354931196115953,-5.7,0.0024381231893866526,0.3774398306641424,0.9948321493217575,3.7218414586485276,1.971019137,1.017358475,-4.094943428463591,0.00211,1.417562774111825,-5.719022718451936,20.57785916144018,44.70847628,0.0,12.159986626327305,8.815402077144222,0.006172839506,0.01728395062,0.7666666667,0.0363895050120434,0.6357555488,0.4925806497,1.097914098,1.0626873234341294,0.7586816813,0.928830155,1.046116046,1.162316982,0.806176138,0.8736319481,1.359112878,1.046212291,1.069299139,1.059650804,0.872952299907681,0.9675973436709953,1.096330246,1.153244123,1.134986036,1.09849187,0.9747291840259236,1.001694662,0.9087220074,0.9403725259585042,1.262825586,0.8651220870716774,0.7062011674,1.36756626,1.0691593379821491,1.087030257,0.9636005185,0.9363242298,0.8892957006,1.06378838,0.945521376,1.7796519431876194,1.065700781458672,0.4734240363,0.3871527778,0.2844315645764324,0.22230437928994395,3.421298286,4.315249944692843,0.06381333971139361,0.03834795322,0.026218831473182817,-0.43984579145682023,0.052377573458900664,0.015303231459747733,-0.3256048181,0.007166955336,-0.2231714005,2.091736636,12.140358247842189,2.83,2341.143937,30.25372769,-4.349804826,1.199489131831311,-3.022505384361918,0.3521214245915348,-1.364894195,0.15914358989187136,-0.5621445120454662,-0.2638964467,0.3145197949,-0.1177401881,5.316788604,9.455089136321792,0.0,24.26546827,21.41454618,0.1884334693,20.66219208,0.1109721935,61.4458209268475,0.0,15.28474565,4.992404733,0.0,1.623420283,-0.11774193714828751,3.3980794047601415,0.0,3.034577010081176,0.0,0.6099706843,2.7437395060618224,-0.016638553285673572,9.941076558669439,11.37477255,15.80357683,0.0,13.08951281,4.903407469,2.4921067406702426,0.0,-0.5351539734001006,5.282445288578051,0.0,0.0,1.157385166560834,64.27,4.465115293990448,5.857670494575277,7.310629081015623,1.966259719,0.0,3.891171736409257,0.7609291239,0.5563969447826266,0.09332482137,0.0,0.21343754965254447,1.2079124525328742,50.36834027309269,31.3110809
147.4612651,157.7221058,159.9476082,159.1225334,4.1,162.9607215,5.453186535,1.0967413216300268,4.534979424,43.86052541,0.4843253968,0.0,0.6613572650395991,1.042760358989922,0.23898727040271747,1.332445565,96.24039822006704,14.641742081781617,3.752066116,40.2265075,-11.12396694,1.3071639799201895,-81.96755433,0.7040406978,0.429488851549822,-6.27,0.09198833052683078,0.4136209907785609,0.9880877971693363,4.278362620158445,1.049369409,0.4928685608,-5.779566848071685,0.00251,-1.3627427498854363,3.6037957788378665,28.302286945602162,15.91054863,22.67357176,7.223874948003182,11.009863703355622,0.01567460317,0.02512698413,0.903047619,0.055522239367140014,0.9346405229,0.3964611406,0.8505278771,0.7906060589070335,0.7117645346,1.066337923,0.9322033898,0.7492637709,0.3591895554,0.7793836392,0.6916775797,0.7824128347,0.5185500431,0.4570906609,0.958483700475018,0.9138741933671605,0.8466251836,0.9734528773,0.8341697233,1.175490196,1.139935309210272,0.9434064182,0.9520079746,0.9338916353028331,1.087901579,1.0943473173949172,1.339381988,1.049784255,1.1817660596466462,1.329232471,1.424684863,0.9366503436,0.8996855229,1.56203012,1.45619129,2.44664540516993,1.0476339531296988,0.7413151927,0.5721017574,0.2923214012167348,0.20232603889238804,3.995024711,4.394021686879908,0.06291094973668945,0.05052380952,0.02289662377934961,-0.42960517211346494,0.07137537806160832,0.018443045361134107,-0.02532760127,-0.2289025083,-0.337053202,1.810150227,10.218320594748102,2.09,2275.114305,30.5186832,-6.198717848,1.0751158515332646,-2.950890938363634,0.6020249894085477,-0.5802035465,0.2023573571068533,-0.37059134441685054,-0.309865363,0.155164361,0.1592967637,4.983978521,9.151002525160575,13.17124514,6.066367068,21.4210879,0.1746651557,31.96666154,0.2350145504,59.12882835001583,13.17124514,19.93591408,0.0,21.95893118,2.703659126,1.5202659311799542,7.510834633104711,0.0,1.4765183248427571,0.0,0.0,4.8361991809375136,-0.014729174297926211,0.9019099216536954,13.17124514,19.93591408,6.176298517,6.9237372,4.853464981,2.4785881166377317,0.0,3.5706071379494397,1.481987443044291,0.0,0.0,0.15310868708010342,54.46,4.4685303877520255,1.6160900392189994,8.089254096253821,1.792035689,0.0,3.16868524960506,0.8991335537,0.40805627749262896,0.1350287976,0.003018408053,0.2633163424981231,0.666881959664988,52.685371759053524,36.71808007
144.0134583,150.126197,156.8461685,153.5723163,3.865979381,156.7137158,2.356688122,3.682417721407861,2.087254445,51.04803271,0.4928571429,0.01923076923,0.6802112155080371,1.002326099254475,0.230608202694693,1.710001269,75.33529093814528,6.606696476706001,12.73336939,67.91639792,-20.64196863,-2.0398592941969573,-38.35570779,0.679730678,0.43874196646988933,-4.76,0.04762956617707749,0.3928291928680539,0.7697438773289924,6.427892285161317,1.882225511,0.7536365571,-5.132939991502271,0.00255,3.5021185407207476,-3.470045511176706,21.665917975263138,47.37110857,16.82083098,7.7322908524098395,2.6654779390465553,0.007142857143,0.0,0.7879120879,0.031201242829617108,0.5602350279,0.4318447912,1.098254068,0.8649713742026133,0.8150876153,1.314057055,0.9656629185,1.20195393,0.802777227,0.8248936248,1.162451852,1.122979597,0.9005178782,1.07024599,0.9900560964786166,1.2825140836016666,1.142759713,1.026477864,1.104286557,1.277430991,0.8974191275607364,1.254770926,0.9894774431,1.3680657817313178,1.240392507,0.9437271113499954,0.9625365914,1.264429857,0.9036094786370655,1.226162045,1.006670644,1.045596152,0.7989429637,1.006643446,0.9886050964,1.8131124626374984,1.0638291330267167,0.6131972789,0.4288548753,0.23749819614133483,0.13920305341616793,3.544039244,4.815076901818896,0.06747303098734105,0.04044973545,0.023266232307764985,-0.15647569626710017,-0.047166643407768216,-0.0239234111811321,-0.1398244797,-0.1165371515,-0.1514373106,2.125990226,7.237267095937323,3.15,2177.837598,20.78246748,-2.909144122,1.7118001356442305,-2.295150555167663,1.5626212541255269,-1.147689069,-0.004320063483773506,-0.6863111714315615,-0.4462850492,0.3119019792,-0.02368572528,0.0,13.470581998042105,5.098681808,29.8000411,21.92719002,0.1910926599,9.627587987,0.08464523789,24.377324724993954,0.0,19.74844179,0.0,22.51475897,0.0,-0.3814787980893658,5.138718511509825,0.0,0.7948372507968959,0.0,0.0,6.381238011402026,-0.0018555650114190263,10.065422606204127,0.0,19.74844179,12.96557803,6.9237372,5.000147947,2.5301532182761046,0.0,1.081403022303574,-1.5016898143937516,0.0,0.0,-0.16515082771536724,43.6,4.652016354382421,9.02235190221348,3.3743412305119493,2.883960967,0.0,4.079515354131648,0.8170731478,0.32844600444481076,0.2038753515,0.0,0.1258359680254606,0.6848858901316888,52.13035115451505,27.68479521
147.0512604,153.298533,156.1439246,155.2239887,3.094827586,159.1124828,2.709876543,5.003059658167489,2.687134503,48.51601673,0.4752688172,0.01612903226,0.6387347647951885,0.7772238907192859,0.1925977625739589,1.62492247,89.79051373468218,16.15421943287017,7.98615917,42.68319877,-3.813148789,-9.108927794539518,-22.8769704,0.6736212297,0.43186039583274344,-4.12,-0.049005369050196965,0.4442478757104144,0.96401378100615,4.1352626631925045,2.169459979,0.7946926473,-4.121450534055603,0.0199,11.836841574271732,5.22265714513046,23.07422767216755,46.0664067,0.0,20.324482007174378,5.011263850877723,0.0247311828,0.0156922043,0.7864583333,0.0378020543233381,0.6499575191,0.5717269661,1.228519539,0.9915692346946419,0.8670340307,1.411693982,1.171505828,1.067066962,1.094830353,0.8997839579,0.9917209535,1.142848717,0.9167204453,1.065979522,0.9631211359335802,0.9442752043085603,1.003537061,1.137439012,0.9966995856,0.9330688044,0.9281173243153741,0.9905744916,0.9596107075,1.1604481211208029,0.9344976561,1.109852612737566,0.9400515136,0.8165135332,1.0522043569798487,0.9230159947,1.028564315,1.081529766,0.8696566776,1.032606284,1.097846121,2.0358949613518305,1.3313757041277108,0.4251247166,0.2830569728,0.2551928753577415,0.1958921457703291,3.502965363,4.375293180271357,0.04856974572574144,0.02094315245,0.022861194675424214,-0.4266049513657565,-0.11087936838423526,-0.13663681409099113,0.08922032047,0.05678877165,-0.0753821893,2.061706428,7.988336658807234,1.06,1149.515575,29.97570609,-3.466205219,0.9809455647531492,-2.3137932902442,0.8694590112561887,-1.430672584,0.45404238592081253,-0.596564459640825,-0.1871286353,0.5062090867,-0.2306665933,9.303962602,6.7376124988481605,5.098681808,6.066367068,24.25993247,0.2060016448,58.60524924,0.07931789153,50.521279222203184,4.736862954,29.71639883,0.0,39.52165029,0.0,0.9274723877909646,6.02691212267785,0.0,-1.0472054011430023,0.0,0.0,4.721795285966453,0.04479072105298666,6.393799522958041,0.0,36.32328079,6.544756406,0.0,4.818141123,2.529889111696356,0.0,-2.47104219176113,-2.554852443599124,5.829180599,0.0,1.6307421223350198,81.51,4.5789636669989715,9.421966309367178,3.460266473227092,1.342149728,0.0,3.601920017567295,0.5972872317,0.2535989993032698,0.0761440227,0.0,0.2636404920677805,0.6202672129210751,38.980947865062106,29.22376832
150.1287662,155.577371,160.8336168,160.1316994,3.292682927,162.70947,2.714285714,2.5660706290904143,2.789990421,47.59726111,0.4707070707,0.0303030303,0.6478759160193474,1.201669287389191,0.21054332332534034,1.520040716,56.035859188872294,8.03095024867041,11.33190083,75.49586777,-7.836033058,-11.099853478662931,-30.43801653,0.6904812668,0.43052660667947285,-3.54,-0.1300460969809892,0.3826242812642238,0.8534377711820845,9.149649780047259,2.01541337,0.9461654549,-3.88251547271303,0.0997,4.024427709150355,9.126829855234574,11.694118521036536,51.71376917,13.26227256,1.4256849948479644,7.006926343016355,0.02929292929,0.04335016835,0.7768518519,0.03848089424982134,0.7054229688,0.4701755915,1.310822657,0.9558582437160313,0.871503092,0.9914120486,1.158493597,1.247799371,0.5717072487,0.9051268693,1.168480885,1.19744908,0.9763069501,1.302360769,1.060807848915616,1.095801351825723,0.9728418609,1.060873201,0.6744874859,1.076028109,1.0808899518304809,1.137021822,1.105722788,1.1295035995084757,0.9851563148,0.9278859991664026,0.9531900847,0.8858995568,1.1351795626009993,1.02001469,0.919064009,0.8993950898,0.8860151522,0.9872794965,1.021017094,1.569453310000542,0.8802030798569617,0.6931972789,0.6067885488,0.4111204666084497,0.15142162723781333,3.765946344,4.7865991999775535,0.058836622702603966,0.04250591017,0.011373670411212284,-0.2659093607589238,0.16199858583937748,0.05802319919181941,-0.06916580264,0.03184452403,-0.01353165484,1.98359253,7.552706544956777,1.49,2114.754709,31.70917809,-3.795521347,0.29978543512165134,-2.1498321277572403,0.06951293044108198,-1.560207532,-0.014672035092674174,-0.669099889370305,-0.2816104061,0.3924517219,-0.1512194368,15.61755573,-1.9496275128664884,5.425791397,12.14238718,23.62654039,0.134539768,33.07316149,0.07868413042,9.468693760805309,4.794537184,25.38663948,4.992404733,11.38785599,0.0,1.6574386152375251,4.58081744263843,11.20180083,-1.712576810746564,0.0,0.8135728293,3.8058327348148087,-0.0020018344123971317,4.657750897314395,11.37477255,32.20656318,11.33929359,13.08951281,4.84862861,2.4526518442254006,0.0,2.408992877826374,0.6914324579777582,0.0,0.0,-1.4203862873501256,112.4,4.874363787588012,13.492396583331733,5.676460233185502,3.944364098,0.0,3.8732656862150954,0.8586399347,0.387860770260598,0.06365387513,0.0,0.1972731215846332,0.9054047277670082,48.03161281090802,30.46303494
148.1175792,151.9245659,158.2982398,158.696275,3.341463415,161.1531869,2.80839895,2.971767647796372,3.054613936,47.983974,0.4737373737,0.01515151515,0.6695542991050499,1.1489570314245268,0.1957071316949221,1.598107469,130.6314165444879,10.36300068847082,11.32441701,58.86419753,-3.121056241,-3.285663416022196,5.827160494,0.6904812668,0.42783745676856877,-4.64,0.005568976541784374,0.4866741211490334,0.9362229389869207,7.730786027513771,2.122284425,0.9624846009,-5.506473512104794,0.0228,0.6756084462161824,13.267018565374809,-4.915165081796385,50.88435568,0.0,28.122179548555458,2.9704930145476487,0.02626262626,0.05492765493,0.7531531532,0.05753356048220789,0.688132401,0.4928064814,1.186259354,1.0804033792730605,0.808654492,0.955881863,1.158783241,1.227336624,0.5353549235,0.9098394126,0.9643030855,1.151037647,0.9725137957,0.9824538378,1.018212706108224,1.0707676597964115,1.066814244,1.143224984,1.013548257,1.122177974,1.1003521494093988,1.111315097,1.045308634,0.9428907128195732,1.04828938,0.8777811735508934,0.9447017455,0.9170307425,1.1649958237702507,1.015392516,0.9664313761,0.9154061091,0.6810049159,0.9283487331,0.9440686449,2.0523999814499456,0.979856486097138,0.6156462585,0.6198625283,0.414997878105866,0.1709109916934116,3.632603077,4.281643234970586,0.06263652544600755,0.0446875,0.02142647186396995,-0.502204829500807,0.1579729874189923,0.10915939603591815,-0.1184005841,-0.05952935236,0.1569820465,1.986135868,8.812891350911954,0.81,2131.473555,28.93837283,-4.334610185,1.1370639099614726,-1.4634154985818921,0.44992355865544376,-1.809740532,0.4985204881368528,-0.5159642045043447,-0.1644850658,0.3809179098,-0.3172304735,16.0344346,11.886818095672957,0.0,18.19910121,34.65994183,0.1360091594,32.24398834,0.08937926059,122.57874358722873,4.794537184,24.9198926,5.733667477,22.64523548,0.0,-1.0592533939442736,6.824143276883682,11.46922204,1.7517569126565742,0.0,-0.4665311897,2.706701842888789,-0.029887644385575764,9.802175974795407,5.687386275,30.82707233,6.544756406,6.9237372,4.874959471,2.4849907195666137,5.391845875,-1.3278555586685883,1.4724264681924035,0.0,0.0,-1.184893278617224,122.47,4.900969335232819,11.642505488265213,8.689501827489703,2.382704181,0.0,2.794788683100854,0.8291328182,0.4750448717107606,0.08505527698,0.0,0.2876845462621883,0.8588656391908405,63.272008649858805,32.00740331
142.568784,147.0264186,150.228361,156.1724908,3.465517241,159.8089967,2.506858711,4.947039157382784,2.574133074,51.19414657,0.5112554113,0.02272727273,0.6832243405738027,1.0797634654561485,0.18884859153602654,1.613859381,60.07335600414597,11.630062584574619,6.387543253,37.25823401,-10.49134948,-4.95105499370949,-42.15075398,0.6865492513,0.433756310046029,-6.13,0.024895856877062857,0.35193728548673875,0.8377747935598683,7.29923004056949,1.743653309,0.9045555148,-4.189799207662725,0.000727,-4.911731979663758,6.084817279606372,7.9508313867474065,31.81196091,5.563451492,10.457302974218248,9.193201138986087,0.0,0.0,0.7978354978,0.05327103456052032,0.702740662,0.5496909568,0.9601897125,0.9526947555489254,0.7324090131,1.054521134,1.076825843,1.168403169,0.9764116598,0.7950806361,0.9514008569,0.9484975008,1.072127304,1.01926616,0.9601097509272853,1.3193639143871976,0.9355006689,1.140327832,1.03888694,1.046033514,0.9104780966403787,1.156503074,0.8949825732,1.1731902641052712,1.28728987,0.9355378120227209,1.429588173,1.590509625,1.2856147435793934,1.498679609,0.9274549705,1.141796019,0.7659585896,1.328864352,0.7764336092,2.5864832883130005,0.6419309979647216,0.3788208617,0.3411635488,0.3058229971329538,0.27763393572113737,3.343809532,5.111280329186173,0.07733499240588843,0.04555555556,0.015606481332565026,-0.4841375344503766,0.2672825468429988,-0.037939093460793966,-0.1232475129,-0.06048862328,-0.3969541693,2.137281307,9.50758579378615,4.07,390.8279117,23.86903746,-4.431175036,0.26448325618259627,-2.256957889467231,0.6664924046810359,-0.4233779371,1.0444747283145852,-0.8451774732930267,-0.2706113907,0.3611107697,-0.1605658084,0.0,2.4291123438890496,5.098681808,58.8330126,11.89077157,0.1752600273,98.50396462,0.1713114299,-5.744546414447967,0.0,14.59805822,0.0,21.82845468,1.592402954,0.6046399025573076,6.007285863734457,0.0,2.9368406790183332,0.0,0.0,3.2770281644537778,-0.010058697121916343,5.906708432367537,0.0,14.59805822,0.0,6.9237372,4.773957061,2.504596038999524,0.0,6.6653183814830435,4.286308129078893,0.0,0.0,1.4589213287693605,30.19,4.462750880014185,6.514330084382765,5.544843161229404,2.084179544,0.0,2.740825497018826,0.9040054457,0.34671602352762165,0.09878289721,0.0,0.1741676475836424,0.801590834340557,45.627751286892504,29.43827486
148.0204164,152.3036628,155.6241958,156.38011,3.673267327,158.8298829,3.069279636,2.042719230721751,3.01016703,46.40783287,0.4854166667,0.015625,0.6311045673041454,1.2376207590142227,0.2313425150934469,1.505162424,80.3958452252694,11.401879941864292,9.277777778,57.61651235,-9.638888889,-3.605117372065236,9.116898148,0.6899617195,0.4333513637967137,-5.68,-0.02846991126944144,0.39089897405154095,0.9385425606384227,5.468756990996795,1.797995053,0.7767544274,-5.954217496431898,0.00554,1.3637954994799484,3.8927911362810645,9.914992748765634,28.16193619,6.327320075,14.896983776121747,7.720042094042541,0.01458333333,0.0154040404,0.7929292929,0.05136943022898924,0.6778846154,0.4601794321,1.094092438,1.1166686217174906,0.7739194071,0.9978933536,1.125945643,1.163808843,0.5263290549,0.8461781675,1.126749375,1.063892821,0.9937935412,0.7653077486,0.9767762561158936,1.2254871737750606,0.991449361,1.105641658,1.009087887,1.120078287,1.0034219844132939,1.096946365,1.012838732,1.0718123456583384,1.12475115,0.9724163363967296,0.9224867734,1.002180955,1.0487197124844978,1.016003688,1.013083517,1.293880102,0.8043402298,0.9313135294,0.9865388069,2.2806262335770873,1.3904870363146562,0.7772789116,0.6137329932,0.15222290186327275,0.21630318230124307,3.786967448,4.439189266731376,0.06114017988574158,0.04255787037,0.021675684598072537,-0.633085921580788,-0.02409623949716999,-0.009653157565461097,-0.1418998546,0.002369970634,0.1431020664,1.953568543,7.585096954776407,2.39,1979.218291,26.70073695,-4.59435954,-0.4097845795722652,-2.035725535737538,0.7709229716933261,-1.107443043,0.008975357664922523,-0.5030978316186994,-0.335460334,0.4681407602,-0.3277556437,5.316788604,3.413458685754014,15.45925517,12.13273414,17.3266008,0.1536834849,33.40773965,0.09195694048,134.48762443789266,0.0,29.36252149,0.0,28.58398029,0.0,0.28537346756573145,4.079117812405285,0.0,-0.19451868188635357,0.0,0.3785173112,4.769863990370918,0.020134358773808373,1.0466960000327026,5.687386275,34.47495837,0.0,18.25485007,4.859112107,2.4811470107461036,0.0,5.869982153096488,3.4736672515363587,0.0,0.0,-0.10249559136138767,96.72,3.655819559514629,2.2562400172276638,2.281341485103629,1.941264622,0.0,4.2760416027151695,0.8818553705,0.07779119147615748,0.1048899075,0.0,0.22721386359843027,0.9696638475940157,48.271647343552885,30.77061433
147.9609889,153.6858859,157.3723122,158.2847916,3.313559322,161.3962539,2.541629027,5.286299276460605,2.600173273,50.24069857,0.488172043,0.03225806452,0.6566204764347641,0.9260754575017212,0.17979105659562206,1.551691863,86.12583495398374,13.893941929132302,12.75,75.74556213,-2.8125,-4.143421517943059,-19.08481262,0.6841461785,0.43434957710231753,-4.85,0.03899845154015477,0.5022490186306301,0.9451848032080508,8.69162660684198,1.948806929,0.8084442311,-4.721944721890108,0.0132,3.5435501398076945,-6.0255267011818985,7.532597570083199,46.02638289,4.895483476,1.1767854819410761,24.51019254216504,0.01182795699,0.0302378625,0.7686868687,0.0402818580461232,0.6275510204,0.4858885136,1.202428832,0.9664185969738454,0.8419519833,1.14525196,1.099378882,1.170031011,0.7677770956,0.8883641275,1.104223281,1.134299115,0.9967102316,1.101451631,0.982647969998703,0.7914964299366554,1.036806387,1.115373092,1.093347265,1.140435835,0.9793551430578656,1.130021224,0.9966874993,1.1171281227521317,0.9887735485,0.9426147520366841,0.920388143,1.081734953,1.283920890883984,1.027397085,0.9392508828,0.818590741,1.038133593,1.009299348,1.026507014,1.7974275883549484,0.7966157758275925,0.614829932,0.5130385488,0.33343980917176996,0.25602024931765915,3.751632789,4.584932326128088,0.06910637637032653,0.04176767677,0.01547975371507996,-0.5471896702512804,0.1578636638738662,-0.03368507071165401,-0.01507438131,-0.02037667222,0.08008636736,2.135101973,12.743034343773461,2.51,2480.208982,28.83810036,-4.27403285,1.7131637274636615,-2.7409797798890647,0.23721679301945642,-1.305590239,0.31235170997925266,-0.49529042963627945,-0.005907292768,0.4375679667,-0.2402819089,10.30076712,9.021196867564111,5.425791397,18.20875424,23.62654039,0.1590730809,31.87239538,0.09303964791,136.1451065329607,0.0,25.38663948,4.992404733,11.38785599,0.0,0.16173335647617004,3.5244097749107755,0.0,-1.3218281986157214,0.0,0.9473948809,5.449954137140766,0.018523823514763137,24.101795586157458,5.687386275,32.55515263,6.544756406,13.08951281,4.848683342,2.5174502507437393,0.0,2.8733558032868176,2.2712838183480146,0.0,1.723645122,-0.37280446320975247,83.3,4.701181513226106,9.934808493950436,-0.43672890939708875,2.559945921,0.0,3.3854779737450533,0.877368674,0.5753832727338349,0.06365387513,0.0,0.18880824398733842,1.0436400486768744,46.54028612929803,29.27400652
149.6517217,156.7887235,165.1300249,161.1284905,3.280898876,163.1065269,2.793103448,3.2515000910363048,2.854642314,47.50931806,0.4686813187,0.03846153846,0.665327054638359,1.2354754103518686,0.18706350062543103,1.51914289,124.6563949538816,9.431915639578907,11.26608978,74.27852893,1.135208221,9.384385867990531,75.41319632,0.6959864369,0.42733008289649765,-3.57,0.06286523840127259,0.40754871500988066,1.0232293561199695,5.274772662464479,1.682895999,0.7237073367,-3.925158925616546,0.0436,0.5569859261491548,5.111394856775211,13.048946770348756,34.64685839,6.066367068,16.483192029735495,2.0760343534331493,0.03131868132,0.01982091982,0.8153439153,0.05703448687816278,0.6450498108,0.3869798971,1.170095256,1.0263937661904698,0.9001993602,1.31642711,1.044650369,1.250283439,0.6101764648,0.853075442,1.322431658,1.039052346,0.8916500422,0.9604706502,0.9906503090444387,0.8121183774962082,1.026194743,1.005423611,0.9095742073,1.297543257,0.9922265926427073,1.067359088,1.036944541,0.9539743052063868,1.266190829,0.9601380223151321,1.049558482,1.485893777,1.0150209680024698,0.9712334693,0.9758674735,1.070124523,1.016702807,0.7252172632,0.8242227403,2.1370390716001952,0.8034218787888281,0.5111564626,0.2803996599,0.4313651284285914,0.17748622396085,3.743368755,4.731648539387105,0.06947552664043538,0.04253753754,0.01528168551158539,-0.36134902558442095,0.03803363538947638,-0.008109603583426925,-0.1940148838,-0.08331887009,0.08640454012,1.907275554,7.2723459906081676,1.75,1305.357101,24.2729562,-2.989518449,1.5946569149495984,-1.959645303328711,0.6386650578956374,-1.516796498,-0.3377362463363854,-0.501508645182074,-0.1333143151,0.3854469559,-0.08393550899,5.316788604,8.465595664554781,5.098681808,0.0,17.57815784,0.1832797149,32.21497008,0.08637282833,-19.71193428839372,4.390415048,24.73242031,0.0,11.38785599,0.0,1.1305273975388757,3.058108196025799,0.0,-3.4455335058245615,0.0,0.0,4.559091775515586,-0.0028367316315547294,4.611443783642986,15.7651876,24.73242031,6.544756406,12.74095804,4.83287049,2.5045952069855275,0.0,5.284398766263713,0.17359188828411454,0.0,0.0,-1.2689701992927156,68.52,4.334998235897735,13.165861018653542,1.04933514354647,4.618875901,0.0,3.702144090689123,0.6617085363,0.4205606682592722,0.05720369498,0.0,0.18374582947835938,0.5613895725826556,50.06476796544718,28.33828488
144.7680142,150.4389202,156.0683138,155.6795945,3.161764706,154.9829748,2.650879297,3.435247122858184,2.412470024,50.43102803,0.4784313725,0.02941176471,0.6579060607816243,0.927387581812683,0.1820300639176326,1.711287884,60.52624283862221,12.282175962135959,12.16646849,71.95005945,-7.663495838,-10.982042532523774,15.45422117,0.6861721141,0.42448431024158656,-6.32,0.07365880749055209,0.3681082525549522,0.7576042832892365,5.643116907703989,2.530535876,1.298003664,-5.028473481743764,0.000357,-5.573436031817375,5.361971618812813,16.915407667810012,39.7073943,0.0,12.832209193821038,11.510483464202238,0.02156862745,0.01406162465,0.7780952381,0.04452957659407751,0.6694428793,0.5290962746,1.239575284,0.8672314709728468,0.8862713143,1.279293738,1.218094978,1.250106768,0.8642353936,0.9136421318,1.336051257,1.156406583,1.000537192,1.195015165,0.8249325460549634,1.150336227409807,0.9981005603,1.018772124,0.9160080046,1.074789687,1.146401996365867,0.9423487783,0.9023790653,1.1097431011185033,1.208969805,1.0160128919316473,1.009444288,1.176446598,1.264954555567601,1.085982714,1.00656217,1.07735736,0.6386113515,0.887397536,0.9683847604,2.093082141648733,0.7941640093616676,0.7665306122,0.4305555556,0.41357843711119235,0.16721035403761025,3.327445119,4.494489757637421,0.07805938483637694,0.02920634921,0.028435595435351506,-0.43739791671983913,0.21893201537695348,-0.058689842115972814,-0.1277507076,-0.1488620233,0.008210506092,2.069405377,12.49931656689076,2.52,1933.406554,31.06062996,-4.526956905,1.5050364850135027,-2.5396972433591563,0.44040128817713325,-2.150020148,0.3075826435323272,-0.8890366506806644,-0.5937147029,0.547376715,-0.2506254467,19.69042424,0.7916740930062236,0.0,18.19910121,5.693927995,0.1808437435,134.2115193,0.06412910753,198.89822542839886,9.473725908,9.967957042,0.0,22.88687966,0.0,1.7859188677245055,5.662573613507681,0.0,-1.0669775836601418,0.0,0.0,5.150279868509597,0.018367232577672497,-5.644450801160683,17.06215882,9.967957042,4.736862954,13.8474744,4.832276594,2.570233768822595,0.0,1.155461523123521,0.040408311757496485,11.4329758,0.0,0.27385128931439173,59.51,4.281198575359289,11.471134906229276,4.555332336372585,4.021741318,0.0,3.188231082028516,0.8192972001,0.3387562445715289,0.1170048358,0.0,0.21607828508175128,0.7237763882802177,46.218527435189806,35.31202653
147.1267119,155.4926101,153.8604697,154.7423056,3.255813953,160.5518811,2.519444444,2.4942028345444704,2.7,49.5433796,0.4818181818,0.04545454545,0.6121545449669785,1.0574064620620827,0.17278202239102575,1.516857384,126.06310360118272,10.468660048682446,17.56826446,82.06887052,6.114049587,-14.415059222751118,3.831037649,0.6904812668,0.43552554505591307,-5.61,-0.12517136777585344,0.43687824377928564,0.7838689989988685,6.040045427149335,1.964143932,0.950266591,-5.662122009456172,0.00456,-1.664239626642392,8.515810637951873,21.0305232237231,44.39282129,0.0,16.047384472881294,12.58993706360555,0.01818181818,0.01550802139,0.8117647059,0.04822978351563745,0.5502299156,0.5032986119,1.246454741,0.9060321132567238,0.8848085675,1.327952892,0.9868649161,0.9825257012,1.102670439,0.720369697,0.9690716316,1.046754328,1.083243039,0.9181392224,0.9382481586207163,1.0271761178615801,1.188428787,1.223509617,1.130769684,1.038885702,1.1208447950883293,1.115057542,1.119548288,1.0297133770310143,0.8343994904,0.9646918014535251,1.050322085,1.02427245,1.2006778611265616,0.7392863864,0.9748046223,1.146020669,0.9042829602,0.918081473,1.041018816,2.061259036168431,0.7225337841097461,0.614829932,0.5538548753,0.35232756643952595,0.09150814281766315,3.817215782,4.682095327230986,0.07777624759258603,0.0405664488,0.025910851363510696,-0.3004483820957146,0.19825370601510472,-0.05207519665910364,-0.08323872643,0.2263720605,0.02008862009,2.004500121,12.184412215765821,2.2,2428.673969,27.34525962,-4.56770909,2.174034373118137,-2.271788573072188,0.30901257107034696,-1.563893355,0.581576210103717,-0.7796707857790844,-0.261842053,0.2409274504,0.09389796053,14.79051451,9.984217500649526,5.425791397,35.61190719,24.79067027,0.1700935143,51.01493161,0.07625739634,128.35189724413902,9.473725908,20.40266096,4.992404733,22.88687966,1.571304065,0.6684916809435688,6.27018632659007,0.0,0.32902787728815486,0.0,0.9961268768,5.0491467433754735,-0.05258018571871093,2.5078538720062564,5.13155848,35.53500001,6.544756406,13.08951281,4.849748974,2.427951710629486,0.0,3.3872850768973763,2.3214568385750134,10.98224063,0.0,0.36449972735561487,85.97,4.364242285341904,13.040624773651047,2.405887426454239,2.515238238,3.277664584,4.235401159644947,0.9503966762,0.5163024693856628,0.1474660367,0.0,0.24137641830412704,0.9715671460485986,54.51300930748864,32.34373128
144.8518344,149.5447942,155.9307143,155.1791773,3.618421053,156.8242022,2.690763052,4.416354407488261,2.620634921,50.05059267,0.4787878788,0.02272727273,0.6695262433271145,0.8940583053085365,0.21197171316239774,1.711870415,101.76764128246111,12.356478293657933,10.09642075,47.76479182,-16.98100804,-2.3302750680951445,-2.61431702,0.6865492513,0.4397850636810836,-3.77,-0.05674216692688819,0.405744072070447,1.064382014913124,7.089091752591931,1.787539608,0.8312131757,-4.565721879260083,0.0301,9.394781990072657,1.0297224305018138,9.721477665352765,40.44737137,0.0,33.63225338142265,2.787364438583837,0.02121212121,0.02127799736,0.768115942,0.043383155982327136,0.6115521327,0.4986240389,1.02838153,1.0090239801336844,0.8246677619,0.8371498937,1.040176648,1.252577326,0.5881604246,0.8792985088,1.015151044,1.123588628,0.9770081229,1.052094504,0.8503013719825937,0.9523446141848934,1.06082869,1.047594332,0.8745331225,1.287478174,1.0426262669473538,1.188597174,0.9825969864,0.9828853401343045,1.263816367,0.9753662749273788,1.031970747,0.8441716254,0.983027838865955,1.087847952,0.9269822579,1.147323346,0.8860458905,0.9048389894,1.05420317,2.332862179328015,0.7022225770008843,0.4907482993,0.3628472222,0.4186533292351355,0.1645964150914392,3.421913758,4.79643140183915,0.06719974923919936,0.04435763889,0.020849030357736935,-0.41196726781518267,0.09876531106225583,0.021101653316977505,-0.1515832104,0.108404724,0.08694093366,1.998578567,11.623126061874355,2.09,1700.52003,17.91573038,-2.841419843,0.5988940767122793,-2.352576136913626,0.77293473848279,-1.106531106,0.6042012224843316,-0.6889855940006904,-0.1535896788,0.3119787142,-0.2234071851,5.106527395,14.649624160528607,5.098681808,24.27512131,17.9326124,0.3179042404,114.258091,0.1834279628,144.42509078347106,5.106527395,14.76446326,0.0,28.26427081,0.0,0.9703705651847359,6.3942186771527725,0.0,3.0865279194188644,0.0,0.0,4.828535996681401,0.004459273072745954,-0.012069357543433412,0.0,19.87099066,6.544756406,6.9237372,4.901991542,2.4875176721495307,0.0,5.656175793130438,3.153067256634679,0.0,0.0,-1.1708775859513478,50.94,4.354311421846235,6.861818261234849,4.914528349770591,2.763524726,0.0,2.9263221233253693,0.6051801999,0.6121225138791775,0.08579236005,0.0,0.07874374336065973,0.7463735763653372,52.26912102220627,24.72911526
150.0679784,153.9194824,159.3868522,155.9591169,3.414285714,162.4927314,2.847457627,7.080658871562683,2.833333333,45.70914731,0.4727272727,0.0,0.6891437165790592,1.0332112052569224,0.2362779040383366,1.526241476,95.03119351566001,11.578498806428893,6.211072664,29.15570934,-0.339100346,-6.018688451191166,16.01384083,0.6717186416,0.4273345368566831,-2.83,0.009586702916031888,0.3895831371307516,0.8844508421152004,6.961050023098502,1.95054148,0.7136665443,-5.063759076616268,0.166,9.296250992167135,2.548866002023993,-6.531605104371582,28.33262175,0.0,18.679455211704923,15.854429180317782,0.02727272727,0.02213438735,0.7869565217,0.04199059429068991,0.5791103604,0.5180527014,1.114878099,1.0896610049602307,0.8034947067,1.226162554,1.041127874,1.242668863,1.033672035,0.9247869939,0.9584354375,1.089809913,0.9090941507,0.9545454545,1.0557031170830269,1.2339529499468616,1.003955125,1.234467219,0.8673197492,1.071354167,0.9858359420862522,1.094298239,0.9921028173,1.1883663962986577,1.040182868,0.8084310726660959,1.016326401,1.050470219,1.1364956486294193,0.8854137779,0.83990913,1.067674364,0.9076725832,0.9641825932,1.122448978,2.329508153850587,0.7516503270527256,0.2087528345,0.1927437642,0.28667234471201436,-0.11071191590739304,3.136921362,4.898407646743473,0.06385087472469539,0.02385416667,0.02173971943132669,-0.49010785275082924,0.031183484114251446,0.13316148676525902,-0.06332288401,0.1633156387,0.1832896168,1.976481481,8.508000658355487,1.07,921.8420309,20.79991367,-2.494540355,-0.014272265470299805,-1.840869448499035,0.9479344552984761,-1.096020032,0.41742340015307383,-1.0470766388122177,-0.0157224321,0.5093656477,-0.3064979401,0.0,2.445003023445418,10.19736362,6.066367068,5.693927995,0.182185791,56.12759645,0.1212804598,41.733978354174454,0.0,29.9458054,0.0,28.33262175,0.0,0.889120722242285,5.1791710130841295,0.0,1.5957257760902819,0.0,0.0,3.550777425072998,0.022621090970310113,12.395118951544617,0.0,29.9458054,0.0,0.0,4.797866366,2.454259131725759,0.0,1.7310828727472805,2.580095998828787,0.0,0.0,-0.2769625318504111,72.28,4.572494102033424,5.647714665537899,2.708010288541396,0.0,0.0,3.3366397347679184,0.3914235927,-0.008974897551178251,0.06953456841,0.0,0.32302413945139585,0.6885894659282193,56.73656983780036,25.94615458
150.6227588,156.2364618,163.3449994,163.4525293,3.553398058,164.4285678,3.353853854,4.932687850662478,3.257281553,45.31563466,0.46359447,0.04838709677,0.6621198714484376,1.0733277761241264,0.2040389847210223,1.493656184,67.26527751905269,11.919396299331888,7.703125,58.5,-5.22265625,-2.415142805448574,-7.75,0.6894086529,0.4403047014180086,-3.99,0.06718701593313185,0.3779268033175464,1.1749797482052209,4.767616168047231,1.741329353,0.7240601563,-4.245156843139838,0.0201,-1.8373080588711992,-3.245517888966167,7.674316360930264,34.8870312,18.4712695,7.443489625168693,7.784657106891833,0.03640552995,0.03407345343,0.8281385281,0.040761192634555826,0.7400360833,0.4239468864,1.066141587,0.9881526927171858,0.8323516745,1.051252339,1.103524395,1.095035408,0.562934599,0.8946434032,1.157188033,1.116874711,0.9983393525,1.076103525,0.9561419116856229,1.075386723264578,0.8878481581,0.8528479536,0.504034136,1.120831349,0.8992029796814618,0.9836531333,1.018994129,0.8770979260587526,1.020054945,1.0218783691218118,0.9199051196,0.8679392472,1.0914454322731273,0.8740669241,0.6555403972,0.8922500697,1.016191495,0.9245723532,0.987788197,1.776922672890545,0.5493359549888481,0.696462585,0.5130385488,0.342077601300678,0.14405515409519878,3.843633148,4.853643201427648,0.06234182559913485,0.04419753086,0.019699673942122537,-0.12397087995899503,0.19076457749114534,-0.15834493004648842,-0.1237997762,0.1377172351,-0.05519198601,1.926934145,10.535517743111676,2.78,2306.778916,29.32968931,-3.09886858,1.0751291916077672,-2.8908603284531202,0.9707890562995785,-1.755738297,0.6531619859261117,-0.38756788512382084,0.1233723003,0.3863099827,-0.05888017382,10.30076712,16.434700280753454,5.425791397,12.14238718,23.62654039,0.1523272844,30.05378148,0.08912626148,135.757072642887,8.780830095,25.38663948,4.992404733,11.38785599,0.0,0.7888655482113934,3.537375727536257,0.0,1.0031843411250352,0.0,0.8292649282,4.463734718880354,-0.018017967786433532,9.405115884282552,14.46821637,26.29938345,6.544756406,24.72395449,4.84886367,2.518257786214063,0.0,0.13620864183427783,-0.0981893929869797,0.0,0.0,-0.4598641892247146,83.3,4.125027114604212,4.359481871441039,1.2174437390892625,2.161954189,0.0,4.137442935236031,0.7992326864,0.4555938638420365,0.06365387513,0.0,0.023199954348090246,1.0062574406034586,42.59160897774975,30.43903568
144.3174032,148.2158062,155.5005704,160.1483726,3.685714286,150.6606291,2.659451998,2.8264281318197524,2.451205173,48.70120046,0.4922619048,0.04166666667,0.6400070454262897,1.0149188036901418,0.172410869922464,1.668598938,98.08258645481015,10.529805097306879,4.756026297,25.58788518,-9.604821037,-1.0215002467080763,-1.629665702,0.681465016,0.4338313568078322,-4.26,0.06173840493280343,0.5511684443686791,1.0431748184079597,4.653473371217044,2.168617053,1.005926512,-5.249864737346602,0.00759,5.644087448738333,-7.763969616590779,12.939124470096314,28.66745114,0.0,8.406507311816153,-7.78787940473738,0.007738095238,0.01980952381,0.7754285714,0.0410172591918023,0.7089972527,0.5698652577,1.132512957,0.8948377763602343,0.7501828975,0.8817985326,1.103610675,1.140049471,0.869590542,0.929009831,1.403654175,0.9912602227,1.228018363,1.003693386,0.9462914850364306,1.0495384122939195,1.127954012,1.046167488,1.164775022,1.254631083,1.1977753787353962,0.8716138248,0.650734107,1.1651659454824461,1.165705981,0.9730203119121172,0.9815847903,0.9397280068,1.1765501718610918,1.023766761,1.040063116,1.084202037,0.4955967438,0.9505280413,0.9511288463,2.1219588203891195,0.6887970745917491,0.3844897959,0.2725694444,0.21589630343605842,0.19147931031551033,3.040836313,4.598658482752807,0.06572906248682582,0.0375,0.023555446500774933,-0.45225330854267065,0.15222991544648262,-0.057464398264203506,-0.08592558512,-0.08702436199,0.0002973963039,2.004462449,7.366089657496344,3.58,1372.303956,21.92741253,-3.326694307,0.853043919379081,-3.3270266844555367,0.88005171871171,-1.232877387,1.1342184466314278,-0.7449668367542338,-0.44083332,0.4441419449,-0.1631997952,5.316788604,-0.07128233313932242,0.0,29.8000411,5.687386275,0.2216261846,29.63332311,0.1305005678,170.0709511354591,0.0,10.30076712,4.992404733,0.0,0.0,-0.18347174069453465,4.287820973817964,0.0,-0.13216456802403787,0.0,0.6545581381,3.3424941058760367,-0.01810136152063939,9.861831996158065,11.37477255,10.81959831,0.0,6.165775612,4.8884035,2.424275270919519,0.0,-4.480790571068682,3.0659802195765673,0.0,0.0,0.09424823397244045,51.38,4.2242816248999056,7.605319848108013,0.8666946485901534,0.0,0.0,4.4736980648164,0.5982691087,0.18845073216426905,0.05143799709,0.0,0.13015926000792866,0.6026839060633976,48.100778974042974,29.99218522
145.6756489,152.3692317,156.7243031,158.5660927,3.369369369,159.4311695,2.820304818,5.3858921705598855,2.793756146,48.00479604,0.4731182796,0.01612903226,0.6499863942076869,1.1087183981622613,0.22857822020271695,1.622721684,72.4381657158503,10.615967387140572,9.9336,59.6336,-10.1108,2.622276868187801,-1.5408,0.6841461785,0.4323885907185224,-5.23,0.060597688198596136,0.41577927274822235,1.1023823386928133,6.96695728035836,1.978490264,0.959483369,-5.175126332724796,0.00449,-3.23789578711502,-1.1926337804623,24.727697018369746,40.03047287,0.0,23.50305733313536,15.653807639355673,0.02688172043,0.01606182796,0.7979166667,0.0459888470641459,0.6667444211,0.4928543905,1.253901445,1.0625945550028308,0.8579165357,1.263143658,1.146201083,1.126765514,0.6367795801,0.8542836326,0.9479241672,1.104689293,1.036446104,0.7493841166,1.0273407061648665,1.1888053789284256,1.034176102,1.105811125,0.9985451631,1.127544619,1.1085140359290053,1.119860331,0.9749229542,1.181567774814953,1.086820551,1.1456837753314413,0.8720432635,0.6671579862,1.0698133163991737,1.022812614,1.096381135,1.135496843,0.89754036,0.9796886227,0.9783350062,1.6620943775826493,1.345714113438173,0.5723809524,0.5755385488,0.3097014776369219,0.251702964007798,3.665365926,4.605323206592726,0.064182983687894,0.04273901809,0.017681063763905137,-0.26822887058920997,-0.011140812859286309,-0.14125385994851458,-0.01323283817,-0.06183612388,0.001028379954,1.993581034,11.647788654148302,1.56,1801.206755,28.28848451,-3.062389242,0.4570134735192587,-2.3994453764683694,0.5153546287131228,-1.966806931,0.8921355741871643,-0.6790986410115725,-0.6798670227,0.7196377646,-0.3665019633,14.79051451,21.35761956833104,5.261891555,6.066367068,29.55874348,0.1732788131,148.1751399,0.08816961431,86.67140873311503,9.473725908,14.53505669,0.0,34.77396375,0.0,1.7750106290603958,7.186476627453175,0.0,-0.42686060747368615,0.0,0.0,4.292094467065778,-0.042820275896891136,5.305731105675769,5.687386275,21.327999,6.544756406,18.25485007,4.848604167,2.5073504689357593,0.0,0.6842647217020378,2.6439884551695236,10.9890741,0.0,-1.1940689710104604,84.99,4.517045332383649,7.497153052785679,8.94875361083604,2.72396651,0.0,2.999356514731162,0.7585393788,0.4649029469222237,0.06274916425,0.0,0.18392273906251175,0.7754274045574875,48.98939228682887,31.26935238
146.3467283,151.2254929,157.186806,159.0318735,3.0234375,156.633458,2.528490028,3.527249692657896,2.638383838,49.47834402,0.4739583333,0.015625,0.6939713126460098,1.0423172476766318,0.24882978554697766,1.646727263,111.8596789214787,12.33947001515767,8.479338843,50.20297521,1.247933884,-11.90310365976544,43.61818182,0.6797656753,0.43045240490765835,-4.15,0.0044103167117116385,0.3407298829558805,1.2271520807457386,7.115549340305835,2.087874319,0.8823513639,-6.003072197008051,0.0256,9.153834857942446,-3.7584459484677053,6.825188198153844,52.30116798,0.0,31.63299081569501,2.4406714301846595,0.02604166667,0.0300245098,0.7803921569,0.044522574922909015,0.7281739687,0.5436466395,1.131669773,0.6526159329954992,0.8795727074,1.098436452,1.186132075,1.171715426,0.7414861039,0.9889053603,1.016168077,1.043135494,1.015878179,1.053732652,0.9920647874856383,0.9676739273884216,1.043135494,1.08278471,1.393481191,0.9923349057,0.968512623497607,0.8995710157,0.8184946154,0.9672613826525156,0.9738463563,0.8866262271212605,1.048252812,0.8417966211,1.0592541794037227,0.777126301,1.089856057,1.146973605,0.7786952573,0.8916458408,1.026381936,1.4198282860067764,1.05421420242817,0.3786394558,0.3785076531,0.4096984737409559,0.1740522494393256,3.693485395,5.265938204773679,0.0720961324874729,0.02737588652,0.025553903248753715,-0.4972461823475966,-0.0900879792609583,0.0745130923497399,-0.07109127655,0.0355086687,0.144729708,2.034631883,9.720698047771407,1.37,1432.418675,29.60938638,-4.556060394,1.0672698380437804,-2.093823962897231,0.9277465236775942,-1.438365411,0.24324429617569646,-0.870547704620987,-0.2568511041,0.2918328058,-0.2183428283,10.05365156,6.623461873077762,5.098681808,18.19910121,11.38785599,0.1606741544,142.3191854,0.09569664158,229.6779785292264,9.531400138,20.16532066,5.917906046,33.77213846,0.0,1.0503115965182965,4.599814720334324,12.45432442,2.7750407064245963,0.0,0.0585009185,4.635863542820866,0.04011950429929578,5.843122577257329,5.687386275,39.28626432,9.531400138,5.917906046,4.821864782,2.4660405471974443,0.0,3.5719914799848684,-0.16590968789930538,5.337351856,0.0,1.0272762511351747,92.79,4.574693461480682,8.856813027869801,6.962107851787569,1.301084642,0.0,5.157301561757151,0.7104330604,0.4116177703495823,0.1056068053,0.0,0.23004626083980914,0.8856256402295809,54.27193805931719,29.45497848
144.775219,147.1915212,155.8267923,158.771623,3.202380952,157.4010174,3.14172163,5.691588977396474,3.324057208,47.09045049,0.4820512821,0.07692307692,0.6774035571185254,0.9752069926803785,0.19299163592157184,1.625955818,67.53410944761674,13.758420824878097,6.147928994,20.81425475,4.351742275,-6.956899979277316,46.83666529,0.6959864369,0.425558613538313,-5.65,0.008075029755937307,0.4940227691007093,0.9601459862017357,4.928911866436854,1.861104431,0.7315211542,-4.54998363128984,0.00116,3.59300271840308,6.836610915972498,17.62650142038285,0.0,18.19910121,19.883757515464577,2.9550252390859733,0.01794871795,0.03891941392,0.805952381,0.0420999467702213,0.7240049367,0.5499137854,0.9203991109,0.7410303105624788,0.7143467684,0.7765750213,1.139701551,1.116963593,0.6167583804,0.9105186018,1.212874598,1.008740849,1.108215123,0.952594945,0.87675460497546,1.3398128752227794,1.076988932,0.9821725007,1.027062828,0.9526380747,1.1222562574027752,0.9704861299,0.987686915,0.9753883485401542,0.9183002771,0.7983659818098667,0.995896079,0.7314889713,1.2700405886271633,1.024197882,0.9065594642,0.9632520521,0.7863925804,0.8072723091,0.8693869923,1.713062633889086,1.0999219515618721,0.386122449,0.2864583333,0.22470302853833768,0.2315521474297946,3.424297788,4.895568992554074,0.07102799048883758,0.03749287749,0.01967529429811242,-0.33461175956239614,0.0374414107365263,-0.0951255984385255,0.0360866479,-0.1164609041,0.06598173248,1.819003949,9.064563280333378,3.26,951.9338672,22.01041359,-4.02754587,0.6416564317317416,-2.235556385254423,0.7897645759159557,-1.308588109,-0.026373808293510714,-1.0373000753047803,-0.4286383181,0.4802769356,-0.240679363,10.423316,9.868407647292315,0.0,17.66730696,22.2842392,0.2637362504,78.43899978,0.1524323098,96.38475386336997,9.496942443,9.967957042,0.0,17.00689132,0.0,1.1391434491367511,5.592218991884827,0.0,0.8351905137018261,0.0,0.0,6.114236830088452,-0.015313351262172642,5.300345837782792,15.7651876,15.07448444,0.0,5.817220841,4.864588,2.46163549904545,0.0,3.9612774285188808,0.37171805052739426,0.0,0.0,0.7123945709153128,58.04,4.578525389061062,7.255472545588097,9.444889163600209,0.0,0.0,3.7266540330529048,0.727356777,0.4845148439081184,0.08469947665,0.0,0.33600098902246334,0.727824667602391,44.5896694270518,28.6523244
146.4327135,154.0555887,156.2294845,157.4069102,2.953846154,156.5939366,2.394249513,4.964911948386146,2.440262843,50.39199382,0.4777777778,0.0,0.6722029877458433,0.9704122376802797,0.19700690838402676,1.6827229,84.52774893278294,10.425283211548448,8.848700605,46.83588466,2.772872909,-1.8287148094539085,-10.09398362,0.6725050447,0.43732116719781916,-2.3,-0.018248323799305525,0.45445234160540815,0.9190528400909219,2.5741242562273943,2.127701056,0.9533834908,-4.769411045738796,0.143,6.97247619286372,2.0872848984258177,15.402397441368436,67.322539,5.563451492,24.584428602924625,15.862420370183935,0.02222222222,0.0158781362,0.776344086,0.05146420242705533,0.6649098063,0.6043859649,1.217379077,0.9826849469317014,0.9129480585,1.61561772,1.212234452,1.078604923,1.159798776,0.8991088707,0.9490094055,1.017966174,0.9865035396,0.9231515999,0.955394283409405,0.8886101619970135,0.8247991968,1.08985028,0.6607882871,0.98674189,1.0371178226158515,0.9260445303,0.8635399839,1.0572266991914971,0.9126674766,1.0448768959414547,1.129918689,0.9081300893,1.0854745670338264,0.9041516945,0.939231614,1.010022727,0.9123744911,1.062197176,1.079012138,1.799750674330816,1.1602984376610734,0.4170068027,0.3785076531,0.1984791750902754,-0.004236745435957839,3.600219399,4.400132234871887,0.07240198124306728,0.02527131783,0.018889044355625634,-0.30263326517940253,0.2588055990942127,-0.16170146120680132,-0.01342839177,0.07618278179,0.03860514118,2.190791814,7.471017642469224,1.54,1760.410372,25.22661253,-4.398098724,-0.33834401997890295,-1.7515847368463493,0.7301772760248953,-1.534311961,0.2770326872413683,-0.8765574641778542,-0.367143291,0.3026446117,-0.05553001206,4.736862954,-2.0050590797608,0.0,30.33183534,37.06428237,0.183220843,131.0975158,0.06935744629,171.0507990158992,4.736862954,25.71944957,0.0,11.25737949,0.0,0.06856514948219672,3.665914186620199,0.0,-2.8730835916257114,0.0,0.0,2.8364896384030978,0.007751915061867891,7.01754972903613,0.0,41.17114351,11.28161936,18.50450328,4.821039433,2.431496488901366,0.0,2.555670430478235,3.1370048123774357,5.432232248,0.0,-0.48577590541564075,64.38,4.284175426031381,7.234833393289113,5.932338318039018,6.503998578,0.0,2.548233623680298,0.6998016078,0.3215837616524018,0.0761440227,0.0,0.023324821495468523,0.9650995938812977,57.838295704313296,28.84727671
146.5154789,153.69586,154.4824564,156.3614444,3.768292683,155.9861939,2.549450549,0.16592390986926198,2.420833333,48.68718614,0.4791666667,0.0,0.6667388966764771,1.119197682018269,0.22081327693583105,1.673129435,75.7701955359542,9.84060263765606,11.82117028,54.62984878,-9.504273504,-0.05058196501577239,-60.50558843,0.6706519733,0.4285778427559542,-3.16,0.08006443967813424,0.3926946464383841,1.1435010216432004,5.2958572711718706,1.858471946,0.6770864604,-5.4508602222787825,0.045,-5.811919728172393,1.9755969332893972,12.941025443960916,45.78684481,0.0,23.671841548205542,8.165150544169723,0.02083333333,0.0,0.7833333333,0.024262950688575504,0.5210708725,0.4655770391,1.233982263,0.9060115695355677,0.843559247,1.479755545,1.011384089,1.058187476,0.9112127984,0.7578813484,0.8994308687,1.059872436,1.042088171,0.9309523064,0.9357470532546688,1.1652742717555715,1.148423363,1.018556236,1.154399846,1.249117632,1.0137387592659108,1.098173712,0.9871552647,1.126426832840944,1.058623428,1.0172891381780822,1.075194469,1.148325263,1.2018039053736698,0.9591910251,1.048833616,1.135618409,1.141602007,1.229550162,0.9354415781,1.088489297586273,1.318126302144662,0.4170521542,0.4244614512,0.29092421676335484,0.19381506161963677,3.426930273,4.670602766198249,0.0777498584681297,0.03484567901,0.02097093577771753,-0.40797932634570183,0.21353422318303317,0.00028125047503694406,-0.2011455542,0.1363277034,-0.03075848675,2.179351852,5.017843061049536,2.02,1675.99095,23.38320668,-2.644903442,0.7780660565096482,-2.1077876482821685,0.4764525982429796,-1.225903154,0.11999996727254186,-0.6934915164553502,-0.1097559832,0.3438174447,-0.3340264312,4.567099648,8.657822711071876,5.098681808,18.20875424,35.29333391,0.2065253099,6.629331589,0.07374049156,113.33316098532066,0.0,24.31554143,7.047671983,22.51475897,0.0,0.3780399812522071,5.897448422747208,0.0,-0.5723586314030145,0.0,0.0,4.801087122527468,0.016459576218208007,12.449572849483125,0.0,24.31554143,13.59242839,0.0,4.933105502,2.4730205468719815,0.0,-0.7751662868734682,1.4040200070086881,0.0,0.0,-0.348293644210914,48.53,4.244773754517913,4.169820002657373,3.070700516242942,0.8086522896,2.014978899,3.775149474938599,0.6597440455,0.12434042673743012,0.1397268263,0.0,0.14628421323233926,0.7286889686588464,59.937467213778106,25.00643644
147.897182,153.2500106,159.8000222,158.4352573,3.571428571,156.5160676,2.631991051,2.6475203767925244,2.365774534,49.76772029,0.4752688172,0.0,0.6471348449658817,0.961024509783158,0.24730143081642442,1.636943219,67.20804578763838,13.04454911304373,14.57487603,72.73256198,-10.73586777,7.354278319810409,-2.237024793,0.6841461785,0.42855701590612877,-3.5,-0.030872071223814832,0.38522328158968633,1.087289384759363,6.934654100528639,2.122002445,1.00293199,-4.534163085157255,0.109,5.66750136392317,-0.5032519049421103,21.80554657214921,59.22490518,5.693927995,33.023925902982526,17.571853486173172,0.0247311828,0.04430740038,0.7578431373,0.045389651998537665,0.5839789217,0.4693557578,1.168735181,0.9739415833091165,0.8880320811,1.052637781,0.9204824621,1.184679694,0.6404486558,0.9492248359,0.963340124,0.9446395246,0.9198820902,0.8226436839,0.8309640072478734,1.3140250385236931,1.147607674,0.9564230304,1.345580498,1.298889625,1.0916008536503088,1.080397992,0.969858803,1.066841008185876,1.182902024,0.8796294703658616,1.093431052,0.8846520018,1.0695517860850738,1.122437907,1.075039646,1.163814925,0.9363942786,0.9319946198,1.010904983,2.2199700848802526,0.45188326551537095,0.5683446712,0.4010416667,0.2596747075336926,0.04243530800756021,3.659357268,4.555424812408421,0.08258579134906642,0.03583877996,0.01808139048379751,-0.7832266102935773,-0.06364728246999699,0.08636467249919408,0.0274089292,-0.08780878329,-0.05223775724,2.033670292,7.833397411146937,1.47,2401.104149,24.3618497,-3.285621319,0.22163454384661763,-2.556483766854496,0.5155225248372564,-1.615521938,0.5260112181537433,-0.5924837178318766,0.04160494237,0.3046910244,-0.1291054674,11.05045608,10.35126618199978,5.098681808,12.13273414,11.21062871,0.1554476511,15.27572621,0.110785658,133.24776559355843,4.794537184,25.06523039,5.733667477,22.51475897,0.0,0.6303024943919276,4.642390161109801,12.46795355,-0.8696794265645074,0.0,-0.1081919926,5.897570806222536,0.03825192158865712,9.490595919036759,0.0,38.74513433,12.96557803,0.0,5.015108728,2.538583257477476,5.51115406,-5.347849510348935,4.8280222877613355,0.0,0.0,-0.273352621953864,98.72,4.3419504718534965,12.35972572126682,8.243587634714846,2.041327498,0.0,3.1216675468775303,0.6759707009,0.3286006416331547,0.1476931915,0.0,-0.0011234425878151322,1.074465517046271,43.072818299543144,29.99511672
145.817401,151.6956697,154.9312634,159.4511839,3.390909091,159.8611656,2.957093254,5.141150632210881,2.795616718,48.00479604,0.4731182796,0.01612903226,0.656008080716317,1.130481826637054,0.19601846613015533,1.62882504,101.45354045211674,11.64824930371697,9.9336,56.6336,-8.3792,0.9133622641649595,-32.0544,0.6841461785,0.43734198155079557,-5.81,0.0854409940740956,0.4572499405263876,0.979139406564273,9.26587898637628,1.921800927,0.919483369,-3.9815174039133976,0.00274,2.379636050018002,-12.993459757813106,5.895044230963197,39.6521268,0.0,-5.902186678760529,19.74624659994176,0.02688172043,0.0311502118,0.7828282828,0.04665271498050564,0.6667444211,0.4979332692,1.169962633,0.9117890339596395,0.8296626622,1.052138131,1.146201083,0.9637660562,0.6188269067,0.8543536252,0.9569433776,1.066522332,1.163531034,0.7522544724,0.9093455137232342,0.7757891473322208,1.036704142,1.152525708,1.034024883,1.153381258,0.9647582398977608,1.131815708,0.9536000239,1.1471879254999122,1.035630388,0.8266654151115224,0.9276053034,0.6974253849,1.3074574626268525,1.128239643,0.8948269672,0.9602099302,0.9595148514,1.01336723,0.983333486,0.5923864146091189,0.5819893075400362,0.5723809524,0.5755385488,0.3441064022557916,0.08639385098520791,3.722055263,4.608313631658287,0.06865926811794114,0.04273901809,0.02241825164953233,-0.43583245105214996,-0.07044914914861569,0.002258835621226654,-0.04874419023,-0.08189938511,0.002947625096,1.977958239,12.042819410335891,1.7,3436.069107,31.32674132,-2.745339574,1.3165898209811873,-3.3459302871286933,0.7097417788474504,-1.684852272,0.05199585670689438,-0.7062586029782377,-0.411534874,0.4527151931,-0.2987425721,19.77449303,8.517822083544663,5.261891555,18.19910121,23.02052879,0.1684908076,153.256611,0.08573239903,-20.40145087548514,9.473725908,14.95193556,0.0,40.21348046,0.0,-0.5798239439076672,7.019556512067492,0.0,-0.3674504925551634,0.0,0.0,5.105268500349846,-0.0017252453200220725,10.462804498069325,5.948339281,21.74487787,6.544756406,18.25485007,4.848604167,2.4916322138268563,0.0,-0.6283712881346141,2.785214555772339,10.97587234,0.0,-0.8746737584521397,95.85,4.495763908761934,8.236440293062458,4.241750604109423,2.757644992,0.0,3.8316443839078644,0.7703214932,0.4516581609933916,0.06263564417,0.0,0.19538395373589304,0.8061728977833122,46.93372599027656,30.3948269
145.965132,148.7197258,156.2312563,153.4077307,3.762711864,156.927851,3.022092268,4.126623530896855,2.872962963,47.44714678,0.4924242424,0.02272727273,0.6583710183376036,1.1636691537934127,0.17656047232367442,1.544872639,97.37577569444498,13.513692975892232,6.887052342,24.59014386,-4.085399449,-4.355393884705445,5.312723192,0.6791339464,0.4230870212109437,-4.08,0.043253347041690884,0.41598700488186907,1.2241669143602842,3.341862462210295,2.066085135,1.042617332,-4.805664860451175,0.0601,6.503688701418316,13.34573738403952,6.751417159299305,32.99233261,11.33678588,24.336059332166688,5.9508007679659745,0.007575757576,0.04191919192,0.7611111111,0.04926100627069246,0.6090808416,0.5423185858,1.04927032,0.9699710375887591,0.7039576171,0.8193750239,0.9084005695,1.200461358,0.8915563402,0.864309327,0.9897271524,1.032053912,0.9692374843,0.9338551708,0.9470201386870671,0.9737575378963931,1.146320962,1.092060965,0.9701733084,1.263584661,1.007632533642309,0.9571189891,1.145186648,1.3293355966918874,1.17883387,1.1382777461908407,1.276874688,1.374195297,1.0125927894752857,0.9949820346,1.063535324,1.106021644,0.754210114,0.9758640492,0.8469217936,3.052002351630548,0.6843750548749902,0.3257142857,0.2951743197,0.237829789597564,0.18165659736510442,2.978308984,4.318692509064671,0.07646937936722277,0.04279569892,0.018334975377229768,-0.2583521309129486,0.2292653732160864,-0.033446988622552964,-0.1978008921,-0.074507349,0.132535663,1.954145881,9.07725566377232,0.8,1287.918955,21.21627301,-3.710514406,0.6060953120099267,-2.410146965377026,1.5148400107664843,-0.8750101132,0.3738161985743143,-0.6651344075355785,0.01203561213,0.1600318658,0.2848917983,5.733667477,5.738797238884097,0.0,17.40315295,27.29840462,0.2183749109,98.84426499,0.1052572446,118.64655013275527,0.0,19.93591408,0.0,21.95893118,1.414607663,-0.7169752090105811,6.587931898554295,0.0,1.4182715785565767,0.0,0.0,5.186537421241904,-0.010976622878358887,10.459521545197287,5.13155848,19.93591408,0.0,0.0,4.858476049,2.519255160230586,5.906248583,-0.020377264735081946,0.9306453608638229,0.0,0.0,-0.5609579653550385,77.58,4.7524133129238795,7.0402932517758,4.990865055336013,0.0,0.0,3.4172288904854096,0.6253075811,0.5390177244782508,0.104861554,0.0,0.21723934194803252,0.9455357720013349,46.61540532673289,33.1876727
143.8342162,150.5906385,157.9759516,157.6851889,3.340206186,156.9293981,2.479275935,2.6223387813241934,2.536344167,53.44415339,0.5037037037,0.0,0.6704603390875314,0.8514142421581951,0.22358508919979264,1.537519983,110.71770760057976,9.760560228510101,11.84065188,71.19983904,-11.35400634,-8.693483593099849,-35.60982848,0.6963983015,0.4248689999239297,-6.48,0.02663945817562787,0.3407114813152798,0.9752727605905291,4.863386715636994,1.769729189,0.7186050534,-4.484840289174871,0.00462,6.805645051757413,-0.591352329085697,12.383125590863928,50.11470593,0.0,27.993537453719576,16.64593507933114,0.0,0.01812169312,0.7892857143,0.041896982627744175,0.6611620795,0.4586706659,1.121664671,0.8108470923657215,0.855234519,0.9410499501,1.018650878,1.172867144,0.6442035185,0.8887542334,1.177159127,1.138548365,0.9136092057,1.388200894,0.9521195987949721,1.2581886399712632,1.046151011,1.035612272,1.278591789,1.073536366,1.057780340157121,1.050766493,0.8653392236,1.0182202691816937,1.11569112,1.1257522427558229,1.050497638,0.9244687619,1.0206643051254118,1.089646922,0.9964699958,0.9560124957,0.7233211652,1.04105992,0.9559912031,2.5078061304375145,0.7646178162639248,0.6370068027,0.4930909864,0.4471905581348854,0.3181810642878016,3.784859663,4.535101350841323,0.06484295842734368,0.03995614035,0.023077582875882893,-0.36127590191536363,-0.06650748491895375,-0.017544118076472853,-0.06582273275,-0.01224650426,0.04663802084,2.13540958,9.534142865435307,1.74,2211.254099,26.00988528,-3.754171496,2.0209217675482303,-1.8431170196277018,0.7871063228601076,-0.9584610654,0.6382815097536653,-0.8171827949977135,-0.149519295,0.02413719429,0.3617843353,4.983978521,3.5042247605073937,0.0,12.99010427,21.4210879,0.1843532327,29.01030548,0.09062556891,43.346827775855274,4.794537184,19.93591408,0.0,21.95893118,3.217612154,0.2519225971145692,4.58231084677853,11.9107451,0.3390288587754068,0.0,0.2853449797,4.917551298836374,0.006120745200335377,12.7406295724437,0.0,25.71915903,11.21535881,6.9237372,4.831538567,2.5631290841555607,0.0,-0.0477208647841294,1.8251579990715305,0.0,0.0,-0.3987420395536987,71.53,4.024477334571779,4.309303287324324,4.21296619187731,4.015279208,0.0,3.519006922620346,0.8902105489,0.2250310879733198,0.1110709264,0.0,0.3373322973790518,0.9586069035968023,71.14783910082615,29.93570488
144.1317178,150.6909405,151.30043,160.8580615,3.172131148,150.8226569,2.529392765,3.1216707642061117,2.49870801,51.69127177,0.484,0.0,0.6889430144776055,1.1539729218256378,0.2275994376154718,1.735377145,51.51287008682893,7.872118078403913,16.64592593,76.25333333,-19.9362963,-6.99630252408372,-43.30666667,0.7041633411,0.43233369456138754,-4.52,-0.013543386402414741,0.5071823027730437,1.0132994788647594,4.936698250652486,2.045313334,1.11198,-4.481428466316724,0.0088,2.7320635291475197,2.674607037407066,6.101948976993944,28.92903888,5.693927995,1.1566126855747765,5.1288249181390055,0.016,0.0,0.764,0.04355467056601866,0.7241924157,0.4318467337,1.09643337,0.9699182460198488,0.9165081855,1.23783485,1.464937801,0.9903265774,0.4547948313,0.7857167175,0.9140068045,0.9100683598,1.198465298,0.5890807537,0.8504655051678613,1.2610677459725137,0.9743463695,1.01203861,0.6806217052,1.179602597,0.9908495343980794,0.8068454077,0.7065690325,0.8527819015425817,1.228364042,0.7293653218694673,1.172647092,0.8634210964,1.2895837335857385,0.9962603716,1.219763578,1.333426757,1.005345059,1.028397803,1.045609261,1.7168695249552057,0.8052589762792918,0.7552834467,0.5260416667,0.15719577681748687,0.23374757973744323,3.446539763,5.12364959108644,0.07715475251529551,0.04186507937,0.02660185650202108,-0.373229168800844,0.1353437466297753,0.06072383929669937,-0.05079685259,-0.04012927864,-0.09966269817,2.022203326,11.148152311973382,2.5,1588.803392,13.94363753,-2.286157193,2.4149025496264187,-2.479491535242911,0.4766243101488563,-0.7564583901,0.36572302471993406,-0.6318840181890668,-0.163705367,0.2886096115,-0.06481507017,0.0,15.60751316937007,10.36057336,38.9703128,17.3266008,0.1944231464,3.080868168,0.07395948859,35.76100716696014,0.0,14.76446326,5.414990469,28.45350378,0.0,1.2528847922978446,5.165450717338715,0.0,0.3882604582339632,0.0,0.0,5.696967264375332,0.032781039976813246,9.206554280093076,0.0,14.76446326,6.544756406,16.74610334,5.006229029,2.5038574700400695,0.0,2.9194129780677143,1.9633249783081081,0.0,0.0,1.3653880643611418,54.5,4.40085971421166,1.5235084416122788,-4.3549914793091835,7.720865772,0.0,2.66235479896587,1.676147384,0.540692736972955,0.489065941,0.1020620726,0.203487744302752,0.7184314033459878,47.40643798087559,27.92704578
143.1073484,148.5630816,156.2282466,159.4922955,3.530612245,152.0573617,2.572892852,1.4929468408265927,2.180371503,52.6718837,0.5037037037,0.0,0.6814181089139306,1.2541364097436145,0.20861265564396428,1.570395305,107.84867852174254,10.566380570152827,9.197530864,58.83544582,-15.66666667,-7.144156460526073,-20.63533608,0.6807446078,0.43387783375241207,-5.94,-0.05945249302474613,0.40760019490752913,1.0115067688918065,8.379041289967343,1.603088122,0.7002172223,-5.46143543206811,0.00547,-0.4661013901570348,-3.1171236441905217,17.581197280656585,56.53552755,0.0,6.391845271615445,27.35343234244055,0.0,0.01812169312,0.7892857143,0.04828256023656823,0.7111836735,0.4776343016,1.064889858,1.0186115282114234,0.799338894,0.9161994799,1.114325581,1.154575111,0.6185304277,0.9009137659,1.019279271,1.132702586,0.998971234,1.262830874,1.0462895620867172,1.0066589981829768,1.083286102,1.017156935,1.145185725,1.107183673,1.1168111048605365,0.9309585878,0.7666573462,1.200946568913617,1.190040756,0.9355290706894579,1.080293227,0.5796535401,1.0419394882423674,1.126390836,1.067321304,1.167652913,0.5987414776,0.8920549413,1.019620465,1.8382028286918106,0.7700840929100976,0.5764172336,0.4175878685,0.40239109288612307,0.20081819902014567,3.888764974,4.797415962570756,0.07616528658456291,0.03962962963,0.017477064624525626,-0.6906618779045244,-0.0027511584426278685,-0.11741927117100154,0.1072929272,-0.07268125226,-0.006720706816,2.16533074,13.398526261811439,1.74,2877.676418,28.07042095,-4.266136945,1.6749521114652355,-2.291104046737369,0.4013540538355388,-1.042451766,0.12019419772625956,-0.4124932084386704,-0.1742769619,-0.03938169315,0.3845302451,4.983978521,9.199406251815859,0.0,6.066367068,21.4210879,0.1884912493,6.809623619,0.09272645569,212.1253441705894,4.794537184,19.93591408,0.0,21.95893118,3.260796266,0.205237535639044,4.494754529526095,11.61305256,2.6266439483526396,0.0,0.3652299085,3.080253380171559,-0.002115780782157761,9.625563757335192,0.0,25.71915903,4.794537184,6.9237372,4.847452889,2.469055092405897,0.0,7.274208565639457,0.47673062937172683,0.0,0.0,0.7412429773220995,71.53,4.171749112033629,14.105817591783508,9.073789551683312,2.003334106,0.0,4.314764654921297,1.020040897,0.3002479635059837,0.1433457877,0.0,0.2875538926819391,0.4690965081142236,63.74573624602876,31.8231755
145.7399843,151.6176975,157.2517157,158.6214866,3.369747899,159.0802236,2.819333333,3.8194342767294605,2.881018519,48.7992792,0.4739583333,0.015625,0.6325264988226951,1.0588390848973284,0.19510139797475787,1.640540121,136.3979981020899,10.061980209225412,11.41046636,65.85938056,-7.743681025,-0.6502096737683707,-52.67141331,0.6848636974,0.43482712103774784,-5.95,-0.012948352636047874,0.4941062451956287,0.8631643029918477,5.635858109363551,2.018262017,0.9429088387,-3.29871804426051,0.00229,6.157142459497326,10.365733541237002,5.371639833171076,52.0212877,0.0,6.794960031617048,5.593635588438413,0.02604166667,0.0300245098,0.7803921569,0.05135264780766205,0.6426382412,0.4849390068,1.181960564,1.044585977327496,0.8535014844,1.191630292,1.083304464,1.120570244,0.6428460608,0.894064931,0.8516917766,1.043200668,0.9958436832,0.7215789145,0.9530748079504417,0.8988299601004663,1.083811977,1.149643081,1.059323526,1.165312201,1.2461622554415337,1.153994611,1.028010687,1.318420431562861,0.9866575168,1.1511597513388188,0.9930206748,0.9117261125,1.2992101779270933,1.066937327,0.979682613,0.9284735004,0.9522513535,1.074240463,0.9246652909,1.9699048485201809,0.9301608835367119,0.614829932,0.5538548753,0.2077912551124997,0.19729541022129504,3.709658437,3.9847332277115597,0.07573990338998174,0.04082125604,0.020252917702867766,-0.5439872346072123,0.27127685880169905,-0.05808968754871181,-0.08789543262,-0.04911403994,0.08541488505,2.018617256,12.458033617127443,1.5,3260.296642,30.53157844,-3.154877816,-0.11024893929417412,-2.1149635970513296,0.5172611904834032,-1.840477807,0.7360728464760768,-0.585509925587302,-0.5391049505,0.4722204238,-0.3878206079,19.77449303,17.99791412890214,5.261891555,19.05647134,35.25921319,0.1656998431,155.2055286,0.08431228547,78.83105688091136,9.473725908,14.95193556,0.0,40.21348046,0.0,-0.12061473142328871,3.122687533230762,0.0,-0.6092611372126011,0.0,0.0,2.752920751818473,-0.02094566697000773,14.544517407400651,5.687386275,21.74487787,12.96557803,11.33111287,4.852763733,2.512467429527648,0.0,1.3425638457969533,0.13088997717726492,11.0125403,0.0,0.7300354394842087,95.85,4.105904806604306,10.515281726693782,5.7879292590900535,2.783400981,0.0,2.4498712204159765,0.7211465865,0.44528464658989103,0.06263564417,0.0,0.24565802931251382,0.891240559367841,40.919393525295796,31.0661429
147.1468356,155.7885873,155.1615497,158.3514158,3.016806723,157.6122133,2.568297655,6.761757343345086,2.384343434,50.37525144,0.4770114943,0.01724137931,0.6641877468156195,1.0963214828837176,0.23227613026796237,1.642421604,77.82297274949612,11.548201866933008,11.58986686,63.32544379,-2.907914201,-2.7225304056833464,8.112426036,0.6915114137,0.4309271729748352,-4.14,0.007919109312571272,0.4843715783917115,1.0202542504810928,3.9151193293200337,2.22159699,1.000751923,-4.974973924156474,0.0198,2.127854650672149,5.762773868546441,14.764690497529918,46.0664067,0.0,8.204631371227011,18.377342196721067,0.02298850575,0.01651340996,0.7788888889,0.04046490626102176,0.6589029751,0.5597102411,1.265551793,1.135671992451285,0.9461106021,1.52915975,1.174291721,0.996345469,1.027330139,0.8158761012,1.051481772,0.9813260341,1.012618695,1.097649667,0.96345791365563,1.2225239412860374,0.8010144578,1.061377077,0.7876549587,0.9604565022,0.96337848542749,0.9397553346,0.8159325465,1.1415985967057978,1.08031409,0.9337166308390009,1.024478648,0.9723877494,1.2100297262119928,0.9422308534,1.12396051,1.175839812,0.8494905065,0.9532183145,0.9824671808,1.5696411224851978,0.8859512295793697,0.3819047619,0.3368409864,0.10838572549367081,0.13254242697168772,3.478842728,4.966199266234643,0.06841415224425726,0.02417989418,0.023043669443835978,-0.3782775964000788,-0.021692048156669225,-0.0846155856965469,-0.03542498152,-0.07059744909,0.04835920177,2.065701767,7.96293923054282,1.42,1253.262666,25.72135594,-3.488580199,2.335927785856569,-2.7587979296128604,1.425488942036699,-1.518079313,-0.15060973265447047,-0.5622156932473129,-0.2357653683,0.3324951081,-0.3109242243,9.636772685,5.952059373972894,5.098681808,18.19910121,11.38785599,0.2294365405,62.94211875,0.08825062204,25.07883373480321,4.736862954,25.06523039,0.0,39.52165029,0.0,0.0612793672250479,4.010714627305462,0.0,3.513288993012939,0.0,0.0,4.266031558778762,-0.03500488265091966,3.557201189422149,0.0,52.31221273,0.0,0.0,4.822259131,2.4696687335649705,0.0,0.2587036113987471,3.1612137843946724,5.865695251,0.0,0.20099550442122868,66.93,4.645575209542818,0.13174155551676048,5.31239446774979,1.515007169,4.064067143,2.4910260204595955,0.8081057424,0.32005542777211216,0.0761440227,0.0,0.1528797448998527,0.8408003861069883,43.0667817983997,28.81008251
147.1820149,153.4795538,155.7123705,156.9596397,3.034782609,157.6497143,3.005393743,4.962681255833724,2.876068376,48.91808,0.4722222222,0.0,0.6740667117508188,1.1436140793023621,0.2211096039436219,1.600638701,124.30896624449574,10.34192016640052,11.08304498,49.33564014,-0.9134948097,-10.947819122294288,-19.85813149,0.6920312592,0.44497020327640835,-3.77,-0.126032314407818,0.3821796195677051,1.224989815967585,6.8067789361084365,2.062752147,0.809494363,-4.2275430501267035,0.0734,-1.7708407408681155,0.3748244196146775,11.500586009883287,33.77213846,0.0,11.059657563323682,17.021684013523235,0.02777777778,0.03236111111,0.7854166667,0.04391353784981034,0.6268436578,0.5452365016,1.1614955,0.9324286982459706,0.8870558559,1.273009574,1.079168343,1.060724935,0.8017522325,0.8786172393,0.8510924523,0.9846160342,0.9995415387,0.9048572102,0.9904526955272573,1.2661041775653796,1.047161619,1.149799635,1.364320662,0.9484417083,0.8651965035486329,0.9614227774,0.8809349247,0.9387482557758122,0.8751369113,0.9322384296066666,1.068306732,0.6045779587,1.0784419675668608,0.9805971459,0.950632126,1.015685971,0.9485205852,1.024096386,1.118169519,1.9203940358420515,0.7038087829833399,0.4806802721,0.3420493197,0.3044580280491442,0.1483687842607039,3.609673195,4.932557872773203,0.062305570759776926,0.02398989899,0.018813557834431015,-0.37842025243227745,0.21315067403721574,-0.1402736480513772,0.04176275362,0.0340408739,-0.04858408434,2.004919144,6.064525803932039,0.95,1359.879051,26.65185095,-3.348389093,2.3923750143600095,-2.024493244749176,0.5487404817568452,-1.299248066,0.2997837952693427,-0.6768552171590511,-0.1422831748,0.2972729381,-0.337707163,10.05365156,6.486326835518613,5.098681808,18.19910121,17.99473795,0.1606839127,120.9183069,0.10528379,68.93468603750887,9.531400138,25.48210926,0.0,33.77213846,0.0,0.38149570491185425,5.678810478036793,12.15042233,-0.5687651192967034,0.0,-0.1261945102,1.9026572885948028,-0.02733898502644418,2.4269899607941063,0.0,46.3339363,4.736862954,0.0,4.824033268,2.471355783127409,0.0,0.12335677933297695,3.4313620004354366,4.949871137,0.0,-1.1922672802090626,92.79,4.5585562045851376,11.50906149737241,4.157052708658063,0.9573687972,1.602107478,3.773679501989076,0.5582009643,0.41940467903475936,0.09315436814,0.0,0.06423222757985528,0.9253497103725636,45.4162508639947,28.73446707
144.9161981,150.8079865,158.4278802,156.4083164,3.698630137,157.9277442,2.930041152,6.735812466875286,2.936026936,49.45692157,0.4766233766,0.02272727273,0.671795199299819,1.0018740656258927,0.19006573309045152,1.711870415,81.55644386011342,13.320272681708111,9.037037037,51.92592593,-14.77777778,-6.328201732301266,29.81481481,0.6865492513,0.4312936283616983,-3.82,0.016633544745948962,0.47337676080334645,1.077271979876281,4.90664800659771,1.837193486,0.8543024306,-4.152533033537176,0.0151,-1.9980911315454812,2.7867804936709066,14.650931253832823,40.44737137,12.13273414,19.429455015209545,13.097416571068619,0.02337662338,0.0,0.8051948052,0.05249147816805985,0.6259615385,0.4075797084,0.9342640949,0.9358530390332462,0.8389268154,1.239727882,1.005576923,1.107284449,0.5546443847,0.8743860817,1.210635711,1.121622022,0.9474946411,1.003197591,0.9020743118634963,0.8165010026540107,1.0691084,0.9380727305,0.8459912541,1.294520548,0.8289113371648792,0.9647380884,0.9829860175,1.0708092699005902,1.151985961,0.9533556295448015,1.01813781,0.6734093572,0.8698808195327947,0.9976887519,0.8635191283,1.130577033,0.4312916165,0.85122216,1.149796062,1.769366625282324,0.3547910499290837,0.4907482993,0.3628472222,0.2569806186768855,0.23898765525547447,3.332731516,4.5490344534309335,0.0564874866135774,0.04435763889,0.023057766142513713,-0.26066443635038294,0.0955317835616728,-0.0749408566965364,-0.09277099295,0.1030299965,0.09553488308,1.978578567,14.482404635232704,3.05,1717.267624,18.16389879,-2.895545318,1.1462202670115849,-1.5701213705246317,0.99318943595086,-1.116407159,0.38286433878942233,-1.076499630482379,-0.04038821167,0.2939130884,-0.1725347188,0.0,13.772390341417744,5.098681808,24.27512131,17.9326124,0.1986284753,11.84715927,0.09365369841,4.848627192601612,4.390415048,14.76446326,0.0,22.51475897,0.0,0.47192919378757475,5.879555572310346,0.0,0.6556155018985912,0.0,0.0,5.622727603176181,0.02271002342449691,0.47010182660027944,4.390415048,14.76446326,6.544756406,12.74095804,4.901991542,2.4283911573893766,0.0,1.345289144841467,2.9779491333575554,0.0,0.0,-0.18442092929492687,30.71,4.538942654566341,12.268510019373704,4.821475672267375,2.722304443,0.0,4.847231850633345,0.5936386795,0.5212865867728395,0.08579236005,0.0,0.21754148012875263,0.7885507339274208,44.18289278368377,25.17886494
151.0770598,157.4928608,161.5167312,165.4801252,3.333333333,158.8700586,3.438155136,5.061818698879075,3.588333333,44.83319919,0.4587848933,0.05172413793,0.6477494929799428,1.051309402419345,0.20964140677401408,1.441695765,59.58408011427565,11.095650483433921,12.7037037,67.92,-6.987654321,0.5066559637397043,-31.28888889,0.7083876247,0.43127928076064304,-4.44,0.09032344378442796,0.3978513921780833,1.0130340545620002,3.289731880728398,1.4638734,0.6026536773,-4.755277868403059,0.0164,-4.670426172778598,14.289490706177467,7.905632457222272,23.7625527,17.92631849,26.629292189692826,5.760316557677911,0.04121510673,0.037809206,0.8482334869,0.02938399247481028,0.6464552239,0.3797743056,1.070157862,0.729436371086951,0.8555334806,0.9861077441,1.079793341,1.042659927,0.5793952149,0.7990447809,1.086937327,1.005097518,1.102853439,0.9776988473,0.9945949254777139,0.8089858991155232,1.084983498,0.9836083728,1.090092615,1.122695347,1.0284679201833173,0.7726364,0.9164786116,0.9345317014863598,1.014309764,0.8682034873112889,1.159803855,0.809851389,1.0954588057899184,1.030856918,0.8841697273,1.030931222,0.9465385515,1.095833333,0.9702446254,1.7916772393232803,0.6389325414340191,0.7918367347,0.5303996599,0.1745549534509721,0.06987606701961763,4.027979697,4.833993712286587,0.06733968510882164,0.04369565217,0.02348718711587388,-0.45971487101857716,0.10379467911514825,0.036822449837297926,-0.06034190564,-0.0343190535,-0.07778711337,1.700162562,14.305087645011305,2.97,1662.438993,26.45511908,-3.176556581,2.1900404091029904,-2.3812418605435246,0.5566786698202327,-1.753879269,0.3995796543884022,-0.9745436477942077,-0.09593108939,0.3915319689,-0.2395620815,10.63357721,-0.43724440765820916,9.780484743,0.0,17.57815784,0.1508001707,7.093020615,0.1459692046,191.0052952429673,13.57536728,25.06523039,0.0,11.25737949,0.0,2.7169882409062733,5.600325568740969,12.11524822,0.059285028987929034,0.0,-0.4120174526,5.611835900706432,-0.0057260846616120995,8.582850028639493,24.95013983,32.82722828,0.0,18.55817888,4.901125933,2.5318879812247546,0.0,-1.6893530832632804,4.689404294308848,0.0,0.0,0.7636046077240255,84.73,4.636111440917769,8.464543662221569,2.5771491915199745,1.828852356,1.506095893,3.1480884163201925,0.7590371604,0.21710933079469383,0.1293264808,0.0,0.05666298426953115,0.7528976151359829,48.66240791407541,29.36086894
149.9187909,154.9079963,160.477258,159.4589013,3.724489796,160.5607472,3.538748319,5.247493845101558,3.300925926,44.95577929,0.4751488095,0.046875,0.7160153273500555,0.8896994532752791,0.1760993475508618,1.444096076,80.71516074582652,12.04377083494251,7.216387506,56.75755747,-8.440470801,-2.229918074810385,14.69070972,0.6950597415,0.4284718305818303,-5.68,0.06686148682755719,0.34336899563886497,0.983106781604575,3.943824939304596,1.761885858,0.7394656915,-4.26025403629496,0.00242,-0.03173180540778553,4.560515239086178,9.11191760201949,35.01993218,11.00912301,29.121122827010524,9.620953170616655,0.02485119048,0.01713564214,0.8483405483,0.03809815118854807,0.7527016488,0.4196733267,0.9714820571,0.8433520618261694,0.7834514229,0.9310370561,1.086093404,1.087356342,0.567462287,0.8487908568,1.269298388,1.100561952,0.9920579794,1.09194033,0.9333747927156362,1.0826236263939402,0.8355193208,0.8708348326,0.4943941141,1.08895959,0.9732021623807602,0.9667770923,0.9687750631,1.1758638286833543,0.9801524505,0.8088832451787747,0.9717390284,0.6241314525,1.1106670915484702,0.8671020997,0.8104514615,1.217840469,0.8798634497,0.8950373773,0.9609871952,1.9153878540098783,0.7455156383310538,0.8180952381,0.6137329932,0.11943420218310236,0.2544438837485035,3.792702994,4.416655798811025,0.07994297684298896,0.04314058957,0.025975984200045623,-0.3790877672454055,-0.16893104208759047,-0.005289796032111514,-0.04252493146,0.1042595449,-0.03503188778,1.897102744,10.234198641868636,3.78,2524.927034,25.29917495,-4.041443852,0.6896239492806784,-2.8097847505488485,0.773475407527289,-1.553313578,0.4473683167426567,-0.6410842502840483,-0.0619121021,0.2079029875,-0.0663329461,5.316788604,1.9489951430004702,10.19736362,6.066367068,5.693927995,0.149199604,20.79042573,0.08931774965,46.02203304494867,8.780830095,29.36252149,0.0,22.51475897,0.0,1.7270472499122245,4.888816209988458,0.0,0.7107096939840719,0.0,0.151582315,3.797688087960562,-0.012610564007657261,-3.4878441516382948,14.46821637,34.47495837,0.0,18.55817888,4.859423894,2.4763661478079286,0.0,1.3319544850380218,0.8271134349198934,0.0,0.0,-1.3242980721617712,72.93,4.347496340185139,15.488728651524584,6.158416582216633,1.895940263,0.0,4.063565852040536,0.9245101949,0.2956493827232468,0.1048899075,0.0,0.31042168427770656,1.179353329550877,45.2443420477598,32.54089629
147.5978611,157.8321886,157.1610552,160.7924871,3.30075188,161.2686912,2.445249597,6.458944366223915,2.30734127,50.93265931,0.48,0.0,0.6352680381511548,1.0465960090502515,0.22488941178127,1.659158216,107.53240411359998,12.0592478414613,17.59183673,95.75510204,-23.42091837,-1.1007970725390162,-134.0714286,0.6888187153,0.43303799133895654,-3.99,-0.002999185526490058,0.40802126993035603,1.0595634914147354,9.12509534579688,2.315494246,0.9627883386,-4.499661837830077,0.0144,7.706755176649692,3.95624735412735,13.462006608248599,70.99110724,0.0,6.944714255511263,-5.268375339703221,0.02,0.0,0.78,0.05119872094477317,0.6028183716,0.4872254059,1.418977275,0.8822132557508383,0.9924155931,1.635793006,1.086986778,1.047773367,0.8086185044,0.7696552482,1.101169241,0.9891450263,1.078228218,1.092232767,0.8940069012209252,1.1599958503080872,0.9209003747,0.8969788832,0.9377631241,1.045489507,1.0670937074818736,1.176815358,1.028415375,0.9026395668148504,1.128760745,1.0890185738346299,0.8508560912,1.183776933,1.2446561942433716,1.149116523,1.135099677,1.148701918,1.092100555,1.230211318,1.091952783,1.2446467117026945,0.8181100554610028,0.8187301587,0.6345663265,0.2807198658831476,0.1628732921806545,3.491860676,4.519660917429176,0.06517798292608873,0.03414251208,0.018011406872518374,-0.43610744264572665,-0.19747421693422457,0.0007578081557015892,-0.09325959212,0.07908645055,-0.2040327227,2.251293462,7.379557074451441,2.3,2137.502982,25.76288881,-2.833120026,-0.36254840482310535,-2.333642921221557,0.9540146125206583,-1.712049124,0.572204346998259,-0.7446694154811571,-0.3516320659,0.3456944555,-0.1783070703,9.467009379,15.414978239078355,5.098681808,18.20875424,35.29333391,0.1662440571,3.860452175,0.05993567359,129.42013412723662,0.0,29.21545116,0.0,22.51475897,0.0,1.7004505554104035,6.839979143514068,0.0,1.2277837701793364,0.0,0.0,3.8663245944941442,-0.015212884274977917,10.237832616249149,0.0,49.85555154,13.08951281,6.9237372,4.945982674,2.5004025411821975,0.0,2.3850846878826286,4.9878458083592045,0.0,0.0,0.450773046187836,51.77,4.357197177891065,8.904675752118553,0.48295654486356643,4.838045859,4.220524565,4.387128453730373,1.067258904,0.4198054784783069,0.1288113406,0.0,0.17775081089421574,0.5707108415641828,44.38716230496162,27.46169931
146.1247147,151.1860971,158.7179693,158.6785616,3.371900826,159.4257582,2.744929453,4.415352328753602,2.780939476,48.76662659,0.4787878788,0.01515151515,0.6390036291438601,1.0854171519698657,0.20218668416761898,1.654040529,70.16635070026632,12.139918977515697,11.32441701,64.76680384,-8.49382716,-2.0672522689839496,-53.96707819,0.6855377302,0.4354728368856937,-5.56,0.03268205288675055,0.4448837043598966,1.1245765945235093,6.462613330404134,2.123059313,0.9254475639,-5.60290768848995,0.0038,3.2696138420664274,-0.2641786408926272,14.522442855707721,57.3051773,0.0,6.865213904196839,12.415727359561018,0.02121212121,0.02770562771,0.7571428571,0.048930278514571664,0.6424311093,0.4684334539,1.193380188,1.0250328928625976,0.8329574266,1.15952663,1.120631709,1.21712373,0.5735563184,0.9297753277,0.9908573102,1.08262818,0.9367748703,0.7354402211,1.0033004050246603,0.9822329954196127,1.136644661,1.095910684,1.106012103,1.158449171,1.0589808030675385,1.129738505,1.046671151,1.0466625578515074,1.001028816,0.7948465067341508,0.979257006,0.6014069537,1.2976224176326707,1.110977255,0.9470969825,0.9256106712,0.9957910982,1.090981533,0.9988111824,1.851726938890884,0.6060663395664829,0.5731972789,0.6606788549,0.3756005878505195,0.2761342697318627,3.631828189,5.040796936173495,0.07395090640867706,0.04393617021,0.016423513530624167,-0.5830039152112633,0.04578170753886301,-0.03798588270628919,0.04574526033,-0.08135202692,-0.02560021309,2.026312773,11.750159709616048,1.13,3358.107916,31.66904098,-2.969454678,0.5226546697198755,-3.300651091834041,0.4899924318768739,-1.710474999,0.38467980367852395,-0.6444271812599471,-0.3975811033,0.4440482265,-0.2810697766,10.30076712,2.190988703507723,5.261891555,19.05647134,46.29261463,0.1593193784,26.0493072,0.0708162659,185.71009581265457,0.0,24.9198926,0.0,28.71445679,0.0,1.828598541772628,5.466003735123842,0.0,1.2104658712786804,0.0,0.0,4.193629390552005,0.004008539843146075,6.8516012914921145,5.687386275,24.9198926,12.96557803,11.33111287,4.877336081,2.448866313104876,0.0,1.617006108718719,0.1527954970348393,0.0,0.0,2.030275457934601,103.17,4.896696319159936,1.1188043583595508,4.888272667068696,2.591937797,0.0,4.162374025811248,0.7323949012,0.7380122617529187,0.06541342195,0.0,0.30131490926286425,0.9564957876242316,59.72082513403633,30.95983989
145.817401,151.454821,156.37978,158.4776418,3.427272727,159.5420573,2.864942529,3.6929216484563208,2.993569959,48.00479604,0.4731182796,0.01612903226,0.6643727020074238,1.0873665439311457,0.19803278980165354,1.629061707,74.87752166794814,11.666352025057728,9.9336,56.6336,-7.0656,4.403655303892216,-22.4928,0.6841461785,0.438391436135905,-5.51,-0.006938118177930112,0.4063114471312791,1.1027667188559884,5.917330262881047,1.961800927,0.959483369,-4.883066252040333,0.00417,-0.12517295218188407,-5.559932614315968,12.460098979464027,45.60046608,0.0,31.83091785469088,13.346744526757613,0.02688172043,0.0311502118,0.7828282828,0.045465963698717644,0.6667444211,0.4979332692,1.169962633,0.8342102245392929,0.8296626622,1.194764311,1.1269372,1.106385139,0.6376763403,0.8657354966,0.8824120773,1.086578615,1.006789333,0.7756154388,1.0715683789023343,1.1695563648166518,1.034689303,1.158187527,1.004462757,1.145588142,0.87186988191049,1.157114002,1.020508794,0.950176641083193,1.002944024,1.0072050856005272,0.9589293484,0.9369932415,1.0117562847029775,1.06648165,0.9809719636,0.9574142706,0.941498962,0.9993731107,0.960657298,1.9073060060189102,0.7595540998832564,0.614829932,0.5130385488,0.3379178134916985,0.2887785630844289,3.682055263,4.572210069945752,0.07442221146784873,0.04176767677,0.019418379265200587,-0.7687770923547544,0.10314568606211356,-0.008657907948710297,-0.1041976237,-0.05203226847,0.09083916499,1.97940729,9.65417402113096,1.29,2452.50927,28.84626541,-3.322802922,2.5152995977250026,-2.152812906563237,0.46644206008375644,-1.754984888,0.2880931934828782,-0.36944368105577424,-0.4622425229,0.5825388497,-0.4711483017,19.77449303,-1.57978696617098,5.261891555,12.13273414,35.25921319,0.1687985428,152.9772102,0.0858889825,59.33380967120027,9.473725908,14.95193556,0.0,40.21348046,0.0,-0.1028063858929299,6.476841552863226,0.0,-0.700475174558338,0.0,0.0,4.33003398204773,-0.003778312322314364,14.223485918704434,5.687386275,21.74487787,6.544756406,18.25485007,4.848683342,2.511142929892583,0.0,2.4065210073674432,-0.05704778374002295,10.98059471,0.0,0.8491611307983267,95.85,4.395535062942649,9.612222169167595,5.996131764886015,2.658324812,0.0,3.184049028821987,0.7589589384,0.2693380956821777,0.06263564417,0.0,0.1487859851086044,0.7276879401815683,60.22725293623528,31.26935238
148.829875,154.0428157,159.3427908,160.0952576,3.495145631,161.423908,2.689671153,5.254120831210034,2.671920572,48.24675953,0.4838095238,0.03333333333,0.700654474439136,1.1466831870896934,0.20767866272020552,1.540249265,98.52625728135614,12.822210634990336,9.715277778,57.22153635,-5.932291667,-2.8315717274172734,-25.06138546,0.6833808251,0.4250391403046784,-4.44,0.0393713178924216,0.413291258681204,0.9567076837119656,5.211874865438832,1.81140835,0.834147917,-5.068953470357023,0.0106,6.277849509392076,4.076778934994921,29.552258038030566,46.02638289,6.338535363,24.09946270701369,11.739594450321816,0.01619047619,0.03226190476,0.7839285714,0.03956517609911773,0.6637198622,0.5092463032,1.250822375,0.9958602877262905,0.8057494171,1.166012637,1.119086918,1.212996507,0.8298341201,0.8696137268,0.9965119889,1.134631669,0.9902942471,1.107256873,1.0145552923021273,0.9035274836029549,1.056744435,1.070346036,1.098467501,1.111491088,0.8490533864165697,1.150244392,1.097795047,1.1051608088694662,1.003663173,1.0721567668179917,0.915574141,1.032407196,1.1986301074052832,1.105024224,0.9060656806,0.866330618,1.004129039,1.023400634,1.048712911,1.8917832241092516,0.6057492236756493,0.5331972789,0.5538548753,0.28699263551788284,0.04303412096851944,3.773554151,4.149223822096793,0.06538756655875849,0.0408994709,0.016305750130112096,-0.375400321821397,-0.06522661757013551,-0.11169070211263928,0.04257371511,-0.06369898415,-0.01242118056,1.990643971,9.64439577552288,2.51,2276.262954,27.98519088,-3.310886543,-0.062268415198996285,-2.101109465876603,1.249079708447578,-1.496468881,0.2766151786061043,-0.5807852413429061,-0.2755620822,0.430755816,-0.2040060005,10.30076712,19.907870319424557,5.425791397,35.8760612,34.33655998,0.1609121365,36.29417231,0.09440808459,129.60548496166635,0.0,25.38663948,4.992404733,11.38785599,0.0,-0.3020096922344949,2.56277577327123,0.0,-1.2958325174982872,0.0,0.922731149,4.412460655887131,-0.004586440021642208,3.5164761718084336,5.687386275,26.29938345,6.544756406,13.08951281,4.848957738,2.4604601514870748,0.0,2.330727063948725,-1.4600904518171773,0.0,0.0,1.1791148634495703,83.3,4.597809146964777,9.038977457615557,3.753174679445558,2.467258137,0.0,2.5064219247383597,0.8257433967,0.6861243808724286,0.1108994343,0.0,0.21698144189467122,0.7694475473740533,58.09912196775198,31.11647891
145.7067382,151.6137345,156.37107,157.4324521,3.214285714,156.6818106,2.571502058,5.793147219998472,2.738186462,49.81677993,0.4777777778,0.0,0.6437621930231122,0.9479508117438586,0.20943100224039013,1.681192074,86.82984596390268,9.998640602471598,9.848135333,56.14225298,4.664359862,-6.068645697766518,7.515570934,0.6779429349,0.4312038674902463,-4.24,0.13077461818944905,0.47832514102816914,1.0586190336800307,6.281028531873535,2.187232844,1.029986765,-4.968935410093324,0.0148,-1.5774565197271397,6.774235317537347,2.5967592552887595,65.26674601,0.0,17.583620694394703,-11.364224220700377,0.02222222222,0.0158781362,0.776344086,0.03693259318651648,0.6402910121,0.497389566,1.151940887,0.9042047813658928,0.8696314784,1.243690159,1.136000183,1.121316418,0.6392098823,0.9353946377,0.9502277529,0.9685898804,0.9938109531,0.7833325328,1.0292871450138583,0.6346023772910351,1.194143801,1.028525835,1.845119202,0.9997217726,1.0765874472785835,1.028534782,0.9692850158,1.037590519485961,0.85767488,0.8346430693928132,1.112608775,0.5152415267,1.1941311087228343,0.7624211263,0.927436797,1.008792341,0.9464610362,1.009029271,1.079008805,1.7371390554719899,0.8472430579633164,0.4889342404,0.375885771,0.3276887644926646,0.14486129857639318,3.485192498,4.62738002477738,0.07820703283201336,0.02468599034,0.023530089200184293,-0.41303705368053917,-0.06074712234628571,-0.07347267072679745,-0.009627654773,0.1808050426,0.0343192096,2.036301178,11.615605265450936,1.96,1501.221143,25.06192138,-3.765976897,1.1307973240372775,-1.552861136990543,1.0196368005418601,-1.28441172,0.21740425022258802,-0.4622931487097531,-0.1590448152,0.09794405514,-0.1432646107,4.899909731,0.898063905530023,5.098681808,18.19910121,11.38785599,0.1647122674,5.714651908,0.1232240191,23.255332797562403,4.794537184,25.06523039,0.0,33.77213846,0.0,-0.19909090545148467,-0.8323642060626844,12.57046485,4.542006027296125,0.0,0.1103332676,4.885237066425203,0.03434665222218091,6.293744921148894,0.0,44.06192293,0.0,0.0,4.829546089,2.486702241245103,0.0,-4.695086068137226,1.0073167375593528,0.0,0.0,0.05898847001980406,74.77,4.447654436907531,4.996274030090392,5.433489459053579,1.70930694,0.0,1.5362578375682574,0.6646168733,0.6809979523347087,0.1141803114,0.0,0.21156434185972467,0.7727131150429112,54.80186020416852,30.97901559
150.0319234,156.206539,159.1603498,163.8868928,3.333333333,157.2446397,3.113809302,3.31827868844686,3.277798354,46.3161155,0.4735632184,0.05172413793,0.6547508396848174,0.974106320806195,0.2298948425966843,1.441695765,98.34963667404146,14.743455819953297,12.7037037,65.18427069,-6.987654321,-8.825238787842727,-23.33912513,0.7083876247,0.4346385478398729,-4.99,0.09322327577458797,0.4318311704080355,1.0826995355701348,6.25753090072946,1.374984511,0.5137647884,-5.527541186354675,0.00626,2.8739080894263456,11.074949923918382,11.860202452533954,5.563451492,36.12541969,22.095674444533262,1.334894071953327,0.02643678161,0.03685576567,0.8344086022,0.038698516515059414,0.6464552239,0.417852205,1.139013548,0.8840411654027984,0.8172758043,1.015335711,1.079793341,1.067534446,0.5895628167,0.7600882234,1.096622441,0.9684074836,1.107127807,0.9125290559,0.9219582676650944,0.9583318966473744,1.133037745,1.009989936,1.227973926,1.122695347,1.0592859862849295,0.8945610523,0.9168437758,1.1120028931056374,1.040555871,0.8881803301805214,1.101681489,0.828845394,1.2328609641029042,1.076374292,0.9597458825,1.015941578,0.9533240156,1.101915485,0.9918291265,2.344484444499719,0.6196588796092456,0.7918367347,0.5303996599,0.27890232553169797,0.11930457927540954,4.116868586,4.623334085979231,0.04435624207589917,0.04369565217,0.015391073169032456,-0.5290123306291877,0.14174647844635474,-0.03444264573054332,-0.05211959135,-0.04499306922,-0.0777105292,1.739051451,10.519715562165212,3.08,1938.84303,23.58636935,-3.649761866,1.1585089958922492,-2.390734300432933,0.9536495072873561,-1.558879283,0.6236271150747728,-0.7211821633848065,-0.2902369734,0.1614657941,-0.3975945656,10.63357721,10.092762593141199,9.780484743,11.60093989,17.57815784,0.1566042528,18.57797643,0.1515873498,259.8956030151369,9.184952232,25.06523039,0.0,11.25737949,0.0,1.9764575736069867,5.814024621445249,12.1382594,-0.26718298410320196,0.0,-0.3850112797,4.083645427177778,0.03887458795793239,14.149778697249605,20.55972478,32.82722828,0.0,12.74095804,4.901125933,2.5298388420991884,0.0,2.977749377544119,0.8985558827760028,0.0,0.0,0.7612096605771649,84.73,4.065516908934335,10.605459747003001,1.4145604693758593,1.87686333,1.525937163,3.2260773825108218,0.8850253181,0.37928370448094795,0.1293264808,0.0,0.18840421550316083,0.6876752856893329,51.45840435807567,28.00929632
146.8809246,154.0059108,158.4253007,157.6103624,3.571428571,157.7118751,2.550091075,3.009075194881701,2.49287119,49.89633184,0.4761904762,0.0,0.6806273487243235,1.2363266387348426,0.2226194377915644,1.650819965,91.4802370542622,11.207215596396429,14.52644731,69.0,-18.94335693,-2.7609756300577164,-82.0,0.681686114,0.43533447911651174,-3.6,0.0638117300434601,0.3892501228555574,0.8518966333165043,6.281067953499615,1.92315423,0.6613545297,-3.915617205650128,0.0444,1.55465433021724,-7.526203555598692,-3.2309739914890745,58.02552921,0.0,16.281690971623483,5.183630713459008,0.02380952381,0.01720032841,0.7816091954,0.05169806176209661,0.5669759199,0.5006289308,1.256039157,0.932979522063379,0.9017166089,1.212183216,0.97280068,1.176067545,0.871467191,0.8607828033,1.017645946,1.046428571,0.9736915247,0.8817891374,0.8418866556363201,1.0516014139330798,1.096165192,0.9919899746,0.8685572111,1.210980663,0.9987867734902586,1.155965661,1.032098105,1.0908464765292605,1.105555556,1.1053382661387345,1.022675806,0.952715655,1.1605941835937708,1.081967213,1.033233182,1.086543846,0.9328925681,1.116224189,1.123066393,1.6753039785996497,0.6735202212218776,0.7518367347,0.5216836735,0.14369455709373885,0.030006629232378956,3.691555614,4.961340773004923,0.05786377509609727,0.03569444444,0.0318683960680964,-0.6755692817459211,0.14191604678262776,-0.02778775688818925,-0.04153354633,0.03142512963,-0.05167660946,2.169660809,7.545233329354952,1.87,2235.796084,18.95695254,-2.71801813,0.720599847214753,-2.1207334769012287,0.9524939077144352,-1.485059905,0.20723816798414377,-0.9217407246781779,-0.3134356472,0.5088574899,-0.1854241924,9.673627043,9.422453938025876,5.098681808,18.20875424,35.29333391,0.1946069796,109.4258724,0.1031396139,157.1346249196108,5.106527395,24.31554143,0.0,22.51475897,0.0,0.29964730746839613,3.1142614758490654,0.0,1.6377114023268118,0.0,0.0,5.307455175081481,-0.03666696551202582,15.696258995327401,0.0,36.02895079,13.08951281,6.9237372,4.945775726,2.526155041920108,0.0,-1.1883601224256708,2.8317928123669955,0.0,0.0,-0.8180390131275148,68.76,4.02505594372224,-0.0767695021405359,1.4898160518475172,3.696888189,0.0,4.478146712925184,0.7510311384,0.3504519439223306,0.1288113406,0.0,0.15311542058779312,0.9280421705293452,46.88598561440968,25.45064953
151.5257649,157.2635962,163.5218903,164.3794591,3.355555556,161.3458172,3.605429293,4.110240603299689,3.680365297,43.49756155,0.4573129252,0.05357142857,0.6595281419027103,1.015389866333911,0.20472063540052232,1.426901074,96.2698085245741,8.883496981421638,9.346938776,49.0,3.859410431,-16.760688926891742,36.77777778,0.7026070582,0.43245608232624905,-4.06,-0.0027810178146660154,0.45853023038305674,1.0343223531778771,5.9313051631353915,1.62628006,0.8337988097,-3.600215123869912,0.0316,6.154429131607195,-1.2848552472653143,16.222166149469867,18.19910121,24.12316206,22.687865082745326,12.915750675496655,0.04268707483,0.03951247166,0.8531746032,0.03847229662601102,0.6710431655,0.4052873563,1.054130241,0.8594620394111429,0.8267878547,0.9874788557,1.032374101,1.072343379,0.5953059769,0.8556774354,1.11485472,1.012147335,1.026409886,0.9977456833,1.0714541558765271,0.98668058639271,1.090129795,1.029778526,1.131097181,1.109802158,0.8660568865640507,0.8093704142,0.9731562305,0.9525988694156542,1.027356322,1.036223204292161,1.13426717,0.8326726416,0.8536344254636504,1.054320141,0.8210777852,0.945896658,0.9810562833,0.9005668399,0.8904870432,1.9359655574300703,0.5630571899950261,0.5968253968,0.3211805556,0.14454583042413297,0.10279159180959513,3.766037363,4.647931006485316,0.060324407717097114,0.03952020202,0.026978673946305622,-0.34630412339773486,0.055945235179342606,-0.02446683531081969,-0.05537400896,-0.06680925073,-0.06967460441,1.686829229,9.230053545553245,2.75,1859.334395,16.17687259,-2.922220665,0.7761892093483495,-2.6897810805734705,0.8409838785569868,-1.904626993,0.6408241583724535,-0.7551047893851294,-0.1552706544,0.3627522401,-0.09845408509,10.63357721,-7.357745302983913,9.780484743,0.0,17.57815784,0.1524828092,14.02949913,0.1475073878,80.27191349110646,13.57536728,25.06523039,0.0,11.25737949,0.0,-0.3278445284351531,5.02989372150207,12.0483115,-2.076220918865447,0.0,-0.4136118403,4.762085752062025,0.009828789688777222,3.4676690670670505,24.95013983,32.82722828,0.0,11.63444168,4.877473763,2.491765854923551,0.0,-2.541586605490636,2.30223684197001,0.0,0.0,0.600015706460677,84.73,4.327043312234666,12.593023127142226,5.037702380962664,0.0,1.501980667,2.477643510434836,0.6258641428,0.29390385553500753,0.08765981412,0.0,0.22823455448228672,1.071322328732724,43.349709590871655,33.15383706
146.94792,152.5312104,159.9369804,161.5140242,3.572815534,157.7866144,2.636087768,4.996679546849032,2.748248248,49.30967614,0.4743589744,0.01923076923,0.6534258152205049,1.0532266702825792,0.22675179026434847,1.63025785,78.20606400886142,12.12504358975146,10.88345679,68.16345679,-17.80049383,-5.018873864419366,-11.20296296,0.679730678,0.43511316792636406,-3.68,0.07886514551597444,0.43591901941681,0.6727792485780117,7.418442728096413,1.821553217,0.7949875002,-4.014060029250333,0.0326,-5.15049540561005,1.7394548887320447,1.3519167981067906,35.95872634,12.7481417,12.742703998991688,12.898497746667633,0.02564102564,0.01875593542,0.787654321,0.042907513459278866,0.6977861788,0.4227900943,1.21486115,0.8551109650466254,0.8924210639,0.7991332812,1.05397066,1.172509348,0.5312802104,0.9502477462,1.064684973,1.025702555,1.103003927,0.8352204022,1.1134142877331106,0.8176613037114517,1.178381933,0.9960623896,1.011175076,1.169392328,1.0955008230146683,1.092462978,1.037942051,1.1736745731888414,1.045881552,0.9193688041612296,1.040636805,0.8109808117,1.0783448034752492,0.9651116528,1.057080007,1.164158622,0.8392189399,0.996175354,1.022566517,2.4160186265333334,0.8405925541069215,0.6661678005,0.5043579932,0.2619395948309634,0.42686405066715727,3.670299879,4.532544622046788,0.06109289795736473,0.04253387534,0.020927854974525505,-0.47743838805552713,0.16858695402629004,-0.060151113537567254,-0.09617441852,0.04674258288,0.0004611167629,2.044765684,11.159106766252753,3.06,1935.60158,24.49081827,-3.660197484,1.1890081376005046,-2.463528173759586,1.3712082817545705,-1.241504586,0.40047697231475443,-0.9211928251560517,-0.3071880361,0.4700211901,-0.04538118536,4.983978521,7.462225537015447,0.0,18.55355576,23.27208584,0.168103657,43.01328283,0.1387698918,40.769368492389546,0.0,20.37772696,5.917906046,0.0,0.0,0.40319100257950846,4.888241057520739,12.21552075,0.061846268049317754,0.0,0.0,3.607272775886479,-0.016674141589850325,8.576133060202446,5.817862778,20.99377639,0.0,18.88348407,4.976090825,2.4178881769401666,0.0,-2.5690212077260317,-0.39554707216725205,0.0,0.0,0.46748086028104174,75.98,4.66394292413345,3.6863906950822205,6.3412486516878985,1.987411367,0.0,4.062903312425767,0.7957274555,0.3834623891298963,0.1458456799,0.0,0.10818647082447473,0.9103449281600465,53.553628522300826,25.81328012
144.1027622,150.3402747,157.2832898,158.2228931,3.753846154,154.7643358,2.794797178,4.953924479361788,2.942307692,50.02006968,0.49138322,0.02380952381,0.6707697228436088,1.0243876969928734,0.2180614490740647,1.606288741,91.35943397563933,9.87861839280604,6.644628099,38.23385369,-3.049586777,-5.131019098635092,35.15559637,0.6778019067,0.4284124426812858,-3.8,-0.0812192548615938,0.3140083577877927,1.0831021187971401,5.750350830212599,1.68640862,0.7167116501,-3.8200496126756454,0.0287,-1.6624758104478388,4.9465775248076005,9.719574138220183,40.09928197,12.13273414,19.73223070824109,9.480951033539094,0.008616780045,0.0,0.8229024943,0.03771109182402687,0.6111111111,0.449132869,0.9994501054,0.7085758821845906,0.7963795128,1.176492564,0.9166666667,1.080802063,0.5735961645,0.9313135829,1.021465435,1.051293869,0.9801829355,0.9090066247,1.0753699910479615,0.6918592971093293,1.258961491,0.8785771904,0.9275138058,1.379881657,1.1817910576876112,0.8789046908,0.8808674439,1.0811026191991928,1.02689219,1.1042277938020764,1.207712225,0.6093650198,0.9525669710057761,0.8366360391,0.999384296,1.335756738,0.3819553817,0.9559527936,1.171450206,1.7983607320701622,0.6693054495532976,0.2719274376,0.2777777778,0.2660382398499184,0.2559790622715637,3.3579855,4.9207594330736555,0.0703546060803232,0.04094444444,0.024958201269448983,-0.3569723181508059,-0.07124000709236178,-0.07875799784910195,-0.02647993937,0.0763616943,-0.01540645135,1.954116119,10.863846587794832,2.52,1654.378846,19.98217491,-3.695747383,0.6812300719560862,-2.987305957921608,0.6995406492501425,-0.7633718554,0.2436119203319935,-0.39571239293917027,0.00284819115,0.07937513201,0.00896802514,4.567099648,11.632812832895556,0.0,17.82825202,11.38785599,0.2313117594,4.069284137,0.1229123691,85.62376542581264,4.390415048,14.53505669,0.0,22.64523548,0.0,0.5746333176553009,7.873921962082168,0.0,0.3072249855600409,0.0,0.0,5.737304869578822,-0.003989385070456052,9.243708690395156,4.390415048,20.2879103,6.544756406,5.817220841,4.88992845,2.6193240152142128,0.0,2.330070879443475,1.1069565551089626,0.0,1.745355463,0.12603773436846996,30.71,4.6087623539453455,3.1772390406663984,-1.1921373080179087,0.9231580688,0.0,2.6288494899684363,0.5242119621,0.1913117491887115,0.1086331621,0.0,0.08239717054685344,0.8462372881842531,41.64041962401266,26.16116463
144.2810228,149.0477527,155.1349513,156.1842024,3.346456693,155.9206171,2.56650663,2.1098950447701066,2.564133987,50.72670447,0.4923809524,0.01428571429,0.6651225884486869,0.9428882267468939,0.19825095641027235,1.67312449,68.39951620179286,13.156679455803916,9.907971684,63.32957149,-9.592797784,-11.160242790018916,5.185937553,0.6914312962,0.44014833396761066,-6.26,0.013020478961107515,0.4462607364019143,1.1106980803619078,3.775839912817853,2.188226156,0.9784989037,-4.891265116666513,0.00136,-5.443233413403712,4.16014309917863,8.782224490801818,44.79899817,0.0,-0.828861261008953,15.47083896545502,0.007619047619,0.01322751323,0.762962963,0.04741252436281433,0.7189443188,0.5105410517,1.037282329,0.8759105310295265,0.8082117581,1.139088046,1.178081897,1.179466224,0.5307206788,0.8977825533,1.301041325,1.095117999,1.014697896,0.7910136905,0.9357010346045058,0.9410639996807961,1.096440328,1.046565127,0.9831248793,1.164607657,1.0746524532390518,1.065255552,1.065264155,0.9523426574981588,1.141138618,1.1046633110476831,1.026131791,0.9726240794,1.0724118769211384,1.078575983,1.017396676,1.005808185,0.7336215192,0.9501105924,1.027989545,1.9301946104787335,1.095328351069131,0.7968707483,0.535643424,0.36356412593312193,0.37798268446627514,3.644663858,4.676109011548906,0.06998424968984815,0.04284313725,0.01315127866213368,-0.16558791465790923,0.029170438804473543,0.19636633183722113,-0.1437418656,-0.02149330226,-0.03671628967,2.136266088,10.378135794517705,2.4,3586.584842,29.2123942,-4.339824181,-0.007024196385278625,-2.3910905020686575,0.8810303694528255,-1.552923209,0.5745177148474008,-0.5664743380377024,-0.4308436379,0.3780573597,-0.3628585607,5.316788604,11.08446604471687,10.36057336,36.48334172,27.83180362,0.1654709228,15.77252385,0.0789735654,70.23829760330895,0.0,19.74844179,0.0,28.58398029,0.0,1.0264456558611492,5.997650981371858,0.0,1.2732216701514871,0.0,0.6843980315,2.7832683296929264,0.009389311458612215,9.713311247846654,5.687386275,24.73694389,6.544756406,18.25485007,4.874359498,2.5665653885080255,0.0,0.24009100177264642,1.1468811763671432,0.0,0.0,1.0872878215899324,79.42,4.634679707762436,7.329219193742681,5.879438340928618,2.588293539,0.0,3.546638014385404,1.017758715,0.38230871216471163,0.0761440227,0.0,0.3056529536533213,0.6556756023561803,43.03367747883136,32.07574041
143.8726478,149.5000864,154.5685514,152.9375133,3.7,154.1866516,2.368285101,6.378992389361612,2.052408618,51.8213122,0.5126984127,0.0,0.6797246452603758,1.2069547929154172,0.20547947586671406,1.499561742,112.29095327781633,16.49473724973595,9.917355372,49.35047444,-7.950413223,-8.890341825160723,30.98836853,0.6855703213,0.43734546132357005,-5.73,0.06794501347532353,0.4446232847520592,1.1242319731127057,4.4968030405790875,1.291793651,0.6746867426,-5.0846758128624465,0.00697,1.1710058525241658,4.289842481237667,15.310448451727918,38.99396439,4.699919916,8.678470495879722,3.1151526103206217,0.0,0.0227994228,0.7787878788,0.039017481516844955,0.5951690821,0.4843804974,1.055363266,0.8492609386155942,0.7366999171,0.9990935483,1.024613117,1.115515568,0.8161906091,0.7415862613,1.295347656,1.249672509,0.8787143251,1.361337442,0.8748215790939147,1.211365284918308,0.980423144,1.08998115,0.8285287195,1.237101449,0.9533346692744424,1.108303255,0.9572247846,1.3948206197214277,1.258661257,1.0094179910012995,1.321295438,1.307866288,1.221115598781871,1.095207972,0.9649527905,0.9111080556,0.4239261481,0.7689507446,0.9901672174,1.7907297064988028,0.9749778544999778,0.5258956916,0.2395833333,0.35453313591113933,0.2764646464102799,3.752600468,4.445607438829046,0.07081712040865357,0.04252873563,0.03276590130355162,-0.7520334837236136,0.2750603693687253,0.021184899909588058,-0.1776278867,-0.08011290272,0.09433505833,2.156663832,11.691844474412855,1.45,1363.706046,22.38909565,-4.565095883,1.3032903994067393,-2.4406197117449313,0.1908828841564078,-0.4387439456,0.18374111515198754,-0.6264883481650628,-0.2175322567,0.1221352753,0.1041704129,4.983978521,14.284741019242158,0.0,6.066367068,21.4210879,0.2364748214,22.4351938,0.1161568039,226.34350610387827,0.0,19.93591408,0.0,21.95893118,3.277053125,1.0108847708087563,5.627679659481545,0.0,-3.871020179374342,0.0,0.0,4.17189301743815,-0.0031367645330559767,5.942541346453999,0.0,19.93591408,0.0,13.8474744,4.824530955,2.523274381553749,0.0,-4.408631624439795,-1.4901751128819989,0.0,0.0,-0.6502872127869838,54.46,4.242964578735071,9.935392480947021,2.7366947975523654,3.973463276,0.0,4.0694913573142495,0.8208949336,0.6081376710665543,0.1110709264,0.0,0.2587069821013536,0.9185302044991188,59.67772913677099,29.96628288
147.6606619,154.64466,163.5888857,162.2767769,3.305882353,160.4872522,3.010198604,3.1119758080719047,3.040196078,50.76727958,0.4820952381,0.02,0.6847536356547841,0.9746360657054322,0.20491665762557443,1.477486721,74.20530491082857,10.018274280252061,9.641528926,67.47658402,-13.37603306,0.1533733922089544,-23.52800735,0.7124476124,0.4257549178538997,-4.67,0.07823992297681946,0.4279589064447284,0.9469018561287617,1.8012566529693865,1.514299784,0.5343130683,-5.179072619515581,0.0431,8.228427020386288,7.233202376797764,6.975326843841097,28.3797528,23.46952001,8.802958060506455,15.284847678197199,0.0179047619,0.04073368607,0.8091710758,0.04169813622854227,0.7402756041,0.42622798,1.11394938,0.8451244302754751,0.908847825,0.9750356332,1.054163571,1.135942566,0.5430004698,0.9386461188,1.06810565,1.118561244,0.8984430075,1.130821924,0.8814349246985342,1.2800138742269895,1.04507822,1.041720081,1.085026067,1.123689511,1.0494899988141957,0.9137359688,0.8489467275,1.1530613661007054,1.048897097,0.8906296447201142,1.17975814,0.7125822492,1.136258197304845,1.016955088,1.049935806,1.117044226,0.8995354701,0.9930200821,0.9524929355,2.3891314690083387,0.8606893690839454,0.5406349206,0.521789966,0.33986320283896193,0.12991029622846373,3.945131835,4.949860596741231,0.07243627507723852,0.0427124183,0.018085785755159338,-0.5409339447819653,0.0812314647957488,-0.01723231056499208,-0.0203974743,0.01715333706,0.01985879814,1.959476488,9.157706232277134,1.68,2157.481791,21.45729,-2.730995998,1.9902948425676152,-2.1697096886490814,0.4038819117205158,-0.8155418155,0.5802600014679702,-0.4673950787916361,-0.06155549106,0.07431723209,0.1671958509,10.30076712,6.761965406116138,0.0,6.9237372,12.2386844,0.1706753545,15.79293262,0.1075556018,9.948961518381225,9.184952232,20.26872417,0.0,21.95893118,1.505444365,0.0492538426030642,6.688165966766066,11.68415648,0.7794893831459457,0.0,-0.005671073105,5.333475313489581,0.007497951710863622,15.093198969040161,4.390415048,20.85911529,11.33929359,12.74095804,4.782522541,2.4608298340058274,0.0,2.4718081580424487,0.0025434535250952184,0.0,0.0,-0.32078798718136736,70.67,4.779280450067803,8.653038946847412,3.7704725283798055,4.203868702,0.0,2.881410940236492,0.681984921,0.30552894967102906,0.06542737998,0.0,0.19850388685740133,1.2052104010147675,65.47480146093633,25.40060836
148.087398,153.20103,159.5577868,157.1947602,3.677966102,156.3306909,2.608391608,3.593305593403329,2.384582257,49.27242716,0.4744444444,0.0,0.6657869757449218,0.9098849338516928,0.22056426713157973,1.625579303,109.12981786491642,12.436956660264022,14.13609467,67.12130178,-9.403846154,-2.859314545767761,16.65236686,0.6833808251,0.42709281757184586,-3.13,0.07360607611370958,0.4670335192825095,1.0561770033829077,9.702580676712582,2.017497412,0.9454088357,-4.235535747038638,0.18,-0.008492354937581048,-0.052568552574015825,6.550265676743884,52.80408356,5.693927995,12.299862953459535,14.277252152341518,0.02555555556,0.04595959596,0.7595959596,0.03206168508696419,0.5723827699,0.4675295088,1.155189703,0.9522739420341636,0.8639795699,1.067828771,0.9225906489,1.17255152,0.648737338,0.9242434666,0.9119356312,0.9755859758,0.8687431111,0.8237364881,0.8354843683281377,1.2669014964827172,1.187727825,0.9979421523,1.364435217,1.329602795,0.8974282099570257,1.11790151,1.018456598,1.0667854409052115,1.172312798,0.940078001017541,1.119506915,0.8589733477,1.2422511441636104,1.059096432,1.06176533,1.162356148,0.8453713461,0.9138338655,0.9438691875,1.718342996109877,0.685873787404737,0.5683446712,0.4010416667,0.25450546892565334,0.16350168671505522,3.682942306,4.69539788802833,0.060048215491936924,0.03655555556,0.020300434215724365,-0.4691596665492884,0.08834752555070512,-0.06753456263764358,-0.06444748699,-0.0653762998,-0.008564166544,2.026898024,10.21505510789723,1.25,2365.439318,25.4450337,-3.401003974,1.8271796414894936,-2.5832600146842464,0.2759848456972892,-1.592536725,0.45672645546469626,-1.1914451091482319,-0.1695724603,0.1604839975,-0.1950265088,11.05045608,13.171682173705406,5.098681808,12.13273414,11.21062871,0.1571462582,29.94895596,0.1124055485,102.5622193403305,4.794537184,25.06523039,5.733667477,22.51475897,0.0,1.3982574843432085,5.947878036727899,12.33728461,-1.3390224412749858,0.0,-0.1433771778,3.479925913217122,0.01811660303839247,-3.7010366724487556,0.0,38.74513433,12.96557803,0.0,5.015075563,2.4878918552554206,5.486146944,-3.6366210757089816,0.39707874979981583,0.0,0.0,-0.05612280518613809,98.72,4.2475290473104925,4.332038705837881,0.38730849202242634,1.772567902,0.0,3.602607797539547,0.6759707009,0.3586960457563385,0.1476931915,0.0,0.34410087101153697,0.7615937272599835,53.78853504668446,29.75240743
151.5397617,157.5474193,163.9182458,164.7179547,3.53271028,165.1169809,3.143637227,2.7773236568380844,3.385135135,46.38335578,0.46359447,0.04838709677,0.6654927783893289,0.9829473609470745,0.19967752177068307,1.493241297,82.14186551579905,7.923851782540246,8.5936,53.6384,-11.4772,-3.5301995078807757,-30.0544,0.6894086529,0.4272325517963861,-4.25,0.04896725274804865,0.39691211629361006,1.2292102658093036,7.406521720715718,1.662708558,0.6081274391,-4.512101378283199,0.0196,-0.033616209612668424,10.155787261138407,26.85774829874162,5.57310453,18.19910121,5.919864609098047,13.554516417985145,0.03640552995,0.04960693955,0.812605042,0.03248714258366052,0.7566673934,0.4694502873,1.083167515,0.980042859363145,0.8474360554,1.175789659,1.139452075,1.097325073,0.5823498062,0.9144217359,1.004889248,1.080961164,0.9860373438,0.9626907703,0.9526825824895324,0.8832755492576534,1.054019491,1.017239667,0.914501734,1.10068275,1.158729669838108,1.073344015,1.040100864,1.2816858223139265,0.8885699107,1.011179075923208,0.9266635793,0.6829368466,1.1408607415970604,1.047397192,0.9223260991,0.9385948302,0.9752887061,1.006720808,1.007875642,2.4097629848353797,0.968892275501832,0.7112018141,0.6163548753,0.14842530764004502,0.254013079100583,3.981147632,4.644910693057637,0.057900423731925166,0.04241975309,0.012118105786853345,-0.22550249990114588,0.35581270223274836,-0.0845010810099121,0.06624173245,-0.02694792288,-0.06311020323,1.752997727,3.2606267074703315,2.78,2853.022347,30.56534244,-3.910720297,0.48307444667030586,-2.2664446129605276,1.1181378858437876,-1.724644867,0.2218150555310283,-0.6114501975808562,-0.1041850566,0.3323877145,-0.1540221275,10.30076712,5.003145433123117,0.0,18.20875424,29.31392667,0.1391792811,36.58182932,0.07010002312,92.13630578219373,8.780830095,25.38663948,4.992404733,11.38785599,0.0,0.2176631226132969,4.642402120741086,0.0,1.0341925811608166,0.0,0.806811067,4.612493461139954,0.009036526468697554,5.0028281929405125,14.46821637,32.46515906,6.544756406,18.55817888,4.865265677,2.469705785205086,0.0,1.3944605404581412,4.53602150071343,0.0,0.0,-1.110094628880202,81.23,4.49019075678087,5.459589328843531,1.8267704327893046,1.992124129,0.0,3.0937816527265327,0.8053607425,0.14904617041106516,0.08374028396,0.0,0.16812749294100127,0.7624174802793737,59.31756261875439,29.32088182
149.7946163,155.2232052,161.5337457,162.7564201,3.495145631,162.6691366,2.949449449,7.385834105423408,2.887270766,46.83435575,0.4695238095,0.03333333333,0.6639973225193717,0.8154532860565122,0.19911753283182837,1.540249265,90.7704939598397,12.699659139638786,9.715277778,59.44444444,-5.932291667,-2.465724983208318,-1.888888889,0.6833808251,0.43578525958742137,-3.89,0.016740637713918247,0.4421427810172933,1.2276296811876963,4.067503307447831,1.81140835,0.834147917,-4.713910324791897,0.0278,6.59865936447534,7.374076499748535,15.347197600386263,34.51459212,12.40490243,10.460781354069887,9.393076372746213,0.03047619048,0.0331547619,0.7973214286,0.042337818803615763,0.6637198622,0.4527049508,1.13746691,0.9310613876423353,0.8399818365,1.164451458,1.119086918,1.141041115,0.6243708906,0.9079924669,0.9567080656,1.097750865,0.9765147666,0.9392887769,1.0800443159528406,0.8185989019187254,1.152983613,1.08147425,1.211116299,1.111491088,1.0535098822814768,1.075910287,1.025956037,1.3401371614895705,0.8807808757,0.9629224456936952,0.9245521587,0.5255980233,0.9346338557082714,1.03951183,0.8842050004,0.9039894258,1.001091511,0.9130160916,0.9793040106,1.7874978953158602,1.043413843843576,0.5331972789,0.5538548753,0.3212512401940967,0.23993270548667778,3.773554151,4.69122801730441,0.07083578126201098,0.0408994709,0.023161336153935962,-0.6780919349014984,-0.09886715604034041,-0.05956473110315639,0.1186795255,-0.05564743422,0.001308756523,1.958504393,8.985651543153423,2.4,2265.696798,29.33314297,-3.616464109,0.12970728725357494,-2.453199656368772,-0.18397882506485952,-1.643035383,0.5484519103422125,-1.0336905487045962,-0.2715606337,0.2960426579,-0.1066938453,10.30076712,0.8010450762306807,5.425791397,24.27512131,29.31392667,0.1537670096,40.62400469,0.09049494295,85.3913535481405,4.390415048,25.38663948,4.992404733,11.38785599,0.0,0.6479981429892754,7.0586859932991555,0.0,-1.156433730256818,0.0,0.8747201751,4.868903245224762,-0.013553991628088244,10.153534313744679,10.07780132,26.29938345,6.544756406,18.90673365,4.848957738,2.5461717998575613,0.0,1.7087859961994423,2.2037777209499163,0.0,0.0,0.06703859972229739,83.3,4.4442065308353875,2.471375760438316,7.189688195773126,2.284696408,0.0,4.067194807124543,0.7166344516,0.44695163556358924,0.07940239484,0.0,0.31292495405301907,0.7300507176860713,48.83336116112858,30.18565182
144.7629259,147.7589175,153.50475,153.9041889,3.307692308,157.9388272,2.595588235,4.242333898694578,2.598870056,49.22976446,0.4826086957,0.0,0.6692958332259156,0.9612895866046152,0.25560752031452655,1.735372024,76.96480716341787,9.803972034726705,6.734842951,26.51862673,-1.685902118,-3.5778697201035015,-0.1607012418,0.6732572563,0.42605341379967104,-3.87,0.06494046407197461,0.35680698104859465,1.0036854243761781,5.148852786312623,2.434591481,1.11403462,-3.8037214897514136,0.0207,7.542952357716507,3.1890031900588816,6.892744330731796,33.77213846,0.0,-0.8735576428570013,24.36118464993492,0.01739130435,0.01956521739,0.75,0.03423853153047749,0.5911242604,0.563096817,0.97878136,1.018726466309651,0.7846235028,1.233316744,1.079036348,1.152129437,1.03106203,0.9533476093,0.8490926167,1.017292389,0.975662232,0.8978491903,0.9501336466023328,1.1345833118215407,1.040318302,1.155467498,0.9035789474,1.086253983,0.854090282078554,1.053043714,0.9340563371,1.0678693700976432,1.090552143,1.077478174517746,1.007845284,1.115573061,0.7809116384851252,0.9179279139,0.9989757454,1.090007646,0.9127689359,1.025513645,1.077909055,1.4483687239683272,0.9117526394672829,0.2586394558,0.1962159864,0.3321543715881152,0.1452567345924799,2.774861885,4.360733484156849,0.0626110374110157,0.02134680135,0.0156523098122999,-0.1550737875496448,0.17057838808451206,-0.02659603336833259,-0.1005165051,0.09118856424,0.07486897859,2.076018519,11.36015272659776,1.91,1329.437404,20.9493021,-2.789726047,0.9037186913889171,-2.45235683733441,0.5477014787035995,-1.178525788,0.5536651961746331,-0.7438503330108363,-0.09450641028,0.3661234005,-0.2843668516,0.0,1.4579797190617416,5.098681808,36.39820241,11.38785599,0.1934537568,53.96419523,0.1287815026,85.99003509602151,0.0,20.16532066,0.0,33.77213846,0.0,1.399253464572097,3.6120317924122594,0.0,-0.8652788769644979,0.0,0.0,3.3291725340998672,-0.013130774524767028,10.20861798714303,0.0,20.16532066,0.0,0.0,4.808350992,2.503804468453167,0.0,3.769975202178667,3.087574151700718,0.0,0.0,-1.7558511808652404,54.46,4.410513894525115,6.800856187453355,4.436269096787174,0.0,0.0,3.6589428656403244,0.4238365946,0.4312208333892157,0.0761440227,0.0,0.20848946136984153,0.7425834825764976,40.368615125811345,30.60576651
145.9770422,152.953981,152.6842497,157.4450447,3.345132743,164.3073057,2.631858711,2.8434623988704706,2.624958292,51.38666017,0.4913978495,0.01612903226,0.6609351873294202,0.9270728327450508,0.23096770355400073,1.606975805,66.64405362593891,10.367881971007051,13.71306515,79.47213322,-8.124599502,2.4076632054915814,-37.51675171,0.6894086529,0.43078225948643056,-6.04,-0.032998737365310754,0.4453074955460836,1.0298353878001316,4.448569489723333,2.104484741,1.194041746,-4.394128227390876,0.00148,1.991522641932604,13.860185968782833,9.994283988530665,45.37412621,16.69035448,22.966532444698238,14.414482576994928,0.008602150538,0.01518817204,0.7708333333,0.055083292410721706,0.663694868,0.4977187343,1.160368181,0.9705012672865942,0.8593066484,1.005233256,1.126869159,1.018835717,0.786586176,0.7802333168,1.119522259,1.033742759,1.129072193,1.13598634,0.9831429282525715,1.1610947468945576,1.029176312,1.079834249,0.9583783785,0.9829832107,1.0122765450742843,1.329678525,1.32374746,1.1353821888218076,0.8970563132,0.8266628624800478,0.8180613897,1.173372775,1.1165994356350386,0.9653634742,1.146837014,1.260601618,1.156194186,1.080027722,1.020986166,2.138780913320444,1.2627643364120287,0.696462585,0.5130385488,0.05126158030517072,0.058248991046137566,3.623435714,4.504467822716109,0.05507780047725858,0.04419753086,0.02134785421617035,-0.4186140335696918,0.27703708160709073,-0.19572898396929692,-0.009400924818,0.204855339,-0.001069349544,2.204546418,9.101594383195247,3.25,2128.759623,26.14319643,-4.681897176,2.3860287513105796,-2.2677814524159947,-0.33409894394093487,-1.321207125,0.7310513276467485,-0.8115525532321918,-0.3160646832,0.214884952,0.2585630642,5.316788604,0.5001191412817594,5.425791397,52.80517724,10.57107519,0.1655533624,24.93919058,0.1023502624,85.4825475915473,0.0,20.40266096,4.992404733,11.38785599,1.628356245,0.21532138663769107,5.876375828932518,0.0,0.07148202916683583,0.0,1.035422336,4.1934865409270925,-0.03257998694593335,15.516224419342652,5.13155848,21.31540493,6.544756406,26.93698721,4.84886367,2.459519910562671,0.0,6.624417917144454,-0.969442853265652,0.0,0.0,0.8352382594351929,67.51,4.722148486913853,12.995553656116318,3.2099938783237993,6.966363136,0.0,3.50356945073055,1.189562466,0.40239798045610176,0.1146045727,0.0,0.09921099245848568,0.34812905416561857,55.48544833051483,33.67938053
145.817401,151.454821,156.37978,158.4971748,3.390909091,159.5717647,2.801690821,5.038176405459351,2.878185525,48.00479604,0.4731182796,0.01612903226,0.6598605501286589,1.0983025620927631,0.19025333778863984,1.629104529,52.20843418983702,9.337995480874604,9.9336,56.6336,-8.894,-3.4175859888648175,-31.4544,0.6841461785,0.4346782189569451,-5.51,-0.025891701061176605,0.5146163258860162,1.1806261244518688,8.747380909756032,1.961800927,0.919483369,-5.2189128745390905,0.00417,5.701457757573239,13.6129990852071,28.95230627555058,45.60046608,0.0,15.672609480328385,3.545775484958531,0.02688172043,0.0311502118,0.7828282828,0.029763813926818743,0.6667444211,0.4979332692,1.169962633,0.8705003016213289,0.8296626622,1.193766716,1.146201083,1.106385139,0.639184295,0.8657354966,0.8665076443,1.103095554,1.006789333,0.763072638,1.0629383343952687,1.116113528712918,1.044833316,1.146620997,1.028728037,1.137795025,1.0946287937559496,1.171247205,1.006796422,0.9524147524422402,0.9733196061,0.8302706225026917,0.9415522302,0.603465499,1.0709883905353816,1.108686691,0.9506436683,0.9762147202,0.9730941466,1.028422971,1.054031506,1.6972814452165321,0.9879003120353617,0.5723809524,0.5755385488,0.20109223247585686,0.5058351850869487,3.682055263,4.645084502417953,0.07544288464263396,0.04273901809,0.018302387037121216,-0.4525603456745252,0.03298392882448123,-0.17152202628246116,0.03947820925,-0.09407240204,-0.02998873392,1.982741402,8.953215734706092,1.29,2576.189981,30.81824387,-2.924066127,1.6479122227662764,-2.285635429410538,0.401728889092797,-1.877329191,0.6754854679340294,-0.595083760595057,-0.5710128707,0.4713133612,-0.4117141428,19.77449303,14.902787430377074,5.261891555,6.066367068,35.25921319,0.1689938919,151.4360865,0.08598838109,152.82412993705358,9.473725908,14.95193556,0.0,40.21348046,0.0,0.2799005125563163,2.920213085097935,0.0,-1.18219346044807,0.0,0.0,4.101328303122692,-0.01852326035400965,14.60034235606506,5.687386275,21.74487787,6.544756406,18.25485007,4.848604167,2.4727802614357515,0.0,-3.3979348737355086,4.086516359976612,10.98149734,0.0,-0.10186190919343006,95.85,4.301055740126555,7.8514180373260105,3.9956340791108285,2.688647868,0.0,4.808569310049135,0.7589589384,0.36212661327215295,0.06263564417,0.0,0.3607520240800632,0.8989831057036634,55.15298896134124,30.3948269
145.2236585,149.1514683,154.0889835,152.6440717,3.3125,161.9569224,2.633499171,4.916867749550017,2.324404762,49.49423033,0.4818181818,0.0,0.6829264198080542,0.9589000408012003,0.2221369592905562,1.72006025,65.86501706965228,13.301108750908698,9.592592593,43.41666667,-5.24691358,-11.648053887051327,-3.444444444,0.6791339464,0.43209553409417784,-3.95,0.03365421907136909,0.3824554792099931,0.7752889579140497,2.9041372021362064,1.964695999,0.9308270835,-5.114290085224977,0.0195,-2.7503696586648645,10.148864293538196,10.150939995085679,39.1116119,0.0,-3.078251189631249,12.593351867258605,0.01818181818,0.02055335968,0.752173913,0.03742871914435901,0.5547337278,0.481025641,1.001194482,0.8512264416725962,0.7998243965,1.165050455,1.016483516,1.144084148,0.8941783768,0.8655335382,0.9818617667,1.077631579,0.9261065715,1.054548473,0.9306223931529092,0.6538696771971986,1.042631579,1.117415903,0.867221107,1.092548077,1.0087868919264844,1.225300192,1.097782018,1.067616809812509,1.166075949,1.0004590203504882,0.9568820966,1.147146907,0.975044837814992,1.174328358,0.9251387058,1.042223191,0.8532268875,1.0,0.830404064,2.1123673020706097,1.0969675800454444,0.3192290249,0.1518920068,0.21490538358725259,0.18594945378359104,3.205229003,4.592609300829444,0.07883803532679323,0.03140522876,0.01578715571144568,-0.46750290353373625,0.1783337777531414,-0.09895023235926634,-0.009073121504,-0.1330254378,0.005526650006,2.081466837,7.827699454963209,1.98,1298.743643,12.03307684,-2.806878962,1.694628398718236,-1.9626764143687054,0.51753942482154,-1.118763185,0.5376040421335561,-0.691493907255609,-0.2748183316,0.330003265,-0.1698428165,0.0,0.19441494752798683,5.098681808,24.26546827,11.21062871,0.2077652636,48.49656944,0.138308809,134.84514788540224,0.0,20.16532066,0.0,22.51475897,0.0,1.3145030111741363,5.6878592274322815,0.0,-0.2535790309988405,0.0,0.0,3.6678431556315108,0.04905030799002714,5.806427833114043,0.0,20.16532066,0.0,6.9237372,4.899567567,2.540135513428146,0.0,0.7819273913050077,4.287203085532889,0.0,0.0,-0.6335259945910641,54.46,4.168261442796971,11.967917477912255,5.782641932215862,1.983792569,0.0,4.02996754389696,0.5306069401,0.3512263661710826,0.09087175382,0.0,0.28270012057992344,0.6803107300134019,51.2950171402334,27.50802119
146.8104866,154.9455879,161.3904776,160.9577363,3.082644628,159.608501,2.497516397,3.6922821336073697,2.308666088,51.13517741,0.4811111111,0.0,0.6890816769618464,1.1275013127890203,0.2112997182909784,1.518409135,80.35313550192868,13.895872901860042,12.66836735,88.99589002,-6.530612245,4.422905165908937,7.893424036,0.6974691495,0.433707280004186,-5.98,0.040976678755397004,0.39299342000867227,0.9580717525940873,5.930577265819838,2.03479173,0.8531149556,-4.210380739131018,0.0101,9.027456094973491,-11.804477780324316,5.610747911186759,77.20433024,0.0,6.979301273881363,16.342680388689548,0.01888888889,0.03368055556,0.8052083333,0.04239267779206727,0.6948367859,0.4705006297,1.313549791,0.9403224527718635,0.9773250885,1.078827989,0.9854656339,1.174396416,0.6455485653,0.9440614041,0.9543023615,1.020392696,0.9605082762,1.121669844,1.112002914094292,0.8735155532268835,1.035828361,1.05234692,1.237345569,1.148989899,1.0149475412660875,1.028396791,0.8819080523,1.0605099633879609,1.118439868,0.9321437230801183,1.100297595,1.33869002,0.8840476931982825,0.872814873,0.9848130722,1.152231848,0.855673272,0.8935884108,1.056761062,0.6094000531581361,0.9095608194292175,0.6630839002,0.3680909864,0.2929353286076701,0.16872898340260134,3.772563192,4.980944184022634,0.08013645366586009,0.03703252033,0.017076114231487527,-0.5023784420884847,-0.047657054874165855,-0.0332647582096649,-0.1396544643,0.1485603848,-0.02193898849,2.029786661,11.828698468955835,1.53,2440.144633,26.87280381,-4.113241296,1.8434151457408745,-2.357861788667291,1.1558434652031262,-1.666890384,0.06755959989699795,-0.44311761362001034,-0.08270949534,0.3802555449,0.2006403332,19.77449303,10.616726575285274,0.0,6.9237372,5.693927995,0.1646906487,156.0293329,0.08379878171,121.9047694781604,14.26826309,20.26872417,0.0,33.45795484,1.587612778,0.022919050055201784,5.67054997442418,11.77331419,-1.4092717520827318,0.0,0.1215681455,6.797411864611609,-0.017037482374032648,15.20277178619703,0.0,34.196814,11.21535881,6.9237372,4.830967851,2.560398223157082,0.0,0.0688438520620619,-1.9076721335371805,10.97043888,0.0,-0.9271956767011456,89.13,4.450459509148982,14.808539547371169,5.638910343755272,5.025525567,0.0,2.854598780089714,0.7368419724,0.4653034258467236,0.07931626887,0.0,0.18148722063394496,0.5465966554838853,48.860285667283065,29.65311583
144.8518441,149.9881012,155.3636532,157.6931515,3.032520325,154.5679094,2.82893139,5.008335697541226,2.695365392,50.36298046,0.4822916667,0.03125,0.6308278480520453,1.182651392798854,0.217841489416057,1.560052763,90.96620362587944,11.769057805974901,10.00411523,39.47919524,-8.141289438,-2.132722926149772,27.95488493,0.7099052407,0.4271389323869188,-6.0,-0.09033353837150415,0.3952254547332026,1.2154931879072872,5.490712486739758,2.284998682,1.269061574,-3.9717928481116545,0.00274,12.725138264484144,13.738165247516857,5.6535439189231145,28.32608003,12.13273414,20.51564552757375,6.37334274443454,0.01770833333,0.04544642857,0.7847619048,0.04007236622260219,0.8966165414,0.6036328946,1.168977784,0.9702951110823821,0.8681259562,0.9734439353,1.25262605,1.189421644,0.4713705458,0.9195295294,1.380123951,1.159431485,1.084104458,0.9958271232,1.1087734714936335,1.0338102007993868,1.073288732,1.041194715,0.9550015946,0.9471075015,0.9127039430362432,0.8686346981,0.7333420852,1.1131078948266413,1.116942927,0.9183769235088886,0.9046024589,0.4150866558,1.0054998625239717,1.088137734,0.9808866168,0.9483155915,0.6461930756,0.8244531911,1.040606778,1.8363089921454663,1.0398013069618217,0.747755102,0.5451388889,0.2040786159129532,0.20969047457968212,3.46988882,4.7016828771308585,0.0691587715536817,0.03555555556,0.021933119876520923,-0.285049163307576,-0.011422065776665505,-0.06800654017352614,0.03678436028,-0.09808841692,0.08083754567,1.956776304,10.938612319892755,1.72,1583.778718,27.70344158,-6.23262373,1.4679588064073137,-2.4605964859314313,0.8195640866879912,-2.17389194,1.105918322827799,-0.8760832014471257,-0.6929963442,0.2609508786,-0.2832484972,10.05365156,7.4703416046913675,0.0,12.13273414,10.58941147,0.1853540001,59.70582193,0.09678598997,-113.17272158957005,13.15465994,9.967957042,5.138973738,22.88687966,0.0,0.444364262523559,8.0146407936444,22.8538944,-2.4393128431258204,-3.726252327,0.0,3.436018208678539,-0.026669040018780076,3.2668152336310046,11.37477255,18.38575403,10.02329115,13.8474744,4.832039031,2.5573617856937783,5.152395327,2.330733678746458,0.5200524361541414,6.203574971,0.0,-0.3653062853900526,107.2,4.363957643890954,5.0690943342339825,4.117958233569187,3.942310562,-3.726252327,3.3798581346957453,1.382938484,0.3891164316005258,0.2224053718,0.01964185503,0.25870727986302877,0.959859919043944,58.199242703449016,34.67418752
148.3230437,153.6196862,158.2335831,159.0367467,3.324786325,161.5850396,2.633242999,2.8763314570538485,2.739921337,48.96478823,0.4774193548,0.01612903226,0.6600653400241386,1.1159861269187388,0.21175446193878245,1.612747941,106.7831607378283,9.849985687559993,12.0,65.47633136,-3.5625,-7.126208254159873,-25.18786982,0.6841461785,0.43537313898319285,-4.58,0.05949904845555993,0.43288491174147037,1.159563876058036,7.335679164779105,2.132438035,0.8456570856,-4.29680748740896,0.0115,4.917050725244761,9.381408420297992,7.011963742200363,51.58983439,0.0,10.35125567731038,18.847217204173205,0.02258064516,0.02971652004,0.7606060606,0.03558156610283586,0.6428571429,0.5037471091,1.238129516,1.0649502922871559,0.8585909922,1.14261408,1.139717425,1.191183018,0.7953667954,0.900011591,1.056694826,1.114508656,0.9893753369,1.051190186,0.9509181104721331,1.1327803861605987,1.029734892,1.106422981,1.067098576,1.128205128,1.1057574215011687,1.143922242,1.043999223,1.1333767259024696,0.9905473011,0.8024540976465866,0.9497406268,1.093573869,1.0734321835518448,1.027032773,0.9426768748,0.9047231493,1.063615802,1.032676137,1.047450283,1.6277672602519901,0.6860429885436271,0.614829932,0.5130385488,0.27784955034589115,0.17647307849457958,3.568001683,4.870426708723502,0.0726754384244182,0.04176767677,0.014826517979748523,-0.5949478205563505,0.12008721633735367,0.06564860981382228,-0.0650879799,0.01834894948,0.0631322927,2.054083455,11.48050970036564,2.38,1978.727963,30.16194004,-2.914043676,1.2277146400879322,-2.384824404822895,0.40109813661297566,-1.855129128,-0.012585527439003708,-0.5845481692863458,-0.2290486959,0.4462532875,-0.2151664385,10.30076712,8.421754804770096,5.425791397,36.9300771,23.62654039,0.1554784522,32.88446216,0.09093358166,113.79516426730424,0.0,25.38663948,4.992404733,11.38785599,0.0,1.2824889085428195,2.892712078606696,0.0,2.150876107134151,0.0,0.9374637514,5.375167130549546,0.009644860478822313,13.015897100879599,5.687386275,26.29938345,6.544756406,13.08951281,4.848683342,2.524728039264974,0.0,1.6360632994404425,2.7751439376362415,0.0,0.0,0.49921185647701627,83.3,5.142229170594375,6.982481913962425,7.563888136576847,6.3612173,0.0,3.388517149516362,0.7694695736,0.4384689463196984,0.06365387513,0.0,0.1557516036693155,0.6389633681946827,43.09715688526444,28.45934377
146.0295952,151.7288371,154.6627463,156.1004405,3.621052632,157.0994275,2.742881706,3.301700730077295,2.677557468,49.68752494,0.4982539683,0.03333333333,0.6466039272592149,1.0083638243524995,0.23695170365581794,1.540160503,77.9395176435445,15.154382286356274,8.401991852,49.75638941,-10.11815301,-10.582267001601297,-31.07342577,0.6833808251,0.4293830599316161,-5.93,0.0803623131564247,0.3793988399238671,1.0655226563724467,5.499625243449752,1.807395762,0.7932811173,-3.4046329692378516,0.00156,-7.583386143867246,16.11305253672363,6.558343782966829,49.41545461,0.0,8.572655892814446,13.587824384704833,0.001746031746,0.01650793651,0.7952380952,0.0364700951546828,0.6944113059,0.5479366939,1.133422462,1.0412116112130763,0.7741049506,1.009401761,1.066716163,1.084240045,0.9035310174,0.8152846252,1.080872133,1.034808065,1.04088595,1.053893075,0.9177276143676103,1.1864079781273533,1.020081767,1.170605241,1.121812825,1.100615814,0.9747862417568478,1.114826791,1.210754579,1.16448802957052,1.104410906,0.9840688819074266,1.077711062,1.34971943,1.1816167223093341,0.9855352278,1.157535078,1.309873378,0.9683884234,1.04519691,0.9739428997,1.3569323575918353,0.7673402180608703,0.614829932,0.5130385488,0.26122944234440326,0.21056688946713265,3.74719309,4.646623120676209,0.07863586278254135,0.0428042328,0.01733802362628042,-0.3879324316412789,0.17084053648572373,-0.16475186502375594,-0.1694435568,0.1491834056,0.02905196501,2.03676864,6.487860410577022,3.31,2247.95735,28.23679974,-5.243183098,1.661285831920135,-2.6240716989217154,1.047325664642273,-1.098944915,0.6705831725525155,-0.7061626093443024,-0.2790525781,0.325438258,0.1796228561,5.316788604,16.965683058199485,5.425791397,47.21284708,10.57107519,0.1704897904,23.0877971,0.1054022832,-19.333059588665634,0.0,20.40266096,4.992404733,11.38785599,1.59117158,2.6176921174427856,4.416109217013811,0.0,-1.5745706108119117,0.0,1.013529331,3.84216204917627,-0.0006806100251347457,18.229273423347216,5.13155848,21.31540493,6.544756406,13.08951281,4.848631425,2.4820093697643038,0.0,-0.17391690457780384,3.054190757033015,0.0,0.0,0.367571606847898,67.51,4.585729890151642,18.220179256405252,7.202484641574937,2.616691449,0.0,3.524260387516279,1.045211369,0.42411502915913446,0.1146045727,0.0,0.26799141266396526,0.7689421381109649,44.740389337198366,30.98343595
144.1851809,150.8419307,157.1409259,157.1307331,3.634782609,156.3895983,2.343209877,1.3598739967565794,2.098566308,52.07746353,0.4851851852,0.0,0.6538811153981867,1.046863775269502,0.21674168062735535,1.785102788,69.29905703346344,10.096441079907432,15.6122449,84.22907122,-22.40816327,-1.9996425166471181,-138.755935,0.6807446078,0.43081401636901634,-4.91,0.024521430403826792,0.4459421813558995,0.7745082427543013,2.23679370276045,2.273263854,1.066625765,-3.5783191090830364,0.00274,-0.26172559698690856,11.840979602576168,-0.2917613132401531,41.98488435,22.20705519,15.764137886043978,-6.6730610767920115,0.01481481481,0.0,0.7592592593,0.03627122573123538,0.5886792453,0.4237798681,1.131625525,0.8421963653905603,0.9097212439,1.291044865,1.006451613,1.189452481,0.7820508886,0.8877379939,1.145307783,1.048971596,0.9769784468,0.977530557,1.0125039419289636,1.0671142640435674,1.191190135,0.9299587479,1.294388551,1.32173913,0.812234996489149,1.228789108,1.07607442,1.1203443310099543,1.223242147,0.9767233330650411,1.069253308,1.169309747,1.1216067729103922,1.309652846,0.9765857501,1.01391603,1.07729835,1.242377808,0.9516078848,1.5857567008093618,0.9614067972655269,0.5251247166,0.4453656463,0.26618321381163196,0.3191777173974768,3.34144599,4.923732599469315,0.06252143335355213,0.03528395062,0.023995799834065287,-0.49475316594371693,0.2103988766476366,-0.10785825048980971,-0.0723920825,-0.1537992578,-0.1695336829,2.151216564,9.551515614885659,3.09,2086.58422,14.69025353,-4.575509382,0.6940333375817377,-2.465089512536483,0.6906674919147829,-1.338907896,0.5201856271375743,-1.1058830786316598,-0.1111993468,0.2818209518,0.04606378681,0.0,6.4651591080115764,5.098681808,38.11294267,11.21062871,0.1811246968,10.62986842,0.08022885623,137.38700664794925,0.0,19.74844179,0.0,22.51475897,0.0,1.3267437797954378,6.665556096738327,0.0,0.22434204583090667,0.0,0.0,3.0811768469519216,-0.002725786000477129,14.69942997357523,0.0,19.74844179,12.96557803,0.0,4.998950662,2.355549227485728,0.0,-0.45536408406483597,0.5704120572960396,0.0,0.0,-0.8065020334334737,43.6,4.361997373695088,14.755834734104303,5.558890453716811,5.33564435,0.0,5.6480967251854715,0.9048170651,0.5545266705079865,0.2052184453,0.0,-0.025180511676814482,1.0845761808660317,42.9236990334857,29.28526947
146.6826228,153.8360163,154.393322,155.5745751,3.354545455,158.4971807,2.765855725,2.2381513669551616,2.653451178,49.79497264,0.4860215054,0.03225806452,0.6676271263874054,0.8669360183523227,0.20697913153701852,1.551471636,58.191454254906134,7.045113775842072,12.51557093,65.71322995,-10.23529412,-4.669613927688368,-9.547396301,0.6841461785,0.4336023810885052,-5.44,0.1855870495075858,0.4650223291784419,1.0004669648124933,5.209460387672913,1.908587457,0.7850803925,-4.370189502760024,0.00508,5.35655880975475,13.734818369713611,1.262399437501628,50.14233313,0.0,20.596488269308498,12.975339830219895,0.01397849462,0.01596102151,0.7947916667,0.04054885235829813,0.6231671554,0.5229137409,1.192605992,0.8926744064816755,0.850069437,1.154989437,1.066308244,1.032417708,0.9945878704,0.7856842935,1.051754668,1.086841448,1.062812281,1.036202292,0.9348282672596385,1.1028284976426757,0.9933038209,1.204043191,1.124858731,1.074963343,1.0046680984806338,1.08234411,1.094985792,0.9218964639346034,1.074392778,1.048474489876619,1.042817834,1.179787543,1.3000894841622281,0.9371297311,1.216995818,1.444234896,0.8145217849,0.9601867527,0.9243527456,1.576576163647342,0.9596615879898178,0.5723809524,0.5755385488,0.21246251097604563,0.1874981918145967,3.763837885,4.749360606120816,0.07655922535762225,0.04273901809,0.033138877182145435,-0.5500894005412239,0.2654583504219865,0.06891493905668883,-0.09346467055,0.08357969071,0.05190511898,2.043666788,9.317380741665865,2.51,2348.487522,29.51563794,-4.40313787,-0.0009448279740233989,-1.3935341466351283,0.6973827829819094,-1.630922844,0.05404319350942466,-0.9465133746741321,-0.1549428418,0.3293047376,0.1962706546,10.05365156,12.583717282753025,5.425791397,35.61190719,17.68087273,0.202199992,91.84114925,0.08993796578,193.77026839542825,4.736862954,20.40266096,4.992404733,17.13736782,1.602924671,1.2084350548099327,5.8954482920543105,0.0,1.724131638808281,0.0,1.019725553,4.385743427149248,0.03577976568433025,8.125635845249393,5.13155848,28.42520247,6.544756406,13.08951281,4.848604167,2.505270814653504,0.0,-2.607242658075918,1.27072914616789,5.234125561,0.0,-0.9381244775415756,76.74,4.2287340668901985,-0.09935798745919033,4.500433808978177,2.652372549,1.66852335,3.776713418334708,0.9242705142,0.49043900530697015,0.1146045727,0.0,0.09966159102017128,0.5817509274331778,51.398164028853984,28.80703149
144.1659287,146.4611805,150.345674,150.3059358,3.657142857,154.7125873,2.936661299,6.245925653847651,2.684210526,49.53705226,0.496969697,0.02272727273,0.672769632826898,1.0171770493836858,0.2334209797672662,1.640588694,96.27849048459525,12.709351167847721,8.211072664,21.16224529,-5.321799308,4.131582812174497,-22.92387543,0.6791339464,0.43293471477702516,-4.75,-0.015266194998116423,0.45101266832966314,0.9166583115026787,3.787234021229346,2.011192365,0.7544554251,-5.21886182085921,0.0162,0.394336368275225,9.847516757766304,4.210595772913527,32.6009031,11.33678588,0.028474536716281307,7.727379985379857,0.00303030303,0.0404040404,0.7444444444,0.05415259106872673,0.5650495216,0.5937989958,0.9628516733,0.9814655235037922,0.7031077067,0.7048065247,0.9462143928,1.006242703,0.9104265979,0.8340751701,0.9053621883,0.9828753946,0.9761923985,0.8028395177,0.8746787663005022,1.05574346065725,1.104870018,0.9230244328,0.835696625,1.319121562,1.1504498815965283,1.28671453,1.442003887,0.9592017976837821,1.025769534,0.9890837315700242,1.20936127,1.177296248,0.9676690250456225,1.090468362,1.076783703,1.033600916,1.23099474,1.169939481,0.858760415,1.8124443125663567,0.9994262924714598,0.3780498866,0.1770833333,0.2199250814544375,0.0906472641421298,3.076270476,4.647688560758371,0.06986694128020991,0.03416666667,0.023120324057933767,-0.059890034604894726,0.06457114702360056,-0.03918097619866544,0.04176821451,0.04045248734,-0.1920347354,2.070040155,9.316479314312662,1.6,1489.676249,15.30505723,-4.157887985,1.7098616714896209,-2.7128117489029044,0.27535447430048265,-0.7328304335,0.35886919175479876,-0.7755658484230358,-0.2856833452,0.1745109829,-0.01243551986,5.733667477,9.23877497952333,0.0,29.53588708,16.08777591,0.242259347,85.39038714,0.1166983833,30.32535271469876,0.0,14.95193556,0.0,21.69797817,1.488243575,1.2602639572423784,5.650506477901854,0.0,-0.4780223996652856,0.0,0.0,4.984891985099875,0.015144805107875494,5.532391876844975,5.13155848,14.95193556,0.0,0.0,4.90972599,2.492620574198318,5.969542549,4.095790108528681,0.7227069891922129,0.0,0.0,0.46983277201737883,64.69,4.058917343043907,9.716981029016617,6.27861766038011,0.0,0.0,1.6854057855239413,0.6593293144,0.42093945523725634,0.1365279666,0.0,0.28165760367595083,0.5601768039257926,42.30512740570196,27.33328184
148.0103313,152.3722909,154.4269117,157.515908,3.467889908,158.6717354,2.822416552,6.0332213917118285,2.890273451,48.38728898,0.4833333333,0.015625,0.6577120517418431,0.9387026569115254,0.21405182389052935,1.512636097,114.16800866333892,9.330455509708447,10.85274894,55.63018497,-6.093425606,-5.859894656206549,-2.323379897,0.6899617195,0.4325425140349893,-5.01,0.005877317199708951,0.3477753117970712,1.0595901662761888,5.861745525381,1.75887232,0.809494363,-5.531510139975977,0.0221,8.519983672958453,12.45893967857408,18.416614283046144,44.39282129,17.67532124,22.983033595257336,14.74157136422404,0.01666666667,0.04455357143,0.7752380952,0.04276479674400836,0.6826911885,0.5078511369,1.110554208,1.027063449794231,0.7856332165,0.8104667601,1.109748378,1.064475138,0.5446149243,0.8393745447,0.9755157886,1.089866148,1.139410328,0.9689674695,1.0559230155828725,1.1707674942723,1.032431477,1.011680714,1.020690408,1.123295234,1.0029787379342552,1.177260175,1.239492011,1.012919112914344,1.01916061,0.9686109294492665,1.351042941,1.078624449,1.2086740154937712,1.087785984,0.966006522,0.9435333642,0.6649973381,0.9409478723,0.9986526776,1.2205094237602083,1.1418432497029651,0.614829932,0.5755385488,0.17738367316707776,0.18403754136737102,3.913553022,4.640620204530636,0.07498113136552581,0.04256038647,0.016543806444863474,-0.37715124270876255,0.21931693170198643,0.019477068035558993,-0.0674455178,-0.08773079389,0.05935970433,1.990290858,8.660108958004455,2.06,2650.995469,30.0460976,-5.389817459,2.121856545477246,-2.428675279248006,0.34771766794137,-1.673764192,0.3720942657210681,-0.49489180530295446,-0.2951343705,0.1437584533,0.1172464586,11.05045608,8.134072016908638,5.425791397,35.61190719,16.26500318,0.1373791195,133.4514031,0.09326709456,75.56244827459527,4.794537184,20.40266096,10.72607221,10.57107519,1.531695746,-0.16907811839065467,3.854764910799673,11.46331847,-0.816470178429819,0.0,0.4731742973,5.282576093781762,-0.010750172234730963,-1.5608154185407814,5.13155848,27.22258466,6.544756406,13.08951281,4.84878054,2.4986206033669194,5.397661056,2.4118158960421328,2.0516348713745662,0.0,0.0,-0.8222491842479673,110.6,4.235099278902346,7.874405316316339,5.266500393065004,2.479594771,0.0,2.982812313746371,0.9984880308,0.6112300954864067,0.1269440053,0.0,0.16977623908370554,0.8752500807633351,45.434565784582276,30.95894759
146.2472804,155.0665108,160.0276797,159.9665408,3.226027397,160.4586872,2.301198257,4.016729530548551,2.331757289,50.61721457,0.4754901961,0.0,0.6230099724119282,1.1066070122374552,0.21137463021372205,1.669179994,111.85312265535742,13.855461036742318,14.48652053,93.66565886,-5.41723356,-8.41739893528013,-42.11413454,0.6737412396,0.428701701372215,-5.02,0.003645048450148042,0.4716721511884447,0.882602635668558,8.533625801772832,2.454275736,1.022323364,-4.9196158902538984,0.00361,5.238210745679087,16.044800527809535,8.690513563567436,83.89487604,6.420821623,7.37838543995727,17.76849504942611,0.02450980392,0.0,0.8039215686,0.04947939049175068,0.6592034203,0.4998098034,1.341906357,1.0122429960248436,0.9885089361,1.385687364,0.9870040283,1.169470853,1.02202004,0.9218194606,1.201758997,1.102617453,0.9743470307,1.170926028,1.0511059370954494,1.0993977776522088,1.167587636,0.950950482,1.211932411,1.059541571,1.2320324141364523,1.16071508,1.03738592,1.0491134762408054,0.951149575,1.101662639365561,0.9557179295,0.9964098172,1.1038353651053412,0.9101594863,1.019900356,1.014957504,1.075495661,1.057963164,1.041049839,1.975872876981196,0.5351189723685774,0.7340136054,0.5217191043,0.3181659516449383,0.15579301591329325,3.523004188,4.391499149910665,0.0691514429625182,0.03283333333,0.019137671980525506,-0.34871609099829604,0.03084299939691275,0.11025176263826081,0.01987775498,0.1411001885,-0.04150680153,2.176777181,9.18825488534666,2.52,2336.466524,28.28447932,-5.251998152,0.2361562434584067,-2.477448370781327,0.40383542492861363,-1.940031414,0.7740420916465631,-0.6391168493699975,-0.2424870751,0.3372714553,-0.08202178319,14.04082556,22.42189875620435,5.098681808,18.20875424,41.90021587,0.1456046687,17.84970761,0.06484728411,52.579953094053266,9.473725908,24.31554143,0.0,22.51475897,0.0,0.8902684662483014,4.432019428326238,0.0,0.876243655968944,0.0,0.0,5.986441342668529,-0.00821814457876525,9.339251795444108,0.0,43.81933209,22.56323872,6.9237372,4.942378428,2.4949783504089353,0.0,3.8725161092027016,4.092081507745391,11.54632504,0.0,-0.08942827742279459,66.99,4.470022625150769,11.810816501272233,7.469008759687696,5.186592111,0.0,1.7753668064148742,0.8190725202,0.45358479587592565,0.1288113406,0.0,0.21139987106621194,1.029154784656452,45.26777608140484,30.02085899
147.1889596,150.5716193,153.3000036,156.5291915,3.472727273,157.0717226,3.905328798,6.060740533790099,3.804257529,45.48331132,0.4644444444,0.01666666667,0.6412797625511949,1.3094646392771283,0.21598507609667184,1.557441303,100.83181492066565,10.89465116317811,10.59924386,39.74102079,-11.68809074,0.6016174162241619,-35.96030246,0.6888187153,0.4309383248301054,-4.4,0.02459353797181211,0.46908085280230344,0.8490210295594325,2.2738435403411836,2.017017473,0.9830278467,-4.163145831129235,0.0292,-0.9729505144276986,6.1690436853551835,10.430914823225017,0.0,4.681802935,16.418920611957358,12.198149753032926,0.03555555556,0.05050505051,0.8050505051,0.04537196315141484,0.6291793313,0.4916131253,1.035286165,0.8970539174066501,0.7707667714,1.060415245,1.077760892,1.106167404,0.5904261633,0.8555152636,0.7549113867,1.000354625,1.142212589,0.8753185132,0.9722278531280187,1.0520811349392556,1.047029998,1.19186736,1.101000288,1.029566179,1.0909278313059705,0.9991903616,0.8821284576,1.231754078371254,0.9582893529,0.8487405458292829,0.8639818236,1.008770503,1.1852369973752757,0.9766345731,0.9850828399,1.070424328,0.922099812,1.03765017,0.9372538201,2.4469390146569303,0.6433570638908704,0.6815419501,0.454010771,0.3365825329364343,0.3319540422618947,3.506544483,4.778315272766924,0.07804608653343975,0.04024305556,0.02101749962712312,-0.27192196506728467,0.18354415315466135,-0.10338015389453535,-0.0008832956259,0.005339956495,0.08903173059,1.850266211,11.527919741645619,1.9,2079.53101,28.59171415,-3.363356727,1.7890401186159806,-2.414565435061061,0.7004093743108073,-1.700926633,0.18784760343300694,-1.0018588149393588,-0.4891252624,0.2840054021,-0.4165042679,15.20739338,0.621139194812498,0.0,12.13273414,22.63869376,0.1536183472,166.0474505,0.09459016054,177.4944064592747,14.26826309,14.76446326,5.733667477,39.70116891,0.0,0.7607330352411973,7.332944043204085,24.77564615,2.3118342774156124,0.0,-0.5318461614,7.503268760550715,-0.010092517084050723,0.8891488798883023,0.0,27.4645853,0.0,0.0,4.91143227,2.4365836858992593,5.31165637,-0.03965283887301585,0.3966496799263548,10.84841365,0.0,-0.029618210268265124,112.23,4.7404321163698135,4.320982909486414,6.99330341055456,0.1482791863,0.0,3.167895598006586,0.7090739295,0.5805869642178194,0.1275821809,0.0,0.06989269369682997,0.5528777175584145,48.71892919802045,33.15744284
146.706832,150.4211916,157.2180287,155.624632,3.840425532,156.0129653,2.43079922,3.727671636593007,2.243333333,49.63941333,0.48,0.02,0.6771441822558448,1.0856017818561596,0.20622438074837368,1.703290391,99.4177092521159,13.023480402620407,11.6122449,53.6553288,-10.05102041,0.755053435201698,14.71655329,0.6721101656,0.43243443856634994,-3.53,0.008003332810193057,0.4642745960987447,0.6877464942009623,4.126376619340223,1.820130285,0.8012258203,-3.451218926786952,0.0421,2.571247753706979,-3.769028181044024,25.200401704668415,52.92801834,11.25737949,16.21679176307561,23.13050329694217,0.02,0.03555555556,0.7444444444,0.04905986272836959,0.5510343119,0.4743616174,1.055773505,0.7603514653168653,0.80721541,0.9749569999,0.9644239901,1.205106589,0.7001265587,0.8953403162,1.024612699,1.040906118,0.9399790296,0.9690291201,0.8667749019106122,0.9881110607077527,1.105480018,0.9861356458,0.8739925742,1.400466752,1.0812037300124537,1.176638495,1.014284157,0.9284461924245606,1.245755025,1.0365785391245357,1.122149969,1.004089861,1.042999685204944,1.078065299,1.038318774,1.189776802,0.6434846924,0.9164666449,0.9073254434,1.9600148754207745,0.932626766775896,0.4654875283,0.2864583333,0.207235126498721,0.30837201354075977,3.572187138,4.633494125500862,0.06945133847256595,0.03872628726,0.019221074084462855,-0.6466058356451525,0.09830875217631009,-0.05711433279915171,-0.1178067524,-0.111457323,0.08409987397,2.070572562,6.122675973367647,1.88,1931.093636,19.72200878,-2.909515047,2.4764524348702945,-2.4522402830211534,0.7111024873913814,-1.337104184,0.3189036417686086,-0.773439550401124,-0.135393362,0.324797326,-0.1713641244,5.733667477,16.531711744969147,5.098681808,12.13273414,11.21062871,0.2401462188,89.25961711,0.09410124994,99.85439087959628,0.0,19.74844179,0.0,22.51475897,0.0,1.0738273980508761,5.284206277751997,0.0,-1.3705354076206195,0.0,0.0,4.547737930918006,0.022958341070854555,2.7980513591571032,5.687386275,19.74844179,12.96557803,0.0,5.002782686,2.5162819519005204,5.937321415,-1.1431934320004005,3.7234095739726043,0.0,0.0,0.14678881897704357,69.62,4.6774569179348715,3.869954773462439,1.335139369439227,0.9634237738,0.0,1.7276292586282502,0.6378313761,0.4803827718626536,0.130682846,0.0,0.36073625618068944,0.899447234128231,39.20801367699935,27.10759439
145.4483366,151.8452865,157.7991108,154.8832424,3.801801802,155.2950731,2.743405276,3.621019103744247,2.565118397,48.50866702,0.47,0.0,0.6070753812141756,0.816594328509881,0.20868677807694536,1.625579303,120.39632845296344,14.747957126903128,12.7904,60.96,-7.3536,-3.1822611303659354,40.68,0.6833808251,0.4256053850912962,-3.81,-0.06282054324073673,0.4437720846283373,1.1978367715005698,4.614617551588035,1.948001808,0.8330296891,-4.385834160389268,0.0527,-1.8718224128827576,3.2577355901102347,25.44954217261735,47.28738284,5.693927995,10.535631470932142,9.417866354655132,0.03,0.01709677419,0.8129032258,0.025276485631307546,0.5764779202,0.4763888889,1.150889609,0.78965119327809,0.8740111102,1.107962755,0.9053616221,1.159598231,0.710762688,0.9003036372,0.8795490602,0.9810560345,0.8919580082,0.6923643735,0.8692535412790441,1.0550591542919792,1.195779817,1.034431385,1.149771598,1.341606029,1.0308469271018321,1.167634127,1.016925607,1.038813585267949,1.041724806,0.8122998028195821,1.132918464,0.6301484994,1.2326431376880962,1.016133094,1.043516976,1.129528642,0.8382428825,0.871557377,0.9482045186,2.196934127436927,0.7034414766175838,0.5683446712,0.4010416667,0.42812186733675905,0.2091485052640473,3.695854381,4.51126042862564,0.05577080725870226,0.03655555556,0.025126350318344228,-0.18195029445033106,0.12753718690320653,-0.07058671046114014,-0.01789490347,-0.05492856553,0.005818675611,1.994744098,13.343008000728615,1.66,2353.989797,24.61592899,-3.584926957,1.1293826436883656,-2.1786545910234887,1.2100233806088303,-1.219345458,-0.28332740095465464,-0.29352893197222224,-0.3702908775,0.2236858134,-0.2867259117,9.843390349,12.844797730746608,5.098681808,12.13273414,23.38096217,0.1932632161,38.82563308,0.142022543,211.05144536093283,14.63792753,19.74844179,0.0,22.51475897,0.0,0.8910805521366363,5.9587211667997355,12.17061795,0.2702790010527407,0.0,-0.4733771778,3.5457118560669434,-0.005426685350906528,0.4415099954425745,0.0,44.0380384,17.70244098,0.0,5.015075563,2.519447074377202,0.0,-2.4857657159180544,0.3766914876334073,5.027775736,0.0,0.6584784160700601,90.13,4.493543182479926,4.649415755453601,1.1353755249737256,0.6707660241,0.0,2.6971146313194936,0.6666063312,0.12883671401102398,0.1445717349,0.0,0.30089177301378844,0.9297514427457123,51.415468584982534,29.76070055
145.045857,151.7808163,154.5847109,162.0658088,3.066666667,153.7869852,2.466666667,4.004855617658429,2.283702409,52.22564214,0.4820512821,0.01923076923,0.6827491737515552,0.9926138600462647,0.19441750002756664,1.737281155,93.34721054925424,9.105469716684555,18.88696655,91.43252595,-25.21607074,-0.5402887240075143,-111.1868512,0.7105510391,0.43013018672806574,-5.28,-0.006306385728296161,0.4369283547744225,0.9461687455043127,4.952029077010782,2.368428181,1.346490872,-3.8875700762339243,0.0027,1.540479722746569,7.132362678722899,9.681435038978371,41.174265,5.693927995,4.797299156744705,15.393293075952808,0.01794871795,0.01761633428,0.7580246914,0.04044107299818562,0.7604015041,0.4745684031,1.151053834,0.9357062944569625,0.9811979846,0.8204296587,1.435418941,1.150658022,0.5303073254,0.847892995,0.923798806,1.043212565,1.213894295,0.8992749702,0.9686381763699534,1.1322774398794566,1.08311348,0.9923983499,0.7568720209,1.159934498,1.0373266646849264,0.9381128886,0.8060504642,1.2183590137242,1.36831172,0.8969081620162983,1.15128987,0.7937709652,1.1350100726814687,1.206264518,1.083114681,1.17929948,0.9197600469,1.110483351,0.9984535941,2.325059581850937,1.6889876921591305,0.8785034014,0.6823270975,0.2511970011621446,0.07982316389498059,3.303997161,4.937013318427899,0.07929331564913054,0.04949864499,0.021893917974191317,-0.8058433144526417,0.12481667895773613,-0.2015002422484175,-0.09577186839,-0.004723994585,-0.001318857314,2.055152759,10.81216925957865,3.06,1856.890625,18.79239773,-3.597444181,0.4764578296892733,-3.0702088774962784,0.8156261041004593,-1.302169865,0.8986563822495175,-0.71750366293727,-0.04458693,0.1663626326,0.09362744359,5.106527395,6.225681682863362,5.098681808,45.89405,11.38785599,0.2926393097,124.1941533,0.168850319,121.55364714874732,5.106527395,14.76446326,5.414990469,28.26427081,0.0,1.1256146999675636,5.18358398900986,0.0,-2.277229174662262,0.0,0.0,4.7696826598201065,-0.04106146872081718,4.770131598241504,0.0,19.87099066,12.96557803,5.414990469,4.99633447,2.521567760200712,0.0,2.092365067595288,0.2528574452773418,0.0,0.0,-1.3286994609332554,50.94,4.3797527878775595,5.145783130431743,2.2704028821254574,9.890925645,0.0,2.1330634335563765,1.762182231,0.5805685998915313,0.4665289338,0.1020620726,0.17423453355413276,0.46810438817682726,60.409522310227054,28.37327328
144.8592369,153.1948839,157.8095517,156.4750018,3.357142857,156.9958077,2.261235955,3.7726600350301442,2.130630631,50.88332424,0.4787878788,0.02272727273,0.6699142590055777,1.044852552324889,0.19047922060771091,1.712429814,99.56798237783123,10.495193312115676,11.34122288,56.72583826,-5.509533202,-4.25599462203645,0.9381985536,0.6791339464,0.4343458844080341,-3.12,0.023185510693211474,0.4733408743351222,1.032602001855231,7.16464188847166,1.953354089,0.779650563,-4.825388837762067,0.0613,-0.24427653302081076,5.381974174310791,6.194760004697359,53.60555146,0.0,13.324866188350477,16.73279419844485,0.02121212121,0.0,0.7893939394,0.05023433609981344,0.5371361659,0.4872848997,1.317071019,0.9436997804505882,0.9277488374,1.376667884,0.9640905543,1.105142608,0.9835220199,0.8639504346,1.064883491,1.121568314,0.9891393624,0.9332383528,0.9235016930950842,1.0907070792606308,1.199617979,1.069699868,1.128096604,1.332510873,1.0162919611537833,1.140732324,1.02407872,1.0466969909521204,1.105640973,0.8588809444876846,1.091268175,1.10130052,1.012453171167977,0.9005321662,1.023197291,1.197610234,0.9347662102,0.9831514515,0.8590729933,2.388736522294648,1.001374208368607,0.2719274376,0.2777777778,0.4290420956472919,0.08475298317712723,3.33204813,4.313207757256326,0.060068837031306194,0.03963541667,0.02514895436165946,-0.5510605379499843,-0.12406744542009035,-0.07354169455572862,-0.181512605,-0.02067321311,0.13761072,2.091157407,9.782631732273831,1.75,1554.327602,20.22086225,-2.562244436,1.2296436863301896,-1.83898846096826,-0.23673091604497654,-1.184396756,0.0841454251357151,-0.8150255882783916,-0.1617551175,0.1009398481,-0.1232613423,9.303962602,18.51399237276382,0.0,6.066367068,18.49765353,0.3083900449,61.30429595,0.0735038836,109.89107122095163,4.736862954,14.53505669,0.0,28.39474731,0.0,0.5097051570865395,3.496151221492269,0.0,-0.12102583581823056,0.0,0.0,3.9810014295541016,0.0008082480629263058,7.332993646470361,0.0,21.64485423,12.96557803,0.0,4.893937783,2.5327477015013407,0.0,-2.363059046879601,3.381271459796938,5.259278072,0.0,-1.935931811214531,39.94,4.501726741634173,11.757773197178926,7.21923080073459,1.024334766,1.685364964,3.788277422459973,0.477495456,0.4126584053048523,0.09033189192,0.0,0.1556612527508948,0.9677828739791959,51.78982493407547,23.98816943
143.0263923,147.2379897,153.7283912,156.6873333,3.518181818,157.9621341,2.851364522,3.657127135906247,2.794001967,49.59300473,0.4838709677,0.0,0.6852296429502858,1.0410583658985681,0.18455517844130528,1.764174135,80.41503637363255,11.554940204194736,9.9336,54.56,-10.3024,-2.8429052970139272,-27.08,0.6841461785,0.426089566319958,-6.06,0.11030855681157739,0.5132917115505485,1.0078656642363404,5.362470329450325,2.284893636,1.11548875,-4.249659630331064,0.00087,8.052518760800877,-1.9596898754762586,3.8595679249860826,50.62994439,0.0,35.407408469479506,10.02290834646882,0.01612903226,0.01451612903,0.75,0.03881689052116956,0.6667444211,0.480081826,1.063024221,0.7781945099652914,0.8006899081,1.002611425,1.178708887,1.122396289,0.5120748762,0.9096887762,1.157469684,1.092054264,1.04526311,0.7913634388,0.9353064721260405,1.1124099633822047,1.084749553,1.068405771,0.9574627346,1.075450092,1.0121046097459334,1.164393103,1.019252084,1.1508671662884011,1.092894629,1.061525981871835,0.8713394097,1.067443475,1.0963760024023312,1.064565483,0.8596356559,0.9366248321,0.8636708116,0.9542344104,1.004579115,2.6730293261359996,0.8586522752885974,0.7356462585,0.4462514172,0.21962216812899793,0.20052827598026615,3.358962553,4.532302799097681,0.07769997968474804,0.03880434783,0.019386005181667085,-0.505712017737797,-0.06509458430383797,0.019182861110925313,-0.1119247403,0.1267220834,-0.08504151787,2.109014669,11.639819428140896,2.2,2090.993894,31.31991702,-3.097626129,0.6905373328475383,-2.0203044402065324,0.7739713474505051,-1.657906649,0.4898804891785029,-0.6328866865003715,-0.3905481873,0.4828985212,-0.3199275181,4.983978521,-1.7491154209928972,5.261891555,30.33183534,34.23115751,0.1793978374,25.51876313,0.0886063362,98.02837919507057,0.0,19.93591408,0.0,28.71445679,0.0,0.8394857329062968,6.841154487783539,0.0,0.5670783841811792,0.0,0.0,5.288560739148899,-0.03491533274197976,9.120406256521278,0.0,19.93591408,6.420821623,18.25485007,4.87862781,2.5182554248663926,0.0,6.8377691354456855,3.5753007320314953,0.0,0.0,-0.6771382770179515,78.25,4.339477291545081,2.2418388673826124,-0.3113003630288729,1.981682321,0.0,3.4549367549271124,0.8235086609,0.38579483436630246,0.07026332943,0.0,0.2862410151973687,0.9814398990874024,62.68899149050824,31.44058453
146.2217091,150.9941239,157.9963401,158.5402442,3.428571429,159.9072869,2.784425451,5.395845782636139,2.87962963,47.91974111,0.478125,0.015625,0.6560466510089037,0.9527013394584714,0.17513494894357923,1.643342141,59.7894205651151,15.042041518083067,9.852748943,55.5171088,-7.83160323,2.0024386065697737,-23.45905421,0.6848636974,0.43815840904401593,-5.11,0.17427301320314334,0.3843301673687885,0.8425475654972492,6.524930041467598,2.153891597,0.9798856559,-4.116625058878034,0.00688,12.56828360700894,-4.095913216538876,19.42845556585953,50.88435568,0.0,0.8914012155757849,16.53819339477343,0.021875,0.02867647059,0.7588235294,0.053001313292807696,0.6668742217,0.4816028966,1.182217953,0.9095104111336029,0.8091796514,1.161434476,1.167654302,1.209208366,0.565111774,0.9053723345,1.029803856,1.128865679,0.9438083753,0.7913171568,1.0366464911633344,1.2965803713479584,1.08711971,1.101271972,1.048155457,1.138392857,1.1019119862959783,1.132323358,1.04259701,1.068665057589106,1.017586478,0.9754376122057273,0.945187391,0.6112380475,1.0677657000140885,1.112031134,0.9473387046,0.956465875,0.9587730547,1.008931429,1.040676543,1.6100018198901092,0.7536288062923027,0.5731972789,0.6198625283,0.08615541085497228,0.23049324375193694,3.518533745,4.916170276109601,0.06693743670236989,0.045,0.027118103325692887,-0.3533342077382522,0.08543055210244524,-0.007314210976184322,0.03965672389,-0.08469110507,-0.0283177358,2.004272784,7.0247250716130365,0.92,2240.776417,31.05677271,-3.032394041,0.6375544501659254,-2.8607873089730793,0.19118796981976444,-1.691975118,0.36551630495518433,-0.5724779936933049,-0.296404184,0.4181105421,-0.3103246066,10.30076712,5.9795379211561475,5.261891555,12.13273414,46.29261463,0.1627685423,26.81160078,0.07234939331,149.07463057336602,0.0,24.9198926,0.0,28.71445679,0.0,-0.3068787039601547,6.160778600033654,0.0,-0.8638974477697239,0.0,0.0,2.8502736282780257,0.05438140023295364,3.9397093105637433,5.687386275,24.9198926,6.544756406,18.25485007,4.874762888,2.4753495703675217,0.0,-3.2162607775248246,3.4428838454554205,0.0,0.0,1.5421253615737802,103.17,4.800398213679003,4.904204179131652,5.503971354879339,2.468875052,0.0,3.7177219383410818,0.7702072531,0.43364212518986145,0.06541342195,0.0,0.37299065514452234,0.7736428681944301,61.08165075515312,32.01951086
