1.58202967801236;-3.19635234717493;0.0312225698577193;-3.72801881505364;-1.46570646451761;-0.448541035627837;0.585697956105246;-0.310427239578521
1.52246070114299;-3.19635234717493;0.0312225698577193;-2.15335568664876;-0.0501056078461271;-0.448541035627837;0.585697956105246;-0.310427239578521
0.570179923990131;-3.19635234717493;0.0312225698577193;-1.1910933241475;-0.675603660793992;-0.448541035627837;0.585697956105246;-0.310427239578521
1.41146130613605;-3.19635234717493;0.0312225698577193;-1.49202418469218;0.805839096187793;-0.448541035627837;0.585697956105246;-0.310427239578521
-0.242871675685146;-3.08807343297312;0.772979102353268;1.08162898414664;-0.0501056078461271;-0.448541035627837;0.585697956105246;-0.310427239578521
0.851960447587059;-2.8715156045695;-0.562182656138719;-1.2444879104499;-0.873129361724896;-0.448541035627837;0.585697956105246;-0.310427239578521
1.42333232435913;-2.76323669036769;0.624627795854159;-3.47932550092729;-1.0706550626558;-0.448541035627837;0.585697956105246;-0.310427239578521
1.81057205518388;-2.76323669036769;0.624627795854159;-3.4485869022185;-1.46570646451761;-0.448541035627837;0.585697956105246;-0.310427239578521
1.18776969339033;-2.76323669036769;0.624627795854159;-1.46628628143413;-1.46570646451761;-0.448541035627837;0.585697956105246;-0.310427239578521
0.924530384415785;-2.76323669036769;0.624627795854159;-0.744204198529998;-1.46570646451761;-0.448541035627837;0.585697956105246;-0.310427239578521
0.913209580174684;-2.76323669036769;0.624627795854159;-0.148631171829416;-0.0501056078461271;-0.448541035627837;0.585697956105246;-0.310427239578521
1.28220582310648;-2.76323669036769;0.624627795854159;-1.15936042962025;-0.478077959863087;-0.448541035627837;0.585697956105246;-0.310427239578521
1.10243700064646;-2.76323669036769;0.624627795854159;-0.936587499188609;-1.46570646451761;-0.448541035627837;0.585697956105246;-0.310427239578521
1.04417040320962;-2.76323669036769;0.624627795854159;-0.852264461706105;-1.46570646451761;-0.448541035627837;0.585697956105246;-0.310427239578521
1.3509249094377;-2.76323669036769;0.624627795854159;-1.63004043098182;-1.46570646451761;-0.448541035627837;0.585697956105246;-0.310427239578521
1.29677435120472;-2.76323669036769;0.624627795854159;-1.33644006415634;-0.478077959863087;-0.448541035627837;0.585697956105246;-0.310427239578521
1.41031175793114;-2.76323669036769;0.624627795854159;-0.577873084132611;-1.46570646451761;-0.448541035627837;0.585697956105246;-0.310427239578521
0.968455390355737;-2.76323669036769;0.624627795854159;-0.893700993829206;-1.0706550626558;-0.448541035627837;0.585697956105246;-0.310427239578521
1.44595155019137;-2.76323669036769;0.624627795854159;-1.20620530742617;-1.0706550626558;-0.448541035627837;0.585697956105246;-0.310427239578521
1.27912813810929;-2.76323669036769;0.624627795854159;-1.37154121123313;-1.0706550626558;-0.448541035627837;0.585697956105246;-0.310427239578521
1.58319092790641;-2.76323669036769;0.624627795854159;-1.95174955718347;-1.0706550626558;-0.448541035627837;0.585697956105246;-0.310427239578521
1.64099249400796;-2.76323669036769;0.624627795854159;-2.7841135521185;-1.46570646451761;-0.448541035627837;0.585697956105246;-0.310427239578521
1.52654621483064;-2.76323669036769;0.624627795854159;-3.97545975746164;-1.0706550626558;-0.448541035627837;0.585697956105246;-0.310427239578521
1.55892408338071;-2.76323669036769;0.624627795854159;-2.85241588228464;-1.0706550626558;-0.448541035627837;0.585697956105246;-0.310427239578521
1.69350806462346;-2.76323669036769;0.624627795854159;-1.99775652706282;-1.46570646451761;-0.448541035627837;0.585697956105246;-0.310427239578521
1.20249185532308;-2.76323669036769;0.624627795854159;-1.4461482774415;-1.46570646451761;-0.448541035627837;0.585697956105246;-0.310427239578521
1.45781103243769;-2.76323669036769;0.624627795854159;-1.21380580305344;-1.46570646451761;-0.448541035627837;0.585697956105246;-0.310427239578521
0.951505130279963;-2.76323669036769;0.624627795854159;-0.923313261317045;-1.0706550626558;-0.448541035627837;0.585697956105246;-0.310427239578521
0.954740899387218;-2.76323669036769;0.624627795854159;-0.775877312211644;-1.46570646451761;-0.448541035627837;0.585697956105246;-0.310427239578521
1.22237858450744;-2.76323669036769;0.624627795854159;-1.58604248347536;-1.46570646451761;-0.448541035627837;0.585697956105246;-0.310427239578521
1.33389956718365;-2.76323669036769;0.624627795854159;-2.84231301218178;-1.0706550626558;-0.448541035627837;0.585697956105246;-0.310427239578521
1.25762237611437;-2.76323669036769;0.624627795854159;-1.91619365408958;-1.0706550626558;-0.448541035627837;0.585697956105246;-0.310427239578521
0.835397234206166;-2.76323669036769;0.624627795854159;-0.405636953415514;-0.675603660793992;-0.448541035627837;0.585697956105246;-0.310427239578521
0.524383681994102;-2.76323669036769;0.624627795854159;-0.515170703776341;-0.675603660793992;-0.448541035627837;0.585697956105246;-0.310427239578521
1.14905378341255;-2.76323669036769;0.624627795854159;-1.19326051258317;-1.0706550626558;-0.448541035627837;0.585697956105246;-0.310427239578521
1.13934489982675;-2.76323669036769;0.624627795854159;-0.699840598271048;-0.0501056078461271;-0.448541035627837;0.585697956105246;-0.310427239578521
1.0481390252885;-2.76323669036769;0.624627795854159;-0.337389060467741;-1.46570646451761;-0.448541035627837;0.585697956105246;-0.310427239578521
0.843523684954057;-2.76323669036769;0.624627795854159;-1.11337015184361;-1.46570646451761;-0.448541035627837;0.585697956105246;-0.310427239578521
1.52090700342891;-2.76323669036769;0.624627795854159;-1.35898208475112;-1.46570646451761;-0.448541035627837;0.585697956105246;-0.310427239578521
0.792504560924627;-2.65495777616588;-0.265480043140499;-0.964147270262689;1.69470475037686;-0.448541035627837;-1.70533451405527;3.2175363886044
0.981735213286745;-2.54667886196407;1.81143824784704;0.152056343627079;1.69470475037686;-0.448541035627837;0.585697956105246;-0.310427239578521
1.68555727697342;-2.43839994776227;0.327925182855939;-1.14297188702479;-0.675603660793992;2.22679946765593;-1.70533451405527;-0.310427239578521
1.06165570260635;-2.43839994776227;0.327925182855939;-0.459247947920173;1.69470475037686;2.22679946765593;-1.70533451405527;-0.310427239578521
0.565660593786966;-2.43839994776227;0.327925182855939;-0.234874933817281;-0.0501056078461271;2.22679946765593;-1.70533451405527;-0.310427239578521
1.50461003991251;-2.33012103356046;-1.45229049513338;-1.70019187657411;-0.0501056078461271;2.22679946765593;-1.70533451405527;-0.310427239578521
0.799840911066818;-2.33012103356046;-1.45229049513338;-1.49331208834146;0.805839096187793;2.22679946765593;-1.70533451405527;-0.310427239578521
1.12252678238821;-2.33012103356046;-1.45229049513338;-1.63018947832578;-0.0501056078461271;2.22679946765593;-1.70533451405527;-0.310427239578521
1.09726541807151;-2.33012103356046;-1.45229049513338;-1.27053523035624;0.805839096187793;2.22679946765593;-1.70533451405527;-0.310427239578521
1.11423889484956;-2.33012103356046;-1.45229049513338;-1.57129748036286;0.805839096187793;2.22679946765593;-1.70533451405527;-0.310427239578521
1.18300622095;-2.22184211935865;-0.562182656138719;-1.5170427424259;-0.0501056078461271;2.22679946765593;-1.70533451405527;-0.310427239578521
1.36821885646877;-2.22184211935865;-0.562182656138719;-1.61141351097056;-0.0501056078461271;2.22679946765593;-1.70533451405527;-0.310427239578521
1.67286590116233;-2.22184211935865;-0.562182656138719;-1.06070293603523;-1.0706550626558;2.22679946765593;-1.70533451405527;-0.310427239578521
1.44615242752435;-2.22184211935865;-0.562182656138719;-1.33825456325213;-0.0501056078461271;2.22679946765593;-1.70533451405527;-0.310427239578521
2.01664932551556;-2.22184211935865;-0.562182656138719;-1.52535449231995;-0.0501056078461271;2.22679946765593;-1.70533451405527;-0.310427239578521
0.765105658777463;-2.11356320515684;0.17957387635683;-0.866888655259127;-0.0501056078461271;-0.448541035627837;0.585697956105246;-0.310427239578521
1.35731661222425;-2.11356320515684;0.17957387635683;-2.57504423645344;1.69470475037686;-0.448541035627837;0.585697956105246;-0.310427239578521
1.29004689069993;-2.00528429095503;-0.41383134963961;-0.767906233674965;-0.675603660793992;-0.448541035627837;-1.70533451405527;3.2175363886044
0.901944822152976;-2.00528429095503;-0.41383134963961;-0.819872397741293;-0.675603660793992;-0.448541035627837;-1.70533451405527;3.2175363886044
1.05000794187053;-1.89700537675322;0.17957387635683;-0.909165357380788;0.805839096187793;-0.448541035627837;0.585697956105246;-0.310427239578521
1.53418071097452;-1.89700537675322;0.17957387635683;-1.53799835038457;-0.0501056078461271;-0.448541035627837;0.585697956105246;-0.310427239578521
1.25499792792449;-1.89700537675322;0.17957387635683;-0.991367259064838;-1.0706550626558;-0.448541035627837;0.585697956105246;-0.310427239578521
1.01979811770006;-1.89700537675322;0.17957387635683;-0.668558267884622;2.02391425192837;-0.448541035627837;0.585697956105246;-0.310427239578521
0.303187625159303;-1.89700537675322;0.17957387635683;-0.163780431237395;-0.478077959863087;-0.448541035627837;0.585697956105246;-0.310427239578521
0.944640958567704;-1.78872646255141;-0.265480043140499;-0.829608999443495;0.805839096187793;2.22679946765593;-1.70533451405527;-0.310427239578521
0.817605549109563;-1.78872646255141;-0.265480043140499;-0.787512205790922;-0.675603660793992;2.22679946765593;-1.70533451405527;-0.310427239578521
1.2489525390336;-1.78872646255141;-0.265480043140499;-0.843489195030404;-0.675603660793992;2.22679946765593;-1.70533451405527;-0.310427239578521
1.2257006523242;-1.78872646255141;-0.265480043140499;-1.10901441289234;-1.0706550626558;2.22679946765593;-1.70533451405527;-0.310427239578521
0.667767495681914;-1.6804475483496;-0.11712873664139;-0.992931606141497;-1.46570646451761;-0.448541035627837;0.585697956105246;-0.310427239578521
1.25869559380776;-1.57216863414779;0.624627795854159;-0.956796078998998;-1.46570646451761;-0.448541035627837;0.585697956105246;-0.310427239578521
1.06026527649829;-1.57216863414779;0.624627795854159;-0.716002023866267;-1.46570646451761;-0.448541035627837;0.585697956105246;-0.310427239578521
1.30906534546652;-1.46388971994598;1.2180330218506;-0.26368736910474;-0.478077959863087;2.22679946765593;-1.70533451405527;-0.310427239578521
1.29945811394109;-1.46388971994598;1.2180330218506;-0.296732019297588;-1.0706550626558;2.22679946765593;-1.70533451405527;-0.310427239578521
0.87139116328365;-1.46388971994598;1.2180330218506;-0.317035245691872;0.805839096187793;2.22679946765593;-1.70533451405527;-0.310427239578521
0.653189818463989;-1.46388971994598;1.2180330218506;0.21981235689045;0.805839096187793;2.22679946765593;-1.70533451405527;-0.310427239578521
0.866625315965445;-1.46388971994598;1.2180330218506;0.22877931055299;0.805839096187793;2.22679946765593;-1.70533451405527;-0.310427239578521
0.676717012816104;-1.46388971994598;1.2180330218506;-0.510783847663228;0.805839096187793;2.22679946765593;-1.70533451405527;-0.310427239578521
0.717161488985052;-1.46388971994598;1.2180330218506;-0.293755730795124;0.805839096187793;2.22679946765593;-1.70533451405527;-0.310427239578521
0.724752194637015;-1.46388971994598;1.2180330218506;-0.297925534885493;1.69470475037686;2.22679946765593;-1.70533451405527;-0.310427239578521
0.647133882380088;-1.46388971994598;1.2180330218506;-0.0242027793932902;-0.675603660793992;2.22679946765593;-1.70533451405527;-0.310427239578521
1.12165542532106;-1.46388971994598;1.2180330218506;-0.354048456769804;1.69470475037686;2.22679946765593;-1.70533451405527;-0.310427239578521
1.53166011302958;-1.46388971994598;1.2180330218506;-1.62430760639987;-0.0501056078461271;2.22679946765593;-1.70533451405527;-0.310427239578521
1.31585590794388;-1.46388971994598;1.2180330218506;-0.743385930857129;-1.0706550626558;2.22679946765593;-1.70533451405527;-0.310427239578521
0.9529458401095;-1.46388971994598;1.2180330218506;-0.115026290090908;-0.0501056078461271;2.22679946765593;-1.70533451405527;-0.310427239578521
0.553551882133392;-1.46388971994598;1.2180330218506;-0.237332120711764;-0.0501056078461271;2.22679946765593;-1.70533451405527;-0.310427239578521
1.12815382341431;-1.46388971994598;1.2180330218506;-0.639285227508186;-1.0706550626558;2.22679946765593;-1.70533451405527;-0.310427239578521
0.846559570004289;-1.46388971994598;1.2180330218506;-0.58589328277557;2.02391425192837;2.22679946765593;-1.70533451405527;-0.310427239578521
1.01787552179037;-1.46388971994598;1.2180330218506;-0.0918240982838158;-0.0501056078461271;2.22679946765593;-1.70533451405527;-0.310427239578521
0.948139317891577;-1.46388971994598;1.2180330218506;0.378295892767702;-0.0501056078461271;2.22679946765593;-1.70533451405527;-0.310427239578521
0.695505826675265;-1.46388971994598;1.2180330218506;0.162354185278465;0.805839096187793;2.22679946765593;-1.70533451405527;-0.310427239578521
0.800475910385096;-1.46388971994598;1.2180330218506;0.556280571538632;0.805839096187793;2.22679946765593;-1.70533451405527;-0.310427239578521
1.13253995631085;-1.46388971994598;1.2180330218506;0.211468846014064;-0.0501056078461271;2.22679946765593;-1.70533451405527;-0.310427239578521
0.818548022738191;-1.46388971994598;1.2180330218506;0.25137632766966;-1.46570646451761;2.22679946765593;-1.70533451405527;-0.310427239578521
0.901546312354845;-1.46388971994598;1.2180330218506;0.315433264910981;-1.46570646451761;2.22679946765593;-1.70533451405527;-0.310427239578521
0.738475080534279;-1.46388971994598;1.2180330218506;0.174677803550301;-0.675603660793992;2.22679946765593;-1.70533451405527;-0.310427239578521
0.820943305195866;-1.46388971994598;1.2180330218506;0.10471269551744;-1.46570646451761;2.22679946765593;-1.70533451405527;-0.310427239578521
0.626392802610081;-1.46388971994598;1.2180330218506;-0.461330461117896;-0.0501056078461271;2.22679946765593;-1.70533451405527;-0.310427239578521
1.23371571740654;-1.46388971994598;1.2180330218506;0.232817616172236;-0.478077959863087;2.22679946765593;-1.70533451405527;-0.310427239578521
0.545318496494648;-1.46388971994598;1.2180330218506;-0.564200274146491;1.69470475037686;2.22679946765593;-1.70533451405527;-0.310427239578521
1.3171059127841;-1.46388971994598;1.2180330218506;-0.56860405934129;-0.675603660793992;2.22679946765593;-1.70533451405527;-0.310427239578521
0.812771057937944;-1.46388971994598;1.2180330218506;0.0401824358680821;-0.478077959863087;2.22679946765593;-1.70533451405527;-0.310427239578521
1.29393079282902;-1.46388971994598;1.2180330218506;-1.23783895913751;0.805839096187793;2.22679946765593;-1.70533451405527;-0.310427239578521
1.267467464287;-1.24733189154236;0.0312225698577193;-0.697838372885915;-0.478077959863087;2.22679946765593;-1.70533451405527;-0.310427239578521
0.229161200886579;-1.24733189154236;0.0312225698577193;-0.349841504154192;-1.46570646451761;2.22679946765593;-1.70533451405527;-0.310427239578521
0.673516662731304;-1.24733189154236;0.0312225698577193;-0.552371527625721;0.805839096187793;2.22679946765593;-1.70533451405527;-0.310427239578521
1.59136502695015;-1.24733189154236;0.0312225698577193;-0.883589826976556;1.69470475037686;2.22679946765593;-1.70533451405527;-0.310427239578521
1.21757594455099;-1.24733189154236;0.0312225698577193;-0.628031515432802;-0.478077959863087;2.22679946765593;-1.70533451405527;-0.310427239578521
1.68301469868024;-1.13905297734055;0.624627795854159;-0.609415168329489;-0.0501056078461271;-0.448541035627837;0.585697956105246;-0.310427239578521
1.36077602315167;-1.13905297734055;0.624627795854159;0.0141790664463422;2.02391425192837;-0.448541035627837;0.585697956105246;-0.310427239578521
1.58603170710599;-1.03077406313875;0.772979102353268;-0.663251201711101;2.02391425192837;-0.448541035627837;0.585697956105246;-0.310427239578521
1.58209086381088;-1.03077406313875;0.772979102353268;-0.0333952102610215;2.02391425192837;-0.448541035627837;0.585697956105246;-0.310427239578521
0.31517869450711;-0.922495148936936;1.81143824784704;0.684861076673464;1.69470475037686;-0.448541035627837;0.585697956105246;-0.310427239578521
1.11481132576913;-0.922495148936936;1.81143824784704;-0.236037956177488;1.69470475037686;-0.448541035627837;0.585697956105246;-0.310427239578521
0.940307026065835;-0.922495148936936;1.81143824784704;-0.396842631476168;-0.0501056078461271;-0.448541035627837;0.585697956105246;-0.310427239578521
0.546147973254327;-0.922495148936936;1.81143824784704;0.779823899062351;1.69470475037686;-0.448541035627837;0.585697956105246;-0.310427239578521
0.889644804553172;-0.922495148936936;1.81143824784704;0.0542389264090658;-0.0501056078461271;-0.448541035627837;0.585697956105246;-0.310427239578521
0.442377532798375;-0.922495148936936;1.81143824784704;-0.178815195829738;0.805839096187793;-0.448541035627837;0.585697956105246;-0.310427239578521
0.42892374631957;-0.922495148936936;1.81143824784704;-0.0910948559873551;-0.0501056078461271;-0.448541035627837;0.585697956105246;-0.310427239578521
0.870925099240847;-0.922495148936936;1.81143824784704;0.14774301562569;0.805839096187793;-0.448541035627837;0.585697956105246;-0.310427239578521
0.57356776564186;-0.922495148936936;1.81143824784704;0.0503908917030158;-0.675603660793992;-0.448541035627837;0.585697956105246;-0.310427239578521
0.795422467253017;-0.922495148936936;1.81143824784704;0.364629380953473;-0.0501056078461271;-0.448541035627837;0.585697956105246;-0.310427239578521
0.467264509447652;-0.922495148936936;1.81143824784704;-0.481429523499644;2.02391425192837;-0.448541035627837;0.585697956105246;-0.310427239578521
1.00215701423574;-0.922495148936936;1.81143824784704;0.421099682522957;-0.0501056078461271;-0.448541035627837;0.585697956105246;-0.310427239578521
0.716572779320843;-0.922495148936936;1.81143824784704;-0.21497100787502;-1.46570646451761;-0.448541035627837;0.585697956105246;-0.310427239578521
0.364071794221823;-0.922495148936936;1.81143824784704;0.860009227361734;-0.675603660793992;-0.448541035627837;0.585697956105246;-0.310427239578521
0.834622853814559;-0.922495148936936;1.81143824784704;-0.170700116938305;-0.675603660793992;-0.448541035627837;0.585697956105246;-0.310427239578521
0.517125262585891;-0.922495148936936;1.81143824784704;0.772363173798063;-0.0501056078461271;-0.448541035627837;0.585697956105246;-0.310427239578521
0.25656342626554;-0.922495148936936;1.81143824784704;0.818431884985415;-1.0706550626558;-0.448541035627837;0.585697956105246;-0.310427239578521
0.320429740655463;-0.922495148936936;1.81143824784704;0.565740681754788;0.805839096187793;-0.448541035627837;0.585697956105246;-0.310427239578521
0.213270332502283;-0.922495148936936;1.81143824784704;0.803446281100644;-0.0501056078461271;-0.448541035627837;0.585697956105246;-0.310427239578521
0.367639881517383;-0.922495148936936;1.81143824784704;0.434752935943762;2.02391425192837;-0.448541035627837;0.585697956105246;-0.310427239578521
0.774901962126943;-0.922495148936936;1.81143824784704;0.221217860939932;-0.0501056078461271;-0.448541035627837;0.585697956105246;-0.310427239578521
0.829490800128477;-0.922495148936936;1.81143824784704;-0.558973718678369;-0.675603660793992;-0.448541035627837;0.585697956105246;-0.310427239578521
0.657193175752235;-0.922495148936936;1.81143824784704;0.414604857859056;2.02391425192837;-0.448541035627837;0.585697956105246;-0.310427239578521
0.390807827424607;-0.922495148936936;1.81143824784704;0.251283996188024;-0.0501056078461271;-0.448541035627837;0.585697956105246;-0.310427239578521
0.928889657932719;-0.922495148936936;1.81143824784704;0.25030875811901;-0.478077959863087;-0.448541035627837;0.585697956105246;-0.310427239578521
0.247600396086228;-0.922495148936936;1.81143824784704;0.371606168643286;-0.675603660793992;-0.448541035627837;0.585697956105246;-0.310427239578521
0.515365348306257;-0.922495148936936;1.81143824784704;0.52502540424534;-0.0501056078461271;-0.448541035627837;0.585697956105246;-0.310427239578521
0.771747477432617;-0.922495148936936;1.81143824784704;0.238296660305285;-1.0706550626558;-0.448541035627837;0.585697956105246;-0.310427239578521
0.417258396613306;-0.922495148936936;1.81143824784704;0.427178991904453;0.805839096187793;-0.448541035627837;0.585697956105246;-0.310427239578521
0.691805433525768;-0.922495148936936;1.81143824784704;0.313236942148004;2.02391425192837;-0.448541035627837;0.585697956105246;-0.310427239578521
0.853806325657526;-0.922495148936936;1.81143824784704;0.373839133658248;-0.675603660793992;-0.448541035627837;0.585697956105246;-0.310427239578521
0.38052020686478;-0.922495148936936;1.81143824784704;0.567423684036645;-0.0501056078461271;-0.448541035627837;0.585697956105246;-0.310427239578521
1.63580025478718;-0.814216234735127;0.624627795854159;-1.0202731328406;0.805839096187793;-0.448541035627837;0.585697956105246;-0.310427239578521
0.123238522615237;-0.814216234735127;0.624627795854159;0.766268698591003;-0.675603660793992;-0.448541035627837;0.585697956105246;-0.310427239578521
0.578252632020391;-0.814216234735127;0.624627795854159;0.29412964587562;-1.0706550626558;-0.448541035627837;0.585697956105246;-0.310427239578521
0.269713229374697;-0.814216234735127;0.624627795854159;0.335730451655889;-0.0501056078461271;-0.448541035627837;0.585697956105246;-0.310427239578521
0.592056449942232;-0.814216234735127;0.624627795854159;0.520811997681452;-0.0501056078461271;-0.448541035627837;0.585697956105246;-0.310427239578521
0.484447234029875;-0.814216234735127;0.624627795854159;0.665796459816648;-0.0501056078461271;-0.448541035627837;0.585697956105246;-0.310427239578521
0.703436385936145;-0.814216234735127;0.624627795854159;0.686561637771337;-0.675603660793992;-0.448541035627837;0.585697956105246;-0.310427239578521
1.03717125527843;-0.814216234735127;0.624627795854159;-0.182876746103114;-0.675603660793992;-0.448541035627837;0.585697956105246;-0.310427239578521
0.737910994130957;-0.814216234735127;0.624627795854159;-0.165916474338899;-0.675603660793992;-0.448541035627837;0.585697956105246;-0.310427239578521
0.564056177106866;-0.814216234735127;0.624627795854159;0.632733188545403;-1.0706550626558;-0.448541035627837;0.585697956105246;-0.310427239578521
0.241519399500369;-0.814216234735127;0.624627795854159;0.674399076540004;-0.675603660793992;-0.448541035627837;0.585697956105246;-0.310427239578521
0.364071794221823;-0.814216234735127;0.624627795854159;0.231631302756422;2.02391425192837;-0.448541035627837;0.585697956105246;-0.310427239578521
0.575134278612229;-0.814216234735127;0.624627795854159;0.117024816166179;-0.0501056078461271;-0.448541035627837;0.585697956105246;-0.310427239578521
0.72126313067898;-0.814216234735127;0.624627795854159;0.00615002086465471;-1.0706550626558;-0.448541035627837;0.585697956105246;-0.310427239578521
0.457461997374784;-0.814216234735127;0.624627795854159;0.161348439066992;0.805839096187793;-0.448541035627837;0.585697956105246;-0.310427239578521
0.793446089194134;-0.814216234735127;0.624627795854159;-0.115824846250674;-0.675603660793992;-0.448541035627837;0.585697956105246;-0.310427239578521
0.410778663123509;-0.814216234735127;0.624627795854159;0.567843900782976;0.805839096187793;-0.448541035627837;0.585697956105246;-0.310427239578521
0.717161488985052;-0.814216234735127;0.624627795854159;0.588382699189468;-0.0501056078461271;-0.448541035627837;0.585697956105246;-0.310427239578521
0.263911599386337;-0.814216234735127;0.624627795854159;0.451196815614808;0.805839096187793;-0.448541035627837;0.585697956105246;-0.310427239578521
0.843389322669511;-0.814216234735127;0.624627795854159;-0.150778467289066;-0.675603660793992;-0.448541035627837;0.585697956105246;-0.310427239578521
0.530138858113422;-0.814216234735127;0.624627795854159;0.110460047904645;2.02391425192837;-0.448541035627837;0.585697956105246;-0.310427239578521
0.696119900813819;-0.814216234735127;0.624627795854159;0.230821955767486;2.02391425192837;-0.448541035627837;0.585697956105246;-0.310427239578521
1.26217253730354;-0.705937320533318;0.921330408852379;-0.91740643368254;1.69470475037686;2.22679946765593;-1.70533451405527;-0.310427239578521
0.599559373958633;-0.705937320533318;0.921330408852379;-0.232535379638309;-0.0501056078461271;2.22679946765593;-1.70533451405527;-0.310427239578521
0.536938740414171;-0.705937320533318;0.921330408852379;-0.414502702971158;2.02391425192837;2.22679946765593;-1.70533451405527;-0.310427239578521
1.22421994442017;-0.705937320533318;0.921330408852379;-0.529129935993159;0.805839096187793;2.22679946765593;-1.70533451405527;-0.310427239578521
1.00779553733218;-0.705937320533318;0.921330408852379;-0.44910427683296;-0.675603660793992;2.22679946765593;-1.70533451405527;-0.310427239578521
0.565660593786966;-0.705937320533318;0.921330408852379;0.73252634087683;-0.0501056078461271;2.22679946765593;-1.70533451405527;-0.310427239578521
1.46762850304671;-0.705937320533318;0.921330408852379;-0.731174332379295;0.805839096187793;2.22679946765593;-1.70533451405527;-0.310427239578521
0.795422467253017;-0.705937320533318;0.921330408852379;-0.272848756555832;-0.675603660793992;2.22679946765593;-1.70533451405527;-0.310427239578521
0.558427501917211;-0.705937320533318;0.921330408852379;-0.572448939575509;1.69470475037686;2.22679946765593;-1.70533451405527;-0.310427239578521
0.702831253277674;-0.705937320533318;0.921330408852379;-0.573308869145846;1.69470475037686;2.22679946765593;-1.70533451405527;-0.310427239578521
0.606958376353986;-0.705937320533318;0.921330408852379;-0.106987911183583;-0.675603660793992;2.22679946765593;-1.70533451405527;-0.310427239578521
1.3643378298486;-0.705937320533318;0.921330408852379;-0.397403578930329;-1.0706550626558;2.22679946765593;-1.70533451405527;-0.310427239578521
1.25820805354169;-0.705937320533318;0.921330408852379;-0.689685849659824;-0.675603660793992;2.22679946765593;-1.70533451405527;-0.310427239578521
0.686828510575992;-0.705937320533318;0.921330408852379;-0.141942084896709;-1.0706550626558;2.22679946765593;-1.70533451405527;-0.310427239578521
1.10000526096835;-0.705937320533318;0.921330408852379;-0.519919128483383;-0.675603660793992;2.22679946765593;-1.70533451405527;-0.310427239578521
0.625686598882798;-0.705937320533318;0.921330408852379;-0.233603017962577;-0.0501056078461271;2.22679946765593;-1.70533451405527;-0.310427239578521
1.09312724678277;-0.705937320533318;0.921330408852379;-0.517891881101835;-0.675603660793992;2.22679946765593;-1.70533451405527;-0.310427239578521
0.731091756924927;-0.705937320533318;0.921330408852379;-0.433273654823892;0.805839096187793;2.22679946765593;-1.70533451405527;-0.310427239578521
0.561651655685455;-0.705937320533318;0.921330408852379;-0.432219593074603;0.805839096187793;2.22679946765593;-1.70533451405527;-0.310427239578521
0.818077008287915;-0.705937320533318;0.921330408852379;-0.430045438617213;0.805839096187793;2.22679946765593;-1.70533451405527;-0.310427239578521
0.672874123001077;-0.705937320533318;0.921330408852379;-0.424576894475506;0.805839096187793;2.22679946765593;-1.70533451405527;-0.310427239578521
0.980409402025338;-0.705937320533318;0.921330408852379;-0.419167247065542;0.805839096187793;2.22679946765593;-1.70533451405527;-0.310427239578521
1.0761946031298;-0.705937320533318;0.921330408852379;-0.413930064002016;0.805839096187793;2.22679946765593;-1.70533451405527;-0.310427239578521
0.529282322320679;-0.705937320533318;0.921330408852379;0.178640755656866;0.805839096187793;2.22679946765593;-1.70533451405527;-0.310427239578521
0.675439334010178;-0.705937320533318;0.921330408852379;0.139882085080581;2.02391425192837;2.22679946765593;-1.70533451405527;-0.310427239578521
1.21191382790638;-0.705937320533318;0.921330408852379;-0.434469881583805;2.02391425192837;2.22679946765593;-1.70533451405527;-0.310427239578521
0.816614033603957;-0.705937320533318;0.921330408852379;0.292813351151257;-0.675603660793992;2.22679946765593;-1.70533451405527;-0.310427239578521
0.605488767185642;-0.705937320533318;0.921330408852379;-0.14317979623416;-0.0501056078461271;2.22679946765593;-1.70533451405527;-0.310427239578521
0.588262266087242;-0.705937320533318;0.921330408852379;-0.334138590609903;-0.0501056078461271;2.22679946765593;-1.70533451405527;-0.310427239578521
0.510048063629516;-0.705937320533318;0.921330408852379;0.289077353639763;-0.0501056078461271;2.22679946765593;-1.70533451405527;-0.310427239578521
1.0761946031298;-0.705937320533318;0.921330408852379;-0.194584562917721;-1.46570646451761;2.22679946765593;-1.70533451405527;-0.310427239578521
0.622140514396497;-0.705937320533318;0.921330408852379;0.235509384904554;0.805839096187793;2.22679946765593;-1.70533451405527;-0.310427239578521
0.768567726593272;-0.705937320533318;0.921330408852379;0.489164120603051;-0.675603660793992;2.22679946765593;-1.70533451405527;-0.310427239578521
0.784766674737026;-0.705937320533318;0.921330408852379;0.748106007955502;-0.0501056078461271;2.22679946765593;-1.70533451405527;-0.310427239578521
1.87693891831856;-0.705937320533318;0.921330408852379;-0.638564237217232;-0.478077959863087;2.22679946765593;-1.70533451405527;-0.310427239578521
0.781669045357729;-0.705937320533318;0.921330408852379;-0.323600172215587;0.805839096187793;2.22679946765593;-1.70533451405527;-0.310427239578521
1.56612460228805;-0.705937320533318;0.921330408852379;-0.720730174442298;-0.0501056078461271;2.22679946765593;-1.70533451405527;-0.310427239578521
0.604014818549404;-0.705937320533318;0.921330408852379;0.505252423270871;-1.0706550626558;2.22679946765593;-1.70533451405527;-0.310427239578521
0.995133780111469;-0.705937320533318;0.921330408852379;-0.827003878011894;-0.0501056078461271;2.22679946765593;-1.70533451405527;-0.310427239578521
0.504673523332564;-0.705937320533318;0.921330408852379;0.0509790362228203;2.02391425192837;2.22679946765593;-1.70533451405527;-0.310427239578521
0.356858176051158;-0.705937320533318;0.921330408852379;0.249702506251445;2.02391425192837;2.22679946765593;-1.70533451405527;-0.310427239578521
0.53184753332978;-0.705937320533318;0.921330408852379;0.138519587742797;2.02391425192837;2.22679946765593;-1.70533451405527;-0.310427239578521
0.072367640279569;-0.597658406331508;1.36638432834971;0.588655870484123;-0.0501056078461271;-0.448541035627837;0.585697956105246;-0.310427239578521
0.624979394891694;-0.597658406331508;1.36638432834971;0.768634942733764;0.805839096187793;-0.448541035627837;0.585697956105246;-0.310427239578521
0.852884240140822;-0.489379492129699;-0.265480043140499;-1.20198639897288;-0.0501056078461271;-0.448541035627837;0.585697956105246;-0.310427239578521
0.415107818417279;-0.38110057792789;-1.30393918863427;-0.657516937854771;-0.873129361724896;-0.448541035627837;0.585697956105246;-0.310427239578521
0.772274611474932;-0.38110057792789;-1.30393918863427;-1.14778788139677;1.24697982826681;-0.448541035627837;0.585697956105246;-0.310427239578521
0.645778082171131;-0.272821663726081;1.51473563484882;0.487699962600981;0.805839096187793;-0.448541035627837;0.585697956105246;-0.310427239578521
0.684191926949849;-0.272821663726081;1.51473563484882;-0.0852223066153076;-0.0501056078461271;-0.448541035627837;0.585697956105246;-0.310427239578521
0.30641614285299;-0.272821663726081;1.51473563484882;0.458259683844442;-0.873129361724896;-0.448541035627837;0.585697956105246;-0.310427239578521
0.433312954378488;-0.272821663726081;1.51473563484882;0.557486734014784;-0.366146729335574;-0.448541035627837;0.585697956105246;-0.310427239578521
-0.614898058139803;-0.272821663726081;1.51473563484882;0.983586844576036;-1.26818076358671;-0.448541035627837;0.585697956105246;-0.310427239578521
1.09912048619061;-0.272821663726081;1.51473563484882;-0.628446703419074;-0.0501056078461271;-0.448541035627837;0.585697956105246;-0.310427239578521
0.845936042274532;-0.272821663726081;1.51473563484882;0.0397984851903341;-0.0501056078461271;-0.448541035627837;0.585697956105246;-0.310427239578521
0.37959086893624;-0.272821663726081;1.51473563484882;0.423803402949965;-0.0501056078461271;-0.448541035627837;0.585697956105246;-0.310427239578521
-0.228972972457733;-0.272821663726081;1.51473563484882;0.965933646299811;-1.0706550626558;-0.448541035627837;0.585697956105246;-0.310427239578521
0.0270635210955869;-0.272821663726081;1.51473563484882;0.89049482367496;-0.675603660793992;-0.448541035627837;0.585697956105246;-0.310427239578521
-0.386581927766946;-0.272821663726081;1.51473563484882;0.950150353797173;2.02391425192837;-0.448541035627837;0.585697956105246;-0.310427239578521
0.240860773191956;-0.272821663726081;1.51473563484882;0.96180920876768;-0.675603660793992;-0.448541035627837;0.585697956105246;-0.310427239578521
0.400713733035129;-0.272821663726081;1.51473563484882;0.506158077353697;-0.478077959863087;-0.448541035627837;0.585697956105246;-0.310427239578521
0.501360364053065;-0.272821663726081;1.51473563484882;0.377503372114324;2.02391425192837;-0.448541035627837;0.585697956105246;-0.310427239578521
1.04980062970663;-0.272821663726081;1.51473563484882;0.0829142312461436;-0.366146729335574;-0.448541035627837;0.585697956105246;-0.310427239578521
0.158179240773146;-0.272821663726081;1.51473563484882;0.836651433173467;-0.873129361724896;-0.448541035627837;0.585697956105246;-0.310427239578521
0.365824044304366;-0.272821663726081;1.51473563484882;1.00161878413563;2.02391425192837;-0.448541035627837;0.585697956105246;-0.310427239578521
-0.143989504057799;-0.272821663726081;1.51473563484882;0.995581994250325;1.24697982826681;-0.448541035627837;0.585697956105246;-0.310427239578521
1.13469366457396;-0.272821663726081;1.51473563484882;0.46319989082707;-0.0501056078461271;-0.448541035627837;0.585697956105246;-0.310427239578521
-0.127114518326756;-0.272821663726081;1.51473563484882;1.06960279022712;0.377866744170833;-0.448541035627837;0.585697956105246;-0.310427239578521
-0.593804191709049;-0.272821663726081;1.51473563484882;1.12727695159946;0.377866744170833;-0.448541035627837;0.585697956105246;-0.310427239578521
0.146699465461488;-0.272821663726081;1.51473563484882;0.964806891665382;-1.46570646451761;-0.448541035627837;0.585697956105246;-0.310427239578521
0.386093780195893;-0.272821663726081;1.51473563484882;0.760462103118174;0.805839096187793;-0.448541035627837;0.585697956105246;-0.310427239578521
0.226455112900621;-0.272821663726081;1.51473563484882;0.692847623473903;-0.0501056078461271;-0.448541035627837;0.585697956105246;-0.310427239578521
0.889930525621083;-0.272821663726081;1.51473563484882;0.194052896003401;-0.0501056078461271;-0.448541035627837;0.585697956105246;-0.310427239578521
0.609591386682377;-0.272821663726081;1.51473563484882;0.0112646692280757;0.805839096187793;-0.448541035627837;0.585697956105246;-0.310427239578521
0.132870944916512;-0.272821663726081;1.51473563484882;0.517842376076899;-0.0501056078461271;-0.448541035627837;0.585697956105246;-0.310427239578521
-0.500666077000853;-0.272821663726081;1.51473563484882;1.01196582709588;-0.0501056078461271;-0.448541035627837;0.585697956105246;-0.310427239578521
0.0319588212198237;-0.272821663726081;1.51473563484882;0.896826881901093;-1.0706550626558;-0.448541035627837;0.585697956105246;-0.310427239578521
0.0326412572012848;-0.272821663726081;1.51473563484882;0.746753010491515;0.377866744170833;-0.448541035627837;0.585697956105246;-0.310427239578521
-0.129027931674817;-0.272821663726081;1.51473563484882;0.896591478094239;-1.46570646451761;-0.448541035627837;0.585697956105246;-0.310427239578521
0.208210857340126;-0.272821663726081;1.51473563484882;1.13568198337683;0.377866744170833;-0.448541035627837;0.585697956105246;-0.310427239578521
0.35159472892744;-0.272821663726081;1.51473563484882;0.556706476608871;-0.675603660793992;-0.448541035627837;0.585697956105246;-0.310427239578521
0.327933744797068;-0.272821663726081;1.51473563484882;0.541957003211227;-0.675603660793992;-0.448541035627837;0.585697956105246;-0.310427239578521
1.05189938535216;-0.272821663726081;1.51473563484882;0.436887863752624;0.377866744170833;-0.448541035627837;0.585697956105246;-0.310427239578521
0.369379671726791;-0.272821663726081;1.51473563484882;0.856606559002491;-0.563672430266479;-0.448541035627837;0.585697956105246;-0.310427239578521
0.119623250718984;-0.272821663726081;1.51473563484882;0.986464658372761;0.805839096187793;-0.448541035627837;0.585697956105246;-0.310427239578521
0.0422770805992049;-0.272821663726081;1.51473563484882;0.952970514587456;-0.0501056078461271;-0.448541035627837;0.585697956105246;-0.310427239578521
0.693640919633784;-0.272821663726081;1.51473563484882;0.152830826534913;0.377866744170833;-0.448541035627837;0.585697956105246;-0.310427239578521
1.37795261188402;-0.272821663726081;1.51473563484882;-0.813394873370894;1.69470475037686;-0.448541035627837;0.585697956105246;-0.310427239578521
0.306311050763548;-0.272821663726081;1.51473563484882;0.404280098379485;2.02391425192837;-0.448541035627837;0.585697956105246;-0.310427239578521
-0.171482078615782;-0.272821663726081;1.51473563484882;0.722304094688683;-0.0501056078461271;-0.448541035627837;0.585697956105246;-0.310427239578521
0.288442822524493;-0.272821663726081;1.51473563484882;1.00161878413563;-0.0501056078461271;-0.448541035627837;0.585697956105246;-0.310427239578521
0.0180636089331117;-0.272821663726081;1.51473563484882;0.868089827470043;-0.0501056078461271;-0.448541035627837;0.585697956105246;-0.310427239578521
1.1202940927148;-0.272821663726081;1.51473563484882;0.309974516452486;0.377866744170833;-0.448541035627837;0.585697956105246;-0.310427239578521
-0.176399352599527;-0.272821663726081;1.51473563484882;1.02424639474033;-1.26818076358671;-0.448541035627837;0.585697956105246;-0.310427239578521
0.459814830013505;-0.272821663726081;1.51473563484882;0.889688032910242;1.24697982826681;-0.448541035627837;0.585697956105246;-0.310427239578521
0.592834038265764;-0.272821663726081;1.51473563484882;0.658673799141047;-0.675603660793992;-0.448541035627837;0.585697956105246;-0.310427239578521
0.478844022642162;-0.272821663726081;1.51473563484882;0.756958512375286;-0.675603660793992;-0.448541035627837;0.585697956105246;-0.310427239578521
0.510877182011239;-0.272821663726081;1.51473563484882;0.413863194052951;-0.0501056078461271;-0.448541035627837;0.585697956105246;-0.310427239578521
0.393573117651985;-0.272821663726081;1.51473563484882;0.653259753533952;-0.675603660793992;-0.448541035627837;0.585697956105246;-0.310427239578521
0.561147281139002;-0.272821663726081;1.51473563484882;0.408898908018206;-1.0706550626558;-0.448541035627837;0.585697956105246;-0.310427239578521
0.31230519260502;-0.272821663726081;1.51473563484882;0.83376106114846;1.24697982826681;-0.448541035627837;0.585697956105246;-0.310427239578521
0.619130977613022;-0.272821663726081;1.51473563484882;0.749006779940081;-1.0706550626558;-0.448541035627837;0.585697956105246;-0.310427239578521
0.305100901744746;-0.272821663726081;1.51473563484882;1.03164033253601;-0.675603660793992;-0.448541035627837;0.585697956105246;-0.310427239578521
0.40743188170267;-0.272821663726081;1.51473563484882;0.84431016016844;-0.675603660793992;-0.448541035627837;0.585697956105246;-0.310427239578521
-0.206121644989202;-0.272821663726081;1.51473563484882;1.0584071719722;0.377866744170833;-0.448541035627837;0.585697956105246;-0.310427239578521
-0.289343940793587;-0.272821663726081;1.51473563484882;0.897250440382358;-0.675603660793992;-0.448541035627837;0.585697956105246;-0.310427239578521
0.780694858274814;-0.272821663726081;1.51473563484882;0.279117532661381;-0.0501056078461271;-0.448541035627837;0.585697956105246;-0.310427239578521
0.533891917349281;-0.272821663726081;1.51473563484882;0.0778704014796351;-0.675603660793992;-0.448541035627837;0.585697956105246;-0.310427239578521
-0.10101007835427;-0.272821663726081;1.51473563484882;0.626298580569543;1.69470475037686;-0.448541035627837;0.585697956105246;-0.310427239578521
0.0978428239654753;-0.272821663726081;1.51473563484882;0.741602732422623;0.377866744170833;-0.448541035627837;0.585697956105246;-0.310427239578521
1.13299150205338;-0.272821663726081;1.51473563484882;0.445372988622096;1.69470475037686;-0.448541035627837;0.585697956105246;-0.310427239578521
-0.249068718846513;-0.272821663726081;1.51473563484882;1.05949101518368;1.69470475037686;-0.448541035627837;0.585697956105246;-0.310427239578521
0.268779290432234;-0.272821663726081;1.51473563484882;0.591994934847513;-0.0501056078461271;-0.448541035627837;0.585697956105246;-0.310427239578521
0.673327766602303;-0.272821663726081;1.51473563484882;0.53316947743105;-0.366146729335574;-0.448541035627837;0.585697956105246;-0.310427239578521
-0.501991269835676;-0.272821663726081;1.51473563484882;0.879223808820282;-0.0501056078461271;-0.448541035627837;0.585697956105246;-0.310427239578521
-0.0365971956544997;-0.272821663726081;1.51473563484882;0.553578079093565;-1.0706550626558;-0.448541035627837;0.585697956105246;-0.310427239578521
0.232706047022311;-0.272821663726081;1.51473563484882;0.88306169403186;-1.46570646451761;-0.448541035627837;0.585697956105246;-0.310427239578521
0.250987761065328;-0.272821663726081;1.51473563484882;0.37528910689455;2.02391425192837;-0.448541035627837;0.585697956105246;-0.310427239578521
-0.772779119149408;-0.272821663726081;1.51473563484882;1.24984681076683;0.608313395256888;-0.448541035627837;0.585697956105246;-0.310427239578521
0.172399342642152;-0.272821663726081;1.51473563484882;0.845512987538441;-0.0501056078461271;-0.448541035627837;0.585697956105246;-0.310427239578521
0.738021649563986;-0.272821663726081;1.51473563484882;0.63641542083134;-0.675603660793992;-0.448541035627837;0.585697956105246;-0.310427239578521
-0.142017982569265;-0.272821663726081;1.51473563484882;1.21781578343616;-0.366146729335574;-0.448541035627837;0.585697956105246;-0.310427239578521
0.113938339639151;-0.272821663726081;1.51473563484882;0.875078160013026;-0.0501056078461271;-0.448541035627837;0.585697956105246;-0.310427239578521
0.638430255948216;-0.272821663726081;1.51473563484882;0.763840409044853;2.02391425192837;-0.448541035627837;0.585697956105246;-0.310427239578521
-0.0561432806022465;-0.272821663726081;1.51473563484882;1.02674520790258;-1.0706550626558;-0.448541035627837;0.585697956105246;-0.310427239578521
-0.585735611514018;-0.272821663726081;1.51473563484882;1.09017207771832;-0.0501056078461271;-0.448541035627837;0.585697956105246;-0.310427239578521
0.162491474937279;-0.272821663726081;1.51473563484882;0.969692837920968;0.805839096187793;-0.448541035627837;0.585697956105246;-0.310427239578521
0.679517690121384;-0.272821663726081;1.51473563484882;0.659990476677594;-1.26818076358671;-0.448541035627837;0.585697956105246;-0.310427239578521
0.0803439516275858;-0.272821663726081;1.51473563484882;0.980230903332621;-1.46570646451761;-0.448541035627837;0.585697956105246;-0.310427239578521
0.386664506574071;-0.272821663726081;1.51473563484882;0.613012317258083;1.24697982826681;-0.448541035627837;0.585697956105246;-0.310427239578521
-0.601195328756453;-0.272821663726081;1.51473563484882;1.06535012304219;0.377866744170833;-0.448541035627837;0.585697956105246;-0.310427239578521
1.11452519241683;-0.272821663726081;1.51473563484882;0.177396656658962;-1.26818076358671;-0.448541035627837;0.585697956105246;-0.310427239578521
-0.352840745050049;-0.272821663726081;1.51473563484882;1.12749079280572;-0.0501056078461271;-0.448541035627837;0.585697956105246;-0.310427239578521
-0.0528139968104038;-0.272821663726081;1.51473563484882;0.965153748505343;-1.0706550626558;-0.448541035627837;0.585697956105246;-0.310427239578521
0.174850155714168;-0.272821663726081;1.51473563484882;0.822458221509415;0.805839096187793;-0.448541035627837;0.585697956105246;-0.310427239578521
-0.211282981348729;0.0520150788793472;-0.562182656138719;0.520515513787648;-1.26818076358671;-0.448541035627837;0.585697956105246;-0.310427239578521
-0.230549650783879;0.0520150788793472;-0.562182656138719;0.202061165323809;-1.26818076358671;-0.448541035627837;0.585697956105246;-0.310427239578521
-1.02222524873658;0.160293993081156;0.772979102353268;1.23686412083196;0.377866744170833;2.22679946765593;-1.70533451405527;-0.310427239578521
-0.0791522339761663;0.160293993081156;0.772979102353268;1.02493230302896;-1.0706550626558;2.22679946765593;-1.70533451405527;-0.310427239578521
1.0787728075859;0.160293993081156;0.772979102353268;-1.90738530896104;-0.267383878870122;2.22679946765593;-1.70533451405527;-0.310427239578521
0.0228621120699229;0.160293993081156;0.772979102353268;0.594100475606742;-0.0501056078461271;2.22679946765593;-1.70533451405527;-0.310427239578521
-0.613237046193302;0.160293993081156;0.772979102353268;0.811938342162313;0.377866744170833;2.22679946765593;-1.70533451405527;-0.310427239578521
-0.425096873063361;0.160293993081156;0.772979102353268;0.760573085507729;-1.46570646451761;2.22679946765593;-1.70533451405527;-0.310427239578521
-0.639275827630693;0.160293993081156;0.772979102353268;0.990972841090385;-0.675603660793992;2.22679946765593;-1.70533451405527;-0.310427239578521
-0.419329092821283;0.160293993081156;0.772979102353268;0.910598648836872;2.02391425192837;2.22679946765593;-1.70533451405527;-0.310427239578521
-0.0820614783393123;0.160293993081156;0.772979102353268;0.914017648030189;1.69470475037686;2.22679946765593;-1.70533451405527;-0.310427239578521
-0.685940701923309;0.160293993081156;0.772979102353268;1.06219443648688;-0.0501056078461271;2.22679946765593;-1.70533451405527;-0.310427239578521
1.56007634936832;0.160293993081156;0.772979102353268;-2.21726745024084;-0.366146729335574;2.22679946765593;-1.70533451405527;-0.310427239578521
-0.604850811358135;0.160293993081156;0.772979102353268;1.08714710909501;-1.46570646451761;2.22679946765593;-1.70533451405527;-0.310427239578521
-0.284428452210884;0.160293993081156;0.772979102353268;0.998501798069247;-1.0706550626558;2.22679946765593;-1.70533451405527;-0.310427239578521
-0.280071044455508;0.160293993081156;0.772979102353268;0.995749117455334;-0.333225779180424;2.22679946765593;-1.70533451405527;-0.310427239578521
-0.246517027371272;0.160293993081156;0.772979102353268;1.00794130768686;-0.774366511259444;2.22679946765593;-1.70533451405527;-0.310427239578521
-0.306849913806685;0.160293993081156;0.772979102353268;1.0129484521143;-1.0706550626558;2.22679946765593;-1.70533451405527;-0.310427239578521
-0.254696442687444;0.160293993081156;0.772979102353268;1.04122604243554;-0.366146729335574;2.22679946765593;-1.70533451405527;-0.310427239578521
-0.306849913806685;0.160293993081156;0.772979102353268;1.05277162062918;0.377866744170833;2.22679946765593;-1.70533451405527;-0.310427239578521
-0.349847945715032;0.160293993081156;0.772979102353268;1.05646820505764;2.02391425192837;2.22679946765593;-1.70533451405527;-0.310427239578521
-0.657421672005561;0.160293993081156;0.772979102353268;1.19851549844979;-0.366146729335574;2.22679946765593;-1.70533451405527;-0.310427239578521
0.0345471291391301;0.160293993081156;0.772979102353268;0.0411481442337786;-0.675603660793992;2.22679946765593;-1.70533451405527;-0.310427239578521
-0.55721900239444;0.160293993081156;0.772979102353268;1.19871172449538;-0.366146729335574;2.22679946765593;-1.70533451405527;-0.310427239578521
-0.349847945715032;0.160293993081156;0.772979102353268;1.09644809787512;-0.0501056078461271;2.22679946765593;-1.70533451405527;-0.310427239578521
-0.527862434209543;0.160293993081156;0.772979102353268;1.10131722608113;-0.366146729335574;2.22679946765593;-1.70533451405527;-0.310427239578521
-0.513807224633504;0.160293993081156;0.772979102353268;1.16227883265962;-0.0501056078461271;2.22679946765593;-1.70533451405527;-0.310427239578521
-0.354862429968859;0.160293993081156;0.772979102353268;1.17158901887533;-0.675603660793992;2.22679946765593;-1.70533451405527;-0.310427239578521
-0.455040395459443;0.160293993081156;0.772979102353268;1.17223075378656;-0.675603660793992;2.22679946765593;-1.70533451405527;-0.310427239578521
-0.572571224718074;0.160293993081156;0.772979102353268;1.17536472610787;-0.675603660793992;2.22679946765593;-1.70533451405527;-0.310427239578521
-0.542324923361825;0.160293993081156;0.772979102353268;1.17922374884937;-1.0706550626558;2.22679946765593;-1.70533451405527;-0.310427239578521
0.156887133510997;0.160293993081156;0.772979102353268;0.0920408134465766;-0.366146729335574;2.22679946765593;-1.70533451405527;-0.310427239578521
-0.846176166844344;0.160293993081156;0.772979102353268;1.18585936885173;0.805839096187793;2.22679946765593;-1.70533451405527;-0.310427239578521
-0.407989711325115;0.160293993081156;0.772979102353268;1.18429694909356;-1.0706550626558;2.22679946765593;-1.70533451405527;-0.310427239578521
-0.520785358040044;0.160293993081156;0.772979102353268;1.20148661484477;-0.873129361724896;2.22679946765593;-1.70533451405527;-0.310427239578521
-0.782809396884608;0.160293993081156;0.772979102353268;1.22202316692262;-0.675603660793992;2.22679946765593;-1.70533451405527;-0.310427239578521
-0.771069950789011;0.160293993081156;0.772979102353268;1.24923171361773;-0.675603660793992;2.22679946765593;-1.70533451405527;-0.310427239578521
-0.0791522339761663;0.160293993081156;0.772979102353268;0.521996872651482;-0.675603660793992;2.22679946765593;-1.70533451405527;-0.310427239578521
-0.370215423953105;0.160293993081156;0.772979102353268;0.63065877571979;-1.46570646451761;2.22679946765593;-1.70533451405527;-0.310427239578521
-0.335099851792978;0.160293993081156;0.772979102353268;0.609490746771497;-0.0501056078461271;2.22679946765593;-1.70533451405527;-0.310427239578521
-0.288824235357284;0.160293993081156;0.772979102353268;0.623160691466418;-1.0706550626558;2.22679946765593;-1.70533451405527;-0.310427239578521
-0.137586348150675;0.160293993081156;0.772979102353268;0.591314584792937;-0.366146729335574;2.22679946765593;-1.70533451405527;-0.310427239578521
-0.455040395459443;0.160293993081156;0.772979102353268;1.16231300237576;-0.0501056078461271;2.22679946765593;-1.70533451405527;-0.310427239578521
-0.832739901453816;0.160293993081156;0.772979102353268;1.26181144815567;-0.873129361724896;2.22679946765593;-1.70533451405527;-0.310427239578521
-0.189068221476383;0.160293993081156;0.772979102353268;0.910367126182121;0.805839096187793;2.22679946765593;-1.70533451405527;-0.310427239578521
-0.171311019526654;0.160293993081156;0.772979102353268;0.792680642131362;-1.0706550626558;2.22679946765593;-1.70533451405527;-0.310427239578521
-0.0374074143408226;0.160293993081156;0.772979102353268;0.955123231562523;1.24697982826681;2.22679946765593;-1.70533451405527;-0.310427239578521
-0.588410672354448;0.160293993081156;0.772979102353268;1.15269002463291;0.805839096187793;2.22679946765593;-1.70533451405527;-0.310427239578521
-0.213288133463875;0.268572907282966;-0.11712873664139;0.0514753671346141;0.805839096187793;-0.448541035627837;0.585697956105246;-0.310427239578521
0.628422758672492;0.268572907282966;-0.11712873664139;-0.762483339471946;-1.0706550626558;-0.448541035627837;0.585697956105246;-0.310427239578521
-0.362329413368148;0.268572907282966;-0.11712873664139;0.325371970731584;-1.46570646451761;-0.448541035627837;0.585697956105246;-0.310427239578521
1.2465217207562;0.268572907282966;-0.11712873664139;-1.06873837342036;1.69470475037686;-0.448541035627837;0.585697956105246;-0.310427239578521
0.530390501330978;0.268572907282966;-0.11712873664139;-0.122837179957581;-0.675603660793992;-0.448541035627837;0.585697956105246;-0.310427239578521
0.236951050879506;0.268572907282966;-0.11712873664139;0.0797401987069106;-0.675603660793992;-0.448541035627837;0.585697956105246;-0.310427239578521
-0.671570710720384;0.268572907282966;-0.11712873664139;0.574121715682621;-1.46570646451761;-0.448541035627837;0.585697956105246;-0.310427239578521
1.51383734887755;0.268572907282966;-0.11712873664139;-2.0519725073376;0.805839096187793;-0.448541035627837;0.585697956105246;-0.310427239578521
1.68780652440717;0.268572907282966;-0.11712873664139;-1.13151555130019;0.805839096187793;-0.448541035627837;0.585697956105246;-0.310427239578521
1.65398003925152;0.268572907282966;-0.11712873664139;-1.12506264457048;0.805839096187793;-0.448541035627837;0.585697956105246;-0.310427239578521
1.66373745509886;0.268572907282966;-0.11712873664139;-1.11326364139639;1.69470475037686;-0.448541035627837;0.585697956105246;-0.310427239578521
1.24606212249061;0.268572907282966;-0.11712873664139;-1.06873837342036;1.69470475037686;-0.448541035627837;0.585697956105246;-0.310427239578521
1.45114826863747;0.268572907282966;-0.11712873664139;-1.02859697280517;0.805839096187793;-0.448541035627837;0.585697956105246;-0.310427239578521
0.708791164034762;0.268572907282966;-0.11712873664139;-0.835414956896016;-0.675603660793992;-0.448541035627837;0.585697956105246;-0.310427239578521
1.33602429125523;0.268572907282966;-0.11712873664139;-1.09394715152282;1.69470475037686;-0.448541035627837;0.585697956105246;-0.310427239578521
1.46901171317968;0.268572907282966;-0.11712873664139;-4.3610917918958;-0.0501056078461271;-0.448541035627837;0.585697956105246;-0.310427239578521
1.83921821743535;0.268572907282966;-0.11712873664139;-2.72094108171421;0.805839096187793;-0.448541035627837;0.585697956105246;-0.310427239578521
1.15645277582523;0.268572907282966;-0.11712873664139;-2.65680762180871;-0.675603660793992;-0.448541035627837;0.585697956105246;-0.310427239578521
1.14316761865298;0.268572907282966;-0.11712873664139;-1.99256966888678;-0.675603660793992;-0.448541035627837;0.585697956105246;-0.310427239578521
0.610613579440828;0.268572907282966;-0.11712873664139;-2.01534763684857;2.02391425192837;-0.448541035627837;0.585697956105246;-0.310427239578521
1.47102841724387;0.268572907282966;-0.11712873664139;-3.06817863833525;-0.0501056078461271;-0.448541035627837;0.585697956105246;-0.310427239578521
1.09282840498878;0.268572907282966;-0.11712873664139;-1.66204716133915;-0.0501056078461271;-0.448541035627837;0.585697956105246;-0.310427239578521
1.34780409480154;0.268572907282966;-0.11712873664139;-1.67464834661698;-0.0501056078461271;-0.448541035627837;0.585697956105246;-0.310427239578521
1.25279372280984;0.268572907282966;-0.11712873664139;-1.67734741612453;-0.0501056078461271;-0.448541035627837;0.585697956105246;-0.310427239578521
1.43881507013046;0.268572907282966;-0.11712873664139;-1.71034269514596;-0.0501056078461271;-0.448541035627837;0.585697956105246;-0.310427239578521
1.23850835073171;0.268572907282966;-0.11712873664139;-1.71262273777362;-0.0501056078461271;-0.448541035627837;0.585697956105246;-0.310427239578521
1.44978105124555;0.268572907282966;-0.11712873664139;-1.71395200171078;-0.0501056078461271;-0.448541035627837;0.585697956105246;-0.310427239578521
1.26077690073938;0.268572907282966;-0.11712873664139;-1.73487249203741;-0.0501056078461271;-0.448541035627837;0.585697956105246;-0.310427239578521
1.30437378919977;0.268572907282966;-0.11712873664139;-1.74822837082177;-0.0501056078461271;-0.448541035627837;0.585697956105246;-0.310427239578521
1.35605121809555;0.268572907282966;-0.11712873664139;-1.76613580527569;-0.0501056078461271;-0.448541035627837;0.585697956105246;-0.310427239578521
1.55680466210496;0.268572907282966;-0.11712873664139;-1.73676895934213;-0.0501056078461271;-0.448541035627837;0.585697956105246;-0.310427239578521
1.23850835073171;0.268572907282966;-0.11712873664139;-1.73211456805661;-0.0501056078461271;-0.448541035627837;0.585697956105246;-0.310427239578521
1.32916601231476;0.268572907282966;-0.11712873664139;-1.7319460138632;-0.0501056078461271;-0.448541035627837;0.585697956105246;-0.310427239578521
1.05840532934782;0.268572907282966;-0.11712873664139;-2.91403212338493;-0.675603660793992;-0.448541035627837;0.585697956105246;-0.310427239578521
1.40289128330559;0.268572907282966;-0.11712873664139;-1.58649485230219;-0.0501056078461271;-0.448541035627837;0.585697956105246;-0.310427239578521
1.44706205965665;0.268572907282966;-0.11712873664139;-2.11138778801302;0.805839096187793;-0.448541035627837;0.585697956105246;-0.310427239578521
1.54796292888795;0.268572907282966;-0.11712873664139;-1.17791997468707;0.805839096187793;-0.448541035627837;0.585697956105246;-0.310427239578521
1.70121372025432;0.268572907282966;-0.11712873664139;-2.1952998028704;0.805839096187793;-0.448541035627837;0.585697956105246;-0.310427239578521
1.26863440230804;0.268572907282966;-0.11712873664139;-2.77528039711458;0.805839096187793;-0.448541035627837;0.585697956105246;-0.310427239578521
1.05542663852437;0.268572907282966;-0.11712873664139;-1.31953424701105;0.805839096187793;-0.448541035627837;0.585697956105246;-0.310427239578521
1.49388437218041;0.268572907282966;-0.11712873664139;-3.11974110375242;0.805839096187793;-0.448541035627837;0.585697956105246;-0.310427239578521
1.4279500253181;0.268572907282966;-0.11712873664139;-2.15395380417171;1.69470475037686;-0.448541035627837;0.585697956105246;-0.310427239578521
1.03427665899031;0.268572907282966;-0.11712873664139;-3.48022390146496;0.805839096187793;-0.448541035627837;0.585697956105246;-0.310427239578521
0.799596465356397;0.268572907282966;-0.11712873664139;-1.13845815601629;0.805839096187793;-0.448541035627837;0.585697956105246;-0.310427239578521
0.419399748323939;0.268572907282966;-0.11712873664139;-0.810655336803908;-0.0501056078461271;-0.448541035627837;0.585697956105246;-0.310427239578521
1.42045084729969;0.268572907282966;-0.11712873664139;-3.26047686602897;-0.0501056078461271;-0.448541035627837;0.585697956105246;-0.310427239578521
0.672874123001077;0.268572907282966;-0.11712873664139;-0.764438486415781;-1.0706550626558;-0.448541035627837;0.585697956105246;-0.310427239578521
1.11851620962401;0.268572907282966;-0.11712873664139;-0.538125019722468;-0.675603660793992;-0.448541035627837;0.585697956105246;-0.310427239578521
0.299671884504573;0.268572907282966;-0.11712873664139;-0.240594978106737;-1.46570646451761;-0.448541035627837;0.585697956105246;-0.310427239578521
0.147765546542052;0.268572907282966;-0.11712873664139;-0.959401387693702;-0.0501056078461271;-0.448541035627837;0.585697956105246;-0.310427239578521
-0.00138639179005205;0.268572907282966;-0.11712873664139;0.0718152200375251;0.805839096187793;-0.448541035627837;0.585697956105246;-0.310427239578521
-0.368638381259399;0.268572907282966;-0.11712873664139;0.102616173216684;-0.0501056078461271;-0.448541035627837;0.585697956105246;-0.310427239578521
-0.207517310503107;0.268572907282966;-0.11712873664139;0.202790310674327;-0.478077959863087;-0.448541035627837;0.585697956105246;-0.310427239578521
0.53091016134612;0.268572907282966;-0.11712873664139;-0.122837179957581;-0.675603660793992;-0.448541035627837;0.585697956105246;-0.310427239578521
0.320033668626045;0.268572907282966;-0.11712873664139;-0.122241152986888;-0.675603660793992;-0.448541035627837;0.585697956105246;-0.310427239578521
-0.361978458028739;0.268572907282966;-0.11712873664139;0.32463045358729;-1.46570646451761;-0.448541035627837;0.585697956105246;-0.310427239578521
0.237388655819374;0.268572907282966;-0.11712873664139;0.0797401987069106;-0.675603660793992;-0.448541035627837;0.585697956105246;-0.310427239578521
-0.684026109621583;0.268572907282966;-0.11712873664139;0.51694941031221;-1.46570646451761;-0.448541035627837;0.585697956105246;-0.310427239578521
0.987708487348862;0.268572907282966;-0.11712873664139;-1.71565789814989;-0.0501056078461271;-0.448541035627837;0.585697956105246;-0.310427239578521
1.28524616542014;0.268572907282966;-0.11712873664139;-3.32790257535066;-0.0501056078461271;-0.448541035627837;0.585697956105246;-0.310427239578521
1.74539913320034;0.268572907282966;-0.11712873664139;-2.32448443451943;-0.0501056078461271;-0.448541035627837;0.585697956105246;-0.310427239578521
1.46162884028801;0.268572907282966;-0.11712873664139;-1.82186584171216;-0.0501056078461271;-0.448541035627837;0.585697956105246;-0.310427239578521
0.814292808104057;0.268572907282966;-0.11712873664139;-1.1810347914844;-0.0501056078461271;-0.448541035627837;0.585697956105246;-0.310427239578521
0.513035149880854;0.268572907282966;-0.11712873664139;-0.19639647513117;0.805839096187793;-0.448541035627837;0.585697956105246;-0.310427239578521
1.27433407177144;0.268572907282966;-0.11712873664139;-2.54738251884884;0.805839096187793;-0.448541035627837;0.585697956105246;-0.310427239578521
0.387804004723079;0.268572907282966;-0.11712873664139;-0.695133376418291;1.69470475037686;-0.448541035627837;0.585697956105246;-0.310427239578521
1.34359597891712;0.268572907282966;-0.11712873664139;-3.2843453631579;-0.0501056078461271;-0.448541035627837;0.585697956105246;-0.310427239578521
1.31987254418357;0.268572907282966;-0.11712873664139;-2.69863414508753;0.805839096187793;-0.448541035627837;0.585697956105246;-0.310427239578521
-0.876989937232615;0.268572907282966;-0.11712873664139;0.524951668984166;-1.46570646451761;-0.448541035627837;0.585697956105246;-0.310427239578521
1.83279897544917;0.268572907282966;-0.11712873664139;-2.89041428786277;-0.0501056078461271;-0.448541035627837;0.585697956105246;-0.310427239578521
1.09193080497207;0.268572907282966;-0.11712873664139;-2.18422993178927;-0.0501056078461271;-0.448541035627837;0.585697956105246;-0.310427239578521
1.13178647115095;0.268572907282966;-0.11712873664139;-1.79840593941679;0.805839096187793;-0.448541035627837;0.585697956105246;-0.310427239578521
-0.262395943501348;0.268572907282966;-0.11712873664139;0.0090686886759911;-0.0501056078461271;-0.448541035627837;0.585697956105246;-0.310427239578521
1.23765516512398;0.268572907282966;-0.11712873664139;-2.15839710022408;2.02391425192837;-0.448541035627837;0.585697956105246;-0.310427239578521
-0.566645367353794;0.268572907282966;-0.11712873664139;0.484221863669462;0.805839096187793;-0.448541035627837;0.585697956105246;-0.310427239578521
1.56615618646672;0.268572907282966;-0.11712873664139;-2.02029753511109;0.805839096187793;-0.448541035627837;0.585697956105246;-0.310427239578521
1.79476287950383;0.268572907282966;-0.11712873664139;-1.93773239603714;0.805839096187793;-0.448541035627837;0.585697956105246;-0.310427239578521
0.790267515811053;0.268572907282966;-0.11712873664139;-2.13603077882155;-0.0501056078461271;-0.448541035627837;0.585697956105246;-0.310427239578521
1.09073148765246;0.268572907282966;-0.11712873664139;-1.77873650168081;-0.0501056078461271;-0.448541035627837;0.585697956105246;-0.310427239578521
0.855033129767735;0.268572907282966;-0.11712873664139;-1.39350284464073;-0.0501056078461271;-0.448541035627837;0.585697956105246;-0.310427239578521
1.34354664654436;0.268572907282966;-0.11712873664139;-2.7654837038426;-0.0501056078461271;-0.448541035627837;0.585697956105246;-0.310427239578521
1.63730883431385;0.268572907282966;-0.11712873664139;-2.50776283903928;2.02391425192837;-0.448541035627837;0.585697956105246;-0.310427239578521
1.89791089132231;0.268572907282966;-0.11712873664139;-2.44065963406815;-0.0501056078461271;-0.448541035627837;0.585697956105246;-0.310427239578521
2.07436080448325;0.268572907282966;-0.11712873664139;-5.35661981316716;-0.0501056078461271;-0.448541035627837;0.585697956105246;-0.310427239578521
-0.207517310503107;0.376851821484775;1.66308694134793;0.800225960602417;1.69470475037686;-0.448541035627837;0.585697956105246;-0.310427239578521
-0.302293215963322;0.376851821484775;1.66308694134793;0.822046163965638;-1.0706550626558;-0.448541035627837;0.585697956105246;-0.310427239578521
-0.227401258514802;0.376851821484775;1.66308694134793;0.82225221800976;-1.0706550626558;-0.448541035627837;0.585697956105246;-0.310427239578521
-0.472555653855706;0.376851821484775;1.66308694134793;0.812980734768761;-1.0706550626558;-0.448541035627837;0.585697956105246;-0.310427239578521
-0.196351846135309;0.376851821484775;1.66308694134793;0.811468837932947;-0.478077959863087;-0.448541035627837;0.585697956105246;-0.310427239578521
-0.241255653149574;0.376851821484775;1.66308694134793;0.866577653882562;-0.0501056078461271;-0.448541035627837;0.585697956105246;-0.310427239578521
-0.576484213361085;0.376851821484775;1.66308694134793;0.841597396425023;0.805839096187793;-0.448541035627837;0.585697956105246;-0.310427239578521
-0.203779836715257;0.376851821484775;1.66308694134793;0.890637116289646;-0.0501056078461271;-0.448541035627837;0.585697956105246;-0.310427239578521
0.910828194595903;0.485130735686584;-0.71053396263783;-0.773294190051678;-0.0501056078461271;-0.448541035627837;-1.70533451405527;3.2175363886044
-0.0216504944592826;0.485130735686584;-0.71053396263783;0.119879125129065;-0.0501056078461271;-0.448541035627837;-1.70533451405527;3.2175363886044
-0.613237046193302;0.485130735686584;-0.71053396263783;0.717759031911505;-0.0501056078461271;-0.448541035627837;-1.70533451405527;3.2175363886044
-0.461238628555417;0.485130735686584;-0.71053396263783;0.600587126153328;-0.0501056078461271;-0.448541035627837;-1.70533451405527;3.2175363886044
0.11738390659585;0.485130735686584;-0.71053396263783;0.712601159743761;-0.0501056078461271;-0.448541035627837;-1.70533451405527;3.2175363886044
0.956100839909746;0.593409649888393;-1.30393918863427;-1.01292799034086;-0.675603660793992;-0.448541035627837;0.585697956105246;-0.310427239578521
0.863795412388821;0.593409649888393;-1.30393918863427;-1.04599063519217;-1.0706550626558;-0.448541035627837;0.585697956105246;-0.310427239578521
-0.428521082590601;0.593409649888393;-1.30393918863427;-0.247309291699515;-1.46570646451761;-0.448541035627837;0.585697956105246;-0.310427239578521
-0.576638290426271;0.593409649888393;-1.30393918863427;-0.253870801914493;-1.46570646451761;-0.448541035627837;0.585697956105246;-0.310427239578521
-0.525214134419394;0.593409649888393;-1.30393918863427;-0.330590164439967;-1.0706550626558;-0.448541035627837;0.585697956105246;-0.310427239578521
-0.583387111355319;0.593409649888393;-1.30393918863427;-0.0373537998001607;-1.46570646451761;-0.448541035627837;0.585697956105246;-0.310427239578521
0.0442354299508953;0.593409649888393;-1.30393918863427;0.00161399146071106;-1.46570646451761;-0.448541035627837;0.585697956105246;-0.310427239578521
-0.319991153279926;0.593409649888393;-1.30393918863427;-0.202884914620411;-1.0706550626558;-0.448541035627837;0.585697956105246;-0.310427239578521
0.310145676921977;0.593409649888393;-1.30393918863427;-0.749130843852406;-1.0706550626558;-0.448541035627837;0.585697956105246;-0.310427239578521
0.642043939102083;0.593409649888393;-1.30393918863427;-1.12220475689368;-1.46570646451761;-0.448541035627837;0.585697956105246;-0.310427239578521
-0.445944314219666;0.593409649888393;-1.30393918863427;-0.713993301445772;-0.478077959863087;-0.448541035627837;0.585697956105246;-0.310427239578521
-0.527094374846393;0.593409649888393;-1.30393918863427;-0.13966951622122;-0.0501056078461271;-0.448541035627837;0.585697956105246;-0.310427239578521
-2.16833477024622;0.593409649888393;-1.30393918863427;1.10758271475988;-0.675603660793992;-0.448541035627837;0.585697956105246;-0.310427239578521
-2.10520227664806;0.593409649888393;-1.30393918863427;0.872512914850631;0.805839096187793;-0.448541035627837;0.585697956105246;-0.310427239578521
-1.42408012774011;0.593409649888393;-1.30393918863427;0.769239177794279;-0.0501056078461271;-0.448541035627837;0.585697956105246;-0.310427239578521
-1.85719910548748;0.593409649888393;-1.30393918863427;0.426332229581782;1.69470475037686;-0.448541035627837;0.585697956105246;-0.310427239578521
-2.03896426286684;0.593409649888393;-1.30393918863427;0.601058130144716;-0.0501056078461271;-0.448541035627837;0.585697956105246;-0.310427239578521
-1.33279681411453;0.593409649888393;-1.30393918863427;0.598228079211073;-0.0501056078461271;-0.448541035627837;0.585697956105246;-0.310427239578521
-1.51022475668917;0.593409649888393;-1.30393918863427;0.181290839290978;2.02391425192837;-0.448541035627837;0.585697956105246;-0.310427239578521
-0.36879078073641;0.593409649888393;-1.30393918863427;-0.264872445424036;-0.0501056078461271;-0.448541035627837;0.585697956105246;-0.310427239578521
-1.50623963624685;0.593409649888393;-1.30393918863427;0.452968184537821;-0.0501056078461271;-0.448541035627837;0.585697956105246;-0.310427239578521
-1.94820192846661;0.593409649888393;-1.30393918863427;0.749625493089985;-0.0501056078461271;-0.448541035627837;0.585697956105246;-0.310427239578521
-1.77683271412946;0.593409649888393;-1.30393918863427;0.939756655809102;-1.0706550626558;-0.448541035627837;0.585697956105246;-0.310427239578521
-1.65215222219127;0.593409649888393;-1.30393918863427;0.947851883983001;-0.675603660793992;-0.448541035627837;0.585697956105246;-0.310427239578521
-1.90667958966658;0.593409649888393;-1.30393918863427;0.98405305181475;-0.0501056078461271;-0.448541035627837;0.585697956105246;-0.310427239578521
-1.69011432656535;0.593409649888393;-1.30393918863427;0.523106156301261;-0.0501056078461271;-0.448541035627837;0.585697956105246;-0.310427239578521
-0.820032147071353;0.593409649888393;-1.30393918863427;0.0691353226259116;0.805839096187793;-0.448541035627837;0.585697956105246;-0.310427239578521
-2.0233428737417;0.593409649888393;-1.30393918863427;0.849609524525394;-0.0501056078461271;-0.448541035627837;0.585697956105246;-0.310427239578521
-1.65082473833303;0.593409649888393;-1.30393918863427;0.600250529839946;-0.0501056078461271;-0.448541035627837;0.585697956105246;-0.310427239578521
-2.15907414011743;0.593409649888393;-1.30393918863427;0.700638633622119;-0.0501056078461271;-0.448541035627837;0.585697956105246;-0.310427239578521
-1.20162632799623;0.593409649888393;-1.30393918863427;0.454655511271606;2.02391425192837;-0.448541035627837;0.585697956105246;-0.310427239578521
-1.17537771227264;0.593409649888393;-1.30393918863427;0.601528867327613;1.69470475037686;-0.448541035627837;0.585697956105246;-0.310427239578521
-0.251392510891607;0.593409649888393;-1.30393918863427;-0.245494795918121;-1.0706550626558;-0.448541035627837;0.585697956105246;-0.310427239578521
-1.14056615792238;0.593409649888393;-1.30393918863427;0.146998668819903;0.805839096187793;-0.448541035627837;0.585697956105246;-0.310427239578521
-1.18362804299944;0.593409649888393;-1.30393918863427;0.558407910220229;1.69470475037686;-0.448541035627837;0.585697956105246;-0.310427239578521
-2.16833477024622;0.593409649888393;-1.30393918863427;0.990426425584469;-0.675603660793992;-0.448541035627837;0.585697956105246;-0.310427239578521
-1.76336454711126;0.593409649888393;-1.30393918863427;0.408050230806016;0.805839096187793;-0.448541035627837;0.585697956105246;-0.310427239578521
-1.0781070505136;0.593409649888393;-1.30393918863427;0.211985388083436;0.805839096187793;-0.448541035627837;0.585697956105246;-0.310427239578521
-2.36791977234493;0.593409649888393;-1.30393918863427;0.988911390020182;1.69470475037686;-0.448541035627837;0.585697956105246;-0.310427239578521
-1.93985302283835;0.593409649888393;-1.30393918863427;0.922549564646118;-0.0501056078461271;-0.448541035627837;0.585697956105246;-0.310427239578521
-1.3018776681289;0.593409649888393;-1.30393918863427;0.342953785307196;0.805839096187793;-0.448541035627837;0.585697956105246;-0.310427239578521
-1.93514418007613;0.593409649888393;-1.30393918863427;0.827642910416413;-0.0501056078461271;-0.448541035627837;0.585697956105246;-0.310427239578521
-1.53220756815926;0.593409649888393;-1.30393918863427;0.562928059547304;2.02391425192837;-0.448541035627837;0.585697956105246;-0.310427239578521
-2.35688874563085;0.593409649888393;-1.30393918863427;1.03869125487114;-0.0501056078461271;-0.448541035627837;0.585697956105246;-0.310427239578521
-1.0844601313371;0.593409649888393;-1.30393918863427;0.332732268285114;0.805839096187793;-0.448541035627837;0.585697956105246;-0.310427239578521
-2.36791977234493;0.593409649888393;-1.30393918863427;0.611286624788886;-0.675603660793992;-0.448541035627837;0.585697956105246;-0.310427239578521
-1.26230595209177;0.593409649888393;-1.30393918863427;0.430797021118327;-0.0501056078461271;-0.448541035627837;0.585697956105246;-0.310427239578521
-2.01228128757032;0.593409649888393;-1.30393918863427;1.00983280257617;-0.675603660793992;-0.448541035627837;0.585697956105246;-0.310427239578521
-1.10180796383803;0.593409649888393;-1.30393918863427;0.239660779208966;-0.0501056078461271;-0.448541035627837;0.585697956105246;-0.310427239578521
-1.28249140078237;0.593409649888393;-1.30393918863427;0.726188380548556;-1.0706550626558;-0.448541035627837;0.585697956105246;-0.310427239578521
-0.96993738438651;0.593409649888393;-1.30393918863427;1.00024875401523;-0.0501056078461271;-0.448541035627837;0.585697956105246;-0.310427239578521
-1.87246432083097;0.593409649888393;-1.30393918863427;1.03757984172501;-1.46570646451761;-0.448541035627837;0.585697956105246;-0.310427239578521
-0.861481625336947;0.593409649888393;-1.30393918863427;-0.0912809847401404;-0.0501056078461271;-0.448541035627837;0.585697956105246;-0.310427239578521
-0.980035066127155;0.593409649888393;-1.30393918863427;0.682120700736905;-0.0501056078461271;-0.448541035627837;0.585697956105246;-0.310427239578521
-2.05807922711987;0.593409649888393;-1.30393918863427;0.844761425302996;1.69470475037686;-0.448541035627837;0.585697956105246;-0.310427239578521
-1.59744096118194;0.593409649888393;-1.30393918863427;0.358486268712651;2.02391425192837;-0.448541035627837;0.585697956105246;-0.310427239578521
-1.57473592529202;0.593409649888393;-1.30393918863427;0.554147757482761;-0.0501056078461271;-0.448541035627837;0.585697956105246;-0.310427239578521
-1.66154479929692;0.593409649888393;-1.30393918863427;0.527969438749777;-0.675603660793992;-0.448541035627837;0.585697956105246;-0.310427239578521
-1.61440344553977;0.593409649888393;-1.30393918863427;0.608891254604798;2.02391425192837;-0.448541035627837;0.585697956105246;-0.310427239578521
-1.81126937718645;0.593409649888393;-1.30393918863427;0.920356175947957;-0.0501056078461271;-0.448541035627837;0.585697956105246;-0.310427239578521
-1.96161047596766;0.593409649888393;-1.30393918863427;0.920218896349971;-0.0501056078461271;-0.448541035627837;0.585697956105246;-0.310427239578521
-2.60195701645989;0.593409649888393;-1.30393918863427;0.942835041646893;-0.675603660793992;-0.448541035627837;0.585697956105246;-0.310427239578521
1.05337210462223;0.593409649888393;-1.30393918863427;-1.46165155277445;-0.478077959863087;-0.448541035627837;0.585697956105246;-0.310427239578521
-0.551032228907781;0.593409649888393;-1.30393918863427;-0.40838452986697;-0.675603660793992;-0.448541035627837;0.585697956105246;-0.310427239578521
-2.09219480099813;0.593409649888393;-1.30393918863427;0.960894713546311;0.805839096187793;-0.448541035627837;0.585697956105246;-0.310427239578521
-1.18701908659349;0.593409649888393;-1.30393918863427;0.652058841053471;-0.675603660793992;-0.448541035627837;0.585697956105246;-0.310427239578521
-1.43171358668429;0.593409649888393;-1.30393918863427;0.655026353048019;2.02391425192837;-0.448541035627837;0.585697956105246;-0.310427239578521
-1.25206386449941;0.593409649888393;-1.30393918863427;0.436969866762664;0.805839096187793;-0.448541035627837;0.585697956105246;-0.310427239578521
-1.06420386356867;0.593409649888393;-1.30393918863427;0.789686029188515;0.805839096187793;-0.448541035627837;0.585697956105246;-0.310427239578521
-0.563858797561805;0.593409649888393;-1.30393918863427;-0.565079160377334;-0.0501056078461271;-0.448541035627837;0.585697956105246;-0.310427239578521
-0.808865380463879;0.593409649888393;-1.30393918863427;0.163655271918777;-1.0706550626558;-0.448541035627837;0.585697956105246;-0.310427239578521
-1.09414399335338;0.593409649888393;-1.30393918863427;0.286219998751359;2.02391425192837;-0.448541035627837;0.585697956105246;-0.310427239578521
-2.23418424542211;0.593409649888393;-1.30393918863427;1.08482421636063;-0.675603660793992;-0.448541035627837;0.585697956105246;-0.310427239578521
-0.582996766884457;0.593409649888393;-1.30393918863427;-0.206175017139701;-0.675603660793992;-0.448541035627837;0.585697956105246;-0.310427239578521
-1.25625577351444;0.593409649888393;-1.30393918863427;0.486155942685592;0.805839096187793;-0.448541035627837;0.585697956105246;-0.310427239578521
-0.798663753642904;0.593409649888393;-1.30393918863427;0.102039005131959;0.805839096187793;-0.448541035627837;0.585697956105246;-0.310427239578521
0.448363350088946;0.701688564090203;-0.71053396263783;0.169530305427033;-0.0501056078461271;-0.448541035627837;0.585697956105246;-0.310427239578521
-0.373640989626454;0.701688564090203;-0.71053396263783;0.0756793974859477;-0.675603660793992;-0.448541035627837;0.585697956105246;-0.310427239578521
-0.594442572158627;0.701688564090203;-0.71053396263783;0.0528061548631261;-0.675603660793992;-0.448541035627837;0.585697956105246;-0.310427239578521
-0.361177199789579;0.701688564090203;-0.71053396263783;0.128085973712826;-0.0501056078461271;-0.448541035627837;0.585697956105246;-0.310427239578521
-0.434860470680871;0.701688564090203;-0.71053396263783;0.189621762938158;0.805839096187793;-0.448541035627837;0.585697956105246;-0.310427239578521
0.432935915313153;0.701688564090203;-0.71053396263783;-1.2081138333147;0.805839096187793;-0.448541035627837;0.585697956105246;-0.310427239578521
0.46365422739043;0.701688564090203;-0.71053396263783;-0.809288958314021;-0.0501056078461271;-0.448541035627837;0.585697956105246;-0.310427239578521
0.0352260382422683;0.701688564090203;-0.71053396263783;-0.442536567877828;-0.0501056078461271;-0.448541035627837;0.585697956105246;-0.310427239578521
-0.163000130911463;0.701688564090203;-0.71053396263783;-0.196731144954664;-0.675603660793992;-0.448541035627837;0.585697956105246;-0.310427239578521
-0.2391743721729;0.701688564090203;-0.71053396263783;0.0288944977319025;-0.675603660793992;-0.448541035627837;0.585697956105246;-0.310427239578521
0.717616973890287;0.701688564090203;-0.71053396263783;-0.751020307019906;-0.675603660793992;-0.448541035627837;0.585697956105246;-0.310427239578521
1.28346870110248;0.701688564090203;-0.71053396263783;-1.46620474658185;0.805839096187793;-0.448541035627837;0.585697956105246;-0.310427239578521
0.054131345401549;0.701688564090203;-0.71053396263783;-0.385658440413539;1.69470475037686;-0.448541035627837;0.585697956105246;-0.310427239578521
-0.494942080262823;0.701688564090203;-0.71053396263783;-0.59547288259491;-0.675603660793992;-0.448541035627837;0.585697956105246;-0.310427239578521
-0.182343765756127;0.701688564090203;-0.71053396263783;0.161279821225841;-0.0501056078461271;-0.448541035627837;0.585697956105246;-0.310427239578521
-0.242082718594622;0.701688564090203;-0.71053396263783;0.254509490450924;-0.478077959863087;-0.448541035627837;0.585697956105246;-0.310427239578521
-0.0958961716700539;0.701688564090203;-0.71053396263783;-0.510269270199244;-0.675603660793992;-0.448541035627837;0.585697956105246;-0.310427239578521
0.0268565877741214;0.701688564090203;-0.71053396263783;-0.179280830507372;-0.0501056078461271;-0.448541035627837;0.585697956105246;-0.310427239578521
-0.459956213969485;0.701688564090203;-0.71053396263783;-0.233492508702368;-1.46570646451761;-0.448541035627837;0.585697956105246;-0.310427239578521
-0.434049153401399;0.701688564090203;-0.71053396263783;-0.352558708353228;-0.675603660793992;-0.448541035627837;0.585697956105246;-0.310427239578521
-0.603954773629735;0.701688564090203;-0.71053396263783;-0.0525653921349654;-1.46570646451761;-0.448541035627837;0.585697956105246;-0.310427239578521
-0.325644231113396;0.701688564090203;-0.71053396263783;-0.0701758993952529;-0.478077959863087;-0.448541035627837;0.585697956105246;-0.310427239578521
0.301280257817063;0.701688564090203;-0.71053396263783;-0.439342961372726;-0.0501056078461271;-0.448541035627837;0.585697956105246;-0.310427239578521
-0.870145685944056;0.701688564090203;-0.71053396263783;0.514936711450865;-1.0706550626558;-0.448541035627837;0.585697956105246;-0.310427239578521
-0.894304320791573;0.701688564090203;-0.71053396263783;0.699504508610245;-1.0706550626558;-0.448541035627837;0.585697956105246;-0.310427239578521
-0.658056183171137;0.701688564090203;-0.71053396263783;0.559186567603787;-1.0706550626558;-0.448541035627837;0.585697956105246;-0.310427239578521
-0.215151965371488;0.701688564090203;-0.71053396263783;0.105079959892657;0.805839096187793;-0.448541035627837;0.585697956105246;-0.310427239578521
-0.30878340979688;0.701688564090203;-0.71053396263783;0.102628448893116;-0.478077959863087;-0.448541035627837;0.585697956105246;-0.310427239578521
-0.0910962095656037;0.701688564090203;-0.71053396263783;0.166137639900452;0.805839096187793;-0.448541035627837;0.585697956105246;-0.310427239578521
-0.233214380556162;0.701688564090203;-0.71053396263783;0.159631279497956;0.805839096187793;-0.448541035627837;0.585697956105246;-0.310427239578521
-0.393687530422421;0.701688564090203;-0.71053396263783;0.184777800904584;-0.478077959863087;-0.448541035627837;0.585697956105246;-0.310427239578521
0.0643471316457143;0.701688564090203;-0.71053396263783;-0.575921867228149;-0.675603660793992;-0.448541035627837;0.585697956105246;-0.310427239578521
-2.51244192519343;0.701688564090203;-0.71053396263783;-0.286400709752395;-1.46570646451761;-0.448541035627837;0.585697956105246;-0.310427239578521
0.233740300846117;0.701688564090203;-0.71053396263783;-0.72505203120086;-0.675603660793992;-0.448541035627837;0.585697956105246;-0.310427239578521
0.725109982117732;0.701688564090203;-0.71053396263783;-0.82373079157706;-0.675603660793992;-0.448541035627837;0.585697956105246;-0.310427239578521
0.349225428871562;0.701688564090203;-0.71053396263783;-0.741649791426848;-0.675603660793992;-0.448541035627837;0.585697956105246;-0.310427239578521
0.612609033389287;0.701688564090203;-0.71053396263783;-0.878199114683556;-1.0706550626558;-0.448541035627837;0.585697956105246;-0.310427239578521
0.656841801140566;0.701688564090203;-0.71053396263783;-0.841952477547441;-1.0706550626558;-0.448541035627837;0.585697956105246;-0.310427239578521
0.939938008078146;0.701688564090203;-0.71053396263783;-0.999961502807408;-1.0706550626558;-0.448541035627837;0.585697956105246;-0.310427239578521
-0.233950651594978;0.701688564090203;-0.71053396263783;-0.591746923545784;-0.675603660793992;-0.448541035627837;0.585697956105246;-0.310427239578521
-0.106777709854523;0.701688564090203;-0.71053396263783;-0.348973030911923;-0.0501056078461271;-0.448541035627837;0.585697956105246;-0.310427239578521
0.663745682927211;0.701688564090203;-0.71053396263783;-1.11726718236627;-1.0706550626558;-0.448541035627837;0.585697956105246;-0.310427239578521
-0.0970444515763807;0.701688564090203;-0.71053396263783;-0.0545515493515285;-0.675603660793992;-0.448541035627837;0.585697956105246;-0.310427239578521
-0.199671717764042;0.701688564090203;-0.71053396263783;0.105972957144062;0.805839096187793;-0.448541035627837;0.585697956105246;-0.310427239578521
0.75141084116149;0.701688564090203;-0.71053396263783;-1.22726149390039;-1.0706550626558;-0.448541035627837;0.585697956105246;-0.310427239578521
0.424702914007315;0.701688564090203;-0.71053396263783;-0.825497404348692;-1.46570646451761;-0.448541035627837;0.585697956105246;-0.310427239578521
-0.333961359897394;0.701688564090203;-0.71053396263783;0.150296620646168;0.805839096187793;-0.448541035627837;0.585697956105246;-0.310427239578521
0.41526626539751;0.701688564090203;-0.71053396263783;-0.653379686057638;-0.675603660793992;-0.448541035627837;0.585697956105246;-0.310427239578521
0.506691366918855;0.701688564090203;-0.71053396263783;0.124483057294257;-0.675603660793992;-0.448541035627837;0.585697956105246;-0.310427239578521
-0.0256710678651494;0.701688564090203;-0.71053396263783;-0.643443139562906;-0.675603660793992;-0.448541035627837;0.585697956105246;-0.310427239578521
0.155396174400199;0.701688564090203;-0.71053396263783;-0.0171229563954385;-0.0501056078461271;-0.448541035627837;0.585697956105246;-0.310427239578521
-0.221806427580958;0.701688564090203;-0.71053396263783;-0.487462968335623;-1.46570646451761;-0.448541035627837;0.585697956105246;-0.310427239578521
-0.142276099550172;0.701688564090203;-0.71053396263783;0.118675974605921;-0.0501056078461271;-0.448541035627837;0.585697956105246;-0.310427239578521
-0.0426929186793673;0.701688564090203;-0.71053396263783;0.304123489908337;-0.675603660793992;-0.448541035627837;0.585697956105246;-0.310427239578521
-0.51407904732512;0.701688564090203;-0.71053396263783;0.12154860800919;1.69470475037686;-0.448541035627837;0.585697956105246;-0.310427239578521
-0.86339401695844;0.701688564090203;-0.71053396263783;0.247066837733289;-0.478077959863087;-0.448541035627837;0.585697956105246;-0.310427239578521
-0.283571054913473;0.701688564090203;-0.71053396263783;-0.242752543207541;0.805839096187793;-0.448541035627837;0.585697956105246;-0.310427239578521
-0.416302332433182;0.701688564090203;-0.71053396263783;0.0816183772009501;0.805839096187793;-0.448541035627837;0.585697956105246;-0.310427239578521
-0.367522204630736;0.701688564090203;-0.71053396263783;0.179636928249339;0.805839096187793;-0.448541035627837;0.585697956105246;-0.310427239578521
-0.163875567897007;0.701688564090203;-0.71053396263783;0.0898371443354901;0.805839096187793;-0.448541035627837;0.585697956105246;-0.310427239578521
-0.501593342526506;0.701688564090203;-0.71053396263783;0.0409365783570802;-1.0706550626558;-0.448541035627837;0.585697956105246;-0.310427239578521
-0.469251565831038;0.701688564090203;-0.71053396263783;0.0416239698357745;-0.675603660793992;-0.448541035627837;0.585697956105246;-0.310427239578521
-0.379316541950477;0.701688564090203;-0.71053396263783;0.0079272272591814;-1.0706550626558;-0.448541035627837;0.585697956105246;-0.310427239578521
-0.459834251162903;0.701688564090203;-0.71053396263783;0.130997402893767;-0.0501056078461271;-0.448541035627837;0.585697956105246;-0.310427239578521
-0.19873125215006;0.701688564090203;-0.71053396263783;0.11116504128644;0.805839096187793;-0.448541035627837;0.585697956105246;-0.310427239578521
0.831237953557389;0.701688564090203;-0.71053396263783;-1.2860672232318;-0.675603660793992;-0.448541035627837;0.585697956105246;-0.310427239578521
0.0732904859768115;0.701688564090203;-0.71053396263783;-0.521612297660267;-0.0501056078461271;-0.448541035627837;0.585697956105246;-0.310427239578521
-0.613402898819397;0.701688564090203;-0.71053396263783;0.0907467127143308;-0.675603660793992;-0.448541035627837;0.585697956105246;-0.310427239578521
-0.271886959244971;0.701688564090203;-0.71053396263783;0.0577711791785112;-0.675603660793992;-0.448541035627837;0.585697956105246;-0.310427239578521
-1.16675863358946;0.701688564090203;-0.71053396263783;0.530756616375967;-0.675603660793992;-0.448541035627837;0.585697956105246;-0.310427239578521
-0.088162939903676;0.701688564090203;-0.71053396263783;-0.597813716957486;-0.675603660793992;-0.448541035627837;0.585697956105246;-0.310427239578521
0.432721793468958;0.701688564090203;-0.71053396263783;-0.736327927325187;-0.675603660793992;-0.448541035627837;0.585697956105246;-0.310427239578521
-0.123185293864599;0.701688564090203;-0.71053396263783;-0.619976644114832;-1.46570646451761;-0.448541035627837;0.585697956105246;-0.310427239578521
-1.23766336674735;0.701688564090203;-0.71053396263783;0.671809128391347;0.805839096187793;-0.448541035627837;0.585697956105246;-0.310427239578521
-2.36237378613027;0.701688564090203;-0.71053396263783;-0.213945080335489;-1.46570646451761;-0.448541035627837;0.585697956105246;-0.310427239578521
0.39553270884818;0.701688564090203;-0.71053396263783;-0.753224392087089;-1.0706550626558;-0.448541035627837;0.585697956105246;-0.310427239578521
0.994604686470471;0.701688564090203;-0.71053396263783;-1.08824410260287;-1.0706550626558;-0.448541035627837;0.585697956105246;-0.310427239578521
1.00576135161127;0.701688564090203;-0.71053396263783;-0.771141849260013;-1.0706550626558;-0.448541035627837;0.585697956105246;-0.310427239578521
0.892129176376554;0.701688564090203;-0.71053396263783;-0.837168522566663;-0.675603660793992;-0.448541035627837;0.585697956105246;-0.310427239578521
-0.475881759164509;0.701688564090203;-0.71053396263783;-0.570814759933321;-0.675603660793992;-0.448541035627837;0.585697956105246;-0.310427239578521
-0.532213739057864;0.701688564090203;-0.71053396263783;-0.189766254272087;-1.0706550626558;-0.448541035627837;0.585697956105246;-0.310427239578521
-0.397547659315216;0.701688564090203;-0.71053396263783;-0.0531281475895296;-0.0501056078461271;-0.448541035627837;0.585697956105246;-0.310427239578521
-1.6766712185517;0.701688564090203;-0.71053396263783;0.740693870837707;0.805839096187793;-0.448541035627837;0.585697956105246;-0.310427239578521
-0.796863774903998;0.701688564090203;-0.71053396263783;0.0398779377763404;0.805839096187793;-0.448541035627837;0.585697956105246;-0.310427239578521
-0.382491934853983;0.701688564090203;-0.71053396263783;0.160993851409543;-0.0501056078461271;-0.448541035627837;0.585697956105246;-0.310427239578521
-1.31624943225453;0.701688564090203;-0.71053396263783;0.601864944110173;0.805839096187793;-0.448541035627837;0.585697956105246;-0.310427239578521
-0.481453777195189;0.701688564090203;-0.71053396263783;-0.610749791637225;-0.675603660793992;-0.448541035627837;0.585697956105246;-0.310427239578521
0.156000194489779;0.701688564090203;-0.71053396263783;0.13949470566513;-1.0706550626558;-0.448541035627837;0.585697956105246;-0.310427239578521
-1.01014359861174;0.701688564090203;-0.71053396263783;1.03742094649617;-0.0501056078461271;-0.448541035627837;0.585697956105246;-0.310427239578521
-0.322115129649305;0.701688564090203;-0.71053396263783;-0.0785963107764149;-0.0501056078461271;-0.448541035627837;0.585697956105246;-0.310427239578521
-0.0464343486004733;0.701688564090203;-0.71053396263783;0.123298551050249;-0.675603660793992;-0.448541035627837;0.585697956105246;-0.310427239578521
-0.310543546690118;0.701688564090203;-0.71053396263783;0.303304894110738;-0.675603660793992;-0.448541035627837;0.585697956105246;-0.310427239578521
-0.0498821007642621;0.701688564090203;-0.71053396263783;0.134654841047685;-1.0706550626558;-0.448541035627837;0.585697956105246;-0.310427239578521
-0.494549730772116;0.701688564090203;-0.71053396263783;0.503892083601763;2.02391425192837;-0.448541035627837;0.585697956105246;-0.310427239578521
0.359439703239922;0.701688564090203;-0.71053396263783;-0.0719925694172792;-1.0706550626558;-0.448541035627837;0.585697956105246;-0.310427239578521
0.422146925490539;0.701688564090203;-0.71053396263783;0.175746185955396;-0.675603660793992;-0.448541035627837;0.585697956105246;-0.310427239578521
0.188359994901104;0.701688564090203;-0.71053396263783;-0.0923209710985716;0.805839096187793;-0.448541035627837;0.585697956105246;-0.310427239578521
-0.206048297300334;0.701688564090203;-0.71053396263783;0.276454507158205;-0.675603660793992;-0.448541035627837;0.585697956105246;-0.310427239578521
-0.115387857539429;0.701688564090203;-0.71053396263783;0.359999328071181;-1.46570646451761;-0.448541035627837;0.585697956105246;-0.310427239578521
0.0979226119757416;0.701688564090203;-0.71053396263783;0.566652732612642;-1.0706550626558;-0.448541035627837;0.585697956105246;-0.310427239578521
-0.436312538795592;0.701688564090203;-0.71053396263783;-0.259838027699957;2.02391425192837;-0.448541035627837;0.585697956105246;-0.310427239578521
0.0700319414014174;0.701688564090203;-0.71053396263783;0.142073818240333;-1.46570646451761;-0.448541035627837;0.585697956105246;-0.310427239578521
0.609984785352002;0.701688564090203;-0.71053396263783;-0.953891340745306;-1.46570646451761;-0.448541035627837;0.585697956105246;-0.310427239578521
0.64656276817507;0.701688564090203;-0.71053396263783;-0.946543085203627;0.805839096187793;-0.448541035627837;0.585697956105246;-0.310427239578521
-0.146261542931963;0.701688564090203;-0.71053396263783;0.170978448290792;-1.46570646451761;-0.448541035627837;0.585697956105246;-0.310427239578521
-0.335860291881065;0.701688564090203;-0.71053396263783;-0.507726808990601;-0.0501056078461271;-0.448541035627837;0.585697956105246;-0.310427239578521
-0.332872736444103;0.701688564090203;-0.71053396263783;-0.444696260817786;0.805839096187793;-0.448541035627837;0.585697956105246;-0.310427239578521
-0.0320737660667229;0.701688564090203;-0.71053396263783;-0.168160155609229;-1.0706550626558;-0.448541035627837;0.585697956105246;-0.310427239578521
-0.0618517857293934;0.701688564090203;-0.71053396263783;-0.384596901397689;0.805839096187793;-0.448541035627837;0.585697956105246;-0.310427239578521
0.475073295073601;0.701688564090203;-0.71053396263783;-0.715672391917408;-0.0501056078461271;-0.448541035627837;0.585697956105246;-0.310427239578521
-0.242082718594622;0.701688564090203;-0.71053396263783;-0.580108687402973;-0.675603660793992;-0.448541035627837;0.585697956105246;-0.310427239578521
0.321667036055718;0.701688564090203;-0.71053396263783;-0.773930376672022;-1.0706550626558;-0.448541035627837;0.585697956105246;-0.310427239578521
0.373714277559944;0.701688564090203;-0.71053396263783;-0.0998570639617024;0.805839096187793;-0.448541035627837;0.585697956105246;-0.310427239578521
-0.394168416737892;0.701688564090203;-0.71053396263783;-0.156716583605159;-1.0706550626558;-0.448541035627837;0.585697956105246;-0.310427239578521
0.584130385379809;0.701688564090203;-0.71053396263783;-0.671896436533788;0.805839096187793;-0.448541035627837;0.585697956105246;-0.310427239578521
1.02067814671512;0.701688564090203;-0.71053396263783;-0.884841943486789;-1.0706550626558;-0.448541035627837;0.585697956105246;-0.310427239578521
-0.0335251139315964;0.701688564090203;-0.71053396263783;-0.532531290196289;2.02391425192837;-0.448541035627837;0.585697956105246;-0.310427239578521
-0.20155798073758;0.701688564090203;-0.71053396263783;-0.414044559646249;-1.0706550626558;-0.448541035627837;0.585697956105246;-0.310427239578521
-0.14906713820103;0.701688564090203;-0.71053396263783;-0.260066202819589;-0.0501056078461271;-0.448541035627837;0.585697956105246;-0.310427239578521
0.11682729821277;0.701688564090203;-0.71053396263783;-0.0676693877308332;0.805839096187793;-0.448541035627837;0.585697956105246;-0.310427239578521
-0.102110638588638;0.701688564090203;-0.71053396263783;-0.122176743593972;-0.478077959863087;-0.448541035627837;0.585697956105246;-0.310427239578521
-0.166612775867352;0.701688564090203;-0.71053396263783;-0.313417175048109;-0.675603660793992;-0.448541035627837;0.585697956105246;-0.310427239578521
-0.163302993226949;0.701688564090203;-0.71053396263783;-0.130283263070115;-0.0501056078461271;-0.448541035627837;0.585697956105246;-0.310427239578521
0.0545883975864237;0.701688564090203;-0.71053396263783;-0.168739058777752;0.805839096187793;-0.448541035627837;0.585697956105246;-0.310427239578521
-0.273353583094994;0.701688564090203;-0.71053396263783;-0.37543155904929;-1.0706550626558;-0.448541035627837;0.585697956105246;-0.310427239578521
-0.592052844060134;0.701688564090203;-0.71053396263783;0.19471223116053;-0.0501056078461271;-0.448541035627837;0.585697956105246;-0.310427239578521
-0.0917957663301601;0.701688564090203;-0.71053396263783;0.334107395939188;-0.0501056078461271;-0.448541035627837;0.585697956105246;-0.310427239578521
-0.277017970240872;0.701688564090203;-0.71053396263783;0.120444003451196;-0.478077959863087;-0.448541035627837;0.585697956105246;-0.310427239578521
-0.321883824131175;0.701688564090203;-0.71053396263783;-0.471478575975119;-0.478077959863087;-0.448541035627837;0.585697956105246;-0.310427239578521
-0.236828631724115;0.701688564090203;-0.71053396263783;0.00270878293493993;0.805839096187793;-0.448541035627837;0.585697956105246;-0.310427239578521
-0.565363119478499;0.701688564090203;-0.71053396263783;0.0764272699753807;-0.675603660793992;-0.448541035627837;0.585697956105246;-0.310427239578521
-0.22901136881237;0.701688564090203;-0.71053396263783;0.426656093661345;0.805839096187793;-0.448541035627837;0.585697956105246;-0.310427239578521
0.830962493678915;0.701688564090203;-0.71053396263783;-1.50808428189083;1.69470475037686;-0.448541035627837;0.585697956105246;-0.310427239578521
0.0424554300343256;0.701688564090203;-0.71053396263783;-0.401859747249551;-0.0501056078461271;-0.448541035627837;0.585697956105246;-0.310427239578521
-0.594123279861008;0.701688564090203;-0.71053396263783;-0.138141510615543;-0.0501056078461271;-0.448541035627837;0.585697956105246;-0.310427239578521
0.866154778187799;0.701688564090203;-0.71053396263783;-0.780818237588566;-0.0501056078461271;-0.448541035627837;0.585697956105246;-0.310427239578521
-0.330655514423169;0.701688564090203;-0.71053396263783;-0.449940869774811;-0.675603660793992;-0.448541035627837;0.585697956105246;-0.310427239578521
1.11013464867628;0.701688564090203;-0.71053396263783;-1.37438249546717;0.805839096187793;-0.448541035627837;0.585697956105246;-0.310427239578521
-0.21462939041587;0.701688564090203;-0.71053396263783;-0.262523058274952;-0.0501056078461271;-0.448541035627837;0.585697956105246;-0.310427239578521
-0.406398452306984;0.701688564090203;-0.71053396263783;-0.26941818433702;-0.0501056078461271;-0.448541035627837;0.585697956105246;-0.310427239578521
-0.407550236630619;0.701688564090203;-0.71053396263783;0.173777043166092;0.805839096187793;-0.448541035627837;0.585697956105246;-0.310427239578521
-0.452871031869621;0.701688564090203;-0.71053396263783;0.248859180952456;-0.478077959863087;-0.448541035627837;0.585697956105246;-0.310427239578521
-0.426121671798563;0.701688564090203;-0.71053396263783;-0.114707082730991;-0.0501056078461271;-0.448541035627837;0.585697956105246;-0.310427239578521
-0.681453004314781;0.701688564090203;-0.71053396263783;-0.0616156646208541;2.02391425192837;-0.448541035627837;0.585697956105246;-0.310427239578521
-0.34624126141311;0.701688564090203;-0.71053396263783;-0.227528509476744;-0.0501056078461271;-0.448541035627837;0.585697956105246;-0.310427239578521
-0.774837876720432;0.701688564090203;-0.71053396263783;0.132751199743201;-0.675603660793992;-0.448541035627837;0.585697956105246;-0.310427239578521
-0.604687775842321;0.701688564090203;-0.71053396263783;0.0967274231004188;-0.478077959863087;-0.448541035627837;0.585697956105246;-0.310427239578521
-2.14818351919805;0.701688564090203;-0.71053396263783;0.849958292111885;2.02391425192837;-0.448541035627837;0.585697956105246;-0.310427239578521
-2.33292572924425;0.701688564090203;-0.71053396263783;0.934555484434633;0.805839096187793;-0.448541035627837;0.585697956105246;-0.310427239578521
-2.38493734009335;0.701688564090203;-0.71053396263783;0.902783824787838;2.02391425192837;-0.448541035627837;0.585697956105246;-0.310427239578521
0.345911244870693;0.701688564090203;-0.71053396263783;-0.0992929976654165;0.805839096187793;-0.448541035627837;0.585697956105246;-0.310427239578521
-0.250028976107714;0.701688564090203;-0.71053396263783;0.120600177564854;-0.0501056078461271;-0.448541035627837;0.585697956105246;-0.310427239578521
0.56253308676692;0.701688564090203;-0.71053396263783;-0.119155124162975;0.805839096187793;-0.448541035627837;0.585697956105246;-0.310427239578521
-0.42978253506092;0.701688564090203;-0.71053396263783;-0.399111194709885;2.02391425192837;-0.448541035627837;0.585697956105246;-0.310427239578521
-0.160851727939852;0.701688564090203;-0.71053396263783;-0.162274950234359;2.02391425192837;-0.448541035627837;0.585697956105246;-0.310427239578521
0.534499444850972;0.701688564090203;-0.71053396263783;-0.399381140273297;2.02391425192837;-0.448541035627837;0.585697956105246;-0.310427239578521
-0.519409385844031;0.701688564090203;-0.71053396263783;-0.0716895147429081;0.805839096187793;-0.448541035627837;0.585697956105246;-0.310427239578521
-0.301404603346998;0.701688564090203;-0.71053396263783;-0.257768312195281;2.02391425192837;-0.448541035627837;0.585697956105246;-0.310427239578521
-0.149820152178773;0.701688564090203;-0.71053396263783;-0.0360176560154587;0.805839096187793;-0.448541035627837;0.585697956105246;-0.310427239578521
0.0383821261538564;0.701688564090203;-0.71053396263783;-0.361107859803432;1.69470475037686;-0.448541035627837;0.585697956105246;-0.310427239578521
-0.299764828538748;0.701688564090203;-0.71053396263783;0.0328033639455615;-0.478077959863087;-0.448541035627837;0.585697956105246;-0.310427239578521
0.299671884504573;0.701688564090203;-0.71053396263783;-0.259838027699957;-0.675603660793992;-0.448541035627837;0.585697956105246;-0.310427239578521
0.231608614359351;0.701688564090203;-0.71053396263783;-0.51135025226251;2.02391425192837;-0.448541035627837;0.585697956105246;-0.310427239578521
0.391550428975419;0.701688564090203;-0.71053396263783;-0.503557658663897;-0.0501056078461271;-0.448541035627837;0.585697956105246;-0.310427239578521
-0.71051416424602;0.701688564090203;-0.71053396263783;0.0884272114307574;0.805839096187793;-0.448541035627837;0.585697956105246;-0.310427239578521
-0.0245226656710801;0.701688564090203;-0.71053396263783;-0.259571902801008;0.805839096187793;-0.448541035627837;0.585697956105246;-0.310427239578521
-0.600548258390147;0.701688564090203;-0.71053396263783;0.180564865812845;0.805839096187793;-0.448541035627837;0.585697956105246;-0.310427239578521
0.277818457459212;0.701688564090203;-0.71053396263783;-0.0296282273347342;0.805839096187793;-0.448541035627837;0.585697956105246;-0.310427239578521
-0.415911315130169;0.701688564090203;-0.71053396263783;0.00420312344053218;0.805839096187793;-0.448541035627837;0.585697956105246;-0.310427239578521
-0.689985411435626;0.701688564090203;-0.71053396263783;0.0299136498272088;-0.478077959863087;-0.448541035627837;0.585697956105246;-0.310427239578521
-0.307253979960532;0.701688564090203;-0.71053396263783;-0.402966245982119;-0.675603660793992;-0.448541035627837;0.585697956105246;-0.310427239578521
-0.212656012649316;0.701688564090203;-0.71053396263783;-0.548672363772304;-0.675603660793992;-0.448541035627837;0.585697956105246;-0.310427239578521
-0.348138832758469;0.701688564090203;-0.71053396263783;0.0960100330669127;-0.478077959863087;-0.448541035627837;0.585697956105246;-0.310427239578521
0.107757881191346;0.701688564090203;-0.71053396263783;-0.479791634225098;2.02391425192837;-0.448541035627837;0.585697956105246;-0.310427239578521
-1.38835450944993;0.701688564090203;-0.71053396263783;0.578626293999807;1.69470475037686;-0.448541035627837;0.585697956105246;-0.310427239578521
-0.459103098240465;0.701688564090203;-0.71053396263783;0.424927354438031;0.805839096187793;-0.448541035627837;0.585697956105246;-0.310427239578521
-1.48061262009975;0.701688564090203;-0.71053396263783;0.543328436147703;-0.675603660793992;-0.448541035627837;0.585697956105246;-0.310427239578521
-0.61999855509956;0.701688564090203;-0.71053396263783;0.329340457042866;0.805839096187793;-0.448541035627837;0.585697956105246;-0.310427239578521
-0.874464804159395;0.701688564090203;-0.71053396263783;0.717583722988814;-0.0501056078461271;-0.448541035627837;0.585697956105246;-0.310427239578521
-0.693478584760946;0.701688564090203;-0.71053396263783;0.681876672055533;0.805839096187793;-0.448541035627837;0.585697956105246;-0.310427239578521
-1.65016231810979;0.701688564090203;-0.71053396263783;0.773237971727352;-0.675603660793992;-0.448541035627837;0.585697956105246;-0.310427239578521
-1.47405729980756;0.701688564090203;-0.71053396263783;0.447237830834517;0.805839096187793;-0.448541035627837;0.585697956105246;-0.310427239578521
-0.436545262352401;0.701688564090203;-0.71053396263783;0.389894029748498;-0.0501056078461271;-0.448541035627837;0.585697956105246;-0.310427239578521
-0.99441728360867;0.701688564090203;-0.71053396263783;0.252606431650694;-0.675603660793992;-0.448541035627837;0.585697956105246;-0.310427239578521
-1.78025731497748;0.701688564090203;-0.71053396263783;0.791077731284416;2.02391425192837;-0.448541035627837;0.585697956105246;-0.310427239578521
-0.987876391273571;0.701688564090203;-0.71053396263783;0.552580197932425;-0.0501056078461271;-0.448541035627837;0.585697956105246;-0.310427239578521
-0.940974903176532;0.701688564090203;-0.71053396263783;0.283727735654737;0.805839096187793;-0.448541035627837;0.585697956105246;-0.310427239578521
-0.884357357445829;0.701688564090203;-0.71053396263783;0.280911238923932;-1.0706550626558;-0.448541035627837;0.585697956105246;-0.310427239578521
-0.494745866834612;0.701688564090203;-0.71053396263783;0.528850613567748;0.805839096187793;-0.448541035627837;0.585697956105246;-0.310427239578521
-1.34378280449911;0.701688564090203;-0.71053396263783;0.62270208826973;-0.478077959863087;-0.448541035627837;0.585697956105246;-0.310427239578521
-1.10780163549561;0.701688564090203;-0.71053396263783;0.6078244191918;-0.675603660793992;-0.448541035627837;0.585697956105246;-0.310427239578521
-0.93794646020892;0.701688564090203;-0.71053396263783;0.468979080427608;0.805839096187793;-0.448541035627837;0.585697956105246;-0.310427239578521
-0.71212883163375;0.701688564090203;-0.71053396263783;0.350406035673168;2.02391425192837;-0.448541035627837;0.585697956105246;-0.310427239578521
-1.13605552562209;0.701688564090203;-0.71053396263783;0.421826548400922;-0.478077959863087;-0.448541035627837;0.585697956105246;-0.310427239578521
-1.25146788395542;0.701688564090203;-0.71053396263783;0.628709285613146;-0.675603660793992;-0.448541035627837;0.585697956105246;-0.310427239578521
-1.32860825528451;0.701688564090203;-0.71053396263783;0.659238346024058;2.02391425192837;-0.448541035627837;0.585697956105246;-0.310427239578521
-1.46988817823987;0.701688564090203;-0.71053396263783;1.03995961769847;-0.0501056078461271;-0.448541035627837;0.585697956105246;-0.310427239578521
-1.09349252462141;0.701688564090203;-0.71053396263783;0.822715654417425;0.805839096187793;-0.448541035627837;0.585697956105246;-0.310427239578521
-1.17257286720144;0.701688564090203;-0.71053396263783;0.936801373089508;0.805839096187793;-0.448541035627837;0.585697956105246;-0.310427239578521
-0.11612232770406;0.809967478292012;-1.45229049513338;0.16416829659048;-1.46570646451761;-0.448541035627837;0.585697956105246;-0.310427239578521
-0.0107952481394695;0.809967478292012;-1.45229049513338;-0.24133833142376;-1.0706550626558;-0.448541035627837;0.585697956105246;-0.310427239578521
-0.49914644216312;0.809967478292012;-1.45229049513338;0.383008909004886;-0.675603660793992;-0.448541035627837;0.585697956105246;-0.310427239578521
-0.385582555398662;0.809967478292012;-1.45229049513338;0.210219205354063;-1.46570646451761;-0.448541035627837;0.585697956105246;-0.310427239578521
0.72990112353244;0.809967478292012;-1.45229049513338;-0.168126115154342;-1.0706550626558;-0.448541035627837;0.585697956105246;-0.310427239578521
0.604188450173329;0.809967478292012;-1.45229049513338;-0.178022493713442;-1.46570646451761;-0.448541035627837;0.585697956105246;-0.310427239578521
0.926998997591784;0.809967478292012;-1.45229049513338;-0.113558954416269;-0.675603660793992;-0.448541035627837;0.585697956105246;-0.310427239578521
0.872660040366911;0.809967478292012;-1.45229049513338;-0.399403639189406;-1.46570646451761;-0.448541035627837;0.585697956105246;-0.310427239578521
-0.232749926219359;0.809967478292012;-1.45229049513338;-0.199713905634557;-1.0706550626558;-0.448541035627837;0.585697956105246;-0.310427239578521
-0.31230991227209;0.809967478292012;-1.45229049513338;0.11540662597577;-1.46570646451761;-0.448541035627837;0.585697956105246;-0.310427239578521
-0.535041298702899;0.809967478292012;-1.45229049513338;0.271953660845517;-1.46570646451761;-0.448541035627837;0.585697956105246;-0.310427239578521
-1.25325796487418;0.809967478292012;-1.45229049513338;0.52738146823551;-0.478077959863087;-0.448541035627837;0.585697956105246;-0.310427239578521
-2.73964184100346;0.809967478292012;-1.45229049513338;1.14627011681064;0.805839096187793;-0.448541035627837;0.585697956105246;-0.310427239578521
-2.35962373145822;0.809967478292012;-1.45229049513338;0.939577847717894;0.805839096187793;-0.448541035627837;0.585697956105246;-0.310427239578521
-2.01091566840434;0.809967478292012;-1.45229049513338;0.792840762856349;-0.675603660793992;-0.448541035627837;0.585697956105246;-0.310427239578521
-1.85320601487915;0.809967478292012;-1.45229049513338;1.11792105081443;-0.675603660793992;-0.448541035627837;0.585697956105246;-0.310427239578521
-1.73511177204934;0.809967478292012;-1.45229049513338;0.701771209156103;-0.0501056078461271;-0.448541035627837;0.585697956105246;-0.310427239578521
-2.06108606558687;0.809967478292012;-1.45229049513338;0.952926523501568;0.805839096187793;-0.448541035627837;0.585697956105246;-0.310427239578521
-2.21329694495046;0.809967478292012;-1.45229049513338;1.04509247118419;0.805839096187793;-0.448541035627837;0.585697956105246;-0.310427239578521
-1.7575846059771;0.809967478292012;-1.45229049513338;0.719393463447425;-0.0501056078461271;-0.448541035627837;0.585697956105246;-0.310427239578521
-1.71965748338441;0.809967478292012;-1.45229049513338;0.895743470389072;-0.0501056078461271;-0.448541035627837;0.585697956105246;-0.310427239578521
-1.93749304859546;0.809967478292012;-1.45229049513338;0.943057669304244;-0.0501056078461271;-0.448541035627837;0.585697956105246;-0.310427239578521
-0.951639867273216;0.809967478292012;-1.45229049513338;0.779769683908188;0.805839096187793;-0.448541035627837;0.585697956105246;-0.310427239578521
-2.04476820783703;0.809967478292012;-1.45229049513338;1.04764702329196;-0.0501056078461271;-0.448541035627837;0.585697956105246;-0.310427239578521
-1.34056833691834;0.809967478292012;-1.45229049513338;0.911431596776994;1.69470475037686;-0.448541035627837;0.585697956105246;-0.310427239578521
-1.4611994205001;0.809967478292012;-1.45229049513338;0.857692985781912;0.805839096187793;-0.448541035627837;0.585697956105246;-0.310427239578521
0.687814414322048;0.809967478292012;-1.45229049513338;-0.183934282991582;-1.0706550626558;-0.448541035627837;0.585697956105246;-0.310427239578521
-0.586442321861949;0.809967478292012;-1.45229049513338;0.261166402102394;0.805839096187793;-0.448541035627837;0.585697956105246;-0.310427239578521
-1.42534429150438;0.809967478292012;-1.45229049513338;0.793214257458437;2.02391425192837;-0.448541035627837;0.585697956105246;-0.310427239578521
0.176744273553849;0.809967478292012;-1.45229049513338;0.371011469086272;-1.0706550626558;-0.448541035627837;0.585697956105246;-0.310427239578521
-2.18738798567799;0.809967478292012;-1.45229049513338;0.876140651087751;-0.0501056078461271;-0.448541035627837;0.585697956105246;-0.310427239578521
-0.398086157133186;0.809967478292012;-1.45229049513338;0.28453632613388;-0.0501056078461271;-0.448541035627837;0.585697956105246;-0.310427239578521
-1.81493949438655;0.809967478292012;-1.45229049513338;0.999375736742617;-0.675603660793992;-0.448541035627837;0.585697956105246;-0.310427239578521
-2.10850780966463;0.809967478292012;-1.45229049513338;1.22335741156116;-0.675603660793992;-0.448541035627837;0.585697956105246;-0.310427239578521
-2.50873087753718;0.809967478292012;-1.45229049513338;0.986464658372761;2.02391425192837;-0.448541035627837;0.585697956105246;-0.310427239578521
-1.68796751183699;0.809967478292012;-1.45229049513338;0.808384366044302;0.805839096187793;-0.448541035627837;0.585697956105246;-0.310427239578521
-1.50179408198922;0.809967478292012;-1.45229049513338;0.941274970963488;-0.0501056078461271;-0.448541035627837;0.585697956105246;-0.310427239578521
-1.42576639185589;0.809967478292012;-1.45229049513338;1.08196788727631;-0.675603660793992;-0.448541035627837;0.585697956105246;-0.310427239578521
-1.44120474567926;0.809967478292012;-1.45229049513338;1.08643594680258;-0.0501056078461271;-0.448541035627837;0.585697956105246;-0.310427239578521
-2.61095065850554;0.809967478292012;-1.45229049513338;0.713776225773015;-0.675603660793992;-0.448541035627837;0.585697956105246;-0.310427239578521
-0.980207986485639;0.809967478292012;-1.45229049513338;0.795451696901528;-0.675603660793992;-0.448541035627837;0.585697956105246;-0.310427239578521
-2.32009382335418;0.809967478292012;-1.45229049513338;1.15431313586566;1.69470475037686;-0.448541035627837;0.585697956105246;-0.310427239578521
-2.0595803820336;0.809967478292012;-1.45229049513338;0.878742821053982;2.02391425192837;-0.448541035627837;0.585697956105246;-0.310427239578521
-1.59625113089548;0.809967478292012;-1.45229049513338;0.917009228305082;1.69470475037686;-0.448541035627837;0.585697956105246;-0.310427239578521
-1.97412074612766;0.809967478292012;-1.45229049513338;0.871397219511062;1.69470475037686;-0.448541035627837;0.585697956105246;-0.310427239578521
-2.16460987462618;0.809967478292012;-1.45229049513338;0.985323192812962;0.805839096187793;-0.448541035627837;0.585697956105246;-0.310427239578521
-1.98825417443779;0.809967478292012;-1.45229049513338;0.996292035449928;0.805839096187793;-0.448541035627837;0.585697956105246;-0.310427239578521
-1.1015873522582;0.809967478292012;-1.45229049513338;0.35611204848745;-0.478077959863087;-0.448541035627837;0.585697956105246;-0.310427239578521
-0.334340568696676;0.809967478292012;-1.45229049513338;0.555499177296534;-0.675603660793992;-0.448541035627837;0.585697956105246;-0.310427239578521
-1.46029355183546;0.809967478292012;-1.45229049513338;0.814021818190682;-0.0501056078461271;-0.448541035627837;0.585697956105246;-0.310427239578521
-0.400679065068148;0.809967478292012;-1.45229049513338;0.139659070468057;-0.675603660793992;-0.448541035627837;0.585697956105246;-0.310427239578521
-1.91787139631154;0.809967478292012;-1.45229049513338;1.0478824312418;2.02391425192837;-0.448541035627837;0.585697956105246;-0.310427239578521
-1.49205458004833;0.809967478292012;-1.45229049513338;0.900631135156499;-0.0501056078461271;-0.448541035627837;0.585697956105246;-0.310427239578521
-1.65816998153934;0.809967478292012;-1.45229049513338;0.796833756604811;1.69470475037686;-0.448541035627837;0.585697956105246;-0.310427239578521
-1.59565727765908;0.809967478292012;-1.45229049513338;0.831930354679674;2.02391425192837;-0.448541035627837;0.585697956105246;-0.310427239578521
-0.0798921971065407;0.809967478292012;-1.45229049513338;-0.0247895393261683;-1.46570646451761;-0.448541035627837;0.585697956105246;-0.310427239578521
-1.74222543571316;0.809967478292012;-1.45229049513338;0.927100561012154;-0.0501056078461271;-0.448541035627837;0.585697956105246;-0.310427239578521
-1.17486656647919;1.02652530669563;-0.11712873664139;1.21078787871936;-0.675603660793992;-0.448541035627837;-1.70533451405527;3.2175363886044
-0.687092992867592;1.02652530669563;-0.11712873664139;1.18163071608829;-1.0706550626558;-0.448541035627837;-1.70533451405527;3.2175363886044
-0.939857022006476;1.02652530669563;-0.11712873664139;1.2144536774251;0.805839096187793;-0.448541035627837;-1.70533451405527;3.2175363886044
-0.704903610602416;1.02652530669563;-0.11712873664139;1.19822107196432;-1.46570646451761;-0.448541035627837;-1.70533451405527;3.2175363886044
-1.03770201987821;1.02652530669563;-0.11712873664139;1.17064239726;2.02391425192837;-0.448541035627837;-1.70533451405527;3.2175363886044
-0.674561782553862;1.02652530669563;-0.11712873664139;1.20060618576482;-0.0501056078461271;-0.448541035627837;-1.70533451405527;3.2175363886044
-0.653271973724466;1.02652530669563;-0.11712873664139;1.27076283329411;-0.0501056078461271;-0.448541035627837;-1.70533451405527;3.2175363886044
-0.276679889554655;1.02652530669563;-0.11712873664139;1.12770457849593;-1.0706550626558;-0.448541035627837;-1.70533451405527;3.2175363886044
-1.38523003167197;1.02652530669563;-0.11712873664139;1.20655530171673;1.69470475037686;-0.448541035627837;-1.70533451405527;3.2175363886044
-0.770501525916062;1.02652530669563;-0.11712873664139;1.15382998877349;-0.0501056078461271;-0.448541035627837;-1.70533451405527;3.2175363886044
-1.2327627952727;1.02652530669563;-0.11712873664139;1.16816932283127;0.805839096187793;-0.448541035627837;-1.70533451405527;3.2175363886044
-1.14223829855259;1.02652530669563;-0.11712873664139;1.16847462217708;-0.675603660793992;-0.448541035627837;-1.70533451405527;3.2175363886044
-0.608040697605239;1.02652530669563;-0.11712873664139;0.798637594132683;0.805839096187793;-0.448541035627837;-1.70533451405527;3.2175363886044
-1.17563348132889;1.02652530669563;-0.11712873664139;1.20018194120458;1.69470475037686;-0.448541035627837;-1.70533451405527;3.2175363886044
-1.09807076457368;1.02652530669563;-0.11712873664139;1.19894059646577;1.69470475037686;-0.448541035627837;-1.70533451405527;3.2175363886044
-0.917399236958059;1.02652530669563;-0.11712873664139;1.16156094381023;2.02391425192837;-0.448541035627837;-1.70533451405527;3.2175363886044
-0.920305186540027;1.02652530669563;-0.11712873664139;1.17949153508691;-0.0501056078461271;-0.448541035627837;-1.70533451405527;3.2175363886044
-1.43471396935674;1.02652530669563;-0.11712873664139;1.10991556309684;2.02391425192837;-0.448541035627837;-1.70533451405527;3.2175363886044
-0.814789884676853;1.02652530669563;-0.11712873664139;1.18333143047676;-1.46570646451761;-0.448541035627837;-1.70533451405527;3.2175363886044
-1.12322361973201;1.02652530669563;-0.11712873664139;1.01666368579348;-0.0501056078461271;-0.448541035627837;-1.70533451405527;3.2175363886044
-1.19440207528417;1.02652530669563;-0.11712873664139;1.17828581425339;-0.0501056078461271;-0.448541035627837;-1.70533451405527;3.2175363886044
-0.796026000546635;1.02652530669563;-0.11712873664139;1.22160975047845;-1.0706550626558;-0.448541035627837;-1.70533451405527;3.2175363886044
-0.998885832953244;1.02652530669563;-0.11712873664139;1.15251716670251;-0.0501056078461271;-0.448541035627837;-1.70533451405527;3.2175363886044
-0.729929361877644;1.02652530669563;-0.11712873664139;1.04458061400679;-0.0501056078461271;-0.448541035627837;-1.70533451405527;3.2175363886044
-1.19759995216176;1.02652530669563;-0.11712873664139;1.1840972785669;-0.0501056078461271;-0.448541035627837;-1.70533451405527;3.2175363886044
-1.76669767273476;1.02652530669563;-0.11712873664139;1.19907135168466;1.69470475037686;-0.448541035627837;-1.70533451405527;3.2175363886044
-0.201231001282723;1.02652530669563;-0.11712873664139;0.950547518952661;0.805839096187793;-0.448541035627837;-1.70533451405527;3.2175363886044
-0.726588567564856;1.02652530669563;-0.11712873664139;1.18109643788297;-0.478077959863087;-0.448541035627837;-1.70533451405527;3.2175363886044
-1.10869574007941;1.02652530669563;-0.11712873664139;1.20538835346014;-1.0706550626558;-0.448541035627837;-1.70533451405527;3.2175363886044
0.145068841270319;1.02652530669563;-0.11712873664139;0.854132096672441;-0.0501056078461271;-0.448541035627837;-1.70533451405527;3.2175363886044
-0.630959628732672;1.02652530669563;-0.11712873664139;1.10794765574686;0.805839096187793;-0.448541035627837;-1.70533451405527;3.2175363886044
-1.17130312911265;1.02652530669563;-0.11712873664139;1.18695463014091;-1.0706550626558;-0.448541035627837;-1.70533451405527;3.2175363886044
-0.528561696984384;1.02652530669563;-0.11712873664139;1.16231300237576;-1.46570646451761;-0.448541035627837;-1.70533451405527;3.2175363886044
-0.987349786312918;1.02652530669563;-0.11712873664139;1.23367262973705;2.02391425192837;-0.448541035627837;-1.70533451405527;3.2175363886044
-0.149885685431323;1.02652530669563;-0.11712873664139;0.663865648790246;-1.0706550626558;-0.448541035627837;-1.70533451405527;3.2175363886044
-0.21351142638963;1.02652530669563;-0.11712873664139;0.070897373966646;-0.0501056078461271;-0.448541035627837;-1.70533451405527;3.2175363886044
-0.318564858929139;1.02652530669563;-0.11712873664139;0.736534492164878;-0.0501056078461271;-0.448541035627837;-1.70533451405527;3.2175363886044
-0.598934243869222;1.02652530669563;-0.11712873664139;0.999042916349416;2.02391425192837;-0.448541035627837;-1.70533451405527;3.2175363886044
-1.01828987744361;1.02652530669563;-0.11712873664139;1.08830611855606;1.69470475037686;-0.448541035627837;-1.70533451405527;3.2175363886044
-1.74063583681352;1.02652530669563;-0.11712873664139;1.25426208529874;0.805839096187793;-0.448541035627837;-1.70533451405527;3.2175363886044
-1.22592524086024;1.02652530669563;-0.11712873664139;1.145119697423;0.805839096187793;-0.448541035627837;-1.70533451405527;3.2175363886044
-0.031194645474892;1.02652530669563;-0.11712873664139;0.683705134681473;-0.0501056078461271;-0.448541035627837;-1.70533451405527;3.2175363886044
-0.802525542155063;1.02652530669563;-0.11712873664139;1.09733552529211;-0.0501056078461271;-0.448541035627837;-1.70533451405527;3.2175363886044
-0.983853214386622;1.02652530669563;-0.11712873664139;1.168779808005;-0.675603660793992;-0.448541035627837;-1.70533451405527;3.2175363886044
-0.973849510027452;1.02652530669563;-0.11712873664139;1.16111622459831;-0.675603660793992;-0.448541035627837;-1.70533451405527;3.2175363886044
-1.1607629624025;1.02652530669563;-0.11712873664139;1.17932417904592;-0.0501056078461271;-0.448541035627837;-1.70533451405527;3.2175363886044
-1.27650613553361;1.02652530669563;-0.11712873664139;1.12252258667478;-0.0501056078461271;-0.448541035627837;-1.70533451405527;3.2175363886044
-1.26200169519689;1.02652530669563;-0.11712873664139;1.28499888015012;0.805839096187793;-0.448541035627837;-1.70533451405527;3.2175363886044
-0.549424476517544;1.02652530669563;-0.11712873664139;1.12606414294034;-1.46570646451761;-0.448541035627837;-1.70533451405527;3.2175363886044
-1.06175412263572;1.02652530669563;-0.11712873664139;1.20353731817289;-0.675603660793992;-0.448541035627837;-1.70533451405527;3.2175363886044
-1.62562040402813;1.02652530669563;-0.11712873664139;1.27010307389491;-0.0501056078461271;-0.448541035627837;-1.70533451405527;3.2175363886044
-0.908032653235151;1.02652530669563;-0.11712873664139;1.20930409206397;-0.675603660793992;-0.448541035627837;-1.70533451405527;3.2175363886044
-0.846043963811938;1.02652530669563;-0.11712873664139;1.190958244856;-1.46570646451761;-0.448541035627837;-1.70533451405527;3.2175363886044
-0.835320742832954;1.02652530669563;-0.11712873664139;1.19326558398104;-1.46570646451761;-0.448541035627837;-1.70533451405527;3.2175363886044
-0.971124788883459;1.02652530669563;-0.11712873664139;1.14113318910953;-0.675603660793992;-0.448541035627837;-1.70533451405527;3.2175363886044
-1.0164267413283;1.02652530669563;-0.11712873664139;1.20431720602418;-0.675603660793992;-0.448541035627837;-1.70533451405527;3.2175363886044
-0.584246945922311;1.02652530669563;-0.11712873664139;1.0150326672519;2.02391425192837;-0.448541035627837;-1.70533451405527;3.2175363886044
-0.969767985415879;1.02652530669563;-0.11712873664139;1.10608477565403;2.02391425192837;-0.448541035627837;-1.70533451405527;3.2175363886044
-1.17691429718976;1.02652530669563;-0.11712873664139;1.18632420227529;-0.675603660793992;-0.448541035627837;-1.70533451405527;3.2175363886044
-1.02524459199875;1.02652530669563;-0.11712873664139;1.17543199333461;0.805839096187793;-0.448541035627837;-1.70533451405527;3.2175363886044
-1.15853302445287;1.02652530669563;-0.11712873664139;1.16969469349593;-0.0501056078461271;-0.448541035627837;-1.70533451405527;3.2175363886044
-1.01941110680214;1.02652530669563;-0.11712873664139;1.18233143307683;0.805839096187793;-0.448541035627837;-1.70533451405527;3.2175363886044
-0.581594048612173;1.02652530669563;-0.11712873664139;1.19026478804139;-0.675603660793992;-0.448541035627837;-1.70533451405527;3.2175363886044
-1.25385608769977;1.02652530669563;-0.11712873664139;1.19678014535882;-1.46570646451761;-0.448541035627837;-1.70533451405527;3.2175363886044
-0.572571224718074;1.02652530669563;-0.11712873664139;1.18549396053559;-1.46570646451761;-0.448541035627837;-1.70533451405527;3.2175363886044
-1.19122455557221;1.02652530669563;-0.11712873664139;1.21133556280851;0.805839096187793;-0.448541035627837;-1.70533451405527;3.2175363886044
