SpDiam_A,AATS5d,AATS7s,AATS8s,AATS1i,AATS2i,AATS3i,AATS4i,AATS6i,ATSC1dv,ATSC8dv,ATSC1d,ATSC7d,AATSC0v,MATS6s,MATS7s,MATS8s,GATS2c,GATS3c,GATS8c,GATS1dv,GATS3dv,GATS4dv,GATS6dv,GATS7dv,GATS8dv,GATS1d,GATS2d,GATS5d,GATS2s,GATS3s,GATS4s,GATS6s,GATS1v,GATS2v,GATS5p,GATS6p,GATS7p,GATS1i,GATS2i,GATS3i,GATS4i,GATS5i,GATS7i,GATS8i,RNCG,RPCG,Xc-3dv,Xc-5dv,Xc-6dv,AXp-0d,SdssC,SsNH2,SdO,SssO,SssS,SaaS,SddssS,MAXaaCH,AETA_alpha,AETA_beta_ns_d,ETA_dAlpha_B,ETA_epsilon_5,ETA_dEpsilon_D,IC1,CIC1,CIC2,ZMIC2,PEOE_VSA1,PEOE_VSA4,PEOE_VSA6,PEOE_VSA9,SMR_VSA1,SMR_VSA3,SMR_VSA4,SMR_VSA9,SlogP_VSA2,SlogP_VSA3,SlogP_VSA4,SlogP_VSA10,EState_VSA4,EState_VSA5,VSA_EState8,VSA_EState9,AMID_C,TopoPSA(NO),GGI6,GGI7,JGI4,RNCS,Mor02m,Mor03m,Mor13m,Mor26m,Mor30m,Mor31m,MOMI-Z,MLOGP,ESOL_Solubility_(mg/ml),Ali_Log_S,AATS8dv,AETA_beta_s,AETA_eta_F,AETA_eta_L,ATSC0i,ATSC0p,ATSC8d,AXp-1d,Ali_Solubility_(mg/ml),BCUTc-1h,BCUTd-1l,BCUTs-1h,ESOL_Log_S,EState_VSA1,EState_VSA2,EState_VSA3,EState_VSA6,EState_VSA9,FPSA3,GATS1p,GATS3v,GATS4c,GATS5dv,GATS6d,GATS6i,GATS7d,GGI3,GGI5,GGI8,GGI9,IC2,JGI2,JGI5,MATS1c,MATS2s,MATS3s,MDEC-33,Mor06m,Mor08m,Mor11m,Mor16m,Mor23m,PEOE_VSA2,RPCS,SaaaC,SaasC,SdS,Silicos-IT_Log_P,Silicos-IT_Solubility_(mg/ml),SlogP_VSA1,SpMax_A,SsOH,SssNH,SssssC,VE1_A,VSA_EState3,VSA_EState7,XLOGP3,Xc-5d,Xch-5d,Xch-7d,ZMIC1
5.015108728,3.571428571,2.631991051,2.365774534,147.897182,153.2500106,159.8000222,158.4352573,156.5160676,72.73256198,-2.237024793,14.57487603,-10.73586777,49.76772029,0.0274089292,-0.08780878329,-0.05223775724,1.052637781,0.963340124,0.9363942786,0.4693557578,0.9446395246,1.147607674,1.182902024,1.122437907,0.9319946198,0.5839789217,0.9204824621,1.298889625,0.6404486558,0.8226436839,1.345580498,0.8846520018,0.8880320811,0.9492248359,0.969858803,1.093431052,1.163814925,1.168735181,1.184679694,0.9198820902,0.9564230304,1.080397992,1.075039646,1.010904983,0.1554476511,0.110785658,0.6759707009,0.1476931915,0.0,0.6841461785,-0.1081919926,5.51115406,12.46795355,0.0,0.0,0.0,0.0,2.033670292,0.4752688172,0.0,0.0247311828,0.7578431373,0.04430740038,3.659357268,2.122002445,1.00293199,29.99511672,11.05045608,5.098681808,12.13273414,11.21062871,4.794537184,25.06523039,5.733667477,22.51475897,38.74513433,12.96557803,0.0,0.0,59.22490518,5.693927995,2.041327498,0.0,1.636943219,98.72,0.5683446712,0.4010416667,0.03583877996,15.27572621,24.3618497,-3.285621319,-1.615521938,0.04160494237,0.3046910244,-0.1291054674,2401.104149,1.47,0.109,-3.5,21.28443929520895,1.4181064716432596,0.02643411270257201,0.7894212225878685,692.9281861847865,70.94071961677898,108.59501677089587,0.5914294511308971,-0.12524267559539198,1.12781834383485,-0.3301567638253786,-13.656157477950426,16.170181827910724,76.02496000891509,-66.81809565500559,110.82651232529511,100.99488727200524,-84.09595175262355,0.14954141722963088,5.5186109726461385,1.5951534515014227,4.144408094905344,-1.4008973658414345,-4.234004420863248,1.548820853578686,-2.523005106236601,4.798627597068195,2.6183857243619117,2.2676755694431496,4.081306705964847,14.462895094229465,0.0720880288624162,-0.04709183249686882,-4.091463766521908,5.0270452654681215,-1.1085954043879522,-21.19338429652386,1.4819422127628905,-16.618967703482355,10.675281685152422,1.5820190106591345,-4.677858479375213,-10.80575761501567,-525.063067733101,-20.82480343892459,4.942063990960879,-29.88048350585861,-36.432791721638125,-0.006646832930528158,234.40695682716077,1.759965484491341,-83.34273673456461,71.83638408528589,-25.542664088106005,9.271246754978943,-100.87049693299586,80.19789637436742,-31.409475421807876,1.1239349468531108,0.7813832378634684,-1.2230732655773786,48.02278346720566
4.864593247,3.483050847,2.94782104,3.083008447,149.6332189,153.5084168,157.7599988,157.2192571,160.7445904,82.18396586,1.973479652,13.19753086,-7.111111111,47.8684679,-0.11615908,0.02239802629,0.1495119544,0.793187053,1.084199053,0.7390117862,0.4336304974,1.183528418,1.05674659,1.05378825,0.9454974802,0.9128850839,0.6982758621,1.10106383,1.036016949,0.4684992733,1.059406173,0.9981567466,0.9169378448,0.7954671425,0.8361767842,1.033486127,0.8988694408,1.249862736,1.114434772,1.231462965,1.007970944,1.117036366,1.124706416,1.000424952,1.118805803,0.1405155554,0.09542225169,1.040780936,0.1245317625,0.0,0.7005665294,-0.1768189317,5.394398156,11.51864932,0.0,0.0,0.0,0.0,1.952955596,0.481372549,0.01470588235,0.01862745098,0.781981982,0.04252782194,3.836320413,1.918567089,0.9266500003,31.50827223,11.05045608,10.19736362,12.13273414,5.693927995,4.794537184,29.36252149,5.733667477,22.51475897,40.3821381,0.0,13.8474744,5.687386275,28.16193619,0.0,3.784963637,0.0,1.476522243,116.02,0.8736507937,0.7170493197,0.04313034188,128.9502109,33.09550291,-4.48738988,-1.433660259,-0.3981594592,0.2868187101,-0.2885717592,2398.000947,2.22,0.009,-5.63,24.70386020929514,1.4320208497315212,0.28370289899336676,0.7648527506101539,694.3141885615526,79.03114235834613,134.3413694781614,0.603629317997882,-0.36745803840561464,1.0807420632184805,-0.49175880460363586,-16.832108427773278,15.81420630758034,76.24651279979486,-87.76608613484859,112.00318868627457,137.74307293207008,-67.06254230523494,0.1562608258765685,5.394278667585186,1.5720700389036475,4.113479037291429,-1.5252476721955666,-4.632958917293504,1.511685742629016,-3.1571173998765802,4.84582154865209,2.9405204202567536,2.5099714496420096,4.417636563595409,15.03515299704586,0.07043891737153969,-0.04982688698712923,-4.418024661230814,5.407138720714999,-1.4411312912082128,-22.419033568447922,2.9396855829347137,-17.728171561442842,11.879264490427403,2.0460286196305626,-5.240580247004211,-13.836577915871471,-601.6266839411487,-22.449685114532056,10.559017472207627,-24.81889284216599,-39.44065494104306,0.028747092838936936,260.57952705519875,1.6371610500980545,-86.28942121572715,80.80140487695178,-24.456072937940053,10.169817073650078,-86.03275103099463,86.9317725430764,-32.91269470141891,1.2222813868608782,0.7181063132333094,-1.5364303903067995,68.60623204709101
4.899567567,3.3125,2.633499171,2.324404762,145.2236585,149.1514683,154.0889835,152.6440717,161.9569224,43.41666667,-3.444444444,9.592592593,-5.24691358,49.49423033,-0.009073121504,-0.1330254378,0.005526650006,1.165050455,0.9818617667,0.8532268875,0.481025641,1.077631579,1.042631579,1.166075949,1.174328358,1.0,0.5547337278,1.016483516,1.092548077,0.8941783768,1.054548473,0.867221107,1.147146907,0.7998243965,0.8655335382,1.097782018,0.9568820966,1.042223191,1.001194482,1.144084148,0.9261065715,1.117415903,1.225300192,0.9251387058,0.830404064,0.2077652636,0.138308809,0.5306069401,0.09087175382,0.0,0.6791339464,0.0,0.0,0.0,0.0,0.0,0.0,0.0,2.081466837,0.4818181818,0.0,0.01818181818,0.752173913,0.02055335968,3.205229003,1.964695999,0.9308270835,27.50802119,0.0,5.098681808,24.26546827,11.21062871,0.0,20.16532066,0.0,22.51475897,20.16532066,0.0,6.9237372,0.0,39.1116119,0.0,1.983792569,0.0,1.72006025,54.46,0.3192290249,0.1518920068,0.03140522876,48.49656944,12.03307684,-2.806878962,-1.118763185,-0.2748183316,0.330003265,-0.1698428165,1298.743643,1.98,0.0195,-3.95,15.92098781510397,1.294195847639369,-0.5478557472767265,0.781807931372376,734.4377693668957,50.188519193081696,61.20370777597507,0.5542201375729864,0.22165521875466324,1.1722425382107307,0.5549748870658946,-2.6657086590752073,12.521802731567595,98.13350698210336,-12.885286858241098,90.73911408412107,15.871548530935465,-155.5512871045449,0.11955995303870515,5.181645503659454,1.979885653259706,4.389589492903214,-1.031815104144707,-3.0312528770736398,0.9791956074316231,-1.0077098457535185,3.19872820734786,0.6435732728229561,1.2423622823951979,2.9806818154455934,11.927233960341745,0.07490705976174178,-0.04912199732149545,-3.305792273277798,4.598889795443166,-0.4957168334776898,-30.154730002374087,1.5866125195448415,-12.808880638810205,8.142391050927607,0.7534629411146989,-3.6241299726779985,-27.150603505091667,-132.98901883347784,-18.752068479834136,-13.941899784032437,-36.009257446744215,-25.45278833216256,-0.10580463957765528,173.31681049466695,1.7729409403667917,-77.7935053532338,58.60095569613524,-29.83378760250441,6.98687923384225,-127.65284535444215,56.85119338639471,-21.620664208702333,0.6875410472883553,0.6646283319142462,-1.3804575328702562,-11.84427246061923
4.933105502,3.768292683,2.549450549,2.420833333,146.5154789,153.69586,154.4824564,156.3614444,155.9861939,54.62984878,-60.50558843,11.82117028,-9.504273504,48.68718614,-0.2011455542,0.1363277034,-0.03075848675,1.479755545,0.8994308687,1.141602007,0.4655770391,1.059872436,1.148423363,1.058623428,0.9591910251,1.229550162,0.5210708725,1.011384089,1.249117632,0.9112127984,0.9309523064,1.154399846,1.148325263,0.843559247,0.7578813484,0.9871552647,1.075194469,1.135618409,1.233982263,1.058187476,1.042088171,1.018556236,1.098173712,1.048833616,0.9354415781,0.2065253099,0.07374049156,0.6597440455,0.1397268263,0.0,0.6706519733,0.0,0.0,0.0,0.0,0.0,0.0,0.0,2.179351852,0.4791666667,0.0,0.02083333333,0.7833333333,0.0,3.426930273,1.858471946,0.6770864604,25.00643644,4.567099648,5.098681808,18.20875424,35.29333391,0.0,24.31554143,7.047671983,22.51475897,24.31554143,13.59242839,0.0,0.0,45.78684481,0.0,0.8086522896,2.014978899,1.673129435,48.53,0.4170521542,0.4244614512,0.03484567901,6.629331589,23.38320668,-2.644903442,-1.225903154,-0.1097559832,0.3438174447,-0.3340264312,1675.99095,2.02,0.045,-3.16,14.053118061513402,1.3633383426500705,-0.7700076095599813,0.8346439736345865,762.631735429197,52.487150390690815,39.68398046669726,0.5547750194130403,0.3715847116839478,1.1764764867688484,0.29178754407269925,-2.3593469548918655,12.753600245577497,91.21339057835579,-14.591498641274796,83.86358379986095,-7.028708567831149,-163.5609417082287,0.10400071522581741,5.601070100057562,1.9317989851540114,5.447277012046424,-1.326625986371886,-3.7090339234393657,1.2868958324167894,-0.8128519408768808,4.607987857191011,0.23931618618677997,1.413685627521271,3.176705017602041,12.369821491756978,0.08272633564010828,-0.06362722579293623,-3.4386176716569095,4.54227665218995,-0.2388422224076925,-29.49219463073321,0.5071147366936991,-12.463838775795914,8.072590317212619,0.6334253374070257,-4.143864511987043,-34.069680136686685,-323.4250363656031,-14.946935024315431,-16.05544995840479,-41.08490249884967,-25.200062234565756,-0.13518366564572942,159.00099766307358,1.8377553853868451,-86.65425811758799,56.7121351094191,-29.60908653354869,7.072187699614709,-148.28219583274915,58.71628792262373,-21.281113442446088,0.7285813615214453,0.84492849016035,-0.8959993810423821,-1.4186426921268378
4.87862781,3.518181818,2.851364522,2.794001967,143.0263923,147.2379897,153.7283912,156.6873333,157.9621341,54.56,-27.08,9.9336,-10.3024,49.59300473,-0.1119247403,0.1267220834,-0.08504151787,1.002611425,1.157469684,0.8636708116,0.480081826,1.092054264,1.084749553,1.092894629,1.064565483,0.9542344104,0.6667444211,1.178708887,1.075450092,0.5120748762,0.7913634388,0.9574627346,1.067443475,0.8006899081,0.9096887762,1.019252084,0.8713394097,0.9366248321,1.063024221,1.122396289,1.04526311,1.068405771,1.164393103,0.8596356559,1.004579115,0.1793978374,0.0886063362,0.8235086609,0.07026332943,0.0,0.6841461785,0.0,0.0,0.0,0.0,0.0,0.0,0.0,2.109014669,0.4838709677,0.0,0.01612903226,0.75,0.01451612903,3.358962553,2.284893636,1.11548875,31.44058453,4.983978521,5.261891555,30.33183534,34.23115751,0.0,19.93591408,0.0,28.71445679,19.93591408,6.420821623,18.25485007,0.0,50.62994439,0.0,1.981682321,0.0,1.764174135,78.25,0.7356462585,0.4462514172,0.03880434783,25.51876313,31.31991702,-3.097626129,-1.657906649,-0.3905481873,0.4828985212,-0.3199275181,2090.993894,2.2,0.00087,-6.06,19.090859990912143,1.3517035825722723,-0.3372953583002696,0.7855132755376704,684.5359512220549,58.105343468435606,63.33804471581049,0.56950885234731,-0.023760858142566153,1.1532437162233076,-0.02602169146276956,-8.314834503266813,13.253255751398514,88.74967823664035,-42.98143954996341,103.97308731531245,67.41135342663961,-125.5277580627736,0.12585512717278946,5.219381006889339,1.8123910553510747,5.792559076678695,-1.5724469263544067,-3.9925850560264005,1.51631932580858,-1.4098293930612784,3.9466532170432034,1.1484276650335263,1.7841314205342278,3.5524322002782798,12.850388467814925,0.0838329866831714,-0.055631821364111496,-4.0980391791728135,4.604087760096578,-0.5915904114520159,-23.79888624095927,1.3156355191700957,-14.164690096640463,9.02965538363724,1.513217768407887,-4.170750344180772,-37.11283471335568,-426.47930550074034,-17.854064646410983,-5.935674385221577,-40.642604611638035,-28.1233186770485,-0.10723911394726789,193.39767848608457,1.764950262938973,-86.28037852969958,61.91924754829018,-26.26276734711176,8.22830989301757,-123.41957725210634,66.66448344297974,-24.625954602947065,0.9676630304612731,0.8946089329752307,-1.2151249922868868,29.88167250702374
4.830967851,3.082644628,2.497516397,2.308666088,146.8104866,154.9455879,161.3904776,160.9577363,159.608501,88.99589002,7.893424036,12.66836735,-6.530612245,51.13517741,-0.1396544643,0.1485603848,-0.02193898849,1.078827989,0.9543023615,0.855673272,0.4705006297,1.020392696,1.035828361,1.118439868,0.872814873,0.8935884108,0.6948367859,0.9854656339,1.148989899,0.6455485653,1.121669844,1.237345569,1.33869002,0.9773250885,0.9440614041,0.8819080523,1.100297595,1.152231848,1.313549791,1.174396416,0.9605082762,1.05234692,1.028396791,0.9848130722,1.056761062,0.1646906487,0.08379878171,0.7368419724,0.07931626887,0.0,0.6974691495,0.1215681455,0.0,11.77331419,10.97043888,0.0,1.587612778,0.0,2.029786661,0.4811111111,0.0,0.01888888889,0.8052083333,0.03368055556,3.772563192,2.03479173,0.8531149556,29.65311583,19.77449303,0.0,6.9237372,5.693927995,14.26826309,20.26872417,0.0,33.45795484,34.196814,11.21535881,6.9237372,0.0,77.20433024,0.0,5.025525567,0.0,1.518409135,89.13,0.6630839002,0.3680909864,0.03703252033,156.0293329,26.87280381,-4.113241296,-1.666890384,-0.08270949534,0.3802555449,0.2006403332,2440.144633,1.53,0.0101,-5.98,15.611192209431287,1.4274289670393796,-0.5549102108672315,0.9259942589984554,687.2217409705999,78.79642370006222,99.80599240181928,0.6132318250389739,-0.15978973715979888,1.2942582230692017,0.14005458172101237,-14.334823353901577,14.648105641916652,54.66130431107253,-56.90148574404496,94.15120712677,31.652543603652617,-74.2517615961279,0.15192246192396539,6.253543740813293,1.4522560225128047,3.849381055383943,-1.1629624314760432,-4.35395628137218,1.751422072926521,-2.393777840270865,4.41931605356335,1.637914360211512,2.0854065885901294,4.00356251384684,14.537274530495912,0.033406124002643575,-0.0643876511319941,-4.164963544036472,5.153273940004564,-1.0979220030973083,-23.474385734631895,2.1949590551355542,-17.915898854182856,10.47848270920361,0.9406974223716189,-4.177646345690281,-34.190889983170266,-545.6202118318828,-24.254676552346425,13.773193701880185,-35.574288685529325,-32.102731480890505,0.06731289194835736,258.11586761938213,1.7051176963192964,-82.65888284562382,72.93450840418747,-24.2142935246948,8.642839591656793,-113.4916956417833,74.4584111138884,-27.0976824748458,0.19899171422030157,0.9023534709206961,-1.3648950704479774,40.6996011181195
4.976090825,3.572815534,2.636087768,2.748248248,146.94792,152.5312104,159.9369804,161.5140242,157.7866144,68.16345679,-11.20296296,10.88345679,-17.80049383,49.30967614,-0.09617441852,0.04674258288,0.0004611167629,0.7991332812,1.064684973,0.8392189399,0.4227900943,1.025702555,1.178381933,1.045881552,0.9651116528,0.996175354,0.6977861788,1.05397066,1.169392328,0.5312802104,0.8352204022,1.011175076,0.8109808117,0.8924210639,0.9502477462,1.037942051,1.040636805,1.164158622,1.21486115,1.172509348,1.103003927,0.9960623896,1.092462978,1.057080007,1.022566517,0.168103657,0.1387698918,0.7957274555,0.1458456799,0.0,0.679730678,0.0,0.0,12.21552075,0.0,0.0,0.0,0.0,2.044765684,0.4743589744,0.01923076923,0.02564102564,0.787654321,0.01875593542,3.670299879,1.821553217,0.7949875002,25.81328012,4.983978521,0.0,18.55355576,23.27208584,0.0,20.37772696,5.917906046,0.0,20.99377639,0.0,18.88348407,5.817862778,35.95872634,12.7481417,1.987411367,0.0,1.63025785,75.98,0.6661678005,0.5043579932,0.04253387534,43.01328283,24.49081827,-3.660197484,-1.241504586,-0.3071880361,0.4700211901,-0.04538118536,1935.60158,3.06,0.0326,-3.68,17.274638067505496,1.3538242956617221,-0.3829558874146277,0.799301578082753,735.9605239781695,60.00150986887399,81.00190941157402,0.583545382258746,0.03434205571363077,1.0591785193377572,0.07011188200893104,-9.16882682550846,13.72405479335031,83.24501693674388,-48.03449673219428,104.89068700639626,47.22458378443976,-134.7094125459338,0.12167741165640877,5.658847518430881,1.7624816512282384,4.875622228123897,-1.1632095361700627,-4.152404348941498,1.4956771131576319,-1.7866473267865608,4.780328886537506,1.3122093543045343,1.7955113355047132,3.623188022679793,13.2459199914503,0.06322676610032858,-0.0626669923201883,-3.648127133573617,4.755819824854036,-0.6509544595473538,-27.589341245492548,2.314610999625496,-15.560100173452216,9.586662478710636,0.2348453654762099,-3.9119060960855645,-24.10646706792393,-398.97233515043513,-20.204358257098626,-5.967302409305881,-39.10764469554584,-31.14688121891619,-0.07617658963623104,206.04552281101192,1.710684900924048,-85.26925339768718,69.93557723994704,-26.82201846567693,8.324355228146853,-119.15858574841266,77.39417384515674,-25.068467973474224,0.7950558442429354,0.5426518701068089,-1.4392089038530882,32.86324851474454
4.782522541,3.305882353,3.010198604,3.040196078,147.6606619,154.64466,163.5888857,162.2767769,160.4872522,67.47658402,-23.52800735,9.641528926,-13.37603306,50.76727958,-0.0203974743,0.01715333706,0.01985879814,0.9750356332,1.06810565,0.8995354701,0.42622798,1.118561244,1.04507822,1.048897097,1.016955088,0.9930200821,0.7402756041,1.054163571,1.123689511,0.5430004698,1.130821924,1.085026067,0.7125822492,0.908847825,0.9386461188,0.8489467275,1.17975814,1.117044226,1.11394938,1.135942566,0.8984430075,1.041720081,0.9137359688,1.049935806,0.9524929355,0.1706753545,0.1075556018,0.681984921,0.06542737998,0.0,0.7124476124,-0.005671073105,0.0,11.68415648,0.0,0.0,1.505444365,0.0,1.959476488,0.4820952381,0.02,0.0179047619,0.8091710758,0.04073368607,3.945131835,1.514299784,0.5343130683,25.40060836,10.30076712,0.0,6.9237372,12.2386844,9.184952232,20.26872417,0.0,21.95893118,20.85911529,11.33929359,12.74095804,4.390415048,28.3797528,23.46952001,4.203868702,0.0,1.477486721,70.67,0.5406349206,0.521789966,0.0427124183,15.79293262,21.45729,-2.730995998,-0.8155418155,-0.06155549106,0.07431723209,0.1671958509,2157.481791,1.68,0.0431,-4.67,16.126041591923528,1.3471418521989378,-0.6116901200066307,0.8417532650992661,748.7766899557865,61.03957774618759,76.03042448750317,0.5846576477029688,0.04516296966084232,1.1249575562471454,0.10973417007761621,-6.857380724402898,13.612879369231008,82.06961655858576,-35.88009997251247,100.63569058806914,23.559955500321344,-132.1470689616544,0.1286194372685143,5.660345129129915,1.8381001760513584,4.5330119108750555,-1.0687890675515015,-3.932442431038659,1.4011786331871323,-1.6000616925858568,4.1867459242012375,0.9607558725114427,1.6640088823764843,3.52488973929366,13.179337025574284,0.05844320478521155,-0.06136580670772961,-3.7947472949865886,4.903683321707359,-0.7084721014582235,-29.97926018607737,2.6397648082757774,-15.35852362845113,9.680460717245724,0.2065837525591704,-3.8043485836697855,-35.73525669745914,-314.1001085076028,-22.617373689343832,-5.309783083568209,-38.55427882365573,-29.724336333563752,-0.03310295242166925,218.27201080030636,1.6778492769889088,-81.5856536861652,72.03850965493858,-27.486060164435763,7.823498259623962,-122.27633859316492,72.23728100857835,-23.88984188150269,0.5237485803667765,0.6079845001397433,-1.4982422571801393,16.85950310354164
5.015075563,3.801801802,2.743405276,2.565118397,145.4483366,151.8452865,157.7991108,154.8832424,155.2950731,60.96,40.68,12.7904,-7.3536,48.50866702,-0.01789490347,-0.05492856553,0.005818675611,1.107962755,0.8795490602,0.8382428825,0.4763888889,0.9810560345,1.195779817,1.041724806,1.016133094,0.871557377,0.5764779202,0.9053616221,1.341606029,0.710762688,0.6923643735,1.149771598,0.6301484994,0.8740111102,0.9003036372,1.016925607,1.132918464,1.129528642,1.150889609,1.159598231,0.8919580082,1.034431385,1.167634127,1.043516976,0.9482045186,0.1932632161,0.142022543,0.6666063312,0.1445717349,0.0,0.6833808251,-0.4733771778,0.0,12.17061795,5.027775736,0.0,0.0,0.0,1.994744098,0.47,0.0,0.03,0.8129032258,0.01709677419,3.695854381,1.948001808,0.8330296891,29.76070055,9.843390349,5.098681808,12.13273414,23.38096217,14.63792753,19.74844179,0.0,22.51475897,44.0380384,17.70244098,0.0,0.0,47.28738284,5.693927995,0.6707660241,0.0,1.625579303,90.13,0.5683446712,0.4010416667,0.03655555556,38.82563308,24.61592899,-3.584926957,-1.219345458,-0.3702908775,0.2236858134,-0.2867259117,2353.989797,1.66,0.0527,-3.81,21.339304758897203,1.4444155069339093,-0.021057011571839368,0.7915341919638008,714.5165969196465,67.93184964559211,99.93508044796667,0.5874422055689876,-0.04901734972328277,1.244064908875622,-0.09861483053431686,-9.360480219678875,15.291564883160882,76.02198216110017,-39.81979336772954,132.1646169913152,114.1715310546646,-100.01689933917903,0.14299591615524343,5.55025499684406,1.560316919857383,4.6773482421625285,-1.4108683686234715,-4.097317348258727,1.6468718956216697,-2.3343552947497592,4.5110329878030075,2.3566020242930317,2.223902020484194,3.956211619790256,14.415120420206765,0.07781417059879811,-0.047615186535602295,-3.8539923539443994,4.667179200900577,-0.854065029787173,-18.762942374966922,0.9080331757913599,-15.842771338879935,9.83419764796309,1.873476455995821,-4.87091815435975,-13.43944030668849,-408.1237612074056,-17.546712790243603,-1.1911135085052127,-33.867420762682755,-32.39362626909309,-0.07098604325047278,213.55051784088374,1.8049179086437377,-84.93768824334295,67.94035313760159,-27.311581021345354,9.143696560179684,-107.39448934235868,69.99073824802672,-29.69192980720709,1.0754188302401393,0.9698896639143607,-1.144568482065779,30.58599185401822
4.859112107,3.673267327,3.069279636,3.01016703,148.0204164,152.3036628,155.6241958,156.38011,158.8298829,57.61651235,9.116898148,9.277777778,-9.638888889,46.40783287,-0.1418998546,0.002369970634,0.1431020664,0.9978933536,1.126749375,0.8043402298,0.4601794321,1.063892821,0.991449361,1.12475115,1.016003688,0.9313135294,0.6778846154,1.125945643,1.120078287,0.5263290549,0.7653077486,1.009087887,1.002180955,0.7739194071,0.8461781675,1.012838732,0.9224867734,1.293880102,1.094092438,1.163808843,0.9937935412,1.105641658,1.096946365,1.013083517,0.9865388069,0.1536834849,0.09195694048,0.8818553705,0.1048899075,0.0,0.6899617195,0.3785173112,0.0,0.0,0.0,0.0,0.0,0.0,1.953568543,0.4854166667,0.015625,0.01458333333,0.7929292929,0.0154040404,3.786967448,1.797995053,0.7767544274,30.77061433,5.316788604,15.45925517,12.13273414,17.3266008,0.0,29.36252149,0.0,28.58398029,34.47495837,0.0,18.25485007,5.687386275,28.16193619,6.327320075,1.941264622,0.0,1.505162424,96.72,0.7772789116,0.6137329932,0.04255787037,33.40773965,26.70073695,-4.59435954,-1.107443043,-0.335460334,0.4681407602,-0.3277556437,1979.218291,2.39,0.00554,-5.68,24.416227409785783,1.4038203616829863,0.11364594434770237,0.7338286139816365,734.6942269495354,65.72825086028546,111.86877443151474,0.5868436419834264,-0.20811627343489508,1.1311326407304305,-0.2117062515962993,-9.755243098763277,14.436771063185974,89.2162868933317,-52.28457441023893,134.55656471314282,136.68045562773926,-109.85136235683805,0.14195260955906605,5.166151531287209,1.734965577919807,4.815949557781271,-1.4264082574250585,-4.191685871533991,1.4087582576051016,-2.4320726143350453,4.028510182032678,2.346366994550198,2.1627692325321317,3.973671531502128,14.149886211034328,0.08415351589196923,-0.04661899603708856,-4.029690624753726,4.930846004672375,-0.9387310733600724,-23.545816452826273,2.768892474794841,-15.953917753073739,10.58665353539877,1.7037671904030454,-4.9112301786558925,-19.923225450511296,-356.0443147336264,-19.77369205575095,-4.331220246755495,-32.344360330956675,-33.71310023689874,-0.0683703673929862,223.84641745208248,1.6593815343961373,-85.26852561611555,75.64336710505732,-28.026682956341936,9.474421480438924,-96.38201019243124,76.14529687745174,-29.130387794808392,1.215686573824212,0.7058645567922368,-1.653663467929115,37.37047459588037
4.848604167,3.354545455,2.765855725,2.653451178,146.6826228,153.8360163,154.393322,155.5745751,158.4971807,65.71322995,-9.547396301,12.51557093,-10.23529412,49.79497264,-0.09346467055,0.08357969071,0.05190511898,1.154989437,1.051754668,0.8145217849,0.5229137409,1.086841448,0.9933038209,1.074392778,0.9371297311,0.9601867527,0.6231671554,1.066308244,1.074963343,0.9945878704,1.036202292,1.124858731,1.179787543,0.850069437,0.7856842935,1.094985792,1.042817834,1.444234896,1.192605992,1.032417708,1.062812281,1.204043191,1.08234411,1.216995818,0.9243527456,0.202199992,0.08993796578,0.9242705142,0.1146045727,0.0,0.6841461785,1.019725553,0.0,0.0,5.234125561,0.0,1.602924671,0.0,2.043666788,0.4860215054,0.03225806452,0.01397849462,0.7947916667,0.01596102151,3.763837885,1.908587457,0.7850803925,28.80703149,10.05365156,5.425791397,35.61190719,17.68087273,4.736862954,20.40266096,4.992404733,17.13736782,28.42520247,6.544756406,13.08951281,5.13155848,50.14233313,0.0,2.652372549,1.66852335,1.551471636,76.74,0.5723809524,0.5755385488,0.04273901809,91.84114925,29.51563794,-4.40313787,-1.630922844,-0.1549428418,0.3293047376,0.1962706546,2348.487522,2.51,0.00508,-5.44,18.72854544261495,1.4028620168153942,-0.4290705184509198,0.8305834817480048,758.0264361032945,65.16557140032306,84.9001524163229,0.5838062454512799,-0.07932754114070663,1.2144234278397084,0.1864436975205377,-8.808691346752243,13.26683667512132,81.44884490320642,-39.65981733632992,111.2646393373685,52.10387577024926,-116.48725328421622,0.13390690547176198,5.6301212982555215,1.787931301177975,4.634244123952105,-1.314096505919041,-4.098237691011459,1.451308049207788,-1.7941403238523832,3.8539338419185487,1.2181896277606812,1.831839638556633,3.6989098078846245,13.589899055539599,0.058138265755901225,-0.06034927901239338,-3.8806898450586305,4.964412688498143,-0.7254550080007682,-27.653228039396552,2.6710066508809573,-15.900731538965584,10.081154259661432,0.9848140310773941,-4.345203411009504,-32.913090073436074,-333.2376747401329,-21.46284968591064,-3.5823451135143705,-37.690005970754186,-30.095676053827095,-0.059719272093329195,223.81003681935402,1.6745601400601153,-89.83443918631689,71.32383836837343,-28.39091454405291,8.426915888142883,-125.5407033110229,71.52419313951471,-24.943225343627407,0.6306391325165315,0.7990853669862878,-1.4536753971169634,25.554229458021105
4.993807265,3.095238095,2.49173028,2.312396352,145.0869966,151.630624,153.5821454,162.0972247,153.8110988,86.00520833,-66.89236111,17.62630208,-25.73480903,52.02985719,-0.1134696196,0.007532301879,-0.003017361532,0.8136231018,0.9565816542,0.8559290985,0.4774777405,1.057402812,1.01343373,1.383259482,1.156994298,0.9869634458,0.7772133273,1.470557872,1.135710031,0.5107568841,0.9459305761,0.6861882481,0.8074267202,0.9584479136,0.8125377887,0.7802471478,1.128724974,1.233874327,1.135304618,1.13458482,1.234656487,0.9911808129,0.9233410433,1.099788169,1.02037886,0.3013639207,0.1738843431,1.799994583,0.4665289338,0.1020620726,0.7106888094,0.0,0.0,0.0,0.0,0.0,0.0,0.0,2.023902759,0.4813333333,0.02,0.01866666667,0.7602564103,0.01841025641,3.404520514,2.180441986,1.186160354,27.20665253,5.106527395,5.098681808,38.9703128,11.38785599,5.106527395,14.76446326,5.414990469,28.26427081,19.87099066,6.544756406,12.33872767,0.0,34.75344337,5.693927995,9.756531676,0.0,1.726902799,50.94,0.8785034014,0.641510771,0.05101139601,119.4858903,19.71787636,-3.256377732,-1.21846473,-0.05172541729,0.1774534813,0.009248698229,1844.765861,2.84,0.00493,-4.82,7.67676018393255,1.2542006675057364,-1.1224316184733263,0.9370835756323775,731.250982187794,63.56091839593542,50.503721595193845,0.5881516114657654,0.22081224751296713,0.9771343066557756,0.4418921830964039,-8.5724510201599,11.394889123634249,58.00942831931459,-41.61402449531153,53.83466087055139,-69.42331032990124,-149.32710759360185,0.08832681943648284,6.110553410869345,1.7316026501398025,4.103844123477257,-0.6139055500953574,-3.899078441043377,1.435592137852229,-1.1320072185765797,5.255826490911821,0.28730435248320385,1.5024562695801076,3.2367512841961563,12.34323386461299,0.045158609958014316,-0.07082738343645525,-3.1023260694100547,4.749223774058678,-0.4961240178284577,-36.49333636245974,3.7153156435464405,-14.402877439914354,9.299640270479362,-1.0786236987008697,-3.0018242116532514,-31.372359571333185,-435.32005509777946,-21.014528126547166,-1.0543114547948695,-38.911916262977684,-24.96983891681182,0.025649571434747703,178.22015019615503,1.741493794612027,-77.86916431245173,64.19536406266616,-25.28380811421031,6.807557548957476,-128.3153756609352,71.68714533135895,-18.752089821995728,0.11495400547595791,0.4010563744062886,-1.249173944202603,23.038329808625516
4.818141123,3.094827586,2.709876543,2.687134503,147.0512604,153.298533,156.1439246,155.2239887,159.1124828,42.68319877,-22.8769704,7.98615917,-3.813148789,48.51601673,0.08922032047,0.05678877165,-0.0753821893,1.411693982,0.9917209535,0.8696566776,0.5717269661,1.142848717,1.003537061,0.9344976561,0.9230159947,1.032606284,0.6499575191,1.171505828,0.9330688044,1.094830353,1.065979522,0.9966995856,0.8165135332,0.8670340307,0.8997839579,0.9596107075,0.9400515136,1.081529766,1.228519539,1.067066962,0.9167204453,1.137439012,0.9905744916,1.028564315,1.097846121,0.2060016448,0.07931789153,0.5972872317,0.0761440227,0.0,0.6736212297,0.0,0.0,0.0,5.829180599,0.0,0.0,0.0,2.061706428,0.4752688172,0.01612903226,0.0247311828,0.7864583333,0.0156922043,3.502965363,2.169459979,0.7946926473,29.22376832,9.303962602,5.098681808,6.066367068,24.25993247,4.736862954,29.71639883,0.0,39.52165029,36.32328079,6.544756406,0.0,0.0,46.0664067,0.0,1.342149728,0.0,1.62492247,81.51,0.4251247166,0.2830569728,0.02094315245,58.60524924,29.97570609,-3.466205219,-1.430672584,-0.1871286353,0.5062090867,-0.2306665933,1149.515575,1.06,0.0199,-4.12,22.705413746707787,1.455014964036016,-0.1861093353574672,0.7917407611968116,742.3092068651166,60.483779503728535,82.32455411250973,0.5643786970909256,-0.017543296386728104,1.3920666856112462,0.13467037350775313,-5.228954039059827,14.772839260179305,99.83090764011119,-16.967542290630803,132.92696103804417,96.9521408882863,-114.17230751200681,0.15316592825702777,5.2693729490819345,1.9031867080854943,5.154585609785991,-1.754194481170667,-3.7447358135905375,1.365242563923044,-1.7154401532519064,3.0346250680564033,1.6154829488250697,1.8760333334109647,3.687334876486063,13.667902061431592,0.09027748178770001,-0.04356020712660779,-4.1943134453327175,4.848266869165883,-0.702407603238344,-22.075306300015555,1.0419688035522814,-14.814720122980836,9.411482637166301,2.472553574463146,-4.807299656074723,-33.38377846427283,-258.7716998433776,-18.67432789706613,-8.558656799794171,-38.570978563693494,-30.305077617886415,-0.13170586370180154,215.83265777978042,1.7771226473952921,-88.53634978060865,64.36322887996572,-30.604678200967104,8.583384898445358,-129.80182186140038,58.82339855705049,-28.230577188858685,1.1324040061237841,1.1500452580299432,-1.2321211701346404,6.0128124547504385
4.84846034,3.556701031,2.517883928,2.569122942,146.1688725,151.1695634,155.9816185,156.2738726,159.5404864,57.96463961,-33.80609627,9.372566772,-7.666817565,50.00811246,-0.09904078106,0.01009912212,-0.04888084602,1.085861772,1.131873591,0.8441832097,0.5024945333,1.151672822,1.003643475,1.055282235,1.097894316,1.033015977,0.6449464654,1.092481769,1.145593123,0.8100988907,1.236683476,0.9958685381,1.175910264,0.8116679997,0.9145821361,0.9387321305,0.8387443913,1.039280464,1.134596526,1.145732023,1.062753712,1.068967495,1.108388903,0.91735586,1.071286097,0.1629102135,0.1060377931,0.7940353407,0.06365387513,0.0,0.676937285,0.9662196607,0.0,0.0,0.0,1.751307897,0.0,0.0,2.107324195,0.4908045977,0.01724137931,0.009195402299,0.7755555556,0.01639846743,3.584304619,1.970284233,1.020726988,33.13142796,4.983978521,5.425791397,30.34148838,22.83463759,0.0,25.38663948,4.992404733,11.38785599,26.29938345,5.752853607,13.08951281,0.0,46.09185023,4.895483476,1.993228855,0.0,1.59041542,71.27,0.5331972789,0.5130385488,0.04016666667,34.53587682,27.75600964,-3.69040188,-1.233064282,-0.06830118077,0.3851617765,-0.07690604354,2095.79571,2.82,0.0148,-4.6,18.162047011599714,1.363377445292222,-0.4577252030294443,0.8106073570248489,725.7467236060385,59.62093573910773,68.55064954433034,0.5673802664728236,0.04271754629910924,1.1393483890615226,0.11125389911777828,-7.30200980146005,13.466295048588124,86.00192853969573,-36.67114222993474,98.63824943826597,45.98752022181853,-136.56064139814643,0.12151007580238751,5.392280686956335,1.8449758678303823,5.102187791508277,-1.3928110494424422,-3.8219199098551897,1.3175880498307941,-1.4637805041475223,3.885290978694436,1.0829689891133307,1.7492966636381309,3.4994098278502124,12.980334008759279,0.07981988074993841,-0.055040440277255846,-3.790076934483228,4.738659158556252,-0.6125133229738206,-27.471566617089664,1.8717604332596962,-14.257365152757272,9.362601974472941,1.1854093038953708,-4.139858586075625,-30.34919713845577,-354.01680003746804,-18.362907470024076,-7.146021125532703,-37.88704328529667,-28.770350862086804,-0.08071221191584835,190.66521537401962,1.7605378410399346,-86.01327056321651,63.60315780678902,-27.683034563732917,8.037877084204512,-125.3988193895072,68.60422063235869,-24.813413215700795,0.8937916332988405,0.8304182989050127,-1.2100479784151825,17.844571527235267
4.928988037,3.276785714,2.87818131,3.141809965,144.0045363,147.7747661,155.5795112,157.6498391,155.7594502,38.35884151,-54.25517515,8.457466919,-11.5789225,49.39955762,0.03454116419,-0.05917795006,-0.0356814356,0.7677063324,1.160137759,0.8102176049,0.5171957672,0.9384873776,1.096778897,0.8772146561,0.9902101532,1.091935568,0.7233457249,1.178025609,0.8382235794,0.5770754322,0.8900018521,1.001125687,0.6639485891,0.752621618,0.9577350448,0.8837474269,0.8844301758,1.043044699,0.9288813643,1.115667879,1.097724395,1.086304733,0.8726850884,0.9914276941,1.126830927,0.252464457,0.1459175228,0.943863128,0.1504224045,0.0,0.6881880924,0.0,0.0,0.0,0.0,0.0,0.0,0.0,1.848569016,0.483908046,0.06896551724,0.01609195402,0.7956989247,0.03418613274,3.853368012,1.670193944,0.7391304348,29.43115146,10.423316,0.0,17.66730696,22.2842392,9.496942443,9.967957042,0.0,17.00689132,15.07448444,0.0,5.817220841,15.7651876,29.77986729,12.13273414,0.0,0.0,1.67021113,58.04,0.5958730159,0.5060586735,0.03634751773,125.5267452,29.76021085,-2.824601186,-1.625411953,-0.6112468738,0.1035064018,-0.1314452058,2694.911394,3.9,0.000263,-6.59,22.59155264985771,1.3632591836427879,-0.25690883172538403,0.7040853342503683,834.9578274565514,49.18068834028787,70.5274879711884,0.54846454128789,-0.016387439536143713,1.2628600656628581,0.19014491589357863,2.1201478892116414,10.152227657848425,117.86243384358872,-5.398870581873926,130.29390640211673,74.08325727474129,-132.14704064392853,0.1295122885341453,4.675944272203553,2.269718091279416,5.037077938436239,-1.4131122188059635,-3.6016287763758346,1.042959700783261,-1.1849324656323086,3.1626515472788292,0.7181369511518647,1.3753352461572441,3.219352119293024,12.302477021888722,0.08312848447253415,-0.04990057846747165,-3.86690065724323,4.789548185753706,-0.3758451982669806,-27.837843699709495,3.5938212822129456,-13.361123732359745,9.212791849282427,1.147226225582726,-4.7651729725325485,-45.994306553384334,-20.0647283738344,-19.564026620217582,-21.53106714078193,-37.187989960301785,-25.011624423925387,-0.1696739175652769,210.66780406976812,1.5984259244768202,-87.50528949837987,72.58340718829469,-32.764693677534474,7.944217720043413,-132.8787291973108,55.85961674436193,-19.658844013550404,0.9582189927958377,0.6572415208565061,-1.5729982069407664,7.5726566571474905
4.82631455,3.0546875,2.701804368,2.62020202,146.3467283,151.6706787,157.5246072,159.0887603,156.2370048,50.20297521,25.18181818,8.479338843,1.520661157,49.47834402,-0.05760841597,0.1440999415,0.0249056187,1.162093307,1.035300433,0.880162933,0.5436466395,0.9945705051,1.006711752,1.014282883,0.763532255,0.9494823277,0.7281739687,1.158113208,1.043410967,0.7356711113,0.8808421902,1.226623115,1.206086573,0.8795727074,0.9765367908,0.8537520352,1.054601361,1.148281322,1.131669773,1.157715442,1.005190273,1.046851478,0.93290954,1.045864103,1.02673886,0.1589628302,0.1046423742,0.7025385316,0.09315436814,0.0,0.6797656753,-0.05225932502,0.0,12.55856009,5.352960322,0.0,0.0,0.0,2.022221248,0.4739583333,0.0,0.02604166667,0.7803921569,0.0300245098,3.634483349,2.146876364,0.9550786366,31.10502635,10.05365156,5.098681808,18.19910121,11.38785599,9.531400138,25.48210926,0.0,33.77213846,45.32810515,4.736862954,0.0,0.0,46.61378171,0.0,1.398029086,0.0,1.646846023,92.79,0.4602721088,0.3472576531,0.02737588652,148.4661771,27.83450739,-4.071949123,-1.993741757,-0.1973009995,0.2819381163,-0.3055767151,1806.87265,1.37,0.0192,-4.35,24.82867661113233,1.463201281910556,0.09765512092920037,0.7626049709887984,723.3947058584291,66.39279456332515,108.37443067377211,0.5755379056110882,-0.14994419078328933,1.3483409792207506,0.020076657590592073,-7.746726193419608,15.427347602546226,85.5482634730465,-29.27494155053887,138.02392807989477,125.5088987659469,-94.40622335922615,0.16010580186271361,5.244553025972308,1.7499121831266518,4.27084273445341,-1.6003644206307865,-3.7763561610236716,1.2846150442364295,-2.338129804039163,3.2065419713701746,2.357595451146395,2.1286340763700786,3.8914334965153916,14.275024852522707,0.08634565987736245,-0.03722263209420131,-4.030024301578515,4.907034149155185,-0.9910209971911187,-20.8771821069159,1.131497461237844,-15.409960660923206,10.226425331969397,2.64101732731143,-5.161939791171531,-20.11753397904048,-273.9928048011113,-19.4216096730865,-1.70912685561796,-30.83098010830535,-33.32538251901961,-0.05303297195622622,228.27666223200094,1.7511524019960216,-82.7449430164697,68.8013118310736,-29.072031019823097,9.203172045311756,-102.72167601312587,64.60346317682776,-30.662284728190322,1.1804657227420003,1.0761265326730307,-1.2954716498473515,16.61343527270619
4.901125933,3.333333333,3.113809302,3.277798354,150.0319234,156.206539,159.1603498,163.8868928,157.2446397,65.18427069,-23.33912513,12.7037037,-6.987654321,46.3161155,-0.05211959135,-0.04499306922,-0.0777105292,1.015335711,1.096622441,0.9533240156,0.417852205,0.9684074836,1.133037745,1.040555871,1.076374292,1.101915485,0.6464552239,1.079793341,1.122695347,0.5895628167,0.9125290559,1.227973926,0.828845394,0.8172758043,0.7600882234,0.9168437758,1.101681489,1.015941578,1.139013548,1.067534446,1.107127807,1.009989936,0.8945610523,0.9597458825,0.9918291265,0.1566042528,0.1515873498,0.8850253181,0.1293264808,0.0,0.7083876247,-0.3850112797,0.0,12.1382594,0.0,0.0,0.0,0.0,1.739051451,0.4735632184,0.05172413793,0.02643678161,0.8344086022,0.03685576567,4.116868586,1.374984511,0.5137647884,28.00929632,10.63357721,9.780484743,11.60093989,17.57815784,9.184952232,25.06523039,0.0,11.25737949,32.82722828,0.0,12.74095804,20.55972478,5.563451492,36.12541969,1.87686333,1.525937163,1.441695765,84.73,0.7918367347,0.5303996599,0.04369565217,18.57797643,23.58636935,-3.649761866,-1.558879283,-0.2902369734,0.1614657941,-0.3975945656,1938.84303,3.08,0.00626,-4.99,23.929722685937364,1.4386118825149041,0.137199410165883,0.7027320801026177,844.089603116045,63.604193516777315,121.29811672571321,0.59510655346752,-0.15442196346184098,1.103763614343291,-0.19551225770401848,-5.888972080692927,12.75776480963494,95.26623231994972,-43.214689226319884,150.4908935035839,129.17474530721748,-116.74711089566932,0.13522179296411865,5.362685817584632,1.8707898101841196,4.501579781711252,-1.158401256459515,-4.486557637368628,1.4652557071509658,-2.5343504202487503,5.007365089471637,2.114839300337751,2.0563844005633345,3.9569999073258852,14.33759719710803,0.06912037260228171,-0.058162027183928024,-3.718927947832031,4.996632219132993,-0.7527053909689901,-25.728216006413106,4.084592973526919,-16.703448056948968,11.081613086286934,0.34821964184808885,-5.275576158026162,-21.043339673595646,-186.13371581219775,-20.668282225871412,-12.187465436521272,-32.49145169025405,-33.85959801131378,-0.11171594685544527,239.38986223626932,1.5316299416126702,-89.80530366406575,88.50072251532434,-30.46208339025473,9.665130468726105,-103.57303399079889,80.53640035701852,-26.009956637217662,1.0556635683929616,0.3349311550606354,-1.9422529214787083,39.20890537124427
4.893937783,3.357142857,2.261235955,2.130630631,144.8592369,153.1948839,157.8095517,156.4750018,156.9958077,56.72583826,0.9381985536,11.34122288,-5.509533202,50.88332424,-0.181512605,-0.02067321311,0.13761072,1.376667884,1.064883491,0.9347662102,0.4872848997,1.121568314,1.199617979,1.105640973,0.9005321662,0.9831514515,0.5371361659,0.9640905543,1.332510873,0.9835220199,0.9332383528,1.128096604,1.10130052,0.9277488374,0.8639504346,1.02407872,1.091268175,1.197610234,1.317071019,1.105142608,0.9891393624,1.069699868,1.140732324,1.023197291,0.8590729933,0.3083900449,0.0735038836,0.477495456,0.09033189192,0.0,0.6791339464,0.0,0.0,0.0,5.259278072,0.0,0.0,0.0,2.091157407,0.4787878788,0.02272727273,0.02121212121,0.7893939394,0.0,3.33204813,1.953354089,0.779650563,23.98816943,9.303962602,0.0,6.066367068,18.49765353,4.736862954,14.53505669,0.0,28.39474731,21.64485423,12.96557803,0.0,0.0,53.60555146,0.0,1.024334766,1.685364964,1.712429814,39.94,0.2719274376,0.2777777778,0.03963541667,61.30429595,20.22086225,-2.562244436,-1.184396756,-0.1617551175,0.1009398481,-0.1232613423,1554.327602,1.75,0.0613,-3.12,10.95544953280892,1.3455494282767186,-1.009364660645909,0.882239649423961,769.826803767556,52.900941210929254,38.570864816335266,0.5568273628460493,0.40357302813501145,1.2818702403207025,0.7124680745866265,-1.5933455213969658,12.222580445621007,84.74645511262496,-1.2093895047731413,75.52162436029246,-52.19082954381267,-153.46754140520738,0.11285457871320342,5.785279715129118,1.9245049268702181,4.434947225839297,-0.9763226552383926,-3.298205753331862,1.1792006883870885,-0.6726798907760201,3.8468505527678003,-0.14334630280757044,1.1303336557601562,2.943349349030311,12.00551263975045,0.05436404652596986,-0.06413944845931929,-3.2769639336684206,4.646945268374323,-0.2795434321639678,-32.82103970198462,1.024846061075729,-12.761169789852644,7.796187523168879,0.20082912987218143,-3.5803548113536428,-39.29841180566263,-218.51108328281953,-18.63338090395127,-13.189582881553722,-41.09939829008289,-23.66026734154653,-0.07723518667237858,178.08567500998103,1.814877637601081,-82.04897762920761,56.250580144965454,-30.442131603390738,6.353621276205471,-153.05960488180224,52.72231098537186,-19.15242384656182,0.18321870459783837,0.8309469373427305,-0.9809071945732921,-13.857762710475804
5.015075563,3.677966102,2.608391608,2.384582257,148.087398,153.20103,159.5577868,157.1947602,156.3306909,67.12130178,16.65236686,14.13609467,-9.403846154,49.27242716,-0.06444748699,-0.0653762998,-0.008564166544,1.067828771,0.9119356312,0.8453713461,0.4675295088,0.9755859758,1.187727825,1.172312798,1.059096432,0.9138338655,0.5723827699,0.9225906489,1.329602795,0.648737338,0.8237364881,1.364435217,0.8589733477,0.8639795699,0.9242434666,1.018456598,1.119506915,1.162356148,1.155189703,1.17255152,0.8687431111,0.9979421523,1.11790151,1.06176533,0.9438691875,0.1571462582,0.1124055485,0.6759707009,0.1476931915,0.0,0.6833808251,-0.1433771778,5.486146944,12.33728461,0.0,0.0,0.0,0.0,2.026898024,0.4744444444,0.0,0.02555555556,0.7595959596,0.04595959596,3.682942306,2.017497412,0.9454088357,29.75240743,11.05045608,5.098681808,12.13273414,11.21062871,4.794537184,25.06523039,5.733667477,22.51475897,38.74513433,12.96557803,0.0,0.0,52.80408356,5.693927995,1.772567902,0.0,1.625579303,98.72,0.5683446712,0.4010416667,0.03655555556,29.94895596,25.4450337,-3.401003974,-1.592536725,-0.1695724603,0.1604839975,-0.1950265088,2365.439318,1.25,0.18,-3.13,22.277720686820448,1.4283863581839922,0.059495446744500025,0.779069920243061,700.3690389446253,69.11264105268947,108.32691311530078,0.5853968576348809,-0.11704173302798414,1.1680394894021804,-0.29763831514810235,-12.496457843858519,16.409786952462518,81.67791995689473,-60.49454941909581,116.56228134277822,105.80808812905899,-85.85882222068794,0.15427298515090668,5.424024872617482,1.656363493353489,4.196391790515904,-1.4796170402762567,-4.146532729134672,1.4900972375461388,-2.4646610945445424,4.510416018966884,2.6038088692085064,2.229739643925239,4.053423565508993,14.395632772045348,0.0768400894724044,-0.044289684557457555,-4.153092788892919,5.0533257336483794,-1.0930318642558898,-21.064677497340675,1.3388706966834452,-16.40449585015636,10.611177767309009,1.8133073550841023,-4.727067245327184,-12.35567711099513,-488.8173943250624,-20.92791066187078,3.0377393145234923,-30.330021625443443,-36.57761055813616,-0.019728376130121336,236.34677577522297,1.764904506637833,-83.5605799534944,71.25583163290116,-26.39221852136778,9.256869730309104,-103.01444602118086,77.81278049441816,-31.823023270111605,1.2105160485305053,0.8330862351339277,-1.2048451211832485,42.74472444304989
4.901125933,3.333333333,3.438155136,3.588333333,151.0770598,157.4928608,161.5167312,165.4801252,158.8700586,67.92,-31.28888889,12.7037037,-6.987654321,44.83319919,-0.06034190564,-0.0343190535,-0.07778711337,0.9861077441,1.086937327,0.9465385515,0.3797743056,1.005097518,1.084983498,1.014309764,1.030856918,1.095833333,0.6464552239,1.079793341,1.122695347,0.5793952149,0.9776988473,1.090092615,0.809851389,0.8555334806,0.7990447809,0.9164786116,1.159803855,1.030931222,1.070157862,1.042659927,1.102853439,0.9836083728,0.7726364,0.8841697273,0.9702446254,0.1508001707,0.1459692046,0.7590371604,0.1293264808,0.0,0.7083876247,-0.4120174526,0.0,12.11524822,0.0,0.0,0.0,0.0,1.700162562,0.4587848933,0.05172413793,0.04121510673,0.8482334869,0.037809206,4.027979697,1.4638734,0.6026536773,29.36086894,10.63357721,9.780484743,0.0,17.57815784,13.57536728,25.06523039,0.0,11.25737949,32.82722828,0.0,18.55817888,24.95013983,23.7625527,17.92631849,1.828852356,1.506095893,1.441695765,84.73,0.7918367347,0.5303996599,0.04369565217,7.093020615,26.45511908,-3.176556581,-1.753879269,-0.09593108939,0.3915319689,-0.2395620815,1662.438993,2.97,0.0164,-4.44,24.720337026982612,1.4546614262639173,0.18758606389021693,0.6880860433818863,872.2764788804733,63.64343538812563,127.62664109722377,0.5967709346503414,-0.17922573089249913,1.0923825195668806,-0.19285044180011424,-5.646746458371172,12.543090245479176,97.43367620758882,-44.296319083079524,153.80085970317697,130.78447351179256,-119.88240702749196,0.13374749501772723,5.4101299845664,1.9205912076606562,4.446749357308605,-1.1571757895757995,-4.633983607297112,1.4320647709124634,-2.6420647070037457,5.151518181601974,2.0839245931258015,2.0706792727048433,4.003048119817281,14.418667385856917,0.06505940542820522,-0.06100533875875288,-3.68613869426824,5.079910397710458,-0.7583358851992775,-27.20029455039728,4.535535544391695,-16.999657034980604,11.417227002374913,0.14266733334361809,-5.418207273944444,-20.149857714216324,-159.84250570065518,-21.057332953318312,-13.674278157493692,-32.31000141280629,-34.86471382470355,-0.11827847177910183,245.1417937373271,1.4821971861213386,-91.99830361448906,92.05324509331767,-31.146950859031797,9.862435203459857,-103.84311709103238,83.43615620939681,-25.981126777138527,1.049675054777869,0.24978288218372663,-2.0449194636949546,43.3667653203937
4.859423894,3.724489796,3.538748319,3.300925926,149.9187909,154.9079963,160.477258,159.4589013,160.5607472,56.75755747,14.69070972,7.216387506,-8.440470801,44.95577929,-0.04252493146,0.1042595449,-0.03503188778,0.9310370561,1.269298388,0.8798634497,0.4196733267,1.100561952,0.8355193208,0.9801524505,0.8671020997,0.8950373773,0.7527016488,1.086093404,1.08895959,0.567462287,1.09194033,0.4943941141,0.6241314525,0.7834514229,0.8487908568,0.9687750631,0.9717390284,1.217840469,0.9714820571,1.087356342,0.9920579794,0.8708348326,0.9667770923,0.8104514615,0.9609871952,0.149199604,0.08931774965,0.9245101949,0.1048899075,0.0,0.6950597415,0.151582315,0.0,0.0,0.0,0.0,0.0,0.0,1.897102744,0.4751488095,0.046875,0.02485119048,0.8483405483,0.01713564214,3.792702994,1.761885858,0.7394656915,32.54089629,5.316788604,10.19736362,6.066367068,5.693927995,8.780830095,29.36252149,0.0,22.51475897,34.47495837,0.0,18.55817888,14.46821637,35.01993218,11.00912301,1.895940263,0.0,1.444096076,72.93,0.8180952381,0.6137329932,0.04314058957,20.79042573,25.29917495,-4.041443852,-1.553313578,-0.0619121021,0.2079029875,-0.0663329461,2524.927034,3.78,0.00242,-5.68,23.420158458364394,1.3995408599482209,-0.0432650320985668,0.7157842831473272,846.9753543503482,61.595244290703995,108.53916679652079,0.5736744689702985,-0.15157522349962094,1.1537145532913005,0.15009445606148797,-4.153761147447712,11.737747151111774,99.09625614206769,-30.60662948871294,131.05685007523084,94.41613583374107,-134.49306512028113,0.12591729239049368,5.138831508073705,2.0267088700920737,4.043178433640504,-1.1657481059045587,-3.852741479082863,0.929843516868389,-2.0633088504381356,3.6123507140241697,1.6334171796288102,1.8074850346480003,3.630239270671999,13.521821304196354,0.07496565259873933,-0.049060123947362165,-3.466410135676548,5.077899714331851,-0.6982090702765503,-31.3989485042366,4.290204559782159,-14.98983282971705,10.799116973322215,0.8857250064028241,-5.130735357878985,-22.089747792461452,-80.67704300346222,-20.321976942384726,-14.02160201361474,-29.077590167368992,-30.910568618866247,-0.0818272225337992,215.58537329292824,1.5505547638756347,-89.20444719852354,79.71890952396089,-32.18933808162307,8.925088737401666,-108.65015524170036,72.00258468924834,-24.283171107057246,1.0293637849972588,0.4946203510720412,-1.872481267664325,17.936540670607805
4.821039433,2.953846154,2.394249513,2.440262843,146.4327135,154.0555887,156.2294845,157.4069102,156.5939366,46.83588466,-10.09398362,8.848700605,2.772872909,50.39199382,-0.01342839177,0.07618278179,0.03860514118,1.61561772,0.9490094055,0.9123744911,0.6043859649,1.017966174,0.8247991968,0.9126674766,0.9041516945,1.062197176,0.6649098063,1.212234452,0.98674189,1.159798776,0.9231515999,0.6607882871,0.9081300893,0.9129480585,0.8991088707,0.8635399839,1.129918689,1.010022727,1.217379077,1.078604923,0.9865035396,1.08985028,0.9260445303,0.939231614,1.079012138,0.183220843,0.06935744629,0.6998016078,0.0761440227,0.0,0.6725050447,0.0,0.0,0.0,5.432232248,0.0,0.0,0.0,2.190791814,0.4777777778,0.0,0.02222222222,0.776344086,0.0158781362,3.600219399,2.127701056,0.9533834908,28.84727671,4.736862954,0.0,30.33183534,37.06428237,4.736862954,25.71944957,0.0,11.25737949,41.17114351,11.28161936,18.50450328,0.0,67.322539,5.563451492,6.503998578,0.0,1.6827229,64.38,0.4170068027,0.3785076531,0.02527131783,131.0975158,25.22661253,-4.398098724,-1.534311961,-0.367143291,0.3026446117,-0.05553001206,1760.410372,1.54,0.143,-2.3,18.20294056274435,1.4324520792447806,-0.43569606802324334,0.8291752458092564,770.7162590071111,59.76901361337226,69.11485615081656,0.5659850090244247,0.18700678050186775,1.2867436088346456,0.32133553267293324,-2.5805494020021698,13.812351632996366,93.86056026827585,-9.3469615683845,119.8743034042632,64.75150450932269,-143.04091226300181,0.12302953117381143,5.643124793022539,1.8861162788711026,5.436771565724184,-1.5605038064587173,-3.843750398211082,1.5329631531077133,-1.4665346557944399,4.376758658019972,1.1520127843903738,1.7835324051871067,3.5525863763893497,13.448722968623667,0.08820691679498328,-0.05479487681705766,-3.6303934786982577,4.507286649384112,-0.45373150385975425,-23.503637533904985,1.031283090643276,-14.185405526767648,8.677260059075982,1.51576428361801,-4.655999583538962,-23.888444112094803,-270.9767770420815,-14.80908716032259,-12.862721607136738,-41.360478862446406,-26.97543884670091,-0.18095825585925251,177.75817032521738,1.8247499220779884,-92.71115959905953,61.103781585874735,-30.187028406141014,8.031024381002897,-144.35631718186852,57.31487323319339,-25.42063697356632,0.9835476243230499,1.0041254487740972,-1.0479663913044157,1.660555967017487
4.832039031,3.032520325,2.82893139,2.695365392,144.8518441,149.9881012,155.3636532,157.6931515,154.5679094,39.47919524,27.95488493,10.00411523,-8.141289438,50.36298046,0.03678436028,-0.09808841692,0.08083754567,0.9734439353,1.380123951,0.6461930756,0.6036328946,1.159431485,1.073288732,1.116942927,1.088137734,0.8244531911,0.8966165414,1.25262605,0.9471075015,0.4713705458,0.9958271232,0.9550015946,0.4150866558,0.8681259562,0.9195295294,0.7333420852,0.9046024589,0.9483155915,1.168977784,1.189421644,1.084104458,1.041194715,0.8686346981,0.9808866168,1.040606778,0.1853540001,0.09678598997,1.382938484,0.2224053718,0.01964185503,0.7099052407,0.0,5.152395327,22.8538944,6.203574971,0.0,0.0,-3.726252327,1.956776304,0.4822916667,0.03125,0.01770833333,0.7847619048,0.04544642857,3.46988882,2.284998682,1.269061574,34.67418752,10.05365156,0.0,12.13273414,10.58941147,13.15465994,9.967957042,5.138973738,22.88687966,18.38575403,10.02329115,13.8474744,11.37477255,28.32608003,12.13273414,3.942310562,-3.726252327,1.560052763,107.2,0.747755102,0.5451388889,0.03555555556,59.70582193,27.70344158,-6.23262373,-2.17389194,-0.6929963442,0.2609508786,-0.2832484972,1583.778718,1.72,0.00274,-6.0,26.263034517400232,1.4022872153120964,0.22683370130535996,0.7082032242089785,735.9466450972266,60.70696636090935,119.53614267162168,0.5766158166416735,-0.33992973338726523,1.3552235996823883,0.012132283636721475,-7.844897248690909,14.940368888287571,118.82910170512545,-41.484719307502566,145.9220355030937,138.7635472413504,-82.56329023702557,0.18549078859987045,5.007469967748684,1.9684013476096711,4.5841556957240615,-1.6676546820213574,-3.9518030199663015,1.3488889642419721,-2.2604902116545973,2.6177322421443843,2.1809730307894766,1.8352733079602177,3.8653901673019995,13.444149912882054,0.07702849877460607,-0.0403906924804365,-4.652678079638068,5.507599994779691,-1.154195606429954,-22.633329448425755,3.942559245595082,-17.244303551417964,10.621572366859056,2.2621981917898646,-4.42884201252567,-37.09466197327741,-314.0806000869416,-26.514058472801462,-4.387967319622075,-38.165185302786874,-35.02460133782984,-0.1064728532570759,285.55480885465283,1.5524091024248363,-86.59279089901695,78.16367012524908,-30.003816566064543,9.360402510670008,-112.75278305403678,63.54681575709414,-29.599163371171436,1.2472311581217863,0.6415659763044146,-2.1044160737303645,36.414212493235055
4.848683342,3.313559322,2.541629027,2.600173273,147.9609889,153.6858859,157.3723122,158.2847916,161.3962539,75.74556213,-19.08481262,12.75,-2.8125,50.24069857,-0.01507438131,-0.02037667222,0.08008636736,1.14525196,1.104223281,1.038133593,0.4858885136,1.134299115,1.036806387,0.9887735485,1.027397085,1.009299348,0.6275510204,1.099378882,1.140435835,0.7677770956,1.101451631,1.093347265,1.081734953,0.8419519833,0.8883641275,0.9966874993,0.920388143,0.818590741,1.202428832,1.170031011,0.9967102316,1.115373092,1.130021224,0.9392508828,1.026507014,0.1590730809,0.09303964791,0.877368674,0.06365387513,0.0,0.6841461785,0.9473948809,0.0,0.0,0.0,1.723645122,0.0,0.0,2.135101973,0.488172043,0.03225806452,0.01182795699,0.7686868687,0.0302378625,3.751632789,1.948806929,0.8084442311,29.27400652,10.30076712,5.425791397,18.20875424,23.62654039,0.0,25.38663948,4.992404733,11.38785599,32.55515263,6.544756406,13.08951281,5.687386275,46.02638289,4.895483476,2.559945921,0.0,1.551691863,83.3,0.614829932,0.5130385488,0.04176767677,31.87239538,28.83810036,-4.27403285,-1.305590239,-0.005907292768,0.4375679667,-0.2402819089,2480.208982,2.51,0.0132,-4.85,18.715654196833295,1.405575578781443,-0.30841583312784215,0.817069769026454,744.4895488897589,68.48936819242701,94.18354367761039,0.5939441677754265,-0.0735546359267826,1.05088761291414,-0.19140310895183243,-10.48938304270942,13.900954059210617,71.64489298427321,-57.89169014774236,108.33637816237112,76.43943681634207,-116.34802918497259,0.12239811397839165,5.6588702625186,1.6304399872458382,4.92405926930774,-1.2824675155573977,-4.52020023452375,1.6356727800262596,-2.1866596033366568,4.969361389495112,1.6430873386519262,2.106810718407356,3.9382223937800127,14.171934044689177,0.06602633215716291,-0.06445744663201389,-3.8428251913704106,4.815662304112262,-0.7755468327592284,-24.95705557578028,2.5715969089823334,-16.262330046109863,10.48003373583804,0.6972888237129974,-4.567642698626206,-23.964790699914467,-450.7858254641376,-19.123175418469287,-1.6203614006613272,-35.630726940590876,-31.966173687178138,-0.05157551067967311,213.04811755231788,1.7023026365598868,-87.82744201106429,74.7028122187749,-26.09936638641115,8.96237610481104,-111.85907315684257,82.08800473769432,-26.540269885766147,0.8157145421097611,0.693014599640174,-1.346366300248854,44.203403325793026
4.848957738,3.495145631,2.689671153,2.671920572,148.829875,154.0428157,159.3427908,160.0952576,161.423908,57.22153635,-25.06138546,9.715277778,-5.932291667,48.24675953,0.04257371511,-0.06369898415,-0.01242118056,1.166012637,0.9965119889,1.004129039,0.5092463032,1.134631669,1.056744435,1.003663173,1.105024224,1.023400634,0.6637198622,1.119086918,1.111491088,0.8298341201,1.107256873,1.098467501,1.032407196,0.8057494171,0.8696137268,1.097795047,0.915574141,0.866330618,1.250822375,1.212996507,0.9902942471,1.070346036,1.150244392,0.9060656806,1.048712911,0.1609121365,0.09440808459,0.8257433967,0.1108994343,0.0,0.6833808251,0.922731149,0.0,0.0,0.0,0.0,0.0,0.0,1.990643971,0.4838095238,0.03333333333,0.01619047619,0.7839285714,0.03226190476,3.773554151,1.81140835,0.834147917,31.11647891,10.30076712,5.425791397,35.8760612,34.33655998,0.0,25.38663948,4.992404733,11.38785599,26.29938345,6.544756406,13.08951281,5.687386275,46.02638289,6.338535363,2.467258137,0.0,1.540249265,83.3,0.5331972789,0.5538548753,0.0408994709,36.29417231,27.98519088,-3.310886543,-1.496468881,-0.2755620822,0.430755816,-0.2040060005,2276.262954,2.51,0.0106,-4.44,20.93982355869421,1.4222496643552902,-0.23297549119551086,0.7839555037162745,744.8481369332499,60.23810110727991,81.71885385821744,0.5818841731240098,0.005357328536618421,1.1668502758359593,-0.17939361495022532,-7.461834566528848,14.552512607266381,91.72828421526071,-38.92433325730013,126.79244999232412,95.53367873825123,-122.31536692226778,0.1381105839043028,5.4408760546857255,1.836039131791693,5.737610539825205,-1.6169376749924984,-4.367969595428652,1.6842871513003956,-1.8851934774742136,4.535389055228046,1.5341335601345365,1.9564759459525365,3.8259406213154765,13.801399607761319,0.08326180949085193,-0.05921035110576845,-4.212681560068746,4.728284256614531,-0.6454213902481544,-22.013721800043133,1.505572085034288,-15.60033391086004,9.717003785870803,1.162392609825808,-4.569991255517886,-34.360191578771236,-364.26085968153643,-19.16138910562956,-8.235232781805458,-41.40989452124758,-31.570491455349437,-0.1352537400179431,217.483395136888,1.7194606855893881,-89.38124353681307,72.2347725749816,-27.901459006729905,8.81902365802734,-125.50797064041802,73.31533595022304,-27.081525444343516,1.0346758917630154,0.800877901536349,-1.3631440832703885,29.690567697670947
4.945982674,3.30075188,2.445249597,2.30734127,147.5978611,157.8321886,157.1610552,160.7924871,161.2686912,95.75510204,-134.0714286,17.59183673,-23.42091837,50.93265931,-0.09325959212,0.07908645055,-0.2040327227,1.635793006,1.101169241,1.092100555,0.4872254059,0.9891450263,0.9209003747,1.128760745,1.149116523,1.230211318,0.6028183716,1.086986778,1.045489507,0.8086185044,1.092232767,0.9377631241,1.183776933,0.9924155931,0.7696552482,1.028415375,0.8508560912,1.148701918,1.418977275,1.047773367,1.078228218,0.8969788832,1.176815358,1.135099677,1.091952783,0.1662440571,0.05993567359,1.067258904,0.1288113406,0.0,0.6888187153,0.0,0.0,0.0,0.0,0.0,0.0,0.0,2.251293462,0.48,0.0,0.02,0.78,0.0,3.491860676,2.315494246,0.9627883386,27.46169931,9.467009379,5.098681808,18.20875424,35.29333391,0.0,29.21545116,0.0,22.51475897,49.85555154,13.08951281,6.9237372,0.0,70.99110724,0.0,4.838045859,4.220524565,1.659158216,51.77,0.8187301587,0.6345663265,0.03414251208,3.860452175,25.76288881,-2.833120026,-1.712049124,-0.3516320659,0.3456944555,-0.1783070703,2137.502982,2.3,0.0144,-3.99,8.992729645337466,1.3995866386512277,-0.9565646459149104,0.9579760179486217,802.0896202358381,74.311450263194,57.00815802897678,0.5993627245108466,0.25830486160446386,1.0240947985696918,-0.024803957965879198,-8.576252504459255,12.118033219420903,47.868057012543744,-44.05456471341493,77.60806243889283,-24.085896055530416,-148.93400092306385,0.0764605171991965,6.441930832458,1.4203322022155374,4.6984921935865085,-0.90744961029277,-4.6253551331221265,1.7185161173350627,-1.627211058464137,6.915325518673225,0.9600435373129163,2.080167521621266,3.7426375633310762,14.051118488075335,0.06481893224871309,-0.07697314876482025,-2.9361547319039905,4.577910092367933,-0.3453438231401213,-29.782175629665723,2.226912567439608,-14.100101778043076,9.743290253556168,-0.4373250526143732,-4.615755302005153,-14.664031143519525,-592.8290343432449,-12.541025169561111,-3.6791170443307317,-35.498459359344636,-25.425411620605395,0.006832894896569757,153.90465103162657,1.8241799419570066,-88.79416640236049,64.41635735466025,-26.505896975148364,7.89991052946655,-131.69763062659683,72.68990601330907,-21.36026568597679,0.45479499547841096,0.7127676673629038,-0.7708960996215697,36.812843855300244
4.942378428,3.226027397,2.301198257,2.331757289,146.2472804,155.0665108,160.0276797,159.9665408,160.4586872,93.66565886,-42.11413454,14.48652053,-5.41723356,50.61721457,0.01987775498,0.1411001885,-0.04150680153,1.385687364,1.201758997,1.075495661,0.4998098034,1.102617453,1.167587636,0.951149575,0.9101594863,1.057963164,0.6592034203,0.9870040283,1.059541571,1.02202004,1.170926028,1.211932411,0.9964098172,0.9885089361,0.9218194606,1.03738592,0.9557179295,1.014957504,1.341906357,1.169470853,0.9743470307,0.950950482,1.16071508,1.019900356,1.041049839,0.1456046687,0.06484728411,0.8190725202,0.1288113406,0.0,0.6737412396,0.0,0.0,0.0,11.54632504,0.0,0.0,0.0,2.176777181,0.4754901961,0.0,0.02450980392,0.8039215686,0.0,3.523004188,2.454275736,1.022323364,30.02085899,14.04082556,5.098681808,18.20875424,41.90021587,9.473725908,24.31554143,0.0,22.51475897,43.81933209,22.56323872,6.9237372,0.0,83.89487604,6.420821623,5.186592111,0.0,1.669179994,66.99,0.7340136054,0.5217191043,0.03283333333,17.84970761,28.28447932,-5.251998152,-1.940031414,-0.2424870751,0.3372714553,-0.08202178319,2336.466524,2.52,0.00361,-5.02,10.220359776892986,1.4342540287692231,-0.8245724224779658,0.9648196552705615,746.749241907618,78.23975707429383,66.25989403602829,0.6156255695877761,0.1113228599298077,1.1756267436557468,0.1653938398683924,-12.497404224736204,12.815848987171114,47.36471395404972,-51.724095023078284,88.32744531673785,0.8571687498061529,-109.77923710904521,0.10481008946823306,6.59477110192947,1.2728869219416543,4.966334413094652,-1.0845319352088905,-4.830476263269043,2.121843960781791,-1.8210459722083616,6.241167152436292,1.0975866700278334,2.1138731708391596,3.922671210742741,14.46270560018507,0.03790230430859717,-0.08310304291067272,-3.484678175241232,4.559846651195069,-0.5311481323798035,-23.813858602303966,1.6892788741768578,-15.962755813262278,9.457159529305253,0.170590894310699,-4.558110021788962,-23.021794125779763,-646.9826601739003,-15.698310820986588,3.826738211451886,-40.803293630041054,-25.78826685734039,-0.03776501696704133,193.0098817043395,1.79487625335143,-93.97443072141144,64.8511729172356,-25.109609002457077,8.312377512658434,-138.14982351008615,70.84852209108863,-22.97282865388979,0.10162098716367879,0.8764097996518878,-1.0128404466100132,48.983828171961996
4.929552615,3.780487805,2.585518102,2.42440225,146.6934932,151.7346049,156.4534982,154.8694075,157.2106152,54.62984878,-45.90664037,10.82117028,-16.59434583,48.68718614,-0.1814485991,0.1143808457,-0.1888823613,1.145238383,1.034833562,0.9778018234,0.453322684,1.119566292,1.047057063,1.139602858,1.113357116,1.084651032,0.5582902205,1.000269978,1.200323974,0.811582298,1.148448627,0.9849907897,1.247896255,0.8087763166,0.8306297425,0.9908930956,0.987697696,1.10844714,1.134124049,1.171483515,0.9641591692,1.046496374,1.131839,0.978669644,1.071483421,0.2097399158,0.1019598315,0.6673631067,0.1044262599,0.0,0.6706519733,0.0,0.0,0.0,0.0,0.0,0.0,0.0,2.114904573,0.4791666667,0.0,0.02083333333,0.764,0.01933333333,3.547185554,1.738216665,0.6770864604,25.00643644,4.983978521,5.098681808,18.20875424,35.29333391,0.0,24.73242031,0.0,22.51475897,24.73242031,6.544756406,6.9237372,0.0,51.4807728,0.0,2.806967831,0.0,1.676679689,59.39,0.5689795918,0.3315972222,0.03904320988,41.20627215,21.23321958,-3.052922224,-1.151841564,-0.2127517232,0.3868126365,-0.2556954959,1782.335708,2.02,0.0234,-3.86,15.383016793594216,1.3576421221111965,-0.6051329376016348,0.8207881064010637,731.1870940782364,55.214882294371165,51.12812272346749,0.5662012464095213,0.24661177042328142,1.1474796325526377,0.16502402830048213,-3.993609655647333,13.181507308348214,87.63616411291792,-22.377201580610265,94.81317562020288,26.385956283271906,-149.08044604240453,0.11290091627078866,5.540876122364102,1.8723616395425897,5.497869240913559,-1.3393350487244549,-3.8169216765382012,1.4862899193140366,-1.105496593709598,4.642134273983721,0.6414597677705294,1.5894503314199189,3.334726650335834,12.75676127478369,0.08193154920511019,-0.06156145853061463,-3.625806467710864,4.468647230545988,-0.38721313188955203,-25.963064889013154,0.80930310131393,-13.429437381212313,8.401702101595022,0.7638752452266895,-4.122195295885327,-32.23179537923803,-323.0738523876875,-15.812979028895263,-12.042461351880885,-41.03873298995672,-26.314012483724877,-0.13719425758014828,170.10013741040038,1.8152254821579885,-85.31205301894578,60.22852374701326,-27.835043421563842,7.502783276100031,-137.36796006845196,62.472035700066115,-22.847078118210064,0.8029251980167709,0.8102684165110655,-1.0684688714535981,7.058460505183639
4.864588,3.202380952,3.14172163,3.324057208,144.775219,147.1915212,155.8267923,158.771623,157.4010174,20.81425475,46.83666529,6.147928994,4.351742275,47.09045049,0.0360866479,-0.1164609041,0.06598173248,0.7765750213,1.212874598,0.7863925804,0.5499137854,1.008740849,1.076988932,0.9183002771,1.024197882,0.8072723091,0.7240049367,1.139701551,0.9526380747,0.6167583804,0.952594945,1.027062828,0.7314889713,0.7143467684,0.9105186018,0.987686915,0.995896079,0.9632520521,0.9203991109,1.116963593,1.108215123,0.9821725007,0.9704861299,0.9065594642,0.8693869923,0.2637362504,0.1524323098,0.727356777,0.08469947665,0.0,0.6959864369,0.0,0.0,0.0,0.0,0.0,0.0,0.0,1.819003949,0.4820512821,0.07692307692,0.01794871795,0.805952381,0.03891941392,3.424297788,1.861104431,0.7315211542,28.6523244,10.423316,0.0,17.66730696,22.2842392,9.496942443,9.967957042,0.0,17.00689132,15.07448444,0.0,5.817220841,15.7651876,0.0,18.19910121,0.0,0.0,1.625955818,58.04,0.386122449,0.2864583333,0.03749287749,78.43899978,22.01041359,-4.02754587,-1.308588109,-0.4286383181,0.4802769356,-0.240679363,951.9338672,3.26,0.00116,-5.65,25.019488004133006,1.370039347029298,-0.026689232466389434,0.6434217723846897,837.6849521331218,42.47506329232048,75.89331611950789,0.5375251953506357,0.060203492825983716,1.3336242479427047,0.22134279893202857,6.608447455409333,10.84385087795227,133.5843833005313,11.85851537704658,145.56797039948904,103.36306838176057,-133.03356952890172,0.14529877128299593,4.3929583963274235,2.392411942813095,5.002795070489733,-1.551267139719208,-3.2832658356876054,1.001226985883859,-1.1072710871038045,2.742559623698027,0.9219506435150138,1.2565473916509768,3.1178418928003593,12.09859957316575,0.0907128017016284,-0.04130538607259276,-3.937222281475066,4.687801906043842,-0.4089195176670647,-24.47285857436382,2.7718488756852384,-13.125101108017919,8.610025581208522,1.4084908360388626,-4.866274388001727,-42.73444094183508,101.9902563950752,-18.916706474815776,-27.465197783723077,-37.573371406063124,-25.685814056240652,-0.24049855957737745,211.4909271695648,1.6217884634954398,-85.03430124697755,72.38299036651604,-34.40298758563548,7.821251947594398,-133.6909930954258,47.883492019350484,-21.009794117104775,1.1068117884342006,0.6121970538351728,-1.6659964501505757,-6.530388203983698
4.859076679,3.455357143,3.03894081,2.917866941,149.9215863,153.2231385,156.0873279,156.7402181,159.811369,61.56200607,13.88222479,10.8792772,-10.59207997,46.90235383,0.04857823646,-0.08990521132,0.06739460723,0.8132428522,0.992438935,0.6330643064,0.4712530987,1.122740841,1.001590804,1.038395451,1.033784504,0.9177407739,0.6951708023,1.152706687,1.038069374,0.5108919971,0.9676971736,1.006810245,0.4895083172,0.7696251407,0.8483334008,0.9767755275,0.9580830047,1.165863699,1.100146157,1.182124876,1.020155448,1.12448727,1.095328816,0.9975627089,1.054195681,0.140427677,0.09533335505,0.9407809356,0.1245317625,0.0,0.6954248033,-0.1191489073,5.309393804,11.30015538,0.0,0.0,0.0,0.0,1.945794737,0.4808080808,0.01515151515,0.01919191919,0.7842592593,0.04402356902,3.793728528,1.878696814,0.7310629905,29.89809159,11.05045608,10.19736362,6.066367068,5.693927995,4.794537184,29.36252149,5.733667477,22.51475897,40.3821381,0.0,6.9237372,5.687386275,28.16193619,6.327320075,1.934878506,0.0,1.464208038,116.02,0.734829932,0.7387329932,0.044138322,128.4215519,30.06621847,-4.158371024,-1.377038032,-0.299926762,0.3267209139,-0.3304276365,2624.044637,2.01,0.0183,-5.21,28.315570361683314,1.454191387561731,0.4916004125043556,0.7011538382777742,710.1974740844896,71.56712441874005,133.00903499987268,0.5881941414557179,-0.34463721400934016,1.190923229351089,-0.4680797832075978,-13.127171877600418,16.372005340394992,92.33941897050285,-68.4330882555237,136.0499294663867,164.3106176403275,-67.85652886206248,0.17444470162658712,5.004675506663367,1.7314588300183864,4.172744146769725,-1.7034427891806043,-4.299281452330372,1.3390437606057157,-2.9746577261663996,3.934277321916123,3.0897311438048782,2.405631364407373,4.3048421733237925,14.80279701252312,0.08774485560449756,-0.03748060164842231,-4.512524892876968,5.325565627809979,-1.36404275873936,-20.26174690060993,2.2372767336538333,-16.830909642881046,11.612438670364513,2.674154987181245,-5.420676497631533,-15.654789406321472,-435.1416275825627,-22.545909021365418,3.701373308849292,-25.23854737775153,-39.48897661193801,-0.015514370661523938,264.2195537989174,1.6534531933512246,-84.20537623142408,79.34039684635653,-27.014358970617508,10.25815919833358,-85.76214159449968,78.98563857101254,-34.00728305824872,1.4833823570803992,0.7944849255413696,-1.5746822774109313,51.58656747635489
4.824033268,3.034782609,3.005393743,2.876068376,147.1820149,153.4795538,155.7123705,156.9596397,157.6497143,49.33564014,-19.85813149,11.08304498,-0.9134948097,48.91808,0.04176275362,0.0340408739,-0.04858408434,1.273009574,0.8510924523,0.9485205852,0.5452365016,0.9846160342,1.047161619,0.8751369113,0.9805971459,1.024096386,0.6268436578,1.079168343,0.9484417083,0.8017522325,0.9048572102,1.364320662,0.6045779587,0.8870558559,0.8786172393,0.8809349247,1.068306732,1.015685971,1.1614955,1.060724935,0.9995415387,1.149799635,0.9614227774,0.950632126,1.118169519,0.1606839127,0.10528379,0.5582009643,0.09315436814,0.0,0.6920312592,-0.1261945102,0.0,12.15042233,4.949871137,0.0,0.0,0.0,2.004919144,0.4722222222,0.0,0.02777777778,0.7854166667,0.03236111111,3.609673195,2.062752147,0.809494363,28.73446707,10.05365156,5.098681808,18.19910121,17.99473795,9.531400138,25.48210926,0.0,33.77213846,46.3339363,4.736862954,0.0,0.0,33.77213846,0.0,0.9573687972,1.602107478,1.600638701,92.79,0.4806802721,0.3420493197,0.02398989899,120.9183069,26.65185095,-3.348389093,-1.299248066,-0.1422831748,0.2972729381,-0.337707163,1359.879051,0.95,0.0734,-3.77,24.730580821948323,1.4761493918941668,0.08241849531448087,0.7652269550384373,730.5200780772708,65.50631101799908,104.73049973967417,0.5773934026910454,-0.09070042958003255,1.3455586360249037,-0.0766507124018565,-7.44335385105626,15.890119314688084,87.88401056924317,-27.36452721530801,143.9367677206967,130.75996435152828,-99.38344597031289,0.15872459554886417,5.303825430726847,1.7354099198106785,4.606124976125539,-1.6523518413274059,-3.9068011810807537,1.4101612057726554,-2.31864102094931,3.533897648750499,2.398815060762327,2.180649019257562,3.941052981920569,14.416035636123315,0.09108830841225887,-0.03853953179319178,-4.0711577058494255,4.834285540471641,-0.9245469665298565,-19.828487221081005,0.8115280215716523,-15.378385799243642,10.086589979570736,2.599596841843509,-5.202302622539424,-19.37059331228864,-295.3348549743689,-18.6235878301028,-3.85457732690329,-32.78099354864008,-33.39787755474947,-0.0824936772151235,224.19444830649036,1.7739015810201315,-84.58745549168626,68.76662210435877,-29.54672694367395,9.257702584035748,-107.99965807111583,64.97026710578902,-31.1718780658223,1.2528046302980602,1.0934498743063763,-1.2528831605994286,16.218294914959692
4.849116668,3.283333333,2.564246914,2.661155203,147.9609889,153.6858859,157.3442561,157.7077439,161.6377542,76.74556213,-56.00460224,13.75,-1.9375,50.24069857,0.05878208115,0.04017452146,-0.1093473555,1.174959601,1.020395464,1.186186566,0.4810350213,1.158207059,1.072603217,0.9047576196,1.059640339,1.112932764,0.5969387755,1.080745342,1.05,0.7813184696,1.097053819,1.056067791,0.9661400282,0.8419519833,0.8883641275,1.089909807,0.8544840436,0.7841151186,1.202428832,1.170031011,1.012033715,1.127195336,1.14152256,0.8774295087,0.9531486201,0.1566820121,0.09185342235,0.8388566744,0.1146849114,0.0,0.6841461785,0.947518529,0.0,0.0,0.0,1.71746793,0.0,0.0,2.107141054,0.488172043,0.03225806452,0.01182795699,0.7686868687,0.0302378625,3.751632789,1.948806929,0.8614228369,30.72059456,10.30076712,5.425791397,24.27512131,23.62654039,0.0,25.38663948,4.992404733,11.38785599,32.55515263,6.544756406,13.08951281,5.687386275,46.02638289,4.895483476,2.56029826,0.0,1.551484447,83.3,0.5331972789,0.5538548753,0.0390617284,20.34371107,29.21401461,-4.352685478,-1.739690349,-0.01357394355,0.4967982155,-0.2431900401,2334.442946,2.51,0.0132,-4.85,18.626862863186055,1.4058299293636938,-0.3069736457244261,0.8174177134948579,744.0264166669918,68.64878855200207,94.31141307077779,0.5943059134258142,-0.0760801099739798,1.0435210955456042,-0.18142070832286983,-10.666906444608827,13.872403181909585,70.7531189087318,-58.91802892002249,107.65028184534583,75.0177405132021,-116.25902657256077,0.12173137379587881,5.685444104700402,1.626946616314372,4.899298670893583,-1.2787141512349414,-4.548420948523324,1.6297777476394764,-2.1930041593862883,5.021186771729402,1.6435737598699278,2.111930294341755,3.9416167549350094,14.174674652703601,0.06555231137693335,-0.06481461107693823,-3.8212571799996637,4.810102668779082,-0.7681711357329641,-25.080325161382333,2.6376206556712467,-16.29800481889253,10.511017987201875,0.65130698642315,-4.559313302604926,-23.50060366786029,-450.9994459109789,-19.14054234568913,-1.308370585072212,-35.64620056168313,-32.086622865104694,-0.04831428823187072,212.9501245577106,1.7009219723957283,-87.85319334900733,74.73574315060682,-25.961783601542493,8.981780851271118,-111.50591967492984,82.74953143026313,-26.515003638599353,0.8150037306893936,0.6843223779505943,-1.3381951377264207,45.656775586749404
4.852763733,3.369747899,2.819333333,2.881018519,145.7399843,151.6176975,157.2517157,158.6214866,159.0802236,65.85938056,-52.67141331,11.41046636,-7.743681025,48.7992792,-0.08789543262,-0.04911403994,0.08541488505,1.191630292,0.8516917766,0.9522513535,0.4849390068,1.043200668,1.083811977,0.9866575168,1.066937327,1.074240463,0.6426382412,1.083304464,1.165312201,0.6428460608,0.7215789145,1.059323526,0.9117261125,0.8535014844,0.894064931,1.028010687,0.9930206748,0.9284735004,1.181960564,1.120570244,0.9958436832,1.149643081,1.153994611,0.979682613,0.9246652909,0.1656998431,0.08431228547,0.7211465865,0.06263564417,0.0,0.6848636974,0.0,0.0,0.0,11.0125403,0.0,0.0,0.0,2.018617256,0.4739583333,0.015625,0.02604166667,0.7803921569,0.0300245098,3.709658437,2.018262017,0.9429088387,31.0661429,19.77449303,5.261891555,19.05647134,35.25921319,9.473725908,14.95193556,0.0,40.21348046,21.74487787,12.96557803,11.33111287,5.687386275,52.0212877,0.0,2.783400981,0.0,1.640540121,95.85,0.614829932,0.5538548753,0.04082125604,155.2055286,30.53157844,-3.154877816,-1.840477807,-0.5391049505,0.4722204238,-0.3878206079,3260.296642,1.5,0.00229,-5.95,20.04131676394078,1.4534522522527675,-0.21085660500573522,0.8246429864490054,697.8962221327225,65.65541778244055,87.12803831093025,0.6035438048682508,-0.12058209967183124,1.3459769776620016,-0.037745885369436794,-11.711442416777412,15.047142350519591,80.37815332720274,-45.29073352152397,134.5051491300871,93.50840586178059,-75.51287735891964,0.16587150142806564,5.819536247710605,1.5961194952205218,5.506464838069229,-1.622269512904413,-4.670539057960454,2.1001956837525793,-2.0599217035761237,4.377219302457326,1.5979959144884728,2.008594961676489,4.017274596130641,14.175426581198916,0.049638383964517016,-0.06681017887814669,-4.618834831024545,4.873612320511237,-0.844041226820316,-16.439031840574184,0.7852206254010645,-17.38742073962262,9.607836519005735,1.3670222548724196,-4.38904398643874,-45.43957201330281,-485.1292010156104,-23.46633071424107,2.8001635963366964,-44.60592988286914,-32.07291989170743,-0.09788146109410364,265.17709566331126,1.6917657981987257,-89.28236228061354,73.83400329448406,-26.20821117825704,9.025659649822783,-125.5049759685856,69.73442094946928,-27.44665845129778,0.5526494022888497,0.9211015232612183,-1.4857657868945005,45.990148047787386
4.849748974,3.255813953,2.519444444,2.7,147.1267119,155.4926101,153.8604697,154.7423056,160.5518811,82.06887052,3.831037649,17.56826446,6.114049587,49.5433796,-0.08323872643,0.2263720605,0.02008862009,1.327952892,0.9690716316,0.9042829602,0.5032986119,1.046754328,1.188428787,0.8343994904,0.7392863864,0.918081473,0.5502299156,0.9868649161,1.038885702,1.102670439,0.9181392224,1.130769684,1.02427245,0.8848085675,0.720369697,1.119548288,1.050322085,1.146020669,1.246454741,0.9825257012,1.083243039,1.223509617,1.115057542,0.9748046223,1.041018816,0.1700935143,0.07625739634,0.9503966762,0.1474660367,0.0,0.6904812668,0.9961268768,0.0,0.0,10.98224063,0.0,1.571304065,0.0,2.004500121,0.4818181818,0.04545454545,0.01818181818,0.8117647059,0.01550802139,3.817215782,1.964143932,0.950266591,32.34373128,14.79051451,5.425791397,35.61190719,24.79067027,9.473725908,20.40266096,4.992404733,22.88687966,35.53500001,6.544756406,13.08951281,5.13155848,44.39282129,0.0,2.515238238,3.277664584,1.516857384,85.97,0.614829932,0.5538548753,0.0405664488,51.01493161,27.34525962,-4.56770909,-1.563893355,-0.261842053,0.2409274504,0.09389796053,2428.673969,2.2,0.00456,-5.61,17.234283022233228,1.4517273341997305,-0.38134612334543116,0.8725189964281356,736.1865083656955,74.09695547022794,97.7173004561201,0.6107410498049927,-0.08429937664360719,1.2290868101026171,0.0905952763964466,-13.623178733198845,14.224507097206578,63.10907491287541,-55.62694532527027,114.44389650288085,64.1819415461972,-90.721917317084,0.1388023266990358,6.184732815578459,1.479470547776308,4.560675377949911,-1.240983481011825,-4.699116117821772,1.8948052519866962,-2.329317428520093,5.137120106513231,1.70399085454719,2.1509308097212574,4.060755456652685,14.591954649721563,0.04108724678851637,-0.06982348625797147,-3.9323188768401067,4.885896507204292,-0.832985904982327,-22.142441638107805,2.0008332387313086,-17.54336412214608,10.288760535229686,0.7030661121889452,-4.522958725805907,-26.91122647022368,-510.4797131385101,-21.346983641872892,4.645543085703646,-38.36995636257812,-31.761978083600294,-0.03858623492567768,239.11637556914562,1.7004390339708417,-91.40715696808175,73.89360213246734,-26.24281377660868,9.026929526183192,-121.60108546876558,77.52413002973105,-26.746906493357322,0.4248378558542439,0.8173505855311668,-1.3824277471714197,47.088367818647725
4.797866366,3.414285714,2.847457627,2.833333333,150.0679784,153.9194824,159.3868522,155.9591169,162.4927314,29.15570934,16.01384083,6.211072664,-0.339100346,45.70914731,-0.06332288401,0.1633156387,0.1832896168,1.226162554,0.9584354375,0.9076725832,0.5180527014,1.089809913,1.003955125,1.040182868,0.8854137779,0.9641825932,0.5791103604,1.041127874,1.071354167,1.033672035,0.9545454545,0.8673197492,1.050470219,0.8034947067,0.9247869939,0.9921028173,1.016326401,1.067674364,1.114878099,1.242668863,0.9090941507,1.234467219,1.094298239,0.83990913,1.122448978,0.182185791,0.1212804598,0.3914235927,0.06953456841,0.0,0.6717186416,0.0,0.0,0.0,0.0,0.0,0.0,0.0,1.976481481,0.4727272727,0.0,0.02727272727,0.7869565217,0.02213438735,3.136921362,1.95054148,0.7136665443,25.94615458,0.0,10.19736362,6.066367068,5.693927995,0.0,29.9458054,0.0,28.33262175,29.9458054,0.0,0.0,0.0,28.33262175,0.0,0.0,0.0,1.526241476,72.28,0.2087528345,0.1927437642,0.02385416667,56.12759645,20.79991367,-2.494540355,-1.096020032,-0.0157224321,0.5093656477,-0.3064979401,921.8420309,1.07,0.166,-2.83,24.173168763774935,1.3915039831282077,-0.13120196694845143,0.7221556970935165,763.597449085237,51.02917596992707,87.616985665092,0.5453328707314006,0.06900381490080423,1.3367938623092341,0.4148913584717089,-1.770370852804696,14.806921001813754,117.5041695210467,-7.905386963222829,123.29375376747899,80.32796689945732,-149.45932305569247,0.1513831991970016,4.865691197862073,2.1590775266733635,4.402227889688062,-1.5633596717554679,-3.082140944381136,0.660190215169566,-1.4899315379354299,1.79623578093117,1.3421783790756083,1.463674362222184,3.28135578305763,12.76022357288209,0.10016341748662197,-0.03344355362351648,-3.798908359283691,4.949595405222372,-0.701065139549131,-30.691175664616466,1.2983207630274658,-12.999034601098028,9.17539487376337,2.2384924024535424,-4.529028477311069,-26.677990223898632,-30.460650702825504,-20.12945617269315,-16.248965238911847,-33.36452194658958,-30.834018238068193,-0.11771881341076824,200.0137628575968,1.708665501351895,-80.43503708625602,62.63204564680932,-33.14415219215926,7.997626279653792,-119.42737115751876,56.977380364146065,-27.557090745586898,1.2019834415913926,0.9103468359757094,-1.5617725131217504,-20.10620284628674
4.847452889,3.530612245,2.572892852,2.180371503,143.1073484,148.5630816,156.2282466,159.4922955,152.0573617,58.83544582,-20.63533608,9.197530864,-15.66666667,52.6718837,0.1072929272,-0.07268125226,-0.006720706816,0.9161994799,1.019279271,0.5987414776,0.4776343016,1.132702586,1.083286102,1.190040756,1.126390836,0.8920549413,0.7111836735,1.114325581,1.107183673,0.6185304277,1.262830874,1.145185725,0.5796535401,0.799338894,0.9009137659,0.7666573462,1.080293227,1.167652913,1.064889858,1.154575111,0.998971234,1.017156935,0.9309585878,1.067321304,1.019620465,0.1884912493,0.09272645569,1.020040897,0.1433457877,0.0,0.6807446078,0.3652299085,0.0,11.61305256,0.0,0.0,3.260796266,0.0,2.16533074,0.5037037037,0.0,0.0,0.7892857143,0.01812169312,3.888764974,1.603088122,0.7002172223,31.8231755,4.983978521,0.0,6.066367068,21.4210879,4.794537184,19.93591408,0.0,21.95893118,25.71915903,4.794537184,6.9237372,0.0,56.53552755,0.0,2.003334106,0.0,1.570395305,71.53,0.5764172336,0.4175878685,0.03962962963,6.809623619,28.07042095,-4.266136945,-1.042451766,-0.1742769619,-0.03938169315,0.3845302451,2877.676418,1.74,0.00547,-5.94,17.716815960688187,1.3415603718708051,-0.4629605859301831,0.8124831205479108,715.1449179971138,61.26390049812374,68.87560385682876,0.568354595028435,-0.02018590710101462,1.1253134155177151,0.10809772064646372,-7.231586107755346,12.736732372114995,83.86360544602579,-38.39725912072036,97.5354032656914,51.221590002818076,-131.09733086362505,0.11846999649691387,5.270585821298179,1.8016106331200772,5.051543068218545,-1.3126477417702977,-3.724185144266647,1.3380906495294234,-1.454618832100909,3.756702842137638,1.1132265959800027,1.7572807205001153,3.4790404637197723,12.940417289896732,0.0785443615200586,-0.05378122173394089,-3.775435574526323,4.705675166381221,-0.6332821327034861,-26.756950227384877,2.3071803755318983,-14.179798759679512,9.340106905227294,1.2774131964298647,-4.130026570907316,-30.405393397113556,-355.28355113986913,-17.97994602567526,-6.022931809732108,-36.60779047528932,-27.30744673155776,-0.07015597319102704,188.09787564865306,1.755103233040248,-84.77733370372594,63.32118580928159,-27.016299569947744,8.016480236367185,-120.65215563793382,66.91004361625255,-23.825185634414854,0.8660760010172236,0.839281692152014,-1.2429650059267154,19.319000522485986
4.824530955,3.7,2.368285101,2.052408618,143.8726478,149.5000864,154.5685514,152.9375133,154.1866516,49.35047444,30.98836853,9.917355372,-7.950413223,51.8213122,-0.1776278867,-0.08011290272,0.09433505833,0.9990935483,1.295347656,0.4239261481,0.4843804974,1.249672509,0.980423144,1.258661257,1.095207972,0.7689507446,0.5951690821,1.024613117,1.237101449,0.8161906091,1.361337442,0.8285287195,1.307866288,0.7366999171,0.7415862613,0.9572247846,1.321295438,0.9111080556,1.055363266,1.115515568,0.8787143251,1.08998115,1.108303255,0.9649527905,0.9901672174,0.2364748214,0.1161568039,0.8208949336,0.1110709264,0.0,0.6855703213,0.0,0.0,0.0,0.0,0.0,3.277053125,0.0,2.156663832,0.5126984127,0.0,0.0,0.7787878788,0.0227994228,3.752600468,1.291793651,0.6746867426,29.96628288,4.983978521,0.0,6.066367068,21.4210879,0.0,19.93591408,0.0,21.95893118,19.93591408,0.0,13.8474744,0.0,38.99396439,4.699919916,3.973463276,0.0,1.499561742,54.46,0.5258956916,0.2395833333,0.04252873563,22.4351938,22.38909565,-4.565095883,-0.4387439456,-0.2175322567,0.1221352753,0.1041704129,1363.706046,1.45,0.00697,-5.73,15.265006033845332,1.3163081350045345,-0.7438457049907687,0.8333588768479816,739.5866833392936,55.30930148812816,50.94050465716387,0.5576390200904797,0.15176771828538227,1.1803478327408832,0.37460450291102987,-2.6765835893393284,11.819467565769605,93.6774865691762,-16.442009894162553,87.83228717292258,14.392330504715634,-148.12953680766412,0.11417573710598736,5.205485244065653,1.998673501394454,5.068074436801408,-1.2204017534118208,-3.3592483733584144,1.2162803555370238,-0.8832175946758856,3.449206022685818,0.3543202967556123,1.364118140015592,3.135054554343327,12.19102025358453,0.07690241968119688,-0.05589939621544133,-3.672471324976175,4.650595151681389,-0.44682615069281495,-29.380816505049616,2.1450614085611726,-13.04552955550368,8.446421425912048,1.0131054964969646,-3.9139642058837367,-39.97975087773632,-223.41304386114933,-17.701900435028435,-12.516309338497322,-39.0466636697912,-23.573248657542063,-0.11014832546759386,174.99165114938867,1.763013836941071,-83.37113841039769,59.64341701682199,-28.842191286648248,7.066995603961322,-137.9319747464209,56.481361733919925,-20.585423076752516,0.6390263314573225,0.8401125025567951,-1.2509886853576626,-4.317202174315632
4.848604167,3.390909091,2.801690821,2.878185525,145.817401,151.454821,156.37978,158.4971748,159.5717647,56.6336,-31.4544,9.9336,-8.894,48.00479604,0.03947820925,-0.09407240204,-0.02998873392,1.193766716,0.8665076443,0.9730941466,0.4979332692,1.103095554,1.044833316,0.9733196061,1.108686691,1.028422971,0.6667444211,1.146201083,1.137795025,0.639184295,0.763072638,1.028728037,0.603465499,0.8296626622,0.8657354966,1.006796422,0.9415522302,0.9762147202,1.169962633,1.106385139,1.006789333,1.146620997,1.171247205,0.9506436683,1.054031506,0.1689938919,0.08598838109,0.7589589384,0.06263564417,0.0,0.6841461785,0.0,0.0,0.0,10.98149734,0.0,0.0,0.0,1.982741402,0.4731182796,0.01612903226,0.02688172043,0.7828282828,0.0311502118,3.682055263,1.961800927,0.919483369,30.3948269,19.77449303,5.261891555,6.066367068,35.25921319,9.473725908,14.95193556,0.0,40.21348046,21.74487787,6.544756406,18.25485007,5.687386275,45.60046608,0.0,2.688647868,0.0,1.629104529,95.85,0.5723809524,0.5755385488,0.04273901809,151.4360865,30.81824387,-2.924066127,-1.877329191,-0.5710128707,0.4713133612,-0.4117141428,2576.189981,1.29,0.00417,-5.51,21.639359743643286,1.4629412089904295,-0.12168967799057606,0.7986220104404538,702.1925277858945,62.1366133773217,86.24380154260454,0.5946767220707312,-0.1062709758383837,1.4040109752706544,-0.02452176056487687,-9.70179792866182,15.392213986484899,89.07113964861095,-35.510299194272335,142.39000766553826,103.73403894351661,-78.43257648482516,0.17378292494275194,5.655995759739964,1.7049444015713142,5.637723496327205,-1.7648474846987408,-4.486997982767327,2.013633815665938,-1.9736490523956745,3.9061158658822697,1.6067724239034842,1.9485955948270695,3.9553316791747744,13.9879161765871,0.05799551340791293,-0.06141870765713366,-4.728203891540742,4.882904079512773,-0.8257649765348026,-15.704333710678164,0.45965383497691836,-16.99622522593655,9.398390261966394,1.670352842060697,-4.495338731425379,-46.78725043548082,-420.8826571919892,-23.40025291554001,-0.2265685856272741,-45.41245866403217,-32.332641563958425,-0.12464288097561145,266.5846560243586,1.6993281547583003,-89.63612477289266,72.75046410387974,-27.370191401852306,8.98227514976173,-129.3254603204906,65.36815154347082,-28.085567591938215,0.6863712577078718,0.9705272021302558,-1.4930380682724356,38.66009439844604
4.848683342,3.324786325,2.633242999,2.739921337,148.3230437,153.6196862,158.2335831,159.0367467,161.5850396,65.47633136,-25.18786982,12.0,-3.5625,48.96478823,-0.0650879799,0.01834894948,0.0631322927,1.14261408,1.056694826,1.063615802,0.5037471091,1.114508656,1.029734892,0.9905473011,1.027032773,1.032676137,0.6428571429,1.139717425,1.128205128,0.7953667954,1.051190186,1.067098576,1.093573869,0.8585909922,0.900011591,1.043999223,0.9497406268,0.9047231493,1.238129516,1.191183018,0.9893753369,1.106422981,1.143922242,0.9426768748,1.047450283,0.1554784522,0.09093358166,0.7694695736,0.06365387513,0.0,0.6841461785,0.9374637514,0.0,0.0,0.0,0.0,0.0,0.0,2.054083455,0.4774193548,0.01612903226,0.02258064516,0.7606060606,0.02971652004,3.568001683,2.132438035,0.8456570856,28.45934377,10.30076712,5.425791397,36.9300771,23.62654039,0.0,25.38663948,4.992404733,11.38785599,26.29938345,6.544756406,13.08951281,5.687386275,51.58983439,0.0,6.3612173,0.0,1.612747941,83.3,0.614829932,0.5130385488,0.04176767677,32.88446216,30.16194004,-2.914043676,-1.855129128,-0.2290486959,0.4462532875,-0.2151664385,1978.727963,2.38,0.0115,-4.58,19.673741427505867,1.3944481993286364,-0.3616628560446158,0.8152953525360521,744.150874023273,63.888936815463815,86.92922944348122,0.587323442578177,-0.09842550834611498,1.1177329045796618,-0.11935796472861893,-8.66849647393608,14.029595902384665,82.41406951334818,-46.39232930940186,114.44381084196868,71.5991636776858,-121.43494050721974,0.13250567161429708,5.552600262196928,1.82793452821732,5.200430009764902,-1.4499821273291467,-4.353584805159059,1.5947893490439435,-1.9388525105867753,4.323798428989159,1.3697637283164068,1.9534873852410826,3.8227636697917573,13.787725798153488,0.0714734066298028,-0.061282707422368445,-4.086870901555133,4.878084607431211,-0.7758182149056736,-25.919306402734286,2.575520997793042,-16.033536234851386,10.323585423974018,0.8693119346639933,-4.31922660200785,-34.304464061424994,-368.4021538841522,-21.445776279441972,-3.3923122175287324,-39.58540194266145,-31.384751639471215,-0.07753555273042316,224.62677299665555,1.6683379275599926,-88.74113538517399,74.61511556010134,-26.784597717562633,8.674426049807764,-119.82804009917285,77.11230345891275,-26.2868596178882,0.8202135120427975,0.7231168730628953,-1.4583983516934182,33.53310803263972
5.006229029,3.172131148,2.529392765,2.49870801,144.1317178,150.6909405,151.30043,160.8580615,150.8226569,76.25333333,-43.30666667,16.64592593,-19.9362963,51.69127177,-0.05079685259,-0.04012927864,-0.09966269817,1.23783485,0.9140068045,1.005345059,0.4318467337,0.9100683598,0.9743463695,1.228364042,0.9962603716,1.028397803,0.7241924157,1.464937801,1.179602597,0.4547948313,0.5890807537,0.6806217052,0.8634210964,0.9165081855,0.7857167175,0.7065690325,1.172647092,1.333426757,1.09643337,0.9903265774,1.198465298,1.01203861,0.8068454077,1.219763578,1.045609261,0.1944231464,0.07395948859,1.676147384,0.489065941,0.1020620726,0.7041633411,0.0,0.0,0.0,0.0,0.0,0.0,0.0,2.022203326,0.484,0.0,0.016,0.764,0.0,3.446539763,2.045313334,1.11198,27.92704578,0.0,10.36057336,38.9703128,17.3266008,0.0,14.76446326,5.414990469,28.45350378,14.76446326,6.544756406,16.74610334,0.0,28.92903888,5.693927995,7.720865772,0.0,1.735377145,54.5,0.7552834467,0.5260416667,0.04186507937,3.080868168,13.94363753,-2.286157193,-0.7564583901,-0.163705367,0.2886096115,-0.06481507017,1588.803392,2.5,0.0088,-4.52,9.036765292963612,1.2362987002776835,-0.9716928093318395,0.8929937412575458,706.8453471932861,58.47539410947217,48.7750672969695,0.5846377374368623,0.24093123619563125,0.9799968440911766,0.4231591513317543,-8.52161309182167,11.92735982841245,68.7038800506905,-40.22101602590967,60.9559761065033,-47.495543268838304,-154.66276181989784,0.09472848317856078,5.948020223552874,1.7429396675650997,4.432329066512269,-0.688182368331012,-3.788751049219047,1.4506239602491788,-1.0790443844373523,5.206223178854013,0.396759933352678,1.453147771090757,3.183900850103936,12.165382616530131,0.05067773943340294,-0.06874039475136237,-3.127991866348391,4.629077148059524,-0.4945213221465096,-33.53063425961857,2.7419221743008904,-14.16066868539615,8.71043544330433,-0.8469022165771407,-2.8582432151893613,-28.24889213420839,-422.8953299335582,-20.43896277657147,-3.7199166012129234,-40.20490467047204,-25.3637628579364,-0.027361576924255667,172.88941705031513,1.765919200949738,-76.84915418041896,61.72127588037312,-25.31845708717829,6.866760385318933,-125.88733203824614,69.97617821213233,-19.628308450169214,0.2832837161346426,0.3802398329643989,-1.3283510575183928,19.073951208766772
4.84878054,3.467889908,2.822416552,2.890273451,148.0103313,152.3722909,154.4269117,157.515908,158.6717354,55.63018497,-2.323379897,10.85274894,-6.093425606,48.38728898,-0.0674455178,-0.08773079389,0.05935970433,0.8104667601,0.9755157886,0.6649973381,0.5078511369,1.089866148,1.032431477,1.01916061,1.087785984,0.9409478723,0.6826911885,1.109748378,1.123295234,0.5446149243,0.9689674695,1.020690408,1.078624449,0.7856332165,0.8393745447,1.239492011,1.351042941,0.9435333642,1.110554208,1.064475138,1.139410328,1.011680714,1.177260175,0.966006522,0.9986526776,0.1373791195,0.09326709456,0.9984880308,0.1269440053,0.0,0.6899617195,0.4731742973,5.397661056,11.46331847,0.0,0.0,1.531695746,0.0,1.990290858,0.4833333333,0.015625,0.01666666667,0.7752380952,0.04455357143,3.913553022,1.75887232,0.809494363,30.95894759,11.05045608,5.425791397,35.61190719,16.26500318,4.794537184,20.40266096,10.72607221,10.57107519,27.22258466,6.544756406,13.08951281,5.13155848,44.39282129,17.67532124,2.479594771,0.0,1.512636097,110.6,0.614829932,0.5755385488,0.04256038647,133.4514031,30.0460976,-5.389817459,-1.673764192,-0.2951343705,0.1437584533,0.1172464586,2650.995469,2.06,0.0221,-5.01,25.80765348363198,1.4240155191331314,0.22928633488032413,0.7345892410139806,708.6282553935376,65.84803837024498,116.3003415928426,0.5830593602958758,-0.2628276023509317,1.1947503596593783,-0.34420413675474726,-11.786197117415416,16.267037616975017,101.10402892601145,-62.42033355454644,135.9586910770546,146.21349592211473,-80.86574168311357,0.17137204140671647,5.063454102282623,1.7785694039831113,4.892714266303663,-1.7262851963525603,-4.3267059968057575,1.5230046922721734,-2.5044502544380047,3.8549467471417156,2.5930288098371324,2.1687358916064,4.165926655294258,14.221251885637248,0.08527494099455647,-0.044176310632377196,-4.662184942154875,5.24962039235603,-1.1503598053788882,-19.652624375642247,2.3955599990569656,-16.98052866721591,10.800892166713336,2.1506396662432334,-4.733237764191319,-25.668307570749604,-460.9128345842389,-23.372736617606105,-0.022210152538554517,-34.79941216494448,-36.96776733010367,-0.06454537463324846,264.1504937888993,1.6690482780238205,-85.68555658635552,76.68192118426641,-27.43055153230683,9.706509921497057,-103.65373585930156,76.31298445134033,-31.871815318398866,1.3806005631388611,0.7657655016297568,-1.5806222171813538,49.785615178644925
4.8884035,3.685714286,2.659451998,2.451205173,144.3174032,148.2158062,155.5005704,160.1483726,150.6606291,25.58788518,-1.629665702,4.756026297,-9.604821037,48.70120046,-0.08592558512,-0.08702436199,0.0002973963039,0.8817985326,1.403654175,0.4955967438,0.5698652577,0.9912602227,1.127954012,1.165705981,1.023766761,0.9505280413,0.7089972527,1.103610675,1.254631083,0.869590542,1.003693386,1.164775022,0.9397280068,0.7501828975,0.929009831,0.650734107,0.9815847903,1.084202037,1.132512957,1.140049471,1.228018363,1.046167488,0.8716138248,1.040063116,0.9511288463,0.2216261846,0.1305005678,0.5982691087,0.05143799709,0.0,0.681465016,0.6545581381,0.0,0.0,0.0,0.0,0.0,0.0,2.004462449,0.4922619048,0.04166666667,0.007738095238,0.7754285714,0.01980952381,3.040836313,2.168617053,1.005926512,29.99218522,5.316788604,0.0,29.8000411,5.687386275,0.0,10.30076712,4.992404733,0.0,10.81959831,0.0,6.165775612,11.37477255,28.66745114,0.0,0.0,0.0,1.668598938,51.38,0.3844897959,0.2725694444,0.0375,29.63332311,21.92741253,-3.326694307,-1.232877387,-0.44083332,0.4441419449,-0.1631997952,1372.303956,3.58,0.00759,-4.26,21.94253733144564,1.3276428391603812,-0.35992612437895355,0.6966843566341102,824.8401232492096,41.971265159403735,67.04039173096491,0.5292559397703718,0.08839171568262799,1.2928024351441443,0.622020409376796,3.2702306787299995,10.889350444998302,128.72548565485343,3.979572365793348,108.21443509496837,36.468758603395955,-149.65358265516593,0.1381574305386755,4.472527056360177,2.400038372794807,4.263445395402439,-1.3569299701682525,-2.8451641637503604,0.536933449747719,-0.8039974295189842,1.6865514712765213,0.30070818174178116,0.9440117996590547,2.834714871801604,11.402855558040693,0.08001375881862373,-0.04293891945347358,-3.686849534621801,4.909737333757845,-0.4280353634138367,-32.925920739291705,2.701126889849368,-12.323436658794186,8.66697883866588,1.2423255876794426,-4.2577127866701,-46.187844016324114,115.16056698606505,-21.79980132834975,-23.972638381565226,-35.372279458662824,-25.284614717475712,-0.16229188228178526,206.23981615292215,1.6142085455385964,-82.55508906381574,66.17696822902813,-34.45881905643976,7.085947635772059,-135.422085835075,50.9013627925433,-19.84776513039629,0.8344825260134465,0.6262051274105496,-1.6548922717455383,-19.429833675518232
4.848957738,3.495145631,2.949449449,2.887270766,149.7946163,155.2232052,161.5337457,162.7564201,162.6691366,59.44444444,-1.888888889,9.715277778,-5.932291667,46.83435575,0.1186795255,-0.05564743422,0.001308756523,1.164451458,0.9567080656,1.001091511,0.4527049508,1.097750865,1.152983613,0.8807808757,1.03951183,0.9130160916,0.6637198622,1.119086918,1.111491088,0.6243708906,0.9392887769,1.211116299,0.5255980233,0.8399818365,0.9079924669,1.025956037,0.9245521587,0.9039894258,1.13746691,1.141041115,0.9765147666,1.08147425,1.075910287,0.8842050004,0.9793040106,0.1537670096,0.09049494295,0.7166344516,0.07940239484,0.0,0.6833808251,0.8747201751,0.0,0.0,0.0,0.0,0.0,0.0,1.958504393,0.4695238095,0.03333333333,0.03047619048,0.7973214286,0.0331547619,3.773554151,1.81140835,0.834147917,30.18565182,10.30076712,5.425791397,24.27512131,29.31392667,4.390415048,25.38663948,4.992404733,11.38785599,26.29938345,6.544756406,18.90673365,10.07780132,34.51459212,12.40490243,2.284696408,0.0,1.540249265,83.3,0.5331972789,0.5538548753,0.0408994709,40.62400469,29.33314297,-3.616464109,-1.643035383,-0.2715606337,0.2960426579,-0.1066938453,2265.696798,2.4,0.0278,-3.89,21.75412484808905,1.429968804696582,-0.16649947280472976,0.7661324677522001,780.1225951374308,60.56171999241174,92.8368825959961,0.5835736946760306,-0.03427026235204582,1.1555679407563706,-0.14143038165423882,-6.942714611280747,14.20064230153598,94.71813476645826,-39.5909758636319,132.97788169138516,97.79890597416748,-125.61796417853493,0.13741862128095703,5.460707149631458,1.8820147158612262,5.408236472507457,-1.51638084155126,-4.426069622980484,1.5806850073579488,-2.0536688408575743,4.571705006948469,1.622563759681123,1.9476009375063859,3.8519558862137204,13.877434093075095,0.07798488458964413,-0.059847568311350914,-4.1045357024825195,4.875675338665211,-0.6654116154905164,-24.37952253526703,2.384625887516447,-16.08878392351211,10.139885949913909,0.8636847379368824,-4.674204180739537,-31.651887489194607,-321.00907077498374,-20.210713914520035,-9.680490050335418,-40.19071234367783,-32.69187163126068,-0.1256666064456028,226.6199893250127,1.6603685977022482,-90.42803603068202,76.78945790716784,-28.985866982649338,8.999696425453124,-122.87377562373652,76.32426398532024,-26.911610263030113,1.0491981739412677,0.6715983943978794,-1.5212556119929537,32.66622449722348
4.817898533,3.141414141,2.587950417,2.725641917,145.3060659,150.536627,155.4378872,152.5198341,159.2498459,42.99112335,-25.07988981,7.6875,-1.375,49.89302047,0.1041346337,0.09534433828,-0.04970975294,1.32162892,1.109659352,1.047577748,0.5389835044,1.144177349,1.065819581,0.9031135833,0.9168741958,1.111016793,0.6373416208,1.055292726,0.9760526614,1.058251962,1.09059253,0.974167798,0.8107369257,0.8176181131,0.9498956353,0.9310344298,0.9851201698,1.048258938,1.078834063,1.13643675,0.9165013551,1.204108586,1.09810322,1.012336858,1.132074456,0.2549245197,0.09803129249,0.4918779764,0.0761440227,0.0,0.684314101,0.0,0.0,0.0,5.521680599,0.0,0.0,0.0,2.047539761,0.4869488536,0.01851851852,0.01305114638,0.7947278912,0.01832325523,3.452527925,2.006903694,0.7393028412,27.73185171,4.736862954,5.098681808,6.066367068,17.26785943,4.736862954,20.16532066,0.0,39.52165029,32.65220607,0.0,0.0,0.0,39.52165029,0.0,0.4914931722,0.0,1.633045039,63.69,0.399047619,0.2951743197,0.02398860399,58.45783306,21.94890216,-3.451564021,-1.278169321,-0.1985229533,0.2738299012,-0.3028221479,1545.703886,2.01,0.00767,-4.65,19.190849079022975,1.3888498454401006,-0.3664277905879241,0.7920968663124697,753.2511959145428,57.21939906156225,71.95892965076747,0.5581611241003195,0.10172284401512015,1.3330212760340208,0.47481959638413795,-3.193948796710055,13.00224416622486,96.8019614182148,-8.577277568270375,116.31533045089313,54.75053506316901,-131.65766786429285,0.13294519000070099,5.273113914125402,1.9033228842240795,4.58867021606741,-1.3565632126199025,-3.321119366151853,1.1242304459214847,-1.3242467162416096,3.01130048539373,1.111618724268447,1.5664729029822384,3.3159626360807914,12.878802998977356,0.07989616889829163,-0.045864603183691545,-3.5939454880205473,4.683856705075777,-0.553678777526761,-26.57818343676867,1.476826420088114,-13.615391601054878,8.742729709645117,1.7616144300067904,-4.3832756902259655,-27.959215550909484,-164.5260011329927,-17.728373292141686,-11.754887091090676,-35.80378443385666,-26.59368720547463,-0.11415699075257729,189.48946870346256,1.777112819457371,-85.33894454801771,60.162915693180075,-30.921299110440952,7.771307792722595,-131.0818716492686,54.28106056884768,-24.08310418696603,0.8355433279260149,0.984169618591323,-1.249304115509084,-6.470605677595955
4.848683342,3.427272727,2.864942529,2.993569959,145.817401,151.454821,156.37978,158.4776418,159.5420573,56.6336,-22.4928,9.9336,-7.0656,48.00479604,-0.1041976237,-0.05203226847,0.09083916499,1.194764311,0.8824120773,0.941498962,0.4979332692,1.086578615,1.034689303,1.002944024,1.06648165,0.9993731107,0.6667444211,1.1269372,1.145588142,0.6376763403,0.7756154388,1.004462757,0.9369932415,0.8296626622,0.8657354966,1.020508794,0.9589293484,0.9574142706,1.169962633,1.106385139,1.006789333,1.158187527,1.157114002,0.9809719636,0.960657298,0.1687985428,0.0858889825,0.7589589384,0.06263564417,0.0,0.6841461785,0.0,0.0,0.0,10.98059471,0.0,0.0,0.0,1.97940729,0.4731182796,0.01612903226,0.02688172043,0.7828282828,0.0311502118,3.682055263,1.961800927,0.959483369,31.26935238,19.77449303,5.261891555,12.13273414,35.25921319,9.473725908,14.95193556,0.0,40.21348046,21.74487787,6.544756406,18.25485007,5.687386275,45.60046608,0.0,2.658324812,0.0,1.629061707,95.85,0.614829932,0.5130385488,0.04176767677,152.9772102,28.84626541,-3.322802922,-1.754984888,-0.4622425229,0.5825388497,-0.4711483017,2452.50927,1.29,0.00417,-5.51,21.489690442959102,1.460459548434965,-0.10855958359171036,0.7964697423051185,700.2736593524936,61.951816470422706,87.07151460970447,0.5961046912650091,-0.09367487540140708,1.3992262088010508,-0.024150914765654008,-9.707718442366867,15.45564214070121,88.77345534664715,-35.468785924511515,143.5208554385108,105.85633641313402,-78.24214685777572,0.1744459048989938,5.668487512533306,1.6905951594672022,5.596607968917247,-1.7251824608700277,-4.477745512032099,2.042797882995674,-1.992779680855504,3.999458189464857,1.6570381988018426,1.9500540829374495,3.957084100271331,13.996265001958003,0.056988558664302406,-0.06141086183500926,-4.70586817258815,4.857900206031645,-0.8269729715928942,-15.216139360736484,0.36914529802716745,-17.08885847234596,9.317070855513919,1.5789038467376029,-4.470582138930274,-45.7051514101243,-421.49590860825526,-23.323343692125047,-0.3701101439821537,-45.44502438322476,-32.40580483368511,-0.12592428824464777,266.46910463504736,1.7045959294839352,-88.81794060036725,72.94167942560028,-27.31234798615418,8.981583131874872,-128.35203770397476,65.42677366329868,-28.134965156625626,0.6755869792157998,0.9404738101041854,-1.5132647250778337,38.48421568192508
4.90972599,3.204545455,2.924360981,2.519774011,144.6252425,147.4703935,153.5929674,152.4666005,158.5428397,20.89300412,-27.86145405,7.259259259,-5.049382716,51.26066079,0.05753451655,0.0778234517,-0.1865687411,0.8099416975,0.9793066176,1.156366118,0.6279884018,1.117177656,1.066953661,1.03942159,1.047897528,1.135178568,0.7100591716,1.0546875,1.121066434,0.9177053744,0.9101022896,1.074253422,1.12347592,0.7551895461,0.9548308776,1.14065945,1.165639571,1.000927053,1.007313194,1.136143654,0.9597849765,1.094180032,1.049792322,1.004972536,0.8666418206,0.1959327131,0.1140791687,0.7313610662,0.1665042816,0.0,0.6791339464,0.0,6.003839601,0.0,0.0,1.596391723,0.0,0.0,2.099423658,0.496969697,0.0,0.00303030303,0.7444444444,0.0404040404,3.358278308,1.811646693,0.9654135417,29.88755348,0.0,5.316788604,24.26546827,22.50240757,0.0,15.28474565,5.733667477,0.0,9.967957042,0.0,5.497807596,0.0,16.59685293,5.563451492,0.0,0.0,1.639544887,65.9,0.3780498866,0.1770833333,0.03416666667,124.359745,11.36528137,-4.31583401,-0.8783368353,0.01906417934,0.2406349677,-0.009328250805,1302.496189,1.52,0.154,-3.07,20.7124169148152,1.3241245550897154,-0.14031937126015337,0.6893555483173127,706.276991932936,40.60954958803335,59.519048831877484,0.5335210321989382,0.2483276068345266,1.3110117770659646,0.4187064900364633,-1.3100734451153402,14.440084530768369,137.00609486091122,-9.49560065320081,106.11996868532253,65.18867620504213,-137.2075456868012,0.15836484023911257,4.57656791739224,2.198677038175032,4.9920249647869,-1.67705738505444,-2.963665597472108,0.9921222580099542,-0.799297128816278,2.4139458766002924,1.1191194572386423,1.1139250220934596,3.033127448435132,11.39531813004074,0.09216101039030297,-0.03614799683981325,-4.0877651665960055,4.693366214124823,-0.5752462864728481,-23.45092692413487,-0.28215896163541565,-12.572869960099064,7.371834669710502,2.0001180966523173,-3.8761178064404342,-31.7433391964383,-153.62040511122112,-19.949850316053293,-19.8661894941273,-40.435231114384955,-28.005742905308256,-0.23781567628613287,195.3522573186408,1.8197348945263454,-82.4043958245622,53.59097485038958,-31.810828462994323,7.205869941800299,-145.36536731842727,46.94868940616977,-25.53157221043917,1.1640901035625824,0.7914685793576018,-1.4691339888292112,-8.26776436807588
4.858476049,3.762711864,3.022092268,2.872962963,145.965132,148.7197258,156.2312563,153.4077307,156.927851,24.59014386,5.312723192,6.887052342,-4.085399449,47.44714678,-0.1978008921,-0.074507349,0.132535663,0.8193750239,0.9897271524,0.754210114,0.5423185858,1.032053912,1.146320962,1.17883387,0.9949820346,0.9758640492,0.6090808416,0.9084005695,1.263584661,0.8915563402,0.9338551708,0.9701733084,1.374195297,0.7039576171,0.864309327,1.145186648,1.276874688,1.106021644,1.04927032,1.200461358,0.9692374843,1.092060965,0.9571189891,1.063535324,0.8469217936,0.2183749109,0.1052572446,0.6253075811,0.104861554,0.0,0.6791339464,0.0,5.906248583,0.0,0.0,0.0,1.414607663,0.0,1.954145881,0.4924242424,0.02272727273,0.007575757576,0.7611111111,0.04191919192,2.978308984,2.066085135,1.042617332,33.1876727,5.733667477,0.0,17.40315295,27.29840462,0.0,19.93591408,0.0,21.95893118,19.93591408,0.0,0.0,5.13155848,32.99233261,11.33678588,0.0,0.0,1.544872639,77.58,0.3257142857,0.2951743197,0.04279569892,98.84426499,21.21627301,-3.710514406,-0.8750101132,0.01203561213,0.1600318658,0.2848917983,1287.918955,0.8,0.0601,-4.08,24.65345264829237,1.389126498467406,0.07751220008684845,0.6758530963771686,744.6565480332779,46.76125720478514,77.42140292504786,0.5426228087922885,0.0791947049375739,1.3342831296192523,0.08553123664809414,-1.7066286268738535,14.207696047692705,133.27952841410522,-15.870949885756325,132.53067462262257,111.64039923081823,-119.30190780600414,0.16268900789130197,4.571433658282834,2.180456331099786,5.335783962074653,-1.8605843399513917,-3.455586972730228,1.170171981143958,-1.3247784417986161,2.8889384164895158,1.6412436610037255,1.5038010484802715,3.402534653913259,12.390767135318494,0.10184084147566758,-0.03510762197459888,-4.352376463872491,4.775613117262691,-0.587541016426557,-20.895604183763254,1.0017297491651895,-13.730175459792392,8.526693856992242,2.284327050321188,-4.626636906597381,-34.17721327661869,-181.0215698245517,-19.177344418600978,-19.04231899141943,-39.31884061861153,-30.191114486191477,-0.22468324778446763,215.18085315581607,1.7592404726774995,-87.00547943921282,62.84174976351842,-31.795635425223228,8.219972725142561,-137.49432614501777,52.35752366632036,-27.09838725622958,1.415690697350401,0.8301190303542398,-1.4551617137353388,8.357306006265937
4.848604167,3.390909091,2.957093254,2.795616718,145.817401,151.6956697,154.9312634,159.4511839,159.8611656,56.6336,-32.0544,9.9336,-8.3792,48.00479604,-0.04874419023,-0.08189938511,0.002947625096,1.052138131,0.9569433776,0.9595148514,0.4979332692,1.066522332,1.036704142,1.035630388,1.128239643,1.01336723,0.6667444211,1.146201083,1.153381258,0.6188269067,0.7522544724,1.034024883,0.6974253849,0.8296626622,0.8543536252,0.9536000239,0.9276053034,0.9602099302,1.169962633,0.9637660562,1.163531034,1.152525708,1.131815708,0.8948269672,0.983333486,0.1684908076,0.08573239903,0.7703214932,0.06263564417,0.0,0.6841461785,0.0,0.0,0.0,10.97587234,0.0,0.0,0.0,1.977958239,0.4731182796,0.01612903226,0.02688172043,0.7828282828,0.0311502118,3.722055263,1.921800927,0.919483369,30.3948269,19.77449303,5.261891555,18.19910121,23.02052879,9.473725908,14.95193556,0.0,40.21348046,21.74487787,6.544756406,18.25485007,5.948339281,39.6521268,0.0,2.757644992,0.0,1.62882504,95.85,0.5723809524,0.5755385488,0.04273901809,153.256611,31.32674132,-2.745339574,-1.684852272,-0.411534874,0.4527151931,-0.2987425721,3436.069107,1.7,0.00274,-5.81,21.805460783469066,1.4535078616387915,-0.17374762623470152,0.8087381129015485,710.4521968070115,63.83590781574457,91.87414674181379,0.5897548174355144,-0.17756724329263723,1.4234155912068154,0.03588591743459535,-9.643618976432096,15.084728235652948,89.89809529441426,-35.05734494078954,137.4212750091948,94.43507873049829,-75.279213643897,0.1769867302850267,5.570736047834992,1.7441787005599383,5.121519956263454,-1.6760786123918305,-4.245309923759472,1.8010834204451003,-1.9998956100454666,3.406710452160805,1.5883491988295722,1.9035561016827005,3.906620198700227,13.916306578799375,0.0565275042760145,-0.05717793307593217,-4.684198971002367,5.0938744372378375,-0.9263667012503006,-18.04955350281951,1.113288165238171,-17.064212929723272,9.800132075515982,1.8177108756194988,-4.405514368923555,-48.75918688717899,-390.85485538850713,-25.138598176320112,1.2051269387761723,-42.54395339102572,-32.54743285284833,-0.08478264202035021,275.8271422278443,1.677125231857486,-87.54410451553376,73.81000217894785,-27.873170490757897,8.891190453056105,-124.90105048237706,65.09112888522715,-27.81810140237817,0.6848920661459968,0.9801448769287706,-1.521151075445038,32.414362927719594
4.84886367,3.553398058,3.353853854,3.257281553,150.6227588,156.2364618,163.3449994,163.4525293,164.4285678,58.5,-7.75,7.703125,-5.22265625,45.31563466,-0.1237997762,0.1377172351,-0.05519198601,1.051252339,1.157188033,1.016191495,0.4239468864,1.116874711,0.8878481581,1.020054945,0.8740669241,0.9245723532,0.7400360833,1.103524395,1.120831349,0.562934599,1.076103525,0.504034136,0.8679392472,0.8323516745,0.8946434032,1.018994129,0.9199051196,0.8922500697,1.066141587,1.095035408,0.9983393525,0.8528479536,0.9836531333,0.6555403972,0.987788197,0.1523272844,0.08912626148,0.7992326864,0.06365387513,0.0,0.6894086529,0.8292649282,0.0,0.0,0.0,0.0,0.0,0.0,1.926934145,0.46359447,0.04838709677,0.03640552995,0.8281385281,0.03407345343,3.843633148,1.741329353,0.7240601563,30.43903568,10.30076712,5.425791397,12.14238718,23.62654039,8.780830095,25.38663948,4.992404733,11.38785599,26.29938345,6.544756406,24.72395449,14.46821637,34.8870312,18.4712695,2.161954189,0.0,1.493656184,83.3,0.696462585,0.5130385488,0.04419753086,30.05378148,29.32968931,-3.09886858,-1.755738297,0.1233723003,0.3863099827,-0.05888017382,2306.778916,2.78,0.0201,-3.99,23.09575374881043,1.433973854303225,-0.08112296547709197,0.742065943965933,817.1503180624583,60.211172993569164,102.9846554990087,0.5841252062149941,-0.08505360419571453,1.159883235892769,-0.11394110435534821,-5.830030766089511,13.717446799501735,99.94649563474282,-37.028053743503314,141.27264672729171,106.45444572764453,-127.51978264801569,0.1394891407048721,5.393234626481625,1.9508015018066016,5.08982134499605,-1.4269133443453104,-4.409569713935623,1.4440352154269895,-2.171305399431632,4.450804955576998,1.6886058894755975,1.9279757740578738,3.8605052002436677,13.923048736581093,0.0754808607416071,-0.058803346838836416,-4.025515064888628,5.002385773499898,-0.6959991913073537,-26.173043036520603,3.1636984788557045,-16.315523086292696,10.529572645423874,0.7033531661137464,-4.817792163175793,-30.22358556143125,-237.2046547122286,-21.348176388046745,-11.883381814986954,-38.544132689381684,-33.1827229136238,-0.12336675070086413,236.42028180549377,1.5911201415424774,-90.92754284752758,81.40567246196493,-30.335052614244233,9.171819790493245,-119.39922124229383,77.19007494693658,-26.591685838454044,1.0519411099697598,0.55891594147443,-1.712202936005105,31.93198436479988
4.876664293,3.446428571,2.713833492,2.589976983,145.560325,150.7520497,156.5390026,155.8494569,157.8136342,56.75805391,0.8027613412,9.136094675,-6.461538462,50.40263578,-0.03525356625,0.09928470844,-0.0421398553,1.307613246,1.182502241,1.179218062,0.5338529013,1.102882377,1.046089306,1.07260214,1.033053036,0.9775824878,0.7010103383,1.131203008,1.113827538,0.8845624423,1.21797018,0.9211550059,1.058993957,0.8105966151,0.8869107625,1.108727882,0.9473605507,0.9889785624,1.106744432,1.255474299,0.9948518972,1.041741393,1.142098622,0.9807791387,1.024371889,0.1626234389,0.0779721243,0.915641771,0.07129411522,0.0,0.6848636974,0.6790551438,0.0,0.0,0.0,0.0,0.0,0.0,2.03988502,0.4916666667,0.015625,0.008333333333,0.7686868687,0.01464646465,3.475031166,2.225408552,1.169396833,36.57587505,5.316788604,5.098681808,42.54970879,23.27208584,0.0,24.73242031,0.0,22.51475897,29.72092241,6.544756406,6.9237372,5.687386275,44.92947468,0.0,2.431664893,0.0,1.63637924,68.52,0.7413151927,0.474029195,0.0381678487,21.57365644,28.00048187,-3.436424346,-1.251029408,-0.348939037,0.5026020939,-0.3174309568,3201.186331,2.13,0.00305,-5.59,19.246759877639935,1.3730790822542698,-0.3620899195229299,0.7825588932805978,770.515618663046,60.45677319436433,76.97454368356046,0.5693105710201245,-0.005828879202621238,1.1473709712786067,0.11027728926404778,-5.446904240773003,12.145400895835996,89.43998172504766,-31.1279174720097,111.91687104045224,62.8746836605749,-134.6535983082425,0.11647125690002974,5.26868187872432,1.896499072439641,4.9869104040296985,-1.3169150181806493,-3.876701694829146,1.2978482678356218,-1.5792920757589548,4.057524161290415,1.191081894181569,1.7798915996354512,3.528578953379964,13.114541149808444,0.0804127346986686,-0.05461874080343863,-3.655233307021848,4.742554828397631,-0.5520009942648451,-27.68014774158037,2.8055990872933023,-14.31738341435815,9.682248220372037,1.0980973678813772,-4.5363959261071995,-28.79147545721377,-266.80246111080504,-17.733290188886812,-10.546522226203727,-35.67857623243916,-27.641409200855307,-0.10468005726876471,191.67758772675953,1.7042405125814164,-88.69410250110705,68.14599629702009,-29.07609593330987,8.293168916393046,-124.09727148778728,67.2107038636334,-23.410875100153564,0.9415251911238517,0.7489590547652526,-1.3565742608609321,19.380724135841618
4.832276594,3.161764706,2.650879297,2.412470024,144.7680142,150.4389202,156.0683138,155.6795945,154.9829748,71.95005945,15.45422117,12.16646849,-7.663495838,50.43102803,-0.1277507076,-0.1488620233,0.008210506092,1.279293738,1.336051257,0.6386113515,0.5290962746,1.156406583,0.9981005603,1.208969805,1.085982714,0.887397536,0.6694428793,1.218094978,1.074789687,0.8642353936,1.195015165,0.9160080046,1.176446598,0.8862713143,0.9136421318,0.9023790653,1.009444288,1.07735736,1.239575284,1.250106768,1.000537192,1.018772124,0.9423487783,1.00656217,0.9683847604,0.1808437435,0.06412910753,0.8192972001,0.1170048358,0.0,0.6861721141,0.0,0.0,0.0,11.4329758,0.0,0.0,0.0,2.069405377,0.4784313725,0.02941176471,0.02156862745,0.7780952381,0.01406162465,3.327445119,2.530535876,1.298003664,35.31202653,19.69042424,0.0,18.19910121,5.693927995,9.473725908,9.967957042,0.0,22.88687966,9.967957042,4.736862954,13.8474744,17.06215882,39.7073943,0.0,4.021741318,0.0,1.711287884,59.51,0.7665306122,0.4305555556,0.02920634921,134.2115193,31.06062996,-4.526956905,-2.150020148,-0.5937147029,0.547376715,-0.2506254467,1933.406554,2.52,0.000357,-6.32,15.486876544955052,1.3596016560171433,-0.6976048260124041,0.8451791412887589,816.5205638396761,60.42865979916975,78.97090532746768,0.5877360354041217,-0.08513972122218649,1.342477367627441,0.6996759629760618,-6.1542835754367236,10.129535961028454,84.00809500656656,-23.05200774049991,101.98869517779536,-15.910232019382324,-100.44424214029479,0.1421376589713053,5.7919756620308425,2.0275865833429014,3.8374852359520832,-0.9540824118307674,-4.009115225774016,1.3160282003041135,-1.4050541575997508,3.465801395232112,0.1677980867641412,1.293107977197697,3.3318495251663602,12.548365199459516,0.019122552576524635,-0.07174205009787196,-3.831774550862221,5.187822368143244,-0.5679346750476418,-32.89840497395408,4.233571195715221,-16.341483501550115,9.932588065606302,-0.4057173334992769,-3.850374921664966,-56.456501682327314,-176.6210275068372,-28.295245886691013,-4.412603497807646,-41.18874557764176,-26.4324841066671,-0.03892596142164376,268.5172078733274,1.493750491045505,-87.75413014741488,77.21172596966395,-29.968232966213247,7.681623216106652,-141.7823059942559,63.797195571878284,-17.638938913226987,-0.12522245996251224,0.47964751993137944,-1.8982883117823466,27.274999364783366
4.84862861,3.292682927,2.714285714,2.789990421,150.1287662,155.577371,160.8336168,160.1316994,162.70947,75.49586777,-30.43801653,11.33190083,-7.836033058,47.59726111,-0.06916580264,0.03184452403,-0.01353165484,0.9914120486,1.168480885,0.8860151522,0.4701755915,1.19744908,0.9728418609,0.9851563148,1.02001469,0.9872794965,0.7054229688,1.158493597,1.076028109,0.5717072487,1.302360769,0.6744874859,0.8858995568,0.871503092,0.9051268693,1.105722788,0.9531900847,0.8993950898,1.310822657,1.247799371,0.9763069501,1.060873201,1.137021822,0.919064009,1.021017094,0.134539768,0.07868413042,0.8586399347,0.06365387513,0.0,0.6904812668,0.8135728293,0.0,11.20180083,0.0,0.0,0.0,0.0,1.98359253,0.4707070707,0.0303030303,0.02929292929,0.7768518519,0.04335016835,3.765946344,2.01541337,0.9461654549,30.46303494,15.61755573,5.425791397,12.14238718,23.62654039,4.794537184,25.38663948,4.992404733,11.38785599,32.20656318,11.33929359,13.08951281,11.37477255,51.71376917,13.26227256,3.944364098,0.0,1.520040716,112.4,0.6931972789,0.6067885488,0.04250591017,33.07316149,31.70917809,-3.795521347,-1.560207532,-0.2816104061,0.3924517219,-0.1512194368,2114.754709,1.49,0.0997,-3.54,24.54385817489257,1.4661898095478696,0.19905843439498638,0.7612501211837635,734.1291905520195,70.97367291136587,128.45969444039042,0.6096990508902296,-0.22535981647984848,1.0564123515632995,-0.5392140651390944,-13.56808021317119,16.424833934060004,78.68262980945859,-73.78724225699445,137.304414489247,147.64684177674476,-86.07325112041286,0.15550211634443145,5.635842311089447,1.5876684352020876,5.108503162182386,-1.542378348774021,-5.087701627932422,1.8985588915291292,-3.077974802968428,5.3743199580623635,2.606771424298091,2.435037906084198,4.440382158156595,15.183494579502264,0.06666375998501489,-0.06266682175883775,-4.466338110594542,5.083037867813415,-1.1758752836997426,-19.352180605663065,2.4686196750814293,-18.476850312502066,11.396422902016429,1.0726763035037894,-4.972097474005614,-24.04854839296752,-527.3064712971077,-22.55306210510505,3.0898032195234126,-35.99132545716622,-39.178970331426406,-0.05552281091743273,267.55181212544124,1.6256628460717397,-86.52026140055705,86.88496913332435,-25.138666266877,10.244879045552434,-94.4179047599289,91.48311505965063,-32.103592437510905,1.0720551769857285,0.5954206378287176,-1.610896034749648,66.97915095390479
4.886982113,3.123809524,3.002777778,3.195876289,144.8696093,149.3817323,153.342874,160.951404,158.2377984,56.1837037,-45.88987654,12.68,-9.022222222,49.74457372,-0.1200301474,0.0001753766073,-0.1383046605,0.7902216974,1.211084638,1.089477894,0.474816451,1.001907234,1.044922847,1.149825784,1.033611249,1.159562895,0.6524884259,1.214387464,1.091269841,0.5806023064,0.9388500824,0.9644851598,1.196611396,0.8235378385,0.8444741236,0.9576344103,0.9973742888,1.12850209,0.9674286216,1.042684476,1.239221963,0.9231420304,0.9803891751,1.058263246,0.9259644187,0.2553800312,0.1476026446,0.8382142248,0.1263661433,0.0,0.7024404018,0.0,0.0,0.0,0.0,0.0,0.0,0.0,1.840467164,0.4747795414,0.05555555556,0.02522045855,0.7786535304,0.03545581707,3.653429631,1.838423466,0.9224394445,28.03580746,10.423316,0.0,17.69618563,22.2842392,9.496942443,9.967957042,0.0,17.00689132,15.07448444,0.0,19.66469524,15.7651876,22.50167553,6.066367068,3.844370475,0.0,1.69984788,58.04,0.6514285714,0.4149305556,0.04227642276,71.23895027,23.84488667,-3.57313188,-1.82399534,-0.3260188385,0.3162115104,-0.346321809,1504.043571,3.21,0.00114,-5.75,18.291819616805185,1.3387201848384271,-0.42029967913329513,0.7561872373911549,817.3581241330971,53.92582694729595,73.95810509505124,0.571685396567847,0.024678937344542184,1.154612182480389,0.2102728302042295,-1.5472808077235722,10.575707503643581,98.23880952692026,-19.039569599163553,118.15522214747136,44.95975256727103,-134.94075420743502,0.12037956666650479,5.22828619200392,2.10851703923512,4.75242365100218,-1.0813643157342194,-3.9181499880860917,1.3060523059842262,-1.398190804034571,4.253804606556488,0.6775387050455153,1.4593612131079405,3.329498872339294,12.574109174927125,0.06508202796849873,-0.06186869338439941,-3.607492432593891,4.749207419441376,-0.41528925597522004,-28.86847414658932,3.603091275314127,-14.498342654055541,9.406915077528566,-0.02490664908200313,-4.3611657227768115,-40.23642141602128,-124.89769072516043,-20.954066245108482,-15.35725066523177,-38.753394409810845,-26.018895291954895,-0.1288885198547787,213.56279517599805,1.589106058723626,-85.92075133092236,75.0234848532789,-30.194997705596432,7.942671664208884,-130.7588282314166,64.69837304043561,-19.31533588328008,0.6506267191730578,0.4466039991372982,-1.677107619853404,19.32382002739107
4.874959471,3.341463415,2.80839895,3.054613936,148.1175792,151.9245659,158.2982398,158.696275,161.1531869,58.86419753,5.827160494,11.32441701,-3.121056241,47.983974,-0.1184005841,-0.05952935236,0.1569820465,0.955881863,0.9643030855,0.6810049159,0.4928064814,1.151037647,1.066814244,1.04828938,1.015392516,0.9283487331,0.688132401,1.158783241,1.122177974,0.5353549235,0.9824538378,1.013548257,0.9170307425,0.808654492,0.9098394126,1.045308634,0.9447017455,0.9154061091,1.186259354,1.227336624,0.9725137957,1.143224984,1.111315097,0.9664313761,0.9440686449,0.1360091594,0.08937926059,0.8291328182,0.08505527698,0.0,0.6904812668,-0.4665311897,5.391845875,11.46922204,0.0,0.0,0.0,0.0,1.986135868,0.4737373737,0.01515151515,0.02626262626,0.7531531532,0.05492765493,3.632603077,2.122284425,0.9624846009,32.00740331,16.0344346,0.0,18.19910121,34.65994183,4.794537184,24.9198926,5.733667477,22.64523548,30.82707233,6.544756406,6.9237372,5.687386275,50.88435568,0.0,2.382704181,0.0,1.598107469,122.47,0.6156462585,0.6198625283,0.0446875,32.24398834,28.93837283,-4.334610185,-1.809740532,-0.1644850658,0.3809179098,-0.3172304735,2131.473555,0.81,0.0228,-4.64,26.777098071187325,1.4638466589143229,0.49098202376529465,0.7077942800421044,685.6168445041806,67.02640159652476,123.46813146539334,0.5995223465019932,-0.20415420228160688,1.1671491156791505,-0.6756771931499503,-12.719516436797377,17.580261799416377,96.1047522459177,-70.58792789954887,154.78067777012805,190.93215290449925,-65.62605486612556,0.17558098415603662,5.207464417083506,1.5982431068952125,5.710949205859512,-1.867006599158429,-4.942283820847057,2.0468597639506747,-2.9433254206519104,5.0934584029561485,3.1336226107941245,2.459802285314555,4.499289155653477,14.962101027037226,0.08964620155508625,-0.049758873404376854,-4.9178783987447785,4.967107929429543,-1.1538644357516548,-11.566249086752435,1.3594542569033448,-17.8692511663563,10.518535996001347,2.143649067027839,-5.12385819732525,-20.4274635153387,-598.901467755231,-20.85038725052561,1.5041603506195411,-38.07031741467587,-38.579163495882014,-0.12035775601580158,268.0043583087359,1.7115747320902357,-87.32933617374415,79.22832014479394,-25.61271651337717,10.436079193927114,-101.08118570855265,79.13924919661744,-34.15028088483427,1.523224490274687,0.763113729196011,-1.4985200780375778,71.42258686521726
4.877336081,3.371900826,2.744929453,2.780939476,146.1247147,151.1860971,158.7179693,158.6785616,159.4257582,64.76680384,-53.96707819,11.32441701,-8.49382716,48.76662659,0.04574526033,-0.08135202692,-0.02560021309,1.15952663,0.9908573102,0.9957910982,0.4684334539,1.08262818,1.136644661,1.001028816,1.110977255,1.090981533,0.6424311093,1.120631709,1.158449171,0.5735563184,0.7354402211,1.106012103,0.6014069537,0.8329574266,0.9297753277,1.046671151,0.979257006,0.9256106712,1.193380188,1.21712373,0.9367748703,1.095910684,1.129738505,0.9470969825,0.9988111824,0.1593193784,0.0708162659,0.7323949012,0.06541342195,0.0,0.6855377302,0.0,0.0,0.0,0.0,0.0,0.0,0.0,2.026312773,0.4787878788,0.01515151515,0.02121212121,0.7571428571,0.02770562771,3.631828189,2.123059313,0.9254475639,30.95983989,10.30076712,5.261891555,19.05647134,46.29261463,0.0,24.9198926,0.0,28.71445679,24.9198926,12.96557803,11.33111287,5.687386275,57.3051773,0.0,2.591937797,0.0,1.654040529,103.17,0.5731972789,0.6606788549,0.04393617021,26.0493072,31.66904098,-2.969454678,-1.710474999,-0.3975811033,0.4440482265,-0.2810697766,3358.107916,1.13,0.0038,-5.56,22.305335560356696,1.4227053972127872,0.04549364526026467,0.7585644020231669,692.2671667655325,64.20289647961457,95.48760144366447,0.6019549297586011,-0.10932959995869161,1.0798645786175078,-0.4729451027966056,-11.757537174288196,15.44333407342774,83.08242279224864,-63.370458004332825,136.4857245980734,142.76819882166038,-103.9483483338583,0.13997784285090017,5.485843740423941,1.585113150830292,6.374538857345785,-1.6810188591441189,-4.901430828656363,2.0698768959256233,-2.4142268895512418,5.3204501858425415,2.1832795147546524,2.283311274160335,4.172100094137956,14.379989433912256,0.0827908548809521,-0.06275826059654854,-4.487950166191117,4.610080091876096,-0.7929658177385672,-16.648005994206937,1.26337427580138,-16.6599796134034,9.82200064402834,1.2892211050351838,-4.738850675442989,-28.940138567020718,-557.3857986634656,-18.208344193079895,-2.0167131693156177,-42.99284779816416,-33.335497911146454,-0.1289061897902008,226.08791128704368,1.706459370959244,-88.86798771311005,74.84975023679696,-24.89310553876033,9.693969254949886,-108.3966698832291,80.14555439347858,-29.317164788007858,1.142007357110689,0.7495577652050844,-1.4559508980883145,60.59825192907155
4.865265677,3.53271028,3.143637227,3.385135135,151.5397617,157.5474193,163.9182458,164.7179547,165.1169809,53.6384,-30.0544,8.5936,-11.4772,46.38335578,0.06624173245,-0.02694792288,-0.06311020323,1.175789659,1.004889248,0.9752887061,0.4694502873,1.080961164,1.054019491,0.8885699107,1.047397192,1.006720808,0.7566673934,1.139452075,1.10068275,0.5823498062,0.9626907703,0.914501734,0.6829368466,0.8474360554,0.9144217359,1.040100864,0.9266635793,0.9385948302,1.083167515,1.097325073,0.9860373438,1.017239667,1.073344015,0.9223260991,1.007875642,0.1391792811,0.07010002312,0.8053607425,0.08374028396,0.0,0.6894086529,0.806811067,0.0,0.0,0.0,0.0,0.0,0.0,1.752997727,0.46359447,0.04838709677,0.03640552995,0.812605042,0.04960693955,3.981147632,1.662708558,0.6081274391,29.32088182,10.30076712,0.0,18.20875424,29.31392667,8.780830095,25.38663948,4.992404733,11.38785599,32.46515906,6.544756406,18.55817888,14.46821637,5.57310453,18.19910121,1.992124129,0.0,1.493241297,81.23,0.7112018141,0.6163548753,0.04241975309,36.58182932,30.56534244,-3.910720297,-1.724644867,-0.1041850566,0.3323877145,-0.1540221275,2853.022347,2.78,0.0196,-4.25,24.24055997152152,1.4635342045936404,-0.047538648307050124,0.736072746386342,841.6564240864003,60.603460009109654,102.17604456967624,0.5801018597248764,-0.05576093203805736,1.2052128270743423,-0.1323393406693847,-3.5786150686926383,13.52772173705821,104.5895175828445,-28.082917283907562,150.97400201242164,122.12052936045112,-129.72467157862837,0.1378104252884642,5.306390264003463,2.0069756453029184,5.361486543738746,-1.573553766566076,-4.441869883708218,1.470978822653269,-2.1645121924617707,4.479210721873407,1.759174303931763,1.9856293722122693,3.898725600275582,14.108407174252562,0.08696954163928008,-0.05600237936350908,-4.05393864363786,4.9511691866816205,-0.5976269787220702,-25.04770187989552,3.21796215045637,-15.981716942197377,10.502184780379055,1.0924111571793556,-5.229261701594927,-29.71573624697291,-192.21363501350737,-19.307623519177668,-15.345594078771079,-38.48117148153006,-32.388794102003594,-0.1589806711640573,227.01920583390455,1.608648429938247,-94.16336888225443,80.9400136427845,-31.68308423134771,9.3020619505644,-124.98126231367078,73.33524927091965,-26.751790330551948,1.2242108444025186,0.6623894079431727,-1.646333258655201,27.1205906938503
4.848604167,3.369369369,2.820304818,2.793756146,145.6756489,152.3692317,156.7243031,158.5660927,159.4311695,59.6336,-1.5408,9.9336,-10.1108,48.00479604,-0.01323283817,-0.06183612388,0.001028379954,1.263143658,0.9479241672,0.89754036,0.4928543905,1.104689293,1.034176102,1.086820551,1.022812614,0.9796886227,0.6667444211,1.146201083,1.127544619,0.6367795801,0.7493841166,0.9985451631,0.6671579862,0.8579165357,0.8542836326,0.9749229542,0.8720432635,1.135496843,1.253901445,1.126765514,1.036446104,1.105811125,1.119860331,1.096381135,0.9783350062,0.1732788131,0.08816961431,0.7585393788,0.06274916425,0.0,0.6841461785,0.0,0.0,0.0,10.9890741,0.0,0.0,0.0,1.993581034,0.4731182796,0.01612903226,0.02688172043,0.7979166667,0.01606182796,3.665365926,1.978490264,0.959483369,31.26935238,14.79051451,5.261891555,6.066367068,29.55874348,9.473725908,14.53505669,0.0,34.77396375,21.327999,6.544756406,18.25485007,5.687386275,40.03047287,0.0,2.72396651,0.0,1.622721684,84.99,0.5723809524,0.5755385488,0.04273901809,148.1751399,28.28848451,-3.062389242,-1.966806931,-0.6798670227,0.7196377646,-0.3665019633,1801.206755,1.56,0.00449,-5.23,19.191558152366223,1.4293039864166983,-0.3164588962386816,0.8213000388480903,720.3522892126134,61.88939576116839,80.31856213773634,0.591388686536754,-0.059859589673418756,1.3676298491336703,0.17436594425230068,-9.577090654018582,14.360268349766882,87.05012183604256,-32.81331444129085,130.01130153501379,69.08598470372782,-94.85135677162022,0.15845575672538093,5.78239340292032,1.7386857203419315,5.177648888536176,-1.5125459983554435,-4.267578670569046,1.8366391205798274,-1.7625803411633276,4.021138376129558,1.3426506770961435,1.8243786991266373,3.762382052393841,13.642702377368098,0.050474762008490326,-0.06252678191313893,-4.320238117063823,4.900889485797368,-0.7389092798529248,-20.868727323618614,1.1106502632065838,-16.579890985732348,9.354120566924346,1.2122450451984599,-4.190712654367792,-42.054444300499775,-390.48976923041937,-23.22738955291849,-1.754227871912251,-44.01707706339879,-30.86293188781804,-0.10532000133592309,249.68837980863216,1.6952356241829023,-89.61941612097719,70.4497530594339,-28.01823207433214,8.524047895350733,-132.47143567857282,65.60937516284298,-26.105360212985097,0.5527190655662412,0.8894829298471711,-1.4888819081954288,29.938303534798198
5.000147947,3.865979381,2.356688122,2.087254445,144.0134583,150.126197,156.8461685,153.5723163,156.7137158,67.91639792,-38.35570779,12.73336939,-20.64196863,51.04803271,-0.1398244797,-0.1165371515,-0.1514373106,1.314057055,1.162451852,0.7989429637,0.4318447912,1.122979597,1.142759713,1.240392507,1.226162045,1.006643446,0.5602350279,0.9656629185,1.277430991,0.802777227,1.07024599,1.104286557,1.264429857,0.8150876153,0.8248936248,0.9894774431,0.9625365914,1.045596152,1.098254068,1.20195393,0.9005178782,1.026477864,1.254770926,1.006670644,0.9886050964,0.1910926599,0.08464523789,0.8170731478,0.2038753515,0.0,0.679730678,0.0,0.0,0.0,0.0,0.0,0.0,0.0,2.125990226,0.4928571429,0.01923076923,0.007142857143,0.7879120879,0.0,3.544039244,1.882225511,0.7536365571,27.68479521,0.0,5.098681808,29.8000411,21.92719002,0.0,19.74844179,0.0,22.51475897,19.74844179,12.96557803,6.9237372,0.0,47.37110857,16.82083098,2.883960967,0.0,1.710001269,43.6,0.6131972789,0.4288548753,0.04044973545,9.627587987,20.78246748,-2.909144122,-1.147689069,-0.4462850492,0.3119019792,-0.02368572528,2177.837598,3.15,0.00255,-4.76,9.988964290873426,1.272652199259789,-0.9729121094889905,0.8733284505733807,749.9014827417641,56.15941170791922,40.73365185399187,0.5643009819128372,0.30337327244157203,1.04512190743341,0.5580830476548397,-5.457557597736399,11.00715659254563,76.97388866659733,-26.00509853310343,63.1049371331031,-47.14662875121597,-164.63598169432362,0.08618704242962019,5.71560189024315,1.8345389293834562,4.637828326472761,-0.8387713347446768,-3.5559439847332994,1.2129506567450254,-0.8103625746716785,4.70469136890504,0.07056627624915157,1.3404622190911226,3.0351306721455487,11.931806008136313,0.06042601018635137,-0.06662574819674397,-2.9855018267700735,4.563991845769,-0.3040751779867333,-34.56717318251051,2.4509970875058817,-12.729320178667315,8.344281722081096,-0.27743290686437444,-3.389870631514606,-27.845555490520688,-339.84111310386993,-16.87488790374799,-10.448852998468563,-38.578887030892,-23.17516913624977,-0.05992868424331548,153.77531020894247,1.78937494426487,-82.36131722036781,57.100346182383866,-27.577339678520474,6.719103422512809,-137.41320683741117,62.812393390990806,-18.37727682472108,0.3913213976546162,0.58186493384522,-1.0833623332611102,8.180608047716703
4.831551496,3.412371134,2.789948692,2.688571257,146.5993687,154.1669417,159.7211343,160.2334063,157.6714408,75.11964444,26.19964444,11.87,-5.64,51.66154758,-0.1033774514,-0.1345191316,0.08512529267,0.8909175888,1.07023076,0.8003754203,0.4779477044,1.034606877,1.101335129,1.173792156,1.065235378,0.8960468008,0.6650115856,0.9456140351,1.107795261,0.5603797909,0.915101555,1.376825005,1.392880882,0.8749425937,0.8701675144,0.827745925,1.15118977,0.8922866148,1.228012266,1.106504655,0.8681295929,1.058849269,1.006497601,1.038845107,1.050911894,0.1756174026,0.1589936585,0.8298151429,0.1110709264,0.0,0.6971368173,-0.4359976129,0.0,11.85223036,5.145563254,0.0,3.1530174,0.0,2.097914513,0.4942528736,0.0,0.005747126437,0.8053763441,0.03485354097,3.995408502,1.648447688,0.5652932501,29.79848615,15.03763008,0.0,19.41092589,34.57272627,9.531400138,25.25270269,0.0,21.95893118,32.63603612,11.28161936,6.9237372,4.794537184,50.71112305,0.0,4.691401677,0.0,1.431447135,92.79,0.6370068027,0.4930909864,0.03995833333,36.04326419,28.99992128,-5.985861375,-0.7117091594,-0.09575072774,0.2428381953,0.2028940593,2421.485615,1.34,0.00457,-6.95,18.868600829636623,1.4295717624839654,-0.29759038051842457,0.8513236983593223,728.2540490485464,73.12923898765247,95.4901873658415,0.6104885321199212,-0.14915394042272312,1.1728418397071734,-0.2558379359351368,-11.05544649387448,14.175212953146412,71.97481294555857,-56.0859396034781,124.97845644485633,105.47999759724469,-95.16434551623836,0.13617417150410072,5.782882400806278,1.5338200442597754,5.455635290666603,-1.405720833049788,-4.770837635503035,2.070070139208431,-2.3171779975909725,5.066129182143607,1.826380997138373,2.242737551935367,4.15191083896676,14.721028316472287,0.06119253751420601,-0.06786785674352674,-4.27870301830292,4.842446027230648,-0.8602088015251241,-19.321431197716034,2.1913321303318702,-17.260539370038117,10.207233159040513,1.1953974537005654,-4.794764704689272,-31.393347532897934,-529.3393653916544,-19.404865417055568,1.778428969211863,-40.02710516218451,-30.398145907793324,-0.08259328904887667,231.00658637310931,1.687596980269138,-90.65534041004307,75.79934218296555,-25.7979741874902,9.241119654276451,-116.67693749992297,75.57475917462725,-27.034354724122224,0.7006763845202092,0.8411511455664861,-1.5036115738832767,48.5066160002116
4.84872166,3.341463415,2.748106061,2.791894353,150.1287662,155.577371,160.8336168,160.1387595,162.5521344,75.49586777,-2.421487603,11.33190083,-3.483636364,47.59726111,0.02791545152,-0.06188380767,-0.06019558339,0.9983987644,1.185920903,1.1312054,0.4701755915,1.182222662,0.9728418609,0.9583467224,1.052699229,0.9470689873,0.7054229688,1.141330729,1.109865471,0.5704406583,1.312861561,0.6390663656,0.7748292652,0.871503092,0.9051268693,1.094277983,0.9608184825,0.9262473304,1.310822657,1.247799371,0.9763069501,1.056870471,1.169295384,0.8864739701,1.061783366,0.1343410739,0.07858035979,0.8586399347,0.06365387513,0.0,0.6904812668,0.7953104794,0.0,11.33939598,0.0,0.0,0.0,0.0,1.980502618,0.4707070707,0.0303030303,0.02929292929,0.7768518519,0.04335016835,3.765946344,2.01541337,0.9098018185,29.638011,15.61755573,5.425791397,18.20875424,23.62654039,4.794537184,25.38663948,4.992404733,11.38785599,32.20656318,11.33929359,13.08951281,11.37477255,51.71376917,13.26227256,3.918105847,0.0,1.519969228,112.4,0.7356462585,0.5130385488,0.0399537037,33.44055909,31.04069865,-3.435346892,-1.670162037,-0.2684374989,0.3533697405,-0.2098917096,2410.562961,1.49,0.0997,-3.54,24.492992518396566,1.4649755734685987,0.2060379511208572,0.7596801311865904,733.2368690218348,70.83097407494635,128.44249459020148,0.6103726390773783,-0.22200844450121437,1.0542618314235226,-0.5487448021791228,-13.538744283702766,16.448212569281203,78.46924783106483,-73.58850322978938,138.16804780566846,148.27202337285777,-85.83429199065239,0.15555472480244395,5.643532437056272,1.5807991134087565,5.106030091606702,-1.5308348242597738,-5.082935567248633,1.907237333232375,-3.0807883278427823,5.403358069365266,2.6289901300384813,2.4396294087372516,4.438660998575647,15.197179476527587,0.06672819532567556,-0.0625085587793717,-4.451116649156946,5.065372077478383,-1.1758361655525071,-19.1413381665826,2.4381702698283148,-18.474468012439665,11.380678750703437,1.0423728346960353,-4.959578611526217,-23.541004176404257,-523.9705313640461,-22.56931263547938,3.0776193865077497,-35.95423842436209,-39.1715779928366,-0.05650524562042282,267.5747418542577,1.6264270890803967,-86.33168106565344,86.98963887757519,-25.066336134487536,10.248575299821132,-93.88158625902847,91.510460065335,-32.10717921225276,1.0708467463229843,0.5864889926316053,-1.6160363032204095,66.90636388288802
4.850608614,3.7,4.12394412,5.584929757,145.2099007,150.9997198,159.6007726,160.6028503,160.1861851,35.08,-28.30567901,5.32,-6.591111111,47.18135908,-0.05662620013,-0.1550138167,0.1450244576,0.9658537332,0.8583093994,0.7148405057,0.4082961782,0.8446876528,1.115985009,1.218909838,1.20279857,1.410596581,0.6997198007,1.020738204,1.355650685,0.5995147277,0.7924413668,0.9613873454,1.075988583,0.7736881998,0.9814459381,1.054480569,1.092971536,1.281192165,0.891441957,1.17065636,0.9941708864,0.9669628592,0.9082043996,1.068597897,0.9389262985,0.2122845906,0.1526629909,0.7417047715,0.1539444827,0.0,0.6844934983,0.0,0.0,11.36712758,0.0,0.0,1.523836425,0.0,1.621602104,0.4826190476,0.025,0.01738095238,0.8673809524,0.0,3.799581231,1.107309365,0.6,27.16226232,0.0,9.614079702,11.33678588,0.0,9.184952232,14.59805822,0.0,11.25737949,20.88421875,0.0,5.817220841,4.390415048,29.69887896,23.46952001,0.0,0.0,1.460883267,47.26,0.3673015873,0.3359552154,0.04452674897,208.8221789,19.17433041,-3.185761506,-0.8106417495,0.09260569599,0.02337361608,0.06641800929,539.8377532,2.25,0.0436,-4.23,19.89386240369994,1.318686133208479,-0.47294250078332545,0.7341956151570362,812.6105662775304,46.810376421832025,67.11122717389459,0.5363271052363447,0.15185233436150178,1.2846783617606636,0.7644371638121483,1.9952335937514087,11.589220714180124,119.4187977830007,2.438131743245374,101.19004042218864,13.932453734137354,-166.44681531058163,0.12659975610378266,4.779586018234778,2.2454059792191488,3.899144309827566,-1.1872529870873718,-2.8161321498752203,0.40110160498528225,-0.8205300004620939,1.6419216028808927,0.24181319037040871,1.0197347916642296,2.8424515640479777,11.606783908089419,0.07974863423986367,-0.044439459865506424,-3.3236137378438912,4.943758208669834,-0.4580672466864718,-36.83809183983243,2.681361673587274,-11.818128801466989,8.561683307459692,1.2269227329186256,-4.173768072546637,-32.09772149605069,90.01917492475867,-20.690457464124965,-21.22345600663304,-32.14213959857207,-25.259267766683887,-0.09145451608865027,182.44582162286812,1.653602143000535,-81.20612772625019,61.484710819049916,-34.194451637755066,6.90070790336336,-131.6889551530459,51.55371643780674,-20.671869642163678,0.7380875119079683,0.7204821311157488,-1.6314762514718826,-24.850263679182582
4.998950662,3.634782609,2.343209877,2.098566308,144.1851809,150.8419307,157.1409259,157.1307331,156.3895983,84.22907122,-138.755935,15.6122449,-22.40816327,52.07746353,-0.0723920825,-0.1537992578,-0.1695336829,1.291044865,1.145307783,1.07729835,0.4237798681,1.048971596,1.191190135,1.223242147,1.309652846,1.242377808,0.5886792453,1.006451613,1.32173913,0.7820508886,0.977530557,1.294388551,1.169309747,0.9097212439,0.8877379939,1.07607442,1.069253308,1.01391603,1.131625525,1.189452481,0.9769784468,0.9299587479,1.228789108,0.9765857501,0.9516078848,0.1811246968,0.08022885623,0.9048170651,0.2052184453,0.0,0.6807446078,0.0,0.0,0.0,0.0,0.0,0.0,0.0,2.151216564,0.4851851852,0.0,0.01481481481,0.7592592593,0.0,3.34144599,2.273263854,1.066625765,29.28526947,0.0,5.098681808,38.11294267,11.21062871,0.0,19.74844179,0.0,22.51475897,19.74844179,12.96557803,0.0,0.0,41.98488435,22.20705519,5.33564435,0.0,1.785102788,43.6,0.5251247166,0.4453656463,0.03528395062,10.62986842,14.69025353,-4.575509382,-1.338907896,-0.1111993468,0.2818209518,0.04606378681,2086.58422,3.09,0.00274,-4.91,6.292571044208179,1.2305875869876712,-1.1239811371890582,0.9202662140693149,738.4772780082744,61.067847532689065,48.71769152943251,0.5819495777345293,0.3127559007135461,0.9445722444559921,0.6322612200865716,-8.416265314894586,10.6814720250988,59.53973609034607,-39.880532110236004,47.229961836911436,-79.7955473518716,-161.216262323855,0.07770718840203444,6.094033767618234,1.6725476452251773,3.8788923990431354,-0.4310151360692549,-3.7015783123642336,1.2883379998792275,-1.0391750228052148,5.3561912396374405,0.2051343888661935,1.3824904831019844,3.071691547516493,11.9929984732175,0.041976070074249,-0.0714967110605034,-2.6821881992318573,4.645238313602756,-0.38575524003103473,-37.760127030877996,3.596928550983833,-13.697698702996078,8.745306979466239,-1.3436227051970129,-2.9151210969259838,-23.1159778459931,-435.93670914555616,-18.778042521335564,-4.311438347123114,-37.19481024693615,-23.886552255181716,0.02204124954765994,158.6616670158101,1.7650209918692568,-76.24299097425025,60.4548720689557,-26.081804675928147,6.60975851573311,-127.00650442537051,69.34750147709066,-17.433948449947685,0.10675114602176106,0.31624203773735204,-1.2420764452694315,19.392245188149182
4.877473763,3.355555556,3.605429293,3.680365297,151.5257649,157.2635962,163.5218903,164.3794591,161.3458172,49.0,36.77777778,9.346938776,3.859410431,43.49756155,-0.05537400896,-0.06680925073,-0.06967460441,0.9874788557,1.11485472,0.9810562833,0.4052873563,1.012147335,1.090129795,1.027356322,1.054320141,0.9005668399,0.6710431655,1.032374101,1.109802158,0.5953059769,0.9977456833,1.131097181,0.8326726416,0.8267878547,0.8556774354,0.9731562305,1.13426717,0.945896658,1.054130241,1.072343379,1.026409886,1.029778526,0.8093704142,0.8210777852,0.8904870432,0.1524828092,0.1475073878,0.6258641428,0.08765981412,0.0,0.7026070582,-0.4136118403,0.0,12.0483115,0.0,0.0,0.0,0.0,1.686829229,0.4573129252,0.05357142857,0.04268707483,0.8531746032,0.03951247166,3.766037363,1.62628006,0.8337988097,33.15383706,10.63357721,9.780484743,0.0,17.57815784,13.57536728,25.06523039,0.0,11.25737949,32.82722828,0.0,11.63444168,24.95013983,18.19910121,24.12316206,0.0,1.501980667,1.426901074,84.73,0.5968253968,0.3211805556,0.03952020202,14.02949913,16.17687259,-2.922220665,-1.904626993,-0.1552706544,0.3627522401,-0.09845408509,1859.334395,2.75,0.0316,-4.06,27.435373984929363,1.4557884333722344,0.4257820040170499,0.6248336871380831,880.9893989645557,56.07953690570337,128.5685112345294,0.5883244031208373,-0.09733075268279502,1.1696736764338558,-0.16410811939237524,-1.0768722404486626,13.058994875099826,112.4653587141341,-22.38014225814715,179.1169619512283,164.31651391945752,-123.34682592824758,0.15095621104152523,5.082511023473305,2.0170721434033814,4.45675246117016,-1.1896088963752915,-4.2957498196244535,1.3869581327510612,-2.589252460606687,4.794302622035604,2.4517088939681724,1.9717441836174974,3.8602270438036506,14.157646395331149,0.08133578163183783,-0.047960761785603746,-3.670860365602359,4.907213582670729,-0.6902088164677218,-23.934837070158565,3.8221057202451663,-16.42212248149203,10.794257219443825,0.3160984873306638,-5.524833535074257,-17.152992035466468,-1.0393031540917406,-20.648986205622165,-20.93196161881785,-32.72499976169628,-34.80804758177333,-0.16560334468495552,246.00143288163656,1.5117311868131118,-87.62416048841366,91.55068017988705,-33.2686216624361,9.876834589251889,-101.81027032783088,74.67126176207903,-26.808480562703423,1.2857036682341372,0.20444400008362829,-2.135533341439247,27.266570766618575
4.853464981,4.1,5.453186535,4.534979424,147.4612651,157.7221058,159.9476082,159.1225334,162.9607215,40.2265075,-81.96755433,3.752066116,-11.12396694,43.86052541,-0.02532760127,-0.2289025083,-0.337053202,1.066337923,0.6916775797,0.8996855229,0.3964611406,0.7824128347,0.8466251836,1.087901579,1.329232471,1.56203012,0.9346405229,0.9322033898,1.175490196,0.3591895554,0.4570906609,0.8341697233,1.049784255,0.7117645346,0.7793836392,0.9520079746,1.339381988,0.9366503436,0.8505278771,0.7492637709,0.5185500431,0.9734528773,0.9434064182,1.424684863,1.45619129,0.1746651557,0.2350145504,0.8991335537,0.1350287976,0.003018408053,0.7040406978,0.0,0.0,0.0,0.0,0.0,2.703659126,0.0,1.810150227,0.4843253968,0.0,0.01567460317,0.903047619,0.02512698413,3.995024711,1.049369409,0.4928685608,36.71808007,4.983978521,13.17124514,6.066367068,21.4210879,13.17124514,19.93591408,0.0,21.95893118,19.93591408,6.176298517,6.9237372,13.17124514,15.91054863,22.67357176,1.792035689,0.0,1.332445565,54.46,0.7413151927,0.5721017574,0.05052380952,31.96666154,30.5186832,-6.198717848,-0.5802035465,-0.309865363,0.155164361,0.1592967637,2275.114305,2.09,0.00251,-6.27,22.286169868324635,1.388771346702573,-0.48488557666495113,0.759074693222701,890.0133870106398,52.23132713709761,71.27206512645913,0.5492131729578649,0.03201064203908605,1.302155413761108,0.38049710968808437,2.582274684936881,10.671674313600406,125.9654317830417,-4.7129416794301955,124.35886154930645,54.97421965240329,-159.95200329349163,0.12242884370447066,4.9146885236032665,2.3671038481009727,5.07007542211832,-1.5215796862391504,-3.6611108832655272,0.8903358078353532,-1.1028631037829557,2.903902526850029,0.43363457271649775,1.3233515067657042,3.2814435284480314,12.470136917403043,0.08327720898810499,-0.05437226169809548,-3.818213668242729,5.123965531249503,-0.3311496033797962,-33.50615841636536,3.9982462565934966,-13.508930433867762,9.490500123137519,1.3010891332636558,-4.939740990361118,-42.38433278637114,-9.01060748662205,-19.009017902734623,-24.993387711989616,-38.565313894165264,-25.21095862517638,-0.17976496982601553,198.57814968855845,1.574238966468995,-94.97224958035576,71.47287836076777,-35.66482662733976,7.764584940949865,-148.2076194293583,56.19840720920077,-20.42655443370081,0.9544699878466266,0.7248707098406078,-1.7086731629182363,-5.159036093119532
4.874762888,3.428571429,2.784425451,2.87962963,146.2217091,150.9941239,157.9963401,158.5402442,159.9072869,55.5171088,-23.45905421,9.852748943,-7.83160323,47.91974111,0.03965672389,-0.08469110507,-0.0283177358,1.161434476,1.029803856,0.9587730547,0.4816028966,1.128865679,1.08711971,1.017586478,1.112031134,1.008931429,0.6668742217,1.167654302,1.138392857,0.565111774,0.7913171568,1.048155457,0.6112380475,0.8091796514,0.9053723345,1.04259701,0.945187391,0.956465875,1.182217953,1.209208366,0.9438083753,1.101271972,1.132323358,0.9473387046,1.040676543,0.1627685423,0.07234939331,0.7702072531,0.06541342195,0.0,0.6848636974,0.0,0.0,0.0,0.0,0.0,0.0,0.0,2.004272784,0.478125,0.015625,0.021875,0.7588235294,0.02867647059,3.518533745,2.153891597,0.9798856559,32.01951086,10.30076712,5.261891555,12.13273414,46.29261463,0.0,24.9198926,0.0,28.71445679,24.9198926,6.544756406,18.25485007,5.687386275,50.88435568,0.0,2.468875052,0.0,1.643342141,103.17,0.5731972789,0.6198625283,0.045,26.81160078,31.05677271,-3.032394041,-1.691975118,-0.296404184,0.4181105421,-0.3103246066,2240.776417,0.92,0.00688,-5.11,23.92435102894357,1.4330338502621582,0.15027141817446288,0.7298630409083692,696.1071664933577,60.56149775213352,95.75431801456689,0.5939202263648783,-0.0855067035833611,1.1351116236754057,-0.41882348271495706,-10.033342001794853,15.751745423245167,91.70427874269143,-54.55502076218003,143.8227054572129,152.847744987638,-105.5899552203126,0.14872240523803457,5.337351965569816,1.6956864059208594,6.431270381844569,-1.8114667406305873,-4.748736366031118,1.9871663529247754,-2.3481696252722237,4.907747793472369,2.2179224030241,2.2079757561547844,4.111240672893522,14.188976413320255,0.08973388487376938,-0.05763162626834368,-4.5758002772590105,4.59261149149825,-0.7631305253820098,-15.946102513954447,0.9773150591316502,-16.359616115671244,9.62049416618906,1.5447836110958215,-4.836780882850388,-29.662050111906517,-486.72824338953933,-18.25210762808465,-4.975999159661986,-43.65384545638797,-33.75483145000006,-0.15585834674450347,228.43926921637348,1.7120803069950878,-89.15536439636315,73.91239835908178,-26.035904507578607,9.665674981666557,-111.9046103182219,76.1631598844518,-29.937445200053602,1.2672749810483404,0.7773814635238105,-1.4744768384764275,54.50909163301047
4.99633447,3.066666667,2.466666667,2.283702409,145.045857,151.7808163,154.5847109,162.0658088,153.7869852,91.43252595,-111.1868512,18.88696655,-25.21607074,52.22564214,-0.09577186839,-0.004723994585,-0.001318857314,0.8204296587,0.923798806,0.9197600469,0.4745684031,1.043212565,1.08311348,1.36831172,1.206264518,1.110483351,0.7604015041,1.435418941,1.159934498,0.5303073254,0.8992749702,0.7568720209,0.7937709652,0.9811979846,0.847892995,0.8060504642,1.15128987,1.17929948,1.151053834,1.150658022,1.213894295,0.9923983499,0.9381128886,1.083114681,0.9984535941,0.2926393097,0.168850319,1.762182231,0.4665289338,0.1020620726,0.7105510391,0.0,0.0,0.0,0.0,0.0,0.0,0.0,2.055152759,0.4820512821,0.01923076923,0.01794871795,0.7580246914,0.01761633428,3.303997161,2.368428181,1.346490872,28.37327328,5.106527395,5.098681808,45.89405,11.38785599,5.106527395,14.76446326,5.414990469,28.26427081,19.87099066,12.96557803,5.414990469,0.0,41.174265,5.693927995,9.890925645,0.0,1.737281155,50.94,0.8785034014,0.6823270975,0.04949864499,124.1941533,18.79239773,-3.597444181,-1.302169865,-0.04458693,0.1663626326,0.09362744359,1856.890625,3.06,0.0027,-5.28,6.661948304139079,1.2450458072640567,-1.1670290124337972,0.9522668017754364,729.2193101323819,65.46427468093022,50.62446236381577,0.5933019035631195,0.22358387741796654,0.9537028643778649,0.4167808990797812,-9.575427915393202,11.15034157830597,53.441222513936964,-46.3698193748749,49.5434822347148,-75.95725664708982,-148.2074388715346,0.08310726670465218,6.216645394965987,1.6582335088199935,4.067057016391651,-0.5362118527082147,-4.005608636408308,1.4830514984740657,-1.1892770057867428,5.567729330627561,0.336062604704636,1.5475690909399429,3.268894516642667,12.382068552323094,0.04336296298361829,-0.07270731961891713,-3.049123989740285,4.768857725767332,-0.4883794766809602,-36.774655818688494,3.923152150059403,-14.569830427633091,9.373646398465064,-1.294580571779638,-2.959595067183045,-30.760424723157314,-495.1520572054709,-20.926522800746724,0.46305148097044935,-38.54735738220836,-24.719794108127253,0.0409995996760176,176.65963094037002,1.7439224230746593,-76.97295589060057,64.4606418079314,-24.836050491540114,6.8246681227404835,-126.71825364935356,72.93555044604886,-18.216151557708173,0.07664525018878454,0.3563143393594477,-1.2560753538786966,28.596200578511148
4.83287049,3.280898876,2.793103448,2.854642314,149.6517217,156.7887235,165.1300249,161.1284905,163.1065269,74.27852893,75.41319632,11.26608978,1.135208221,47.50931806,-0.1940148838,-0.08331887009,0.08640454012,1.31642711,1.322431658,1.016702807,0.3869798971,1.039052346,1.026194743,1.266190829,0.9712334693,0.7252172632,0.6450498108,1.044650369,1.297543257,0.6101764648,0.9604706502,0.9095742073,1.485893777,0.9001993602,0.853075442,1.036944541,1.049558482,1.070124523,1.170095256,1.250283439,0.8916500422,1.005423611,1.067359088,0.9758674735,0.8242227403,0.1832797149,0.08637282833,0.6617085363,0.05720369498,0.0,0.6959864369,0.0,0.0,0.0,0.0,0.0,0.0,0.0,1.907275554,0.4686813187,0.03846153846,0.03131868132,0.8153439153,0.01982091982,3.743368755,1.682895999,0.7237073367,28.33828488,5.316788604,5.098681808,0.0,17.57815784,4.390415048,24.73242031,0.0,11.38785599,24.73242031,6.544756406,12.74095804,15.7651876,34.64685839,6.066367068,4.618875901,0.0,1.51914289,68.52,0.5111564626,0.2803996599,0.04253753754,32.21497008,24.2729562,-2.989518449,-1.516796498,-0.1333143151,0.3854469559,-0.08393550899,1305.357101,1.75,0.0436,-3.57,17.537269330800374,1.3696540429456578,-0.4016676212849981,0.7880770864817428,829.0694105017418,61.580786325937694,96.05955590893397,0.591775978502971,-0.003323605445584115,1.0338950126503517,0.15655677654444022,-6.885647281034336,12.218633075322773,84.22516732397021,-43.23132838374982,112.41520815589664,37.951628802509745,-143.92543058943818,0.11086127698200343,5.796011862828355,1.9031039690491087,4.326329703683122,-0.9279812601973085,-4.362626494447516,1.360259319693344,-2.00462416091284,5.0272471184346585,1.1105192304867435,1.7588712728183258,3.642512612748816,13.4911988650326,0.05224825933453425,-0.0688522650434841,-3.286104504332452,4.931744574074435,-0.5910091957984906,-32.97895545840171,4.1860981026545625,-15.965130433990673,10.453153161459369,-0.5182538740188771,-4.301504671988908,-21.74747233204956,-250.91013037706642,-21.476570508539293,-10.241516487299375,-36.58357462611562,-30.857602721693407,-0.08289230159215231,214.74676811245433,1.5715964595212797,-90.30867378808739,79.6771274211329,-29.23279754558735,8.526484080768757,-120.75529939565351,80.68590473793253,-22.890875483404308,0.6499670704588668,0.285652120381551,-1.799845512188416,33.168323913292326
4.808350992,3.307692308,2.595588235,2.598870056,144.7629259,147.7589175,153.50475,153.9041889,157.9388272,26.51862673,-0.1607012418,6.734842951,-1.685902118,49.22976446,-0.1005165051,0.09118856424,0.07486897859,1.233316744,0.8490926167,0.9127689359,0.563096817,1.017292389,1.040318302,1.090552143,0.9179279139,1.025513645,0.5911242604,1.079036348,1.086253983,1.03106203,0.8978491903,0.9035789474,1.115573061,0.7846235028,0.9533476093,0.9340563371,1.007845284,1.090007646,0.97878136,1.152129437,0.975662232,1.155467498,1.053043714,0.9989757454,1.077909055,0.1934537568,0.1287815026,0.4238365946,0.0761440227,0.0,0.6732572563,0.0,0.0,0.0,0.0,0.0,0.0,0.0,2.076018519,0.4826086957,0.0,0.01739130435,0.75,0.01956521739,2.774861885,2.434591481,1.11403462,30.60576651,0.0,5.098681808,36.39820241,11.38785599,0.0,20.16532066,0.0,33.77213846,20.16532066,0.0,0.0,0.0,33.77213846,0.0,0.0,0.0,1.735372024,54.46,0.2586394558,0.1962159864,0.02134680135,53.96419523,20.9493021,-2.789726047,-1.178525788,-0.09450641028,0.3661234005,-0.2843668516,1329.437404,1.91,0.0207,-3.87,20.416247213388058,1.3350027193916982,-0.3725558533591977,0.727319517606912,751.2373250325139,45.281449734466825,59.94437853738528,0.5298305336235268,0.1949541249993092,1.30046028081454,0.6337716410449205,0.3551038948762404,12.515601344640336,119.6102478208926,-1.25041354310921,97.80573006871771,38.61527921973776,-155.79763716075766,0.13372226100696732,4.65950991928139,2.2057931615251443,4.573274039373209,-1.4609938841837544,-2.8069858524677596,0.6289053318265188,-0.8180129826126616,1.8193815088343237,0.5871299999170206,1.1090213927059858,2.8922449416337273,11.532068321483578,0.09448829468888581,-0.03813246917632404,-3.5965778274161084,4.712991754887435,-0.4505478941914777,-30.748129498962747,1.2037098388627916,-11.614529178583393,8.053927462897073,1.9420335572946559,-4.164770563531834,-34.37290861376191,-17.93358734516896,-18.375659504508675,-19.717447299104304,-35.090063660976185,-25.488900114996884,-0.15001450960797938,174.44072830476438,1.767491832130828,-80.11253281247865,55.02902560306207,-32.64335627750018,7.089579160476509,-133.2577094550875,49.06939346143358,-22.496179709908436,0.9768956867156143,0.9031452368765566,-1.3451013747271792,-22.4375294808793
4.814805348,3.534883721,3.873677249,3.404320988,144.7227279,147.4050701,155.2240072,159.9378992,154.4561001,25.69303986,26.10826889,6.431290898,-7.850684117,46.23770573,0.0584850184,0.08927022399,-0.03699110817,0.7177619018,0.7433106859,0.8252219138,0.495530168,1.036737698,1.161312321,0.9090909091,0.8598944628,0.8661781211,0.7253674469,1.150452718,1.094322982,0.4825250131,0.8028411052,0.9775436168,0.41702611,0.7567441633,0.9711726078,0.7845234312,0.9408536473,1.074461045,0.9275797067,1.073783433,1.104481501,1.004902277,0.7977153753,0.8818053521,0.9201523475,0.2140199639,0.1501865618,0.5974907466,0.08259517058,0.0,0.6963983015,-0.9841012049,0.0,11.04215076,0.0,0.0,0.0,0.0,1.873950546,0.4686067019,0.01851851852,0.03139329806,0.805090312,0.03741409718,3.166620655,2.190931349,1.160085922,33.70273077,10.09050592,0.0,18.19910121,22.64523548,14.29147963,14.95193556,0.0,34.03309147,26.02776825,0.0,5.817220841,4.390415048,11.12690298,24.26546827,0.0,0.0,1.639376376,78.87,0.4570521542,0.2795493197,0.03757834758,133.7769021,25.04206361,-3.050304278,-1.346285933,-0.239957759,0.343601045,-0.205236377,1771.427832,2.78,0.00673,-4.98,25.770910813725237,1.4037475852833345,0.09565437890910622,0.6826435299262275,747.581748478087,50.04512894246328,82.78194528991352,0.5485616474980233,0.0009148281913493976,1.360825929139163,0.042785274520775296,0.17349640883205542,13.668033956526651,120.88423688453032,-5.6093386019256455,146.00019632650233,126.909342062969,-117.41860912924285,0.1605514870202019,4.588581169570879,2.1496560347234634,5.290164121570185,-1.7655672489528338,-3.446501457596403,1.1328651951057072,-1.5332057626345406,2.5930474022987124,1.7054906008886692,1.661755989969385,3.4689099564401245,12.813016815240141,0.10748126010673636,-0.0325942882631151,-4.308784945782872,4.688976634840918,-0.5965775307001219,-20.757826048458067,1.33837085158445,-13.664052980911263,8.835565197311881,2.3622111237765657,-4.9044503983230125,-39.56911129988713,-105.7705268232487,-18.86820429149869,-17.128055980668048,-37.44379515590227,-29.399328199823575,-0.17663178302211363,215.64224624235487,1.7361463491437379,-81.28179275031455,66.28647108442061,-31.252699253416946,8.467858318280072,-121.14040511854205,52.66920505198238,-26.63664956720595,1.402365502917731,0.9266965364566129,-1.4603895398879532,4.151081255212951
4.773957061,3.465517241,2.506858711,2.574133074,142.568784,147.0264186,150.228361,156.1724908,159.8089967,37.25823401,-42.15075398,6.387543253,-10.49134948,51.19414657,-0.1232475129,-0.06048862328,-0.3969541693,1.054521134,0.9514008569,0.7659585896,0.5496909568,0.9484975008,0.9355006689,1.28728987,1.498679609,1.328864352,0.702740662,1.076825843,1.046033514,0.9764116598,1.01926616,1.03888694,1.590509625,0.7324090131,0.7950806361,0.8949825732,1.429588173,1.141796019,0.9601897125,1.168403169,1.072127304,1.140327832,1.156503074,0.9274549705,0.7764336092,0.1752600273,0.1713114299,0.9040054457,0.09878289721,0.0,0.6865492513,0.0,0.0,0.0,0.0,0.0,1.592402954,0.0,2.137281307,0.5112554113,0.02272727273,0.0,0.7978354978,0.0,3.343809532,1.743653309,0.9045555148,29.43827486,0.0,5.098681808,58.8330126,11.89077157,0.0,14.59805822,0.0,21.82845468,14.59805822,0.0,6.9237372,0.0,31.81196091,5.563451492,2.084179544,0.0,1.613859381,30.19,0.3788208617,0.3411635488,0.04555555556,98.50396462,23.86903746,-4.431175036,-0.4233779371,-0.2706113907,0.3611107697,-0.1605658084,390.8279117,4.07,0.000727,-6.13,14.13114780608689,1.278010728500682,-0.9625270853680414,0.8077860525852909,778.8709312767475,46.4066934186918,31.27986219208532,0.5246688183768182,0.26879406552378343,1.2379725367054053,0.9254971196352866,1.568770710744201,9.646452844137055,108.97424320376123,2.043327768301806,63.57416381523098,-35.748747175205736,-171.37493498500845,0.10119228899848896,4.733971438155479,2.2279104596262007,4.493333418283694,-1.1510925809954404,-2.683292621278647,0.5635489399384996,-0.10261838149913194,1.819687857673167,-0.7409645433872923,0.7642208352588652,2.5708616409090075,10.696789157231294,0.07285409092561883,-0.05287805449831524,-3.2374961259122275,4.70416960703986,-0.21418393530561267,-37.24506140888374,2.5607161345712806,-10.279485493181063,7.613928288126456,1.2477845876677556,-3.930274122700273,-44.29163840942098,-11.471228565067165,-17.1601425676419,-21.01482281492067,-35.50237067878079,-18.890471542729934,-0.12506665102997175,147.63594302423124,1.7432353535457423,-82.90436963458288,50.92524594680067,-32.71534395118431,6.0151703920778665,-151.27463527345853,44.41924829387696,-15.843417345151517,0.4040202503802297,0.9169870790356628,-1.2041291789976025,-27.51837997354368
4.84886367,3.345132743,2.631858711,2.624958292,145.9770422,152.953981,152.6842497,157.4450447,164.3073057,79.47213322,-37.51675171,13.71306515,-8.124599502,51.38666017,-0.009400924818,0.204855339,-0.001069349544,1.005233256,1.119522259,1.156194186,0.4977187343,1.033742759,1.029176312,0.8970563132,0.9653634742,1.080027722,0.663694868,1.126869159,0.9829832107,0.786586176,1.13598634,0.9583783785,1.173372775,0.8593066484,0.7802333168,1.32374746,0.8180613897,1.260601618,1.160368181,1.018835717,1.129072193,1.079834249,1.329678525,1.146837014,1.020986166,0.1655533624,0.1023502624,1.189562466,0.1146045727,0.0,0.6894086529,1.035422336,0.0,0.0,0.0,0.0,1.628356245,0.0,2.204546418,0.4913978495,0.01612903226,0.008602150538,0.7708333333,0.01518817204,3.623435714,2.104484741,1.194041746,33.67938053,5.316788604,5.425791397,52.80517724,10.57107519,0.0,20.40266096,4.992404733,11.38785599,21.31540493,6.544756406,26.93698721,5.13155848,45.37412621,16.69035448,6.966363136,0.0,1.606975805,67.51,0.696462585,0.5130385488,0.04419753086,24.93919058,26.14319643,-4.681897176,-1.321207125,-0.3160646832,0.214884952,0.2585630642,2128.759623,3.25,0.00148,-6.04,14.46343882449112,1.311439305831863,-0.7207242374238823,0.865324861586137,749.3916601532165,65.38796395428727,77.78981757329157,0.588482023700692,-0.03249645173343717,1.002467619983713,0.2813330907232121,-10.479196304095439,11.926705721625988,70.58522675278671,-54.465631569642426,78.8581835141724,0.24285566820889315,-135.90416571814737,0.10668655807671254,5.763933514032261,1.8011258772088667,4.286970187617957,-0.9490777208310355,-4.1373418232774615,1.3227762160852437,-1.6229910105607805,4.419011947082686,0.7981284544438906,1.695806529592439,3.5357282488529425,12.944814458879053,0.05012515757258568,-0.06651782774642401,-3.47356063211153,4.932268389102885,-0.6746729109358844,-34.23807926450411,4.262181231960753,-15.451406879845598,10.29873336437914,-0.2057662389882326,-3.698369265920266,-31.045167041407495,-375.2189534466155,-22.174461055730344,-1.67157125649838,-36.533450883623416,-28.425698737071404,-0.00430174580616992,204.84444285246622,1.6361512697551097,-85.1508433359821,71.5439093654899,-26.37237910376648,7.9092147178013725,-120.15943229910317,78.21269839390311,-21.802755894674434,0.3968978763872464,0.4716087835800065,-1.5645360732626692,33.564490168713874
4.903407469,3.638554217,2.775983348,2.513594118,143.9205754,148.497033,155.7072841,157.6903983,156.1471078,47.5648778,-49.07432603,8.611111111,-11.11111111,49.36971113,-0.3256048181,0.007166955336,-0.2231714005,0.928830155,1.359112878,0.8892957006,0.4925806497,1.046212291,1.096330246,1.262825586,1.087030257,1.06378838,0.6357555488,1.046116046,1.09849187,0.806176138,1.059650804,1.134986036,1.36756626,0.7586816813,0.8736319481,0.9087220074,0.7062011674,0.9363242298,1.097914098,1.162316982,1.069299139,1.153244123,1.001694662,0.9636005185,0.945521376,0.1884334693,0.1109721935,0.7609291239,0.09332482137,0.0,0.6747025075,0.6099706843,0.0,0.0,0.0,0.0,1.623420283,0.0,2.091736636,0.4938271605,0.01851851852,0.006172839506,0.7666666667,0.01728395062,3.421298286,1.971019137,1.017358475,31.3110809,5.316788604,0.0,24.26546827,21.41454618,0.0,15.28474565,4.992404733,0.0,15.80357683,0.0,13.08951281,11.37477255,44.70847628,0.0,1.966259719,0.0,1.645994822,64.27,0.4734240363,0.3871527778,0.03834795322,20.66219208,30.25372769,-4.349804826,-1.364894195,-0.2638964467,0.3145197949,-0.1177401881,2341.143937,2.83,0.00211,-5.7,20.38996276612471,1.348591144310955,-0.35691622128444167,0.7475753838471181,792.868612423326,53.49744646434858,73.38836005754219,0.5567682834504617,-0.032981196157681275,1.171895983008401,0.27796090565489995,-3.455548938666656,11.081276488385464,106.31084150289914,-25.43061390472394,111.61503053962926,56.54193686817705,-139.9900595897258,0.12364965612049136,4.963914164994254,2.121529292119964,5.008868019003932,-1.3509914532899567,-3.6993640637006315,1.0913585835518431,-1.3153311557990497,3.2941514393206095,0.7737725143921729,1.4507357408543475,3.30400759307199,12.334046427300933,0.07621714586708017,-0.054128964908476705,-3.781806655420694,4.836707892931484,-0.47106439928021526,-29.690378178584695,3.389060042193191,-13.984134448608373,9.413516982877294,0.9638894307905368,-4.376030601794302,-40.70695448429326,-162.00990095791644,-19.905187655625863,-15.4291773243643,-38.12636637697222,-26.7218315155208,-0.13048692370931564,204.53484637618274,1.629097549261379,-87.7168980551793,69.25450894504712,-30.522523784468316,8.029528931918598,-130.32139742432855,63.83976345459729,-21.23035263865015,0.8801998461474428,0.6501912460810281,-1.5809002044982639,15.833472578434197
4.91143227,3.472727273,3.905328798,3.804257529,147.1889596,150.5716193,153.3000036,156.5291915,157.0717226,39.74102079,-35.96030246,10.59924386,-11.68809074,45.48331132,-0.0008832956259,0.005339956495,0.08903173059,1.060415245,0.7549113867,0.922099812,0.4916131253,1.000354625,1.047029998,0.9582893529,0.9766345731,1.03765017,0.6291793313,1.077760892,1.029566179,0.5904261633,0.8753185132,1.101000288,1.008770503,0.7707667714,0.8555152636,0.8821284576,0.8639818236,1.070424328,1.035286165,1.106167404,1.142212589,1.19186736,0.9991903616,0.9850828399,0.9372538201,0.1536183472,0.09459016054,0.7090739295,0.1275821809,0.0,0.6888187153,-0.5318461614,5.31165637,24.77564615,10.84841365,0.0,0.0,0.0,1.850266211,0.4644444444,0.01666666667,0.03555555556,0.8050505051,0.05050505051,3.506544483,2.017017473,0.9830278467,33.15744284,15.20739338,0.0,12.13273414,22.63869376,14.26826309,14.76446326,5.733667477,39.70116891,27.4645853,0.0,0.0,0.0,0.0,4.681802935,0.1482791863,0.0,1.557441303,112.23,0.6815419501,0.454010771,0.04024305556,166.0474505,28.59171415,-3.363356727,-1.700926633,-0.4891252624,0.2840054021,-0.4165042679,2079.53101,1.9,0.0292,-4.4,26.562068533999163,1.479129629477891,0.31954204758808935,0.7334172535337318,665.3453811705258,60.00203254508387,103.54997177324904,0.5743680051860309,-0.18504103795387994,1.5401160069891606,-0.061162655254072495,-10.212132878084022,17.819121898863898,111.98210699388824,-33.958150353634224,154.29853056708234,142.22978933334122,-58.982659741391636,0.2056432064373356,5.186142272233275,1.797363692881171,5.008797661895868,-2.0819700326205206,-4.0097204398291,1.6399912064305333,-2.17260059765919,2.8699475647342267,2.548660584870256,2.0393735394249344,4.055446327666664,13.895468281598115,0.08115924039190744,-0.03610307636623139,-4.965903888075083,5.180294571436441,-1.1298742688233785,-12.748015071674796,-0.34057530974450123,-16.716801565536596,9.511599657140657,3.1713327995551697,-4.6666292697337575,-33.00970070872396,-437.34419956844147,-24.53543508912695,0.5171946628622646,-39.84999228050647,-36.40573659769193,-0.12645332405521362,282.36685435298364,1.7774326302241434,-87.01864622081298,66.41556376899665,-29.264384010237308,9.380822530537788,-122.18708829779513,57.268008117658326,-33.66998395270449,1.3564352297636362,1.1168722968707943,-1.416216356474174,33.56385544065593
4.88992845,3.753846154,2.794797178,2.942307692,144.1027622,150.3402747,157.2832898,158.2228931,154.7643358,38.23385369,35.15559637,6.644628099,-3.049586777,50.02006968,-0.02647993937,0.0763616943,-0.01540645135,1.176492564,1.021465435,0.3819553817,0.449132869,1.051293869,1.258961491,1.02689219,0.8366360391,0.9559527936,0.6111111111,0.9166666667,1.379881657,0.5735961645,0.9090066247,0.9275138058,0.6093650198,0.7963795128,0.9313135829,0.8808674439,1.207712225,1.335756738,0.9994501054,1.080802063,0.9801829355,0.8785771904,0.8789046908,0.999384296,1.171450206,0.2313117594,0.1229123691,0.5242119621,0.1086331621,0.0,0.6778019067,0.0,0.0,0.0,0.0,1.745355463,0.0,0.0,1.954116119,0.49138322,0.02380952381,0.008616780045,0.8229024943,0.0,3.3579855,1.68640862,0.7167116501,26.16116463,4.567099648,0.0,17.82825202,11.38785599,4.390415048,14.53505669,0.0,22.64523548,20.2879103,6.544756406,5.817220841,4.390415048,40.09928197,12.13273414,0.9231580688,0.0,1.606288741,30.71,0.2719274376,0.2777777778,0.04094444444,4.069284137,19.98217491,-3.695747383,-0.7633718554,0.00284819115,0.07937513201,0.00896802514,1654.378846,2.52,0.0287,-3.8,15.166489917679499,1.3209257682171178,-0.8425144345712208,0.7898481748869517,821.8859581833024,45.55969044723509,43.14400378604442,0.530518235536531,0.34088702491719913,1.2750968786420653,0.8196534438644911,4.29294308908175,10.501615388400857,109.85198668346305,11.403992277386845,82.26083482072522,-23.757838525278405,-171.13345557764546,0.10741404037591015,4.9281407767164325,2.221016011778193,4.283054978599258,-1.0850179351386573,-2.8459937243948286,0.6156549648980583,-0.39765400377706506,2.375239677839958,-0.4883022560820761,0.8506466263725581,2.675118973085774,11.247405429051838,0.07279176834411571,-0.05434031286406713,-3.189043017326094,4.727937071452945,-0.1864472796870514,-35.987520895533635,2.210211950244829,-10.937351853251071,7.786157680509052,0.8125299871413115,-4.170636663357729,-39.52323567093497,47.38726041366239,-17.389341554668235,-23.791494215660403,-34.96858286115302,-21.51281803998277,-0.1280368563803908,159.90797451032842,1.7297653590563837,-82.21216445210756,57.15889403318101,-33.9991146191428,6.227471593796283,-149.59266422662446,46.69745295347131,-17.161873056314388,0.47152751510483726,0.8176022727224337,-1.2084810954127447,-29.874084593896576
4.821864782,3.0234375,2.528490028,2.638383838,146.3467283,151.2254929,157.186806,159.0318735,156.633458,50.20297521,43.61818182,8.479338843,1.247933884,49.47834402,-0.07109127655,0.0355086687,0.144729708,1.098436452,1.016168077,0.7786952573,0.5436466395,1.043135494,1.043135494,0.9738463563,0.777126301,0.8916458408,0.7281739687,1.186132075,0.9923349057,0.7414861039,1.053732652,1.393481191,0.8417966211,0.8795727074,0.9889053603,0.8184946154,1.048252812,1.146973605,1.131669773,1.171715426,1.015878179,1.08278471,0.8995710157,1.089856057,1.026381936,0.1606741544,0.09569664158,0.7104330604,0.1056068053,0.0,0.6797656753,0.0585009185,0.0,12.45432442,5.337351856,0.0,0.0,0.0,2.034631883,0.4739583333,0.015625,0.02604166667,0.7803921569,0.0300245098,3.693485395,2.087874319,0.8823513639,29.45497848,10.05365156,5.098681808,18.19910121,11.38785599,9.531400138,20.16532066,5.917906046,33.77213846,39.28626432,9.531400138,5.917906046,5.687386275,52.30116798,0.0,1.301084642,0.0,1.646727263,92.79,0.3786394558,0.3785076531,0.02737588652,142.3191854,29.60938638,-4.556060394,-1.438365411,-0.2568511041,0.2918328058,-0.2183428283,1432.418675,1.37,0.0256,-4.15,25.249549408862432,1.4553769385883162,0.11930139979836674,0.7425577711311768,744.7928476955808,64.36199994101514,112.16085483679718,0.5749768118435339,-0.18191493360730968,1.3186595504423024,0.0288128094879031,-7.3157342019263325,14.829058349445967,91.95369633344663,-31.507037447767807,140.33836219409451,124.81771404524424,-96.28861586875959,0.1600936997190846,5.179353162049163,1.8187056929458139,4.3051872104375475,-1.5626684353688738,-3.8604809146803802,1.2845451410419102,-2.330441449902419,3.176744661655221,2.2041757860375437,2.0433112370629902,3.8646221287026163,14.130917655600909,0.07973835265378287,-0.041162451172391486,-4.0521601489493415,5.010720086477088,-0.9606833922621073,-22.509273804539625,1.9527673415745854,-15.866845197748392,10.416461728131162,2.2676197379439835,-5.077611907048614,-23.387789560726056,-251.77151464549627,-20.772359933613394,-4.143975514791653,-32.034118519473175,-33.90100763680413,-0.07105676296939065,238.96591050810306,1.6921233095798178,-84.8329180212596,73.02986225521707,-29.58116723086837,9.277479231264953,-105.13399307131304,67.71335090526208,-29.782472707609408,1.15398629760401,0.9264596696887987,-1.4961024206778193,21.673657103487393
