AATS1i,AATS2i,AATS3i,AATS4i,AATS5d,AATS6i,AATS7s,AATS8dv,AATS8s,AATSC0v,AETA_alpha,AETA_beta_ns_d,AETA_beta_s,AETA_eta_F,AETA_eta_L,AMID_C,ATSC0i,ATSC0p,ATSC1d,ATSC1dv,ATSC7d,ATSC8d,ATSC8dv,AXp-0d,AXp-1d,Ali_Log_S,Ali_Solubility_(mg/ml),BCUTc-1h,BCUTd-1l,BCUTs-1h,CIC1,CIC2,ESOL_Log_S,ESOL_Solubility_(mg/ml),EState_VSA1,EState_VSA2,EState_VSA3,EState_VSA4,EState_VSA5,EState_VSA6,EState_VSA9,ETA_dAlpha_B,ETA_dEpsilon_D,ETA_epsilon_5,FPSA3,GATS1d,GATS1dv,GATS1i,GATS1p,GATS1v,GATS2c,GATS2d,GATS2i,GATS2s,GATS2v,GATS3c,GATS3dv,GATS3i,GATS3s,GATS3v,GATS4c,GATS4dv,GATS4i,GATS4s,GATS5d,GATS5dv,GATS5i,GATS5p,GATS6d,GATS6dv,GATS6i,GATS6p,GATS6s,GATS7d,GATS7dv,GATS7i,GATS7p,GATS8c,GATS8dv,GATS8i,GGI3,GGI5,GGI6,GGI7,GGI8,GGI9,IC1,IC2,JGI2,JGI4,JGI5,MATS1c,MATS2s,MATS3s,MATS6s,MATS7s,MATS8s,MAXaaCH,MDEC-33,MLOGP,MOMI-Z,Mor02m,Mor03m,Mor06m,Mor08m,Mor11m,Mor13m,Mor16m,Mor23m,Mor26m,Mor30m,Mor31m,PEOE_VSA1,PEOE_VSA2,PEOE_VSA4,PEOE_VSA6,PEOE_VSA9,RNCG,RNCS,RPCG,RPCS,SMR_VSA1,SMR_VSA3,SMR_VSA4,SMR_VSA9,SaaS,SaaaC,SaasC,SdO,SdS,SddssS,SdssC,Silicos-IT_Log_P,Silicos-IT_Solubility_(mg/ml),SlogP_VSA1,SlogP_VSA10,SlogP_VSA2,SlogP_VSA3,SlogP_VSA4,SpDiam_A,SpMax_A,SsNH2,SsOH,SssNH,SssO,SssS,SssssC,TopoPSA(NO),VE1_A,VSA_EState3,VSA_EState7,VSA_EState8,VSA_EState9,XLOGP3,Xc-3dv,Xc-5d,Xc-5dv,Xc-6dv,Xch-5d,Xch-7d,ZMIC1,ZMIC2
147.5978611,157.8321886,157.1610552,160.7924871,3.30075188,161.2686912,2.445249597,3.8622808092295373,2.30734127,50.93265931,0.48,0.0,0.637102356746521,0.958735914662065,0.18084941863043358,1.659158216,75.99123843307696,13.557788736044701,17.59183673,95.75510204,-23.42091837,-12.425216738336925,-134.0714286,0.6888187153,0.42833533818724456,-3.99,-0.001658340503652881,0.37435262954432474,0.8811931146839761,6.946496286788384,2.315494246,0.9627883386,-4.160973833744616,0.0144,0.6891202759831516,-3.0116605366258318,15.722276356149774,70.99110724,0.0,5.14161589276762,7.385893417398728,0.02,0.0,0.78,0.04415920771904054,0.6028183716,0.4872254059,1.418977275,0.7879329059787903,0.9924155931,1.635793006,1.086986778,1.047773367,0.8086185044,0.7696552482,1.101169241,0.9891450263,1.078228218,1.092232767,0.9964915406553292,0.9780976062643394,0.9209003747,0.8969788832,0.9377631241,1.045489507,0.9337271418438888,1.176815358,1.028415375,1.199967481080949,1.128760745,1.0482756658007284,0.8508560912,1.183776933,1.1074386932176163,1.149116523,1.135099677,1.148701918,1.092100555,1.230211318,1.091952783,2.1704235615912135,1.1528076999578798,0.8187301587,0.6345663265,0.28276261454729307,0.17520319623688402,3.491860676,5.092988970272038,0.07565350272158865,0.03414251208,0.021077707341224612,-0.601234292106969,-0.08059125612685791,-0.01539634975076859,-0.09325959212,0.07908645055,-0.2040327227,2.251293462,9.909741227934786,2.3,2137.502982,25.76288881,-2.833120026,2.0825242408283566,-2.8357455546597783,0.3204347496588755,-1.712049124,0.4146577124075838,-0.41268714044758936,-0.3516320659,0.3456944555,-0.1783070703,9.467009379,10.37634904591533,5.098681808,18.20875424,35.29333391,0.1662440571,3.860452175,0.05993567359,47.883068852323476,0.0,29.21545116,0.0,22.51475897,0.0,1.0701459510113567,5.217639502751952,0.0,0.12866310569743655,0.0,0.0,2.880068449526339,-0.010468447562970405,7.7004332632439345,0.0,49.85555154,13.08951281,6.9237372,4.945982674,2.487015335028953,0.0,4.7189524531817355,0.705579368105206,0.0,0.0,-1.2339145785819805,51.77,4.80331394361755,1.1262222413749159,2.1807657609734408,4.838045859,4.220524565,2.9258522178642785,1.067258904,0.3164032286853973,0.1288113406,0.0,0.18187460949911094,0.7352745034013096,60.204209000403736,27.46169931
146.2472804,155.0665108,160.0276797,159.9665408,3.226027397,160.4586872,2.301198257,4.297983623615886,2.331757289,50.61721457,0.4754901961,0.0,0.6685318106928416,0.9880947898927821,0.16806256018708218,1.669179994,83.54457394515836,11.42156947487616,14.48652053,93.66565886,-5.41723356,-8.028907868343895,-42.11413454,0.6737412396,0.4294059785081026,-5.02,-0.024672072181436414,0.38692910378373013,1.246036070134156,4.118303320170286,2.454275736,1.022323364,-5.932145534326448,0.00361,-1.076586855639866,-2.344448039432047,12.391212134150924,83.89487604,6.420821623,21.481561787913574,4.876892727664367,0.02450980392,0.0,0.8039215686,0.037280221706038924,0.6592034203,0.4998098034,1.341906357,0.9142332565274129,0.9885089361,1.385687364,0.9870040283,1.169470853,1.02202004,0.9218194606,1.201758997,1.102617453,0.9743470307,1.170926028,1.0013537830670503,1.3832167884549147,1.167587636,0.950950482,1.211932411,1.059541571,0.898877374517036,1.16071508,1.03738592,1.2985010919826858,0.951149575,0.8664978086650559,0.9557179295,0.9964098172,1.191274283968322,0.9101594863,1.019900356,1.014957504,1.075495661,1.057963164,1.041049839,1.9592698048969392,0.6907062231990785,0.7340136054,0.5217191043,0.327783188689997,0.14892252606984968,3.523004188,5.146342838899663,0.06536266511022891,0.03283333333,0.012637804702470251,-0.4024138395589217,0.14702829275785992,-0.017921268075431672,0.01987775498,0.1411001885,-0.04150680153,2.176777181,7.1152626719551275,2.52,2336.466524,28.28447932,-5.251998152,2.611395718999054,-1.8297374534183486,1.2695546684268812,-1.940031414,-0.19153412548544618,-0.8052172140060102,-0.2424870751,0.3372714553,-0.08202178319,14.04082556,4.610199675126028,5.098681808,18.20875424,41.90021587,0.1456046687,17.84970761,0.06484728411,89.22668023296397,9.473725908,24.31554143,0.0,22.51475897,0.0,0.49064133559656353,7.460549690709,0.0,0.5860727423890701,0.0,0.0,5.0065498402003294,0.03376959088464227,8.158838786408387,0.0,43.81933209,22.56323872,6.9237372,4.942378428,2.527003315137439,0.0,-2.8034301929904046,2.7003022264189047,11.54632504,0.0,-0.4107973167679062,66.99,4.906085648989745,8.913323633336795,9.91671200773898,5.186592111,0.0,3.9693370397547896,0.8190725202,0.4447109634593263,0.1288113406,0.0,0.1346434053609093,0.9127689511043444,43.94190001206826,30.02085899
146.6934932,151.7346049,156.4534982,154.8694075,3.780487805,157.2106152,2.585518102,4.5994621808580485,2.42440225,48.68718614,0.4791666667,0.0,0.7000619310740993,1.246698968909274,0.16551127620049144,1.676679689,87.57977083083843,12.56252799647413,10.82117028,54.62984878,-16.59434583,-8.062303291613105,-45.90664037,0.6706519733,0.4298007269402285,-3.86,-0.015534160813250566,0.45383174685795824,1.0857917942869781,7.470825352499626,1.738216665,0.6770864604,-4.225331172187789,0.0234,4.207639342744988,6.527137849978489,4.373622566409434,51.4807728,0.0,6.728915338085757,10.694433321526004,0.02083333333,0.01933333333,0.764,0.04397202653699431,0.5582902205,0.453322684,1.134124049,0.7980949022640602,0.8087763166,1.145238383,1.000269978,1.171483515,0.811582298,0.8306297425,1.034833562,1.119566292,0.9641591692,1.148448627,1.001474154735642,1.083545359176631,1.047057063,1.046496374,0.9849907897,1.200323974,0.8805858772872251,1.131839,0.9908930956,0.9339807273846245,1.139602858,0.9616121811488022,0.987697696,1.247896255,1.158526864830028,1.113357116,0.978669644,1.10844714,0.9778018234,1.084651032,1.071483421,1.4073383497923238,1.2519739683122804,0.5689795918,0.3315972222,0.25562731991953,0.2735488751292707,3.547185554,4.685612559442804,0.07374570520546009,0.03904320988,0.02320102744860514,-0.3655597487957445,0.18111959772127814,0.04678872504966882,-0.1814485991,0.1143808457,-0.1888823613,2.114904573,7.938171689994947,2.02,1782.335708,21.23321958,-3.052922224,1.8059955091359852,-2.5678057121047226,0.3795954572413891,-1.151841564,0.8136354719792518,-0.8680063972665064,-0.2127517232,0.3868126365,-0.2556954959,4.983978521,-3.7408644640625344,5.098681808,18.20875424,35.29333391,0.2097399158,41.20627215,0.1019598315,21.324920289080453,0.0,24.73242031,0.0,22.51475897,0.0,0.704039934166494,3.331692770060207,0.0,-0.9443787032753064,0.0,0.0,5.009954771741892,0.021815532256362433,6.4373204152733505,0.0,24.73242031,6.544756406,6.9237372,4.929552615,2.526270523414892,0.0,6.259817280498408,0.9823547233386555,0.0,0.0,-0.4273982633764859,59.39,4.577806183386934,12.683128854948716,4.484786943354762,2.806967831,0.0,3.8104143001916353,0.6673631067,0.28832085144228603,0.1044262599,0.0,0.35081139059448546,0.6354182797505071,64.01254884368892,25.00643644
144.775219,147.1915212,155.8267923,158.771623,3.202380952,157.4010174,3.14172163,4.75827564433374,3.324057208,47.09045049,0.4820512821,0.07692307692,0.6403219772777775,0.9417672034880237,0.17600979434624578,1.625955818,66.91756660993013,11.495387340385145,6.147928994,20.81425475,4.351742275,-8.95089920612623,46.83666529,0.6959864369,0.4271847731601005,-5.65,-0.05912494900101932,0.3845405394970721,0.7910410845325713,4.459021016815214,1.861104431,0.7315211542,-5.195892886364731,0.00116,3.9151265302906717,-6.882285267692118,20.733231091045205,0.0,18.19910121,17.754704402391052,9.143438771094722,0.01794871795,0.03891941392,0.805952381,0.04955583708642918,0.7240049367,0.5499137854,0.9203991109,0.9337249521312951,0.7143467684,0.7765750213,1.139701551,1.116963593,0.6167583804,0.9105186018,1.212874598,1.008740849,1.108215123,0.952594945,0.9417105660927371,1.1347955470814317,1.076988932,0.9821725007,1.027062828,0.9526380747,1.1646290000838193,0.9704861299,0.987686915,0.9620741809079367,0.9183002771,0.9814205406373224,0.995896079,0.7314889713,0.9422618063773947,1.024197882,0.9065594642,0.9632520521,0.7863925804,0.8072723091,0.8693869923,1.976881115900493,0.5097747104133669,0.386122449,0.2864583333,0.10449321115446267,0.02565845781873094,3.424297788,4.915061697355104,0.06532289031121943,0.03749287749,0.022676402603204172,-0.27157464082374627,0.017371107164747095,-0.13273934328443968,0.0360866479,-0.1164609041,0.06598173248,1.819003949,10.25420817421047,3.26,951.9338672,22.01041359,-4.02754587,2.0619075392205257,-2.7230822189746164,0.7592237312131876,-1.308588109,0.24619043110894132,-0.8470452694549424,-0.4286383181,0.4802769356,-0.240679363,10.423316,15.980825842798083,0.0,17.66730696,22.2842392,0.2637362504,78.43899978,0.1524323098,-76.6861001604621,9.496942443,9.967957042,0.0,17.00689132,0.0,0.3155623427357516,3.157948494655591,0.0,2.400096914537225,0.0,0.0,4.694364238664177,0.00575855958219134,9.844685788982332,15.7651876,15.07448444,0.0,5.817220841,4.864588,2.418717414789069,0.0,5.801168916755091,0.5401729229779266,0.0,0.0,-1.278593611921596,58.04,4.549535576119515,3.844536057217055,6.60763288476853,0.0,0.0,3.764653385557444,0.727356777,0.5020565795156616,0.08469947665,0.0,0.1632588844224602,0.9472999566063114,37.190244788402765,28.6523244
149.9215863,153.2231385,156.0873279,156.7402181,3.455357143,159.811369,3.03894081,4.643592025967866,2.917866941,46.90235383,0.4808080808,0.01515151515,0.6529083530216961,0.9722155153790042,0.19148840830880431,1.464208038,101.44372598755452,12.292109549387664,10.8792772,61.56200607,-10.59207997,0.2564976883435852,13.88222479,0.6954248033,0.4384881498431312,-5.21,0.024614307859506558,0.4478232815742637,1.0652720887959946,6.204135193728496,1.878696814,0.7310629905,-4.458856058592156,0.0183,8.138748209445605,10.59189246224764,14.759264757050422,28.16193619,6.327320075,2.0143148567187303,7.981495298418578,0.01919191919,0.04402356902,0.7842592593,0.03866562035491657,0.6951708023,0.4712530987,1.100146157,0.8015497573391032,0.7696251407,0.8132428522,1.152706687,1.182124876,0.5108919971,0.8483334008,0.992438935,1.122740841,1.020155448,0.9676971736,0.9513387009865402,1.1669965452463351,1.001590804,1.12448727,1.006810245,1.038069374,0.9768565183184831,1.095328816,0.9767755275,1.2272171852535259,1.038395451,1.0429187077081261,0.9580830047,0.4895083172,1.2071773303977764,1.033784504,0.9975627089,1.165863699,0.6330643064,0.9177407739,1.054195681,1.3890393480445562,1.2689965447572995,0.734829932,0.7387329932,0.23980469014715294,0.2033613500903425,3.793728528,4.690534084325905,0.06718113593791071,0.044138322,0.01893873195706451,-0.20709653366912584,0.015168221178469152,0.003552139581348167,0.04857823646,-0.08990521132,0.06739460723,1.945794737,9.710753245611208,2.01,2624.044637,30.06621847,-4.158371024,0.66693987511724,-2.3835294474521147,0.954053416819577,-1.377038032,0.4111808430648783,-0.5824794153778943,-0.299926762,0.3267209139,-0.3304276365,11.05045608,14.604442236437917,10.19736362,6.066367068,5.693927995,0.140427677,128.4215519,0.09533335505,107.03230607379255,4.794537184,29.36252149,5.733667477,22.51475897,0.0,-0.5623096165939242,4.443426531928488,11.30015538,1.5833019596677993,0.0,-0.1191489073,3.182308460071223,-0.02855372119070859,11.605143421051435,5.687386275,40.3821381,0.0,6.9237372,4.859076679,2.5478846941439524,5.309393804,3.2923114167887424,-0.3230535653178379,0.0,0.0,0.21884452182895234,116.02,4.0752423514905685,0.7270548651222821,2.544850379083883,1.934878506,0.0,3.5250935631329527,0.9407809356,0.49166118012107163,0.1245317625,0.0,0.35934242670283684,0.8996076766329282,54.1100833162491,29.89809159
147.1820149,153.4795538,155.7123705,156.9596397,3.034782609,157.6497143,3.005393743,4.047178389899862,2.876068376,48.91808,0.4722222222,0.0,0.6678954976293767,1.0157465631981293,0.2552364182585287,1.600638701,76.60332457334245,10.45883231921962,11.08304498,49.33564014,-0.9134948097,-5.06850272149296,-19.85813149,0.6920312592,0.43114010708225403,-3.77,-0.08107411200688244,0.36576537292466904,0.6822894809479354,7.3228688339437635,2.062752147,0.809494363,-4.827010375278407,0.0734,-3.6183251648975694,4.087250604400413,12.678206198907509,33.77213846,0.0,-4.093956492576783,5.329604829917709,0.02777777778,0.03236111111,0.7854166667,0.05503985999816579,0.6268436578,0.5452365016,1.1614955,0.8575157635147551,0.8870558559,1.273009574,1.079168343,1.060724935,0.8017522325,0.8786172393,0.8510924523,0.9846160342,0.9995415387,0.9048572102,0.9850430032149021,1.1202141600790125,1.047161619,1.149799635,1.364320662,0.9484417083,1.2100146429364773,0.9614227774,0.8809349247,1.1249825907082824,0.8751369113,1.0499843721063478,1.068306732,0.6045779587,1.2094576326118094,0.9805971459,0.950632126,1.015685971,0.9485205852,1.024096386,1.118169519,1.550025774420279,0.7879353045426969,0.4806802721,0.3420493197,0.3580532598123035,0.25120504961745393,3.609673195,4.290308974492418,0.07161487338636481,0.02398989899,0.025611350215205334,-0.5871255931793574,0.10547378042475476,0.04342090001863023,0.04176275362,0.0340408739,-0.04858408434,2.004919144,8.732316138495145,0.95,1359.879051,26.65185095,-3.348389093,0.20559416170695743,-2.7128709756378493,0.4904220080189887,-1.299248066,0.30505237372119504,-0.7773156991437156,-0.1422831748,0.2972729381,-0.337707163,10.05365156,9.320922374895733,5.098681808,18.19910121,17.99473795,0.1606839127,120.9183069,0.10528379,134.83976333055597,9.531400138,25.48210926,0.0,33.77213846,0.0,1.0738351248838833,7.006387797631914,12.15042233,3.6372844164333356,0.0,-0.1261945102,4.546678424988249,0.007040500971434067,11.85277359623404,0.0,46.3339363,4.736862954,0.0,4.824033268,2.4223577737748374,0.0,6.624781439942136,-1.4448258325798256,4.949871137,0.0,0.09002930635039347,92.79,4.334524857809894,7.4339813564104125,5.410618111538574,0.9573687972,1.602107478,3.421541547626354,0.5582009643,0.6586300239614737,0.09315436814,0.0,0.26662604974129833,0.7743382872075385,54.425318386819825,28.73446707
147.9609889,153.6858859,157.3442561,157.7077439,3.283333333,161.6377542,2.564246914,3.6799815423982682,2.661155203,50.24069857,0.488172043,0.03225806452,0.6588337455088566,1.1224181220795488,0.1958737065617958,1.551484447,82.24104674667586,6.446822524627039,13.75,76.74556213,-1.9375,-5.436348914433643,-56.00460224,0.6841461785,0.4341714730354685,-4.85,0.04214070479310702,0.4650821469885974,1.105291692054548,5.6384793730662155,1.948806929,0.8614228369,-3.7869648276234926,0.0132,5.925340794753591,22.9837808945813,2.7504368479220602,46.02638289,4.895483476,12.202483886944016,13.122974761388242,0.01182795699,0.0302378625,0.7686868687,0.03909705876554527,0.5969387755,0.4810350213,1.202428832,0.7900096755491964,0.8419519833,1.174959601,1.080745342,1.170031011,0.7813184696,0.8883641275,1.020395464,1.158207059,1.012033715,1.097053819,0.9670518739007316,1.2001232985613792,1.072603217,1.127195336,1.056067791,1.05,0.9869311822572073,1.14152256,1.089909807,1.1633436717441714,0.9047576196,0.907493342567668,0.8544840436,0.9661400282,1.0019108229858826,1.059640339,0.8774295087,0.7841151186,1.186186566,1.112932764,0.9531486201,1.9189175686691682,0.8191625256354566,0.5331972789,0.5538548753,0.2528575978145407,0.37232548259285747,3.751632789,4.535127784919789,0.06999113404655334,0.0390617284,0.0155525814743065,-0.5572231310501199,0.019257249173990944,-0.1878027297615958,0.05878208115,0.04017452146,-0.1093473555,2.107141054,8.924636096303246,2.51,2334.442946,29.21401461,-4.352685478,1.8115774451675777,-2.4908667198689827,0.9746775605378961,-1.739690349,0.7277145668300207,-0.8849269441801628,-0.01357394355,0.4967982155,-0.2431900401,10.30076712,10.354718762959852,5.425791397,24.27512131,23.62654039,0.1566820121,20.34371107,0.09185342235,111.22659396974001,0.0,25.38663948,4.992404733,11.38785599,0.0,2.3511065531236244,2.964810662739719,0.0,-0.9020508787430086,0.0,0.947518529,2.9754252318705436,0.027467687165255494,1.6561497184823475,5.687386275,32.55515263,6.544756406,13.08951281,4.849116668,2.5363850655917632,0.0,-4.327896356499691,1.1122184474960501,0.0,1.71746793,-0.3275438505443129,83.3,4.284021413681852,7.4549978185406305,5.257184970034001,2.56029826,0.0,5.529802588833755,0.8388566744,0.3680501335245156,0.1146849114,0.0,0.236392780303546,0.6815288409662017,44.57155980618533,30.72059456
145.7399843,151.6176975,157.2517157,158.6214866,3.369747899,159.0802236,2.819333333,3.738935348076911,2.881018519,48.7992792,0.4739583333,0.015625,0.6409472709569817,1.0540656408387035,0.2127220458615787,1.640540121,67.07282593726563,11.428254418617694,11.41046636,65.85938056,-7.743681025,-14.48747507182103,-52.67141331,0.6848636974,0.42959557968037326,-5.95,0.027211908083765366,0.37180040408129494,1.1456007028097657,6.601733795399468,2.018262017,0.9429088387,-5.242641708540145,0.00229,5.249076389297233,17.78815818226181,25.534532670132727,52.0212877,0.0,15.196349203515846,23.043979655781385,0.02604166667,0.0300245098,0.7803921569,0.042488120238389916,0.6426382412,0.4849390068,1.181960564,0.9791818867718667,0.8535014844,1.191630292,1.083304464,1.120570244,0.6428460608,0.894064931,0.8516917766,1.043200668,0.9958436832,0.7215789145,0.7956661597616684,0.9213115135955399,1.083811977,1.149643081,1.059323526,1.165312201,0.8606440631399246,1.153994611,1.028010687,1.1344493661242165,0.9866575168,0.9904135757061274,0.9930206748,0.9117261125,1.1026583060566917,1.066937327,0.979682613,0.9284735004,0.9522513535,1.074240463,0.9246652909,1.9673351055584076,0.4233923287391645,0.614829932,0.5538548753,0.25777350250198633,0.15417309730279544,3.709658437,4.679057136484235,0.05167224128460386,0.04082125604,0.0261864893522201,-0.6226278283806758,0.06473238245748872,-0.024508551434905955,-0.08789543262,-0.04911403994,0.08541488505,2.018617256,11.227619072324119,1.5,3260.296642,30.53157844,-3.154877816,1.4654889475958561,-2.1496083470453025,0.26633294036256056,-1.840477807,-0.42892175388548864,-0.3719056961093188,-0.5391049505,0.4722204238,-0.3878206079,19.77449303,15.279983497245173,5.261891555,19.05647134,35.25921319,0.1656998431,155.2055286,0.08431228547,-39.34363357255478,9.473725908,14.95193556,0.0,40.21348046,0.0,0.8036563948766429,0.890380807448877,0.0,-0.09656561050465284,0.0,0.0,3.995752799214428,-0.007046106747285471,5.814645432708534,5.687386275,21.74487787,12.96557803,11.33111287,4.852763733,2.5403689379176217,0.0,-0.721489595953288,2.1410727749174656,11.0125403,0.0,-0.853579714783864,95.85,4.318417612752466,10.485163423362042,-1.2357537302710542,2.783400981,0.0,4.483507399074493,0.7211465865,0.4892418591145121,0.06263564417,0.0,0.226074806585563,0.6731191339563249,54.02963891587966,31.0661429
147.1267119,155.4926101,153.8604697,154.7423056,3.255813953,160.5518811,2.519444444,3.68309161672052,2.7,49.5433796,0.4818181818,0.04545454545,0.681485919618554,0.8920293227737295,0.2180553223618893,1.516857384,36.0136700209815,14.79388581920922,17.56826446,82.06887052,6.114049587,-0.75332505339026,3.831037649,0.6904812668,0.42339632709679,-5.61,0.03925139757924659,0.4518175240973227,0.9162795373524485,4.686145236516935,1.964143932,0.950266591,-4.246451501742411,0.00456,1.7344876813927295,3.957827793723144,19.147782527846026,44.39282129,0.0,12.030741878605047,11.787097548579315,0.01818181818,0.01550802139,0.8117647059,0.038204658546396056,0.5502299156,0.5032986119,1.246454741,1.0029944945131257,0.8848085675,1.327952892,0.9868649161,0.9825257012,1.102670439,0.720369697,0.9690716316,1.046754328,1.083243039,0.9181392224,0.9435808677326208,0.9325987168682194,1.188428787,1.223509617,1.130769684,1.038885702,0.9243325520595158,1.115057542,1.119548288,1.1413146448293254,0.8343994904,1.0285413330254305,1.050322085,1.02427245,1.1838110668327388,0.7392863864,0.9748046223,1.146020669,0.9042829602,0.918081473,1.041018816,1.3004130093346822,0.7682060019081014,0.614829932,0.5538548753,0.37661665020647583,0.229386408019036,3.817215782,4.523818777372252,0.0586770465896657,0.0405664488,0.021596977269873783,-0.47276785105543334,0.33050664171694955,-0.08862273824361214,-0.08323872643,0.2263720605,0.02008862009,2.004500121,8.852516281745766,2.2,2428.673969,27.34525962,-4.56770909,1.2171781370590817,-2.1476867661558185,1.1787261399402795,-1.563893355,0.3901376219625255,-0.9326268633473154,-0.261842053,0.2409274504,0.09389796053,14.79051451,10.32712755622691,5.425791397,35.61190719,24.79067027,0.1700935143,51.01493161,0.07625739634,69.49854765674293,9.473725908,20.40266096,4.992404733,22.88687966,1.571304065,0.9879947718743096,4.652701720751037,0.0,0.884628037725236,0.0,0.9961268768,5.402019406856676,0.03438960965588385,14.579820802398249,5.13155848,35.53500001,6.544756406,13.08951281,4.849748974,2.446539068031354,0.0,-1.393143730267072,1.662903793109646,10.98224063,0.0,0.8368800929461921,85.97,4.41169452721525,12.39773920543005,10.285013201497524,2.515238238,3.277664584,4.082556004351604,0.9503966762,0.40733126988571094,0.1474660367,0.0,0.2283566655914808,0.9216762207585166,60.659280044493684,32.34373128
150.0679784,153.9194824,159.3868522,155.9591169,3.414285714,162.4927314,2.847457627,5.383523929527758,2.833333333,45.70914731,0.4727272727,0.0,0.7045700392033862,0.9741536428207991,0.21160418048242405,1.526241476,82.98528848546513,13.72059303729424,6.211072664,29.15570934,-0.339100346,-10.508668710831724,16.01384083,0.6717186416,0.4337626645824407,-2.83,-0.004702350779705076,0.45510509618441664,1.027387587846437,5.317257427960982,1.95054148,0.7136665443,-4.848071081997245,0.166,4.041347736338832,4.375132835519074,6.974027910363683,28.33262175,0.0,2.9441521133814774,18.154475479056508,0.02727272727,0.02213438735,0.7869565217,0.043647953469110636,0.5791103604,0.5180527014,1.114878099,0.8774420597088994,0.8034947067,1.226162554,1.041127874,1.242668863,1.033672035,0.9247869939,0.9584354375,1.089809913,0.9090941507,0.9545454545,0.897365861680677,0.8288523140288868,1.003955125,1.234467219,0.8673197492,1.071354167,1.1779009848169726,1.094298239,0.9921028173,0.9060399974010411,1.040182868,1.1299900434842476,1.016326401,1.050470219,1.0715683938647516,0.8854137779,0.83990913,1.067674364,0.9076725832,0.9641825932,1.122448978,2.3068544622742655,0.6276556254633872,0.2087528345,0.1927437642,0.21288872004446852,0.03083366799417478,3.136921362,4.5862593301467,0.07510690657614061,0.02385416667,0.019281765398382413,-0.37022489186883234,0.04253480265500226,-0.05572970754955554,-0.06332288401,0.1633156387,0.1832896168,1.976481481,9.693096608809547,1.07,921.8420309,20.79991367,-2.494540355,1.441229639740511,-2.7061573225127935,0.6894142442338567,-1.096020032,0.3642355730089866,-0.7343278792863147,-0.0157224321,0.5093656477,-0.3064979401,0.0,14.28763630505518,10.19736362,6.066367068,5.693927995,0.182185791,56.12759645,0.1212804598,-57.6428981450799,0.0,29.9458054,0.0,28.33262175,0.0,1.4045544298929151,6.237428946758728,0.0,1.5528298679168029,0.0,0.0,5.146786223438052,0.03298896902673032,12.801110564269429,0.0,29.9458054,0.0,0.0,4.797866366,2.4753163621805863,0.0,3.247261640858746,1.0633210094327725,0.0,0.0,1.4052384877461885,72.28,4.34906810984392,7.588548782422427,8.14712269086989,0.0,0.0,3.551614028535537,0.3914235927,0.5792819201195041,0.06953456841,0.0,0.017008315173216354,1.0430546137987533,33.55275150513043,25.94615458
143.1073484,148.5630816,156.2282466,159.4922955,3.530612245,152.0573617,2.572892852,4.692163030075794,2.180371503,52.6718837,0.5037037037,0.0,0.6636509300972175,0.9660340644468672,0.20661146340354433,1.570395305,134.55912147881338,13.80528804992597,9.197530864,58.83544582,-15.66666667,-3.7480060400545865,-20.63533608,0.6807446078,0.42294188118335213,-5.94,0.23173019962019814,0.395819192340872,1.3114977173658704,5.298730475096573,1.603088122,0.7002172223,-4.767687021407821,0.00547,7.355403270533365,10.497133902738664,22.51831664157031,56.53552755,0.0,12.005096213094596,0.40841178758710406,0.0,0.01812169312,0.7892857143,0.03170413133175924,0.7111836735,0.4776343016,1.064889858,0.9087831488635278,0.799338894,0.9161994799,1.114325581,1.154575111,0.6185304277,0.9009137659,1.019279271,1.132702586,0.998971234,1.262830874,0.9736924881203463,1.1236442032287168,1.083286102,1.017156935,1.145185725,1.107183673,1.0278825931742333,0.9309585878,0.7666573462,1.231280480841221,1.190040756,1.0536587288686823,1.080293227,0.5796535401,1.2328063097681223,1.126390836,1.067321304,1.167652913,0.5987414776,0.8920549413,1.019620465,2.090609723682802,0.7314830616977401,0.5764172336,0.4175878685,0.1327932767538602,-0.024030018694745053,3.888764974,4.619943009044378,0.06660178386174181,0.03962962963,0.02077486073667359,-0.29394834196821085,0.02887528990994196,-0.022327549868929954,0.1072929272,-0.07268125226,-0.006720706816,2.16533074,14.11127142860883,1.74,2877.676418,28.07042095,-4.266136945,1.3898556605190717,-2.5223603815939586,0.4816526597591909,-1.042451766,0.26324522064985956,-0.597180850891553,-0.1742769619,-0.03938169315,0.3845302451,4.983978521,7.2864519086994015,0.0,6.066367068,21.4210879,0.1884912493,6.809623619,0.09272645569,186.63561783830193,4.794537184,19.93591408,0.0,21.95893118,3.260796266,-0.34386171929324105,7.262186306383647,11.61305256,0.16479501728406365,0.0,0.3652299085,4.289631085616044,0.04189133160639524,-0.6378318810998556,0.0,25.71915903,4.794537184,6.9237372,4.847452889,2.4459154919347634,0.0,-2.3960198046807464,0.06863444800553609,0.0,0.0,-0.59855380661439,71.53,4.038516634489087,16.715524679391446,3.1674594028833534,2.003334106,0.0,4.329619902040758,1.020040897,0.29006129480494375,0.1433457877,0.0,0.16711531326374865,0.7167234574872428,54.6370802965152,31.8231755
143.8726478,149.5000864,154.5685514,152.9375133,3.7,154.1866516,2.368285101,0.16944708942887132,2.052408618,51.8213122,0.5126984127,0.0,0.642454547397404,1.0232849759219684,0.17984465837822167,1.499561742,102.31093369693038,14.390498267728615,9.917355372,49.35047444,-7.950413223,-2.6164806634458606,30.98836853,0.6855703213,0.43208329620322383,-5.73,0.11895021006443844,0.45315022708039154,0.9297212694278336,4.232187670663717,1.291793651,0.6746867426,-4.784631342463982,0.00697,6.601494548432749,14.428344223063466,7.5274151108575715,38.99396439,4.699919916,19.737890747177556,11.92001942373579,0.0,0.0227994228,0.7787878788,0.038973026882608446,0.5951690821,0.4843804974,1.055363266,0.7380029019693357,0.7366999171,0.9990935483,1.024613117,1.115515568,0.8161906091,0.7415862613,1.295347656,1.249672509,0.8787143251,1.361337442,1.1826129267590697,1.1886345648537904,0.980423144,1.08998115,0.8285287195,1.237101449,0.9855852805085087,1.108303255,0.9572247846,1.2480333950047933,1.258661257,1.0622487572766386,1.321295438,1.307866288,1.3951259310356008,1.095207972,0.9649527905,0.9111080556,0.4239261481,0.7689507446,0.9901672174,1.5177904055634508,0.8444821723371079,0.5258956916,0.2395833333,0.26604037682492154,0.2779270665141145,3.752600468,4.622727902051092,0.06346432274763494,0.04252873563,0.02036282423215171,-0.44962486150038794,-0.006612947494784735,-0.08730351643032538,-0.1776278867,-0.08011290272,0.09433505833,2.156663832,7.079808952412986,1.45,1363.706046,22.38909565,-4.565095883,2.158737625825326,-1.822334560206174,0.5827939595027609,-0.4387439456,0.896177845892981,-1.105003553507284,-0.2175322567,0.1221352753,0.1041704129,4.983978521,16.664870646513602,0.0,6.066367068,21.4210879,0.2364748214,22.4351938,0.1161568039,19.44493074518698,0.0,19.93591408,0.0,21.95893118,3.277053125,2.304395690087034,4.633736020445473,0.0,-0.8934183176998189,0.0,0.0,3.2038294365995172,0.009292479810669996,9.581894450211317,0.0,19.93591408,0.0,13.8474744,4.824530955,2.4836046223321535,0.0,3.361985697356949,2.986331870295814,0.0,0.0,-0.7190317681166426,54.46,4.600442007150749,8.940494591783109,1.0872659664351936,3.973463276,0.0,3.9045706802652442,0.8208949336,0.5002023475256518,0.1110709264,0.0,0.26944887815797247,0.9083118882209951,31.40946485372581,29.96628288
145.817401,151.454821,156.37978,158.4971748,3.390909091,159.5717647,2.801690821,4.77195046861157,2.878185525,48.00479604,0.4731182796,0.01612903226,0.6300300920788722,1.0776126479363135,0.2432081424930848,1.629104529,86.38771412171889,11.910148947741114,9.9336,56.6336,-8.894,3.0206440739996268,-31.4544,0.6841461785,0.42563895444125854,-5.51,-0.0521604894668551,0.4387329732748765,0.8438708520443875,5.356099807204059,1.961800927,0.919483369,-5.22356570032349,0.00417,-3.0673235922733215,-4.134589302809835,4.683668171554876,45.60046608,0.0,16.107328845152853,2.58622318183731,0.02688172043,0.0311502118,0.7828282828,0.03565463459670087,0.6667444211,0.4979332692,1.169962633,0.8699695864045969,0.8296626622,1.193766716,1.146201083,1.106385139,0.639184295,0.8657354966,0.8665076443,1.103095554,1.006789333,0.763072638,0.9879873294186857,1.1271426027632352,1.044833316,1.146620997,1.028728037,1.137795025,1.0619365826338756,1.171247205,1.006796422,1.0563546017242897,0.9733196061,0.9905996067988382,0.9415522302,0.603465499,0.9990564890790142,1.108686691,0.9506436683,0.9762147202,0.9730941466,1.028422971,1.054031506,1.1441213829321155,1.1075829786973532,0.5723809524,0.5755385488,0.23484951129095027,0.1985986912047496,3.682055263,4.657968864500219,0.05677555383925057,0.04273901809,0.026622018907405162,-0.48533395068583485,0.1641681599779946,-0.10197181757632223,0.03947820925,-0.09407240204,-0.02998873392,1.982741402,6.242048619123324,1.29,2576.189981,30.81824387,-2.924066127,2.167676987376376,-2.0813345628471995,0.9598585796330339,-1.877329191,0.13732056274555132,-0.6354393499442762,-0.5710128707,0.4713133612,-0.4117141428,19.77449303,10.889122439112331,5.261891555,6.066367068,35.25921319,0.1689938919,151.4360865,0.08598838109,178.85411199237666,9.473725908,14.95193556,0.0,40.21348046,0.0,0.9675567509985998,4.715484452654716,0.0,1.9310374246999138,0.0,0.0,4.981047030583559,0.016063027637833363,-4.225682948949367,5.687386275,21.74487787,6.544756406,18.25485007,4.848604167,2.479664992755041,0.0,5.314753642395455,-0.6286608972881289,10.98149734,0.0,0.3146129003974263,95.85,4.22530725443592,6.220581713124901,5.3647288314925685,2.688647868,0.0,3.477238251460679,0.7589589384,0.3653034475773687,0.06263564417,0.0,0.18805342954743168,0.46323176543923966,43.25274256462647,30.3948269
148.3230437,153.6196862,158.2335831,159.0367467,3.324786325,161.5850396,2.633242999,4.1817556028875345,2.739921337,48.96478823,0.4774193548,0.01612903226,0.6648424229709963,1.0767878047861996,0.2517389675843359,1.612747941,81.5618008823602,12.145021624049425,12.0,65.47633136,-3.5625,-10.870651849916126,-25.18786982,0.6841461785,0.4422773261519647,-4.58,0.04489667514956033,0.4028995016796812,1.2381667732248103,2.650201327584972,2.132438035,0.8456570856,-4.672045807455426,0.0115,6.351263944820236,-4.958767183451527,4.906626479326889,51.58983439,0.0,18.734955567299373,-0.23635673330269213,0.02258064516,0.02971652004,0.7606060606,0.043113609032872716,0.6428571429,0.5037471091,1.238129516,0.898624450753192,0.8585909922,1.14261408,1.139717425,1.191183018,0.7953667954,0.900011591,1.056694826,1.114508656,0.9893753369,1.051190186,0.9373557347334098,1.3601032022750437,1.029734892,1.106422981,1.067098576,1.128205128,1.0987768507944837,1.143922242,1.043999223,1.0818272410589094,0.9905473011,1.1253812877350793,0.9497406268,1.093573869,0.9242326473357779,1.027032773,0.9426768748,0.9047231493,1.063615802,1.032676137,1.047450283,1.7689607671663945,0.9273485965546995,0.614829932,0.5130385488,0.18837574352554542,0.3090617705091747,3.568001683,4.363397210884368,0.05900960448147984,0.04176767677,0.015792176124173024,-0.4162857952582881,0.050609376922896465,-0.046727365499666974,-0.0650879799,0.01834894948,0.0631322927,2.054083455,11.398672858808245,2.38,1978.727963,30.16194004,-2.914043676,1.5667702701761002,-1.373857573669055,0.48572108692629146,-1.855129128,0.6190548628489095,-0.9768654881304693,-0.2290486959,0.4462532875,-0.2151664385,10.30076712,10.150639909127502,5.425791397,36.9300771,23.62654039,0.1554784522,32.88446216,0.09093358166,157.78068167020015,0.0,25.38663948,4.992404733,11.38785599,0.0,2.241431462756831,7.188929163605792,0.0,1.6730063383744864,0.0,0.9374637514,4.294235695786309,0.03590313886160146,7.776932721069558,5.687386275,26.29938345,6.544756406,13.08951281,4.848683342,2.5256854516095686,0.0,3.1635612712153103,3.3013503637915207,0.0,0.0,-0.4809549492725803,83.3,4.495634948235754,0.19060701906104605,4.595097451018595,6.3612173,0.0,3.1906911189530005,0.7694695736,0.3840386691452559,0.06365387513,0.0,0.06457553312943717,0.7259366076922323,63.370041005742365,28.45934377
144.1317178,150.6909405,151.30043,160.8580615,3.172131148,150.8226569,2.529392765,3.9085904049067857,2.49870801,51.69127177,0.484,0.0,0.6811395081298237,0.8398267771192315,0.1681747576428814,1.735377145,87.21424205181061,10.383407966021784,16.64592593,76.25333333,-19.9362963,-19.772660620853387,-43.30666667,0.7041633411,0.4369425148388217,-4.52,-0.010343803893994617,0.38184135619089493,1.3128060133075345,4.7360007622230516,2.045313334,1.11198,-4.704244837396505,0.0088,2.1061017165745053,1.5100366844875879,-5.204966969271634,28.92903888,5.693927995,8.882643746397026,5.248474001148369,0.016,0.0,0.764,0.04833420655403793,0.7241924157,0.4318467337,1.09643337,1.20542067437847,0.9165081855,1.23783485,1.464937801,0.9903265774,0.4547948313,0.7857167175,0.9140068045,0.9100683598,1.198465298,0.5890807537,1.0291997074795816,1.0384231507624124,0.9743463695,1.01203861,0.6806217052,1.179602597,1.165136758792331,0.8068454077,0.7065690325,0.8780022549400788,1.228364042,1.02371369380711,1.172647092,0.8634210964,1.1360906787779765,0.9962603716,1.219763578,1.333426757,1.005345059,1.028397803,1.045609261,1.6338966618100987,0.9513914277250605,0.7552834467,0.5260416667,0.26461867267728006,0.07099160347001196,3.446539763,4.454344169203664,0.051461790920020095,0.04186507937,0.017273394430773987,-0.5607787752425473,-0.006837659973089882,-0.1339994957966149,-0.05079685259,-0.04012927864,-0.09966269817,2.022203326,8.53759217625816,2.5,1588.803392,13.94363753,-2.286157193,1.808154599594396,-1.7749225688528438,0.4296080994345992,-0.7564583901,0.4984000437795945,-0.5592712614894149,-0.163705367,0.2886096115,-0.06481507017,0.0,1.6191980438344045,10.36057336,38.9703128,17.3266008,0.1944231464,3.080868168,0.07395948859,32.07154995822821,0.0,14.76446326,5.414990469,28.45350378,0.0,0.1340413196590734,2.411134648428017,0.0,-0.9631503448089795,0.0,0.0,1.7281007668091788,0.012703586413991786,18.746349893611022,0.0,14.76446326,6.544756406,16.74610334,5.006229029,2.5481372220163765,0.0,1.8529310813853055,-0.03739257304893728,0.0,0.0,-0.2761396582135729,54.5,4.873691925409602,6.619835916858074,5.388648043383818,7.720865772,0.0,3.384156365113674,1.676147384,0.40642471287855,0.489065941,0.1020620726,0.18773412533248718,0.8227295241212353,46.22892242060559,27.92704578
148.0103313,152.3722909,154.4269117,157.515908,3.467889908,158.6717354,2.822416552,3.4353108147948297,2.890273451,48.38728898,0.4833333333,0.015625,0.6690268265587894,1.146522953377923,0.18394558448062595,1.512636097,97.60674815005227,11.035293701041724,10.85274894,55.63018497,-6.093425606,-3.1031736467771074,-2.323379897,0.6899617195,0.43294798132928897,-5.01,-0.03704672173259288,0.33906848542403223,1.0087865865574153,5.142874982636569,1.75887232,0.809494363,-4.502698722705587,0.0221,2.7660758458979124,8.203469764053981,17.21657249076517,44.39282129,17.67532124,30.165741008458355,19.61040548582558,0.01666666667,0.04455357143,0.7752380952,0.04621681382979896,0.6826911885,0.5078511369,1.110554208,0.7766682632199758,0.7856332165,0.8104667601,1.109748378,1.064475138,0.5446149243,0.8393745447,0.9755157886,1.089866148,1.139410328,0.9689674695,0.9965526414505621,1.1675359826277885,1.032431477,1.011680714,1.020690408,1.123295234,1.200827498091924,1.177260175,1.239492011,1.1582438331957499,1.01916061,0.8945992690050021,1.351042941,1.078624449,1.1886186243010013,1.087785984,0.966006522,0.9435333642,0.6649973381,0.9409478723,0.9986526776,1.88473515634219,0.6142704886908814,0.614829932,0.5755385488,0.32890905511958485,0.2476194857325985,3.913553022,4.304110587016041,0.0668490014299714,0.04256038647,0.02575457987202048,-0.1325737083705391,0.2349861845844036,-0.13388892214293371,-0.0674455178,-0.08773079389,0.05935970433,1.990290858,9.242780407603302,2.06,2650.995469,30.0460976,-5.389817459,1.5426321990969853,-1.7909820327540387,0.6092150594317859,-1.673764192,0.7612480746178576,-0.9563055194763124,-0.2951343705,0.1437584533,0.1172464586,11.05045608,10.69199450106436,5.425791397,35.61190719,16.26500318,0.1373791195,133.4514031,0.09326709456,16.26347317642903,4.794537184,20.40266096,10.72607221,10.57107519,1.531695746,2.407361653395773,4.751678996343544,11.46331847,2.69421320875464,0.0,0.4731742973,5.131352211340852,-0.010060064216470066,1.8808392371699298,5.13155848,27.22258466,6.544756406,13.08951281,4.84878054,2.551749448158696,5.397661056,-2.1976745369672717,0.4315850934198886,0.0,0.0,0.5473573884443316,110.6,4.256905845362674,6.268432745825197,4.904525859333557,2.479594771,0.0,0.6995815176813305,0.9984880308,0.42946353662306214,0.1269440053,0.0,0.34764810378706834,0.6690970164217427,41.63848473449269,30.95894759
144.3174032,148.2158062,155.5005704,160.1483726,3.685714286,150.6606291,2.659451998,5.371164493273622,2.451205173,48.70120046,0.4922619048,0.04166666667,0.6598259608570843,1.058900110330342,0.20176581023262116,1.668598938,63.379295883549545,13.049544478673766,4.756026297,25.58788518,-9.604821037,5.309526077571545,-1.629665702,0.681465016,0.4386895780639872,-4.26,-0.05843621903077055,0.4427323328451822,1.1651918051440673,5.199475991147606,2.168617053,1.005926512,-4.606649198130728,0.00759,2.7676249650464637,7.726429541159499,-5.8056078013872,28.66745114,0.0,3.034945362556737,17.811634209769583,0.007738095238,0.01980952381,0.7754285714,0.027879191044991997,0.7089972527,0.5698652577,1.132512957,1.0725694275984585,0.7501828975,0.8817985326,1.103610675,1.140049471,0.869590542,0.929009831,1.403654175,0.9912602227,1.228018363,1.003693386,0.9918989693980615,0.8304708456352269,1.127954012,1.046167488,1.164775022,1.254631083,1.0059065176045534,0.8716138248,0.650734107,1.16616356271997,1.165705981,1.1246610498990055,0.9815847903,0.9397280068,1.068858333058281,1.023766761,1.040063116,1.084202037,0.4955967438,0.9505280413,0.9511288463,1.6710578162266676,0.6658683247543131,0.3844897959,0.2725694444,0.2806304246083418,0.3734608689406705,3.040836313,4.902961048629216,0.06286577523586936,0.0375,0.018060701203970995,-0.6738837959553289,0.2470485542836197,0.0034865474444484706,-0.08592558512,-0.08702436199,0.0002973963039,2.004462449,8.337009283211959,3.58,1372.303956,21.92741253,-3.326694307,0.7620637800866141,-2.9257675428428342,0.28410286717654554,-1.232877387,0.20123927192836852,-0.5881829537436638,-0.44083332,0.4441419449,-0.1631997952,5.316788604,4.172059228774232,0.0,29.8000411,5.687386275,0.2216261846,29.63332311,0.1305005678,117.23839204907358,0.0,10.30076712,4.992404733,0.0,0.0,1.4780115248130166,5.666495713586846,0.0,2.3959784288123194,0.0,0.6545581381,4.246400612742136,-0.008795663804958826,2.5539381627775457,11.37477255,10.81959831,0.0,6.165775612,4.8884035,2.4689125728129837,0.0,-1.748464817888606,-0.9096423252195047,0.0,0.0,-1.9342425325968224,51.38,3.924988901730342,12.448786790415625,5.832883375238528,0.0,0.0,3.6374660391993947,0.5982691087,0.3765679486105033,0.05143799709,0.0,0.30602301810114596,0.6644068690989144,49.20480405816707,29.99218522
149.7946163,155.2232052,161.5337457,162.7564201,3.495145631,162.6691366,2.949449449,5.145170765960515,2.887270766,46.83435575,0.4695238095,0.03333333333,0.6485194006370578,1.1811446746531657,0.18537008517862008,1.540249265,108.84208611247885,14.320795502563545,9.715277778,59.44444444,-5.932291667,2.3872842360424666,-1.888888889,0.6833808251,0.4282272360039239,-3.89,0.057992703006155596,0.3569036656391895,1.2164097136796366,5.228436155161537,1.81140835,0.834147917,-4.133445930553721,0.0278,1.6956439494290023,10.909315830034483,0.22017451673221444,34.51459212,12.40490243,22.26003391770465,12.553932712014607,0.03047619048,0.0331547619,0.7973214286,0.054700353444362096,0.6637198622,0.4527049508,1.13746691,1.0188922791879482,0.8399818365,1.164451458,1.119086918,1.141041115,0.6243708906,0.9079924669,0.9567080656,1.097750865,0.9765147666,0.9392887769,1.0057838470543232,0.9653781128965148,1.152983613,1.08147425,1.211116299,1.111491088,0.901747139178799,1.075910287,1.025956037,1.0792631672858408,0.8807808757,1.052987857732291,0.9245521587,0.5255980233,1.2806237980855926,1.03951183,0.8842050004,0.9039894258,1.001091511,0.9130160916,0.9793040106,0.9333087587114516,1.3096190807425008,0.5331972789,0.5538548753,0.31112012386069526,0.23827207427776703,3.773554151,4.086777753413386,0.05991615093776512,0.0408994709,0.025114444888045838,-0.4114567873388797,-0.0008310189938833673,-0.1387894381476454,0.1186795255,-0.05564743422,0.001308756523,1.958504393,9.357122041482576,2.4,2265.696798,29.33314297,-3.616464109,1.7367290326142757,-1.961472546270206,1.3040942094654702,-1.643035383,0.18213981849597335,-0.49632820500811475,-0.2715606337,0.2960426579,-0.1066938453,10.30076712,5.300594390799372,5.425791397,24.27512131,29.31392667,0.1537670096,40.62400469,0.09049494295,35.9022257714793,4.390415048,25.38663948,4.992404733,11.38785599,0.0,1.2800810321926164,6.075429161518482,0.0,0.728221767648394,0.0,0.8747201751,5.591804350920668,0.007692204261085606,12.026973998855599,10.07780132,26.29938345,6.544756406,18.90673365,4.848957738,2.483845754123241,0.0,4.929586402695155,0.9029121543133436,0.0,0.0,1.089437695707173,83.3,4.387410093882641,10.07604776829211,8.609323089542091,2.284696408,0.0,3.030015250152411,0.7166344516,0.4240763218405054,0.07940239484,0.0,0.18686017433518343,0.7113952876227763,66.77151971756595,30.18565182
145.3060659,150.536627,155.4378872,152.5198341,3.141414141,159.2498459,2.587950417,2.9434108639370864,2.725641917,49.89302047,0.4869488536,0.01851851852,0.6388307137450197,1.0795948311650336,0.22058112937087748,1.633045039,100.93974195973843,11.417085314872814,7.6875,42.99112335,-1.375,-2.9688655852259904,-25.07988981,0.684314101,0.4351184010698984,-4.65,-0.015164049124979765,0.43133130390803004,0.8929796699311773,5.582951587668784,2.006903694,0.7393028412,-4.050201994431169,0.00767,8.133817843273174,-1.6993220407539198,-8.249540995388355,39.52165029,0.0,30.283296035699294,-0.6511332807192645,0.01305114638,0.01832325523,0.7947278912,0.04408553536083425,0.6373416208,0.5389835044,1.078834063,0.9366255226820732,0.8176181131,1.32162892,1.055292726,1.13643675,1.058251962,0.9498956353,1.109659352,1.144177349,0.9165013551,1.09059253,1.1135651149867345,1.1726665288510725,1.065819581,1.204108586,0.974167798,0.9760526614,1.0001183390064308,1.09810322,0.9310344298,1.2418353803256417,0.9031135833,0.9370712100564643,0.9851201698,0.8107369257,0.9295689864273896,0.9168741958,1.012336858,1.048258938,1.047577748,1.111016793,1.132074456,1.6597380095408882,0.700837766692173,0.399047619,0.2951743197,0.45634587364094226,0.22491991665297162,3.452527925,4.94948811055251,0.06711465802702445,0.02398860399,0.028881156212642662,-0.14222694084615695,-0.15619748496487718,0.0024701001969953465,0.1041346337,0.09534433828,-0.04970975294,2.047539761,12.993243420820072,2.01,1545.703886,21.94890216,-3.451564021,0.015037359615536428,-2.327595498634563,0.4918667820998167,-1.278169321,0.7132091421161004,-0.550675669232284,-0.1985229533,0.2738299012,-0.3028221479,4.736862954,4.268667372182994,5.098681808,6.066367068,17.26785943,0.2549245197,58.45783306,0.09803129249,100.36205551108687,4.736862954,20.16532066,0.0,39.52165029,0.0,0.9958012444329706,4.560029617660536,0.0,0.6401593891615981,0.0,0.0,3.0717068782995423,-0.02900107203286373,-1.6450358178643194,0.0,32.65220607,0.0,0.0,4.817898533,2.4214715381200524,0.0,3.4315985079967115,3.675516966804638,5.521680599,0.0,-0.07746459970424414,63.69,4.673185726541159,2.2505708787268457,6.015396555240086,0.4914931722,0.0,4.838391113158399,0.4918779764,0.6197997517631559,0.0761440227,0.0,0.2791257179814626,0.879251922740728,36.53865203658649,27.73185171
145.817401,151.454821,156.37978,158.4776418,3.427272727,159.5420573,2.864942529,4.453476096157828,2.993569959,48.00479604,0.4731182796,0.01612903226,0.6759545423478778,1.150559959749784,0.19102743932745433,1.629061707,100.99529265409474,10.745391014447426,9.9336,56.6336,-7.0656,-6.618231150842309,-22.4928,0.6841461785,0.433414352040483,-5.51,0.09317907818736969,0.41524593762068956,0.9328936866771702,6.6504545868730665,1.961800927,0.959483369,-5.3594935949778,0.00417,2.0148060266930106,-7.902036260893461,11.641588031332793,45.60046608,0.0,22.183165111968197,9.287178704504337,0.02688172043,0.0311502118,0.7828282828,0.037572593424206456,0.6667444211,0.4979332692,1.169962633,1.106389777013511,0.8296626622,1.194764311,1.1269372,1.106385139,0.6376763403,0.8657354966,0.8824120773,1.086578615,1.006789333,0.7756154388,0.8765870312462549,1.2020689028609661,1.034689303,1.158187527,1.004462757,1.145588142,1.0727442855901865,1.157114002,1.020508794,1.0420111737123265,1.002944024,0.9333681120374123,0.9589293484,0.9369932415,1.185016885905931,1.06648165,0.9809719636,0.9574142706,0.941498962,0.9993731107,0.960657298,1.6968546454940516,1.2753791138136978,0.614829932,0.5130385488,0.24847094162737515,0.1999156186362827,3.682055263,5.011098735673767,0.07057660031170024,0.04176767677,0.01897415677061939,-0.4375092381211515,0.19648064345583172,-0.013384376236790486,-0.1041976237,-0.05203226847,0.09083916499,1.97940729,11.43494682801185,1.29,2452.50927,28.84626541,-3.322802922,1.9747071782379004,-2.5507176460054697,0.9675820905967909,-1.754984888,0.5184543870050053,-0.6863505364761443,-0.4622425229,0.5825388497,-0.4711483017,19.77449303,2.8069007478541845,5.261891555,12.13273414,35.25921319,0.1687985428,152.9772102,0.0858889825,60.513321860175736,9.473725908,14.95193556,0.0,40.21348046,0.0,0.5657907011633319,5.4200200947605985,0.0,1.4040188192592808,0.0,0.0,0.7888304829668371,-0.0014699510958234344,3.7485811745804325,5.687386275,21.74487787,6.544756406,18.25485007,4.848683342,2.4586015190770127,0.0,0.8247845535993742,2.812436794133406,10.98059471,0.0,-0.5310399669384361,95.85,4.849845374344305,8.692743328901502,1.2424946857787402,2.658324812,0.0,3.4712767806186475,0.7589589384,0.5347193117978145,0.06263564417,0.0,0.15913799292989975,0.7954048074153011,42.588750155039264,31.26935238
144.6252425,147.4703935,153.5929674,152.4666005,3.204545455,158.5428397,2.924360981,2.689014951463754,2.519774011,51.26066079,0.496969697,0.0,0.6774769426365951,1.0820081581518535,0.26030787292754476,1.639544887,95.45470389818203,11.71965013152826,7.259259259,20.89300412,-5.049382716,0.14018223707557276,-27.86145405,0.6791339464,0.43373272933149154,-3.07,0.0948842468628729,0.4575041367959124,1.1992444063476804,7.429722667395868,1.811646693,0.9654135417,-4.086504297655649,0.154,-2.9547080822159457,9.73284211595141,10.999211283369625,16.59685293,5.563451492,14.28583911927853,12.99042132539128,0.00303030303,0.0404040404,0.7444444444,0.043246018979931994,0.7100591716,0.6279884018,1.007313194,0.9471318456908616,0.7551895461,0.8099416975,1.0546875,1.136143654,0.9177053744,0.9548308776,0.9793066176,1.117177656,0.9597849765,0.9101022896,0.9958793632144544,0.9832098820072732,1.066953661,1.094180032,1.074253422,1.121066434,0.9407998045738848,1.049792322,1.14065945,1.1651426068745234,1.03942159,1.0122142259987625,1.165639571,1.12347592,1.021705789526251,1.047897528,1.004972536,1.000927053,1.156366118,1.135178568,0.8666418206,2.118271719122422,0.819075445971223,0.3780498866,0.1770833333,0.30835983855285,0.05256867596459411,3.358278308,4.564149901238645,0.08443118829079903,0.03416666667,0.024081086587521967,-0.4663285820502256,-0.011164057236428146,-0.18369509250004531,0.05753451655,0.0778234517,-0.1865687411,2.099423658,11.552531938067336,1.52,1302.496189,11.36528137,-4.31583401,0.17509351355937863,-2.2284998480736413,0.7558780119954078,-0.8783368353,-0.05361873003048595,-0.7936721957717701,0.01906417934,0.2406349677,-0.009328250805,0.0,21.40101502537006,5.316788604,24.26546827,22.50240757,0.1959327131,124.359745,0.1140791687,-27.878541950104122,0.0,15.28474565,5.733667477,0.0,0.0,1.8570708366607365,1.4336794075854784,0.0,-0.8752934040166247,0.0,0.0,4.579072583948838,0.028280920756665284,11.033718189896796,0.0,9.967957042,0.0,5.497807596,4.90972599,2.533520902608279,6.003839601,-0.3821238010975855,3.6813554953644227,0.0,1.596391723,-0.22914676356998526,65.9,4.192998195943434,11.072420163645933,8.359304783147172,0.0,0.0,2.421338901044458,0.7313610662,0.5180245830816302,0.1665042816,0.0,0.037383324579117,0.4367928451693155,62.34872372719178,29.88755348
145.965132,148.7197258,156.2312563,153.4077307,3.762711864,156.927851,3.022092268,2.166909067702976,2.872962963,47.44714678,0.4924242424,0.02272727273,0.6300923352913587,1.1770078476827064,0.23697339650359223,1.544872639,87.15780345184099,13.018062432817102,6.887052342,24.59014386,-4.085399449,-9.125969412436806,5.312723192,0.6791339464,0.4387324524919024,-4.08,0.11985668917352607,0.41351554585529554,1.2697267734779036,4.423147027164415,2.066085135,1.042617332,-5.449501778028192,0.0601,0.528445030102414,0.3646518810091468,9.235813163490228,32.99233261,11.33678588,10.521407614743474,12.052201988660729,0.007575757576,0.04191919192,0.7611111111,0.04336185355159075,0.6090808416,0.5423185858,1.04927032,0.9490906709710464,0.7039576171,0.8193750239,0.9084005695,1.200461358,0.8915563402,0.864309327,0.9897271524,1.032053912,0.9692374843,0.9338551708,0.8917916691268672,1.0257857664787047,1.146320962,1.092060965,0.9701733084,1.263584661,0.941512110566832,0.9571189891,1.145186648,0.9480767069489704,1.17883387,1.029141200499403,1.276874688,1.374195297,1.3140859066130073,0.9949820346,1.063535324,1.106021644,0.754210114,0.9758640492,0.8469217936,1.5207195970261254,0.8780211159277941,0.3257142857,0.2951743197,0.23243560859893173,0.3255798570285551,2.978308984,3.9550936003533517,0.055547237221585555,0.04279569892,0.015429070273938531,-0.4908386904035014,0.1698660789956397,-0.10211630423000181,-0.1978008921,-0.074507349,0.132535663,1.954145881,7.094396930548614,0.8,1287.918955,21.21627301,-3.710514406,1.3599352386532713,-1.8802002083848548,0.3495822877985554,-0.8750101132,0.23837096453021894,-0.8704176461422288,0.01203561213,0.1600318658,0.2848917983,5.733667477,16.77765484612759,0.0,17.40315295,27.29840462,0.2183749109,98.84426499,0.1052572446,-58.46805939815735,0.0,19.93591408,0.0,21.95893118,1.414607663,0.9123352773310688,4.325470126240105,0.0,0.5603597084407451,0.0,0.0,4.59276021101639,-0.05061444082936409,3.7395084018648608,5.13155848,19.93591408,0.0,0.0,4.858476049,2.56105339382038,5.906248583,-5.503889457677616,2.824668010728599,0.0,0.0,-0.18074823080656321,77.58,4.548681471721993,15.154712221802857,9.179645620662614,0.0,0.0,3.4111255885345195,0.6253075811,0.3278582712654628,0.104861554,0.0,0.10834099203953228,0.4573438256912081,65.1418427871896,33.1876727
145.817401,151.6956697,154.9312634,159.4511839,3.390909091,159.8611656,2.957093254,3.1304658689630402,2.795616718,48.00479604,0.4731182796,0.01612903226,0.6905020159849872,1.088023966017891,0.21355590097731003,1.62882504,100.09749003713459,8.597508324938916,9.9336,56.6336,-8.3792,-1.581034564279037,-32.0544,0.6841461785,0.43605560227413254,-5.81,-0.026398169937761767,0.41228704769831503,1.095571974508088,3.331521100565038,1.921800927,0.919483369,-4.272814925675097,0.00274,3.2737633891506923,-6.248329281991459,2.078457134412078,39.6521268,0.0,28.598480614674777,-2.96458244830732,0.02688172043,0.0311502118,0.7828282828,0.03823891249539959,0.6667444211,0.4979332692,1.169962633,0.8982895089362718,0.8296626622,1.052138131,1.146201083,0.9637660562,0.6188269067,0.8543536252,0.9569433776,1.066522332,1.163531034,0.7522544724,1.0019669912680222,0.748873170958355,1.036704142,1.152525708,1.034024883,1.153381258,1.081745905109836,1.131815708,0.9536000239,1.0845572010343913,1.035630388,1.002127357836767,0.9276053034,0.6974253849,1.3484307494874326,1.128239643,0.8948269672,0.9602099302,0.9595148514,1.01336723,0.983333486,2.587127150946431,1.134629020956175,0.5723809524,0.5755385488,0.19993330700435194,0.14213003624339798,3.722055263,4.548498373788047,0.07694943720254728,0.04273901809,0.024427020076126876,-0.4649161050455714,-0.16890591532720736,0.04354556615685148,-0.04874419023,-0.08189938511,0.002947625096,1.977958239,7.613053187930362,1.7,3436.069107,31.32674132,-2.745339574,0.4547257588832725,-2.0793486028604105,0.6825732639435858,-1.684852272,0.5071483803616104,-0.4151168172790386,-0.411534874,0.4527151931,-0.2987425721,19.77449303,20.20994578492092,5.261891555,18.19910121,23.02052879,0.1684908076,153.256611,0.08573239903,108.8177083297111,9.473725908,14.95193556,0.0,40.21348046,0.0,-0.9656279718022015,6.082207971250449,0.0,-2.9532317786116478,0.0,0.0,2.418682281912546,0.038789780386883854,6.1002264839421905,5.948339281,21.74487787,6.544756406,18.25485007,4.848604167,2.440472544906238,0.0,-2.4619943534502116,-0.22787524798568648,10.97587234,0.0,-1.7673465884398074,95.85,4.350465113331047,12.10180000653056,13.638879958671854,2.757644992,0.0,2.5454592751773744,0.7703214932,0.2655983307124037,0.06263564417,0.0,0.3347916256667627,0.7220465145238149,49.93749741513739,30.3948269
150.6227588,156.2364618,163.3449994,163.4525293,3.553398058,164.4285678,3.353853854,5.0362182240046,3.257281553,45.31563466,0.46359447,0.04838709677,0.6709322949940052,1.0210501385981396,0.23305691411525273,1.493656184,98.49208199193308,6.755141390587872,7.703125,58.5,-5.22265625,-1.4295410246510318,-7.75,0.6894086529,0.43385521963700746,-3.99,0.060827332634732764,0.4598680330557847,0.8716660728010153,3.6493946571348848,1.741329353,0.7240601563,-4.251669424772682,0.0201,8.31376370547283,5.771856483835474,0.7821607530727839,34.8870312,18.4712695,0.18305711404183,4.125957934297697,0.03640552995,0.03407345343,0.8281385281,0.043493882326362095,0.7400360833,0.4239468864,1.066141587,1.044932662927032,0.8323516745,1.051252339,1.103524395,1.095035408,0.562934599,0.8946434032,1.157188033,1.116874711,0.9983393525,1.076103525,0.8923637459417061,0.971135595791522,0.8878481581,0.8528479536,0.504034136,1.120831349,1.039443082584906,0.9836531333,1.018994129,1.0638953254664674,1.020054945,1.013711065381299,0.9199051196,0.8679392472,1.001487011710261,0.8740669241,0.6555403972,0.8922500697,1.016191495,0.9245723532,0.987788197,0.9762976684781363,1.1830463893514382,0.696462585,0.5130385488,0.2251383662708033,0.2461810462651634,3.843633148,4.62714684299038,0.0754569639608866,0.04419753086,0.021808817213669014,-0.23750492300377088,0.18237913776217513,-0.12574385397911497,-0.1237997762,0.1377172351,-0.05519198601,1.926934145,4.310371402451712,2.78,2306.778916,29.32968931,-3.09886858,1.5741087716906987,-2.697482833103697,0.9513799964414632,-1.755738297,0.6382089696651825,-0.8977864834095404,0.1233723003,0.3863099827,-0.05888017382,10.30076712,1.8940365079014523,5.425791397,12.14238718,23.62654039,0.1523272844,30.05378148,0.08912626148,55.153281831854756,8.780830095,25.38663948,4.992404733,11.38785599,0.0,-0.20828380503911714,3.8134309453844617,0.0,1.9230651118070436,0.0,0.8292649282,3.1997790574996134,0.02890067798938586,11.909363171648994,14.46821637,26.29938345,6.544756406,24.72395449,4.84886367,2.4676307366733297,0.0,7.037670841391056,1.2232463667871591,0.0,0.0,1.2549107470860683,83.3,4.4245095317772964,11.498119877983815,1.0246475632996521,2.161954189,0.0,3.8658272649499335,0.7992326864,0.5303912572849352,0.06365387513,0.0,0.16756053094766474,0.9081894686790443,41.13321123581875,30.43903568
145.560325,150.7520497,156.5390026,155.8494569,3.446428571,157.8136342,2.713833492,5.1523357895154644,2.589976983,50.40263578,0.4916666667,0.015625,0.6868367800184969,1.2770323106212107,0.23494650519627713,1.63637924,79.75627360951717,10.528482176554727,9.136094675,56.75805391,-6.461538462,1.4571848193797443,0.8027613412,0.6848636974,0.42421801308821283,-5.59,0.07114712783314145,0.4420781441061963,1.3166043591643906,4.743793581862784,2.225408552,1.169396833,-5.930326192338032,0.00305,5.3098748732292815,9.37261456408968,17.144861937827827,44.92947468,0.0,5.415922494997764,10.27030798174134,0.008333333333,0.01464646465,0.7686868687,0.03859972867800025,0.7010103383,0.5338529013,1.106744432,1.030333739049592,0.8105966151,1.307613246,1.131203008,1.255474299,0.8845624423,0.8869107625,1.182502241,1.102882377,0.9948518972,1.21797018,0.9296356881633453,1.2099728267088339,1.046089306,1.041741393,0.9211550059,1.113827538,1.048222858406454,1.142098622,1.108727882,1.1186543098992088,1.07260214,1.1547933950631244,0.9473605507,1.058993957,1.0287855262337284,1.033053036,0.9807791387,0.9889785624,1.179218062,0.9775824878,1.024371889,2.422241519326832,0.8508484726112068,0.7413151927,0.474029195,0.23537157626757832,0.053300742675135876,3.475031166,4.376633873514612,0.0614183641352882,0.0381678487,0.023098868934152618,-0.762345349501719,-0.07577658949488483,-0.08552722932440177,-0.03525356625,0.09928470844,-0.0421398553,2.03988502,8.281783868636227,2.13,3201.186331,28.00048187,-3.436424346,1.1040269964166074,-1.9710635777436258,0.6205379656829341,-1.251029408,0.19774295048858354,-0.9728535028882906,-0.348939037,0.5026020939,-0.3174309568,5.316788604,9.435090202549752,5.098681808,42.54970879,23.27208584,0.1626234389,21.57365644,0.0779721243,55.729788258489876,0.0,24.73242031,0.0,22.51475897,0.0,0.6216483772442004,5.458801933595369,0.0,-2.001924541842716,0.0,0.6790551438,7.294849070248379,-0.00906494602245303,9.997159123294594,5.687386275,29.72092241,6.544756406,6.9237372,4.876664293,2.4915807193480415,0.0,-3.129659844977723,0.3794570115007794,0.0,0.0,-0.10683795805453075,68.52,4.99119073766634,8.158120988355146,5.0558907702877525,2.431664893,0.0,3.7072817614452127,0.915641771,0.5190139920646029,0.07129411522,0.0,0.17034720648199964,0.3477434467832629,66.98811194348649,36.57587505
144.7680142,150.4389202,156.0683138,155.6795945,3.161764706,154.9829748,2.650879297,4.589176479806989,2.412470024,50.43102803,0.4784313725,0.02941176471,0.6340149200084818,1.1276344888240586,0.1949621769023328,1.711287884,75.40713482974347,9.079847354031095,12.16646849,71.95005945,-7.663495838,10.300695005440556,15.45422117,0.6861721141,0.4276633152873954,-6.32,-0.0015520954724651988,0.4412307272239887,0.9258064815030436,5.010630225591635,2.530535876,1.298003664,-4.601028971420137,0.000357,-1.6640951665540729,4.2877954791877295,6.9977121397200275,39.7073943,0.0,12.032150805438274,14.734961005157276,0.02156862745,0.01406162465,0.7780952381,0.039833980755618247,0.6694428793,0.5290962746,1.239575284,0.8325244905916971,0.8862713143,1.279293738,1.218094978,1.250106768,0.8642353936,0.9136421318,1.336051257,1.156406583,1.000537192,1.195015165,0.9387266884721669,1.1496268832769914,0.9981005603,1.018772124,0.9160080046,1.074789687,0.962926050941284,0.9423487783,0.9023790653,1.0371540980361298,1.208969805,1.090948491437922,1.009444288,1.176446598,1.2059742088434842,1.085982714,1.00656217,1.07735736,0.6386113515,0.887397536,0.9683847604,1.7333307359138788,0.7841951856985226,0.7665306122,0.4305555556,0.31618083219306026,0.08908471604314117,3.327445119,4.507759431220504,0.06928879233418263,0.02920634921,0.017824783361277286,-0.21399350652855967,0.16252041416106128,-0.013425654256254145,-0.1277507076,-0.1488620233,0.008210506092,2.069405377,11.737395788245355,2.52,1933.406554,31.06062996,-4.526956905,-0.14524991577992652,-2.5895299147189252,1.0905920030329885,-2.150020148,-0.4512063170233636,-0.5942760259999852,-0.5937147029,0.547376715,-0.2506254467,19.69042424,1.482574191297668,0.0,18.19910121,5.693927995,0.1808437435,134.2115193,0.06412910753,140.75999739740692,9.473725908,9.967957042,0.0,22.88687966,0.0,1.0635033279466546,6.071721792146351,0.0,2.932449665991015,0.0,0.0,3.937790822303802,0.015007165457104179,9.080126975417095,17.06215882,9.967957042,4.736862954,13.8474744,4.832276594,2.504551591250995,0.0,1.5526415675197294,4.342539804313234,11.4329758,0.0,0.26945380846589573,59.51,4.136661484040727,9.722527460776144,-1.803540602125718,4.021741318,0.0,4.286766253653999,0.8192972001,0.604662264995947,0.1170048358,0.0,0.16520757243752432,0.740779681277149,63.100831764133304,35.31202653
150.1287662,155.577371,160.8336168,160.1316994,3.292682927,162.70947,2.714285714,4.860505707748046,2.789990421,47.59726111,0.4707070707,0.0303030303,0.6335583864467611,1.093584955369967,0.18892160477185224,1.520040716,88.78683363504072,10.620125722486186,11.33190083,75.49586777,-7.836033058,-2.0178465476796537,-30.43801653,0.6904812668,0.43181517113422574,-3.54,-0.02110225232160803,0.44809502141494595,0.9561997275260635,4.185997312469661,2.01541337,0.9461654549,-4.973412882805901,0.0997,14.339460177547235,2.4222179570011897,15.66504812788663,51.71376917,13.26227256,30.92765529033399,-5.58472268586223,0.02929292929,0.04335016835,0.7768518519,0.03812083854555148,0.7054229688,0.4701755915,1.310822657,0.752859641881357,0.871503092,0.9914120486,1.158493597,1.247799371,0.5717072487,0.9051268693,1.168480885,1.19744908,0.9763069501,1.302360769,1.0332156120397231,1.1353551322058473,0.9728418609,1.060873201,0.6744874859,1.076028109,1.0198516439915015,1.137021822,1.105722788,1.0697706781828462,0.9851563148,1.0014510607093887,0.9531900847,0.8858995568,1.0492093538944025,1.02001469,0.919064009,0.8993950898,0.8860151522,0.9872794965,1.021017094,2.2196346278783006,0.864036423335054,0.6931972789,0.6067885488,0.5079864901875644,0.33299782248470156,3.765946344,5.049174288944124,0.0639939010719114,0.04250591017,0.013036794669840937,-0.6469875590078705,0.07459904785255865,0.011581623451691933,-0.06916580264,0.03184452403,-0.01353165484,1.98359253,10.876944990686669,1.49,2114.754709,31.70917809,-3.795521347,1.4679052349494637,-2.2066894354373274,1.0322007880432185,-1.560207532,0.5468806202964965,-0.9192770698207038,-0.2816104061,0.3924517219,-0.1512194368,15.61755573,4.96605162328168,5.425791397,12.14238718,23.62654039,0.134539768,33.07316149,0.07868413042,173.27408967681814,4.794537184,25.38663948,4.992404733,11.38785599,0.0,0.7368315336387654,4.824320765488919,11.20180083,-0.019468366245124047,0.0,0.8135728293,5.074680607222907,0.0020432801149614134,5.488868751967701,11.37477255,32.20656318,11.33929359,13.08951281,4.84862861,2.4584435563496445,0.0,4.15816744601918,-0.4027104407128672,0.0,0.0,0.7458627861672731,112.4,4.498621102720385,13.827186125899946,5.971277363018141,3.944364098,0.0,2.7672450413037195,0.8586399347,0.30654882623669977,0.06365387513,0.0,0.36585908200680417,0.7361429134580819,56.00314676343225,30.46303494
144.8696093,149.3817323,153.342874,160.951404,3.123809524,158.2377984,3.002777778,4.593134707099781,3.195876289,49.74457372,0.4747795414,0.05555555556,0.6570022392812606,0.8937918756989722,0.21033696594500687,1.69984788,117.45273819828009,11.399070654946899,12.68,56.1837037,-9.022222222,-6.708398782109181,-45.88987654,0.7024404018,0.43288658927765683,-5.75,0.13533463264483103,0.35821413281197695,1.0613437573746096,3.148249007637513,1.838423466,0.9224394445,-5.165926334211301,0.00114,3.6867457159628,4.080537085089763,3.651426623067536,22.50167553,6.066367068,21.014447838119793,9.54118547243191,0.02522045855,0.03545581707,0.7786535304,0.03358519417021628,0.6524884259,0.474816451,0.9674286216,0.8810762866482827,0.8235378385,0.7902216974,1.214387464,1.042684476,0.5806023064,0.8444741236,1.211084638,1.001907234,1.239221963,0.9388500824,1.0289508615750336,1.0490245746686737,1.044922847,0.9231420304,0.9644851598,1.091269841,0.9450604588023511,0.9803891751,0.9576344103,1.2009635021542526,1.149825784,1.077717272794878,0.9973742888,1.196611396,1.0921778312118298,1.033611249,1.058263246,1.12850209,1.089477894,1.159562895,0.9259644187,1.8697773052167335,0.958666474582704,0.6514285714,0.4149305556,0.212496335081199,0.1667173176261743,3.653429631,4.820140428708593,0.0691482025811686,0.04227642276,0.02324132253674845,-0.4775455981242686,-0.044211319155289475,-0.06896111368147259,-0.1200301474,0.0001753766073,-0.1383046605,1.840467164,9.432036140010158,3.21,1504.043571,23.84488667,-3.57313188,0.6686171418773663,-2.4397417494394693,0.9972878771509364,-1.82399534,0.04063511942569914,-0.9535063821008624,-0.3260188385,0.3162115104,-0.346321809,10.423316,3.6699313502572872,0.0,17.69618563,22.2842392,0.2553800312,71.23895027,0.1476026446,74.8296227743354,9.496942443,9.967957042,0.0,17.00689132,0.0,1.8735022331833089,5.634955824588066,0.0,0.17123589556041596,0.0,0.0,3.559347416880874,0.03148307732709315,9.692020645006217,15.7651876,15.07448444,0.0,19.66469524,4.886982113,2.5106400074742665,0.0,-3.0483278705145254,3.5222811955024085,0.0,0.0,-1.1021800356820262,58.04,4.542704947770799,1.5193890352555144,2.7219467567849334,3.844370475,0.0,3.4840188316898457,0.8382142248,0.3603003647097941,0.1263661433,0.0,0.3405335789124373,1.070919143335171,44.4409611185884,28.03580746
148.1175792,151.9245659,158.2982398,158.696275,3.341463415,161.1531869,2.80839895,3.1115705415963624,3.054613936,47.983974,0.4737373737,0.01515151515,0.6695588878752119,0.8924956091193608,0.229097622861874,1.598107469,62.22458372262979,10.738778444652272,11.32441701,58.86419753,-3.121056241,-4.192962619028002,5.827160494,0.6904812668,0.42681960622765336,-4.64,0.04454375251638836,0.4609851546807431,1.2494182905854747,4.805101559898109,2.122284425,0.9624846009,-3.7667774039035407,0.0228,8.535298570409955,2.907045313931282,14.312368038475638,50.88435568,0.0,5.439940391668976,11.810608378711919,0.02626262626,0.05492765493,0.7531531532,0.043177403580031505,0.688132401,0.4928064814,1.186259354,0.8124970000632757,0.808654492,0.955881863,1.158783241,1.227336624,0.5353549235,0.9098394126,0.9643030855,1.151037647,0.9725137957,0.9824538378,0.8680497691420438,1.0408469546111154,1.066814244,1.143224984,1.013548257,1.122177974,1.1406458488657867,1.111315097,1.045308634,1.027941700894226,1.04828938,0.8771819126110103,0.9447017455,0.9170307425,1.1010803178024975,1.015392516,0.9664313761,0.9154061091,0.6810049159,0.9283487331,0.9440686449,2.345246160890029,1.0916091076820655,0.6156462585,0.6198625283,0.24136147977353925,0.3346946021598436,3.632603077,4.3994068438239236,0.07975163777368692,0.0446875,0.011139915464160873,-0.5013508412904899,0.0228997330715908,-0.09588611580606397,-0.1184005841,-0.05952935236,0.1569820465,1.986135868,9.8218266271393,0.81,2131.473555,28.93837283,-4.334610185,1.8364435438697408,-2.401880418148246,0.528187526900026,-1.809740532,-0.1907825334396696,-1.0632570724349202,-0.1644850658,0.3809179098,-0.3172304735,16.0344346,16.242994676478443,0.0,18.19910121,34.65994183,0.1360091594,32.24398834,0.08937926059,70.19642874343452,4.794537184,24.9198926,5.733667477,22.64523548,0.0,-0.9513987817888377,3.8443409095073946,11.46922204,-0.49861341670361536,0.0,-0.4665311897,1.980374314781943,0.025548596142375833,6.765428818749693,5.687386275,30.82707233,6.544756406,6.9237372,4.874959471,2.4726497666466294,5.391845875,1.5374493912575409,3.5208846379625776,0.0,0.0,0.29799798045363923,122.47,4.670059356477373,6.20622186093143,10.01408756149029,2.382704181,0.0,2.268356022644906,0.8291328182,0.15789723515136928,0.08505527698,0.0,0.3945044741979108,0.7608370937457617,50.35926625254207,32.00740331
146.1247147,151.1860971,158.7179693,158.6785616,3.371900826,159.4257582,2.744929453,4.485304859453683,2.780939476,48.76662659,0.4787878788,0.01515151515,0.694480853520669,1.0632356824034228,0.2117956249825529,1.654040529,57.69999999310258,14.858126530000588,11.32441701,64.76680384,-8.49382716,-13.265705507704443,-53.96707819,0.6855377302,0.44438167561745306,-5.56,0.07137794630530166,0.4545150117011555,1.1407498567781897,6.062634120747844,2.123059313,0.9254475639,-5.096230703401355,0.0038,1.6885845106034325,-2.5235175645972525,25.53223419241298,57.3051773,0.0,13.040359149657512,17.064979149027614,0.02121212121,0.02770562771,0.7571428571,0.04584791360700622,0.6424311093,0.4684334539,1.193380188,0.8970944933630814,0.8329574266,1.15952663,1.120631709,1.21712373,0.5735563184,0.9297753277,0.9908573102,1.08262818,0.9367748703,0.7354402211,0.9647501527405582,0.9130654588726475,1.136644661,1.095910684,1.106012103,1.158449171,1.1562815124910366,1.129738505,1.046671151,0.867661925633395,1.001028816,1.0225112193298507,0.979257006,0.6014069537,0.8565044276141347,1.110977255,0.9470969825,0.9256106712,0.9957910982,1.090981533,0.9988111824,1.6601799274935733,0.878487667168841,0.5731972789,0.6606788549,0.27544056108936693,0.19181921692432952,3.631828189,4.221256478553516,0.07251258738586695,0.04393617021,0.01937230050359507,-0.352334235700824,0.15706644047573348,0.06130979452068439,0.04574526033,-0.08135202692,-0.02560021309,2.026312773,8.517551204111667,1.13,3358.107916,31.66904098,-2.969454678,1.1322415573628608,-1.9604047761491932,0.31715074657020514,-1.710474999,-0.4274175685518303,-0.8496235012430207,-0.3975811033,0.4440482265,-0.2810697766,10.30076712,6.711046634162278,5.261891555,19.05647134,46.29261463,0.1593193784,26.0493072,0.0708162659,127.4350986029212,0.0,24.9198926,0.0,28.71445679,0.0,0.9152118577037782,5.0391224387418,0.0,0.048280533438061046,0.0,0.0,4.086242720969988,-0.03162890017651758,10.212060230902473,5.687386275,24.9198926,12.96557803,11.33111287,4.877336081,2.492086472346052,0.0,3.9366930231725967,5.2795220681609125,0.0,0.0,-0.3962789250644676,103.17,4.4665284029716545,4.189482224430021,2.053951580583921,2.591937797,0.0,4.064019833937347,0.7323949012,0.3369120510390373,0.06541342195,0.0,0.17802547096066132,0.8951281665911476,49.496137370145235,30.95983989
151.5397617,157.5474193,163.9182458,164.7179547,3.53271028,165.1169809,3.143637227,4.956891647742873,3.385135135,46.38335578,0.46359447,0.04838709677,0.6734755473276197,1.0473396699370532,0.1707048279197783,1.493241297,90.03286787209895,12.42479224819308,8.5936,53.6384,-11.4772,-7.674992395263665,-30.0544,0.6894086529,0.4399425038429046,-4.25,-0.024406932099488392,0.3814769421133491,1.0726000312375148,6.878446414754545,1.662708558,0.6081274391,-5.197503535294711,0.0196,4.9753104496039215,0.9953179323339874,18.36257311691308,5.57310453,18.19910121,9.527342634768658,15.899272049881967,0.03640552995,0.04960693955,0.812605042,0.045420013596373696,0.7566673934,0.4694502873,1.083167515,1.0465257134214994,0.8474360554,1.175789659,1.139452075,1.097325073,0.5823498062,0.9144217359,1.004889248,1.080961164,0.9860373438,0.9626907703,0.9079103347970847,1.1732965793255765,1.054019491,1.017239667,0.914501734,1.10068275,0.8456789899346098,1.073344015,1.040100864,1.327500202673672,0.8885699107,1.1659029061661403,0.9266635793,0.6829368466,1.0961479420162694,1.047397192,0.9223260991,0.9385948302,0.9752887061,1.006720808,1.007875642,1.3410669731871399,1.026160230139507,0.7112018141,0.6163548753,0.31968252437570766,0.027285355420113427,3.981147632,4.557575692957739,0.07173543947954064,0.04241975309,0.025306098032755044,-0.6724875234093269,0.08584200387128349,0.08594352969178812,0.06624173245,-0.02694792288,-0.06311020323,1.752997727,10.266102413331907,2.78,2853.022347,30.56534244,-3.910720297,1.4476724014297915,-2.769957440884928,0.47580794334688536,-1.724644867,0.6313033678926226,-0.7606305336557599,-0.1041850566,0.3323877145,-0.1540221275,10.30076712,15.245378590581147,0.0,18.20875424,29.31392667,0.1391792811,36.58182932,0.07010002312,1.0030398751670617,8.780830095,25.38663948,4.992404733,11.38785599,0.0,-0.8327711293318215,6.32982852991873,0.0,2.795782969255625,0.0,0.806811067,3.9816687002510545,0.016059925232066653,4.553570016678118,14.46821637,32.46515906,6.544756406,18.55817888,4.865265677,2.5158112814607465,0.0,0.9888915916326073,1.0751126500538617,0.0,0.0,0.6477055042842346,81.23,4.509811535294699,9.678873938027651,-0.6443146258439727,1.992124129,0.0,3.9053322163939717,0.8053607425,0.5363157605464223,0.08374028396,0.0,0.21941893974038157,0.8528599733452977,53.30441829541475,29.32088182
145.6756489,152.3692317,156.7243031,158.5660927,3.369369369,159.4311695,2.820304818,4.897869937873098,2.793756146,48.00479604,0.4731182796,0.01612903226,0.6551967901168961,0.9653031508257117,0.18924229393858968,1.622721684,87.7772307293262,12.368006795527648,9.9336,59.6336,-10.1108,-6.189683003660807,-1.5408,0.6841461785,0.43540915655768947,-5.23,-0.050501185586073874,0.4161142314232152,1.080115272182496,4.605287651610359,1.978490264,0.959483369,-4.612492337631576,0.00449,6.443907589283166,7.8620253054670295,8.378811784032177,40.03047287,0.0,8.424197667738296,15.079126146231442,0.02688172043,0.01606182796,0.7979166667,0.047273677875168806,0.6667444211,0.4928543905,1.253901445,0.8518644578322612,0.8579165357,1.263143658,1.146201083,1.126765514,0.6367795801,0.8542836326,0.9479241672,1.104689293,1.036446104,0.7493841166,0.8670990460027911,1.1200966637753893,1.034176102,1.105811125,0.9985451631,1.127544619,0.9444915510777296,1.119860331,0.9749229542,1.2770615662546947,1.086820551,0.9599303102212386,0.8720432635,0.6671579862,1.0111601929203056,1.022812614,1.096381135,1.135496843,0.89754036,0.9796886227,0.9783350062,2.471296522301411,1.2710909676319913,0.5723809524,0.5755385488,0.3069332673157207,0.2823390877499568,3.665365926,4.587634827640808,0.06421282069183294,0.04273901809,0.021773332036016405,-0.3708377249087731,0.14456151286857202,0.026793763414206216,-0.01323283817,-0.06183612388,0.001028379954,1.993581034,11.364017840157477,1.56,1801.206755,28.28848451,-3.062389242,0.3647496603077266,-1.4320586590390656,0.7513763992502326,-1.966806931,0.4323051393372666,-0.6881795459032681,-0.6798670227,0.7196377646,-0.3665019633,14.79051451,12.540127125066242,5.261891555,6.066367068,29.55874348,0.1732788131,148.1751399,0.08816961431,108.577300576097,9.473725908,14.53505669,0.0,34.77396375,0.0,1.4642498505475043,5.613638383929745,0.0,-3.4932513463695707,0.0,0.0,3.834399887109183,-0.00296658060079236,6.4167208772133515,5.687386275,21.327999,6.544756406,18.25485007,4.848604167,2.492969675912312,0.0,10.086027531948343,3.1817396548486387,10.9890741,0.0,-2.138345060581988,84.99,4.365642706409465,13.735279881759663,2.9489340312371404,2.72396651,0.0,3.8852892764163465,0.7585393788,0.32628550501887243,0.06274916425,0.0,0.05442879589391242,0.4556186420517236,61.98875768866996,31.26935238
144.0134583,150.126197,156.8461685,153.5723163,3.865979381,156.7137158,2.356688122,5.4540958659605145,2.087254445,51.04803271,0.4928571429,0.01923076923,0.6400983052114715,1.0468495420521544,0.2066945664778152,1.710001269,90.20283968003949,13.063456363481816,12.73336939,67.91639792,-20.64196863,-6.787104285012644,-38.35570779,0.679730678,0.43278079921212503,-4.76,-0.007810877819936158,0.4252946141762295,1.0149664839453565,4.890159673659314,1.882225511,0.7536365571,-4.207995489281942,0.00255,8.260893540665354,6.7530869013367205,15.073575167909778,47.37110857,16.82083098,27.937534432509246,4.798050746368644,0.007142857143,0.0,0.7879120879,0.04426212758078053,0.5602350279,0.4318447912,1.098254068,0.8994722744861966,0.8150876153,1.314057055,0.9656629185,1.20195393,0.802777227,0.8248936248,1.162451852,1.122979597,0.9005178782,1.07024599,0.9445312225477992,1.1336995487314154,1.142759713,1.026477864,1.104286557,1.277430991,0.8833701967838348,1.254770926,0.9894774431,0.910727140479264,1.240392507,0.8959661511110767,0.9625365914,1.264429857,1.0358816884471216,1.226162045,1.006670644,1.045596152,0.7989429637,1.006643446,0.9886050964,1.7830594172553396,0.969081908234285,0.6131972789,0.4288548753,0.4053180194525008,0.1440859072619658,3.544039244,4.775478638607764,0.0557701854829359,0.04044973545,0.03005471502064804,-0.14212395487361384,0.315378676148548,-0.04274542473760941,-0.1398244797,-0.1165371515,-0.1514373106,2.125990226,6.703732304445394,3.15,2177.837598,20.78246748,-2.909144122,0.6594835013965312,-3.119913508646494,0.8703198340900988,-1.147689069,0.32944020110375044,-0.5306909701573894,-0.4462850492,0.3119019792,-0.02368572528,0.0,22.443281815336412,5.098681808,29.8000411,21.92719002,0.1910926599,9.627587987,0.08464523789,130.9578177035557,0.0,19.74844179,0.0,22.51475897,0.0,0.7030847870328809,4.4387936355025905,0.0,2.567868047853962,0.0,0.0,4.147242838411558,0.003955428875849723,1.6315300991272963,0.0,19.74844179,12.96557803,6.9237372,5.000147947,2.4742344255323605,0.0,-4.366044619170644,6.128233851436919,0.0,0.0,-0.23838377838361952,43.6,4.501791559963228,5.026408927017126,-1.489004500268762,2.883960967,0.0,3.455874914380762,0.8170731478,0.48519719885827217,0.2038753515,0.0,0.3269662781785255,0.9624857739048513,57.55735805136892,27.68479521
146.5993687,154.1669417,159.7211343,160.2334063,3.412371134,157.6714408,2.789948692,4.839015513236036,2.688571257,51.66154758,0.4942528736,0.0,0.68356939074048,1.2031855764297303,0.2066540339834367,1.431447135,91.60153649847409,9.25683562573048,11.87,75.11964444,-5.64,-3.2670639862802067,26.19964444,0.6971368173,0.43137139391129253,-6.95,0.021451140915565957,0.4210270827121523,1.094836118961945,3.8769094583250996,1.648447688,0.5652932501,-4.756639771541796,0.00457,7.489308909305127,5.899617204610261,10.095948240510008,50.71112305,0.0,0.775060422136443,-3.442070574726378,0.005747126437,0.03485354097,0.8053763441,0.03905394681671199,0.6650115856,0.4779477044,1.228012266,0.9110556642807236,0.8749425937,0.8909175888,0.9456140351,1.106504655,0.5603797909,0.8701675144,1.07023076,1.034606877,0.8681295929,0.915101555,0.9377309597263352,0.9387767378341741,1.101335129,1.058849269,1.376825005,1.107795261,0.9746186502427059,1.006497601,0.827745925,1.1822832126353295,1.173792156,0.9158329106320976,1.15118977,1.392880882,1.2794130713493088,1.065235378,1.038845107,0.8922866148,0.8003754203,0.8960468008,1.050911894,1.9333779430131195,0.9523467191563214,0.6370068027,0.4930909864,0.047611661286205365,0.2642986320550308,3.995408502,4.502439466382781,0.06599021407750763,0.03995833333,0.025701803013900914,-0.6380882478194777,-0.11910213951827192,-0.11228803373697063,-0.1033774514,-0.1345191316,0.08512529267,2.097914513,10.451766790402301,1.34,2421.485615,28.99992128,-5.985861375,0.7640896498026662,-2.5716398728610947,-0.054342780565475035,-0.7117091594,0.7982697345784452,-0.625068394484305,-0.09575072774,0.2428381953,0.2028940593,15.03763008,0.39911462164488576,0.0,19.41092589,34.57272627,0.1756174026,36.04326419,0.1589936585,139.695641742896,9.531400138,25.25270269,0.0,21.95893118,3.1530174,1.1611793838264253,5.719892797837875,11.85223036,1.0562131846587017,0.0,-0.4359976129,4.562823130626859,-0.015505752509983784,7.291280029022287,4.794537184,32.63603612,11.28161936,6.9237372,4.831551496,2.4880603491467292,0.0,4.321528198806739,0.6846666793634835,5.145563254,0.0,-0.7102761620068357,92.79,4.375626836430084,-3.521046463861933,6.555293598342631,4.691401677,0.0,3.814877809401546,0.8298151429,0.36590554405746184,0.1110709264,0.0,0.08618954364008319,0.8658236646910802,42.38666347061439,29.79848615
150.1287662,155.577371,160.8336168,160.1387595,3.341463415,162.5521344,2.748106061,4.382314425080885,2.791894353,47.59726111,0.4707070707,0.0303030303,0.6412863159537618,1.106723223231585,0.25569814855544604,1.519969228,82.34796541105098,13.964627049664378,11.33190083,75.49586777,-3.483636364,-8.339546404345807,-2.421487603,0.6904812668,0.42770361636779497,-3.54,-0.04031436486139142,0.44202443261853797,0.6156259886162585,5.6427662918618955,2.01541337,0.9098018185,-3.889130143839091,0.0997,6.600926605914092,-0.5628954699541326,12.580895360052532,51.71376917,13.26227256,35.21617310608771,7.823879210287504,0.02929292929,0.04335016835,0.7768518519,0.0473936246392007,0.7054229688,0.4701755915,1.310822657,1.0018435500251417,0.871503092,0.9983987644,1.141330729,1.247799371,0.5704406583,0.9051268693,1.185920903,1.182222662,0.9763069501,1.312861561,1.1410866023750752,0.6272023410078477,0.9728418609,1.056870471,0.6390663656,1.109865471,1.0356933910146087,1.169295384,1.094277983,1.0188699854682455,0.9583467224,0.8713798046782169,0.9608184825,0.7748292652,0.9398922651978786,1.052699229,0.8864739701,0.9262473304,1.1312054,0.9470689873,1.061783366,2.3879569321648266,0.5125497638110964,0.7356462585,0.5130385488,0.051415980417336554,0.20146935649830475,3.765946344,4.779528605529382,0.0773278213349515,0.0399537037,0.01778552598764711,-0.4107297713687764,0.2712974313633968,-0.1140140761097018,0.02791545152,-0.06188380767,-0.06019558339,1.980502618,11.68991113875103,1.49,2410.562961,31.04069865,-3.435346892,1.816878561741564,-2.1378856816095295,0.6818387721546836,-1.670162037,0.5800104832436604,-0.7846818942258338,-0.2684374989,0.3533697405,-0.2098917096,15.61755573,16.357491500345297,5.425791397,18.20875424,23.62654039,0.1343410739,33.44055909,0.07858035979,-38.47158100239446,4.794537184,25.38663948,4.992404733,11.38785599,0.0,0.017438881958937946,6.494785624203196,11.33939598,-1.4312410131391227,0.0,0.7953104794,4.1083333103197495,0.04391672878150045,2.6921628781346723,11.37477255,32.20656318,11.33929359,13.08951281,4.84872166,2.4889593049277585,0.0,0.3986374782170512,-1.0377945752187274,0.0,0.0,0.2593933121181141,112.4,4.574410740100523,5.906990072067479,-1.7533390111336287,3.918105847,0.0,4.848530784338786,0.8586399347,0.439773164939932,0.06365387513,0.0,0.21224047475628174,0.9170340295613348,61.411132793672614,29.638011
145.2099007,150.9997198,159.6007726,160.6028503,3.7,160.1861851,4.12394412,5.302103726512113,5.584929757,47.18135908,0.4826190476,0.025,0.691246251102193,0.908402941815193,0.17527850681903945,1.460883267,116.28094228949985,11.554738715398459,5.32,35.08,-6.591111111,1.773680725378835,-28.30567901,0.6844934983,0.43280779105693457,-4.23,0.028951868940491305,0.4912278114039882,0.9621796229547384,4.0312927356482335,1.107309365,0.6,-4.310539254499088,0.0436,0.9047856502567027,3.9575272663120726,9.246662562584541,29.69887896,23.46952001,26.19660111686663,18.19547754655955,0.01738095238,0.0,0.8673809524,0.03404188530930344,0.6997198007,0.4082961782,0.891441957,0.6463087809879912,0.7736881998,0.9658537332,1.020738204,1.17065636,0.5995147277,0.9814459381,0.8583093994,0.8446876528,0.9941708864,0.7924413668,0.9928554768351554,1.2495621940668191,1.115985009,0.9669628592,0.9613873454,1.355650685,0.8884240288352827,0.9082043996,1.054480569,1.1238853761142324,1.218909838,0.9023537501600566,1.092971536,1.075988583,1.2001419563666493,1.20279857,1.068597897,1.281192165,0.7148405057,1.410596581,0.9389262985,1.3709769492377897,0.24543272590265186,0.3673015873,0.3359552154,0.23372117605939924,0.05515872896797122,3.799581231,5.156365682497032,0.05542477814559969,0.04452674897,0.020997340669265036,-0.5354261697700925,0.08565321101377994,-0.008720920594158292,-0.05662620013,-0.1550138167,0.1450244576,1.621602104,9.053253685870242,2.25,539.8377532,19.17433041,-3.185761506,2.473740205019154,-2.0419359763389924,0.7383941336350871,-0.8106417495,0.86426021060847,-0.7863104414499462,0.09260569599,0.02337361608,0.06641800929,0.0,15.700246109432754,9.614079702,11.33678588,0.0,0.2122845906,208.8221789,0.1526629909,41.550835395931,9.184952232,14.59805822,0.0,11.25737949,1.523836425,1.9274095032722585,2.1263931227923365,11.36712758,-1.2191949488395746,0.0,0.0,2.8866408320145274,0.026925477383620656,0.8960877859622558,4.390415048,20.88421875,0.0,5.817220841,4.850608614,2.4770427514497513,0.0,3.407934807761025,-1.6854924353160927,0.0,0.0,0.29478688972723976,47.26,4.370183552577542,12.225578337603949,4.423270609049155,0.0,0.0,3.2067403650443485,0.7417047715,0.22849649007106035,0.1539444827,0.0,0.09260582447647693,1.5146854363477655,53.167044532230506,27.16226232
144.1851809,150.8419307,157.1409259,157.1307331,3.634782609,156.3895983,2.343209877,3.8985920242315517,2.098566308,52.07746353,0.4851851852,0.0,0.6543933354254903,1.0195821214859944,0.22057211862969403,1.785102788,55.05798994479473,13.167803099977052,15.6122449,84.22907122,-22.40816327,-4.058802830005423,-138.755935,0.6807446078,0.43370165233823943,-4.91,-0.08132622041221346,0.47555455666975593,1.0456661174502555,6.8352464280272445,2.273263854,1.066625765,-6.107336971708462,0.00274,-0.3265692257355117,-7.129346946370831,10.85909238574854,41.98488435,22.20705519,29.23141569227394,21.109274500447654,0.01481481481,0.0,0.7592592593,0.03681802877868895,0.5886792453,0.4237798681,1.131625525,0.834704226533819,0.9097212439,1.291044865,1.006451613,1.189452481,0.7820508886,0.8877379939,1.145307783,1.048971596,0.9769784468,0.977530557,0.8582433046583837,0.9478134392960027,1.191190135,0.9299587479,1.294388551,1.32173913,0.9453162903855111,1.228789108,1.07607442,1.1280967382653464,1.223242147,0.9444406310835335,1.069253308,1.169309747,1.0628105769057339,1.309652846,0.9765857501,1.01391603,1.07729835,1.242377808,0.9516078848,2.1011463241913932,0.9707795583950433,0.5251247166,0.4453656463,0.3873101513422274,0.2144446002972964,3.34144599,4.859996878943423,0.0592070761382487,0.03528395062,0.020645216053208928,-0.37615030924420845,-0.03744314588123311,-0.01682367460291776,-0.0723920825,-0.1537992578,-0.1695336829,2.151216564,11.236487822746529,3.09,2086.58422,14.69025353,-4.575509382,0.4867272095700861,-2.348823828755364,0.5901567734388333,-1.338907896,-0.009426257865382925,-0.6287910382794711,-0.1111993468,0.2818209518,0.04606378681,0.0,3.347976709356028,5.098681808,38.11294267,11.21062871,0.1811246968,10.62986842,0.08022885623,33.59160472478824,0.0,19.74844179,0.0,22.51475897,0.0,1.7155554555651829,7.197103778026744,0.0,3.210928851708889,0.0,0.0,4.80621694316253,-0.015784092974410788,9.031781012318344,0.0,19.74844179,12.96557803,0.0,4.998950662,2.4817482660346304,0.0,2.354807071827863,3.1824716537340603,0.0,0.0,-0.8084580290496881,43.6,4.524038846069761,10.434213547943328,-1.7908929350650125,5.33564435,0.0,3.574941417731318,0.9048170651,0.40548542826834705,0.2052184453,0.0,0.1388941901866492,0.46374130880890274,56.066090544690404,29.28526947
151.5257649,157.2635962,163.5218903,164.3794591,3.355555556,161.3458172,3.605429293,2.8039173674246434,3.680365297,43.49756155,0.4573129252,0.05357142857,0.6905163323980658,0.9446932658814648,0.24412249161298868,1.426901074,70.35808462534604,9.401609028877305,9.346938776,49.0,3.859410431,-4.108276870980287,36.77777778,0.7026070582,0.42626646243582667,-4.06,-0.04398189690488531,0.3682274818443142,0.829575949025029,2.182240348496443,1.62628006,0.8337988097,-5.0138502114584,0.0316,4.012179105331284,5.957490826241727,14.62261090895519,18.19910121,24.12316206,11.276639321159216,16.0308353593309,0.04268707483,0.03951247166,0.8531746032,0.03643198032012425,0.6710431655,0.4052873563,1.054130241,0.9286595292481953,0.8267878547,0.9874788557,1.032374101,1.072343379,0.5953059769,0.8556774354,1.11485472,1.012147335,1.026409886,0.9977456833,0.9186763097207115,0.8743022532948865,1.090129795,1.029778526,1.131097181,1.109802158,0.9364666410041529,0.8093704142,0.9731562305,1.0556671989156547,1.027356322,0.8392819082507537,1.13426717,0.8326726416,1.0627103306019714,1.054320141,0.8210777852,0.945896658,0.9810562833,0.9005668399,0.8904870432,1.569311641000977,0.854689703859861,0.5968253968,0.3211805556,0.1305909423737431,0.4040047613374456,3.766037363,4.631407314431895,0.0686721221301471,0.03952020202,0.013408828090166433,-0.43570136701064804,-0.09039659168323691,0.0596932834363778,-0.05537400896,-0.06680925073,-0.06967460441,1.686829229,15.372759953453492,2.75,1859.334395,16.17687259,-2.922220665,1.9930814581825467,-2.3295153244034394,1.1239941915482665,-1.904626993,0.3849285836439399,-0.4592501908528892,-0.1552706544,0.3627522401,-0.09845408509,10.63357721,14.888495854591547,9.780484743,0.0,17.57815784,0.1524828092,14.02949913,0.1475073878,100.18520192527758,13.57536728,25.06523039,0.0,11.25737949,0.0,1.307263814237284,4.834266930593004,12.0483115,-1.0102138243259846,0.0,-0.4136118403,2.134944908903978,-0.030058093552005352,8.759616572020576,24.95013983,32.82722828,0.0,11.63444168,4.877473763,2.560336844920567,0.0,-1.3863038818566165,-1.6913882678154815,0.0,0.0,-0.8127185805882322,84.73,4.440310130168894,9.912577977247064,3.394331479665218,0.0,1.501980667,2.5106974368047075,0.6258641428,-0.03613898473115468,0.08765981412,0.0,0.11628006896556531,1.1297334125231013,62.10923226005088,33.15383706
147.4612651,157.7221058,159.9476082,159.1225334,4.1,162.9607215,5.453186535,3.723841887239213,4.534979424,43.86052541,0.4843253968,0.0,0.6729525228285065,0.9897553043867462,0.262855458071423,1.332445565,84.72392540667869,8.359942686121418,3.752066116,40.2265075,-11.12396694,-5.766161811901311,-81.96755433,0.7040406978,0.43408059269788846,-6.27,0.07367352806444222,0.4549454521243046,1.0681702923293648,4.995425856125552,1.049369409,0.4928685608,-5.035322177244858,0.00251,6.893250982201128,12.9043149067025,2.5705467894096863,15.91054863,22.67357176,14.893461984576474,13.93962465775406,0.01567460317,0.02512698413,0.903047619,0.048854429793678406,0.9346405229,0.3964611406,0.8505278771,1.042234562301287,0.7117645346,1.066337923,0.9322033898,0.7492637709,0.3591895554,0.7793836392,0.6916775797,0.7824128347,0.5185500431,0.4570906609,1.0366033799615606,1.1722723296203925,0.8466251836,0.9734528773,0.8341697233,1.175490196,1.0670297669536448,0.9434064182,0.9520079746,0.9803979332659505,1.087901579,0.9836698591884943,1.339381988,1.049784255,1.1972708532279361,1.329232471,1.424684863,0.9366503436,0.8996855229,1.56203012,1.45619129,1.774674547739467,0.7537937630143452,0.7413151927,0.5721017574,-0.008422301764972329,0.2451085011497391,3.995024711,4.59565681676497,0.05977139878729714,0.05052380952,0.016434717552416826,-0.5324254404405658,0.04964042380721071,0.0012356181215417636,-0.02532760127,-0.2289025083,-0.337053202,1.810150227,9.661297981987005,2.09,2275.114305,30.5186832,-6.198717848,-0.6054126297270968,-2.1198081626694805,0.8281228551417714,-0.5802035465,-0.07445921009497858,-0.7141478452810944,-0.309865363,0.155164361,0.1592967637,4.983978521,10.978621293002991,13.17124514,6.066367068,21.4210879,0.1746651557,31.96666154,0.2350145504,126.11442946757025,13.17124514,19.93591408,0.0,21.95893118,2.703659126,0.6718435838695941,6.037934227560919,0.0,-1.3448328602775603,0.0,0.0,2.0241857143143265,-0.0072870056939515135,12.138657378519252,13.17124514,19.93591408,6.176298517,6.9237372,4.853464981,2.5164304979968226,0.0,1.6785168259187189,1.1452720566199721,0.0,0.0,-0.24922359041380437,54.46,4.678355498313459,6.537218820197828,9.187799095528622,1.792035689,0.0,2.7000077509442435,0.8991335537,0.36642333903915797,0.1350287976,0.003018408053,0.13716364817295545,0.7778985158732622,42.12148415757606,36.71808007
146.2217091,150.9941239,157.9963401,158.5402442,3.428571429,159.9072869,2.784425451,2.979213082070149,2.87962963,47.91974111,0.478125,0.015625,0.6572329261890427,0.9869565742971458,0.19878258601014492,1.643342141,54.220397869240024,13.486438808509043,9.852748943,55.5171088,-7.83160323,-3.2523071362268468,-23.45905421,0.6848636974,0.4316537745545283,-5.11,0.06926409198645724,0.48663551878625355,0.976479141849968,6.298698748903061,2.153891597,0.9798856559,-4.344771365865383,0.00688,1.3479231370401974,-3.2240163910012773,2.345391405664772,50.88435568,0.0,0.06545920453174503,13.570020931983771,0.021875,0.02867647059,0.7588235294,0.048020288163078254,0.6668742217,0.4816028966,1.182217953,0.8478901405138153,0.8091796514,1.161434476,1.167654302,1.209208366,0.565111774,0.9053723345,1.029803856,1.128865679,0.9438083753,0.7913171568,1.1159367461913783,0.9644374517258179,1.08711971,1.101271972,1.048155457,1.138392857,1.0521624537283027,1.132323358,1.04259701,0.9931709335721739,1.017586478,1.0737516017163828,0.945187391,0.6112380475,1.140646650017665,1.112031134,0.9473387046,0.956465875,0.9587730547,1.008931429,1.040676543,1.8664022548083097,0.9359801020485947,0.5731972789,0.6198625283,0.3365899346169266,0.19375153986045796,3.518533745,4.549725887047333,0.061310757158554295,0.045,0.018224655703206215,-0.36707502236555584,0.18594423400139465,-0.1663615467084705,0.03965672389,-0.08469110507,-0.0283177358,2.004272784,10.63502557476476,0.92,2240.776417,31.05677271,-3.032394041,0.1753604753482706,-2.40734928064965,1.1304316320490735,-1.691975118,0.32835835508368366,-0.8465594116045279,-0.296404184,0.4181105421,-0.3103246066,10.30076712,7.694379167049367,5.261891555,12.13273414,46.29261463,0.1627685423,26.81160078,0.07234939331,195.28255783638252,0.0,24.9198926,0.0,28.71445679,0.0,1.3039782554417494,7.257422442967627,0.0,2.343036377286519,0.0,0.0,5.08369781193932,0.012394241939535667,4.943588353710682,5.687386275,24.9198926,6.544756406,18.25485007,4.874762888,2.480196152115396,0.0,-4.9690438585351,2.6653966878484097,0.0,0.0,-0.9855291048480368,103.17,4.435750188143284,1.7755589364126187,5.403337505838933,2.468875052,0.0,3.5394612531244736,0.7702072531,0.15919079656473317,0.06541342195,0.0,0.14342293232769768,0.8784014553569158,50.461632844472476,32.01951086
145.045857,151.7808163,154.5847109,162.0658088,3.066666667,153.7869852,2.466666667,3.0684457914190126,2.283702409,52.22564214,0.4820512821,0.01923076923,0.6498656136106797,0.9800417653235743,0.22023306400539883,1.737281155,83.28584742720285,12.532146358795446,18.88696655,91.43252595,-25.21607074,0.23372308325228452,-111.1868512,0.7105510391,0.42296393327056525,-5.28,0.0038546218873511014,0.4443982199411412,1.2806623664868093,6.0673835835475645,2.368428181,1.346490872,-6.403536596730271,0.0027,7.526747937630235,1.7106394502731055,-1.3804864681361213,41.174265,5.693927995,10.56340728746127,6.611235886507451,0.01794871795,0.01761633428,0.7580246914,0.04525242658684542,0.7604015041,0.4745684031,1.151053834,0.6888463985155531,0.9811979846,0.8204296587,1.435418941,1.150658022,0.5303073254,0.847892995,0.923798806,1.043212565,1.213894295,0.8992749702,0.8427517959077551,1.2424365274399145,1.08311348,0.9923983499,0.7568720209,1.159934498,0.9668883304686346,0.9381128886,0.8060504642,0.9622537922378994,1.36831172,0.8898579199188823,1.15128987,0.7937709652,1.169637934583388,1.206264518,1.083114681,1.17929948,0.9197600469,1.110483351,0.9984535941,1.1608846233435504,0.8629593052806251,0.8785034014,0.6823270975,0.3050154432277827,0.29943702829822766,3.303997161,4.956648315262286,0.06426658719961957,0.04949864499,0.011268077714469214,-0.17432870285247531,0.05719589879825257,0.032481913546858664,-0.09577186839,-0.004723994585,-0.001318857314,2.055152759,8.421339606722338,3.06,1856.890625,18.79239773,-3.597444181,0.363781584873471,-1.6794430579848327,0.6111124869808254,-1.302169865,0.3227738188587797,-0.9630245509254335,-0.04458693,0.1663626326,0.09362744359,5.106527395,4.218788752919467,5.098681808,45.89405,11.38785599,0.2926393097,124.1941533,0.168850319,59.68696030310326,5.106527395,14.76446326,5.414990469,28.26427081,0.0,0.15733546094343542,3.1981544837241382,0.0,1.057065487448158,0.0,0.0,4.8290689014335495,0.007731819669168192,9.91718809772529,0.0,19.87099066,12.96557803,5.414990469,4.99633447,2.5221861484116945,0.0,2.8706484674945054,2.1919957613317296,0.0,0.0,0.6432209533852296,50.94,4.08101679043242,10.327756634596597,1.791731385550127,9.890925645,0.0,4.41371203292171,1.762182231,0.5663795996348399,0.4665289338,0.1020620726,0.1425902653056803,0.820202279919198,46.619103095234756,28.37327328
149.6517217,156.7887235,165.1300249,161.1284905,3.280898876,163.1065269,2.793103448,3.7475798494831163,2.854642314,47.50931806,0.4686813187,0.03846153846,0.6533043622931595,0.8960779929740923,0.2221086890709757,1.51914289,119.68018560325024,9.768656751677089,11.26608978,74.27852893,1.135208221,-8.57220745083998,75.41319632,0.6959864369,0.42815747607095545,-3.57,-0.037262499427995394,0.4759676247641395,1.2523452494743854,11.016661698883446,1.682895999,0.7237073367,-2.9721307234687115,0.0436,9.385562322089532,6.794356447316497,-3.497340525517137,34.64685839,6.066367068,22.330458817329227,9.779627650934861,0.03131868132,0.01982091982,0.8153439153,0.0488050488809994,0.6450498108,0.3869798971,1.170095256,0.975572370871442,0.9001993602,1.31642711,1.044650369,1.250283439,0.6101764648,0.853075442,1.322431658,1.039052346,0.8916500422,0.9604706502,0.8208979674385287,1.1576303466747235,1.026194743,1.005423611,0.9095742073,1.297543257,1.0637478122271309,1.067359088,1.036944541,0.9738135537509636,1.266190829,1.1364375421042703,1.049558482,1.485893777,1.2196293819654778,0.9712334693,0.9758674735,1.070124523,1.016702807,0.7252172632,0.8242227403,1.4845408656347534,1.1484231228556696,0.5111564626,0.2803996599,0.1764252862467543,0.21877083842100672,3.743368755,4.478088206327406,0.05671912213038143,0.04253753754,0.021092486859081418,-0.46645519180106065,0.2582829868489155,-0.12705870434106728,-0.1940148838,-0.08331887009,0.08640454012,1.907275554,10.22010598484987,1.75,1305.357101,24.2729562,-2.989518449,0.048642934743585275,-1.9276423383847217,1.0036043715181824,-1.516796498,0.576900484808144,-1.0636130938902948,-0.1333143151,0.3854469559,-0.08393550899,5.316788604,4.829614015922692,5.098681808,0.0,17.57815784,0.1832797149,32.21497008,0.08637282833,59.50947150702362,4.390415048,24.73242031,0.0,11.38785599,0.0,1.5496573615095701,4.2445783933351,0.0,-0.9980082617638302,0.0,0.0,4.210028580113818,0.03203841278599267,10.763200240087166,15.7651876,24.73242031,6.544756406,12.74095804,4.83287049,2.478574018546053,0.0,1.8988242464349758,2.643113323856568,0.0,0.0,-0.4914263657391065,68.52,4.706350959204279,3.895342487426642,4.247251507801454,4.618875901,0.0,3.23177729874619,0.6617085363,0.5048538186347373,0.05720369498,0.0,0.2683724069642516,0.7539802107272712,38.58402689839968,28.33828488
144.7629259,147.7589175,153.50475,153.9041889,3.307692308,157.9388272,2.595588235,2.918400839437656,2.598870056,49.22976446,0.4826086957,0.0,0.6681241969461762,1.0178384756404963,0.21314662771799783,1.735372024,87.18295668013012,9.838666867841859,6.734842951,26.51862673,-1.685902118,-7.484552693360946,-0.1607012418,0.6732572563,0.4303727886441124,-3.87,-0.03789574082281408,0.5172708597147093,0.9359201226539292,6.394742796396911,2.434591481,1.11403462,-4.310505806171482,0.0207,-1.9797099351968677,11.926416404273866,0.3317631636008507,33.77213846,0.0,31.60259749521444,23.1588906603876,0.01739130435,0.01956521739,0.75,0.03694800212209054,0.5911242604,0.563096817,0.97878136,0.831412040175018,0.7846235028,1.233316744,1.079036348,1.152129437,1.03106203,0.9533476093,0.8490926167,1.017292389,0.975662232,0.8978491903,1.099767797548998,1.170374978916206,1.040318302,1.155467498,0.9035789474,1.086253983,0.9857585288000158,1.053043714,0.9340563371,1.0785798451677768,1.090552143,1.0339779513907448,1.007845284,1.115573061,1.05622855611957,0.9179279139,0.9989757454,1.090007646,0.9127689359,1.025513645,1.077909055,2.4401454587129945,0.8981597599494248,0.2586394558,0.1962159864,0.18651579153969317,0.2186650247710767,2.774861885,4.656106514190194,0.05985578880636845,0.02134680135,0.019694224423605754,-0.3331244505873789,-0.10522770201041207,-0.07926758182727599,-0.1005165051,0.09118856424,0.07486897859,2.076018519,10.766051948653802,1.91,1329.437404,20.9493021,-2.789726047,-0.1363114799527292,-1.9126404469759382,1.240979921599274,-1.178525788,0.40819017649799366,-0.5940757254051754,-0.09450641028,0.3661234005,-0.2843668516,0.0,20.964224314688533,5.098681808,36.39820241,11.38785599,0.1934537568,53.96419523,0.1287815026,171.6557830420121,0.0,20.16532066,0.0,33.77213846,0.0,2.257136478844238,4.909649412032277,0.0,0.8607669695658897,0.0,0.0,2.7424773803873475,0.020922969497241026,10.134824012367627,0.0,20.16532066,0.0,0.0,4.808350992,2.5423329508856085,0.0,2.9834512386976955,2.2616797334529553,0.0,0.0,-2.868827351280354,54.46,4.259718818461781,18.28168230829258,4.39246720181527,0.0,0.0,3.2494725003555196,0.4238365946,0.4602460946660798,0.0761440227,0.0,0.09191753226871224,0.7285218148113863,53.4273679737171,30.60576651
144.7227279,147.4050701,155.2240072,159.9378992,3.534883721,154.4561001,3.873677249,3.538406942498127,3.404320988,46.23770573,0.4686067019,0.01851851852,0.6613587655642057,0.9710824103180506,0.2060990010335383,1.639376376,91.33903067266785,14.151220688451337,6.431290898,25.69303986,-7.850684117,-5.640394051948467,26.10826889,0.6963983015,0.4417835270472368,-4.98,0.005077091896948573,0.47295173957917014,0.9848030478104441,3.7243277935285315,2.190931349,1.160085922,-4.563956372078918,0.00673,-1.598777554656746,2.475685367346297,14.096409694634902,11.12690298,24.26546827,3.832458063614837,3.737473010665096,0.03139329806,0.03741409718,0.805090312,0.04440951879440797,0.7253674469,0.495530168,0.9275797067,0.7677435254688201,0.7567441633,0.7177619018,1.150452718,1.073783433,0.4825250131,0.9711726078,0.7433106859,1.036737698,1.104481501,0.8028411052,0.9896328297014725,0.7779603308728715,1.161312321,1.004902277,0.9775436168,1.094322982,1.0154046549976017,0.7977153753,0.7845234312,0.9897156069572458,0.9090909091,1.0867868238235818,0.9408536473,0.41702611,1.0209040695192657,0.8598944628,0.8818053521,1.074461045,0.8252219138,0.8661781211,0.9201523475,2.2315718077488818,0.6980214702431498,0.4570521542,0.2795493197,0.18803857972921312,0.09727886338846345,3.166620655,4.657688129866937,0.07329633578513127,0.03757834758,0.012981109942590231,-0.6278539774814164,0.07136413733487479,-0.029913580581427138,0.0584850184,0.08927022399,-0.03699110817,1.873950546,10.246699190695548,2.78,1771.427832,25.04206361,-3.050304278,1.4617416387911712,-2.736777840441618,1.1309425764825813,-1.346285933,0.5759694639681121,-0.61370939131632,-0.239957759,0.343601045,-0.205236377,10.09050592,9.023870725966402,0.0,18.19910121,22.64523548,0.2140199639,133.7769021,0.1501865618,113.57608348833273,14.29147963,14.95193556,0.0,34.03309147,0.0,1.7412961263996787,4.127153812884613,11.04215076,-1.13940601264583,0.0,-0.9841012049,3.496555486182612,0.025233904646883437,2.6053192984332165,4.390415048,26.02776825,0.0,5.817220841,4.814805348,2.508337541273517,0.0,4.319584465227187,4.245453425350946,0.0,0.0,-0.4966863800994147,78.87,4.311634902578138,10.59091492954351,5.733721304519584,0.0,0.0,3.1009121945256126,0.5974907466,0.6116010695187601,0.08259517058,0.0,0.21258332175754707,0.8857768396697551,70.21106671216778,33.70273077
142.568784,147.0264186,150.228361,156.1724908,3.465517241,159.8089967,2.506858711,1.5091003188469205,2.574133074,51.19414657,0.5112554113,0.02272727273,0.6484319379635111,0.7152631910321837,0.2189052224381867,1.613859381,61.8074659819781,9.14750580612992,6.387543253,37.25823401,-10.49134948,-11.063453441129708,-42.15075398,0.6865492513,0.43518322596687287,-6.13,0.07193967956848209,0.43823382915923725,0.9967363773869042,5.516479818621805,1.743653309,0.9045555148,-3.87905101608012,0.000727,1.7429865669772528,1.1199356882273355,3.576053691622299,31.81196091,5.563451492,12.40252213708126,22.755156579458273,0.0,0.0,0.7978354978,0.04153053597655927,0.702740662,0.5496909568,0.9601897125,0.8326774750771726,0.7324090131,1.054521134,1.076825843,1.168403169,0.9764116598,0.7950806361,0.9514008569,0.9484975008,1.072127304,1.01926616,0.8961104051092651,1.271540836183864,0.9355006689,1.140327832,1.03888694,1.046033514,1.2250761355329682,1.156503074,0.8949825732,1.1812342754505694,1.28728987,0.9152491691576262,1.429588173,1.590509625,0.9614389538354491,1.498679609,0.9274549705,1.141796019,0.7659585896,1.328864352,0.7764336092,1.8058697520138118,1.115361053520208,0.3788208617,0.3411635488,0.2921819415405643,0.22093327745568014,3.343809532,4.511315424026714,0.057185802712149625,0.04555555556,0.022774367076228937,-0.5785374537393082,-0.08083492473231671,0.10592632620530232,-0.1232475129,-0.06048862328,-0.3969541693,2.137281307,7.870271570667594,4.07,390.8279117,23.86903746,-4.431175036,0.9598423476408993,-2.339373579625756,0.3129655933157798,-0.4233779371,0.5992073899725543,-0.6138461510702589,-0.2706113907,0.3611107697,-0.1605658084,0.0,13.577392934816853,5.098681808,58.8330126,11.89077157,0.1752600273,98.50396462,0.1713114299,179.68796330498674,0.0,14.59805822,0.0,21.82845468,1.592402954,0.13709831444653964,8.107050243617243,0.0,2.284284032524368,0.0,0.0,3.98480309468186,0.009811096416126869,8.384001194654186,0.0,14.59805822,0.0,6.9237372,4.773957061,2.4881579864314394,0.0,2.1200850530943223,0.05629834670205125,0.0,0.0,-1.1184629497291112,30.19,4.323607100556035,5.104222611669339,0.3066455133559405,2.084179544,0.0,2.989800531888341,0.9040054457,0.2570315935256889,0.09878289721,0.0,0.30338897594924974,0.5628738724511342,36.47356312953334,29.43827486
145.9770422,152.953981,152.6842497,157.4450447,3.345132743,164.3073057,2.631858711,4.205505364081436,2.624958292,51.38666017,0.4913978495,0.01612903226,0.65668122824645,1.2533317860696358,0.14783147912784714,1.606975805,74.5601377085284,15.269269822562505,13.71306515,79.47213322,-8.124599502,-8.323091775129502,-37.51675171,0.6894086529,0.4258017560066972,-6.04,0.0905788837004391,0.47391019876747636,0.9381155924035256,2.2012156617211787,2.104484741,1.194041746,-3.1083275146977125,0.00148,3.8922632501603998,-5.972959301126598,17.637207596606657,45.37412621,16.69035448,14.877763975923807,8.3520550137682,0.008602150538,0.01518817204,0.7708333333,0.04743748813241045,0.663694868,0.4977187343,1.160368181,0.8831960975762407,0.8593066484,1.005233256,1.126869159,1.018835717,0.786586176,0.7802333168,1.119522259,1.033742759,1.129072193,1.13598634,1.000414347609325,1.0895152297889639,1.029176312,1.079834249,0.9583783785,0.9829832107,1.189181597675825,1.329678525,1.32374746,1.2915564746269355,0.8970563132,1.0689001544895893,0.8180613897,1.173372775,0.9940991747973289,0.9653634742,1.146837014,1.260601618,1.156194186,1.080027722,1.020986166,1.9430532810489636,0.8253052153455225,0.696462585,0.5130385488,0.22114650038129197,0.29571472795985126,3.623435714,4.280848674578985,0.05485829470067185,0.04419753086,0.024243798203425565,-0.3693394133012658,0.11746923342625534,0.1926422230889291,-0.009400924818,0.204855339,-0.001069349544,2.204546418,10.26923870925385,3.25,2128.759623,26.14319643,-4.681897176,1.4348536481599772,-2.4384492347162405,0.5982786372604971,-1.321207125,1.020653362935033,-0.770847383898162,-0.3160646832,0.214884952,0.2585630642,5.316788604,4.41129138464209,5.425791397,52.80517724,10.57107519,0.1655533624,24.93919058,0.1023502624,113.04171888191766,0.0,20.40266096,4.992404733,11.38785599,1.628356245,1.109323004676459,4.011773855173283,0.0,2.220770582529739,0.0,1.035422336,2.5226326132523997,-0.03137041120822524,9.656929436327992,5.13155848,21.31540493,6.544756406,26.93698721,4.84886367,2.511640889796854,0.0,1.4207974496958349,0.5732276156039342,0.0,0.0,-1.6737360870423341,67.51,4.729534332177165,4.957722718734583,6.087573326121026,6.966363136,0.0,3.710778425989038,1.189562466,0.6440957184197831,0.1146045727,0.0,0.1457832855487227,0.959403408867693,50.48911639453448,33.67938053
143.9205754,148.497033,155.7072841,157.6903983,3.638554217,156.1471078,2.775983348,3.934076484782731,2.513594118,49.36971113,0.4938271605,0.01851851852,0.661386133477867,1.1492042857160891,0.22479791915322062,1.645994822,79.33721505102018,9.771749575899667,8.611111111,47.5648778,-11.11111111,-6.538013751728137,-49.07432603,0.6747025075,0.43483357510023996,-5.7,-0.0030205925901317966,0.4335524419814003,1.0384808433627395,5.545799346203989,1.971019137,1.017358475,-4.0851949980567825,0.00211,-0.10022198653874836,5.540594311778971,12.849176320600366,44.70847628,0.0,0.4971987067058663,20.603424496238947,0.006172839506,0.01728395062,0.7666666667,0.0415910009071099,0.6357555488,0.4925806497,1.097914098,0.8349288541951096,0.7586816813,0.928830155,1.046116046,1.162316982,0.806176138,0.8736319481,1.359112878,1.046212291,1.069299139,1.059650804,0.7647042760783569,0.968790530290317,1.096330246,1.153244123,1.134986036,1.09849187,0.9046000716942633,1.001694662,0.9087220074,1.008309219412637,1.262825586,0.871146044246568,0.7062011674,1.36756626,1.4687128942288135,1.087030257,0.9636005185,0.9363242298,0.8892957006,1.06378838,0.945521376,1.70195886902223,1.00397303193479,0.4734240363,0.3871527778,0.3291556830824588,0.12112053408505695,3.421298286,4.729626583140649,0.06261269665130179,0.03834795322,0.021938996682866932,-0.22121414798023156,0.1816784640460003,-0.0021674110828154014,-0.3256048181,0.007166955336,-0.2231714005,2.091736636,12.726469225775846,2.83,2341.143937,30.25372769,-4.349804826,1.683829513163964,-2.7544549190159096,0.5671468871526866,-1.364894195,0.3034127599060799,-0.429370985747082,-0.2638964467,0.3145197949,-0.1177401881,5.316788604,4.47565938065421,0.0,24.26546827,21.41454618,0.1884334693,20.66219208,0.1109721935,14.606945120612579,0.0,15.28474565,4.992404733,0.0,1.623420283,-0.3650801135641951,4.487753633246884,0.0,1.3685167649551304,0.0,0.6099706843,3.4624261664461837,-0.002728312683742152,7.541306313347456,11.37477255,15.80357683,0.0,13.08951281,4.903407469,2.4262340474738253,0.0,-1.8574601133552768,0.3936131413595383,0.0,0.0,-1.3047769786096872,64.27,4.006296621040583,7.428741142167453,-3.639502339784154,1.966259719,0.0,2.15345196982597,0.7609291239,0.5270738483125414,0.09332482137,0.0,0.1271451939537107,0.7553863878444614,55.70540647163085,31.3110809
147.1889596,150.5716193,153.3000036,156.5291915,3.472727273,157.0717226,3.905328798,2.886830015049691,3.804257529,45.48331132,0.4644444444,0.01666666667,0.6188602090923768,0.9909863419280501,0.21148715502840112,1.557441303,80.47582349665478,13.098440983922814,10.59924386,39.74102079,-11.68809074,0.4902205879850774,-35.96030246,0.6888187153,0.42475145514525264,-4.4,-0.04617903644021969,0.4281284570387919,0.890527850060107,4.061614426110336,2.017017473,0.9830278467,-4.033419456729394,0.0292,8.903813383457672,16.311212266749138,-7.178921248730106,0.0,4.681802935,23.459355499003152,0.28501700129317875,0.03555555556,0.05050505051,0.8050505051,0.03995198594984646,0.6291793313,0.4916131253,1.035286165,0.6510552565308162,0.7707667714,1.060415245,1.077760892,1.106167404,0.5904261633,0.8555152636,0.7549113867,1.000354625,1.142212589,0.8753185132,0.9609168915851558,1.0669486353129896,1.047029998,1.19186736,1.101000288,1.029566179,1.1341279590950955,0.9991903616,0.8821284576,1.1205857268835235,0.9582893529,1.0725294248737223,0.8639818236,1.008770503,1.2543964001669137,0.9766345731,0.9850828399,1.070424328,0.922099812,1.03765017,0.9372538201,2.4426177946227163,0.7627724607941113,0.6815419501,0.454010771,0.006328077544168642,0.33200972602933126,3.506544483,4.627988629617694,0.07352489911275972,0.04024305556,0.019340627602764553,-0.38643916310457194,0.02121546497210105,-0.06364241919175778,-0.0008832956259,0.005339956495,0.08903173059,1.850266211,10.743284618245214,1.9,2079.53101,28.59171415,-3.363356727,1.3437782845107062,-2.142388550260661,0.8510830645265173,-1.700926633,0.12173049789377294,-0.8498922748555658,-0.4891252624,0.2840054021,-0.4165042679,15.20739338,15.324658209840655,0.0,12.13273414,22.63869376,0.1536183472,166.0474505,0.09459016054,2.623862596711106,14.26826309,14.76446326,5.733667477,39.70116891,0.0,1.2973243187430674,5.688562667193279,24.77564615,1.0942686413286624,0.0,-0.5318461614,4.988442214366481,0.027406075207334724,-4.867267793296215,0.0,27.4645853,0.0,0.0,4.91143227,2.445024323083351,5.31165637,-1.3196165905756372,3.403045765032685,10.84841365,0.0,-0.043057746653239165,112.23,5.092853934346323,6.730210766701018,2.4809522694183563,0.1482791863,0.0,4.5675183589255175,0.7090739295,0.35929452847924503,0.1275821809,0.0,0.17151793168622353,0.6305612796197153,51.69358766753644,33.15744284
144.1027622,150.3402747,157.2832898,158.2228931,3.753846154,154.7643358,2.794797178,4.7762312354033085,2.942307692,50.02006968,0.49138322,0.02380952381,0.6686993126688645,1.0336566731200636,0.20313870129812145,1.606288741,112.15645810903041,11.008175402138102,6.644628099,38.23385369,-3.049586777,-2.6935773586037013,35.15559637,0.6778019067,0.4377920297037947,-3.8,0.047194362593554834,0.41130224877613286,0.8327418292289951,7.510343148045378,1.68640862,0.7167116501,-4.576018279959726,0.0287,4.450966686088799,6.506854925571357,19.050530738230943,40.09928197,12.13273414,8.260095671996291,15.10391118905496,0.008616780045,0.0,0.8229024943,0.045578160748183556,0.6111111111,0.449132869,0.9994501054,1.0074299010856935,0.7963795128,1.176492564,0.9166666667,1.080802063,0.5735961645,0.9313135829,1.021465435,1.051293869,0.9801829355,0.9090066247,0.9850386649315716,0.6994056943575495,1.258961491,0.8785771904,0.9275138058,1.379881657,1.1321514574286915,0.8789046908,0.8808674439,1.156247599769297,1.02689219,0.9995414208237077,1.207712225,0.6093650198,0.9280011642135052,0.8366360391,0.999384296,1.335756738,0.3819553817,0.9559527936,1.171450206,1.7440834888503642,0.7213490940500038,0.2719274376,0.2777777778,0.19892182086007087,0.19056208975140357,3.3579855,4.7765483538802895,0.06608272398048899,0.04094444444,0.023657126005565958,-0.48433989541294153,-0.24671822144834404,-0.007787686194467881,-0.02647993937,0.0763616943,-0.01540645135,1.954116119,11.74773474301104,2.52,1654.378846,19.98217491,-3.695747383,1.6576490729840847,-2.5447411114213807,0.9181519186077055,-0.7633718554,0.466411948073432,-0.529809703120263,0.00284819115,0.07937513201,0.00896802514,4.567099648,1.1558604237581305,0.0,17.82825202,11.38785599,0.2313117594,4.069284137,0.1229123691,-12.243965455971477,4.390415048,14.53505669,0.0,22.64523548,0.0,1.1887981206954654,3.4660273135392137,0.0,3.347445201731043,0.0,0.0,5.83842006322876,0.0007313816245960406,8.449943042585637,4.390415048,20.2879103,6.544756406,5.817220841,4.88992845,2.4421828820430522,0.0,4.729276117905863,3.534862465278194,0.0,1.745355463,1.0991228371669093,30.71,4.663933766999907,13.194842679328126,2.898748829800751,0.9231580688,0.0,2.8762608967035734,0.5242119621,0.5562770151353629,0.1086331621,0.0,0.29990812915436693,0.7494730382259945,49.86231950386612,26.16116463
146.3467283,151.2254929,157.186806,159.0318735,3.0234375,156.633458,2.528490028,5.132428738860075,2.638383838,49.47834402,0.4739583333,0.015625,0.6409970224670223,0.9050933933633232,0.25747773339883495,1.646727263,97.81616077521997,13.022343825992952,8.479338843,50.20297521,1.247933884,-3.0524872336995053,43.61818182,0.6797656753,0.4300875856913411,-4.15,-0.024502777090322652,0.4971477179185949,1.1048576305583186,4.6208360640262445,2.087874319,0.8823513639,-4.756558305989823,0.0256,2.6057054287561767,4.842139516068682,20.608443823863297,52.30116798,0.0,14.368273826921195,5.2678184060575175,0.02604166667,0.0300245098,0.7803921569,0.04761545852404205,0.7281739687,0.5436466395,1.131669773,1.0508257925764612,0.8795727074,1.098436452,1.186132075,1.171715426,0.7414861039,0.9889053603,1.016168077,1.043135494,1.015878179,1.053732652,1.0293832448847802,1.1177377754778208,1.043135494,1.08278471,1.393481191,0.9923349057,0.920911284883559,0.8995710157,0.8184946154,1.152454686036311,0.9738463563,1.0382916652748664,1.048252812,0.8417966211,0.9315994481457255,0.777126301,1.089856057,1.146973605,0.7786952573,0.8916458408,1.026381936,1.9379917874389645,0.897693036874565,0.3786394558,0.3785076531,0.17296962675236432,0.11629671475455088,3.693485395,4.5028937939491875,0.06393823499204265,0.02737588652,0.024075702383001756,-0.4386085549346363,0.09726071995219368,0.019695975799917075,-0.07109127655,0.0355086687,0.144729708,2.034631883,9.401710562840373,1.37,1432.418675,29.60938638,-4.556060394,1.0755273792299243,-2.010077220027969,0.3991411350662327,-1.438365411,0.16201503287532723,-0.7508522704440193,-0.2568511041,0.2918328058,-0.2183428283,10.05365156,6.600425626802106,5.098681808,18.19910121,11.38785599,0.1606741544,142.3191854,0.09569664158,138.45803704346778,9.531400138,20.16532066,5.917906046,33.77213846,0.0,-0.878963987462199,4.740365255901023,12.45432442,0.5115053586532226,0.0,0.0585009185,3.812950675028117,0.01404009983054847,20.611877213983636,5.687386275,39.28626432,9.531400138,5.917906046,4.821864782,2.4987458834592053,0.0,5.524349232563901,2.691517405264075,5.337351856,0.0,0.14784023250946635,92.79,4.49233660559259,8.760241896283851,6.207826947703925,1.301084642,0.0,4.081753623608382,0.7104330604,0.23443935760015736,0.1056068053,0.0,0.21017676923378617,1.0479800743409238,40.666772287208346,29.45497848
