SpMax_A,VE1_A,AATS7d,AATS6s,AATS8s,AATS3p,AATS1i,AATS3i,AATS4i,AATS6i,ATSC1d,AATSC0c,MATS1c,MATS5s,MATS6s,MATS7s,GATS1c,GATS6c,GATS7c,GATS1dv,GATS3dv,GATS5dv,GATS6dv,GATS3d,GATS4d,GATS6d,GATS1s,GATS2s,GATS8s,GATS2v,GATS3v,GATS7v,GATS4p,GATS8i,BCUTc-1l,BCUTd-1l,BCUTs-1h,BCUTs-1l,RNCG,RPCG,Xc-5dv,Xc-6dv,SsCH3,SdCH2,SdsCH,SsssCH,SaaaC,SssssC,SssNH,SsssN,SsOH,SssO,SdS,SsCl,MAXaasC,MINaaCH,ETA_shape_y,AETA_beta_s,AETA_eta_L,ETA_dEpsilon_D,fMF,ZMIC2,PEOE_VSA3,PEOE_VSA4,PEOE_VSA6,PEOE_VSA7,PEOE_VSA8,PEOE_VSA10,SMR_VSA1,SMR_VSA9,SlogP_VSA1,SlogP_VSA2,SlogP_VSA4,SlogP_VSA5,SlogP_VSA10,EState_VSA1,VSA_EState1,VSA_EState8,VSA_EState9,MDEC-22,MDEC-23,TopoPSA(NO),GGI3,GGI4,GGI6,GGI8,GGI9,GGI10,JGI2,FNSA1,RASA,Mor02m,Mor08m,Mor10m,Mor12m,Mor23m,Mor24m,MOMI-Z,Silicos-IT_Log_P,ESOL_Solubility_(mg/ml),AATS2i,AATS5d,AATS7s,AATSC0v,AETA_alpha,AETA_beta_ns_d,AMID_C,ATSC1dv,ATSC7d,ATSC8dv,AXp-0d,Ali_Log_S,CIC1,CIC2,EState_VSA4,EState_VSA5,ETA_dAlpha_B,ETA_epsilon_5,GATS1d,GATS1i,GATS1v,GATS2c,GATS2d,GATS2i,GATS3c,GATS3i,GATS3s,GATS4dv,GATS4i,GATS4s,GATS5d,GATS5i,GATS5p,GATS6p,GATS6s,GATS7dv,GATS7i,GATS7p,GATS8c,GATS8dv,GGI7,IC1,JGI4,MATS8s,MAXaaCH,MLOGP,Mor03m,Mor13m,Mor26m,Mor30m,Mor31m,PEOE_VSA1,PEOE_VSA9,RNCS,SMR_VSA3,SMR_VSA4,SaaS,SdO,SddssS,SdssC,SlogP_VSA3,SpDiam_A,SsNH2,SssS,Xc-3dv
2.443940753,4.178208277,2.941176471,2.863984674,2.760162602,1.593661858,147.1796749,157.7127406,157.5471253,159.3377075,5.948242188,0.01397489853,-0.2495754875,-0.1489715073,-0.06752133943,0.0172003215,1.182327592,1.129314406,0.9915227988,0.4987709497,1.039106145,1.126852886,1.048661144,1.230805161,1.258317277,1.071025181,0.7844495892,1.028766213,0.9733404636,0.9234438227,0.8775167219,1.011986906,0.9952632364,0.8725859419,-0.3951118671,1.734391607,3.05962641,1.43179288,0.1909963421,0.1271728419,0.06587175382,0.0,0.0,0.0,0.0,0.0,1.742872103,0.0,0.0,0.0,0.0,0.0,0.0,0.0,0.9300491308,1.75548947,0.3,0.6666666667,0.1705503255,0.02251082251,0.65625,32.27661356,4.983978521,5.098681808,6.066367068,36.39820241,24.15398221,5.693927995,0.0,22.64523548,0.0,25.14929918,0.0,0.0,0.0,0.0,0.0,0.0,0.0,10.2543515,17.20232731,67.35,0.8055555556,1.006666667,0.2277097506,0.06701152683,0.026875,0.01632486481,0.06734006734,0.3655091099,0.8861928707,18.1625912,-1.096148384,0.5432375962,1.737758926,-0.6661725059,0.1547938535,1055.345577,3.42,0.147,395.93785994681093,19.45879568872998,33.27341259994159,-49.3237167413448,-0.027537751466278237,0.35098961902669684,-2.2836823419103194,1269.9580958630168,-279.921510580165,-2150.6516890451417,0.7211664805887436,-53.19824211358766,-5.1731761520277715,3.2551613532623205,-207.00642290002676,451.40629116305024,0.09720419958264925,2.2307260023064135,2.6278261952764037,4.902198591381133,4.641345261347824,5.046319423416655,-3.368097118420766,-9.965156677717081,-1.5375265022896982,2.4746063448062547,-14.611606344594357,1.4562801669881325,0.03286009468546314,-4.263785970731286,9.914574756881041,7.919345733737503,9.060488743830689,-4.178919816155243,-11.304120963633121,4.333339130063417,-2.633123915980038,-3.4820708930711657,9.52827891452156,2.9950183261394123,12.652274442618014,22.718045180870295,0.5390541692392463,0.5919166481392774,-2.4811929674293207,14.621735047971578,-22.01187384084019,-21.53378833197309,-2.9624068219858475,1.2234698436349039,6.429553028258595,511.91814538185315,329.54214726759005,1434.883583763966,-4.884430915642209,-9.751169981386015,9.509413293247716,-220.6895642649648,29.127104964033077,31.709511768396247,435.2274225559682,12.140057791734773,-26.08854862996323,-7.334412726761458,15.945353600609042
2.479157266,4.547174271,3.071428571,2.793582375,2.642655367,1.559693289,148.4885439,156.9974297,159.1825006,162.2429162,14.91975309,0.01425164682,-0.5025169592,0.1832141975,0.0005662273498,0.03522916934,1.611680411,1.423719337,1.191607552,0.4638192268,1.159156785,0.8658313908,0.964559387,1.151004193,0.9995704803,0.9045160161,0.9224042748,0.7223819476,0.9892888929,0.8342492746,1.042052105,0.9176672295,1.145912559,1.040191426,-0.3832819307,0.9925253549,3.057290442,1.434148518,0.1597759284,0.09344475674,0.1469872085,0.0,6.223711232,0.0,7.445865085,0.0,0.0,0.0,3.467632958,1.754432169,0.0,0.0,0.0,0.0,1.279765107,1.989285604,0.3648648649,0.6693548387,0.219804709,0.02971652004,0.5185185185,30.15823057,14.98529578,5.425791397,18.20875424,62.23960296,23.15437369,12.16293986,0.0,11.38785599,10.74258,26.29938345,26.93698721,28.33916347,5.687386275,0.0,0.0,6.799987372,0.0,10.00791679,24.46744655,83.3,1.791666667,1.988888889,0.6540136054,0.2902730537,0.291882716,0.2356881951,0.07111111111,0.360995578,0.8960762815,29.42344251,-2.414231418,0.8716442058,1.432149594,-0.7600180486,0.1129777564,2149.026985,3.76,0.0102,429.6888589636692,35.23595880467124,53.08859777733531,-23.42241701077274,0.20623378337402448,0.2962024116913701,-3.089938534363659,2350.4638572851695,-641.184113493534,-3611.3018640342507,0.9581212322552433,-161.9969434688078,-12.470837833953942,12.823013264149902,-640.918389405294,813.6514381604462,-0.5510666884724437,3.1564395521423343,3.2012669889096887,5.6423129887719865,6.5316036609512125,2.0015254508806253,-7.213945597638176,-23.900521522771562,0.07495797260463499,9.233983280491735,-29.203547899938055,4.537888328873998,-0.6032712580510429,-4.992139346209063,19.701781143872534,13.800700774039004,16.677078731288418,-5.107860373677353,-19.173572571548107,4.738321361407886,-0.3293883877679209,-0.15379049101319153,11.452225735370186,2.961826328591414,23.165999336017553,38.468856760086666,1.0234939823926108,2.43798552693404,-3.3367636493369996,49.23317873098277,-79.60909860826453,-28.28802352958222,-11.817186860562064,-4.695198539884631,18.771059585207226,902.0530743975639,-6.84578262408305,3136.4229399168366,-429.8626054756532,63.49191248964599,70.15727438085295,-468.7150915491344,43.89596684017687,72.08475870003815,691.6057550941456,19.89301380308063,-14.124627449390953,-14.488676830871682,39.110548695302995
2.553610548,4.432197729,2.898089172,2.901766004,2.304340278,1.434364884,147.0960267,159.3784206,157.5531245,158.8478566,15.40816327,0.01574823075,-0.2751540405,-0.01091529971,-0.07990210193,-0.09930677768,1.323837456,1.292941829,0.8634870136,0.4862824265,1.05437614,1.03404136,1.276869149,1.166666667,1.003033367,1.230992351,0.5579710145,0.6749311295,0.6579408213,0.8483989624,0.9219519721,1.230163811,1.065670079,0.9929475273,-0.5138731373,0.9779932935,7.008272534,1.343850104,0.1835222894,0.09868344179,0.1629577072,0.0,2.075821541,0.0,0.0,0.0,1.863045777,0.0,0.0,4.101026672,0.0,5.882335879,0.0,0.0,1.246530291,1.806829999,0.3440643863,0.6857142857,0.2333987871,0.0,0.5238095238,32.60149878,0.0,5.098681808,6.066367068,55.78460206,67.82743994,11.44343983,9.531400138,28.26427081,4.736862954,75.28902055,0.0,12.11474962,0.0,0.0,8.000447108,4.250004265,2.075821541,21.96773029,32.49749527,76.38,2.131944444,2.01,0.6679365079,0.3522297808,0.204382716,0.1396816651,0.0701754386,0.2608416274,0.8845708178,22.92103684,-3.467645881,1.32652771,1.896691312,-0.712726534,0.2370313316,2724.205579,3.31,0.0222,461.30196060313256,43.74321316228651,64.69779350005294,-19.65859370991563,0.2864297698283198,0.29746000701383396,-4.1462362863592865,2850.5197376936976,-806.3391373198222,-4230.720369908785,1.1308094767464087,-217.0618364663751,-16.384288375624617,16.612570833381657,-847.3446779749105,1032.5634502488783,-0.8447857886383257,3.763926961947541,3.27636213921278,5.6588074533659825,7.644942359242728,1.0043996042770709,-9.718439089179023,-31.08687236899166,1.117444926852778,11.666426034995265,-37.26072804088614,5.817571221715379,-1.1406357640198386,-4.91009034913804,25.171676894689934,15.967588595756688,19.752638441169644,-4.595377989503415,-22.24955036426146,6.0112539602280926,0.5637888582942467,0.6448027583092973,11.362840455412716,2.50032898759542,27.805350201705835,47.023436242630346,1.2796017705981213,3.30477351199966,-4.270763559885083,62.212413025686786,-108.97700588676946,-29.51810840933964,-15.479124455309577,-8.21044961664306,24.696942774828454,1088.7571567105365,-142.92672707594576,3921.6707542214317,-610.7600831616494,59.732384210282056,103.2311748911758,-563.8301738475468,51.05659669402411,87.73474761871087,832.7368335541321,23.983383770204792,-12.927450773471982,-20.94397620501401,49.67736933675722
2.47919456,4.548122311,3.5625,3.154388821,3.126075571,1.662757373,147.8576336,158.8206985,159.1756787,159.3611707,7.349932096,0.01549032751,-0.5376742661,-0.08282610616,-0.09491617076,0.05164021434,1.543132941,1.451303718,1.003565555,0.4474048177,1.054996823,1.156148328,1.012158678,1.005928527,1.094448329,1.023757817,0.537076783,0.5778282529,0.5528812127,0.8361368736,0.9995091245,1.170841337,1.26868805,0.8781389542,-0.3836349988,0.9929188504,8.002961739,0.6049847703,0.1578605564,0.09759523029,0.1146045727,0.0,1.925263429,0.0,7.237568955,0.0,0.0,0.0,3.174007937,1.699533457,0.0,0.0,0.0,0.0,0.905947027,0.8539603229,0.3647475072,0.6693548387,0.2165514338,0.01743471582,0.5957446809,31.83179984,23.76612587,5.425791397,23.47917305,42.82867707,30.07811089,23.66690504,8.780830095,11.38785599,10.74258,21.31540493,24.72395449,16.13452668,13.91238858,11.63444168,27.00228176,2.165769906,0.0,9.781768621,24.43877474,67.51,2.166666667,1.988888889,0.696462585,0.3023904006,0.324691358,0.2026303438,0.05777777778,0.4585695509,0.7625616717,27.48782268,-2.541873193,0.02029542686,1.683786806,-0.5396658437,0.318773892,2190.410097,4.67,0.00291,429.19721955155865,36.23371199167696,55.007955118672285,-25.896466508728913,0.21841854232446567,0.37895462216885134,-3.1877886420186003,2335.7764561714566,-651.79923559367,-3600.7209998257545,0.9815616843190328,-166.47431848539466,-14.220078327390434,12.630325489759795,-748.0903501536256,865.5231349354906,-0.5780833024121805,3.29197621567089,3.1822181531357248,5.08177256286445,6.409871466737752,1.7153083833457041,-7.631540306077278,-24.640123495056212,0.2887570675428264,9.46018131088708,-29.716309207901624,4.8913636959038795,-0.7620090054841837,-4.798785046572168,20.380575808812278,13.685805853588757,16.76412352184141,-4.629994810681662,-19.4161487938222,4.812549813930087,-0.23061745149303636,-0.048970412977033195,11.310266789980986,2.9661057103420885,22.89944995975503,38.70802660141327,1.0441483086263876,2.288415008617778,-3.777820251091012,53.983669217591554,-80.09702754835774,-27.85320436581596,-12.064352733683327,-5.447553674370225,19.59594264477361,900.2335679201532,-43.67985695226607,3134.0709515374597,-470.14359052192856,61.0148802502283,74.45617183420279,-484.8918224982434,44.5648033402307,74.01245758392739,694.3249663201792,19.993622800123276,-19.486645782610264,-15.243415028269615,39.18836610581553
2.478793984,4.473770881,3.4375,2.770858771,2.677141788,1.673123576,146.1688725,154.9795386,156.3238166,157.2717485,9.372566772,0.01349493528,-0.5367914382,0.1077965309,-0.1557494756,0.1425932307,1.605557444,1.375803697,1.249043924,0.5385371777,1.030801425,0.9958392936,1.107449855,1.023674242,1.03714364,1.094129555,0.8482306971,0.9153877665,0.8602140184,0.8623184619,0.9781826456,1.160426864,1.279473385,0.9772727927,-0.383634338,0.9938424863,3.05728196,0.6049850547,0.1690279862,0.1044982807,0.1146045727,0.0,1.991639716,0.0,7.557686138,0.0,0.0,0.0,3.452896825,1.777357148,0.0,0.0,0.0,0.0,1.21158855,1.991639716,0.3091334895,0.6637931034,0.2218733688,0.01639846743,0.5957446809,33.13142796,14.98529578,5.425791397,53.8110084,30.69594294,24.01174382,12.03246336,0.0,11.38785599,10.74258,21.31540493,13.08951281,16.13452668,5.13155848,0.0,0.0,2.710479527,0.0,14.31861096,22.53967696,67.51,1.416666667,1.606666667,0.5331972789,0.2398904006,0.164691358,0.1365146414,0.05797101449,0.4116347779,0.911608274,27.64460032,-2.790862041,0.02180851767,0.742252457,-0.5864022038,0.3037120292,2090.935854,3.84,0.0056,417.91204464856116,35.43955652541524,51.56135505540911,-16.280360163354878,0.24087381027572818,0.33223096674281904,-2.728704948751984,2277.756339995452,-653.008503169195,-3639.247980392877,0.9360136161857198,-157.14965792313757,-12.604697350202464,12.307223984790731,-683.1418541457224,838.7578728178268,-0.5617313969127568,3.1470389060252217,2.984501824118947,5.274266822558068,6.268548163780561,2.0686408368621554,-7.359002825963239,-23.42492962471478,-0.04140560222698064,9.086847069836704,-28.45553962232455,4.9539579215097085,-0.8876880551759962,-4.034359222916213,19.675558341295833,13.736469999622216,16.37074987485314,-4.715689139039657,-18.612224039166087,4.91823531698507,-0.08620786664992752,-0.11071372536436552,11.437920121331196,3.442839276350341,22.288459583970397,37.31986766031446,1.0008758403500346,1.856989275248918,-3.0605572832113905,53.25708532236648,-77.44520326520282,-26.950918680189876,-11.914800529671519,-5.262184105941608,18.98168138229525,852.7897590393984,-4.307513618894699,2903.4274455705327,-447.39479628548196,66.99648785196969,71.03802045091962,-457.9993837350858,43.03139077252426,72.20678231359871,688.688345818574,19.68568698166948,-18.6348229391397,-14.175001455395119,37.74448741127196
2.484687723,4.465964913,3.17,2.913837449,2.984889403,1.598306035,145.2487057,159.4887652,159.1539262,157.7594281,9.655047533,0.01444978724,-0.586122949,0.01203836282,-0.06774345629,-0.00825629086,1.614372904,1.25927266,1.266936745,0.5942320026,1.098187506,1.113730073,1.095390632,1.000684215,1.028155618,0.984142107,0.7869075941,0.5549929326,0.9223070414,0.8799382887,0.8872348941,0.9783675089,1.033409374,1.033896445,-0.3761913255,0.9715724923,7.014207891,0.2980105395,0.1565948713,0.09732883382,0.1110709264,0.0,3.775986215,0.0,0.0,0.0,2.033356859,0.0,2.603917549,0.0,0.0,0.0,0.0,0.0,0.9673781442,1.819881272,0.2823529412,0.6517857143,0.2480447407,0.03698412698,0.4042553191,32.01007426,28.09182741,0.0,12.99010427,25.47729296,16.63744226,16.52595619,8.417796984,21.95893118,4.722094864,34.10656467,6.9237372,24.86289132,0.0,10.02329115,27.66019284,3.889570084,-3.309492663,5.243799591,15.77250798,100.63,1.826388889,1.678333333,0.7741950113,0.377196712,0.3087654321,0.1810039792,0.07407407407,0.3954750013,0.8240972707,31.92182127,-3.176877805,-0.0630462131,0.3952347066,-0.7572712575,0.7093295999,3010.037212,5.4,0.0123,449.9420563360077,48.520913544212284,71.14115207758807,-16.483959246035987,0.3070130969672395,0.23583083972997015,-3.9062072037552396,3069.3781281205115,-915.1019312916482,-4640.5301383218475,1.1788650924505584,-244.55977283771884,-17.93973997646606,19.178941179417325,-1090.8596311906747,1081.6574973676102,-0.9772766228875733,3.850632691516454,3.7649729452693976,5.541679698402903,7.768635638415593,-0.8947370538123838,-10.167541172568935,-34.26537041429284,0.7502140828077353,13.68325400074996,-41.9121384632471,7.076666686078468,-1.0629742785836358,-5.037457721625178,27.975268118856008,17.643950623976814,21.73506534873607,-5.445558259784283,-25.901379825172196,6.016726870381262,1.3243629137661643,1.7799435985290324,11.809884927701582,2.6131816108879184,31.003310875722914,50.419108460686815,1.3977461010741588,3.979793287124983,-4.524149437386456,70.1619957947926,-118.5927841474551,-31.403572244789917,-18.914230291396006,-9.165329299090951,26.53842486765281,1197.6605284991642,-222.74782872192182,4612.126342842328,-758.351097398069,89.3636816182623,115.19073493310654,-626.0462213808387,55.41536220834169,97.10394806860934,890.9452902265137,25.867144152891438,-1.8605571329383155,-22.41195299996168,54.97420254612626
2.526633439,4.574682887,3.469387755,3.658333333,3.900830737,1.594751004,147.1889596,153.1917434,157.0609274,157.4430247,10.59924386,0.02916173558,-0.4949766607,-0.07445867041,-0.1244186777,-0.01119422128,1.486387289,0.8574464152,0.9311638669,0.4916131253,1.000354625,1.002873503,1.086536255,1.255180989,0.9982172083,1.179711246,0.6659007353,0.5904261633,0.6637502907,0.8555152636,1.007327983,1.056386871,1.047185198,0.9634348594,-0.4868825717,0.9727749776,7.009368063,1.401734117,0.1538786109,0.0952698347,0.1275821809,0.0,0.0,0.0,0.0,0.0,0.0,0.0,0.0,0.0,0.0,10.86650503,0.0,0.0,0.7541751701,1.575034909,0.3875598086,0.6666666667,0.189290737,0.05050505051,0.5652173913,33.15744284,4.681802935,0.0,6.066367068,54.59730362,17.32374656,0.0,14.26826309,39.70116891,20.76666028,27.4645853,0.0,10.35798868,0.0,5.907179729,12.27791707,0.1623294823,0.0,13.16622083,28.475568,112.23,2.361111111,2.011666667,0.6538321995,0.3908100277,0.2493904321,0.1231527395,0.07709750567,0.4312565481,0.7294992951,27.90289226,-2.275622193,1.42947192,2.106107968,-0.6818815627,0.2657156898,2093.279906,3.13,0.0292,419.97341273808433,34.66196115645493,54.16418332516931,-40.7080101726149,0.10770456432724962,0.19821136548898133,-3.3135889710743145,2199.097156184066,-602.113801734807,-3530.304439772631,0.981029240197685,-155.7187401611124,-11.191724677230793,11.940497812779416,-640.3584002868885,726.4343884492071,-0.43798969475840827,3.016628577019371,3.10870127892736,5.448448266587798,6.161636533312604,1.4874365436858816,-6.8749969906535275,-22.95717120651858,-1.4794033259774404,8.729932798342912,-30.057375238720603,4.293789725218114,-0.03994810885007971,-4.559163019459234,19.4606494537851,13.11454921170876,15.520753306295818,-4.999867181414384,-20.66151813216703,5.084234351640714,-0.9019831497165598,-0.7994237290490909,10.981291050927965,2.7517555037130665,22.998557265156432,37.47825960314763,0.990678584559376,2.772798655386752,-4.124248771756532,36.4618966431144,-71.96989157184001,-29.28116331689118,-12.013320961155738,-3.5161270056647633,15.426271039634981,937.5866118671771,34.99325210194102,3548.392426860297,-408.6041230449591,42.02057063436593,61.707349224773715,-398.3540423266506,43.1332217466653,61.91230191032288,679.3794816774758,19.574374204389855,2.356071464772736,-16.222255455842017,37.06048097826759
2.554864625,4.505469282,2.975903614,2.691767068,2.68132716,1.545664457,144.8388578,154.6968957,156.6866838,155.9839035,17.22037087,0.01411582004,-0.3566992165,-0.07926246142,0.03940090273,0.06080921197,1.358289805,0.8010119468,0.8002199202,0.4383071664,1.081396737,0.9947445943,0.9166275128,1.142888526,1.161394259,0.959038262,0.5938469604,0.6296649041,0.8159634066,0.8105015071,0.9293953632,1.03340031,0.8469560856,0.9385346693,-0.4947199896,0.9777394418,7.008273069,1.343837143,0.1891213531,0.1045499747,0.191540908,0.0,3.47790223,0.0,0.0,0.0,1.880539113,0.0,0.0,1.555977941,0.0,6.175691526,0.0,0.0,1.232057947,1.778768932,0.3669902913,0.6597222222,0.2050367286,0.0,0.5081967213,34.81406799,0.0,5.098681808,6.066367068,79.06876542,55.24084271,17.19295166,9.531400138,34.01378264,4.736862954,44.65087521,0.0,22.47273829,0.0,0.0,8.289318585,0.9155404988,3.47790223,21.32644375,38.03017578,73.14,2.381944444,2.13,0.8368707483,0.3275384228,0.279691358,0.1913151719,0.06779661017,0.3018993667,0.8885019249,26.52293225,-3.256283525,1.678773877,2.497010411,-0.6498553789,0.1006502127,2891.606548,4.64,0.0014,448.3156192177381,46.226143717316766,68.53874662463221,-17.80326858207213,0.3044113478748446,0.31302084611593983,-3.7660393758390205,2954.07638027567,-870.7551189710855,-4542.838893509421,1.166911916408924,-235.4388093139226,-17.6215863630316,17.960337016005077,-1045.204021081415,1057.7584220047154,-0.9212480570325483,3.8413826565520854,3.355415265108179,5.310250182513788,7.6749508591432685,0.3014304115621481,-9.941452637880998,-33.30689561588358,0.8396627011507468,13.08729045889821,-40.14314493563097,6.606483290224675,-1.0436956292341102,-4.934907920985424,26.860146198143667,16.755756101885073,20.79430041454866,-4.943556519593701,-24.322911443938178,5.988673988706594,1.1081975580450505,1.5455408444317893,11.824764575072367,2.80577351309258,29.342384041609428,48.244153980463935,1.3442919583772006,3.4311998331817573,-4.597160963700921,68.31571774557753,-109.91465122978111,-30.55074305329083,-17.762675141113867,-8.806839346016929,25.508874108894275,1147.8042970756721,-197.0987857164285,4354.011707678434,-727.7309806899773,64.89393935832138,110.7856883602574,-633.0002839374495,54.40757685782569,93.50407835596715,858.1845357805314,24.92013829243592,-13.831697629442234,-22.465054233777188,52.32500838200811
2.483893655,4.469239665,3.306930693,3.063838498,2.96941358,1.58666081,145.4544747,155.7660774,157.7326513,157.6249401,9.715277778,0.02566272021,-0.5423423379,0.06089404376,-0.05855874559,-0.02112203811,1.56315811,0.9921658912,1.186500644,0.5126343013,1.106078644,0.9620575943,1.018016407,1.130891,1.086972902,1.056533658,0.6734931658,0.7036757073,0.9228350905,0.8494276874,0.9891210266,1.045773347,1.125734453,0.9397990846,-0.4868813938,0.9779936759,7.008272213,0.6101356715,0.1605274627,0.08888261617,0.0963266143,0.0,1.952277995,0.0,0.0,0.0,0.0,0.0,2.911211787,0.0,0.0,10.93236962,0.0,0.0,0.9384880154,1.777071801,0.3464203233,0.675,0.2096745819,0.03368055556,0.5833333333,33.97362214,9.967957042,0.0,18.19910121,37.25557254,22.20089375,16.52595619,14.26826309,33.45795484,14.79051451,27.6520576,6.9237372,21.87632117,0.0,0.0,10.93236962,2.445035208,0.0,9.949004298,22.40598613,89.13,1.763888889,1.549444444,0.6157823129,0.3817476064,0.2340740741,0.1391735537,0.06944444444,0.4022984508,0.8275515626,32.99708002,-3.022810595,1.143065544,0.6041077112,-0.8539439372,0.4690717346,3118.226529,5.51,0.00715,447.7633245440302,49.87966513303542,73.44234141790095,-14.61198867610129,0.3302984164536257,0.2691312167765373,-3.7697094758465175,3145.1070551513067,-950.9811561282602,-4831.759222692671,1.2093352057301359,-257.8275862504767,-19.16940040163547,19.80992017968158,-1200.885598293246,1110.9190406966745,-1.0344462533643353,3.9645453382144775,3.6941136287051335,5.2870816251390504,7.8872059261894725,-1.0099628935241847,-10.528348513379633,-35.9368709754796,0.6522216212287935,14.575747828895311,-43.54361629904581,7.437411503503878,-1.0062741862396933,-5.0974416085503345,29.003118282443925,18.13175345932209,22.434148114675608,-5.4480495320418,-26.685425160632594,6.123082664358686,1.613158040603056,2.360363252175759,12.030140386630112,2.7900300112283314,31.747277743988494,51.25309483701775,1.443135664540621,3.9490100531738914,-4.703597586244394,75.0031024773602,-120.16546291757552,-31.898960809678098,-20.204109307672013,-9.8232814199492,27.49604001463511,1236.9443289868493,-262.50308731220605,4903.236829906831,-838.3598286137226,83.71975667229667,122.03005655865415,-679.2369043842888,57.820818401460954,101.30246887004759,910.093799486735,26.383657459460384,-8.29832727148006,-24.076934886219103,56.607335518787984
2.434987024,4.391028702,2.824175824,3.028333333,2.718706048,1.549490554,145.2372638,154.6452864,155.3612222,157.6523044,8.595463138,0.0170240073,-0.269653478,0.0005546047637,-0.02482699162,-0.04657048201,1.189782636,0.7325301143,0.8070235967,0.5009480565,1.168054304,0.9552872861,0.9717359413,1.133281192,1.046082823,0.9861451049,0.6118234099,0.7564420335,0.5789217613,0.9013067383,0.9820213868,1.060068008,0.963823597,1.042534085,-0.5164392479,0.9729522094,7.008271862,1.427567332,0.2313568702,0.09015818944,0.0761440227,0.0,1.498885423,0.0,0.0,0.0,0.0,0.0,0.0,0.0,0.0,5.416356525,0.0,0.0,0.9965826584,1.751492282,0.3015075377,0.6339285714,0.1842839566,0.01765188834,0.5,26.92233453,0.0,5.098681808,6.066367068,61.01812524,29.7174337,18.05032179,9.531400138,39.52165029,4.736862954,32.55544757,0.0,6.9237372,0.0,0.0,5.416356525,1.572168719,0.0,15.74333193,25.40670504,80.76,0.9930555556,1.095555556,0.4194557823,0.2262692114,0.112183642,0.1066238139,0.06878306878,0.3658323715,0.8731880815,24.84350472,-1.744620654,1.258085386,1.450149492,-0.713038085,0.1946882698,1228.460929,4.79,0.0294,398.3884235958219,21.696944762261346,36.473826690608654,-48.15420502722103,-0.006665113940428624,0.286540358566822,-2.548764786700893,1432.02554595691,-331.9173686213665,-2391.9013326913573,0.7891318920675916,-72.67870875237071,-6.301783520202296,4.552967483307945,-257.08124103589296,478.52780047519576,0.014904639285361912,2.3389635713883328,2.581786825575441,4.9818359880631995,4.876173027761652,4.32943216507672,-3.869232747543948,-12.22584108390524,-1.9000303302359762,3.641562748684096,-17.48882098178521,1.8246596713194236,0.2728090237633596,-4.418161164031221,11.457877766789712,8.789394633946475,9.9983155043231,-4.16859438238793,-13.205587309473861,4.484780364282951,-2.5033788630230545,-2.9156636492115586,9.551892786777772,2.819180871559508,14.628156356705231,25.589240833000744,0.6204170330895288,1.1670425309928305,-2.8706255229618103,15.649275882436088,-30.271534599510975,-23.216295075892305,-4.816604887460948,0.4335968744000095,7.491957988311821,607.2034487110559,269.61351964352855,1977.3468308191132,-79.06922345933373,-6.965248409190542,18.405575617931405,-237.38886872623297,31.325637881708698,35.06957897501099,474.5694603324489,13.335136059411937,-18.579285818521715,-9.879592139943153,19.701302197712845
2.478936865,4.51049676,3.189655172,2.779320988,2.575975529,1.620130942,147.9609889,157.3723122,158.3109128,161.9162416,12.75,0.01506305891,-0.4995143091,0.1056842352,0.1012664571,-0.09900995601,1.593991991,1.252090456,1.424769528,0.4858885136,1.143526743,0.8903736318,1.004001189,1.134920635,1.034482759,1.015037594,0.9254716345,0.7708239048,0.8855244135,0.8883641275,0.9783077638,0.9497716005,1.034991223,1.097062228,-0.3832820281,0.9878601675,3.057289002,0.6294009932,0.1592768708,0.09315111428,0.06365387513,0.0,4.061561316,0.0,7.43851296,0.0,0.0,0.0,3.441633335,1.752663542,0.0,0.0,0.0,0.0,1.23809844,1.987821129,0.3237885463,0.6693548387,0.2293193753,0.0302378625,0.5384615385,28.42005889,14.98529578,5.425791397,12.14238718,55.6537289,28.04985716,12.16293986,0.0,11.38785599,10.74258,32.55515263,13.08951281,17.21226049,5.687386275,0.0,0.0,2.560241685,0.0,11.91630315,24.29046293,83.3,1.479166667,1.837777778,0.5723809524,0.2590230537,0.211882716,0.2226303438,0.06349206349,0.4013392221,0.8972192971,30.21533539,-2.036631265,0.2683412712,1.69991549,-0.7394638663,0.05764286323,2180.156366,3.33,0.0132,431.8805155092799,36.199794229973925,54.15318653517414,-27.559057329602403,0.19270362111670825,0.29375916771420635,-3.256294531933608,2348.346303895394,-646.3972026001672,-3610.2225917977516,0.9646642486382364,-162.7640717386524,-12.73918705674544,12.748968643037207,-656.4168450430159,824.1970396490118,-0.5564501602560026,3.2009015281547515,3.1273969760786047,5.592513563447325,6.505298737163547,1.7938624626055328,-7.5017729945833,-24.12226766307963,0.0157931233151285,9.127511678979035,-29.927056479345545,4.715966042153238,-0.6258374151550203,-4.642918066644119,20.24894155341168,13.81466964746874,16.64892788568476,-4.881959813026613,-19.554673285513275,4.9527645537695015,-0.3518042539666797,-0.3163865436705706,11.298053822617645,2.8788884875276355,23.330150828303893,38.9464791962063,1.0354454564057458,2.539314579811145,-3.5790260564691154,48.479198740357205,-80.71485225935396,-28.092337772111403,-11.956172039928827,-4.805807586281979,18.637532621645924,911.8779082491707,-5.7063380897709415,3182.434443928072,-427.634204836505,61.383816597894025,70.62865713534187,-455.602302094982,44.29657769142682,71.35220847292517,701.0421669887727,20.223881378294145,-10.51388717785377,-14.99747073836323,39.21252884204972
2.479665346,4.592143098,3.288288288,3.498397436,3.170981661,1.50055205,150.6227588,163.5217372,164.1776681,164.0833098,9.703125,0.01874242464,-0.4735516832,-0.1144686999,0.009471852089,0.03749536636,1.526630217,1.095024845,1.037366544,0.4153388278,1.014748035,1.054946833,0.9016941392,1.089697145,1.111799493,0.9250451041,0.5459221697,0.608092821,0.6813870094,0.8946434032,0.9581582932,0.952414314,1.011181547,0.9614630423,-0.3832828006,0.9925445055,8.003004674,1.425951198,0.1455668877,0.08568957784,0.08760231951,0.0,1.912898413,0.0,7.073676348,0.0,0.0,0.0,2.893697772,1.664197244,0.0,0.0,0.0,0.0,0.8669307239,1.076691804,0.3757455268,0.685483871,0.206097908,0.03407345343,0.5833333333,30.43903568,23.76612587,5.425791397,18.20875424,37.26522558,17.46698741,12.16293986,8.780830095,11.38785599,10.74258,26.29938345,24.72395449,17.21226049,14.46821637,11.63444168,27.48193107,2.084286042,0.0,9.857598928,23.997636,83.3,2.041666667,1.908888889,0.614829932,0.3699058327,0.284691358,0.2275257627,0.07555555556,0.4440634475,0.7714694921,30.97009812,-2.573080398,0.9142737892,2.216510363,-0.915551887,0.02388477495,2186.707631,3.55,0.0201,437.53555062619046,36.0811976298584,55.20341018091268,-31.567258585600563,0.17884997795432078,0.34615204639865793,-3.405439162755896,2350.3172716825284,-641.2654136539934,-3597.135560559739,0.9760868797315729,-163.68015488716523,-13.606428915050286,12.567271231239578,-698.2903408923374,844.9198223878544,-0.5427761769858201,3.2654733851055644,3.2608705673296963,5.441564053238979,6.504029544933498,1.7847741976415663,-7.529995961036628,-24.366029567528685,-0.03316081500751156,9.273460166850676,-29.896507825651163,4.708326304505109,-0.6342299469229078,-4.947418710978826,20.206562569305376,13.742422512792313,16.72429895077703,-4.874515159957079,-19.907351060608217,4.844216081447748,-0.5111221119826113,-0.36279116192628846,11.44916338687365,2.8836632399168463,23.31533279829606,39.15514613634076,1.0423136492344176,2.5093713989969206,-3.8886936885102177,50.28206012146809,-80.21813167948906,-28.786850873372806,-11.914322349232654,-4.9076651300940375,18.920785716982728,920.5816387982169,-18.139132025248145,3204.5457675170296,-439.35337252408004,61.9106501930134,71.09033727706498,-463.2557684719748,44.64111134429324,72.3171519865383,699.7141929042804,20.064487605539853,-14.37913678177913,-15.228212779056433,39.22765283403756
2.477060554,4.55375734,3.223140496,2.961538462,2.997704316,1.550107122,145.0431459,156.7504081,156.9724815,158.1541802,9.410466358,0.01228273946,-0.3650620415,-0.1031824582,-0.08316251675,0.1068993061,1.374355166,1.240074768,0.9457194813,0.5020611259,1.127461322,1.111519675,1.100672468,1.036146273,1.179970216,1.11814346,0.6111970808,0.6260982147,1.383005849,0.9291826201,0.9673682524,0.9825273825,1.014842903,1.027583128,-0.425173532,0.97795332,7.008272423,1.420015394,0.1480344716,0.1120478328,0.0761440227,0.0,1.953539736,0.0,0.0,0.0,1.975771616,0.0,2.908301157,0.0,0.0,0.0,0.0,0.0,0.9986330181,1.785197815,0.3195652174,0.640625,0.1838961498,0.01474116162,0.5660377358,33.51495759,0.0,5.098681808,36.39820241,54.95175817,34.72467712,12.2386844,4.794537184,22.51475897,5.316788604,25.65562151,6.9237372,5.693927995,5.687386275,0.0,1.667057351,2.053586189,0.0,20.45493089,30.13109509,72.7,1.972222222,1.793888889,0.7413151927,0.4323664651,0.264066358,0.1281501888,0.05333333333,0.3983098011,0.8912352026,29.8329492,-2.921958736,1.743008987,1.855895035,-0.7829290354,0.2419674918,2381.375993,4.44,0.00215,427.33104560205607,39.491278778956904,58.00355177500292,-18.911725556590063,0.2532807262700397,0.32213969589330493,-3.1162921667325882,2511.792425979469,-731.5021393702422,-3958.820133786082,1.021812794464255,-185.39989094467762,-14.54649969335692,14.200953829667348,-827.3460852199086,911.4449578745194,-0.6834730630438887,3.3894549634727675,3.1289276790946228,5.1926371085867915,6.70950050024928,1.3436411228999146,-8.273098221735935,-26.948139717678348,0.11732183347114322,10.48053131188994,-32.885216477957854,5.596371326498039,-0.8851287015513682,-4.351663667139361,22.404061228827427,14.841622656444521,17.94218267688294,-4.82812856026222,-21.03953179303535,5.333869808857543,0.24526427142398766,0.4052824224972553,11.607370490169723,3.173139729201093,24.900749403783916,41.233766437697355,1.1271409743979055,2.485013628839845,-3.7782994994369643,57.85684878607067,-87.83107687235126,-28.447337587123744,-14.053225995792967,-6.454388074393952,21.079954668009538,963.4656149438679,-70.36663390019899,3466.4333840395084,-549.7288711280141,64.98526254025845,84.58433503742998,-518.8979349683538,47.25910734709223,79.37808280000593,751.462666281636,21.557800853233598,-15.204423564470577,-17.39370684409746,42.90699646014096
2.355558733,4.827861254,2.839506173,2.724369297,3.0208762,1.510056558,145.4446603,157.0115152,157.9188001,159.4725839,7.222222222,0.01719890356,-0.5716861687,-0.1061594259,0.1080888137,-0.04694719601,1.592977371,0.6843921966,1.064051865,0.6286803578,1.298230192,0.9431134218,0.7908882928,1.096140351,1.037037037,0.7731884058,0.914622751,0.4426392357,0.6718932183,0.9359687193,1.023310233,0.9886731182,0.9808297977,1.038862585,-0.4923873591,0.9684575887,7.014213094,0.3002092232,0.2203425021,0.1149386659,0.1565980496,0.01964185503,3.83331744,0.0,0.0,0.0,0.0,0.0,3.201210921,0.0,0.0,5.907962727,0.0,0.0,0.9381553766,1.457688207,0.2792553191,0.6153846154,0.1871033944,0.05636604775,0.4444444444,33.06112178,13.55677072,0.0,6.066367068,62.37841095,23.13506761,11.49902367,13.15465994,11.49902367,15.1926253,13.40177551,13.8474744,11.38785599,11.37477255,10.02329115,28.51788288,3.83331744,-3.694652026,10.92424127,18.35520524,94.31,1.8125,1.297777778,0.5053061224,0.3124212648,0.20125,0.1442709928,0.07222222222,0.422690096,0.7947419917,28.97317221,-2.676872075,0.668891496,1.085422478,-0.494476765,0.4493182363,806.1259064,2.36,0.0152,390.5027624999469,14.79120921111804,29.185776071231686,-56.90287827960143,-0.10081324421310967,0.3647297510114398,-2.3762794589642153,1038.7165294499246,-164.55108722882298,-1779.101888755199,0.7051536532358034,-30.923280116662,-3.364041233071663,1.504372526305529,-152.22765403586683,338.3900734208774,0.2610326595817054,1.9042267422747583,2.8886925188965615,4.867908956328408,4.157740410351399,4.922808281650051,-1.9832275195512825,-6.622793420709936,-1.9996534315890944,1.307162388670466,-10.860642293449832,0.5613290465047096,0.5119144107792613,-4.931771616321406,7.050865067021862,6.524089222399003,7.787615762269625,-4.350224936162597,-10.24981715931366,4.102207076017694,-3.0705712619800805,-4.15419974703969,8.868811335252545,2.785168788460605,10.793483325458734,20.07351337981282,0.43016801195119636,0.5416808944583017,-2.3671727672857488,5.965639566584605,-14.910764275722036,-20.8641793244236,-1.114275034950614,2.683302406877782,3.1383921266284824,447.80035742662875,386.94223551525585,1258.055524594107,97.35702690870903,-6.939444943392628,-4.123714243629571,-134.1474610889957,24.01649776620085,22.895488638604906,356.8982881174942,10.065552673413936,-16.71343081383777,-5.625972151546125,11.65220978230077
2.54695347,4.500490354,3.124183007,2.391577061,2.356851852,1.418283712,147.3089717,159.9675702,158.8347426,161.2775098,15.04192421,0.01185756757,-0.2256811218,0.07631905469,-0.09549743874,0.04486605515,1.304826068,1.140524309,0.9385998467,0.523310367,1.079327632,0.9080881519,1.060178271,1.081049149,1.082444051,1.032227575,0.7651775263,1.032345239,1.093549356,0.861293852,0.92777316,0.9981319023,1.014972819,1.166991385,-0.4411416984,0.993840093,3.510026325,1.347835869,0.1626992483,0.05118396501,0.1288113406,0.0,2.022195826,0.0,4.332501179,0.0,2.193763306,0.0,0.0,2.483801233,0.0,5.464938818,0.0,0.0,1.156051296,1.971336136,0.3305084746,0.6893939394,0.2455859152,0.0,0.5245901639,29.67202721,4.983978521,5.098681808,18.20875424,49.24949869,37.43640511,5.693927995,4.736862954,22.51475897,0.0,62.06348431,6.9237372,17.80867761,0.0,0.0,9.81409874,8.628129919,0.0,23.73959916,28.03955089,61.0,2.111111111,1.561666667,0.7975056689,0.2653533636,0.186257716,0.1313151719,0.06172839506,0.2787603221,0.9164128697,30.89935649,-2.894746311,1.258737129,1.090251058,-0.7191453266,0.2433123961,2391.414006,3.59,0.0165,450.1387467981772,38.83036584907157,56.87639323628691,-15.209396129130603,0.2715003881318535,0.3232525270733272,-3.5704375729937334,2605.745859423804,-717.3140821395061,-3865.5368524777336,1.0381321328253852,-186.75730348358485,-14.448021168042787,14.153105338390757,-674.1525994909896,933.237289427829,-0.7001230842097117,3.4965944291090643,3.061895904242032,5.729435611682814,7.21645998087949,2.257973105869611,-8.573719744459027,-27.02799033876222,1.0374632160691708,9.965589530986948,-32.18297404176152,5.067344220386833,-1.1096154270209992,-4.6221451301353715,22.19447228683589,14.629538732753005,17.875556605540215,-4.450961309375447,-19.440580614045786,5.459907462259089,0.04638659021217462,0.07266839920376644,11.280385026421362,2.6999017793568827,24.766842874519476,42.46235396388555,1.1347233759298156,2.6421152968494708,-3.4949776086780586,56.30257302197782,-93.93027696394832,-27.917182486584142,-13.008839221102194,-6.686623839415032,22.240320300096563,969.0530073848053,-66.30551152127691,3288.061466825848,-500.8543705619643,51.51039986248483,87.41391156057146,-514.2160726557637,46.765508125507964,79.88436792686328,766.7344468409457,21.64004036050278,-23.867631810935666,-17.721880341502626,43.56576140844788
2.462826447,4.212044087,2.949152542,3.017304189,2.660027952,1.757127915,144.1659287,153.5028767,153.116545,155.7051317,7.211072664,0.01503772994,-0.6047044758,0.2746456076,-0.1651971555,-0.08863812657,1.602572835,1.53759601,1.204616384,0.5702390063,1.011240874,1.074027301,1.216279096,1.045341615,1.267080745,1.142449852,1.123309368,0.8584584357,1.059909411,0.8845688677,0.8952842616,1.151639504,1.043218567,0.9577689896,-0.3869134947,0.9938486659,4.005274287,0.6050205064,0.2314290308,0.1115493625,0.1097114615,0.0,0.0,0.0,0.0,0.0,2.07135708,0.0,0.0,0.0,0.0,0.0,0.0,0.0,0.9462528345,1.752450922,0.3201219512,0.6477272727,0.1853179454,0.0404040404,0.6176470588,31.00404986,9.967957042,0.0,41.66862122,24.26546827,11.58306779,5.693927995,0.0,21.95893118,5.733667477,14.95193556,0.0,0.0,5.13155848,0.0,0.0,0.0,0.0,10.68920501,18.26135118,64.69,1.222222222,1.326666667,0.3257142857,0.09448223734,0.0425,0.01632486481,0.06349206349,0.4236990573,0.9080704063,20.73935905,-1.720318506,0.0749972144,1.337042018,-0.6070092993,0.04929411398,1319.279635,4.34,0.0044,390.9327274165327,23.997110374743073,37.39966402805939,-34.543851280647154,0.0797047939434895,0.3522200992235385,-2.1438685104784696,1523.167128861055,-393.8639079603507,-2632.4747546636518,0.7780634019642506,-82.84574144242946,-7.466623604077775,5.643584159364217,-349.67014912487093,555.8246912934563,-0.10878405808844258,2.4430811435815243,2.55644919474301,4.949019323713408,4.919732417693493,4.0470667253249495,-4.487770429275541,-13.653719902310431,-1.342979523004064,4.498009388969431,-18.332621702850773,2.78234214129151,-0.2665933279874373,-3.473797231307443,12.71181486613108,9.593177453317601,10.95747084792198,-4.161538743458607,-13.474898614314576,4.341599335254783,-1.787509298564433,-2.5006209554610703,10.226893180447187,3.4044817861352485,15.127891603585699,26.252319314487462,0.6592942409193259,0.7895468997011208,-2.512039681721615,25.99235538483872,-36.797403075372635,-22.910696145383096,-5.798076597015718,-0.8132709015825328,9.95339252093925,600.292915502841,231.91124765178185,1761.8667387392854,-151.92119486485873,17.573103901271637,27.98504610701843,-280.5258707487408,32.43156978811294,43.31702358847868,505.9977219041497,14.158193452160216,-24.556915820540954,-9.092443700695744,21.745532072281083
2.497208695,4.513463657,3.3125,2.44028298,2.134100612,1.581122307,144.000306,156.6712328,159.1303121,151.9834538,9.842975207,0.01412150388,-0.4356589511,0.04138601147,-0.08288693757,-0.1037634672,1.415651066,1.131708532,1.004260681,0.5442672477,1.086818633,1.077433294,1.254144744,1.04254277,0.9471142521,1.446023742,0.8806539687,1.054924927,0.8934831902,0.8553382836,0.9181363196,1.189600371,0.9384426978,1.035341044,-0.4173607762,0.993844579,3.51001883,0.6094207542,0.2052808217,0.09032972377,0.1433457877,0.0,2.022904813,0.0,0.0,0.4207821817,2.22272854,0.0,0.0,0.0,0.0,5.512646588,0.0,0.0,1.134641204,1.888847156,0.3435114504,0.6730769231,0.2643470353,0.01894586895,0.5681818182,31.58237972,14.95193556,0.0,6.066367068,31.89811458,35.76911223,16.52595619,4.736862954,21.95893118,0.0,33.14967801,6.9237372,30.27788178,0.0,0.0,6.698744471,3.632463227,0.0,7.444584377,20.57191057,63.69,1.388888889,1.354444444,0.5275283447,0.2693609851,0.136257716,0.05163350679,0.06718346253,0.3466355334,0.8685072019,27.72436245,-2.447051409,0.5062432875,0.5947064721,-0.9189985796,0.5889239454,2649.880063,6.71,0.0047,439.0709506374935,42.77704037707378,63.05371121683402,-14.945628145699551,0.29155232964050937,0.3304359934711464,-3.3893806277363536,2763.9482387765825,-800.7669391300432,-4194.567624030831,1.0971958668434194,-212.71303527026046,-16.318537804629827,16.13793507339807,-909.7054525340506,987.4763041862525,-0.8200929202299629,3.646137724089883,3.284183989802147,5.305229832179768,7.322260345919922,0.9558957073990278,-9.189376311539577,-30.188062315961904,1.0729669993482187,11.68684930562576,-36.332032865732714,6.1741879996553575,-1.1289082010010492,-4.493007611619832,24.82310150965947,15.543938047989876,19.170179626031363,-4.745387674709516,-22.097364660326885,5.505282010854325,0.8003791415533156,0.9376941060677345,11.483675727846107,2.745536732082073,26.864716003564244,44.81235644533261,1.2339474177044232,3.0403518086670087,-4.095866332651915,63.6571259629341,-100.21646901432241,-29.086331242294737,-15.612938672802859,-7.657750055586611,23.91996153343213,1056.351149172212,-143.37840163583377,3817.341127898598,-638.9633850129647,58.89425644035665,99.22493166518795,-582.900889074617,51.065865914681154,86.7901413740245,810.2041043862005,23.21234860734502,-21.284509413671973,-19.837785968089964,47.61742077553549
2.55375461,4.413009073,2.748148148,2.94921875,2.440442561,1.488319459,148.2991478,159.5748317,156.2513714,157.4374748,12.64806331,0.01512459924,-0.4214781845,-0.05766824959,-0.03286935977,0.0008746537024,1.44723382,0.8922264573,0.7563912677,0.4671563858,1.063826204,1.112418374,1.121284621,1.077186126,1.250128853,1.154889396,0.6956622272,0.6434882595,0.7378904952,0.9271276023,0.8266972972,1.160061971,0.9249455163,0.9437620712,-0.4356902908,0.9776566619,7.008271822,1.343850114,0.1489909272,0.1089572074,0.130682846,0.0,0.0,0.0,0.0,0.0,1.819785,0.0,2.786465574,0.0,0.0,0.0,0.0,0.0,1.234874181,1.792292877,0.3567961165,0.6637931034,0.2132966268,0.04773706897,0.4897959184,27.95485275,0.0,5.098681808,12.13273414,48.73693008,41.26943352,5.693927995,4.794537184,22.51475897,11.05045608,32.20037792,0.0,12.11474962,5.687386275,0.0,2.09865947,0.8699774822,0.0,15.49921546,29.36794629,98.72,2.006944444,1.707777778,0.6271201814,0.2454018644,0.162816358,0.1439669421,0.06146572104,0.3066670127,0.8644540784,24.63086343,-2.453202462,1.193902105,1.423674917,-0.4850896078,0.08778305287,2195.54859,2.77,0.193,429.0724176100167,36.67483170561985,54.92932540539507,-32.34761447618761,0.157678333791949,0.25386763812415164,-3.378752802530477,2329.338067238131,-646.2787900511895,-3627.5985189712706,0.9852452948011099,-162.46312469269895,-12.548237246705613,12.554421544025672,-678.9506541899564,807.3431537508109,-0.532683648679064,3.175641651105447,3.0163561825627765,5.563519902469741,6.433926896557742,1.5591608481619454,-7.574204845869222,-24.18822151439094,-0.5565016024194818,9.065653964171359,-30.86119285748229,4.876290773350318,-0.4831069937894288,-4.273629271892732,20.706429637737862,13.742172781943104,16.472048627538534,-4.770018151955503,-20.463517753863393,5.101666601334924,-0.4582641838050059,-0.4932485209911208,11.276450951158377,2.769834667915506,23.542901955738365,39.24315228601154,1.0394636664697405,2.715596692984194,-3.958161446731973,44.228107710728665,-79.02043330699333,-28.502069480703295,-12.230281345969807,-4.6884160429663,17.729773193512433,933.307159359049,6.062397621566586,3340.5884759589335,-430.467751465778,56.34797426941624,69.251115555882,-429.3220298953549,44.35679060522713,68.33208595252813,710.9216560456892,20.484157677672833,-1.3243854749187594,-16.011865673276386,39.08725879258325
2.390735094,4.331820604,2.363636364,2.625706215,2.631421744,1.508126524,146.0803651,155.0367744,154.99188,158.3510474,15.7392753,0.02876418127,-0.3449783119,-0.27194359,-0.1521256224,0.1076273212,1.347063237,0.9091318487,0.8142249699,0.5088812892,1.15075789,1.34535056,0.9340192528,1.381131342,1.440846039,0.8911566344,0.9035966836,1.156934711,0.8441031007,0.7482852695,0.9737389541,0.8409217734,1.14262739,0.9110015727,-0.5277847106,0.9871941861,3.517547361,1.419941378,0.1803403222,0.07428232473,0.05040857505,0.0,6.666256248,0.0,0.0,0.0,0.0,0.0,3.334270676,0.0,0.0,22.09108738,0.0,0.0,0.8641817838,1.740695932,0.3166226913,0.6481481481,0.1887004935,0.01940035273,0.4081632653,35.45468631,0.0,0.0,6.066367068,31.18920547,35.77071733,11.49902367,18.94745182,28.74755917,24.26424042,26.31337114,6.9237372,5.693927995,11.37477255,0.0,22.09108738,1.910063424,4.756192824,8.77705093,18.04410385,61.84,2.125,1.568888889,0.4644897959,0.2421264802,0.156875,0.1691664116,0.06267806268,0.2289653391,0.8902199566,23.42228331,-2.331147937,1.235871091,1.802496101,-0.7020800298,0.3359794071,977.4533353,3.9,0.00562,402.2194853849919,17.246811699149873,31.314182568030862,-47.55400756035929,-0.01965294821352348,0.39720286149001954,-2.36562171348522,1236.9849346046963,-234.24187846978316,-2044.9300894585836,0.7385408301231132,-50.69558725789916,-5.05268021887488,2.5700826720178442,-157.37152907824068,415.8967797262894,0.13257039244038277,2.216044192578563,2.4917950282636605,5.004948399861043,4.726731420483192,5.831705843986446,-3.2684724797357045,-9.392184865588193,-1.402725859715335,2.2670373887598405,-13.168313617797548,1.1231006187443964,0.1668049222993675,-4.1759232910803314,9.026201898762093,7.28394750702972,8.56316658014987,-3.7383748956172886,-9.887559496718834,4.111832697320904,-2.7493885097348345,-3.4502701397605584,9.348960071128872,2.8056083895464012,11.763314631277598,21.77675075370924,0.49793352571276084,0.440893005487883,-2.331208472947056,12.484866550179289,-20.57575877741421,-21.521727055446952,-2.4351658331461556,1.3794248291698832,6.021394318322002,512.9678381708409,326.64222896131366,1479.8646301798833,4.791574009945087,-25.18060206087707,8.583314904705482,-217.50691015545067,27.988353529106163,29.476404163141947,417.79393154914237,11.265866710160733,-33.42500299181122,-7.904665655068892,14.495140716370907
2.478998053,4.531737251,3.213675214,3.01984127,2.8726647,1.531139663,150.5752208,158.9065809,160.4429129,162.5301929,11.13609467,0.02082809754,-0.5901936955,-0.02521585881,0.07628768031,-0.09643419108,1.661689804,0.8885460281,1.181247582,0.4800952104,1.155423759,0.9103608847,0.9647846333,1.096025829,1.003329298,0.9914672766,0.7603600283,0.5161077978,0.837741801,0.8958724057,0.999197121,0.9779132523,1.082118277,1.079807087,-0.3832848054,0.972936617,7.008276699,1.434202279,0.1318109077,0.08658969209,0.08329573016,0.0,1.957560358,0.0,7.296656436,0.0,0.0,0.0,3.313609904,1.717935449,0.0,0.0,0.0,0.0,0.9203648175,1.688159573,0.3592017738,0.6796875,0.2076933912,0.05821759259,0.5384615385,28.81366083,14.98529578,5.425791397,12.14238718,49.39795972,28.71782518,12.16293986,4.794537184,11.38785599,16.47624748,32.20656318,13.08951281,27.57024916,5.687386275,5.907179729,0.0,2.416194775,0.0,11.91630315,25.92287692,126.39,1.729166667,1.877777778,0.6131972789,0.3084057697,0.211882716,0.2426303438,0.0697167756,0.406701482,0.7986980535,30.89542096,-2.201926963,1.506587814,1.714414083,-0.8992168894,0.1397019522,2146.50863,1.92,0.152,433.58810099683706,35.88728465247428,54.57731442691334,-38.47764964402298,0.1226679413084309,0.1769568304513996,-3.607672091191784,2304.2848943391073,-623.9163065062382,-3549.026514767378,0.9550426910023988,-155.56782665707433,-11.288630953038965,12.65013326084944,-610.9987392895655,765.9774718550295,-0.4818428143082321,3.0615034991841887,3.3602719013850946,5.92361296264744,6.361781310916395,1.0065174697603092,-7.123114976528392,-23.26252378148185,-1.0249923920734882,8.893184699072224,-30.133905304165147,4.438823824255461,-0.246641698846072,-4.783044188748336,19.68980840010439,13.845158216573708,16.450203310407996,-5.315731339964421,-20.77054723472372,4.981556840600137,-0.6550510406145551,-0.6454422896804641,11.14231682117491,2.6915817414485157,23.982548693796602,39.22375873668401,1.0181572692855894,3.005436393138681,-3.749276340171721,40.45467547189368,-81.2015727023403,-29.498079926973617,-11.96339943204073,-3.8229860133217706,16.839320325146115,941.0676029603845,23.675998872392572,3432.4674100663733,-380.0657806474898,72.37074261786127,63.65439855104959,-389.6321138455572,43.57171335361677,66.17027650508942,693.3713052055317,20.227879382998537,9.458215172597015,-14.690894659584426,39.01481975759982
2.447406335,5.223103586,2.975409836,3.21959755,3.2031893,1.62478383,144.3883249,155.5053319,155.116866,156.3815423,11.06843522,0.01720817351,-0.4513845054,-0.02085196524,0.04592782758,-0.03139278588,1.340356809,0.8016714219,0.9039943173,0.4965534265,1.085881823,0.983004827,0.9197371422,1.155768076,1.238226741,1.002651557,0.7085794272,0.587489822,1.214158301,0.9083046084,0.9186291024,1.062189693,1.007473866,0.9832881022,-0.3874078304,0.9929418699,8.001919866,1.381898438,0.2259155236,0.1305729684,0.1084181901,0.0,1.92057956,0.0,0.0,0.0,1.311097861,0.0,3.331488778,0.0,10.33705855,0.0,0.0,0.0,0.880115219,1.427411386,0.3613892365,0.640625,0.1749900716,0.02992822129,0.568627451,30.28035517,4.390415048,0.0,12.13273414,67.58740788,34.9019044,11.56673267,9.496942443,28.26427081,5.316788604,20.05846296,12.74095804,5.693927995,15.7651876,0.0,14.19562262,1.92057956,0.0,16.45984242,34.31422992,70.93,2.5625,1.764444444,0.6506122449,0.3247669438,0.205625,0.2191613101,0.06535947712,0.4004752971,0.8121013622,27.49003623,-3.087580778,1.345271041,2.322007198,-0.9175478109,-0.1534966717,2293.991248,5.58,0.000394,423.7068232426735,37.32265476893374,57.027758099157346,-25.128565361030205,0.21829918889072986,0.36189761667776044,-3.182828365414813,2400.6691615947466,-677.839850535957,-3762.0099282125666,1.036615862280276,-179.08242997196112,-14.59833445819089,13.183786790844913,-813.571610435655,860.566994776387,-0.6163995974882385,3.321093960362206,3.081968868160934,4.998346190432537,6.515043013473008,1.5805098146198477,-7.761209472367838,-25.992805578855343,0.054544921938138646,10.060519962684065,-31.82664147579413,5.244782675542689,-0.5713927026163048,-4.625047026883358,21.51059988294827,13.837728723809715,17.000852940390146,-4.574940659590862,-20.7112437419854,4.932128917922711,-0.12628594124308123,0.14122606497043255,11.370326126399226,2.822140587853359,23.84405245385847,39.85330594272567,1.086413713533435,2.615986501949483,-4.2174223147384415,52.57163329106584,-80.40105291116927,-28.30636268175318,-13.095635329538794,-5.760338301210324,19.6079758467284,951.7312389030005,-59.16529107252696,3420.4222456981083,-522.984949850812,50.92625196741562,79.26631909374814,-507.6214509124613,45.86153875150269,74.73311151277132,714.5452539307558,20.59544981121044,-17.67280517093676,-17.39140470856569,40.78556845658539
2.479390399,4.67741432,3.305785124,2.959259259,2.986590038,1.596867947,146.2974315,155.869144,157.2207366,159.3880929,11.13609467,0.01644958013,-0.573278819,-0.04010397014,-0.1358616789,0.1894116657,1.572180471,1.237765032,0.5859573319,0.4738571716,1.136397454,1.00914102,1.017880129,1.033273028,1.136299261,0.9866071429,0.7493249814,0.5164457739,0.8838404341,0.9004041639,0.9880281126,0.9051181789,1.033286222,1.016730109,-0.3955862763,0.9729366222,7.008276683,1.400923668,0.1472043396,0.09993708231,0.08505527698,0.0,1.959717879,0.0,0.0,0.0,1.622562232,0.0,0.0,0.0,0.0,0.0,0.0,0.0,0.939564403,1.677417319,0.3610503282,0.65625,0.1833480856,0.04276785714,0.5384615385,31.96357891,4.983978521,0.0,24.26546827,48.8853911,35.63533974,5.824404498,4.794537184,22.64523548,5.733667477,30.82707233,6.9237372,27.43977266,0.0,5.907179729,0.0,1.959717879,0.0,14.29069945,31.47405198,110.44,2.034722222,1.905,0.8172789116,0.3754251701,0.353125,0.1940618304,0.06100217865,0.3752888672,0.8043082238,33.97575706,-2.285408488,0.8745756098,2.161813599,-1.066570371,0.06637453892,2274.612598,4.97,0.0119,427.16152748267587,37.86298857476871,56.321941835587246,-27.83308438696276,0.18538281638190213,0.19739746130294505,-3.348823156796027,2421.4898736637256,-682.6816822596056,-3782.5078891495923,0.995327036675997,-172.66252437664076,-12.345900994963252,13.69395599842384,-698.6020653593374,817.2772615958438,-0.5867619988521584,3.164794356060815,3.2764209520848095,5.707876135500451,6.545076069065404,0.939991129531592,-7.633333183948169,-25.15094009662129,-0.6892776461315366,9.791600457403115,-31.88932828973459,5.0102195717149876,-0.43803441499806484,-4.463302634723207,21.124238839616734,14.476812264335123,17.182616279262216,-5.207350616461394,-21.37773249185406,5.214051499331256,-0.21104657214148204,-0.1403661951665871,11.233534109041406,2.8618209906743988,24.861256205033794,40.47686812491486,1.0783242604290588,2.949169801622935,-3.7165104795380888,46.66319704086824,-85.86950938702523,-29.17074063946122,-13.260138302804082,-5.055506797402598,18.680855409713498,969.6796659618084,-18.374356685735798,3571.189747059906,-466.50624155522075,70.31406989022744,74.23345249400084,-443.84339017993017,45.29659932041874,71.85485131055695,728.1184410552083,21.03091062567631,2.6318796452035906,-16.489179288762013,41.39175747907722
2.478994092,4.543847834,3.529411765,3.488953062,3.494360269,1.679226015,149.0315359,155.6355357,157.8815434,162.8657156,4.183391003,0.02316642297,-0.6984026067,-0.05168574114,-0.155376727,0.03039864361,1.925320653,0.873435467,1.151685731,0.4244423789,0.8438556305,1.05840778,1.141306024,1.000050785,1.008787098,0.9704887742,0.6014635279,0.2529257445,0.7684677267,0.832824665,1.022126234,1.261425532,1.286477174,0.7004801479,-0.43831478,0.9893221672,8.007392488,0.60498389,0.1469248199,0.2073156125,0.1146045727,0.0,1.918979875,0.0,7.220510286,0.0,0.0,-4.715741119,3.257575468,1.694622754,0.0,3.921625561,0.0,0.0,0.9091899358,1.284936311,0.307715311,0.6764705882,0.2197295168,0.01712284914,0.5490196078,34.57756726,14.98529578,5.425791397,35.61190719,42.82867707,24.01174382,17.78197519,17.9081081,17.13736782,15.47944295,27.67776379,13.08951281,16.13452668,18.30280362,6.362358859,41.02748194,2.296012004,0.0,11.96691268,24.04739053,76.74,1.979166667,2.157777778,0.7740136054,0.2837144117,0.291882716,0.2487460463,0.06060606061,0.5132030109,0.8969753491,35.42207038,-3.132514591,0.9644639617,1.869081269,-0.9415403323,0.3561136138,2292.158454,4.43,0.000579,434.86429030314434,38.064242424850825,57.56526840302439,-28.635404538412466,0.22150736246063457,0.3566581816729747,-3.5606165137064094,2407.3221370330216,-680.5065135987321,-3724.6276386150203,1.0150456026162393,-176.0247744897416,-14.892426846969846,13.187272498286143,-814.8424920950436,899.9747216844964,-0.6189164888747454,3.3866692744058238,3.272241840093672,5.021983052960012,6.483095576884149,1.0879472732627196,-8.033223050621379,-25.89676888076331,-0.04842689965841984,10.00659575939139,-31.40721692754958,5.134167198786212,-0.7009349858879885,-4.769613347684514,21.30632658695099,14.267266676346647,17.433506956829405,-4.513518935241862,-20.731882896975723,5.189041049644989,-0.13369003457108297,0.14999318097116177,11.20738419018367,2.940961832029544,24.171996769537074,40.64477553842692,1.0920429058518233,2.5381095958602065,-4.071399692701017,55.725040267346245,-87.21561261769246,-28.501738828885756,-13.154278564637162,-6.141677856282716,20.209342451737147,946.7151305706465,-79.82003343261454,3422.7530252270494,-504.0536021893995,70.11419962204101,79.96754569563478,-481.6333458063544,45.56601667579625,76.53776888097804,717.1226144512322,20.754511563780586,-12.168780863449951,-16.779519666477885,41.340478510104006
2.475845804,4.356319718,3.139534884,3.274431058,3.28427896,1.604016094,144.7227279,153.9030889,158.3535104,153.0522818,6.431290898,0.02252518381,-0.6120048039,-0.07123047824,0.06761422848,0.114627386,1.517919242,0.8009377975,0.2821001767,0.5066034678,1.053347648,1.006932066,0.8482414507,1.153148249,0.9365713018,1.271914003,0.649373523,0.4849171343,0.8501782227,0.9483186681,1.040034385,1.210683433,0.9790051332,1.030131259,-0.3752358812,0.9729411994,8.001919869,1.432397384,0.2195557195,0.1540712279,0.0872910733,0.0,0.0,0.0,0.0,0.0,0.0,0.0,0.0,0.0,9.054265439,0.0,0.0,0.0,0.8937325208,1.390545196,0.355664283,0.6388888889,0.1724691728,0.03741409718,0.5609756098,33.19656922,14.16893075,0.0,12.13273414,48.53093655,29.08404162,11.64162534,14.29147963,33.90261496,0.0,26.02776825,5.817220841,10.35798868,4.390415048,5.969305288,13.31466888,0.0,0.0,14.19850435,27.927141,78.87,1.409722222,1.465555556,0.4570521542,0.3567806752,0.275,0.1363126212,0.07936507937,0.4823677858,0.6806937978,24.50755053,-1.753416567,1.356765458,1.623002601,-0.7048237197,0.2450649676,1747.697749,4.86,0.00713,410.55141914029184,29.561820672787736,47.49419494050927,-39.13825072107512,0.1004213568975893,0.3149160522661585,-2.9838949581820113,1886.4854983930572,-499.6934437619509,-3052.1030811278047,0.9201926463987127,-125.17572325014088,-10.446323552357365,9.00784051632225,-521.6842669357715,679.4641338592381,-0.2895379447676675,2.8555190862183903,2.919212217231138,4.888569677935175,5.576236061726974,2.6619915596935204,-5.854123760542423,-18.979076804076016,-1.0097930778444895,6.803453196624332,-24.52268485617816,3.4872317202086394,-0.25415791499520224,-4.341105055571652,16.380323606722367,11.058195831434944,13.10306982820212,-4.225751780196138,-17.238978537734358,4.668208134349744,-1.434289022944341,-1.6346735648064374,10.339604687949752,2.8200760023346048,19.052821993800553,32.643737045231276,0.8444404806947092,1.8737857292159439,-3.744577725660463,32.94309613047121,-55.88371379241322,-26.38116050968594,-8.856047498224067,-2.550888733370522,13.441481609754456,785.5504546698179,95.433448893573,2689.769851948854,-299.56018323670827,22.92943538878113,48.245574765174744,-348.6466808157387,38.05976370952267,53.40327030051668,595.5815899546103,16.95652235549872,-15.366063055990569,-13.275106398943077,30.18350562530702
2.489034642,4.578097402,3.425742574,3.043016975,2.716481481,1.668655312,148.2300298,156.6360981,156.3308786,158.5773313,9.401991852,0.01271383553,-0.4467240567,0.05917792667,-0.05129025634,-0.04503994143,1.519419663,1.025211676,1.273352267,0.4926652888,1.071554802,1.013915069,1.128479257,1.030594557,1.0686273,1.124284971,0.8382377497,0.8122685379,0.8100384187,0.8735508074,0.9419397731,1.100368409,1.000953469,1.021839375,-0.4158682752,0.9779950878,3.066005337,1.197964042,0.1608051927,0.09620444119,0.1048899075,0.0,1.96231655,0.0,0.0,0.0,0.7577671333,0.0,3.223587176,0.0,0.0,0.0,5.60688723,0.0,0.9607104014,1.532206719,0.3280182232,0.6666666667,0.1849101569,0.01620071685,0.5957446809,33.84052441,14.18117935,10.19736362,24.26546827,61.10326455,29.3384529,12.02124807,0.0,22.51475897,5.316788604,34.47495837,6.9237372,5.693927995,5.687386275,0.0,3.39397765,1.96231655,0.0,14.24582729,23.31571702,72.93,1.666666667,1.891666667,0.654829932,0.3169721592,0.189382716,0.1365146414,0.06481481481,0.4255575349,0.9465810684,24.61839711,-1.89324875,0.8525387862,1.255657603,-1.074762671,0.570637933,2267.077433,3.36,0.00453,428.0461791600451,37.67853571980603,56.17181344538832,-25.893195719107162,0.22084681032475845,0.31894458521574787,-3.1666296016453526,2391.958166630585,-681.4758856268917,-3767.309119310365,0.9937465229502139,-172.7352773740732,-13.72848688131358,13.337442780823665,-745.6716820236263,868.2398225050468,-0.6136888941055121,3.2977255700986623,3.0510492422965583,5.22957877145724,6.520438043419026,1.7013002635647205,-7.854642323695009,-25.456645671339707,0.03234096888601856,9.691915162255441,-31.33926552246489,5.048551237706771,-0.7160436323384509,-4.572432338818418,21.19619138939884,14.216369745485888,17.15591778244382,-4.812440465240584,-20.157558718687298,5.22404940035336,-0.13775473172857433,-0.02520051453030292,11.462559591432948,3.0878433754904755,23.82944920813023,39.54592197135224,1.0763673905322109,2.427307634555167,-3.808691078507631,52.74715367253408,-82.27436477152051,-28.032766338293328,-12.85335554483807,-5.565777371001742,19.514925063500336,924.1014671882797,-31.6659050269679,3288.194570645825,-484.9437956604099,57.23151243735506,76.58518590443352,-493.2750994455008,45.58236914647232,74.62717352253962,717.8861720441382,20.777689325132698,-13.490167822492355,-16.305753347022815,40.640957768716255
2.527684553,3.951139256,2.571428571,2.645663957,2.287760417,1.582108434,144.7140155,154.7185566,153.5657036,157.094209,10.8531775,0.0146557676,-0.2117518127,0.02075064838,-0.1842691178,0.02450654465,1.176481269,1.038810084,0.7141105896,0.500481336,1.08584186,1.040133297,1.132924433,1.213155675,1.280103896,1.075894837,0.7851711603,1.088774751,0.7760290442,0.8278441546,0.8982076281,1.199491124,1.015614611,0.987313464,-0.5293598993,0.9879813945,3.513557274,1.399905568,0.3163476781,0.07587720504,0.08579236005,0.0,1.675285231,0.0,4.246591317,0.0,0.0,0.0,0.0,0.0,0.0,5.24688712,0.0,0.0,1.130388794,1.79904153,0.3227848101,0.6477272727,0.1978735067,0.0,0.5405405405,24.72911526,0.0,5.098681808,24.27512131,35.90493987,11.76029506,11.44343983,4.736862954,28.26427081,4.736862954,21.87426081,0.0,5.693927995,0.0,0.0,7.264326415,0.810834908,1.675285231,13.26955239,20.42153318,39.94,1.381944444,1.268333333,0.2719274376,0.1441326531,0.05469135802,0.02061014182,0.06349206349,0.3141452669,0.9500679145,20.31861007,-1.587926779,0.877796797,1.089260755,-0.740441615,0.148210926,1510.737134,3.2,0.0388,404.2250775242726,26.591223411232676,40.74388912843705,-30.301690140154967,0.12056794392686337,0.39100815130093675,-2.34243782764079,1717.2816578861148,-448.0637924369512,-2831.590491570677,0.8410778450664436,-102.34771038146808,-9.71796014904544,6.589839363653084,-410.40349379614804,632.5093135264035,-0.21817645891577397,2.7544818413035213,2.3954439911422494,4.844207015973169,5.398012776172468,4.330303225232773,-5.5172520995878545,-16.29447213678424,-0.6184298768487628,5.321990679634823,-20.68658221105057,3.205905527739635,-0.5441099488383003,-3.484479273293436,14.687954634152867,10.223389305424828,11.934768534266285,-3.860424992733282,-13.877761048032554,4.383894669032248,-1.5245381494636738,-1.7828656289213365,10.530411106475778,3.1945853451913213,16.173070485857295,28.864381763439876,0.7362641439830905,0.9284122396232781,-2.7612229861264073,32.69102133725886,-43.500123795250566,-23.328614492384695,-6.758664793308207,-2.011541300673225,12.407052893112262,658.9564018397928,161.00395741451186,2003.1483115490043,-228.41075080607422,5.79337060875584,39.307192188208546,-349.92786873631013,35.705843537074394,50.051308226104446,558.6729401265387,15.331168293226185,-35.752828677001844,-10.923652945329358,24.9127544638967
2.450829886,4.557563262,3.163636364,2.878986626,2.759344109,1.402129323,148.6684509,162.2122103,164.832373,159.8351457,6.826272695,0.01300006041,-0.2749013998,-0.05838386525,-0.008824186874,-0.09328952318,1.329498302,0.9888948197,1.279091278,0.5129172249,0.8562680205,1.127243629,1.090938477,0.9668872326,1.004215673,1.080201477,0.5450569083,0.5965329162,0.6995564288,0.954629469,0.9727023369,0.9687290533,0.884376339,0.967006602,-0.4302141194,0.9929434613,8.001919149,1.216307925,0.1640906909,0.077329588,0.06495360686,0.0,0.0,0.0,0.0,0.6271483954,1.650770798,0.0,6.785258101,0.0,0.0,0.0,0.0,6.042657061,0.8451637517,1.348087593,0.3288590604,0.6693548387,0.2300787639,0.03245356794,0.5471698113,29.99488542,4.390415048,5.098681808,11.60093989,68.24726451,35.21191463,16.85062228,4.390415048,11.25737949,10.63357721,32.8379546,11.73512689,12.84164325,15.7651876,0.0,16.27157836,3.020975377,0.0,15.70955687,26.67161381,67.66,2.131944444,1.565,0.6727891156,0.2439058957,0.2025,0.1474380165,0.05442176871,0.3713143709,0.8687147249,29.47250363,-3.145420253,0.8118178495,1.228229738,-0.8006874655,0.5428562026,2405.953157,4.18,0.00388,441.96485935911653,39.41883038787319,59.16070188216778,-25.72315251513799,0.22653887877263673,0.375261680187096,-3.4788227781597003,2537.467397012439,-715.3654147466887,-3870.9622278263623,1.0326464079928876,-185.15792974681804,-15.289731716141757,13.97396327009171,-810.5438188254315,928.3554145227187,-0.6736197144473731,3.492157161185458,3.2419207985712846,5.325601744341749,6.8709666927907325,1.4771946903503979,-8.385063237424008,-27.09535099792126,0.628620792873501,10.284727067798357,-32.951573182025,5.501975818475005,-0.9709686423240798,-4.577083138377414,22.510938819654058,14.46137800595806,17.793804476104196,-4.668128576723449,-20.90634750228583,5.175081380185809,0.06921705752875118,0.13265369421692252,11.58012965676349,2.8522541677673177,24.834743900851468,41.87617626490795,1.1333252764903707,2.683783189375468,-4.172250682231289,57.828461171875205,-89.05658481277428,-28.65913209995994,-13.39506403546643,-6.247339664093266,21.36326619013993,973.9871815489546,-72.17276405422209,3372.6650338940954,-522.878308796564,60.332111356841615,83.92696641882318,-518.4039952885521,47.82696258094658,79.35946280812848,749.9651786393115,21.57987073376401,-19.75181705517084,-17.31269300106538,42.95462120711182
2.497512609,4.437620321,2.762711864,2.787598204,2.239957265,1.537814722,146.1153623,155.6193201,166.5220706,154.8812123,14.49705749,0.01097656346,-0.5004129183,0.05538556734,0.1316900579,-0.307108869,1.525196161,1.08964441,0.9988864666,0.4190755467,1.057922702,1.080948831,1.19937446,0.9588035478,0.7939709379,1.456853876,0.9809938994,0.6691494638,0.7431731189,0.7806310964,1.140699459,1.209015552,0.642241497,1.068576417,-0.3955876574,0.9893395914,3.046653978,1.183765089,0.1938480386,0.09579455114,0.2331185203,0.05590169944,8.439110204,0.0,0.0,0.0,1.728260385,-0.08980268959,0.0,0.0,0.0,0.0,0.0,0.0,1.002829743,1.704717007,0.32,0.6538461538,0.2119902115,0.01766381766,0.4468085106,31.98519802,4.983978521,0.0,32.90394574,31.18920547,29.0660571,5.824404498,0.0,22.64523548,0.0,24.9198926,6.9237372,32.28954409,0.0,0.0,0.0,8.439110204,0.0,6.605905283,17.50419298,67.35,1.465277778,2.052777778,0.74861678,0.3527336861,0.156875,0.06999285787,0.07751937984,0.3036030983,0.9008795567,26.02241899,-2.011281618,0.6830322579,1.535383668,-0.8496291209,0.06983122726,2052.598179,5.2,0.00647,420.6817803176614,33.940687046274185,50.26560986348129,-16.186317390457553,0.20315162210805743,0.31993856626596634,-2.6504998435534377,2286.941753706067,-636.3202991320819,-3638.2989981854353,0.954980438301172,-154.98246733731116,-11.722194347753243,11.84055736029778,-599.1022601921326,797.8330036383569,-0.5082935589247086,3.0989614393351816,2.8992725624888354,5.638573353074562,6.472674333854108,2.8816046785176477,-6.970543419671209,-22.902118818233934,-0.012067345184139988,8.67538017450063,-28.148975233715756,4.637280604049193,-0.9025249496204404,-3.8789042881530618,19.35250780262767,13.01454270935087,15.439679282971118,-4.652570976915301,-18.41933333511171,4.852445829519255,-0.3959374888877383,-0.5487286018889981,11.551189332989818,3.323885620648779,21.8789055831825,36.879081810748815,0.9770571819039336,1.8780890637639576,-3.263556203887396,47.279361307680404,-72.30815061877853,-27.37953962534009,-11.30834564456682,-4.526399041867866,17.966112291119682,863.1162204284543,32.89031472069668,2831.556867830378,-421.7247418211666,44.641303753068286,66.99002640522085,-446.00008363286327,42.81883685980816,67.98744645244174,693.0258339026894,19.386536795756708,-24.075651151825085,-14.89889919137089,36.78705665979767
2.447549256,4.422793308,3.097560976,3.884313725,3.807189542,1.479592746,151.6958674,164.6616636,164.6938987,161.3620473,5.537414966,0.02225064749,-0.4354855026,0.09316356098,0.01844566421,-0.002019496567,1.435372209,0.7673201844,0.8241117144,0.4403169014,1.130868545,0.9935791218,0.8827568351,0.9807553957,1.109802158,1.002010157,0.5933138284,0.562716927,1.076064071,0.9231713684,0.98311287,0.9771372177,0.9616749573,0.8922417666,-0.422871105,0.9728356617,8.002961619,1.420165358,0.1498875907,0.09718800562,0.06495360686,0.0,0.0,0.0,0.0,0.0,1.121067445,0.0,3.16958853,0.0,0.0,0.0,0.0,0.0,0.6297079449,1.052625436,0.3826701376,0.6696428571,0.1772239607,0.05735681369,0.5238095238,29.54628285,8.780830095,5.098681808,0.0,36.39820241,23.64452491,29.21259952,13.57536728,11.25737949,11.05045608,25.65562151,11.63444168,0.0,20.15560264,17.54162141,28.93828445,-0.06145509195,0.0,9.0878341,22.45569324,98.72,2.194444444,1.573888889,0.6041269841,0.2431342908,0.210316358,0.1763126212,0.06060606061,0.4395094374,0.687528448,26.18100388,-2.279288312,0.8397485586,2.093177045,-0.8186525216,0.3487734146,1192.135491,2.49,0.0824,414.8093447726088,21.1306721211015,37.55111771798956,-60.492357893838566,-0.07395046618113355,0.3641823737966361,-3.091171754295458,1388.9072851020921,-291.8394377146578,-2188.5499381064974,0.7646507753481341,-62.810597066442654,-6.558508635668266,4.033334664221911,-293.75492126995226,496.21080950037043,0.08648050259609169,2.357115404464584,2.997455816616869,5.146249803094334,4.827214515268484,3.844668919354285,-3.6933855718817927,-11.385453788145872,-1.6790063628732719,3.25349041709549,-16.483803519821443,1.6367178207368975,0.17082830859096076,-4.9093230294754076,10.838825000817543,8.408358871805557,10.00258413937576,-4.219246297223684,-13.429428727693994,4.434227871026106,-2.6962581293940913,-3.5109332842693197,9.403944802163187,2.6036707111046344,14.415123715894593,25.95870647655885,0.6058206215098009,1.284796508101741,-3.296564918130298,16.030117443285363,-31.995680107168706,-23.729827407786534,-3.8859334907532532,0.8601500929662373,7.11899055141362,593.688194686962,279.3626123501916,1785.0346653167708,-22.237668675136547,11.407044651549704,13.456748014504619,-193.96511550894598,30.668475170013743,34.25907614151634,453.33173773046036,13.04002430553168,-13.065869391279184,-8.56696323112942,18.821048061723765
2.450618565,4.190498528,3.2,2.986064347,2.539760349,1.642605648,145.6443485,158.09036,158.2644884,154.3311969,7.252314815,0.01585094849,-0.5674684133,-0.1339368546,-0.1804791235,-0.05985811902,1.591127058,1.07815449,0.7829927359,0.5001464504,1.063868396,1.215827285,1.255084159,0.9653465347,1.129549575,1.255625563,0.9081429748,0.8324883492,1.072449271,0.8762256574,0.9142544134,1.227956504,1.101457604,0.9716109063,-0.3737444639,0.9938462057,3.048003442,0.6101412682,0.2079717352,0.1225138149,0.0621574583,0.0,1.969422057,0.0,0.0,0.0,0.0,0.0,3.349606718,0.0,0.0,0.0,0.0,0.0,0.9772236616,1.746835895,0.3088235294,0.6739130435,0.2047969837,0.02077294686,0.6111111111,27.08446216,15.29317186,0.0,18.19910121,25.12283841,34.71851567,0.0,0.0,0.0,10.63357721,15.80357683,13.08951281,16.26500318,11.37477255,0.0,0.0,1.969422057,0.0,8.447215278,16.08430033,64.27,1.159722222,1.227777778,0.4212698413,0.1360701688,0.07625771605,0.02479338843,0.05555555556,0.3769491871,0.8866100904,26.06868342,-1.952125455,0.9084227058,1.836569155,-0.7785318988,0.4264946864,2031.481801,4.01,0.0318,421.6507898668982,34.287234834385885,50.94811435349459,-22.485956628470284,0.202578764566887,0.3627354530400103,-2.877394286743561,2211.0346219760327,-610.4252857907928,-3400.7277212524305,0.9296218031955571,-149.3128004162551,-12.717085229217064,11.399109492358798,-644.848230855977,806.6010824172135,-0.5097855396589929,3.1348830222764197,2.982519961026828,5.295440935917198,6.209954912622976,2.2034009495974813,-7.229203720952659,-22.367222961312102,0.39177906894729675,8.369381473402727,-27.475372485012024,4.791393073049132,-0.8760637785179131,-3.9132311298815488,19.301654454875084,12.804462875724266,15.506851272651566,-4.326637926324469,-17.841310706846873,4.599513271934893,-0.27419925688862956,-0.5103473207578348,11.066075899643202,2.968774626392196,21.244295192495144,36.48490303940577,0.9628108349001984,2.020117957908839,-3.3287619673847715,48.913494749937584,-73.43113418768414,-26.45705862847641,-10.719936348125122,-4.56442096043462,18.154265589164755,840.3420295524184,9.487431839881037,2741.8668333558594,-400.84771726834487,55.79878714542733,65.86437841915789,-432.814288835143,42.44043476508872,67.93308909422755,671.0736316942882,19.124770706328963,-20.280413711002257,-13.445865890620912,35.762291720056425
2.478998053,4.531737251,3.403846154,2.809016087,2.79533356,1.682029091,148.0103313,154.5546233,156.7303088,157.3441764,10.85274894,0.01850997732,-0.6302646196,-0.03632539316,-0.05169907773,0.005767519995,1.681414535,1.076433913,1.002224369,0.5078511369,1.080971481,0.9885072594,1.051359349,1.060376704,0.9451445515,1.088348271,0.7437343872,0.5458088391,0.656480306,0.8393745447,1.006611013,1.188697824,1.301735037,0.9321528286,-0.383636506,0.972936617,7.00827662,0.6049843589,0.1374346587,0.09330061666,0.1342464278,0.0,1.964201672,0.0,7.4293965,0.0,0.0,0.0,3.385412887,1.745930064,0.0,0.0,0.0,0.0,1.01945892,1.724265015,0.349137931,0.6640625,0.2179363445,0.04455357143,0.5490196078,30.09484751,14.98529578,5.425791397,35.61190719,42.82867707,29.57519531,12.03246336,4.794537184,11.38785599,16.47624748,27.22258466,13.08951281,26.49251536,5.13155848,5.907179729,0.0,2.52847988,0.0,11.96691268,25.72835324,110.6,1.729166667,1.877777778,0.6131972789,0.3084057697,0.211882716,0.2426303438,0.0697167756,0.4366480821,0.8085480801,30.12978517,-2.442619558,0.3288324493,1.321220577,-0.7717788264,0.4192112857,2405.546696,3.04,0.0221,431.35285593645676,40.01988672073061,58.71343276482648,-24.38241647857054,0.21747183400333414,0.21946974408811304,-3.4559972146222586,2538.1508457698787,-730.3615786626697,-3950.556023371582,1.0107531428201086,-183.26374031308157,-13.545311210588789,14.729319159786705,-804.6150255940574,885.0691685801892,-0.6661895767645174,3.306899682227836,3.3687443530343772,5.629933739757219,6.709011312348775,0.30070111790800325,-8.139087858102638,-26.84954636694792,-0.45188268642338825,10.719940474168217,-33.452844331516886,5.544577849345728,-0.6230027783667431,-4.55012036783598,22.292432662947963,15.284805724203103,18.376608352833298,-5.307610484424989,-22.207514323066132,5.243193340183661,0.3026617304848178,0.4992150837206667,11.499808953477576,2.97306928177023,26.020728475387912,42.42586205413797,1.1353425945939324,2.9936174111247666,-3.7066688800815903,54.57078845013767,-93.52138797498561,-29.549192686113923,-14.41695979669618,-6.055296857133005,20.50116798058036,997.4467463131535,-69.32594777558447,3707.0861875677692,-521.1747558508347,88.81168113317602,82.02199394902821,-474.51709772600896,47.130043409712314,78.20439318184187,750.9612770841534,22.011316340407138,4.127451489106592,-16.791304781274363,44.09042040463336
2.489372579,4.663815541,3.547169811,3.668137084,3.248371056,1.674972571,150.9427908,157.2124529,157.9020027,164.1289162,4.019992311,0.02245942756,-0.6536291568,-0.06235534849,-0.1523244448,0.0668815408,1.887420931,0.9247043698,0.7954251957,0.4031347679,0.8959332676,1.055717632,1.123589503,1.010103751,1.037154536,0.9774692278,0.6061565275,0.2389714991,0.5694032273,0.8436156063,0.9864553424,1.147834853,1.037587701,0.8264999508,-0.4382318797,0.9778299933,8.00739318,1.197958066,0.1499911517,0.2116435251,0.1048899075,0.0,1.889656709,0.0,0.0,0.0,0.6669152278,-4.758526534,2.976840435,0.0,0.0,3.901256179,5.516129509,0.0,0.8393597026,1.197252734,0.3246791132,0.6785714286,0.1881080167,0.01680650038,0.5490196078,35.24491142,14.18117935,10.19736362,6.066367068,73.23599868,29.3384529,17.7707599,17.9081081,28.26427081,10.05365156,40.83731723,6.9237372,5.693927995,18.85863142,6.362358859,44.24145001,1.889656709,0.0,11.99634369,24.65421357,82.16,2.229166667,2.442777778,0.936462585,0.4348702444,0.3165740741,0.2487460463,0.06627680312,0.5290454121,0.9325525532,35.31762793,-2.184634642,1.653231091,1.534696123,-1.605944026,0.6486684757,2678.901008,3.97,0.000497,449.89790398970376,43.345718741037985,66.39015506677892,-34.98105439802547,0.2378526107717557,0.34048198236114957,-4.164484048109556,2708.332761511771,-775.4181987880971,-4118.029348641848,1.127593519366626,-213.0195033688868,-17.481099094590718,15.789844245516997,-987.2926287512913,994.5403505676126,-0.7842859435680559,3.7177142341609435,3.503193715180072,4.976008757733956,7.064963880715742,0.10556455197352843,-9.151345736378488,-30.5661562007638,0.2588752639085935,11.801249651873059,-37.32132148508696,5.867925765016377,-0.6289864721040235,-5.3743692892371895,24.71602040798593,15.727734601633031,19.574739448769936,-4.742377881698401,-23.824827454242115,5.660283916670942,0.2742854461821099,0.8494651566517597,11.40437999436051,2.5464722995556417,27.705665272562218,45.88548078536643,1.2603195435658086,3.469861760006778,-5.0147443001079095,61.53715639416933,-101.83514134684962,-30.214376971159616,-15.877325400505727,-7.567026035566128,22.848509252329226,1087.7707728914766,-166.2781528161152,4150.499989301499,-625.3092741858869,68.60853847249119,97.288206836628,-567.9481512409888,50.966520600701095,86.35143940846275,789.5950436784536,23.210576686155033,-7.785800443344668,-20.640009631361135,48.29276034054439
2.477181776,4.590853691,3.268292683,3.165972222,3.167562724,1.594328635,144.9101629,155.8896455,156.9936431,158.3734211,9.419753086,0.01278863019,-0.3691494043,-0.1064648377,-0.05429088354,0.2031939835,1.349563057,1.304144584,0.9409701102,0.467766953,1.107526319,1.106768635,1.080564591,1.023422135,1.168915413,1.120611702,0.526293281,0.5242962607,1.190114117,0.9023353477,0.9855938316,1.030469576,1.027994062,0.9862002432,-0.4251734506,0.9113304311,7.008273932,1.420015222,0.1418617894,0.1073913263,0.0761440227,0.0,1.935183324,0.0,0.0,0.0,1.929508048,0.0,2.831912268,0.0,0.0,0.0,0.0,0.0,0.9649867065,1.636535142,0.3326488706,0.6397058824,0.179459215,0.01408963585,0.5555555556,31.41548497,0.0,10.36057336,24.26546827,61.01812524,34.72467712,12.2386844,4.794537184,28.58398029,5.316788604,25.65562151,18.25485007,11.25737949,5.687386275,0.0,1.616664856,1.953768374,0.0,19.92357471,32.74940545,96.49,2.284722222,1.945,0.7821315193,0.4323664651,0.288757716,0.2142658912,0.05450733753,0.4134430785,0.9024531628,33.12812966,-2.518367903,1.227185169,2.24563283,-0.8249018884,0.1895863155,2605.424084,4.48,0.00261,430.57663340030547,42.44998252459085,63.26921987608013,-25.115883479973682,0.24503833000521455,0.25792732494177323,-3.398681867338891,2683.3187486654388,-786.9857831950054,-4206.04820110805,1.0792860440979934,-206.83283031488665,-15.547351572776646,16.026351740626623,-934.1514180652767,933.2564692369037,-0.764164065177624,3.492113130056104,3.4152410254891863,5.2684557553494455,6.95504104834842,0.17794676445860746,-8.568001749614819,-29.628264402783454,-0.23816130899257248,11.916271268499361,-36.59920502252866,5.969974278308969,-0.5428097471722564,-5.057737302723155,24.083095941399463,16.02685418575365,19.46751284696456,-5.532037042323365,-23.824376423757187,5.392429478925385,0.48820516715015766,1.1072659980674302,11.778429910863895,2.9320007828312047,27.61339978484386,44.3251507985837,1.2274433220711598,3.2921423389604,-4.2562276518323845,60.217552651830175,-96.40785151220747,-30.272556661418413,-16.135410574818756,-6.874631621129059,21.980588744850017,1061.7055178320168,-122.93431656532695,4097.646071335832,-623.4612252746053,76.12426341939322,92.32335512972865,-566.0270858131042,50.476524704910474,84.99958229643232,782.2049755633326,22.97072048825705,-5.315055332425517,-19.44941350838375,47.439335078373205
2.489906793,4.649301453,3.485148515,3.045974794,2.698004115,1.74671223,148.0907525,156.313344,155.935428,158.4078371,9.349932096,0.0128045106,-0.4572122123,0.03804372011,-0.02960373967,-0.05264030584,1.527393829,0.989617618,1.288477371,0.4978792783,1.085667127,1.004651851,1.123216775,1.054602488,1.057574331,1.079192979,0.8367350204,0.8207385016,0.8376785217,0.8269778698,0.9293751307,1.095216661,1.058010639,1.018935918,-0.4158683153,0.9779546959,3.066006625,1.197958333,0.1586211913,0.0952834448,0.1521354666,0.0,1.950410878,0.0,0.0,0.0,0.7408984465,0.0,3.159929768,0.0,0.0,0.0,5.607874885,6.269200269,0.9357404083,1.522029752,0.3453304375,0.6693548387,0.1867741161,0.01628264209,0.5957446809,33.21853575,14.18117935,10.19736362,29.8000411,61.10326455,23.65106663,12.02124807,0.0,22.51475897,5.316788604,34.47495837,6.9237372,5.693927995,5.687386275,0.0,3.336763335,1.950410878,0.0,11.87733662,24.10551714,72.93,1.854166667,2.082777778,0.654829932,0.4157375913,0.229382716,0.1944679114,0.07555555556,0.4672145584,0.9479180566,24.17296101,-2.194956531,0.6083393922,1.263741638,-0.7275748455,0.4310077448,2105.430495,4.0,0.00126,423.30190545770904,35.373778399590144,52.893505129498635,-27.001720835075552,0.20040209282609406,0.31739145604347885,-3.034867207564199,2252.7182490086134,-632.5771543059387,-3576.3575855476593,0.9579925998036614,-157.32746704366696,-12.68310979922952,12.120256615547232,-662.0624998938833,819.4851353078235,-0.5337546633065089,3.162404741405118,2.942885574480408,5.248885619039336,6.257064766706708,2.1307474442575915,-7.328539798916404,-23.48636196445646,-0.2046751944672831,8.829757919049033,-29.098882010188863,4.628453414283195,-0.6399860281245573,-4.40488818204835,19.727510934256724,13.486640149968512,16.1239450011972,-4.674723033705101,-19.03162425733144,5.058769856583008,-0.45360970902834263,-0.42321099420522157,11.303067507615154,3.1537578568761426,22.396331339149864,37.434260513015204,1.0071683672597995,2.1589946626396435,-3.5959091188199146,48.25359588236414,-75.518067346571,-27.305894447797307,-11.642676435505724,-4.803442989904606,17.964104039935265,870.3027907680827,9.130217796713527,3030.5942501050017,-425.16396703130795,52.7484955645109,68.43542589686163,-453.41107318012155,43.16868735738771,69.38900073133883,683.868172397321,19.71143488890299,-14.094917292702918,-15.043196670131124,37.64107815331322
2.427611449,4.188333736,2.917808219,2.726337449,2.93715847,1.581604828,143.9190223,154.0845471,156.1793365,155.8224009,7.159763314,0.01916955502,-0.4448537678,-0.1995735608,0.02385848535,-0.07506031486,1.346208543,0.8115451639,1.108161458,0.6142379454,1.037207473,1.16427588,0.9374872512,1.245981532,1.256540698,0.930510167,0.9751172708,0.6888466757,0.8783606557,0.9810364011,0.9549870422,0.9668589742,1.018108806,0.8595394201,-0.3817039373,0.9938724285,6.002807773,1.381899691,0.2774640505,0.1603666013,0.07183363128,0.0,0.0,0.0,0.0,0.0,1.454085483,0.0,3.357896589,0.0,10.17030951,0.0,0.0,0.0,1.058873719,1.663829733,0.3034682081,0.6354166667,0.1709410777,0.03707264957,0.5897435897,34.60446232,0.0,0.0,36.39820241,30.33183534,23.64452491,5.749511833,5.106527395,17.00689132,5.316788604,15.07448444,0.0,0.0,11.37477255,0.0,0.0,0.0,0.0,16.4813494,23.35162424,58.04,1.6875,0.92,0.2832653061,0.1809019904,0.085625,0.04530149985,0.06006006006,0.3873180096,0.8569505963,21.70862663,-2.069038732,1.037471582,1.434996066,-0.7471076458,0.1962147475,803.7253948,3.7,0.00243,382.60834032946156,15.717178917571562,28.491853750960072,-45.593032899224646,-0.031269483573402534,0.43917233155695307,-1.9348343074289442,1035.0981935002585,-204.38347118128155,-1945.51359663534,0.6991577710320469,-32.861244117766994,-4.306020864232659,1.1045248760972282,-189.15525455862547,399.5169321732518,0.198588225968686,2.030977240844221,2.539662302027297,4.479234394748968,4.135323230365529,5.617775442698848,-2.419854449074336,-7.291500194007794,-1.8816427623579435,1.4224833690367795,-11.057863175806833,1.2266415933908066,0.03620270321211505,-3.5333068084650057,7.579105058792141,6.56356364259608,7.6001198516703905,-3.846830752728081,-9.695286203283825,3.9942133918484544,-2.7018593603795047,-3.8726582614753973,9.425476704512503,3.4405992245141257,10.308242889524575,19.32844863865873,0.4311234268333213,-0.224992697480219,-2.2094936025948906,12.373837999897702,-12.26828287663315,-19.2547225847756,-1.2605645476967031,1.6651426922091261,4.513240140159229,405.7801979320046,388.77746841153976,885.3353008187967,61.17198730671298,-10.923324888556046,1.40850634849756,-173.72899844761847,24.684438723444906,26.160909990262834,370.3069912936189,10.264631029654524,-32.11437719188417,-5.619846714633943,11.40779181139867
2.479015615,4.520309251,3.461538462,2.882839506,2.80226722,1.653870001,147.0871539,155.3161335,157.6064265,158.3069203,9.1536,0.01524651028,-0.4581291007,0.02884153779,-0.1556879175,-0.01165692595,1.512611824,1.270352014,1.173037282,0.5630011431,1.024738686,1.052115352,1.16340185,1.005312043,1.067793697,1.054408677,0.5985608202,0.6109231788,0.6972699424,0.8523468135,1.017468009,1.164211678,1.219850234,0.9457989088,-0.3983578406,0.9113366495,6.027276297,0.6049844314,0.1499062506,0.07931505811,0.1189424619,0.0,1.978921121,0.0,7.884040334,-0.01183121803,0.0,0.0,6.539359984,1.961304441,0.0,0.0,0.0,0.0,1.036829229,1.803335734,0.3237885463,0.6612903226,0.2145569101,0.0302378625,0.56,28.95208964,9.976383254,5.261891555,35.61190719,42.82867707,24.01174382,12.03246336,0.0,17.4570773,10.74258,27.48118054,18.25485007,21.69797817,5.13155848,0.0,0.0,2.563882331,0.0,13.77113205,25.27831061,89.23,1.729166667,1.837777778,0.614829932,0.2711404006,0.269382716,0.1695724926,0.0589569161,0.4112052996,0.9263071946,26.0884089,-2.791245547,-0.2129104467,1.096332069,-0.4318516379,0.3335204723,2164.998956,3.87,0.0065,422.06505424383556,36.17870590476878,53.870528171850935,-24.70050834055713,0.20315444531326,0.2800018297859622,-3.014606135869733,2322.010639270737,-658.5811018523754,-3685.03178711624,0.9647090618177058,-162.97253760410064,-12.666239841637186,12.783717666131883,-693.4528101691654,822.324069943301,-0.5597914888876437,3.1475137838128355,3.125093864009934,5.423093009131115,6.343488283451955,1.4895053572287045,-7.346020012575883,-24.171563040651623,-0.4196849282670878,9.456056456912927,-29.937881746187767,4.858257663533902,-0.5766653094856447,-4.5064999847616125,20.11391210648765,13.99432512849446,16.68905288350732,-5.078052103396152,-19.961099862352153,4.939767329297873,-0.2476506306854347,-0.09755290838164576,11.422308801278199,3.156311078205621,23.365575637447307,38.49618783771919,1.0350124632728717,2.3895492362037896,-3.490455536684177,50.054393395548516,-79.4920228008228,-28.08216872575927,-12.366635261166323,-4.97107643720829,18.550029666283873,902.6385570877934,-5.719604283803118,3216.6607748237993,-450.9039137885725,67.43490681515867,70.99779717385321,-456.33322984615285,44.039151442726606,71.59781371349828,695.3835419455852,20.15534587510207,-9.187931596107937,-15.160936475028633,39.17801503794009
2.48420259,4.366523009,2.987341772,3.865497076,3.575036075,1.549324375,148.3867578,157.8299594,158.049454,159.9553103,9.869806094,0.03115705194,-0.5437894286,0.02542635541,0.0983560962,-0.1813356503,1.562736294,0.9466987591,1.048937394,0.4450403915,1.104697452,0.8969234096,1.056090764,1.081168831,1.049742452,1.201298701,0.7710620376,0.570451943,1.191468567,0.7861405245,0.9663289302,1.273279703,1.013488276,1.028884916,-0.4868152398,0.9729436343,7.00827491,1.454781307,0.180786494,0.1069876433,0.07796367974,0.0,1.89518923,0.0,0.0,0.0,0.0,0.0,0.0,0.0,0.0,10.74611593,0.0,0.0,0.8549645167,1.596443689,0.3963963964,0.6979166667,0.1904836376,0.04326923077,0.5263157895,28.0838837,9.967957042,0.0,6.066367068,31.18920547,17.95713863,11.38785599,14.26826309,28.70474243,15.20739338,27.23517873,6.9237372,16.18239317,0.0,5.907179729,12.51380111,2.091165262,0.0,6.8747513,18.05252325,92.26,1.479166667,1.580555556,0.5845351474,0.2524644117,0.120632716,0.02469135802,0.07407407407,0.396989851,0.7109178541,25.45196233,-1.930380805,1.131927804,1.385145633,-0.6276550115,0.2567953493,1961.065231,1.99,0.182,425.10857349451123,32.719230936846955,50.85519414284724,-36.74430528376251,0.11723184995571156,0.26003951215261895,-3.2268432500838404,2124.937541805371,-565.0249088292686,-3331.190892613993,0.9434260155549299,-142.25536226305965,-11.324607721145929,10.615353646927359,-560.5523992608713,726.7164672574181,-0.39312354991575366,3.007436770137279,2.986233275071492,5.442115300721221,6.11947826226902,2.2847694410288852,-6.785950953453781,-21.399045860809114,-0.952634332962343,7.755066621468361,-27.43855411103042,3.9964026247043853,-0.31783881171247574,-4.472848164578821,18.378331475149498,12.440378486869356,14.839687562225437,-4.596185675786902,-18.468515703768237,4.826438963442516,-1.0504238018444074,-1.115988452851167,10.955977060259093,2.7656113295534106,21.219273866564382,35.914008668647966,0.9347014801415156,2.3076775736888453,-3.7102126481743003,36.81273802455409,-67.51081286960861,-27.890168233091206,-10.366213178404179,-3.3507269975802974,15.53607944252298,872.1276425938778,59.35496789859809,3104.2386922152373,-356.7818146509051,35.94660599336693,57.76842051635015,-384.1675934485295,41.56038414077435,60.12079417565104,659.6069864880992,18.60190256784176,-9.10830156739783,-14.463552502973561,34.341032936309546
2.434221777,4.302585104,2.941176471,3.20248538,3.126177024,1.605624101,145.8395111,155.9424091,155.8651756,159.236814,5.756026297,0.01186379532,-0.254495542,-0.0432516831,0.08250262369,0.002589759106,1.15227982,0.9959521469,0.8060641106,0.4943965517,1.086118479,0.9879752431,0.9333938294,1.243237532,1.134395604,1.011133603,0.5457404046,0.649900382,0.9738554047,0.9394095453,0.960059429,1.084547215,1.041253662,1.07666844,-0.3788322463,0.9938435771,8.001918079,1.427567903,0.1850120332,0.1231618762,0.0761440227,0.0,0.0,0.0,0.0,0.0,0.0,0.0,0.0,0.0,0.0,0.0,0.0,0.0,0.9710445011,1.431404059,0.3074027604,0.6354166667,0.1723326249,0.02052380952,0.6216216216,26.28829917,4.390415048,5.098681808,6.066367068,54.09438804,29.7174337,11.51114884,4.390415048,33.77213846,0.0,20.16532066,5.817220841,0.0,4.390415048,0.0,13.10584627,0.0,0.0,14.27102878,23.22645939,54.46,0.9930555556,0.8955555556,0.3386394558,0.1645408163,0.06655864198,0.06938271605,0.07207207207,0.3986933839,0.8630577381,21.48029924,-1.590183518,0.9028826661,1.348122637,-0.8292339329,0.1400684308,1050.000952,4.88,0.0157,392.41822833704725,19.119565985684833,33.43712797719755,-49.94386451064472,-0.02110925480890735,0.3962056074069187,-2.2178130408819463,1248.7072847018123,-276.03943904304526,-2156.9012309431237,0.750979057700921,-56.412686975954706,-6.256413045231749,2.708439226889966,-248.30829425106631,447.0203789976517,0.09846149705902926,2.276602632664039,2.520041413051394,4.565815127773703,4.549601826184588,5.18227094110326,-3.263936374312939,-10.24159961096821,-1.5856180686560426,2.6422295817796497,-14.649289597140848,1.496680413467499,0.16011190727296187,-4.396005220817892,9.916007931859271,7.717075340524047,8.912497664388912,-4.044484042658976,-11.373156691946228,4.148704086622511,-2.747871451116805,-3.235088097186188,9.568123359418461,2.962525788565613,12.414816867177235,22.552560466760568,0.5405447713304249,0.5927453364674978,-2.6802683383045025,15.618650615090532,-18.301467046958372,-21.238493714468643,-3.062150047331688,1.0757727553121745,6.335320800913585,512.3272315753973,312.59300818696636,1480.9629195296125,-29.309639014693644,-19.11169433068514,10.625656024154539,-244.56427882152565,29.24760835833376,32.403831807649276,426.20948988964744,11.784737274021502,-34.481821274075,-8.04981937769857,15.548424876524914
2.434970856,4.409315887,3.037383178,2.643405601,2.501001001,1.421654982,146.8786299,158.6528003,156.2904256,161.2481328,9.12773161,0.01620044691,-0.2306819413,-0.03210203901,0.06174106542,0.008211280229,1.211696035,1.030231666,0.7985112327,0.5912875909,1.103346646,0.9350690234,1.052657083,1.247401128,0.9798994975,1.075867141,0.7727894609,1.184949384,0.9125578873,0.9154022444,0.9326848435,1.095604133,1.153592627,1.156320629,-0.5233661825,1.734391199,3.511592327,1.370797007,0.1982969523,0.0762695301,0.0761440227,0.0,0.0,0.0,0.0,0.0,0.0,0.0,0.0,2.363468757,0.0,11.30849591,0.0,0.0,1.037278043,1.774155775,0.2571428571,0.6640625,0.2176551115,0.01546717172,0.5614035088,31.85410782,0.0,5.098681808,6.066367068,54.09438804,49.35170292,18.05032179,9.473725908,39.52165029,4.736862954,64.5201455,0.0,0.0,0.0,0.0,11.30849591,5.152574264,0.0,24.85851024,25.64220074,76.16,1.055555556,0.9266666667,0.4594557823,0.2091364324,0.154683642,0.09825732068,0.06018518519,0.2807401512,0.905937107,29.37696883,-2.772017007,1.512481377,1.036960535,-0.7893227442,0.2882455991,1542.281613,4.61,0.0234,425.1466754947352,26.15973798232292,42.16781176756215,-40.337123829071835,0.0782124671437971,0.2636947542005773,-3.1737160200666636,1766.1211230606152,-421.09510078610305,-2742.4280430090926,0.8628374559358256,-104.32197636836761,-8.352117321900508,7.370496802470097,-274.07045136108906,609.0080416109857,-0.18674041958539597,2.702325116807054,2.7270967033653544,5.385192618000658,5.593285897105683,3.9716714266079536,-5.314115719231652,-16.118944306329574,-0.9112805957087595,5.102044281736127,-21.2806187290174,2.3509887010752055,-0.09317435130875173,-4.574889593050683,14.148580664270453,10.357164769971234,11.947319505860891,-4.129449772741657,-14.305888204936288,4.908395558700696,-2.0440393733500777,-2.4502604550420184,9.731552658725343,2.5719040917571534,17.428266687888115,30.553652753446226,0.7576846793960675,1.75403479287332,-3.0009754753712317,24.23507961919605,-51.3955392855677,-24.818590197764973,-6.609724304166331,-1.3425801022677168,11.682032093896717,715.3752177001023,178.35283313707524,2343.7873150987552,-165.16135977871323,2.387039847805927,36.97831455912305,-296.7297054780965,35.1523663488037,46.37118004717161,558.7695636403796,15.62002413311869,-18.95901764930454,-12.035135898479368,26.55832685081788
2.501030012,4.686156221,3.652631579,2.950171468,2.851563401,1.630506124,145.6016788,153.5691813,156.2608888,153.0057518,12.71527778,0.02608007179,-0.5825456676,-0.05505363268,0.04083244293,0.09690111473,1.596394061,0.9537626929,0.7817706475,0.4754457172,1.065607886,0.9050781394,0.9673508262,1.131142061,0.8610456396,1.274280409,0.7748421953,0.5864162261,0.8430475024,0.8231498296,0.9462658541,1.072576695,1.089541422,0.9880345329,-0.4868808309,0.9729256188,7.008276203,0.6101347224,0.1616503696,0.08845103879,0.1175920237,0.0,2.077230178,0.0,0.0,0.0,0.0,0.0,0.0,0.0,0.0,10.97242517,0.0,0.0,1.029627583,1.693143191,0.3810623557,0.6666666667,0.2176646508,0.04898989899,0.5208333333,33.6282067,9.967957042,0.0,19.05647134,36.75265697,22.07041725,16.52595619,14.26826309,44.84581083,15.20739338,27.6520576,0.0,22.97565387,0.0,5.907179729,10.97242517,2.297886851,0.0,8.640809102,26.3913575,103.12,1.701388889,1.750555556,0.6580498866,0.4306264172,0.284066358,0.1631527395,0.07709750567,0.4016414823,0.7694905067,27.98266268,-2.584315429,0.8175392811,1.385204446,-0.882198599,0.5471235464,3088.005551,5.58,0.0048,441.2363890167577,49.28790289842756,72.98612563910316,-17.54442949689051,0.3021371100563274,0.22798416378391673,-3.7462844253910452,3095.799786104118,-939.012633327406,-4836.856409501721,1.2213858604808197,-255.09070534784567,-18.43781184355722,19.556595970411045,-1195.4495747433302,1073.2918716869156,-0.9986061800084284,3.8777136878457292,3.5873350693729114,5.325558784468519,7.765813178304611,-1.0940832262162052,-10.231742650035828,-35.58316522082021,0.05219116257433809,14.516539649527502,-43.76760166672169,7.370258040716184,-0.7678557197316953,-4.915253549750985,28.787654756216615,17.92103413634233,22.033356501846782,-5.486281169493703,-27.266661130530057,6.123654789640966,1.4680366569159067,2.2534735285711145,12.071880272003337,2.788106736828849,31.72389336620805,50.802169910759304,1.4296005226025237,4.051614687983761,-4.92579485979787,70.33914894905911,-116.60935770568713,-32.16249932603353,-20.290517530380274,-9.448952768336273,26.19854398046103,1242.0897279332512,-241.9918284561225,4987.957045652476,-830.0778786788712,79.63534864545913,118.70518188017417,-656.1489523376688,57.065586700577825,97.86170349112354,901.5570589922302,26.268917821005566,-0.9167468372493244,-24.62663560934154,56.018775274601836
2.601884439,4.17682568,2.540740741,2.822822823,2.62470024,1.584443642,143.6624423,150.8696316,161.1126952,149.3672499,17.09280217,0.01272129728,-0.3692118452,0.02385354987,-0.05293269713,0.02218484337,1.264289143,0.7801175113,0.4976994327,0.4676081425,0.926282595,1.171203401,1.209288678,1.177897904,0.9504417567,1.477768814,0.7204704328,0.422989731,1.252128353,0.8109354851,1.121122127,1.27854466,0.8859539877,1.04696394,-0.4357037485,0.9113269412,6.027325397,1.13463699,0.3004823133,0.1733756634,0.489065941,0.1020620726,6.760015931,0.0,0.0,0.3350009448,0.0,0.1262688177,0.0,0.0,9.687315431,0.0,0.0,0.0,1.197622827,1.698543635,0.3510638298,0.6057692308,0.2308798789,0.01761633428,0.4255319149,29.96240415,0.0,10.36057336,51.10304694,29.17754317,23.58956544,11.44343983,5.106527395,34.20301562,0.0,14.88701214,16.74610334,37.94649713,0.0,0.0,2.093595994,7.610515978,0.0,11.00912057,23.4353437,61.84,2.958333333,1.949444444,0.8989115646,0.4248000126,0.096875,0.01234567901,0.08585858586,0.3964931973,0.9060538209,19.52432222,-2.389147457,1.220001916,0.8849342834,-0.4868170984,0.08261218547,2243.956395,4.33,0.00273,412.45066397786593,36.687579757719774,53.86048360793613,-10.83496486203699,0.2477255151281531,0.34671464772053856,-2.4727063709773143,2426.974662395033,-711.8777847105607,-3940.708998591453,1.0123397923357456,-175.6046067691037,-13.70954138230777,13.246574429230737,-798.456182428522,869.5077564153984,-0.6160520120811255,3.2638820918605878,2.8565791224252606,5.15963882180265,6.614654862681564,2.1747241987112256,-7.478206395985094,-25.77617274382407,-0.15082233340718854,10.348137958553544,-31.048580615975414,5.357620780425327,-0.898268433359418,-4.175619293314229,21.139870479104303,14.134057565690412,17.021225308043434,-4.902353150234619,-20.250436920723686,4.9061839032278405,0.18408852125630393,0.6586567287569585,11.988923034880578,3.5485546658689717,23.524891355516345,38.95807866653554,1.0678999484085232,1.9252767967147237,-3.5307326355449336,57.03452405154967,-77.34831147961631,-28.10130745414355,-13.54365479157456,-6.007532104498313,19.86565702914864,912.0634920633918,-47.61014737129977,3243.6164923881906,-547.6511936692646,55.26786042720765,78.70839772770223,-520.318066192502,45.52806540491286,76.29052253290214,722.0870747951462,20.582038260145268,-24.98795931934377,-16.96991787972542,40.55005707555949
2.489329897,4.617412528,3.495049505,3.266010802,3.008703704,1.66347221,149.0744103,158.5566781,157.8224854,159.5690393,8.349932096,0.01371086196,-0.4557487778,-0.06804428936,-0.04351163641,0.07788052116,1.492300585,0.9512601783,1.16562728,0.4495960808,1.096762073,1.03194324,1.040039487,1.022153181,1.057574331,1.087558816,0.5759313814,0.5962254378,0.7768477698,0.8611268577,0.9521990572,1.112418377,0.9962552911,0.9825488431,-0.4158683421,0.977954765,8.001919364,1.197963628,0.1553439994,0.09296755541,0.1048899075,0.0,1.929128407,0.0,0.0,0.0,0.7165404728,0.0,3.024420509,0.0,0.0,0.0,5.527711115,0.0,0.9014922944,1.373967523,0.3552505586,0.6693548387,0.1834415511,0.01671466974,0.5957446809,30.74707046,18.5715944,10.19736362,12.13273414,67.16963161,29.3384529,17.83846891,4.390415048,22.51475897,5.316788604,34.47495837,12.74095804,5.693927995,10.07780132,0.0,16.7904264,1.929128407,0.0,11.91980475,24.4497476,72.93,1.979166667,2.002777778,0.736462585,0.3482221592,0.269382716,0.1695724926,0.06666666667,0.4630700109,0.879047746,25.75921783,-2.016407447,0.828802466,1.521057397,-1.077738551,0.5579302165,2454.161904,3.78,0.00332,436.652568757596,40.1393232078333,60.419164580583725,-27.973940336321256,0.23113836680712438,0.3425285287473993,-3.4838912003289773,2545.197538494669,-728.6408810137128,-3940.916750969719,1.050131692516511,-190.66447723761837,-15.514569847954368,14.419152941127326,-854.2132469023885,926.8363994753881,-0.6936308030570428,3.488417395731527,3.215830885757962,5.123361973604071,6.815965313422287,1.1107050486151002,-8.438160483636576,-27.81737565886863,0.2837887905993147,10.68529551420966,-33.94907165466338,5.490316896144529,-0.744844931029349,-4.946200522340204,22.837996515561358,14.881666106219438,18.279639178914362,-4.884405115379378,-21.63173682432627,5.2834890468995965,0.10496410644974752,0.42809923865872856,11.581466136993315,2.860665486645495,25.432930631231077,42.240206773622674,1.1597120450850593,2.8353641790020827,-4.29238528175718,57.78300219060091,-89.69313062807528,-28.942536778698248,-14.081831614440338,-6.450802327168832,21.259012408931152,991.7302303003053,-87.40401249535756,3614.1855719410537,-551.9074130798709,61.2316359732717,85.95046532994067,-537.6236841608137,48.29739403952688,80.44080723786652,750.7361234711773,21.871750881862337,-14.321567948494469,-18.008875722563687,43.995413705929806
2.553529065,4.407593632,2.81595092,2.553774929,2.157921811,1.407733137,147.1801679,159.7729878,158.1152527,159.0643186,15.42578125,0.01272969071,-0.1742732839,0.08949700763,-0.09873475847,-0.1166428946,1.225738034,1.300912118,0.9043788679,0.5344158388,1.046560197,0.9860769861,1.254205254,1.128933566,0.9702797203,1.208714363,0.7252958107,0.9547128547,1.095654337,0.860581164,0.9268628333,1.179539241,1.062122701,1.009442669,-0.5231632193,0.9939076817,3.510572827,1.343850105,0.2108306089,0.05185672424,0.130682846,0.0,2.182491987,0.0,0.0,0.0,2.063253638,0.0,0.0,4.84380445,0.0,6.119604398,0.0,0.0,1.292274092,1.833326397,0.3203285421,0.6838235294,0.2438745908,0.0,0.515625,34.99906791,0.0,5.098681808,6.066367068,55.78460206,74.37219635,18.05032179,4.736862954,28.26427081,4.736862954,75.92659722,0.0,12.11474962,0.0,0.0,8.273815259,7.07555044,2.182491987,25.03403413,30.55536272,59.31,1.881944444,1.81,0.6067120181,0.3313177123,0.188757716,0.1100948883,0.06060606061,0.2115241872,0.9461760507,27.00613119,-3.072592389,1.94067192,1.250292826,-0.6622731412,0.2309271543,2459.311533,3.77,0.0122,455.1878581881334,39.60386595512542,58.7627246768145,-18.13745696891015,0.27481226094940536,0.3259980311330086,-3.805817477737385,2645.508130222491,-724.2282447184336,-3902.7165903494342,1.0662477828387276,-193.6998781938968,-14.705751791913732,14.672444875328958,-681.3848793738297,952.7754444977561,-0.7305866977935004,3.5717977462694974,3.0621348151977426,5.696365866891716,7.332667625909496,2.2965571612426157,-8.855858175422926,-27.876843139679078,1.274205490865988,10.128939945177892,-33.19737790352562,5.031382634041176,-1.1240843454139808,-4.705640863563147,22.751743745846454,14.64933257824056,17.981306824419676,-4.287717234601342,-19.645192096968504,5.7185221469815,0.05448034690080761,-0.047948597075110566,11.106665206171954,2.546038143691326,25.189148388605698,43.20708299381489,1.1620252214922888,2.807146773185743,-3.790751775193111,55.89005809375243,-96.98053072894209,-28.036680053442744,-13.197309717109151,-6.920592668500786,22.627248343756786,992.6704269684813,-76.85411476332936,3372.85957024637,-512.1813875882791,42.56660330366577,90.77937177919561,-525.3803043171216,47.50425337686948,80.38662991676235,778.2524883692591,22.087455621909633,-23.236743155717793,-18.809288100726416,44.71458242146474
2.479390399,4.67741432,3.36440678,3.006591337,3.011111111,1.576975634,146.2974315,156.8978237,158.005839,160.2658384,11.13609467,0.01649094823,-0.5838248969,-0.04777966888,-0.1661838947,0.1741626069,1.589265426,1.325139587,0.636261338,0.4643324043,1.117516499,1.030828291,1.097285477,1.004370286,1.141719546,1.017168323,0.7552039613,0.5122249678,0.9283846511,0.9170460431,0.9678428972,0.9238167275,1.012733397,0.9387813281,-0.3941166727,0.9729366222,7.008276683,1.400923906,0.1459812191,0.09910670533,0.0808551339,0.0,1.954092879,0.0,0.0,0.0,1.622562232,0.0,0.0,0.0,0.0,0.0,0.0,0.0,0.9315019188,1.702905134,0.3610503282,0.65625,0.183334878,0.04276785714,0.5384615385,31.35595088,9.967957042,0.0,18.19910121,61.01812524,23.87504468,11.51833249,4.794537184,22.77571198,5.733667477,30.82707233,6.9237372,27.43977266,0.0,5.907179729,0.0,1.954092879,0.0,14.10146271,30.58174811,110.44,2.034722222,1.905,0.8172789116,0.3754251701,0.353125,0.1940618304,0.06100217865,0.3866782306,0.8307614798,33.13182658,-2.463374475,1.136184898,2.000184237,-0.9230841149,0.2010118966,2108.434666,4.97,0.0112,424.7064098097337,35.307176663657465,53.37221191982126,-32.20303346087102,0.1494489048006749,0.19647752886821324,-3.287654583014267,2271.8627520654436,-624.3291707036889,-3558.4388744925836,0.9614150922526365,-156.24081317273058,-11.186696059795864,12.393919029648467,-602.5393967824152,759.3833630852426,-0.4881095190528553,3.031717263187865,3.2095692753158995,5.714001532870629,6.294173231942721,1.4564796768337753,-7.046390309338037,-23.01800137020736,-0.9057217880989681,8.757064517925205,-29.620946606499082,4.460965373662017,-0.334665072087279,-4.472536109040605,19.560772490939325,13.559730126261023,15.996873066108602,-5.089218835850428,-20.1541830060801,5.048959383990806,-0.6379794129407708,-0.7018934715721341,11.036834114163554,2.8242419743955147,23.334513242992383,38.237098466273764,1.0039949302709985,2.7452549679963885,-3.6044348306346974,40.516952551858935,-77.64314237028721,-28.674955292391992,-11.849240211043918,-3.988231788123307,16.830438093757405,920.4816640792147,30.968071609711046,3325.9956898495116,-396.22249440955943,59.64066969616227,64.68863548715979,-401.9304541325275,43.01834193811889,65.47068691811651,691.4998189439565,19.87066179140929,1.4931333688950028,-15.165525063970017,38.100059500894716
2.478945707,4.515688836,3.48,3.034307992,2.949163105,1.70280329,146.638395,154.5215311,155.860498,157.8766556,9.257392753,0.0183251519,-0.6073493088,0.007591300423,-0.1814411939,0.03600768055,1.621342601,1.058042047,1.230134059,0.482965531,1.032910691,0.9992378577,1.140859215,1.058296752,0.9995024876,1.09932443,0.5662876615,0.48491251,0.7866250181,0.8472927869,0.988472387,1.223288292,1.296686333,0.9290011136,-0.4344124384,0.9110327857,6.027292383,0.604984483,0.1555886582,0.1169798303,0.1146045727,0.0,1.96811182,0.0,7.447979295,0.0,0.0,0.0,3.398538045,1.750467425,0.0,4.831347783,0.0,0.0,1.047505027,1.766811311,0.3168103448,0.671875,0.2122861542,0.01575126263,0.5714285714,29.67963356,14.98529578,5.425791397,35.61190719,42.82867707,24.01174382,17.78197519,4.736862954,23.39264948,15.47944295,21.31540493,24.60668602,16.13452668,5.13155848,0.0,4.831347783,2.554008745,0.0,13.40077596,24.86183046,100.53,1.479166667,1.837777778,0.6123809524,0.2590230537,0.211882716,0.2226303438,0.06222222222,0.45203055,0.8506200377,29.00652177,-2.771538024,-0.03787055683,1.269469573,-0.5899337688,0.2714361101,1993.885075,3.4,0.00427,415.0573005327461,33.394561926678804,50.98311932119487,-30.36563710576892,0.1604368583897992,0.24336735827563366,-2.919706599726565,2161.53657996945,-595.4530624803548,-3456.251802522031,0.9339835280241764,-147.7075366104414,-11.252693975104178,11.607511015511744,-609.1617753323375,739.0182159782389,-0.4514756860018668,2.958865702142002,3.1194203822881654,5.4384586073533,6.0291017606191035,1.7088039772989212,-6.567510141835003,-22.03253506846137,-1.046497771485383,8.668723365669848,-27.81069343659516,4.251565520021257,-0.2313120607805368,-4.6716667324958125,18.33999261130683,13.223610241142286,15.604805846337332,-5.158039243364209,-19.269255180910783,4.677032030544043,-0.6932921210539689,-0.4585979478311948,11.164196660576541,3.079538130150339,22.1481929376888,36.169314564628735,0.9592292786524037,2.3501880332264333,-3.3664279593543744,42.465413618192756,-71.33433516937505,-28.0913277811051,-11.355802509611292,-3.74986107050154,16.23944292399266,868.3160751115223,34.07952261605542,3150.009768309893,-391.56785615432756,60.645816984016825,60.71153028805912,-411.60067491067747,41.55554679929794,64.7633280373963,652.0509412593287,18.88128206999151,-5.88663654719325,-14.107408372499869,36.06390487301375
2.499718172,4.249168262,3.594594595,3.423392013,3.213566056,1.950049806,144.6031258,151.4412212,155.6142638,160.0871451,4.661157025,0.02970790271,-0.5204572624,-0.1806318424,0.1203590285,-0.1282772725,1.371180885,0.7231703618,1.246120719,0.6551820499,1.00091472,1.174688725,1.167381041,1.066352941,0.8448,0.9826666667,1.006984081,0.632382985,0.7834288033,0.7867307198,1.000328989,1.117174463,1.098469552,0.754209804,-0.404541236,0.992888764,6.003871347,0.604990524,0.2515016012,0.1451746004,0.1556646061,0.0,0.0,0.0,0.0,0.0,0.6652700617,0.0,0.0,0.0,19.32053784,0.0,0.0,12.13325533,0.782960476,1.272933332,0.4040047114,0.65625,0.1949327965,0.04478021978,0.6060606061,37.0193354,9.499376415,5.098681808,34.53866566,30.33183534,22.21590337,16.50664736,10.21305479,33.32747834,0.0,24.81111301,0.0,0.0,0.0,0.0,1.631514393,0.0,0.0,4.419932764,16.71521575,70.65,2.263888889,1.326666667,0.3313378685,0.1728395062,0.1625,0.09896949291,0.07777777778,0.6106815023,0.7964511754,21.59854889,-1.643032656,0.2389899888,1.666393126,-0.4758484065,-0.140866951,668.3132118,4.34,0.00086,378.65889560390974,13.270158414306952,26.6934610995699,-54.98490087370259,-0.07371070791310375,0.3946327199260567,-2.0566404602659114,876.4159050558015,-148.50731044881596,-1832.6983071474108,0.6984870856022011,-21.185308796678555,-3.1967197951386725,-0.050621261543580265,-141.4300215103994,336.2084185724815,0.29694025860778583,1.8557877676675443,2.623300087340293,4.116263023064846,3.7509539487112775,5.6875450227821425,-1.6063514935436458,-5.638101252618162,-2.7850049582741265,0.566025953841579,-9.597057307379243,0.2869954182181217,0.5089020390568909,-4.314175614905778,5.851248165705421,5.939596845510881,6.820270356061668,-4.00537897701679,-9.403829301633127,4.29931805860956,-3.1524434381658972,-4.205658314716652,9.053894377681576,3.5661647974202118,9.397196789860491,17.502588008088683,0.3769391890061274,-0.44857534063916704,-2.237237905087916,5.457293201727754,-6.5540796625192215,-18.7275117883749,-0.20450250200341344,2.5372244148198226,2.2514951400954644,367.94481981435666,438.2312694092897,948.2283184373582,116.29530337085123,-23.56717120117058,-6.892550946710593,-144.35310295972658,22.72809548654655,20.060466771935626,323.884265327282,9.146474785364752,-25.65517849246148,-5.343341105079686,9.183809711593486
2.554836249,4.485121551,3.082758621,2.867078189,2.620646766,1.574551904,143.157357,155.3535475,153.7786958,153.9652992,10.95747041,0.01231527101,-0.2810992081,-0.03916393839,0.01234215064,0.0329606264,1.20619869,1.099269731,0.8061246274,0.4377221532,1.105456922,1.024282077,1.062941868,1.114572068,1.242666061,1.141969664,0.5162420615,0.5444007194,0.7257465039,0.9133850057,0.8596552421,1.113521895,0.9367326159,0.9454402929,-0.4947074941,0.9113411747,6.027277092,1.343837243,0.2303232499,0.0643116103,0.130682846,0.0,0.0,0.0,0.0,0.0,1.896409603,0.0,0.0,0.0,0.0,6.095464296,0.0,0.0,1.237561817,1.748676339,0.3410526316,0.6515151515,0.1965683472,0.0,0.5961538462,33.5458927,0.0,10.36057336,6.066367068,79.06876542,35.58204725,17.19295166,4.736862954,40.08300395,4.736862954,19.74844179,11.33111287,17.67820111,0.0,0.0,8.20926243,0.9218617148,0.0,23.3351397,37.60678778,76.62,1.881944444,1.93,0.7160544218,0.2534643487,0.249691358,0.129382716,0.05761316872,0.3592072783,0.9364626359,18.21230984,-3.362104407,1.59271099,2.008634896,-0.6096982865,0.05812579024,3042.258681,5.06,0.0011,433.61748529410715,48.527665193868884,72.2172670346981,-17.555627408581607,0.31632807756446896,0.3014626860064347,-3.3207186477218222,3025.9644470033313,-927.8878166252437,-4760.1801799643235,1.1926155070810327,-250.58575345376934,-18.962704437514752,19.256120692004938,-1217.2581010744543,1075.1793069725345,-0.9937212622382997,3.8783535794919506,3.483830426583658,4.875270832426113,7.632592772175757,-0.5579252390211682,-10.10085427149999,-35.18699307649911,0.5720782125161472,14.290587108322837,-42.804199667956794,7.250562987849712,-0.8667209239525853,-5.340584515814523,28.370193815857455,17.65233087775959,21.933837992294148,-5.622976882823574,-26.11440653465371,5.908585352037936,1.4898049221918952,2.3882298412366314,12.27888397677335,2.966489234733031,30.608514431699085,48.88195350634477,1.4081744492327202,3.6536306110864043,-4.851784361189956,73.56971117591863,-109.52935973695799,-31.387830212349446,-19.59917289981201,-9.194421228311406,26.18960332227872,1188.7917603187495,-236.66286955691106,4759.502256483553,-832.0642782778957,69.6071494552398,116.25423065046317,-704.2799715898919,57.21290349278525,98.58435860169025,876.6752664227387,25.733715046661857,-12.246198946918113,-23.36508729290416,54.6002794391982
2.492910199,4.14043611,3.461538462,2.909245923,2.544983681,1.959243724,145.5755682,152.0973202,156.5923552,161.0993913,4.983471074,0.01448261576,-0.5526897356,0.1497763499,-0.2041831647,-0.04575885976,1.613884563,1.424735867,1.001591411,0.6122834445,0.9724236721,1.125654872,1.329238321,0.9733222867,0.8695124594,0.9450704225,1.166596288,0.8050139277,0.8745320996,0.7874453459,1.010788212,0.9623419828,1.074070288,0.8673873143,-0.4045538748,0.992923626,4.005253878,0.6049906405,0.2624090304,0.1398715266,0.1399133806,0.0,0.0,0.0,0.0,0.0,0.7948529227,0.0,0.0,0.0,0.0,0.0,0.0,12.17601682,0.9664586451,1.709108489,0.3709353673,0.652173913,0.197465579,0.04326293996,0.6060606061,34.80616962,9.499376415,5.098681808,46.6713998,30.33183534,21.83692257,5.007623697,0.0,21.82845468,5.733667477,14.59805822,0.0,0.0,5.687386275,0.0,1.753432382,0.0,0.0,6.202229591,16.61138079,56.21,1.826388889,1.295555556,0.3992290249,0.1562106324,0.095625,0.1156004489,0.0701754386,0.5847145897,0.9122550072,20.83398635,-2.196777473,0.1068867063,0.4162296359,-0.5415171661,-0.05351594732,639.6217811,4.59,0.000942,373.49656250469366,13.278755048265808,25.371668260645453,-49.11703615084877,-0.048413698956848106,0.43921343964884324,-1.6971155745889714,866.2136529499711,-152.12378811198826,-1851.039229063455,0.672932933826808,-18.214005807156255,-3.483641887350608,-0.37964760966361744,-156.43554541401843,341.59913962440925,0.2791545895990638,1.8510208835326045,2.4884920973704903,4.080880463316429,3.698416805243208,6.014118044275126,-1.543327585726918,-5.37623059050928,-2.5315602113866253,0.4758542586040967,-9.034149275357883,0.6711392314094144,0.3023746709497991,-3.624133283204273,5.848750141718362,5.9824127536599745,6.842246573422556,-4.037486731135681,-8.94706471580634,4.059138599966879,-2.909079207593762,-4.030408116841071,9.432949186549378,3.795418095614359,8.924335643982834,16.655965142482035,0.35965815899119136,-0.7828937856813876,-1.9330560088306687,8.698655708722283,-4.494803408250947,-17.808720565202393,-0.06400263085462013,2.469930431976979,2.5334986833379043,331.58995703731927,448.910383316956,657.6366254514063,115.09435221287151,-18.60240722451517,-7.297703708724228,-162.5912391164298,22.57510398507799,21.96460156792641,320.4641308642033,9.004513792589798,-33.31728216879391,-4.344768255257732,8.502123663460246
2.484898405,4.193045613,2.682539683,3.27169707,2.648484848,1.827852483,145.965132,153.2484731,151.2583652,157.2887678,7.887052342,0.01721664399,-0.6162560328,-0.007799284142,-0.01463977084,0.1385377579,1.598124771,1.414046374,0.9487835419,0.5500537162,0.9504834456,1.095056458,1.081071058,1.11627907,1.370431894,1.256706501,1.075287742,0.8899131241,1.164472597,0.8279794913,0.8489371073,1.202946332,1.053787407,0.8657461099,-0.3889681743,0.9938487239,4.005275089,0.6050173749,0.2232543014,0.1075765583,0.1281276805,0.0,0.0,0.0,0.0,0.0,1.684975382,0.0,0.0,0.0,0.0,0.0,0.0,0.0,1.021252834,1.735921674,0.3230769231,0.6704545455,0.1818084169,0.04191919192,0.6363636364,31.8952241,14.95193556,0.0,17.40315295,30.33183534,29.54020642,5.693927995,0.0,21.82845468,5.733667477,19.93591408,0.0,0.0,5.13155848,0.0,0.0,0.0,0.0,8.634808095,17.27515275,77.58,1.472222222,1.161666667,0.3780498866,0.07306626354,0.0225,0.0,0.06349206349,0.3944196669,0.8411852554,14.649564,-2.105002186,-0.04925927465,1.683119366,-0.5220689081,-0.02049630033,1504.871383,3.79,0.0443,399.51242175951575,26.3871406394767,41.79914393883895,-38.46974523577044,0.07886854109211056,0.3147853711734586,-2.529728283292987,1663.3769192745076,-432.60043071874605,-2810.988517585244,0.8211889105207167,-98.29267460495092,-8.258766351746717,7.266296040893625,-422.6432976262624,601.1639517487691,-0.1800234560561401,2.5779925239226626,2.7008804082248044,5.003610688956993,5.1663047863347416,3.357815531172664,-5.088238680545445,-15.733857911672008,-1.2681550379414352,5.40889703098931,-21.04681582087521,3.0317345258974475,-0.19222729541035588,-4.039659405655089,14.255001072279025,10.296366010939302,12.028988374166786,-4.347068830336358,-14.925527917190452,4.502864396342149,-1.6061916812827584,-2.262047526648413,10.408464822046822,3.187282627076928,16.76236243619209,28.779463758566475,0.7345910239758325,1.2667418598354565,-3.0408021755169248,27.53521790541106,-44.350990565306965,-24.6651963107202,-6.8763881118580015,-1.2902281456868372,11.158260347066834,677.6541381647053,186.8085906647897,2162.8538806902043,-202.2663628319312,23.281040744611595,34.86477817888928,-304.38946206932224,34.89772192402833,46.85264082636044,540.8741344356224,15.483459758569936,-14.243852208197453,-10.05508135966173,25.242209161950118
2.434977084,4.410912534,3.009433962,2.549074074,2.418450561,1.392957269,146.328402,158.662316,157.406043,160.6475041,9.225765306,0.01368819019,-0.2344338595,-0.04210693844,0.04626458178,0.009595526771,1.229940193,1.104752373,0.8702972969,0.5654174284,1.029098111,0.9853747715,1.065143205,1.212315587,0.9415089801,1.070130425,0.7351932862,0.9807370472,1.019788301,0.9551000222,0.9511299171,1.083762508,1.04001012,1.137339254,-0.5233653236,1.734391235,3.510571743,1.338814635,0.2247783093,0.08645485876,0.0761440227,0.0,0.0,0.0,0.0,0.0,0.0,0.0,0.0,2.457218757,0.0,5.924736155,0.0,0.0,1.052429558,1.7783109,0.2629213483,0.6532258065,0.2246163215,0.01528897849,0.5535714286,29.3787587,0.0,5.098681808,6.066367068,80.0255441,36.2621901,18.05032179,4.736862954,39.52165029,4.736862954,51.30638157,0.0,12.84164325,0.0,0.0,5.924736155,4.115641778,0.0,25.10408871,25.64220074,66.93,1.090277778,0.9005555556,0.4251247166,0.2061287478,0.138742284,0.08652178349,0.06146572104,0.2973126298,0.9302304769,28.77571467,-2.197095679,1.776673561,1.232350314,-0.764341013,0.09042284315,1574.137085,5.03,0.00782,418.8784518984088,26.753940121182282,42.76512755420742,-38.463453508511954,0.08598220044657168,0.2938779577883609,-2.930854244617227,1784.6049325257584,-440.2475852205456,-2840.1951078594366,0.8691575386207904,-107.95819275330581,-8.84437122057358,7.4866421460674015,-328.8620709999595,618.5734063253216,-0.20799840159947056,2.7325315003087103,2.6586049316384512,5.2481004316533655,5.578408999714156,4.045699299723427,-5.359132574083935,-16.620702311236784,-0.8847354773233866,5.374380376869896,-21.871042495981946,2.687025588958157,-0.16554402920599598,-4.390916371465813,14.664004847091642,10.462695675472002,12.103703650564057,-4.201081758946064,-14.744785969820112,4.770521097094159,-1.9271005759373485,-2.235725654024582,10.130613848101182,2.738212005512508,17.52040184533973,30.55285979755632,0.7689264032305277,1.6530375714597556,-3.0999555448088154,26.560134612193576,-48.83755020905937,-24.82395878091156,-6.993484454460027,-1.4989084854033157,11.933433075387075,716.9248676051691,172.1010425783087,2318.24893381522,-195.98806024248861,1.112432278858986,38.586478851597825,-324.2987672857657,36.02278812503348,48.2387846210912,566.8865282103776,15.784393907855538,-23.86996209069673,-12.127207205840119,26.81309281623798
2.490706047,4.620469972,3.186046512,3.425849403,3.32943067,1.477664203,152.173094,161.3589707,162.7599018,165.637776,11.04663923,0.02290345345,-0.5185708697,0.067314727,-0.1623035497,-0.1093070911,1.588712068,1.254865681,1.063490342,0.4894009097,1.065944091,0.958151992,1.219466172,1.023633133,1.061821448,0.9828429933,0.6509371467,0.5398933786,0.7920649302,0.9031922897,1.017631264,0.9813100877,1.045797572,1.00283175,-0.3757915094,0.9728800211,8.001920628,1.297042875,0.1189959443,0.07819892105,0.09767036445,0.0,1.808571318,0.0,7.33315014,-0.1216279328,0.0,0.0,6.260327211,1.834398105,0.0,0.0,0.0,0.0,0.7117557307,1.395362087,0.3851414361,0.6818181818,0.2056796817,0.07289055973,0.5185185185,27.30672217,19.35077682,0.0,12.14238718,43.33159265,28.71782518,17.85686786,9.184952232,11.38785599,16.47624748,38.37233879,12.74095804,27.57024916,10.07780132,11.72440057,14.74765701,2.121413265,0.0,9.70370472,25.55428919,124.32,2.041666667,2.183888889,0.696462585,0.377196712,0.3387654321,0.2523191511,0.071278826,0.3865233449,0.7659390357,27.69541695,-2.366666077,1.161979206,2.040656886,-0.7882961459,0.2636786666,2684.020059,2.34,0.107,454.5444613499742,43.701130917777895,65.37697941111456,-30.827802707829825,0.20572640472317272,0.22133010294787253,-4.170028671252205,2782.264295043036,-792.8854069899625,-4242.5474746683285,1.089156667322577,-207.18343844902114,-15.487159796375773,16.386498008373877,-908.9718078017768,966.1227834163207,-0.7654000724342673,3.5702414310244746,3.668133761310142,5.898199432887465,7.263895318251352,-0.3737552071843462,-9.11090438326302,-30.103199617472203,-0.2822422984078694,11.837518495021747,-37.49314662387793,6.016042475277944,-0.6631414471582064,-5.096133319368988,24.68823401150798,16.26297113609806,19.95572177952652,-5.508608208501588,-24.375186879431347,5.535487976617504,0.4382026661384619,0.6702114344315007,11.8981051837745,2.6871323052955858,28.5742007671405,46.822196788821444,1.2575760022086055,3.659974792931018,-4.464242963550926,57.998759913602484,-105.6431722684975,-31.35315986631767,-15.833674902624889,-7.026460748610338,22.749928305149492,1111.085595643954,-114.9045952456784,4185.79444178556,-587.2969208641504,92.86615753630845,94.05701942777266,-516.2245210597484,51.17628211221508,84.90826193463249,814.1514047954724,23.82057173783448,8.29449803709101,-19.13869421293265,48.990188125511956
2.483395363,4.386364923,2.954545455,2.905151947,2.706252124,1.410723378,147.0894303,160.896256,160.3959673,158.7162361,12.1472,0.02391700865,-0.5446602296,0.1350137652,-0.1289186064,-0.006207897104,1.587539271,1.129346349,0.9628846016,0.4622641509,1.089411468,0.9330119543,1.071683992,0.9751922231,1.005437571,1.068579533,0.6633791199,0.6593134562,0.8620690799,0.8888264994,0.8792207831,1.084034244,1.021817047,1.057369849,-0.4868801914,0.9778942015,7.008271469,0.6101358035,0.1702456728,0.08662531897,0.07931626887,0.0,3.998637429,0.0,0.0,0.0,0.0,0.0,2.897630052,0.0,0.0,10.91816041,0.0,0.0,0.9584537715,1.89608594,0.3349875931,0.6696428571,0.2542886346,0.03658730159,0.38,28.07245217,9.967957042,0.0,6.9237372,31.54366003,36.02384191,16.52595619,14.26826309,33.45795484,14.79051451,34.196814,6.9237372,31.28371294,0.0,0.0,10.91816041,4.930674447,0.0,6.689475064,19.05880226,89.13,1.576388889,1.598333333,0.6370068027,0.2849899219,0.2500154321,0.1356004489,0.06718346253,0.3064268272,0.8091801777,26.25728492,-2.53167326,0.7720652238,1.031172559,-0.6396500628,0.4060889637,2150.663284,5.64,0.0277,433.47401185444755,35.19619764319308,53.72432238460989,-29.753946447597436,0.1564855977402,0.2643680981396172,-3.3355533354252414,2332.3436012821717,-625.659342787133,-3573.2303511317323,0.996249523462498,-162.0334477039612,-12.56405007621015,12.025276700829181,-617.8572609530833,789.0449055301631,-0.5043014104512035,3.1863753705266977,2.999433236069769,5.639883416535443,6.587232414172373,2.226306470227911,-7.448553412448161,-23.835182825445326,-0.48906388425648495,8.74817050015929,-29.963887839491786,4.5117119148688625,-0.4982721387619873,-4.431787589199982,20.172286756525995,13.305521959683137,16.010330468150745,-4.644853964517614,-19.541773813644323,4.986815145201068,-0.6699495761824314,-0.639035266510311,11.255037121310567,2.6872119205815075,22.88152902675653,38.68678414991029,1.0195170723456255,2.588578354304644,-3.839127869686406,42.189418434051476,-76.36255947106947,-28.474736599095273,-11.660577679807524,-4.491562570402597,17.750526934101572,933.5553839746499,13.875218531364599,3320.2656435334607,-426.66779844824055,37.144571637709895,68.92300784864402,-435.99670007924266,44.17036961891271,66.92528982392811,710.4928818354283,19.898401819747654,-12.809626913318716,-16.44682971789323,38.08771075067989
2.441492375,4.128881734,2.974683544,2.935714286,2.456709957,1.552372241,144.4949818,155.8926008,160.4675738,150.9225805,5.734842951,0.01327024697,-0.5649659201,-0.1634719612,-0.1185549812,-0.07084027315,1.584388826,0.9657593596,0.7379295538,0.5557360743,0.9771385942,1.276563092,1.196646457,1.083727811,1.114839614,1.435587489,0.8681003289,0.8832706767,0.9450743336,0.9885639883,0.9577570423,1.195319277,0.8949761642,0.9491015781,-0.3737343026,1.734223195,3.046910785,1.443403308,0.2191094953,0.1290186608,0.05143799709,0.0,0.0,0.0,0.0,0.0,0.0,0.0,3.365952145,0.0,0.0,0.0,0.0,0.0,0.9963253758,1.753790627,0.2702702703,0.652173913,0.1836231201,0.01956521739,0.6216216216,34.66167566,10.30919334,0.0,48.53093655,18.19910121,29.2079764,0.0,0.0,0.0,10.63357721,10.81959831,6.165775612,11.12690298,11.37477255,0.0,0.0,0.0,0.0,16.50120121,21.02090433,51.38,1.0,1.008888889,0.306122449,0.07306626354,0.0225,0.01632486481,0.05079365079,0.3852632079,0.9013922896,21.50704852,-1.64655331,0.6931333376,1.566361844,-0.5671370622,0.1300458485,1274.145052,3.43,0.0263,396.33072041127195,23.487722172396836,36.370670049597464,-30.85275762124015,0.09546929920925373,0.42271957598047594,-2.1180602922448255,1510.9810761129854,-382.2333570909081,-2499.517338351669,0.7528675113800013,-77.7697225166146,-7.648730317204123,5.380807915513465,-335.95125839768787,583.1383538779993,-0.10763606034039369,2.499712068654491,2.682563727359971,5.016164329536358,4.978115260275763,4.203129173204244,-4.502235097001829,-13.078536650538993,-0.5477794270816534,4.252106282857426,-16.979906175787413,2.833318604346978,-0.6848239320650287,-3.048478351902074,12.317857995414917,9.24507940639569,10.676732342748496,-3.9189817539861376,-12.493780018769561,4.155109218928911,-1.5951689132588787,-2.547770545884919,10.040831015518954,3.3724095739757938,14.40994908298375,25.744901261951853,0.633996901068774,0.541946160614052,-2.2580936046712,30.14494117766142,-39.04745860836708,-22.11016855660465,-5.145029959216385,-0.9522575769503099,10.673760916869654,562.7193341744261,222.43295479774608,1415.0623589347945,-130.0437293268396,24.817819413028353,27.574520530732887,-274.5447756152895,31.662037608346207,44.69809864611227,496.4234672740391,13.856024979133046,-32.62691130214381,-7.827247722646039,20.946334665551785
2.499718172,4.249168262,3.787878788,2.755672045,2.484929127,2.225187997,141.7851802,150.3493614,153.125529,156.9660705,1.648283039,0.00904939681,-0.5138705267,-0.04363509887,-0.1125027034,-0.2680479268,1.510492261,1.294380303,1.481569251,0.6365624317,0.985188197,1.153933692,1.349796424,1.073076923,0.8032388664,0.9368131868,0.8375284972,1.10849702,0.6977716568,0.7439936355,1.047725877,1.122147629,1.246951861,0.7100875226,-0.4045491344,0.992888764,3.041832401,0.6049894753,0.1775619387,0.1736077036,0.1842762654,0.0,0.0,0.0,0.0,0.0,0.7472530864,0.0,0.0,0.0,0.0,0.0,0.0,24.35462047,0.8218907439,1.692686418,0.3801256003,0.65625,0.2022214977,0.0,0.6451612903,55.8047709,9.499376415,5.098681808,57.74054544,36.39820241,21.17216961,5.007623697,0.0,21.82845468,0.0,14.59805822,0.0,0.0,0.0,0.0,1.713497417,0.0,0.0,4.419932764,16.71521575,30.19,2.263888889,1.326666667,0.3313378685,0.1728395062,0.1625,0.09896949291,0.07777777778,0.7104232121,0.9516778523,18.85621371,-1.557533857,-0.9013315129,0.7836797161,-0.3425198847,-0.3356758345,864.54982,6.58,3.25e-05,375.3573583687919,17.547089201632797,29.44803974163979,-35.19505640880906,0.06994464256176813,0.42927669198476887,-1.5413895651362084,1080.6358444347663,-257.22072135930097,-2078.8246573119072,0.6776072792028822,-43.62434647302151,-4.803580836135831,2.531509404074453,-190.01666159583934,453.8778711051878,0.08255310566573378,2.135117548737383,2.5578733811130197,4.151960125647458,4.191951544690476,5.995834550059994,-3.018697775180608,-8.371603523860784,-1.2062521933877084,1.8095674874633867,-11.472736073345773,1.3271725094061724,-0.34972266388366013,-3.491648859162657,8.210392122965981,7.38639200680302,8.273738016405481,-3.9464475363252025,-8.915678005505155,4.275993059079198,-2.322979993787449,-3.4959393321837933,9.569628783812679,3.81935343312898,10.538078750966108,18.87717903559387,0.45736878980159,-0.6506219201806197,-1.6785010753910568,19.325265803390845,-16.716627332997827,-19.092315429777276,-1.976167297363768,0.950251940632795,6.590179153945717,389.20139111509803,352.51502316218574,872.2855499960469,2.921099955725026,-13.27191820381504,8.467416380126172,-247.41051575901628,25.85563066779193,32.1790693248118,394.72617767016663,10.682910229668956,-41.89679332015341,-5.279260425493207,13.047997347881168
2.438964785,4.376840904,2.970588235,3.171783626,3.533898305,1.604211985,145.8395111,155.8277695,157.1804689,159.7563551,6.756026297,0.012062995,-0.2319565314,-0.1339572546,-0.05978758705,-0.003180045358,1.139358911,1.104868086,0.9475381678,0.4880172414,0.9945181256,1.174447392,1.03915608,1.290152156,1.21978022,1.011133603,0.5438213174,0.6779251465,1.061027498,0.9394095453,0.9293592126,1.084547215,1.051045417,1.013810398,-0.3776230982,0.9938719867,8.001917987,1.425802462,0.1798547815,0.1197287114,0.08900986808,0.0,0.0,0.0,0.0,0.0,0.0,0.0,0.0,0.0,0.0,0.0,0.0,0.0,0.9006075208,1.431404059,0.3074027604,0.6354166667,0.1723870095,0.02052380952,0.6216216216,29.04376798,4.390415048,5.098681808,18.19910121,41.9616539,29.7174337,11.51114884,4.390415048,33.77213846,0.0,20.16532066,5.817220841,0.0,4.390415048,0.0,14.02519779,0.0,0.0,14.00357629,22.72753512,54.46,1.368055556,0.8955555556,0.3394557823,0.1839490426,0.05530864198,0.03295582083,0.07207207207,0.3823464208,0.8906604399,20.71401969,-1.65460158,0.7143287378,1.533920999,-0.8307165736,0.2340560347,1061.393602,4.88,0.0157,391.7972763311201,19.429891205942635,33.52260092715674,-47.59237119696429,-0.007531818467233775,0.3979703126313851,-2.1497718164133257,1267.385968348084,-289.38390142325636,-2228.0521778617112,0.7487923060240282,-58.063627202756884,-6.240075415618518,2.968827115642098,-253.4122071113014,460.80362266791604,0.08191318511915292,2.280510086764809,2.5279342311730093,4.598337240517437,4.58232373003522,5.171181000727206,-3.338899957149004,-10.50040553439406,-1.6324721384045067,2.8208036029543093,-14.82061346997679,1.60591330607163,0.07530247600222761,-4.240762351966274,10.01073148228301,7.923497063157672,9.088624138915355,-4.122531054926487,-11.549084640607433,4.165242302706083,-2.678390728582065,-3.202511226787398,9.745857644719115,3.1471117844734287,12.631039992917792,22.650757494262688,0.548230892223234,0.48271487284071213,-2.617184960339201,17.108941084772404,-19.7680763440337,-21.467975093617564,-3.3024353999227003,0.8784118434741004,6.686514066478739,513.3679040889863,312.62424357818,1466.3052270244598,-40.309957709480415,-14.626772357586601,12.031380916348771,-249.25116844819385,29.376986088273007,33.60769841525251,432.16431178006246,11.937921151129629,-34.53356076689488,-8.058701731684899,16.040411009710446
2.418348561,4.527285573,3.129032258,3.776923077,3.848699764,1.534694559,150.3940387,162.5512898,164.5912769,161.3424918,4.346938776,0.0182639437,-0.3324012605,0.2193988027,-0.01968392072,-0.0715585851,1.275091863,0.8386330049,0.9095661276,0.4601770353,1.085488219,0.9315510049,0.9181616639,1.177769319,1.102064441,0.9153846154,0.5313604033,0.6202766102,1.029567991,0.9444248896,1.014361302,1.033095719,1.001398231,0.9369920743,-0.3753149849,0.9929434621,8.002958195,1.417758105,0.1920508422,0.1033284893,0.06856204604,0.0,0.0,0.0,0.0,0.0,1.484493371,0.0,3.209803949,0.0,0.0,0.0,0.0,0.0,0.7725594188,1.076265074,0.3612903226,0.6666666667,0.1708787285,0.04432234432,0.6285714286,28.92622508,8.780830095,5.098681808,0.0,36.39820241,23.64452491,22.66784312,8.780830095,11.25737949,5.316788604,20.16532066,11.63444168,0.0,20.15560264,11.63444168,27.32307035,0.0,0.0,7.83022589,20.03385019,66.49,1.5,1.208888889,0.373968254,0.1597222222,0.14,0.1025425977,0.0701754386,0.4496971453,0.7565182884,21.3750784,-2.136900752,0.7019382687,1.579665978,-0.7740210525,0.05233259757,752.8986437,3.97,0.0241,401.0221023785218,14.038803127177186,29.8019995858121,-65.44248599071994,-0.12588832977006348,0.5104031059544265,-2.5752932544006972,945.4406575253778,-133.8345449543667,-1708.1070982684962,0.7136184250233902,-24.39602623884452,-4.907894536428991,-0.13934998655800013,-208.3311870637185,373.54085139160975,0.30396766141354786,2.0731740827301905,2.7950877815083803,4.324568217488292,3.992128157759507,5.595649637828913,-1.9079536043466632,-6.265941166394818,-1.785585555105272,0.7312664461157057,-10.161504849218437,0.4706003019698206,0.36626971766423544,-4.837855718501327,6.695356698034201,5.731274046787645,7.131422349508991,-3.927420444458423,-9.475296585404982,4.054906700305205,-3.333959622278333,-4.404689389324959,9.05046336664044,2.9718081852624154,9.581915440881321,19.1847134295042,0.4082184139339607,0.048476735578059316,-2.851935698652687,8.504026362108075,-7.956750805278409,-19.43243741596317,0.11842004705271447,2.7130056179340922,2.8898452260669902,399.3006751978167,409.7271216641629,869.4524315311342,125.653260723693,-22.849235294066744,-6.605049156914893,-152.44822009280134,24.32102815639141,22.610657812688636,331.6342452256586,9.460878976317911,-32.27225364569625,-5.348003399995179,9.573841053231218
2.533386305,4.178865078,2.977777778,2.683061197,3.208608907,1.610260143,142.8976294,155.3082346,153.6443467,157.3703611,10.3962585,0.009568442372,-0.2456306312,-0.08413046519,-0.03983422946,-0.01338615685,1.203662336,1.081917619,1.067385681,0.5248710988,1.197808492,1.095719662,1.102387125,1.061201071,1.102328579,0.9441030218,0.7545850053,0.5528026341,0.8269399724,0.8571149249,0.925310936,1.114947315,0.9900246842,1.141077507,-0.4286567014,0.9685373377,7.014207244,0.2964151701,0.1637947843,0.1101141885,0.2864797176,0.03402069087,3.164892644,0.0,4.107403169,0.0,0.0,0.0,0.0,0.0,0.0,0.0,0.0,0.0,1.018899754,1.639726474,0.3196721311,0.63,0.2024891453,0.0,0.4761904762,28.55705665,8.417796984,5.098681808,24.27512131,42.82867707,17.51314867,5.693927995,8.417796984,22.51475897,0.0,29.43802943,6.9237372,11.38785599,0.0,9.837253136,25.35594006,2.683848503,-3.21497177,10.99723661,21.16131431,64.85,2.069444444,1.539444444,0.5723809524,0.4238000756,0.1996990741,0.1116212631,0.07936507937,0.396162501,0.8536184566,27.86921957,-2.170402474,0.5688866725,0.6889240391,-0.1030529687,0.355075048,1853.028796,2.97,0.0373,416.2284436870415,31.550769092009777,47.56694430243205,-25.977827400569716,0.1701869241143142,0.3183594930532348,-2.8762547929685196,2046.0512032288816,-551.563035133583,-3178.968617425707,0.9190331464678219,-134.88797874155958,-11.318739208455078,10.003231706484057,-524.8249768286969,742.8158827535289,-0.4018641974768097,2.986042990847622,2.8264393552439944,5.147698954461614,5.949373281035781,2.8333890873880883,-6.565346109215976,-20.31477985921112,-0.23621027998414035,7.280737809586681,-25.32928670863823,3.947806945853243,-0.6206698602252023,-4.142649819924507,17.52194923230714,12.065620779898396,14.313823139793161,-4.227843163712318,-16.92131676490932,4.7198364667942325,-0.9475286385178749,-1.0340207510767705,10.63873885833728,2.890389889723741,19.892962172502575,34.41896803993621,0.8946231927261435,1.820326507297994,-3.200538706422482,40.578992529503665,-65.20616648338566,-25.898339719789856,-9.568142743501792,-3.7602151864053326,15.859142924498594,792.5512741530881,53.912461740181826,2644.949700260382,-337.44684514298876,38.11759531280883,57.049521513987166,-388.4643440735095,39.04110234107766,60.84819949612031,635.5033688141364,17.872762159098215,-19.531989749804655,-13.199614231120368,32.68947211240638
2.530454796,4.024228194,2.744186047,2.601953602,2.346856725,1.582928217,144.6883738,155.1948001,153.6483872,158.2651642,12.976875,0.01343118756,-0.2284308993,0.05142454982,-0.2045825682,0.03891696362,1.206294218,1.04384194,0.7886743822,0.4655813953,1.154337349,1.008977273,1.165714286,1.146525623,1.249068971,1.081483688,0.8409590385,0.9741131281,0.8383679434,0.7986610069,0.9090461351,1.143500945,1.02671882,1.156196877,-0.5293606965,0.9878632894,3.513557971,1.399863887,0.3131896757,0.0751275622,0.08579236005,0.0,3.678265004,0.0,4.258602372,0.0,0.0,0.0,0.0,0.0,0.0,5.262617148,0.0,0.0,1.132845333,1.977689437,0.3534743202,0.6413043478,0.2042675015,0.0,0.5,24.98785342,0.0,5.098681808,24.27512131,42.82867707,11.25737949,11.44343983,4.736862954,28.26427081,4.736862954,21.87426081,6.9237372,11.38785599,0.0,0.0,7.289315702,2.810050081,1.678040052,10.99723661,21.16131431,39.94,1.569444444,1.459444444,0.4907482993,0.1768864953,0.09031635802,0.03713906744,0.06606606607,0.3148038056,0.9546408044,19.85100612,-1.715121593,0.8834135875,1.13761624,-0.7134927165,0.1912395931,1762.835961,3.7,0.0197,412.6310250113679,29.946127566187236,45.31231100066737,-23.107860932937434,0.1741590764824123,0.3903493408290078,-2.4885983618260026,1973.3415691795592,-528.9064114350265,-3170.524400206333,0.8999010415131778,-127.67542597483718,-11.486009564410276,8.733109516787643,-517.2018907883308,720.7165450980592,-0.3660253161628476,2.9785978206808923,2.5029855494675997,4.996675008829355,5.885187591429022,3.885775906932635,-6.41483214581355,-19.565461309107352,-0.19283452765239595,6.80433544823032,-23.941408543584608,3.8584751461632143,-0.6968085339330408,-3.8493850062774175,16.922506599562112,11.51703434775132,13.714174763913972,-4.0173519128544,-15.431134093085154,4.509430951383804,-1.0057703579663195,-1.0457830298870587,11.097277814256913,3.2208740239671396,18.405754114896645,32.4486101257697,0.8498394254182697,1.249877321761328,-2.99850344953645,40.90449898912483,-55.418081977303615,-24.758234217361647,-8.657092005865435,-3.4566325175249424,15.39848841990039,745.2903764123622,86.65814325583469,2377.8415983370674,-330.5883054228077,17.744917238439065,53.98194418648056,-416.4521058556,39.2644732826929,59.46998079648205,618.5197528011959,17.048852351835727,-35.916545394465096,-12.727554910661434,30.082760968253268
2.490442419,4.555414393,3.230769231,3.343272171,3.002252252,1.455194872,150.7422912,162.2205903,163.0500826,164.9364602,9.5504,0.01851781404,-0.4202252355,0.0882278936,-0.1122882851,-0.1037721893,1.504461933,1.254853251,1.163893019,0.5115740741,1.0390625,0.9509345794,1.219036697,1.021634615,1.077513495,1.080628088,0.6096643519,0.6401148504,1.096812197,0.9278108045,0.9903619376,0.985976529,0.9988715118,1.059105987,-0.3757882448,0.992943462,8.001919069,1.297044177,0.1438542817,0.07200113532,0.07802850942,0.0,1.839998403,0.0,7.481984581,-0.07945335418,0.0,0.0,6.396193674,1.870748588,0.0,0.0,0.0,0.0,0.9813853603,1.431712569,0.3478701826,0.6833333333,0.2082598057,0.04822510823,0.56,29.07485563,19.35077682,0.0,24.27512131,37.26522558,23.15437369,17.85686786,4.390415048,11.38785599,10.74258,32.46515906,12.74095804,17.21226049,10.07780132,5.817220841,14.67133491,2.307401952,0.0,12.00682005,22.70892798,81.23,1.604166667,1.832777778,0.614829932,0.345946712,0.229382716,0.1531455974,0.06481481481,0.3592769664,0.8579965795,28.21357374,-2.151474605,1.337103164,2.054124056,-0.6294296932,0.1401140513,2402.054046,3.13,0.0272,442.6076273082567,39.62601227750432,58.80332219619568,-23.829842314303114,0.22715503844050022,0.33489938937672825,-3.5083137133834814,2549.171754652913,-724.2009666678799,-3938.912310039493,1.0188826991510629,-183.6742284503701,-14.754478621677782,14.103380683326353,-798.0613573654119,925.541730073599,-0.6712236400179887,3.44084628702906,3.2787292919643276,5.50529311112221,6.8760867952847935,1.2836445367877483,-8.447059212467613,-27.011786092649015,0.2423806578900003,10.333988565394906,-32.903578914755954,5.490755933799079,-0.9298555211580313,-4.640715731020537,22.4369353964781,14.847521655861215,18.100917875559407,-4.92712994029573,-21.10289055097816,5.268399652579175,0.07587577233379961,0.07844709449448806,11.754475010052797,2.9981580788124544,25.147129910607124,42.17032703773675,1.1370027614140374,2.6528082724766864,-3.9367421028676013,57.23891164054356,-90.62427411530724,-29.08672501855017,-13.505320235806646,-6.299816655595117,21.449391360183313,980.6438107089102,-56.51912539657115,3438.9031991641714,-519.4960298274541,70.76271637289446,83.95825387330504,-504.07250718495277,47.69314239454941,79.54749079601994,758.8982366452433,21.72433047947921,-13.385019409867532,-16.94959384941772,43.24181109357881
2.483449667,4.396690103,3.079207921,2.755653021,2.919687418,1.572750983,146.7345417,159.0164246,159.3037088,156.7590167,11.54866455,0.02193815016,-0.7136435401,-0.0959214034,-0.0504215878,0.03401200358,1.772247193,1.026447631,1.142651396,0.461425221,1.211046317,1.150491068,0.9340591517,0.9468733338,1.055969609,0.9880417397,0.6972307365,0.5278331227,1.010372979,0.8073625475,0.8840345331,0.9531398069,0.978295621,0.959770983,-0.4776858709,0.9778532218,7.008273877,0.6094207541,0.1804790733,0.164494661,0.1110709264,0.0,5.575590134,0.0,0.0,-0.17393551,2.075726759,0.0,2.724611993,0.0,0.0,5.113341032,0.0,0.0,1.002879635,1.835502452,0.3614457831,0.6696428571,0.2405056069,0.03634920635,0.4042553191,31.38312842,19.74647275,0.0,6.066367068,32.90394574,16.63744226,16.52595619,9.531400138,21.95893118,5.316788604,32.13312054,6.9237372,25.36580689,4.794537184,6.093240071,6.21848502,5.817368447,0.0,3.464144285,15.46788441,92.79,1.826388889,1.598333333,0.7186394558,0.3162399219,0.3053240741,0.1651872258,0.06565656566,0.3734668358,0.8460799461,26.96809765,-2.230653121,0.5163215703,0.9484925938,-0.9379002644,0.7542299195,2726.359613,5.86,0.00736,445.7674693416309,43.86363928366867,65.21467460756719,-20.34656493623303,0.26187018207097273,0.2696845695284382,-3.740680682672595,2827.0932945510576,-814.0130358809737,-4289.531537226601,1.1170307936555357,-217.07996084751463,-16.24586159285639,16.727225910754086,-945.673555553867,986.8185723497988,-0.8242016083336118,3.6495312073442667,3.466876897397195,5.569872434219175,7.412718218391871,0.3192337082898261,-9.289239056017438,-30.899185513882617,0.4873387957601485,12.072257006969892,-37.84092909904767,6.261270032902669,-0.9083503297905982,-4.777694560589673,25.385125376897854,16.081900216294855,19.853878825227735,-5.071414642310055,-23.558873820789202,5.569960282016352,0.7669262648285973,1.0114297005608368,11.757724516025128,2.6538082570165575,28.151323885164867,46.457154165553774,1.2681843808958584,3.432483375717814,-4.3577206532978,61.59212641171071,-104.33063840191019,-30.402078990199673,-16.296737972137638,-7.649700726512308,23.790680703126103,1106.4140117191887,-147.3761591960862,4125.095077507776,-646.1941237257856,71.52315412800503,100.14120970546412,-570.0246019610049,51.90455585906863,87.44504713519407,827.1872881670741,23.857833692179224,-7.252513189228576,-20.296491177431214,49.33494814364249
2.434221777,4.302585104,2.941176471,2.764701105,2.599846551,1.702870641,144.5853473,153.1026674,153.5807316,157.7247293,5.756026297,0.01059569142,-0.2274929273,-0.1639687472,-0.07875068644,0.09425447814,1.155687114,1.106213601,0.8117615668,0.5772477584,1.031820743,1.145958551,1.085549004,1.243237532,1.134395604,1.011133603,0.787980181,1.022431489,0.9647692799,0.8934112415,0.9740305481,1.068063616,1.092931846,1.072104687,-0.3789345633,0.9938435771,3.059383876,1.304720641,0.1958948138,0.1304065059,0.0761440227,0.0,0.0,0.0,0.0,0.0,0.0,0.0,0.0,0.0,0.0,0.0,0.0,5.960493907,1.03180839,1.763374988,0.2962515115,0.6354166667,0.1765597879,0.01980952381,0.6216216216,27.41466746,0.0,5.098681808,29.8000411,41.9616539,34.74006701,5.693927995,0.0,33.77213846,0.0,20.16532066,0.0,0.0,0.0,0.0,0.0,0.0,0.0,14.27102878,23.22645939,54.46,0.9930555556,0.8955555556,0.3386394558,0.1645408163,0.06655864198,0.06938271605,0.07207207207,0.4227228896,0.9505140753,20.78580455,-1.552496346,0.3805497678,1.010153343,-0.8018663157,0.2031554007,1075.726667,5.11,0.00607,386.57973111319586,20.049044173535364,33.01267675496092,-42.356783421591,0.016010325075872134,0.36790711524465275,-1.97915452307787,1289.294827151469,-308.72448425849905,-2296.6984632027993,0.7412177236677919,-59.66311093478901,-6.02105202599382,3.2570380432740818,-243.32410588460309,465.34442632175194,0.04985541922062898,2.259319694257239,2.429705233700064,4.680809350814776,4.579168564373797,5.047637705733365,-3.4908902455831265,-10.690492009162192,-1.720507647800526,2.946269434056286,-15.109529660842568,1.8540070468460197,0.00513601976936906,-3.7707250349048813,10.305862339200248,8.22082750412288,9.265675927856993,-4.123312543307268,-11.68142700778509,4.175137352377279,-2.487214438812156,-3.0546528071033974,9.80554643445709,3.2949056565733343,12.841316930568375,22.718911853765043,0.5545578671017318,0.43749126163507984,-2.371911857398552,18.045968108371074,-21.71451111339422,-21.191094776424425,-3.6631678555181377,0.5920805204953877,7.035491869556622,511.6620697858127,310.1842696670325,1460.105203552844,-53.12906867211242,-9.102001450917426,13.956914079950414,-248.68138189947575,29.43897422177694,34.54090000147025,443.52824292965124,12.213755090587576,-32.664905785435536,-8.061842860751744,16.506414979054234
2.478936865,4.51049676,3.189655172,2.841861598,2.716021825,1.529342206,149.2712213,158.8721414,159.3910426,162.626687,12.75,0.01999122412,-0.4506544149,0.1515275869,0.03628957905,-0.1641522989,1.503246492,1.103741742,1.290744082,0.4944376026,1.160743934,0.824498344,0.9938092357,1.134920635,1.034482759,1.015037594,0.876613779,0.9183986976,0.7091238839,0.8419023279,0.9742927238,0.9460447433,1.080558625,1.066050342,-0.529345944,0.9878601675,3.513572536,1.434202554,0.1865275199,0.08296766566,0.06365387513,0.0,3.636391248,0.0,7.398095471,0.0,0.0,0.0,3.395337039,1.742801609,0.0,5.218525494,0.0,0.0,0.9842737348,1.921955869,0.3348519362,0.685483871,0.2114118318,0.0312153796,0.5384615385,27.54306817,14.98529578,5.425791397,12.14238718,49.39795972,23.15437369,17.91245169,4.736862954,17.13736782,15.47944295,33.40918099,13.08951281,17.21226049,5.687386275,0.0,5.218525494,2.517724679,1.65707352,11.91630315,24.29046293,92.53,1.479166667,1.837777778,0.5723809524,0.2590230537,0.211882716,0.2226303438,0.06349206349,0.359313175,0.8571948402,28.10094457,-2.322690933,0.7916645007,1.543411854,-1.025139433,0.029394677,1827.899299,2.77,0.035,426.24864085693355,30.759670423736267,47.826820301474484,-36.981414817521916,0.10831850437171253,0.2707865906916011,-3.168866051939676,2030.0536602171965,-525.4040076423182,-3180.6591031808725,0.8950029646494346,-128.11614506892067,-10.184278383330529,9.822689882479443,-478.13326693143,697.0441402060483,-0.33366400686281866,2.8913256532656613,2.976842035665839,5.620740326885958,5.953461081503581,2.6425269824438073,-6.201975243338535,-19.65712055067689,-0.8939406843081064,7.1155041199054185,-25.2876374814113,3.573441256578588,-0.2988141114492453,-4.613966491440111,16.874351920293538,12.046308558191463,14.263281917083408,-4.691474862436692,-17.30577715484222,4.6932080411868276,-1.2234449797118139,-1.4187564543871716,10.877821228849218,2.8745683360157415,20.311455786947036,34.379589212890956,0.8803641741262804,2.1073221771816297,-3.334141347066695,35.135578594152705,-63.57778377059616,-27.208493440127157,-9.232227979859145,-2.626322466021479,14.520093211216412,814.5413692379865,99.6761630713251,2760.643065213768,-286.4203707094769,41.3415855001243,50.365930747847194,-357.31763184635,39.63085959042138,57.589804785130895,621.6145736932747,17.776064291012304,-9.862492060738534,-12.634994321089573,32.310570166417094
2.553040383,4.346112611,2.785714286,2.575925926,2.083333333,1.50240302,144.1755027,158.017984,154.4333074,156.6073003,14.1852552,0.007402612772,-0.1642638889,-0.02342428465,-0.1072791578,-0.1395201278,1.172263988,1.203762243,1.056462585,0.4224489796,1.071691822,1.136368367,1.245225455,1.111429832,1.305325528,1.200242718,0.7457312058,0.8214472094,1.078178977,0.9066266955,0.788504403,1.100348041,0.9363896442,0.9758442718,-0.4357096678,0.9879793438,3.042105136,1.343864516,0.1868248023,0.08275355392,0.130682846,0.0,2.13547063,0.0,0.0,0.0,2.189593648,0.0,0.0,0.0,0.0,0.0,0.0,0.0,1.319494992,1.899158951,0.3492063492,0.6442307692,0.2302750424,0.0,0.5217391304,28.08857777,0.0,5.098681808,31.18920547,49.09138463,35.07913167,5.693927995,0.0,22.51475897,0.0,19.74844179,0.0,24.73241481,0.0,0.0,2.166832955,3.120409059,0.0,16.37303072,28.26905539,43.6,1.756944444,1.547777778,0.5251247166,0.1652730537,0.0825,0.03295582083,0.06201550388,0.2970809456,0.9634107722,15.03298775,-2.350826154,1.236992538,1.416519324,-0.6533995773,-0.1546358883,2140.13226,4.89,0.00493,418.6435943785307,35.787292525737485,51.81448730407648,-12.960451912745711,0.24121232231470546,0.3866807814408352,-2.5467994212907303,2323.9358321314153,-668.0092505096575,-3710.328307925967,0.9650233201736503,-161.74433756785143,-13.450708463126558,12.027095330798518,-712.4156920625071,858.0364223911861,-0.5781929001509979,3.251254210865344,2.6536595532724068,5.134904993799328,6.5051412918451765,2.9425752356655135,-7.7896176706135325,-24.139603584878458,0.400235930449797,8.958953557199383,-29.149798164501455,5.156701349172316,-1.1240338792861713,-3.746236000402309,20.64667627337046,13.461968525858353,16.249710509068798,-4.3175680146869375,-18.00542767054275,5.002166939323354,-0.056934919590718946,-0.1304288177446089,11.757262274742631,3.4160055575808723,21.7397316258573,37.31377106477899,1.0140605891892769,1.6386451149421373,-3.3104200610123318,53.57656453322575,-72.99798338253483,-26.49369635282254,-11.724955264902823,-5.6269893821426145,19.47073674363001,856.1259245998158,-4.922799139334298,2837.0711689437185,-480.1527322378152,41.810242806837294,74.00585467768516,-493.71551158796933,44.355242796985046,72.42110956855991,713.8596552851699,19.941198017265393,-29.593038157316744,-15.23631416335964,37.48977061957098
2.490628178,4.596945263,3.283333333,3.473958333,3.288839725,1.503021051,150.4984338,161.2261068,162.8661206,164.7062174,9.499807766,0.01893057271,-0.42133715,0.05590577402,-0.1681219488,-0.1102973051,1.482583345,1.278740997,1.154289488,0.4798855102,1.027319164,0.992135392,1.242959272,1.009586225,1.086042449,1.034902597,0.5414841282,0.5540216954,0.9123720535,0.8955665018,1.006614275,0.9965619403,1.007997674,1.006185222,-0.3981345302,0.9113317266,8.001919845,1.29704352,0.1388167936,0.06948652881,0.07802850942,0.0,1.818946474,0.0,7.382088777,-0.1078514162,0.0,0.0,6.304262458,1.846362548,0.0,0.0,0.0,0.0,0.7930057307,1.407326529,0.360343184,0.6796875,0.202022834,0.04584183673,0.5490196078,27.19754195,19.35077682,5.261891555,12.14238718,43.33159265,23.15437369,17.85686786,4.390415048,17.4570773,10.74258,32.46515906,24.07207091,22.77571198,10.07780132,5.817220841,14.7241185,2.180068844,0.0,11.49572378,25.28980124,105.02,1.916666667,2.063888889,0.696462585,0.377196712,0.3140740741,0.2027323742,0.06535947712,0.3940349295,0.8559193304,28.20007841,-2.45339229,1.07618617,2.030228997,-0.8206579485,0.1579998792,2472.979898,3.17,0.0322,441.8288241585444,40.254810923945904,61.028496891869914,-31.913651863341933,0.19433730288033574,0.27086682503895726,-3.662892298386401,2586.5275343757526,-729.6788264120246,-3995.2345545963444,1.0406781569117645,-190.13600321120464,-14.673477660639206,14.80022467963288,-822.6137590735593,897.7729829282815,-0.6712131220008277,3.413704182076336,3.4622821744437164,5.613351654035645,6.897159430770507,0.5978177184264347,-8.25642666925955,-27.798048922274216,-0.29614550491543734,10.898679644422206,-34.458344878805185,5.410246197748588,-0.5143509707715643,-5.219191248824849,22.69738341892214,15.272221965090594,18.62037119097212,-5.50544765397489,-22.694715448305857,5.157638353356879,-0.012715250877301743,0.3489048667192708,11.81738504372817,2.816790969804473,26.401930951269172,43.1098442873757,1.169245027647591,3.1889603509222986,-4.255182606247814,54.7503719031897,-92.23082614059297,-30.35806923328523,-14.292465010734839,-5.9139188594678345,20.836494295397202,1028.5390509649417,-68.13500768500637,3819.524176814158,-533.9968779995932,75.24042381990824,83.47506738019938,-514.2668801004556,48.69042098296652,79.79448786194351,757.3572114456452,22.119202256511567,-3.7588594627640113,-17.65462128780919,44.84318706375925
2.468628887,4.132437192,2.655172414,2.85,2.488636364,1.654814688,145.2967564,153.4703315,152.4166073,161.0598867,7.280991736,0.0115294807,-0.204644982,-0.1404208383,-0.02003442341,0.005857914416,1.135785536,1.17177776,1.091682146,0.5326779538,1.003105251,1.1250375,1.112272763,1.311213518,1.369924571,1.02734255,0.7647478804,1.038540125,1.102811245,0.9146174555,0.881612631,1.02094209,1.049961289,0.8932934114,-0.387978746,1.734391618,3.059378604,1.390175303,0.2101965513,0.1399273102,0.09087175382,0.0,0.0,0.0,0.0,0.0,2.084955541,0.0,0.0,0.0,0.0,0.0,0.0,0.0,1.106484316,1.776239449,0.297029703,0.6428571429,0.1744849237,0.02164502165,0.6363636364,29.94070558,0.0,5.098681808,24.26546827,29.82891977,29.54020642,5.693927995,0.0,22.51475897,0.0,20.16532066,0.0,0.0,0.0,0.0,0.0,0.0,0.0,13.01793638,20.14478228,54.46,1.055555556,0.8766666667,0.2228571429,0.05265810028,0.0225,0.0,0.06734006734,0.3475038432,0.932608777,13.86810706,-1.733820714,0.8748819942,1.485429159,-0.6547522796,0.09241541856,1098.115324,3.97,0.0374,390.44358187467014,20.506802113801722,33.49907596865658,-42.05417481140177,0.02442312611264774,0.3827438333563043,-2.0727083679011296,1306.4548680786831,-313.1760574122359,-2285.146582443712,0.7285889396402032,-59.52241279748954,-6.0953096282587165,3.5867787404055123,-256.412222898254,489.68541223514774,0.033700430723740855,2.300008367086358,2.48653127621703,4.72238685188657,4.645152597295895,4.963594285022406,-3.7373442555620118,-10.881804898520823,-1.3945401595596534,2.964069783770821,-15.080140671650359,1.8546701263806045,-0.17158782618878732,-3.8461835069117543,10.519998745397716,8.355380255937455,9.566800534478427,-4.09741764653058,-11.353044741478287,4.244993568200917,-2.3481694711930325,-3.081948644621715,9.844976369508277,3.2938362621285995,12.816719959986132,22.97787371471561,0.5622757608485356,0.33868187063087174,-2.309432599315884,19.833337008310366,-24.6258689842943,-21.23831937078303,-3.5124739321207126,0.39866002620704816,7.6167413142738605,508.9037447378564,300.3315805107984,1406.9497908081353,-52.08158558528613,-1.5932398371450311,15.253781181424397,-250.4319072333704,29.56885789814612,35.890170811170364,449.0310679596711,12.481018436483863,-30.267138937853847,-7.292459913583095,16.959128214126242
2.597850078,4.101665835,2.572519084,2.630704365,2.312396352,1.525601798,145.0869966,153.5821454,162.0972247,153.8110988,17.62630208,0.01284793601,-0.3860697834,0.01533050976,-0.1134696196,0.007532301879,1.314854586,0.9539838686,0.7070326311,0.4774777405,1.057402812,1.188467447,1.383259482,1.148424734,0.9915261547,1.385646218,0.9949710566,0.5107568841,1.024501253,0.8125377887,1.137579186,1.239652506,0.9040648674,1.02037886,-0.4349781178,0.991510793,6.002808208,1.134637098,0.3013639207,0.1738843431,0.4665289338,0.1020620726,8.853357781,0.0,0.0,0.3910761527,0.0,0.1731802327,0.0,0.0,9.67224571,0.0,0.0,0.0,1.258329554,1.7337363,0.3656509695,0.62,0.2419431816,0.01841025641,0.4166666667,27.20665253,0.0,5.098681808,38.9703128,42.16764743,23.72004194,11.44343983,5.106527395,28.26427081,0.0,19.87099066,12.33872767,38.07697363,0.0,0.0,2.145043462,9.756531676,0.0,7.015426052,18.96324038,50.94,2.833333333,1.989444444,0.8785034014,0.3797004913,0.096875,0.01234567901,0.0826873385,0.3225774031,0.8978706103,20.00470256,-2.468484815,1.191478187,0.9054046876,-0.5149506722,-0.120552008,1852.844609,4.26,0.00493,412.50858682510454,30.810529161723277,45.96886732999096,-15.221449594588499,0.1938484210911559,0.3683556408608425,-2.4004330500458684,2110.5853824940878,-575.6816377438707,-3386.664609670681,0.9291820898506336,-137.6650256572093,-11.432517592675701,9.930392489031595,-542.3035861403453,751.3582597387276,-0.4149828294408926,2.995593219352774,2.6228810783009013,5.327014316014991,6.171235401407545,3.6780273289589034,-6.395375895981029,-20.79210171562678,-0.11632541532577778,7.680224991310228,-25.198134237493413,4.149854426464545,-0.8473507587677898,-3.809593896268833,17.607307700835626,12.013247761339628,14.303860130129737,-4.276680997360556,-16.588133529662947,4.4903563600725676,-0.731361237397784,-0.6961440715989322,11.447272970759094,3.3813457283641846,19.671092096964493,34.10788427186038,0.8937723185120738,1.353493895892305,-3.0223620942811635,44.26367844749865,-61.36062974801733,-25.918120213292724,-9.765718380072737,-4.00092271486648,16.436985271891796,783.9055072255854,61.1227173561276,2497.0004163177164,-372.40093951023164,31.46844639903393,59.06152461010399,-427.1403698778217,40.06483117421487,63.04398056131683,645.299830020404,17.84297667998811,-32.940610650728544,-13.617450261923889,32.76174211273033
2.434934798,4.385913417,2.969387755,2.655838041,2.757309942,1.457857962,148.1880842,156.6762634,161.7812134,163.4394797,11.66666667,0.01537181689,-0.3018627239,-0.005432252056,-0.01504795827,0.09060525831,1.318138821,1.15925914,0.9934224119,0.5347430272,0.9459419758,0.9065277268,1.043252862,1.086335404,0.9013605442,0.914346247,0.7987861163,0.9682289691,1.25345406,0.8280126981,1.035312916,1.050880246,0.8635677563,0.9738365478,-0.5082116703,0.9888932787,3.510694751,1.353642494,0.2107263855,0.09384094428,0.0761440227,0.0,4.105194738,0.0,0.0,0.0,0.0,0.0,0.0,2.136737195,0.0,5.717097266,0.0,0.0,1.012421326,1.765452935,0.2740046838,0.6583333333,0.2046388653,0.01630824373,0.4259259259,27.38642147,4.983978521,5.098681808,6.066367068,56.41145242,48.52540074,5.693927995,4.736862954,39.6521268,4.736862954,57.29619125,0.0,6.420821623,0.0,0.0,5.717097266,1.637248623,4.105194738,16.34728313,23.19568192,79.82,1.118055556,1.015555556,0.4806802721,0.2219860166,0.123433642,0.1230507091,0.06565656566,0.2589018402,0.9156865486,27.98986524,-1.950112645,1.345390583,1.375318711,-0.6005447192,0.1066261733,1445.598246,4.23,0.0351,418.5750671612809,24.81012423370522,40.70002277325763,-45.92816769509674,0.031191692439452468,0.2787934800958577,-2.984809869666053,1660.4667717101636,-399.56555451727604,-2739.287396384292,0.8377676868772507,-93.15221264658788,-7.585573635271148,6.320803159699544,-277.0743240009813,567.5144943213725,-0.10503168534615043,2.583947631291342,2.6574173037092716,5.322472904465696,5.35981567526417,4.058685367062499,-4.759052065483872,-14.98111967644023,-1.566941932885357,4.757285697498018,-20.377484221720906,2.190241969055638,0.05224195682991151,-4.562582811196702,13.233545735443977,9.894481290472918,11.325787186553683,-4.3335843249425015,-14.414671746451186,4.811866871588627,-2.2518240016512223,-2.6915963547328148,10.014973137688886,2.950826310272963,16.766829115093977,29.064417836953538,0.7195143119710198,1.4540656440088675,-3.1043880537694912,21.7242913317075,-42.51869693424413,-24.728150913816823,-6.073646515381267,-0.5410330274713451,10.035440044294925,685.3166533132171,230.98916102242862,2230.2440887757703,-132.3599357437507,-0.5405222223800616,29.543474697776837,-277.9698094083723,34.71123747405023,42.37670361191137,529.7362606569675,14.992542971793025,-18.79405204753184,-11.374535128035578,24.35304843608484
2.482821465,4.350846645,3.089108911,2.855638284,2.593325999,1.447267104,147.4070993,159.4282346,159.5753832,159.0692396,10.13852422,0.02597623644,-0.5775844303,-0.07837074117,-0.1041934066,0.144789106,1.605467593,1.088203779,0.6876452399,0.4761126836,1.092965953,1.044678273,1.121040945,0.9491930844,0.976001165,1.175777925,0.7504039609,0.5531366355,0.8723137687,0.9073389021,0.9437998209,1.157068894,1.053284437,1.045629855,-0.4868779013,0.9728907128,7.008275244,0.6101363001,0.1701557516,0.08657956477,0.07931626887,0.0,1.969884762,0.0,0.0,0.0,0.0,0.0,0.0,0.0,0.0,10.90706604,0.0,0.0,0.9703602135,1.90468281,0.3479381443,0.6666666667,0.2488892211,0.05543209877,0.4042553191,29.48648364,9.967957042,0.0,0.0,37.96448165,29.4790855,16.52595619,14.26826309,33.45795484,15.20739338,27.6520576,6.9237372,30.78079736,0.0,0.0,10.90706604,2.211360909,0.0,7.716486024,19.69235798,103.12,1.576388889,1.438333333,0.6630839002,0.2734158478,0.230632716,0.1267258443,0.06349206349,0.3354667202,0.7728724866,26.29075162,-2.316018587,0.293582343,0.5926671147,-0.5834331711,0.300244724,2049.650148,5.19,0.0627,426.70501911232,33.796760366130705,52.75782712537736,-37.96134187394107,0.111438554998536,0.22766201026759536,-3.31112181024028,2202.088137505823,-586.2624509092973,-3432.9063475255844,0.9684922875785136,-150.97818550515967,-11.414103346238937,11.410673088240221,-584.3583864883566,729.2319282778934,-0.423494640008583,3.0389494790607556,3.073606723320524,5.566206808600386,6.26994254189066,2.0195146334532663,-6.916341694338486,-22.38195291433027,-1.0496010322348373,8.227658736357071,-28.970994260834036,4.161543804016937,-0.2196624774927649,-4.558437819969014,19.137396837445003,12.816035224897472,15.29005216524051,-4.827562586703717,-19.51663036754451,4.899349325531425,-0.9815851589100455,-0.9815758082689783,11.029919336282735,2.6343203111535667,22.256139763101913,37.09368795065165,0.9710510330666592,2.6466233026979133,-3.9097246388363613,36.417819860595074,-70.50744752612354,-28.729335492674704,-11.130568077097058,-3.42695332447605,15.806704197867935,915.4643864519016,47.19291328204427,3333.7270471730767,-383.3139696548045,35.35789960719633,60.594416672739854,-397.9220090409788,42.85932667723893,61.53229204262399,679.0779408701496,19.20539484078514,-5.453510360853985,-15.507603899086476,36.05553919404791
2.474740486,4.498005413,3.053030303,2.901475694,2.850331675,1.466463745,146.2371118,159.6814892,158.7182556,159.3119219,9.108418367,0.01211140675,-0.3160717297,0.05832555545,-0.1226103676,0.004947148333,1.347610444,1.123100306,0.8847044885,0.5041466608,1.14537887,1.080805755,1.117525098,1.034377907,1.181147746,1.088706772,0.6420414758,0.8310504904,0.7585689396,0.9474767049,0.9165954269,1.059053412,1.001831439,1.063932438,-0.4324510555,0.9929796051,7.00214461,1.269246097,0.1550874149,0.0711208106,0.07129411522,0.0,1.961369464,0.0,0.0,-0.9337611023,1.655222388,0.0,3.000267704,0.0,0.0,0.0,0.0,0.0,0.9802223593,1.685472104,0.311440678,0.6515151515,0.2002335208,0.01458704694,0.5535714286,35.89326767,5.106527395,5.098681808,30.33183534,48.8853911,48.5008745,5.693927995,5.106527395,22.51475897,5.316788604,30.96032148,6.9237372,12.11474962,5.687386275,6.227901171,1.826510299,2.447681743,0.0,19.80125865,28.71285941,88.42,1.722222222,2.033888889,0.7152380952,0.2885015117,0.348757716,0.1809019488,0.05664488017,0.3636252832,0.8843739382,32.70441676,-2.367162953,0.7868557918,1.976594455,-0.8427190641,0.1301393751,3569.713311,3.93,0.00473,459.8372347060755,57.135061425513236,82.39389191575485,-5.992663039225107,0.41071039757629757,0.28880619815619374,-3.907220527703876,3544.9944313204933,-1110.5343452530747,-5444.108125898098,1.2854944555258303,-298.4629880969233,-22.093573702349246,23.581072540056983,-1448.0974260779303,1283.3389372738914,-1.2857962210216352,4.328664465961619,4.002464811725465,5.279969001375137,8.538033353530976,-2.2224671213556912,-12.021081764295763,-41.3614519554793,1.493743935331258,17.117234657401585,-49.71709871736342,8.931709932891753,-1.4360225437201661,-5.3972321188222985,33.20862980491614,20.52966728964386,25.591629909701766,-5.9615432541202775,-29.77637716544557,6.71087930623309,2.6774351447278084,3.576684430305023,12.63888200950694,2.9853154837634834,35.9011848585265,57.2309621629573,1.6407551195667465,4.51472948816252,-4.917694572390815,92.07570895467678,-140.45704101530757,-33.40725913463846,-23.9215692471004,-12.198581351687904,32.30119267842735,1360.8094979455666,-366.05662314359154,5442.110570443157,-1010.1870401275116,110.5310297592531,145.6658265385339,-794.7447640795859,64.51082287997775,118.26015733726899,1010.3927790607003,29.641984845122387,-7.339987886290579,-26.790385822399376,65.24452717476942
2.497208695,4.513463657,3.254901961,2.360414178,1.979451674,1.517425653,143.3032368,157.175487,160.3100729,153.0315294,10.44612476,0.01029213076,-0.5247115456,-0.06716653569,-0.1415036022,-0.1207308503,1.558769959,1.397056959,1.089542371,0.5126350962,0.9278198238,1.215894993,1.421821589,0.9633559584,0.9247572816,1.422643282,0.8710554987,0.7823306164,1.006664352,0.9241295955,0.9099142368,1.15947854,0.8876316398,1.036562165,-0.3637164681,0.993844579,3.040427984,0.6094207479,0.2027589878,0.09974522888,0.1433457877,0.0,2.039433738,0.0,0.0,0.5457821817,2.259257465,0.0,0.0,0.0,0.0,0.0,0.0,0.0,1.165891204,1.902736045,0.3391959799,0.6538461538,0.2839350358,0.01785375119,0.5434782609,34.25414256,14.95193556,0.0,25.32883194,31.89811458,22.5553483,16.52595619,0.0,21.95893118,0.0,19.93591408,6.9237372,49.54034665,0.0,0.0,1.206097884,2.039433738,0.0,9.695575596,21.78580178,54.46,1.388888889,1.354444444,0.5275283447,0.2693609851,0.136257716,0.05163350679,0.06718346253,0.3210047396,0.9150418702,26.5061711,-2.465995537,0.6331751419,0.3223980589,-0.8807086271,0.5787999279,2317.872662,7.34,0.000369,422.45954114541485,38.24446329111843,56.16719443828211,-14.068185830761621,0.26239582393892796,0.3579534919431479,-2.763815848529039,2474.245079512384,-717.6047068510335,-3890.374073563178,1.0080285599444665,-181.34489774697286,-14.207391714926816,13.792467928290673,-782.3616323431954,894.5576849012624,-0.6660174318836495,3.3549905228590347,3.0180445040758337,5.191783865956101,6.725346143758734,2.0392042832936377,-8.092404608282461,-26.211636875596994,0.6124224721028426,10.059688953967393,-31.7208328035568,5.5075189704005485,-1.0789898440189911,-4.062531391799419,21.990746463680292,14.196044330047872,17.17358459254915,-4.631528623740209,-19.823695930843634,5.168355042407662,0.25266535312159344,0.20024998431923757,11.531117007733599,3.2028549921558795,23.774833527869156,39.76557473755943,1.0914779403918689,2.2142506765164245,-3.5930202804075213,57.06729805867511,-82.82163728007251,-27.70245118442308,-13.330767842786257,-6.139323149673102,20.947039147636996,932.9134410421101,-51.45018669425358,3212.9609274322356,-540.0218722377432,49.73205421739949,82.48745370219586,-525.6104921568876,46.788214014070675,77.48380849804025,744.4651434708137,21.02259979920173,-26.24139859750946,-16.89500124578565,41.26368145426328
2.480066464,4.664261695,3.318965517,3.265015015,3.180041152,1.624156942,148.5354983,157.6605555,159.3045716,161.8383904,11.5496,0.01734393257,-0.4667300645,0.06772113045,-0.1465676907,0.02792896134,1.511438313,1.22740737,1.113552969,0.4306389723,1.037544554,1.048704955,1.048683819,1.145639159,1.148442072,0.9165394121,0.4992319944,0.4735693428,0.6742873691,0.8600512025,0.9362959552,0.9482935911,1.068880855,0.9584468995,-0.3996313397,0.9108416499,6.028466039,1.421355598,0.1458524996,0.08555061277,0.09973826696,0.0,1.939560434,0.0,7.207536416,0.0,0.0,0.0,3.22022555,1.696399817,0.0,0.0,0.0,0.0,0.8948460956,1.621552915,0.3461538462,0.6742424242,0.1982620778,0.02909090909,0.56,31.07264911,14.98529578,15.94957451,18.20875424,37.26522558,17.46698741,24.30138249,0.0,23.52629862,10.74258,26.29938345,35.75173855,28.33916347,5.687386275,0.0,0.0,2.266889106,0.0,13.25552767,27.86004267,130.88,2.166666667,2.068888889,0.614829932,0.4011558327,0.309382716,0.2275257627,0.07264957265,0.451816328,0.899975212,30.1106621,-2.266704577,0.5975371706,1.971512741,-0.6792424211,0.1330264511,2901.74754,2.79,0.0244,441.22979652497156,46.52119145838536,70.00062684292318,-29.70977564515939,0.24532364896409944,0.1728106785128154,-3.7220846922014488,2939.732423407856,-870.8714400545233,-4576.946414393431,1.1269856744229354,-231.83820300907766,-16.49432433284063,18.861811965458674,-1065.4505543825335,986.7757568164097,-0.8846082637718353,3.6370494109370677,3.877938095958027,5.666546610726609,7.389795720786337,-1.3343051021888206,-9.120399586112013,-33.009856704271364,-0.5559358896798792,13.778243222738697,-41.087285855004815,6.481938921726011,-0.3074294004110212,-6.0464717238526,26.219193085329145,17.84317876030936,21.822927300071314,-6.650036000487939,-26.857666686796982,5.475870273062859,0.9434566007073854,2.036093680872184,12.367322792583103,2.857316954310278,31.13196040334793,48.44330146521655,1.3571014402437072,4.145432492675733,-4.491598011322711,65.58815731436374,-109.77604155868643,-32.6883709825732,-18.69406380847986,-7.54742922527828,23.95837103578736,1179.466716541085,-178.27179801197346,4784.476774881361,-711.7711206603936,101.96179627029451,102.9194112864624,-622.8566698935557,54.783299375633995,94.02902502172732,833.4422362871421,25.066502423352393,9.666251808531534,-20.68073139795064,53.62935664853946
2.494860584,4.585936561,3.6125,2.977213839,3.025265576,1.687868017,145.7653998,151.5107178,155.851185,153.1581378,8.653061224,0.02980478062,-0.5685004066,-0.09227384407,0.06234065606,0.1342905211,1.562381458,0.8950641294,0.6867823244,0.5305959149,1.083992231,0.9556283104,0.8959249672,1.246991979,0.8794688458,1.228044332,0.7717873141,0.6261114289,0.9030999491,0.8214741451,1.041559954,1.11766699,0.9322902463,0.9818215117,-0.4868774002,0.9730025181,7.008275784,0.6101848837,0.1656905879,0.0906617452,0.1175920237,0.0,0.0,0.0,0.0,0.0,0.0,0.0,0.0,0.0,0.0,10.90563433,0.0,0.0,0.9184778912,1.684027965,0.3722084367,0.6785714286,0.1994588156,0.05311059908,0.5952380952,34.18958283,9.967957042,0.0,12.13273414,30.33183534,28.26726082,16.52595619,14.26826309,44.84581083,15.20739338,27.6520576,0.0,10.35798868,0.0,5.907179729,10.90563433,0.2207955615,0.0,8.982056596,24.8194172,103.12,1.381944444,1.500555556,0.506122449,0.3442066641,0.208441358,0.1067258443,0.07729468599,0.4205560062,0.7315065138,26.52607008,-2.25801377,0.8550668442,1.422660723,-0.8652572053,0.5217735195,1950.192093,4.68,0.0178,411.88815527905535,32.47798804897232,51.25888825776505,-39.85424322607323,0.1043627460641699,0.21965267359563312,-3.090116974546717,2063.2511979936385,-560.6661166468278,-3360.981871989105,0.9596844160269447,-144.09925192642925,-10.531736920867182,10.876449833115464,-582.5526014599343,689.8132230278893,-0.3772136114974341,2.9126274609907323,2.9679192081120824,5.246523251356955,5.885927151089628,1.971252456681972,-6.380503441846173,-21.353257120510694,-1.5396914414277922,8.032461462303287,-28.040855024172863,3.9593826440129387,-0.0032184784882014483,-4.399249939143074,18.20374783200126,12.312566238243726,14.46560818000967,-4.75141467523251,-19.456783633644346,4.945445707867324,-1.1405315825104985,-1.1000222064798924,10.723166349321891,2.7932057230712988,21.48453245186506,35.26195386791214,0.9293019722359048,2.4759066986737825,-3.9492202141140957,33.52750485239842,-64.67448429423582,-28.26289098552364,-11.015194328655786,-3.002534882922098,14.247995557167867,883.3297388651542,64.62351648953418,3284.8165127091515,-371.6022172691191,31.095406351722403,55.92025089714669,-375.8647292399791,40.99121732453719,57.58431019102351,645.8581166754066,18.518116500232967,-3.0666644239884575,-15.498450244386936,34.28280203279528
2.478903901,4.498947703,3.207207207,3.069444444,3.049622438,1.505878609,149.7946163,161.4990051,161.8595455,162.5143437,8.715277778,0.01703470662,-0.5083152447,0.1013058521,-0.04823469523,-0.09620798389,1.569670841,1.206257633,1.234580138,0.4573961938,1.149855545,0.8360432694,1.005098816,1.054281988,1.056209518,0.9874856487,0.5925677984,0.5971022839,0.4847016895,0.9079924669,0.9777729186,0.9613096148,1.010743696,0.8714015927,-0.383282185,0.9929414619,8.001919186,1.434202656,0.1582343463,0.09254182119,0.06365387513,0.0,1.956358544,0.0,7.288968252,0.0,0.0,0.0,3.260132958,1.71617439,0.0,0.0,0.0,0.0,0.9220051186,1.421955869,0.3478701826,0.6833333333,0.2081978856,0.0331547619,0.5833333333,27.78001276,19.37571083,5.425791397,12.14238718,49.39795972,23.15437369,17.9801607,4.390415048,11.38785599,10.74258,26.29938345,18.90673365,17.21226049,10.07780132,0.0,13.13701162,2.41074126,0.0,11.91630315,24.29046293,83.3,1.479166667,1.797777778,0.5723809524,0.2590230537,0.211882716,0.2026303438,0.06481481481,0.4187898409,0.8205171341,29.50962124,-2.376581412,0.97251529,1.900150409,-0.9082457213,0.07949335836,2067.529251,3.13,0.0278,431.73166398421586,34.492264920534375,52.816534705697265,-33.41786681081826,0.15753201388093357,0.320011383740644,-3.2756471808779626,2235.285013794889,-604.3938996668154,-3444.1392093164645,0.9482393235600355,-151.50082623427633,-12.567074129295484,11.61810706095809,-625.1286279337818,794.4076963887412,-0.4783513585116466,3.145577237133016,3.1531666854775446,5.442376462722837,6.280977677217102,2.029067430340849,-7.11113504124075,-22.747974726623355,-0.23019196676206133,8.465912748851368,-28.403182003737143,4.401568343283655,-0.5604444955129884,-4.733747837744706,19.211082095775794,13.11533140440432,15.82569333274614,-4.77673222954952,-18.989939017624394,4.760504453229064,-0.7014728134733597,-0.7122345396628267,11.223988449730728,2.85961954383332,22.213293427248974,37.44503514983082,0.986684872914562,2.3819891769511012,-3.6960655642513363,45.24463271749404,-74.1446633888636,-27.988077242190123,-10.991193740245473,-4.1177538380090715,17.44844410607626,880.7121885781654,22.18851435235584,3026.679023180563,-387.88523697442577,54.22857733882014,64.09905232811836,-428.8820063375494,43.00164394305165,67.22203252824794,674.43671152455,19.317555731799388,-13.323031237426635,-14.224251160010342,36.76987351832154
2.479015615,4.520309251,3.263636364,2.712488129,2.687435099,1.684515081,146.6826228,154.393322,155.5741658,157.7762571,12.51557093,0.01766001006,-0.4714963471,0.0651694672,-0.1501957655,0.1629870373,1.500129729,1.240473746,0.9991037037,0.5229137409,1.06957477,1.013566451,0.9973562045,1.079307537,1.063418059,0.9804396712,0.8498054809,0.9918576159,0.8015408946,0.7856842935,0.9803638036,1.033646687,1.296434957,1.002171379,-0.5293500557,0.9878600702,3.513570969,0.604984461,0.2021691202,0.08992630494,0.1146045727,0.0,3.658412682,0.0,7.526216895,0.0,0.0,0.0,3.448656463,1.769695302,0.0,5.323047129,0.0,0.0,1.12070892,1.937293656,0.3252212389,0.6693548387,0.221985203,0.01596102151,0.5490196078,29.67113157,14.98529578,5.425791397,35.61190719,42.82867707,24.01174382,17.78197519,4.736862954,17.13736782,15.47944295,28.42520247,13.08951281,16.13452668,5.13155848,0.0,5.323047129,2.630863047,1.673333891,11.86652881,23.88832352,76.74,1.729166667,1.837777778,0.614829932,0.2711404006,0.269382716,0.1695724926,0.0589569161,0.3795420362,0.8849481583,26.31220509,-2.576392418,0.7529964995,1.601448951,-0.642422667,0.2769624433,2255.370748,3.89,0.00508,427.40061373906155,37.42493216956587,55.10802413108709,-19.808694182718902,0.2350694756126915,0.3125917785300969,-3.09034299877859,2416.3294783418723,-687.1847855643069,-3794.3122752696154,0.9865853074781517,-172.15833446622526,-13.565571936096507,13.300448535544623,-747.6582529822758,868.9175090923561,-0.6186249995591575,3.283697540340545,3.036128547357973,5.3767014501858625,6.583531726964422,1.5886864625161334,-7.872602895920512,-25.416375147801926,-0.04721653277408522,9.89323218788143,-30.930702602323542,5.176494831122842,-0.7763375603613334,-4.378308888207047,21.08543419390614,14.332926267979275,17.317531927825822,-4.807533054333318,-19.938321820573304,5.056226921360298,0.0749440742770281,0.24058104484190623,11.532243720859682,3.1603336946459595,23.821007977413696,39.753899557873865,1.0708983296434094,2.320693160071286,-3.4820422092524073,54.509836987691784,-83.8522944969065,-28.022639374899793,-12.98615108538579,-5.796914429918775,19.98206901847524,925.5680971512511,-41.03016169572885,3292.9775320889617,-494.0046390733097,65.81536271216541,77.90528463519783,-485.0582338801886,45.477773977201906,75.54334082834885,720.4951247993148,20.755172163525202,-14.029417315840854,-16.00467542027015,40.701718045407915
2.478903901,4.498947703,3.295238095,2.768715524,2.624514991,1.685800705,146.0676287,153.7663145,156.8715096,156.1013165,11.5904,0.0126470027,-0.5396822277,0.1496285497,-0.1430123923,0.1327928165,1.61799717,1.396014269,1.410917667,0.5158019987,1.038130701,0.9759848525,1.0794906,1.001602564,0.9299089069,1.047207447,0.8760093448,0.8517694067,0.8283418253,0.8173616901,1.033535669,1.073842488,1.256064283,0.9825877972,-0.3836346575,0.9929414619,3.057284777,0.6049846518,0.1672712213,0.1034121956,0.1146045727,0.0,4.08824229,0.0,7.567211275,0.0,0.0,0.0,3.472360166,1.779671963,0.0,0.0,0.0,0.0,1.256107699,1.993612103,0.3325791855,0.6583333333,0.2262521845,0.01577060932,0.56,30.79327908,14.98529578,5.425791397,53.30809282,37.61968013,24.01174382,12.03246336,0.0,11.38785599,10.74258,21.31540493,20.01325001,21.69797817,5.13155848,0.0,0.0,4.806526545,0.0,11.96691268,24.04739053,67.51,1.479166667,1.797777778,0.5723809524,0.2590230537,0.211882716,0.2026303438,0.06481481481,0.3938420199,0.8993123238,26.91080039,-2.528190752,0.0126608859,0.8678933804,-0.5827358211,0.4171241241,1988.806325,4.35,0.00291,415.35832151459545,33.5987488704642,49.191513057168436,-15.902122114435166,0.2297492135548,0.333033130049433,-2.6305087752874767,2205.529988623429,-619.7327969357567,-3511.422513145595,0.9198633042260437,-148.3003614153098,-11.961082711984023,11.57346572924548,-618.4984708569225,802.0709665021045,-0.5106159371138519,3.056341363649766,2.928133999222725,5.359189985028566,6.1725585198628465,2.4037188436812618,-6.919309549996775,-22.245700200015595,-0.09104648716118358,8.633790015496997,-26.905986304761008,4.602126533389584,-0.80094855199679,-4.099809941958049,18.610763793119066,13.241485618570376,15.74987591932743,-4.698929895807298,-17.822359408160146,4.669718338923688,-0.29465404976134235,-0.2612356920233536,11.359124311841343,3.4073869022179086,21.412771564353154,36.054435578166334,0.9578653455906666,1.7528928652800368,-2.887176168670134,50.44027203353697,-73.16714470855953,-26.593360822480026,-11.11217211952207,-4.743506287863499,18.08777997434433,822.5379268999894,16.85800253081737,2746.083189389505,-410.2771954127553,63.53668300665793,66.05031598153208,-439.7404704421809,41.489925371048066,69.28151857666359,663.9353191111634,18.933934794167524,-20.86066429469357,-13.407515260900635,36.00880264737871
2.470650007,4.448351521,2.972222222,2.906944444,2.988034188,1.599325309,147.6171479,155.8783496,159.9053234,159.694862,11.92899408,0.01385282434,-0.4756778122,-0.07999421271,-0.01507080647,0.06524310794,1.487265207,0.6854341935,1.038003544,0.4051535598,1.074382299,1.062608247,0.9896091205,1.171409214,1.091540404,1.067283951,0.5771254188,0.6097928954,0.7911671924,0.7432727622,0.9723505488,1.212423211,0.9327323038,0.8110440485,-0.4341307323,0.9777466642,7.008279439,1.402655014,0.1768194001,0.152548227,0.1070226459,0.0,3.639324927,0.0,0.0,0.0,1.267636369,0.0,0.0,0.0,0.0,0.0,0.0,0.0,0.9217876937,1.532993756,0.3794117647,0.6770833333,0.1834707535,0.0,0.5384615385,25.55637877,14.64975998,5.098681808,12.13273414,37.25557254,18.30505147,0.0,0.0,17.07524226,5.559266895,24.31554143,6.9237372,5.693927995,0.0,0.0,3.250529415,1.942534874,1.696790052,8.650847419,18.22527406,65.6,1.493055556,1.54,0.4978684807,0.2093726379,0.14125,0.07846138149,0.08547008547,0.3428917292,0.860381884,22.80247245,-1.795611318,0.6760388797,1.186857777,-0.6509966146,0.2852378323,1056.630333,2.43,0.0638,399.32093589612475,19.31397215252073,32.445537297048745,-45.65517790203773,-0.019808711259181933,0.36093078078098884,-2.2493425200152055,1317.1340525829978,-290.9916599330528,-2205.783805353376,0.7251423057799572,-53.73907109206245,-5.245045806257112,3.1968332874401963,-188.6950250481869,458.1348846210467,0.0921165557967571,2.242201255326694,2.609412146434544,5.144250680280652,4.781749170312876,5.06734580714164,-3.3371005132257725,-10.127495035702703,-1.4223468445520677,2.6768635185585277,-14.423795237134035,1.5089268803514706,-0.08832614544718642,-4.108182333446402,9.859055707986823,8.024346407131645,9.172434620825994,-4.2272564295516695,-11.283082897236127,4.139824899041391,-2.52057045397427,-3.231031859169354,9.65315817013157,3.0521374831968306,12.877306851748395,23.103017296014194,0.5420097017064852,0.5787179155087305,-2.3012754738300636,16.576293416025628,-23.80840903192335,-21.57516189212406,-3.083247215683675,1.0367000489208806,6.822968484151556,514.0166957491435,321.1001541728553,1392.390920575919,-6.244992862052101,-2.666270699053257,10.491925099572885,-222.590836161576,29.168774147880658,33.1995473623584,437.9720568862943,12.201244122767992,-28.581123273730018,-7.3325692933026065,16.400981915217823
2.483449667,4.396690103,3.037383178,2.667882529,2.712459058,1.550402108,145.95912,158.1291007,161.5068162,157.5506205,11.95460225,0.01543810314,-0.5939157582,-0.1039876937,-0.06706319997,0.03600271282,1.642630444,1.194228185,1.251338282,0.4854496698,1.033679297,1.235129057,1.047069995,0.8794630872,0.9321453367,0.9885702664,0.6653921038,0.6004542713,1.027963121,0.8474136424,0.9734071245,0.9455494357,0.8866068905,0.9606062444,-0.3635928517,0.9778532218,7.008271331,0.6094207478,0.1570550408,0.09909604183,0.1110709264,0.0,6.036563504,0.0,0.0,0.32606449,2.112255684,0.0,2.946834215,0.0,0.0,0.0,0.0,0.0,1.034129635,1.849391341,0.3571428571,0.6517857143,0.2529558684,0.03452380952,0.387755102,30.62271913,14.95193556,0.0,19.91384147,24.97437738,23.05826388,16.52595619,4.794537184,21.95893118,5.316788604,25.84309381,12.84164325,31.78662852,0.0,0.0,1.125143988,6.403341818,0.0,4.153180513,17.53684317,83.56,1.826388889,1.598333333,0.7186394558,0.3162399219,0.3053240741,0.1651872258,0.06565656566,0.3546420502,0.8614739669,27.7310987,-2.286426813,-0.1440437261,0.6469772845,-0.8196187315,0.5575327574,2139.026326,6.7,0.0069,425.51474905751377,35.32008422917744,52.929025294145376,-22.697513118309836,0.1920314646339305,0.27953039293959553,-3.0142214981418087,2335.158097771868,-645.7448433487525,-3629.780603239434,0.9748496780571443,-161.7322877639458,-12.337970921189688,12.44641583247863,-636.8046506136088,804.9589807836993,-0.5341539973580539,3.1420796428905335,3.093272179383898,5.585420080220989,6.504933290690631,2.1028908746990616,-7.276888466545744,-23.749803605255075,-0.14806869944944556,8.9928723776101,-29.46092329413111,4.6669014734993315,-0.6918746239331399,-4.3927835770219446,20.01009004471461,13.48684171843966,16.141529408534577,-4.832437868107663,-19.350105903349082,4.909806660492329,-0.39295898642632143,-0.4081987847527684,11.334636828683022,2.973218770894702,22.876257428127232,38.27378164176363,1.0169441751496118,2.3706036288374808,-3.5110330741547155,46.52542173222311,-77.27860734531728,-28.040287164179535,-11.792729711573152,-4.7030326487748155,18.350377160002193,905.6728775066289,6.93906534723787,3138.54601897944,-435.604630154952,51.765268167161246,69.8071350407697,-449.661814058818,43.84239645650888,69.34337517296007,704.1374201129183,19.909324079587673,-14.394528461654064,-15.407735440592248,38.44057213903598
2.542257615,4.314852378,3.024096386,2.737726098,2.390410959,1.627216969,146.5154789,154.4824564,156.3614444,157.4680636,11.82117028,0.01187001286,-0.2468319871,-0.07282163223,-0.06452640749,0.05654137247,1.306920982,1.049199832,0.7505159706,0.4655770391,1.059872436,1.056329954,1.025821409,1.195616821,1.218933648,0.9770078859,0.7665435035,0.9112127984,1.010531633,0.7578813484,0.954156427,1.130872382,0.9863878311,1.025134269,-0.4454180085,0.9938723241,3.043383126,1.397986833,0.2065366127,0.07374070909,0.1397268263,0.0,2.008618565,0.0,4.268576153,0.0,2.112397566,0.0,0.0,0.0,0.0,0.0,0.0,0.0,1.130494615,1.806904185,0.3739130435,0.6875,0.1977619312,0.0,0.5897435897,25.00643644,4.983978521,5.098681808,18.20875424,35.90493987,18.80796705,5.693927995,0.0,22.51475897,0.0,24.31554143,0.0,5.693927995,0.0,0.0,4.058595679,0.8065458081,2.008618565,12.40239232,22.1591619,48.53,1.986111111,1.254444444,0.3796371882,0.1962947216,0.08969907407,0.02479338843,0.07046070461,0.292451012,0.9358492208,24.4890953,-1.691626989,0.7550408104,1.143461259,-0.8656018826,0.2597234279,1590.665581,2.59,0.045,409.2256343447915,27.763819583487344,42.54257668566554,-31.635528747682137,0.11789820426503855,0.36820637254470945,-2.5156974776263734,1795.8892456821306,-471.38879512297353,-2936.0398473440864,0.8522476852700513,-108.43138528830337,-9.796660807968253,7.365681502516562,-429.6305863211162,653.5069422835031,-0.24848084724977412,2.7961324091313817,2.533311426715021,5.044091224552939,5.525264223243688,3.9303346165303767,-5.650537432809987,-17.099268751347985,-0.5753904244220753,5.733965634315364,-21.83472538795537,3.3460670928072895,-0.5526110637033408,-3.6903630423045417,15.280744468648944,10.614350976925952,12.423580895431103,-4.034493744326305,-14.75229412395922,4.470073792530607,-1.4059580134852496,-1.7157594238253506,10.620281865388915,3.1819859255322798,17.185952485387354,30.290616533714605,0.771047159103963,1.1809406968928828,-2.921171368052817,33.8502334427869,-47.97072915702183,-24.080639968418588,-7.3501682732811835,-2.1426815049411165,12.945542756876906,692.0543814306924,146.9666384976395,2120.675876395263,-239.22068367326915,15.255755023425328,41.81423079893249,-351.84983276622796,36.76693131356728,52.08942871671502,574.1097547477157,15.990594785170721,-30.546240914111035,-11.162824910784833,26.720996587035028
2.479390399,4.67741432,3.308943089,2.883879781,2.822041554,1.609251384,145.1774373,153.4881586,156.6195585,158.7192127,11.41046636,0.01294858835,-0.4467305868,-0.04290641363,-0.1503974298,0.1485492303,1.445812892,1.058275229,0.7553100092,0.4924980569,1.112319796,1.068966915,1.124816806,1.040859365,1.131169632,1.031697878,0.728796103,0.5054553618,0.8124111886,0.8760288337,1.028528987,0.9402414941,1.02503012,1.020487308,-0.4294256781,0.9729366222,7.00827661,1.416541753,0.1651711791,0.1121352122,0.09578587773,0.0,1.969434432,0.0,0.0,0.0,2.01129617,0.0,0.0,0.0,0.0,0.0,0.0,0.0,1.04253963,1.713849957,0.352173913,0.6328125,0.1861552394,0.02861519608,0.5283018868,30.65052892,0.0,5.098681808,30.33183534,60.51520966,34.60074234,5.693927995,4.794537184,22.51475897,5.733667477,25.65562151,6.9237372,21.61536816,0.0,5.907179729,1.877209467,2.478434967,0.0,20.00390291,33.44786919,86.69,2.034722222,1.905,0.8172789116,0.3754251701,0.353125,0.1940618304,0.06100217865,0.3780303178,0.8659344189,28.09302165,-2.801247928,1.134617224,1.577229734,-0.9679928285,0.4035800858,2987.064359,4.5,0.00399,440.5955944779877,48.53470006123046,70.2339861880936,-12.13990392329984,0.3275656609046417,0.2789755087686395,-3.5256393539453432,3036.3167244461606,-929.5966774692295,-4753.4784550243185,1.157775542703535,-242.63870198042852,-18.19244843536243,18.94491886461302,-1150.8411488229629,1093.3064222165892,-0.9828647752850849,3.8355010029833103,3.57067952540473,5.231740376167694,7.618425100943131,-0.7518168721885663,-10.141442151257184,-34.32577230621986,0.5884689232142942,13.964247760788068,-41.54790251748104,7.261804281642032,-1.120297031723176,-4.956514104383187,27.857346481647127,17.806801894538378,21.91045792361039,-5.514916960053707,-25.684907242785826,6.043003867682598,1.5687099397241195,2.1594626470599874,12.179048652387275,3.1338215639045184,30.632630744257572,49.518258768613975,1.3901364790764923,3.4910849378728437,-4.3360270226442355,74.7270129911596,-114.97461448180881,-31.046227807798658,-19.187560010710857,-9.370008874542366,26.56858124572243,1167.6291919806122,-224.49851931604772,4547.686176151449,-784.3934737605804,92.81240753218496,115.4299855450899,-653.0396921563856,56.00114240142784,98.64160347816882,881.3769296700412,25.740548125270227,-7.094239859644684,-22.1293486131029,54.42542384071082
2.497208695,4.513463657,3.282828283,2.399470899,2.055357345,1.541975425,145.516037,158.2229217,160.2204343,153.3505109,10.15012346,0.01293144357,-0.4835805216,-0.00747421647,-0.1166694751,-0.1171735827,1.536527047,1.286830601,0.9884551855,0.5535767957,1.002648404,1.160124318,1.348313767,1.000252589,0.9349662162,1.433397683,0.9265251942,0.8976604654,0.9500547803,0.8823421276,0.9037005482,1.184768243,0.9169923201,1.057599497,-0.3636977943,0.993844579,3.040434968,0.6094207528,0.1870556795,0.09202052987,0.1433457877,0.0,2.031169275,0.0,0.0,0.4832821817,2.240993002,0.0,3.43223749,0.0,0.0,0.0,0.0,0.0,1.150266204,1.8957916,0.3417721519,0.6730769231,0.2665359764,0.03553113553,0.5555555556,31.09092842,14.95193556,0.0,6.066367068,44.98762739,22.5553483,16.52595619,0.0,21.95893118,5.316788604,33.0254269,6.9237372,30.27788178,0.0,0.0,1.196097884,4.14072769,0.0,7.444584377,20.57191057,66.49,1.388888889,1.354444444,0.5275283447,0.2693609851,0.136257716,0.05163350679,0.06718346253,0.3398227298,0.9009012406,29.2468676,-2.427310966,0.4014269516,0.4079647642,-0.8389962404,0.657461109,2804.061769,6.39,0.00714,442.74878036429425,45.15503714472177,66.23293117104836,-13.468635707679177,0.3117133247515068,0.3255643993178251,-3.4761194995076803,2900.3641344906355,-854.4991808117516,-4416.043155441371,1.1315465385026195,-227.14692623199448,-17.292616275225768,17.32659358592632,-987.9508865933341,1034.4116863960853,-0.898723723282321,3.7556133086172414,3.41195299385693,5.332582085723736,7.53622612616543,0.5134066821955469,-9.614584184877621,-32.03558257123275,1.2115306558053787,12.51832834463111,-38.583192297425335,6.616155989319903,-1.197429137777866,-4.676511284847903,26.229758451268665,16.319836634254933,20.179273622099302,-4.9688567734089215,-23.357591945135223,5.689896671453479,1.0867550821613547,1.3004023707617054,11.71178677639619,2.7759738242605776,28.398375853522342,46.935338444791384,1.3034139524506456,3.3203228746141242,-4.252415194640056,67.90671085395829,-106.307075348715,-29.66311426095857,-16.87053160716001,-8.353028043737813,25.344860587941426,1105.365321183023,-173.0764975309788,4036.139308062143,-694.190054407723,66.35138203703316,106.8767852232615,-620.7690473644773,53.36626153832965,92.0089255533782,844.4135435447837,24.277754929840107,-20.042561327578028,-20.976146510394578,50.59831011528462
2.478540819,4.468967295,3.125,3.248015873,3.069212963,1.469547508,147.4992284,158.9211017,160.3039297,161.0080717,9.410466358,0.02483359852,-0.6058913888,0.06891933227,-0.1431076919,0.001662454005,1.656320795,1.067388569,0.934503928,0.5111402888,1.118709643,1.01479526,1.113460153,1.095978492,1.135301179,1.051254521,0.6754058364,0.6414036451,0.7941069156,0.905860457,0.9977960937,1.11499351,0.9854835172,1.092345955,-0.4868280483,0.9779517541,7.008273483,1.433689841,0.1494980805,0.1051567388,0.06274916425,0.0,1.938233913,0.0,0.0,0.0,0.0,0.0,5.658246704,0.0,0.0,10.95577139,0.0,0.0,0.8931949608,1.828819387,0.3266666667,0.6875,0.1934419779,0.03143382353,0.5660377358,35.8316196,14.76249423,0.0,24.26546827,43.32193961,23.64452491,5.693927995,14.26826309,28.70474243,20.10730312,27.35911351,6.9237372,11.38785599,10.48192346,0.0,12.89609594,2.406228197,0.0,15.24326266,25.20346136,90.3,1.791666667,1.846666667,0.7144217687,0.2915485639,0.3365740741,0.1650851954,0.05777777778,0.380029017,0.8224771622,29.61898403,-2.488839006,2.064262432,1.791436649,-0.9609658835,0.261794299,2495.361022,3.05,0.0141,437.53123514637,40.605707894285764,61.088863761665664,-25.069736575472497,0.2264042410900457,0.29755186212931395,-3.50768899250017,2602.4738782644936,-742.9916720631682,-4052.9084213453925,1.0591224873031022,-195.94527186514122,-14.974075204863821,14.90954735431744,-870.9319589533508,918.1488500632529,-0.702351992286351,3.470468537931481,3.290089324934982,5.3851556129613405,6.952869073329546,0.9778941553454552,-8.565539825568516,-28.25769094168842,-0.15600091678142025,11.041880877855744,-34.77911093706208,5.6905310327038645,-0.6842339344775175,-4.628401990181548,23.290636168936185,15.192249228214681,18.500483747214858,-4.988459724835225,-22.399019862386798,5.434480452887364,0.1971916231699017,0.42478886777899216,11.71948912298387,2.9015600827092296,26.133479795754308,43.01377309890506,1.1717693973236187,2.9277013114817394,-4.270565487792417,56.45941081832541,-92.73310156680877,-30.095020682804872,-14.818848835702733,-6.532864323455191,21.35892494349974,1035.0283039036108,-89.4835501077145,3848.0924983513496,-579.228785628538,63.27993736515902,87.97366839287798,-525.795361310327,48.93090948498113,80.49728349437542,775.2681224171586,22.221190943645833,-9.370178588999307,-18.92566983384565,44.875380482997755
2.483385735,4.381949493,3.164835165,2.953703704,2.93856555,1.620824777,146.886971,158.9458494,157.2915951,156.8818744,11.1875,0.02374474647,-0.6908796473,-0.01361536979,-0.06824024877,-0.008727819754,1.75056619,1.101057092,1.224027729,0.47565784,1.091708543,1.098262314,1.04226689,0.9904761905,1.076725522,1.038095238,0.6725037858,0.5699153882,1.01551559,0.8028640673,0.8399712747,0.9655855939,1.026263622,1.008800112,-0.4694063616,0.9779111491,7.008273656,0.6094207635,0.1789567949,0.1650354368,0.1110709264,0.0,3.791212276,0.0,0.0,0.0,2.067772926,0.0,2.602376379,0.0,0.0,5.202865016,0.0,0.0,0.9920025773,1.831460703,0.3375,0.6759259259,0.2349530978,0.03797360579,0.4318181818,29.89947947,19.74647275,0.0,6.066367068,25.98020854,23.18219866,16.52595619,9.531400138,21.95893118,5.316788604,32.57391056,6.9237372,18.44206969,4.794537184,6.093240071,6.303321409,4.367339315,0.0,3.993947608,16.13367148,92.79,1.576388889,1.518333333,0.6370068027,0.2849899219,0.2253240741,0.1356004489,0.06878306878,0.3781348568,0.8339410735,28.67165337,-2.257303159,0.1974802041,0.9838493295,-0.935126368,0.6544685748,2885.568206,5.64,0.0155,449.2908309138526,46.370737749523705,68.57052539352293,-18.889662869187866,0.2881574545900022,0.2691658688861365,-3.8672935454103543,2957.135627094686,-865.1667230481881,-4478.060388117065,1.1548804725240926,-232.48027730694074,-17.50408921082766,17.904137701466507,-1038.6610483273078,1039.9270762069993,-0.9103145080736007,3.7843076137561704,3.5674986638948383,5.5047159175779194,7.610114202960248,-0.2811646000365149,-9.844270225085214,-32.855237620343196,0.655143031170307,12.965241813496602,-40.088044639072024,6.737197102687688,-0.9626967584419179,-4.915268200245737,26.860154797193537,16.86836509316916,20.910689174116367,-5.147345061758781,-24.681612981731835,5.7576586088584865,1.1130835519083886,1.497024099413952,11.820280332195978,2.617068087594627,29.591058361127345,48.619321733964036,1.3391752617244297,3.7195569757178872,-4.499017533559101,66.59423095861351,-111.59029960719516,-30.771362963729704,-17.680117797046258,-8.54427637268799,25.36667959844165,1157.0412261260628,-192.96275055070765,4394.430657231615,-710.9051281115304,78.73001221728842,108.9792635230469,-606.8292040281355,54.12938388806424,92.91433217961229,859.9288672268203,24.912506989136137,-6.19229779600061,-21.583035228365077,52.27137829458931
2.527327576,4.526851821,3.404255319,3.864994026,3.483164983,1.636881127,144.9111147,152.6172049,156.1405262,155.5196823,8.86857761,0.02486893947,-0.412963751,-0.1025235361,-0.02943812098,0.02323929416,1.3788412,0.9145547845,0.8270946931,0.4854359058,0.9547893666,1.05762211,1.021094184,1.256335341,1.060593808,1.265309165,0.5393963713,0.6183445102,0.8764434866,0.8535901243,0.9995297414,1.107892757,1.045803144,0.9207229439,-0.4868797365,0.9113369665,7.008281684,1.400028722,0.1815233018,0.1117725772,0.1079403259,0.0,0.0,0.0,0.0,0.0,0.0,0.0,0.0,0.0,0.0,10.85422445,0.0,0.0,0.6977296968,1.669942317,0.3602941176,0.6637931034,0.1846961226,0.01781609195,0.6046511628,31.00835773,4.681802935,5.261891555,12.13273414,54.09438804,6.196843572,0.0,9.473725908,45.77039023,15.0329928,21.55740557,11.33111287,5.563451492,0.0,0.0,12.30371282,0.1612053627,0.0,15.04576359,28.1838859,92.93,2.111111111,1.891666667,0.6407256236,0.3283100277,0.1693904321,0.07356596266,0.07092198582,0.4598621671,0.807430943,27.26252556,-2.743629645,1.179422552,1.737297385,-0.4795100704,0.3163503859,2017.878406,3.96,0.00874,410.6667660607196,33.32466249493989,52.448673426676464,-37.80074761776803,0.1255379533062111,0.24812718886575896,-2.8790323315755098,2126.9234592072153,-586.3191429752114,-3478.3170758674237,0.968184712850803,-151.86503120249986,-11.490573604699806,11.358267497561297,-636.2556810750308,711.4865364393644,-0.42336702140036314,2.9827826297460054,2.967744599229791,5.154973634777019,5.992593706123178,2.004525383519581,-6.5105202633291235,-22.38624601429363,-1.3914472339467883,8.581210838740962,-28.926449118892837,4.177644364157521,-0.0052886932151532395,-4.6893784481261465,18.758045452931995,12.801614160251493,15.12690326830529,-5.037507636005177,-19.856913824913626,4.824027930977351,-0.9638153349228418,-0.6577265143923068,11.128871629088392,2.9522512074143505,22.016094349884646,35.71190254194432,0.9631696757298055,2.453040075207037,-3.9437951917325584,38.10721161526064,-64.94819122085725,-28.396483337586247,-11.641535669937472,-3.330089877912321,15.095523754920624,893.9129440187986,45.793592900439904,3366.2369238628344,-414.5476718678788,31.681947190206216,59.63228216453823,-428.50182481785146,42.51885469884832,61.86889911780231,654.2221215184902,18.807812712456837,-9.859603788206558,-15.80520196293383,35.44773051218245
2.491958451,4.420120051,3.230769231,3.280274657,2.622574956,1.548291537,146.0578528,159.2047685,159.1758292,157.2777911,12.63090737,0.01716509848,-0.5913930955,-0.09918943808,-0.01603483539,-0.1848502774,1.655945169,1.232386589,1.557350358,0.455768004,0.864155282,1.102380514,1.349246658,0.8743203012,0.924212167,1.295218685,0.6428946382,0.5980853029,1.321427476,0.8652005636,0.8301245627,1.024172594,0.9591797521,1.017558682,-0.3616985329,0.9779389747,7.008271333,0.6094207568,0.1594659942,0.1308176126,0.1224818131,0.0,4.045336169,0.0,0.0,0.0,2.059960334,0.0,2.916417549,0.0,0.0,0.0,0.0,0.0,0.9673252341,1.832447167,0.3333333333,0.6574074074,0.2524777201,0.03601532567,0.4130434783,29.55684488,14.95193556,0.0,19.41092589,25.47729296,23.18219866,10.70155169,4.794537184,21.95893118,5.316788604,32.38785022,6.9237372,36.07825012,0.0,0.0,1.094737645,4.688078339,0.0,5.304130703,16.64290775,83.56,1.576388889,1.563333333,0.6483446712,0.2988394432,0.1753240741,0.09713906744,0.07407407407,0.3647941893,0.8532075354,26.45092961,-1.965204645,0.5079986835,0.7970417317,-1.034096218,0.4570928663,2575.179953,6.49,0.00406,438.66750748884965,42.0199245780217,61.49140312480692,-16.85405060599043,0.2621760228111232,0.2851625918902715,-3.4375540698836717,2711.2472748928003,-785.8210593855558,-4175.8428118506,1.0733437142371947,-202.87436328486388,-15.349398692433939,15.5744306128295,-865.6168914973053,957.8553170278607,-0.7657578953780837,3.5297496637598043,3.2769965340590708,5.517291250766539,7.187222818593722,0.9270368386241256,-8.910286602352276,-29.16575166477223,0.43089966876016317,11.292047074573548,-35.56742047801309,5.981447152402593,-1.0069454004527176,-4.512150314325059,24.153383141856864,15.56870510496027,18.994016241931774,-4.988136946901861,-22.26611220366803,5.511278314897998,0.5663531611885654,0.655948642159714,11.726776959725834,2.895218159941101,26.70708102461515,44.36016836823446,1.2085360804205578,2.9669852128113385,-3.9842397906890703,59.906878558965474,-97.48210649893811,-29.429027803769014,-15.149656861174458,-7.179388582195664,22.857074892022425,1041.1903212958719,-103.46201163863853,3775.1505079943454,-598.1645988584918,68.0838889340132,93.7925794564496,-545.2795306188676,49.91978971523731,83.90351637069895,802.423691420939,22.94518417937924,-12.10259909770467,-19.025415971787098,46.597729948936276
2.416226907,4.505158566,2.763779528,2.739247312,2.312661499,1.529854629,144.2487615,155.1327327,156.5978243,154.7861711,14.19544322,0.01757093037,-0.3911565367,-0.05953769335,-0.113062138,-0.08881351592,1.389697027,1.125498439,0.7163086915,0.4996493259,1.15696032,1.125665171,1.200278299,1.219011799,1.203348943,1.192188852,0.9262575707,0.9407337415,0.8414828203,0.8697371636,0.9691679685,1.176219238,1.031463497,1.011711655,-0.5266281431,0.9877912755,3.514126327,1.435688978,0.2129165051,0.0717373049,0.1091699815,0.0,5.672929043,0.0,0.0,0.0,0.0,0.0,3.383440595,0.0,0.0,11.68448586,0.0,0.0,1.062946883,1.757710861,0.313225058,0.6333333333,0.1854955342,0.01584229391,0.4905660377,34.0894592,4.983978521,0.0,24.26546827,61.87549537,23.64452491,17.19295166,9.473725908,28.63639149,14.79051451,17.07775458,13.8474744,11.25737949,11.37477255,0.0,11.68448586,4.014281032,1.658648011,14.82745572,25.18324594,56.27,1.8125,1.6,0.6881632653,0.2947845805,0.176875,0.1775329048,0.06419753086,0.313277165,0.9464858197,23.21922173,-2.529925213,1.019966261,1.911103468,-0.7858473616,0.09961090892,1834.854313,5.32,0.000584,413.79219268467125,30.298323431518895,47.15886568384573,-23.53172346857152,0.17977820888416102,0.37660338344629063,-2.6013660687845723,2040.445626902618,-537.3734204285086,-3253.328640606205,0.9210607876179353,-136.7180302909033,-11.342753115067994,9.882689235565055,-555.23661877319,723.103107468995,-0.3957526685453681,2.9747111476271537,2.7002878358652906,5.155069762810188,5.993034264124124,3.54931540268674,-6.358623281954588,-20.414160970424547,-0.24691095403554497,7.524802924622183,-25.055489010643985,3.994576819073685,-0.5124913748841442,-4.120457982999036,17.282061538100812,11.74561656161671,14.1378623291648,-4.190595183362094,-16.416673789672434,4.461363759107473,-0.8869318240999382,-0.9534143567657787,11.166541781430945,3.1170020530325053,19.400962287613954,33.386732729371126,0.8772700519428723,1.568001254901896,-3.246907383315751,41.06992366155829,-59.72210555365842,-26.321883656578038,-9.555635654336825,-3.4620224409543483,15.718179452999335,796.8365731360117,64.56482207894257,2627.6202411050554,-362.2712684122485,23.370900397068027,57.02808157750221,-424.168377228756,40.042805757157225,60.97040314679087,626.1770582150692,17.441719965580383,-30.209701182805745,-13.499001625105153,31.901484776958462
2.478964104,4.505698205,3.5,2.962623796,2.901608679,1.667940475,147.0132531,156.9001186,157.678053,158.3164596,8.401991852,0.01444276483,-0.5477254325,-0.03427516813,-0.1024867316,0.06490874254,1.581313348,1.419282925,1.120064557,0.4847586447,1.053915892,1.076305354,1.047257632,1.013559936,1.066417363,1.056333682,0.5777208927,0.6225355015,0.5926583602,0.8491981352,0.9879303619,1.164805311,1.274207815,0.9148333759,-0.3836346177,0.99294184,8.001919132,0.6049849127,0.1638231171,0.1012809882,0.1146045727,0.0,1.958451573,0.0,7.397627547,0.0,0.0,0.0,3.313452381,1.738445302,0.0,0.0,0.0,0.0,0.978927994,1.437293656,0.3374877009,0.6666666667,0.2191237024,0.016968766,0.5957446809,30.03797401,19.37571083,5.425791397,35.61190719,42.82867707,24.01174382,17.8496842,4.390415048,11.38785599,10.74258,21.31540493,18.90673365,16.13452668,9.521973528,0.0,13.48030755,2.438124717,0.0,11.86652881,23.88832352,67.51,1.729166667,1.797777778,0.614829932,0.2711404006,0.244691358,0.1695724926,0.06018518519,0.4312945699,0.8282324146,25.40396062,-2.793950429,0.2944533067,1.813198141,-0.585039628,0.2487880678,2572.048501,4.25,0.00405,434.25060304967894,42.281487522384516,61.85104612426106,-15.07868568461732,0.2921750897674326,0.3655662060937576,-3.2480156284101653,2679.5577960373907,-793.5571679217059,-4186.886534124508,1.0556612078968357,-202.68677523042288,-16.443349896053697,15.617666575781083,-959.7072497482958,997.935241352332,-0.7905896717330857,3.5818319056916637,3.316615759954034,5.058308390520455,6.9981671025416246,0.6672858163321858,-8.969791624486595,-29.393966006476116,0.6317272493559793,11.703502847422017,-35.103614413501774,6.200557397244911,-1.0937965764920037,-4.761893635737358,24.043296672253977,15.748309747920256,19.398915976088173,-5.019789450673697,-22.03024531042974,5.373455630395222,0.7959176244458014,1.1021199451523687,11.909497924079501,3.1942271966694564,26.386883539991867,43.79211309833876,1.210974846424966,2.6411591864961883,-3.8968766494863862,67.3327184680675,-97.05066596454824,-29.058364110382165,-15.393617907950132,-7.636699920379309,23.612911069188808,1011.8816925831051,-133.40335989469645,3688.3938769370166,-628.5792584451647,80.0126616171441,95.76790341594402,-576.7243844287415,50.2298590729639,87.57157167650485,785.5469939037941,22.761530569128663,-18.06019961696514,-18.19074442957329,46.46981988542438
2.475439514,4.23232078,3.0,3.447553727,3.346129996,1.597344164,150.4109527,161.0048466,162.5714088,159.5578563,9.346938776,0.01993550183,-0.5404631453,-0.04922749659,-0.03991920991,-0.09479822489,1.569890389,1.002590506,1.018159849,0.4457377303,0.9643214542,1.15235137,1.046233163,1.126226292,1.209269663,1.049580336,0.5498493391,0.6052485204,0.8650763447,0.812711915,0.9037582254,1.03511525,0.9284951057,0.9025845016,-0.3865783902,0.9776445192,8.001919628,1.304328602,0.1584159042,0.1532468896,0.08765981412,0.0,1.521821937,0.0,0.0,0.0,1.081401467,0.0,5.754883742,0.0,0.0,0.0,0.0,5.98535589,0.6541964286,1.299373151,0.3702770781,0.6785714286,0.1797058126,0.03849206349,0.5238095238,31.75786126,9.184952232,9.780484743,11.60093989,36.39820241,35.71483021,16.85062228,9.184952232,11.25737949,10.63357721,32.82722828,5.817220841,0.0,20.55972478,5.817220841,15.4035518,0.0,1.521821937,7.83022589,21.18674185,84.73,2.125,1.738888889,0.5968253968,0.2380794911,0.24125,0.1976349352,0.07575757576,0.4123642394,0.8170086648,24.50168415,-2.010503948,0.2342358519,1.57792771,-0.6873477765,0.3363142826,1399.028967,2.78,0.0121,416.8907505674291,24.52360069448128,40.80585488530802,-50.741755467814976,0.008027313222829735,0.36574276970246056,-3.0554638909969016,1583.133208601361,-374.6100096968512,-2529.5286611582746,0.8033475310502097,-84.32326171461251,-8.00255528228885,5.973544116474589,-367.84746461863443,586.9210384455271,-0.07273340526395863,2.5858247153712393,2.8689559646056675,5.151260795832204,5.147301569743092,3.5532636728403917,-4.613272225819558,-14.226452920487306,-1.234285707430521,4.620842964210494,-19.37955850426594,2.4287351534263184,-0.13272213972329605,-4.359375321314403,12.918644946289525,9.58362524833532,11.305487779684524,-4.124068822385441,-14.557482030039047,4.525680059114251,-2.07506157573083,-2.7045290142935476,9.932447995678023,2.844087587721241,16.171076954097163,28.483071590320222,0.6923731610201835,1.3353681259202932,-3.3220443093028305,24.861132130512512,-42.792838495789965,-24.538639327557142,-5.758664863503869,-0.562415647251925,9.760588178371677,649.7109954009487,207.18695475861344,1970.1526424833132,-115.72189309728066,22.427206804650105,26.392268938771174,-253.93747519786749,33.37940665676065,42.88933850914864,504.4117052757806,14.699264210172895,-14.140301311580703,-9.726732222488474,23.338955730072062
2.555078771,4.432375033,2.788321168,2.526378897,2.265065913,1.495942458,144.8464238,158.4877891,153.0409286,159.2091834,17.2336,0.01224376414,-0.2416839159,-0.06203098523,-0.05803984264,0.008073194133,1.222994644,0.8302582398,0.7403840651,0.4080596646,1.163432179,1.05447993,1.060325802,1.161540241,1.382399229,1.043021965,0.8013125689,0.883936711,1.091964846,0.8546782519,0.7581009069,1.04052498,0.9893831232,1.069451491,-0.5229839381,0.9878157192,3.510570586,1.343863662,0.2712586037,0.07719803404,0.1570351599,0.0,3.9719429,0.0,0.0,0.0,2.149387791,0.0,0.0,0.0,0.0,5.664938443,0.0,0.0,1.291380412,1.886233569,0.364764268,0.6517857143,0.2283352175,0.0,0.48,26.3550291,4.983978521,5.098681808,18.19910121,56.51803741,29.38520368,11.44343983,4.736862954,28.26427081,4.736862954,26.35532375,6.9237372,24.73241481,0.0,0.0,7.811105378,5.565452274,0.0,13.73277723,27.60406272,52.83,1.944444444,1.818888889,0.6531972789,0.2867220962,0.177191358,0.07835935109,0.07246376812,0.2755952698,0.9582446066,20.6437026,-2.599943524,1.564951289,1.751890485,-0.7743182072,-0.04093873715,2193.977233,4.93,0.00519,426.3592602668041,36.010132773540384,52.893796482254565,-15.43579231262435,0.2360606153425971,0.3546443355877245,-2.825002807056933,2389.670478687564,-666.0251617004602,-3707.7854626109593,0.9896088640189413,-168.12277139990655,-13.666472284863046,12.408814675577876,-691.6166888856889,848.9861356471549,-0.591870459547015,3.28174391616663,2.732934076957178,5.3251976663262175,6.689472685377833,2.826415856231098,-7.8477652478217035,-24.745714546815183,0.3852214247816447,9.187227520459608,-29.87978943729623,4.9719660037675215,-0.9005920822121773,-4.255894847995533,20.862340444094723,13.710959101479535,16.644651525372606,-4.444628831420875,-18.43861338490745,4.966065412297573,-0.15555447124437616,-0.013089913798058461,11.64538229911238,3.0643145329402275,22.511445286591815,38.46600769746715,1.0392243140984356,2.057413174842357,-3.4133400427279588,51.76277489061364,-76.454129629045,-27.156385719608622,-12.01402678600566,-5.611870752884929,19.655589607218424,896.1472996434803,-19.67195250615137,3068.898713836706,-483.4810146992423,39.03512385378028,76.02840566708252,-502.99185323704944,44.99026021581317,73.34458915083718,721.9822388720363,20.15815686464036,-27.183547089687202,-16.109758184379587,38.78092803594753
2.598536944,4.112844703,2.583941606,2.551318267,2.09741784,1.541613285,145.5322426,154.5260803,161.4299729,154.9897587,19.07830071,0.006701377923,-0.1691533402,-0.006512383481,-0.1038867918,-0.1268038675,1.217148304,1.241258967,1.062233389,0.4223354958,1.120173,1.201633404,1.403659383,1.159317422,1.038062284,1.442613336,0.9681448924,0.6281198108,1.326857732,0.772943613,1.122866966,1.226628322,0.9389028316,1.068351162,-0.4349775878,0.9915107246,3.042073608,1.134637089,0.1928552892,0.08568810238,0.4665289338,0.1020620726,11.00297337,0.0,0.0,0.4324357521,0.0,0.2060728458,0.0,0.0,0.0,0.0,0.0,0.0,1.313801965,1.881884448,0.3636363636,0.63,0.2463572446,0.0,0.4081632653,28.85512551,0.0,5.098681808,26.83757867,49.09138463,35.61081351,5.693927995,0.0,22.51475897,0.0,19.74844179,19.26246487,43.77090163,0.0,0.0,2.189591837,11.93985971,0.0,5.189898142,16.6380053,43.6,2.958333333,1.909444444,0.9389569161,0.3038548753,0.0625,0.0,0.07751937984,0.2767228595,0.9603202782,18.4951808,-2.338647341,1.030150518,0.8763296799,-0.4940274022,-0.1527621895,1666.421116,4.69,0.00782,410.92467561602064,27.81456438331718,42.46181867603707,-17.67910728807461,0.1760324970436889,0.3788165542312976,-2.280687791201914,1950.3711554343051,-507.49412073424025,-3096.5683856033324,0.8804924790507969,-120.34133908462397,-10.103744150257468,8.55709742853999,-426.9873132258113,685.4869813796123,-0.3232334996046233,2.857052562886972,2.6264546791006786,5.303334918959566,5.946659154859458,4.442940364774426,-5.683986285763623,-18.38902473541214,0.13884890307101072,6.474976345311161,-22.2690087057787,3.440032156976018,-0.7947582855380966,-3.979761956648969,15.733047325903886,11.026313229053848,13.07783054706631,-4.269697031938641,-14.556235181320712,4.251815260192776,-1.0835208167924855,-1.1671799617883774,11.129907903702684,3.1984932290292893,17.858134485371945,31.352896504630934,0.8050350550337287,1.117602680523886,-2.599730933651715,38.927275794702865,-52.86486328411191,-24.70343168453017,-7.914493681262712,-2.7782909921340475,14.783258359658502,713.2474349588347,113.56216635419622,2126.4234748633985,-287.0300846894399,17.771316295954257,48.89115172060072,-406.4478965595705,37.545679827604644,57.4928617258954,596.8354951803835,16.403178892855596,-39.172830998768276,-11.59625838027974,29.159868607748166
2.525338955,4.403136561,3.166666667,4.445011338,4.375816993,1.56606309,147.0552359,156.1162666,160.0140535,157.6679597,9.21642562,0.01920828775,-0.5373378531,-0.1255792371,0.03696735665,0.05497175759,1.50297978,0.898234129,0.675819152,0.4321890093,1.002205507,1.052315782,0.9896779382,1.17371594,1.007446964,1.256477961,0.57249479,0.5472337755,1.011572101,0.9512244273,0.995102988,1.111650088,1.015850386,1.087623399,-0.4023963473,0.9726938403,8.002963604,1.394802091,0.1555775557,0.118827496,0.131346577,0.0,0.0,0.0,0.0,0.0,0.0,0.0,0.0,0.0,0.0,0.0,0.0,0.0,0.4429714664,1.235017671,0.4018426648,0.6206896552,0.1800091533,0.05354064039,0.5227272727,37.8919591,13.46263303,0.0,24.26546827,54.09438804,11.12690298,11.63444168,13.57536728,28.07166874,11.29293437,15.68766447,11.63444168,10.35798868,8.780830095,23.10088831,29.0938682,0.0,0.0,13.93683421,29.75833961,80.88,2.541666667,2.056666667,0.7779138322,0.4142258755,0.290625,0.1693704724,0.08695652174,0.5256126869,0.6912728181,22.10739849,-2.284338899,1.255668883,2.084039715,-0.5608146339,0.299912011,1789.43914,4.69,0.00395,411.7820682072877,30.219660527805264,48.32348792327548,-37.01160905134484,0.11335977534444902,0.3373801080790045,-2.880617745565586,1934.542159406162,-520.1269285900141,-3179.6712529395527,0.9097683594462029,-128.47102527723138,-10.619019352059189,9.576849279402177,-570.5417780165276,704.1867785996777,-0.3181083853825951,2.8827041935357642,2.995921454133258,4.971064969550247,5.667905348330487,2.7047383618609495,-6.0206257158143295,-19.587044908106925,-1.0222718033551017,7.233455320320182,-24.963458659087546,3.7011024607340217,-0.3412244916499789,-4.491075943886791,16.702047025360688,11.552693237330825,13.761156358720372,-4.520370428250082,-17.58902830853712,4.651719586800096,-1.2835814162299173,-1.4770535396055768,10.90397051966173,3.1370946902211965,19.504901196664125,33.00912434530536,0.8628828155629298,1.6975398577368292,-3.692798666496853,36.64274374376113,-57.62000257582471,-27.22963712089597,-9.308577880516902,-2.79260548908455,14.162786193144983,795.2893453419316,88.88260321177299,2717.79734779993,-326.6827765325093,33.796415450609175,50.48737038808662,-372.6763435066852,38.91040950299651,56.736134592259525,607.9545472172207,17.27550601655648,-15.431106989821266,-12.886789610770496,31.136716657009053
2.478903901,4.498947703,3.11965812,2.913291796,2.608134921,1.532004255,148.7144744,158.2270532,160.5793272,162.0675059,11.82852749,0.01512289503,-0.5002492977,0.1872527403,-0.02174274371,-0.06618720033,1.600987535,1.419409606,1.234855012,0.48468849,1.117846798,0.9063867099,1.048145151,1.043017464,0.992012404,0.9838084421,0.9030857354,0.7605897659,0.8027623524,0.8739240173,1.028429083,0.9539205299,1.039393081,1.077895103,-0.38328166,0.9929414619,3.057287549,1.434202526,0.1612723038,0.09431792027,0.06365387513,0.0,4.066000909,0.0,7.434471211,0.0,0.0,0.0,3.426799624,1.751677348,0.0,0.0,0.0,0.0,1.23346881,1.986970789,0.3426573427,0.675,0.2153263677,0.03083333333,0.5490196078,27.76419866,14.98529578,5.425791397,29.8385728,44.18896278,23.15437369,12.16293986,0.0,11.38785599,10.74258,26.29938345,20.01325001,22.77571198,5.687386275,0.0,0.0,4.642832605,0.0,11.91630315,24.29046293,83.3,1.479166667,1.797777778,0.5723809524,0.2590230537,0.211882716,0.2026303438,0.06481481481,0.3673626516,0.8809788871,25.85935857,-2.484321492,0.8571832799,1.177150037,-0.8421257782,0.07559277016,1775.101084,3.24,0.02,420.4984916973466,30.15914146177777,46.124662886600966,-30.320080760504986,0.1340133710873414,0.30178584545488046,-2.8616324310586787,2003.7132328834286,-526.5827932200793,-3169.6977701900446,0.874048000531054,-124.30657614581632,-10.173179076113694,9.55215674679767,-474.3053890046793,704.6560704264336,-0.3381231202382139,2.857596573662731,2.96676464608651,5.569769500661535,5.882822541264378,2.8515048732929746,-6.028704724847805,-19.17689293524734,-0.6896367921280007,7.031331517111228,-24.21642694105482,3.63582636637849,-0.4731382415340082,-4.458936054762397,16.413498741118467,12.038920984534297,14.195715939168661,-4.774174721085156,-16.71710820255314,4.532822019435707,-1.117728119479804,-1.3460825876828824,11.058727142514822,3.147833854226711,19.754096837249023,33.552380816302396,0.8620331615766353,1.766934112549785,-2.9910412987409867,38.13727780611174,-61.945810902658756,-26.537208629047868,-8.911636610120476,-2.7906838130204443,14.86013035611199,775.3074308281998,105.88263716806247,2518.774043813957,-285.4126680543351,48.03707290377838,49.96905343301596,-367.24708716782806,38.80179849411849,58.965177513530165,612.1705387967423,17.4111181985046,-16.101382834594315,-11.654367699804173,31.534575071720354
2.480081368,4.57156931,3.1640625,2.900858175,2.772569444,1.485628527,147.5967449,157.5778633,158.8021311,160.1577461,12.84056122,0.02531805969,-0.5648609039,-0.0125664041,0.07890751009,-0.08917231483,1.612944642,0.7662450433,1.147745334,0.4959842605,1.100221619,0.8840556274,0.9201953113,1.134493685,0.9926006136,1.010031649,0.7836193035,0.5940282103,0.8414811931,0.9025015269,0.9624173122,0.9709364693,1.068357346,1.016467124,-0.4868866713,0.9729224913,7.008276949,1.424213939,0.1422704829,0.07784742295,0.0822774992,0.0,2.080033024,0.0,0.0,0.0,0.0,0.0,3.323818237,0.0,0.0,11.00887229,0.0,0.0,1.007363274,1.690914394,0.3548387097,0.6666666667,0.2070298978,0.05733005733,0.5,31.09121391,4.983978521,0.0,12.99010427,61.01812524,22.50821725,5.824404498,14.26826309,34.14425914,20.52418199,27.6520576,0.0,28.80005837,5.687386275,5.907179729,11.00887229,2.757574476,0.0,13.68110042,30.23940689,115.15,1.729166667,1.917777778,0.6131972789,0.3084057697,0.221882716,0.2549760229,0.06837606838,0.3863619115,0.7831370653,32.98258019,-2.841932038,1.166248501,1.913257985,-0.890832582,0.2383026139,3171.239637,4.55,0.00756,452.63426516913705,50.665604030476864,74.8396905538358,-20.66803358565317,0.2904632149548846,0.2101118427990329,-4.039618817710108,3185.948608753554,-957.0986483335124,-4913.567675013318,1.2247446575875007,-259.76262295823005,-18.730149163120224,20.101393520392236,-1212.011225371223,1093.224407544788,-1.023568520016455,3.94530126565142,3.7481344279215696,5.62483555123705,7.953754258540105,-1.4469022328852184,-10.530872642132328,-36.307780277029636,0.0818459331752136,14.77163231379032,-44.91086204572261,7.565467570165241,-0.7898648367193841,-5.042295681254631,29.489706984703098,18.442541717372045,22.724219591682505,-5.672167646708292,-28.025949903817718,6.1782700284014975,1.5307684161214052,2.297397173521113,12.263313479659704,2.6970570361949666,32.786552143855474,52.48224420632392,1.4631256236825958,4.340311413097164,-5.005062880691567,71.44958533516987,-122.00782735786234,-32.980393650046814,-20.75801139949145,-9.537032923775483,26.797703954939674,1280.0304261182857,-252.00058281389477,5131.950878988841,-831.9718532996463,90.38106596923588,120.8071530116507,-656.4573428408709,58.448713786920024,100.3102843567893,922.9947478658479,26.927790372539253,4.140136266856736,-24.631076786334706,57.617732512472905
2.479001939,4.631280891,3.398230088,2.875,2.743295019,1.642406372,143.0831174,152.9262545,156.3068326,157.3923172,9.9336,0.008293624389,-0.1779764776,-0.07877877878,-0.137797619,0.1088355106,1.119614768,1.293366728,0.8846832365,0.4797786292,1.066816817,1.108677643,1.15158046,1.027146811,1.164971022,1.102169349,0.5350823045,0.5254419192,0.8094588123,0.8704842323,1.022110785,1.001904341,0.9992655869,1.003481291,-0.4294243985,0.9113367049,6.027276355,1.417033027,0.1517475095,0.06735872175,0.0761440227,0.0,1.981398874,0.0,0.0,0.0,2.041494094,0.0,0.0,0.0,0.0,0.0,0.0,0.0,1.065584898,1.803063462,0.3266666667,0.6290322581,0.1817506082,0.0,0.56,30.56605905,0.0,10.36057336,30.33183534,60.51520966,29.03729084,5.693927995,0.0,28.58398029,0.0,19.74844179,18.25485007,16.82083098,0.0,0.0,1.915285809,2.554288299,0.0,22.25607564,32.77124234,67.39,1.909722222,1.785,0.7356462585,0.3441751701,0.273125,0.1610039792,0.05442176871,0.385977876,0.9635242893,26.95382491,-2.335577368,0.630870347,1.708844506,-1.048251297,0.2298074409,2295.766178,5.33,0.0012,416.79463897665346,37.876967158966124,56.25429469997564,-20.06160496171112,0.2415219792494745,0.31758786804424854,-2.7411121289953817,2424.6681882105186,-707.9684351228873,-3887.5076929239144,1.003319195141292,-179.03990793132368,-14.066910898946288,13.689575008636593,-798.0914991572928,863.3452902175169,-0.6384336513985356,3.280704040803285,3.0572797472640807,5.0668637854724565,6.525936592458162,1.5919573683045156,-7.713519888630925,-26.066927740677347,-0.1068108341865881,10.269274754663293,-31.843453364534458,5.244638842464928,-0.6746708239549566,-4.689593810399,21.4414692546983,14.506862020662197,17.464790824339804,-5.131473581418188,-20.581503319560795,5.056499629725806,0.06848593405633796,0.5145793143001398,11.681585337819186,3.298663209433354,24.13392781994194,39.38268064501145,1.0921159317909899,2.3447568068856777,-3.654523387546547,55.86722082933322,-80.3920633888304,-28.119682677421878,-13.622838165683895,-5.758114516288205,19.89265156655105,931.1182391956347,-50.137522638005045,3418.396069141807,-536.7255042524049,56.982852564874726,79.13437080539492,-531.1107137698318,46.497120291785784,77.07634297106502,720.5624744140864,20.804189008638073,-19.41264301541691,-16.72230658023438,41.24431622900105
2.479001939,4.631280891,3.462962963,3.028034979,2.929526749,1.609560206,144.226992,156.5061101,157.7740327,159.4458081,9.635985006,0.0119572228,-0.4564159634,-0.08945088397,-0.1396992502,0.1177349343,1.422910132,1.483774085,0.9086790903,0.4502277163,1.073799549,1.068965517,1.125159642,0.9867521659,1.178341075,1.088888889,0.5793055915,0.5326537114,0.942837815,0.9146784534,0.9587382348,0.9685689506,0.9828998619,0.9394340769,-0.3984033315,0.9113367049,6.027276489,1.401259818,0.1657447437,0.0818752694,0.06121327886,0.0,1.966057321,0.0,0.0,0.0,1.652760156,0.0,0.0,0.0,0.0,0.0,0.0,0.0,1.012751919,1.757726527,0.3355704698,0.6532258065,0.1788392674,0.01491935484,0.5714285714,31.93238853,9.967957042,5.261891555,18.19910121,61.01812524,18.31159319,11.51833249,0.0,28.84493329,0.0,24.9198926,18.25485007,22.64523548,0.0,0.0,0.0,1.966057321,0.0,16.1175846,30.30889664,91.14,1.909722222,1.785,0.7356462585,0.3441751701,0.273125,0.1610039792,0.05442176871,0.3988873239,0.9270493051,30.65739048,-2.362502928,0.6173880409,1.951043149,-0.9122324535,0.1370880277,2500.570209,5.8,0.00336,426.6944581139653,40.798930731975005,60.92948669800715,-23.672223568133198,0.23882231361250253,0.2555289575484881,-3.171721815839037,2601.5009626310807,-757.8063679691036,-4099.657359670556,1.049316362917103,-197.49018730086465,-14.620834187441021,15.353593365302894,-855.9439691458689,894.850290001996,-0.718498480910621,3.3880216884864076,3.344770919442486,5.345648267364907,6.854350674634814,0.7228835646415555,-8.251862226137206,-28.29429909276653,-0.17550726319520016,11.227695539152453,-35.01862256317912,5.6450873185525925,-0.5635552982543226,-4.9600554952270945,23.164966787794985,15.482581854026673,18.691299373491987,-5.527876024493251,-22.647932561829148,5.294130764578418,0.28564104955856195,0.6970342211861613,11.73034300048944,2.988192578151854,26.48077972000774,42.573798136392675,1.1800223609498823,3.057277098713629,-4.011202569599074,56.72963202209266,-90.8295136736747,-29.69810022917981,-15.09096911459907,-6.232943929764732,21.174087026300384,1024.3069549026568,-80.69360928294805,3875.037977160358,-584.0812198921866,66.29143946553182,87.11561810463249,-551.168288321765,49.24108108972143,81.43403735126373,765.3135035682681,22.242515929151715,-9.220206881064206,-18.406721752261326,45.29711581170084
2.465643417,4.283921669,2.935483871,2.973381671,2.701956674,1.858157958,143.9739518,153.0548419,152.351071,154.6114403,6.123702422,0.01492122814,-0.6333730612,0.1514258902,-0.2006727667,-0.07218187571,1.621491961,1.413549912,1.261908157,0.5861304209,1.036789788,1.068253418,1.134772598,1.035227037,1.208998549,0.9951620706,1.134996113,0.847816524,0.8261943039,0.8270493719,0.9325094015,0.9862004227,1.030876361,0.9418063223,-0.3944131821,0.9929419474,4.005274654,0.6050198846,0.2342784951,0.1128875401,0.1090616971,0.0,0.0,0.0,0.0,0.0,1.709081227,0.0,0.0,0.0,0.0,0.0,0.0,5.964692814,0.96336446,1.757452657,0.343417825,0.652173913,0.1877317429,0.04087784679,0.6176470588,30.03943921,9.967957042,0.0,35.07045991,36.39820241,16.78292838,0.0,0.0,21.82845468,5.733667477,14.95193556,0.0,0.0,5.13155848,0.0,0.0,0.0,0.0,8.462470418,19.69219069,64.69,1.284722222,1.517777778,0.4301587302,0.1352985639,0.0725,0.06172839506,0.07207207207,0.5097904863,0.8814507007,24.78872935,-2.272945135,-0.112705499,1.063136673,-0.5631071972,0.275493331,2051.322224,4.96,0.00399,409.0141324619317,34.8934541934513,51.458521744895364,-21.255836879804768,0.2124882342982527,0.33386075695131573,-2.629029704436798,2188.1631667423085,-631.605023323237,-3564.216525613055,0.9468911480911345,-153.93880387394853,-12.615885916454179,11.539588133011113,-696.6425896028517,798.9216676834169,-0.5237627573639262,3.0872771413269393,2.828493362125803,5.014894248531751,6.045916150246487,2.13176401603577,-7.216339787670853,-22.869853083261447,-0.30065679203648865,8.669804630357602,-28.459152373326837,4.9519222462309544,-0.70883080148245,-3.7363677933997845,19.66262680346725,13.101589964426545,15.592405946483982,-4.417787844346394,-18.622373227366943,4.907484656531367,-0.27484003144916946,-0.3928466064220508,11.242761349425146,3.3240345084493392,21.558088769131647,36.1890388443023,0.9777417296858654,1.8971115537989025,-3.448200300445788,48.2755062922576,-70.79400975237895,-26.44140677380436,-11.542089399731193,-4.816011942845401,17.67373102835602,846.8487383944051,14.841098385217062,2918.820865783911,-441.99911946350596,50.73153776515012,67.68710509486722,-446.252955102334,42.678278947783134,67.75278885305801,677.4560489802366,19.292066731497037,-17.816299429348526,-14.682763479249132,36.053446237627725
2.479665346,4.592143098,3.5625,3.231040564,3.106995885,1.661766559,147.8576336,158.8781108,160.684604,159.362657,9.349932096,0.01595587589,-0.5088455435,-0.0820878804,-0.05698237828,0.04028000862,1.529575001,1.257509889,1.081710314,0.4385985993,0.9790098329,1.094296231,0.9776112059,1.078939469,1.055079684,0.9884558235,0.5349663017,0.6209469118,0.5561428657,0.8361368736,0.9623167871,1.168932448,1.267573593,0.8781389542,-0.3836349625,0.9925445055,8.003004566,0.6049847752,0.1534625213,0.09490509593,0.1442023177,0.0,1.919539727,0.0,7.206416412,0.0,0.0,0.0,3.114285714,1.692191859,0.0,0.0,0.0,0.0,0.8867723818,1.099330693,0.3647475072,0.6693548387,0.2166534607,0.01743471582,0.5957446809,31.83179984,23.76612587,5.425791397,35.61190719,31.19885851,29.57519531,12.03246336,8.780830095,11.38785599,10.74258,21.31540493,24.72395449,16.13452668,13.91238858,11.63444168,27.5406754,2.029999908,0.0,9.823552408,23.86358443,67.51,2.041666667,1.908888889,0.614829932,0.3699058327,0.284691358,0.2275257627,0.07555555556,0.4678099884,0.7885187336,28.29158396,-2.583451918,0.7429403579,1.892927879,-0.6130626846,0.3670265672,2599.830376,4.67,0.00291,438.6502889412242,42.45099820187767,62.724255205360144,-16.403476621778786,0.2904971712988381,0.3893241608690202,-3.3763674718409966,2708.6793808970774,-795.894981402765,-4199.847107393142,1.0685237956489724,-205.97884126777197,-16.876316438185345,15.806790059953506,-979.8026851636633,1013.0738581972148,-0.7978747308992344,3.631838100449768,3.4003093521478225,5.051673429505428,7.06976909257306,0.6400344947386313,-9.012828987348813,-29.81574880215058,0.7113503315373987,11.935920731778003,-35.39960027239647,6.207523501568684,-1.0856310687334756,-4.9806086743145634,24.175958514113965,15.800411630128455,19.57297465615617,-5.0365047012015065,-22.378460890593797,5.3355004361977,0.756693748620568,1.1501549805817928,11.94273658934421,3.1232214259874103,26.67716345122331,44.33215590639504,1.2250094369778528,2.7199999540524784,-4.061741094634482,68.59212516443522,-98.4850813580666,-29.538608822027058,-15.566962132308493,-7.770582886906079,23.955115440497874,1027.1465041897354,-147.54421938387466,3745.987607305278,-639.6991796093117,81.04286474123803,97.26971330650876,-585.9878056377756,50.593311949126516,88.87211128767855,788.5302596288154,22.844673240111188,-19.78408778879945,-18.56829152035867,47.09203032027805
2.492035489,4.487359145,2.888888889,2.733560091,3.03480589,1.617923678,147.3991036,154.2576256,161.9265127,160.0736553,15.08673469,0.01285467479,-0.480852615,-0.0779251144,-0.05781279077,0.1696048632,1.504656611,0.7304488471,0.9027343364,0.3833055092,1.064435043,1.06883267,0.9912652039,1.176410592,1.173759526,1.063807911,0.58868143,0.5910551455,1.396988737,0.7017415548,1.026803091,1.206700908,0.8367400712,0.8202981361,-0.4341321577,0.9777152688,7.008279652,1.400895413,0.1743234778,0.1503949091,0.1344810761,0.0,5.651512663,0.0,0.0,0.0,1.274166982,0.0,0.0,0.0,0.0,0.0,0.0,0.0,1.017009637,1.538202089,0.4056338028,0.67,0.1903330472,0.0,0.5,26.04224331,14.64975998,5.098681808,12.13273414,43.67639416,18.30505147,0.0,0.0,17.07524226,5.559266895,24.31554143,13.8474744,11.25737949,0.0,0.0,3.294369174,3.949514277,1.701998386,6.471547555,18.20753213,65.6,2.0625,1.78,0.6970975057,0.2297808012,0.14125,0.07846138149,0.08672086721,0.3282079126,0.8671669724,22.8521175,-1.894601042,0.8496142056,1.153068004,-0.5375911895,0.289670415,1320.599449,2.94,0.0339,404.5977918542953,23.12264152917664,37.50536112297899,-39.64666922544904,0.04279712968232835,0.3500498682277228,-2.3776164986388837,1565.4679236159466,-381.4034457649268,-2589.551033052938,0.7841839893032037,-81.25251324758389,-7.169822257360709,5.568109261556888,-296.133205880937,547.0412105467063,-0.06631311117374233,2.480270370391692,2.697230089300847,5.221925959188353,5.182632876966545,4.299261111223511,-4.226343400886467,-13.565588062705949,-1.0279732630475478,4.426659822687142,-18.04937916731533,2.2401019919215654,-0.2687998601121022,-4.232893571235018,12.263003223123109,9.37864973488739,10.835804877756294,-4.4369459257267145,-13.17919901923565,4.224028292603033,-1.9942019096840704,-2.446546214499774,10.183802997849279,3.1339663627024783,15.300711622573782,26.698175698575245,0.6577008581039987,0.956342644741985,-2.5929030441442906,24.883341612651204,-36.51049102100733,-23.551897652917564,-5.291808462331473,-0.23746236759466383,9.673695986817064,611.3178635878154,234.37521153542986,1798.7959182211705,-118.37742127055276,11.376776561491534,24.61090968768213,-285.120034360192,32.916946939490956,42.58500308593939,497.0443096972542,14.08675406259077,-26.961624353067123,-8.868517110289366,22.00719772516566
2.483385735,4.381949493,3.070707071,2.618634259,2.634130658,1.561155083,146.0578528,159.9350345,157.6264411,157.3129716,11.63090737,0.01620156269,-0.5778642928,0.06283080431,-0.05747209266,-0.0126992477,1.610225786,1.254295568,1.091604111,0.4769528305,1.197549556,1.004620283,1.05908195,0.977774463,1.044091233,1.072121122,0.6434435879,0.6139651609,0.8837289492,0.8652005636,0.8218864025,1.042686725,0.9962458505,0.9885781782,-0.3640315676,0.9779111491,7.008271111,0.6094207569,0.1683340252,0.1038885657,0.1110709264,0.0,3.895903634,0.0,0.0,0.0,2.123714284,0.0,2.824598601,0.0,0.0,0.0,0.0,0.0,1.047558133,1.851460703,0.3333333333,0.6574074074,0.2473579341,0.03601532567,0.4130434783,29.55684488,14.95193556,0.0,6.066367068,25.98020854,36.02384191,16.52595619,4.794537184,21.95893118,5.316788604,32.38785022,6.9237372,24.86289132,0.0,0.0,1.131706392,4.535530137,0.0,5.488817875,18.33738983,83.56,1.576388889,1.518333333,0.6370068027,0.2849899219,0.2253240741,0.1356004489,0.06878306878,0.3676936024,0.8713565536,29.63745681,-2.65206635,0.3596462012,0.5536116794,-0.660343363,0.6871010674,3074.962331,6.49,0.0161,451.8236489093915,49.308037398488345,71.98026222699617,-12.568331936114276,0.3334764109334341,0.28197922209213666,-3.8010277106418533,3135.1064243978453,-938.4044173486653,-4747.679453857068,1.1938838259754352,-251.50849308995203,-18.880009705633572,19.427890011956073,-1132.9189041916748,1110.8285016652844,-1.0234074541136635,3.943944736512018,3.6592185140821134,5.442503215616131,7.927473408960142,-0.6262291069333192,-10.488107597651426,-35.21437651338751,1.1812853120417737,13.989663439425797,-42.56767226247355,7.329001165736221,-1.2137467643222388,-5.030609714115761,28.67924080181332,17.78767786286424,22.114425374998483,-5.299033389938398,-25.665639220469686,6.005241256196802,1.5812669828531243,2.049420962082766,11.988899169162188,2.689657384665992,31.14977707213303,50.95590373582714,1.4230070687506398,3.8918256878944,-4.513087972194034,73.93388956288864,-119.16560470888056,-31.053249650032942,-19.207737699123218,-9.637945288354441,27.620633113827314,1206.259273065098,-240.04189816025962,4598.474425218624,-793.2601263947115,83.11163703689965,120.0637287989239,-667.0363174266136,57.07223628222833,100.22860982938339,905.646445870005,26.197079319090413,-10.70366570775414,-22.941574333881977,55.80394144246726
2.43849921,4.504189134,2.923076923,2.671010517,2.805578938,1.677420942,143.7896721,152.3103804,158.0852997,153.4832998,9.503401361,0.01772725376,-0.462831711,-0.1307629018,-0.01360294654,0.01542913591,1.367957858,0.8304140972,0.8928786477,0.581361142,1.050609612,1.118048297,1.000082845,1.217674155,1.077801381,1.15582404,0.9859012343,0.6563158189,1.372269866,0.8577817207,1.020153614,1.088243416,0.9317702452,0.8980867165,-0.3818395905,0.9929531552,6.002808249,1.304464196,0.2762402534,0.1596592802,0.1135002979,0.0,1.986431231,0.0,0.0,0.0,1.42341819,0.0,3.407812736,0.0,10.25548433,0.0,0.0,6.100206976,0.9964455782,1.658726781,0.3530070975,0.6346153846,0.1807095864,0.03585818943,0.5476190476,28.66751562,0.0,0.0,29.8000411,48.8853911,28.66715822,5.749511833,5.106527395,17.00689132,5.316788604,15.07448444,6.9237372,5.563451492,11.37477255,0.0,0.0,1.986431231,0.0,11.26381934,25.06022617,58.04,1.9375,1.462222222,0.5706122449,0.246409675,0.105625,0.1115192327,0.07588075881,0.4395766336,0.8823394762,24.12017924,-2.294812311,0.8353642376,1.365457277,-0.6872409346,0.2072383398,1405.630399,4.83,0.000836,399.1995603154454,24.768235684063804,39.203677655789576,-33.52780168421567,0.0911154884385309,0.3883840497361509,-2.3650993704039056,1617.0974102472117,-410.5899363742512,-2677.223084118267,0.8173476321529272,-92.24117508734297,-8.591957424033323,6.179083332158433,-389.016207109191,595.5154011085211,-0.14842074121381785,2.584564272855241,2.6575055230173152,4.9389343871363005,5.139341673708504,3.8369243761211926,-4.731308766433165,-14.789591353407499,-0.8279380542559331,5.061575110590262,-19.253220004352425,2.9532532282412944,-0.4065626783487306,-3.5803913010234645,13.39121361432415,9.65870772004617,11.270401367777731,-3.994642285606966,-13.976929621898744,4.192549922086349,-1.64684066061127,-2.189384399571728,10.177845360884932,3.16459708118058,15.76144684043349,27.757967222490333,0.6929750149044213,0.9997733919180419,-2.813831795121688,29.549218902962114,-41.60085751603963,-23.54745639782289,-6.229563860607235,-1.2929212236362524,11.05471787810098,634.7187130408544,183.96421436006324,1851.1730027218641,-182.26641281228842,19.245221367703856,32.79733071872252,-300.7735360605229,33.49169855813236,46.44453132049173,518.7322216437223,14.61000066968166,-28.131450280556137,-9.747854472813659,23.488651287834283
2.479111826,4.547271052,3.12,3.018126177,3.056273946,1.526190147,147.7678113,156.7782015,158.6586773,160.8911761,11.41046636,0.026684431,-0.5606011355,0.08652962401,-0.1131196355,-0.06756787684,1.602021068,1.043348349,1.01130255,0.5073431032,1.12712131,0.9102200954,1.005318746,1.106635593,1.082947805,0.921215594,0.7907875008,0.5894675785,0.5313304544,0.8740983212,1.018115806,0.9559684651,1.064892119,0.9486023576,-0.4868851367,0.972936301,7.008276743,1.430639411,0.1444275508,0.07905164212,0.0822774992,0.0,1.952686545,0.0,0.0,0.0,0.0,0.0,3.286112896,0.0,0.0,10.97545765,0.0,0.0,0.9135910722,1.680214706,0.3666666667,0.671875,0.1947446665,0.059375,0.5283018868,31.28229084,4.983978521,0.0,12.13273414,55.45467375,22.50821725,5.824404498,14.26826309,34.14425914,20.52418199,27.6520576,6.9237372,21.87632117,5.687386275,5.907179729,10.97545765,2.588365377,0.0,11.82790416,28.28433715,115.15,1.854166667,1.957777778,0.614829932,0.2711404006,0.2940740741,0.2356881951,0.06535947712,0.3998106863,0.7726923918,31.44142638,-2.539933055,1.281219329,1.84296174,-0.9568408257,0.1989592035,2779.235079,4.16,0.014,443.2292298890311,44.65275542800733,67.13878952622356,-27.586162484338125,0.2300406851539884,0.2140417944004298,-3.8434690773330074,2838.8696220180996,-824.417409453504,-4398.3464301290805,1.1332855966555229,-222.1711662164143,-16.165537064744793,17.096918582576496,-999.5399194135824,961.584853504922,-0.8174832599320964,3.6205784765115583,3.5433114128393024,5.614016468707514,7.339723294702797,-0.34651521229584104,-9.215875516462448,-31.554013037616347,-0.47002370689831974,12.621819119466032,-39.35795986589186,6.336593938195641,-0.48697567123731433,-4.979165600581499,25.73518409803079,16.604148070913297,20.30230782155796,-5.498111746916598,-25.325854903503892,5.640461017353318,0.6463558929031282,1.2166982352813867,11.922031194505443,2.69337561094218,29.283164053684786,47.16977047429337,1.2946988040885763,3.780463970484196,-4.671413454735094,59.448710656658065,-104.75118832786909,-31.710636564035944,-17.36523470629655,-7.460734108266846,23.000340107436703,1154.325037457168,-150.9782312161217,4535.596034393466,-673.5801855655236,76.99513617412111,99.77971341789333,-568.2898143059633,52.82336515309882,87.38758759908436,831.8253740067336,24.19366436703653,2.9693659388786195,-21.39008082920693,50.372470590138775
2.487009195,4.261518188,2.772727273,3.09244562,2.541861785,1.90698264,143.9739518,151.6380716,149.2113874,155.4240932,7.123702422,0.01503348894,-0.5943088524,0.05640216116,0.02297515788,-0.01475592122,1.577655479,1.412509701,1.158347712,0.5940188589,0.9851330408,1.051737393,1.108162066,1.07012233,1.257256894,1.163176446,1.112719455,0.8886730673,1.213597965,0.8012615236,0.911781923,1.091177662,1.069827703,0.8638731236,-0.3876330503,0.9929419474,4.005274667,0.6050165637,0.2347559593,0.1131187036,0.1323278235,0.0,0.0,0.0,0.0,0.0,2.000787282,0.0,0.0,0.0,0.0,0.0,0.0,5.925984915,1.052361111,1.611966333,0.343417825,0.652173913,0.1878159942,0.04087784679,0.6176470588,30.99869023,4.983978521,0.0,41.13682697,24.26546827,23.34336285,5.693927995,0.0,21.82845468,5.733667477,14.95193556,0.0,0.0,5.13155848,0.0,0.0,0.0,0.0,8.857406552,20.15362571,64.69,1.534722222,1.352777778,0.4824943311,0.1385739481,0.0925,0.03713906744,0.07207207207,0.479912648,0.8965942281,20.25030454,-2.399473009,-0.1937372504,1.265458768,-0.6125296875,0.1655021392,2043.384683,4.96,0.00455,407.16957928318794,34.81303664211717,51.16615991356673,-19.463747017981582,0.22262657835483285,0.3364190975802071,-2.591052226203834,2175.4697531764336,-632.7457175286099,-3579.667663953944,0.941988925916984,-153.11105756820191,-12.530971538211642,11.582630445549293,-708.4011294892687,805.3328901929351,-0.5283007558680287,3.0770220032462388,2.8000091119445285,4.949503791986766,6.010640695184904,2.1342189880108196,-7.243443760572534,-22.861754853584497,-0.33801939871444864,8.70686475905295,-28.28620003544529,4.961465586017253,-0.7273247981800564,-3.7611729123266295,19.577967724328143,13.171615386440894,15.697467758906127,-4.428355979438795,-18.452066120837912,4.933162117142551,-0.20957709728370588,-0.3478357531709406,11.314908044162571,3.4219139258085973,21.436564657850113,36.01853938151193,0.9754475137409903,1.76575782866861,-3.361171728843109,49.09691494963107,-70.83748031205384,-26.36684478894931,-11.524469213612875,-4.969782761396968,17.796806389677457,838.1525247415245,14.636011360505028,2897.577276713651,-446.19536096269513,53.89085766513521,68.16840781996858,-447.55136218078616,42.378088767036786,68.1102040634508,674.9278843277265,19.281409399679603,-16.727133951151465,-14.419786836474543,36.00960786702935
2.598599924,4.177615663,2.64516129,2.518864013,2.38121345,1.496981687,144.7481467,154.4154414,161.0072678,153.6647655,20.921875,0.01206718801,-0.4214670369,-0.1384942845,-0.09011862114,-0.02921096908,1.456967563,0.7670059865,0.8412844679,0.405634448,1.023915363,1.269280056,1.173520069,1.189074924,1.071884984,1.253635973,0.6543513407,0.5115007047,0.7398976579,0.8035041759,1.056713566,1.176291255,0.9303783243,0.9943278297,-0.4922512719,0.9778508232,7.008273305,1.134637091,0.2338284567,0.170726223,0.4804178227,0.1020620726,10.63799214,0.0,0.0,0.3549003585,0.0,0.1394037261,0.0,0.0,0.0,5.117696379,0.0,0.0,1.233510041,1.828967782,0.3533653846,0.6206896552,0.250606547,0.0,0.3571428571,31.02657594,4.794537184,5.098681808,38.9703128,49.09138463,23.72004194,5.693927995,9.531400138,22.51475897,0.0,27.34065052,12.33872767,55.35869951,0.0,0.0,7.25520126,11.88452176,0.0,7.980633221,21.73132837,57.01,3.208333333,2.069444444,0.9389115646,0.5590986395,0.2909490741,0.1598857259,0.08796296296,0.2988904237,0.9290552413,24.98220183,-2.752842531,1.118010582,0.7651899355,-0.3828097265,-0.01671795604,2769.846445,5.11,0.00207,442.1553693602365,44.32894318531593,63.52309471896688,1.0306611164146418,0.3468368790876958,0.355372900696221,-3.1665088390972222,2947.772934767158,-871.330583489455,-4523.2726705112855,1.1194637804228784,-225.11852838161323,-17.060375020568408,17.258945041511343,-999.2425204003581,1063.4344184996999,-0.9016382658376271,3.7608482806927452,3.225509393369661,5.439392665587097,7.750296388472365,1.1891617533220067,-9.581137405414198,-32.029238957985804,1.2776553016641885,12.846489396742678,-37.56019419190382,6.687533380311535,-1.4654894656245059,-4.602332899819981,25.92611740133069,16.514913887115256,20.518699206940056,-4.924476537621455,-22.58863508283063,5.639534652338522,1.3766950614705085,1.8159445605309652,12.231470330875574,3.195360812507971,28.048319183466724,46.91655057031444,1.2908808991070775,2.723627056299792,-3.7053947598159365,73.07169391769334,-106.42605930948338,-29.88593450894688,-17.043672350480556,-8.948892202596413,26.165371149326862,1083.2585471654213,-188.79842286307053,3928.489033966747,-719.2114952835435,73.6584158768194,108.96383111593467,-633.785322102948,52.93342877472339,94.55365316029287,852.6243810609249,24.19621730979958,-26.99119888019094,-20.722682642916787,50.65619065605013
2.557011231,4.503481626,3.936708861,3.81210897,3.611533507,1.817681677,144.9227928,155.9805176,155.9530945,154.302549,6.077339102,0.02458257913,-0.6249518054,0.1017057132,0.07330546078,-0.03923340964,1.572983981,0.8383571298,0.8676798747,0.4785085759,0.9895557351,0.9998514131,0.8735036841,0.8898063201,0.968100812,1.01029313,0.5774933337,0.4874048489,0.9366882819,0.8795546175,0.8007173122,1.033608652,1.175511014,0.912414327,-0.4060536366,0.972539243,8.001921173,0.6048934911,0.19178554,0.1291619787,0.3209421867,0.0,0.0,0.0,1.635157785,0.4514792749,0.6837866119,0.0,0.0,1.056189736,9.03394333,0.0,5.178010007,0.0,0.9965113119,1.34915182,0.4232245681,0.6666666667,0.2499033731,0.01915514593,0.5348837209,32.84089438,13.88979146,5.098681808,35.31654427,43.18313163,11.48135754,21.69013503,19.08601681,11.25737949,0.0,47.34627086,5.817220841,29.46110098,4.390415048,18.42124142,15.28635825,-0.4889180378,0.0,5.651091228,20.47702423,87.8,2.944444444,1.762222222,0.8344217687,0.4694428697,0.3768904321,0.2368207326,0.07523148148,0.5880511798,0.6905775078,28.47501584,-1.436049127,0.9767480586,1.034924299,-0.1989210391,0.2702281808,3814.583371,4.8,0.00327,473.527129417177,61.300949712544266,87.74088296656045,-3.3450383387846188,0.4519535680165191,0.3073713811661135,-4.412328810731533,3744.184685283209,-1185.8053890511064,-5629.2929572822695,1.3472558918163369,-319.3626846137312,-24.442520916713594,25.40136537707455,-1591.7604661404755,1416.1726120194878,-1.4190989059554813,4.614629367869837,4.210934486264097,5.1378398762279245,8.887405477964679,-3.500776399814431,-13.197021651153763,-44.38871815714988,2.152450092139559,18.40491523688487,-52.66799165824432,9.626965861735814,-1.8017033427227722,-5.4645269688910325,35.46052605391194,21.5215554117029,27.10761938269048,-5.616984483304156,-31.120213474680032,7.099744566890194,3.3039450175106477,4.282564592615431,12.261920475360007,2.789235662340851,37.76029085361023,61.21094723900404,1.7499656931815895,4.848549845588894,-5.126055218497005,102.23825928908978,-157.4888218438416,-33.55092734935916,-25.714977352528184,-14.199523433451718,35.45962828645476,1428.2023140390618,-464.809668623712,5772.432565265335,-1098.572112745165,130.86011263522727,161.20985898046172,-819.4555428252104,67.01304705717966,126.55866324493687,1062.299763725097,31.46723914261465,-2.7240812122520586,-28.440860177454905,69.88401225361378
2.556275984,4.472411765,2.913385827,2.854912764,2.390772128,1.56711025,146.3076746,156.5851931,154.6703335,157.2926313,14.19782707,0.01376833914,-0.4635751236,0.04459695183,-0.03512717053,-0.04755113074,1.460436184,0.9097463756,0.8135361603,0.4071275569,1.107228212,1.025314991,1.17652714,1.081901585,1.18991194,1.168277177,0.6911987976,0.4530491683,0.7646017877,0.8556843266,0.8682646925,1.187252743,0.9985329959,1.050212806,-0.4357126765,0.9729406777,7.008275627,1.343847059,0.1890085052,0.1283542617,0.1503247011,0.0,1.986246729,0.0,0.0,0.0,1.721297609,0.0,0.0,0.0,0.0,0.0,0.0,0.0,1.226651759,1.745528681,0.405,0.6517857143,0.211665326,0.03325396825,0.5106382979,26.88249416,0.0,5.098681808,12.13273414,55.66066728,40.64258317,5.693927995,4.794537184,22.51475897,5.733667477,25.65562151,6.9237372,28.16666629,0.0,5.907179729,2.095952433,2.905878355,0.0,12.06427509,28.93790881,86.69,2.069444444,1.938888889,0.6859410431,0.3257668808,0.232816358,0.1101969187,0.07092198582,0.3432404149,0.8483788421,21.61537291,-2.397336997,1.744369273,1.843095046,-0.608403271,-0.01204879314,2289.359455,3.69,0.0375,426.8272838119574,37.845363969541694,56.12565179898535,-25.02959368988345,0.19980004918424338,0.2741382664466713,-3.191493348607054,2426.1687061754587,-688.0397944767683,-3783.8140740627477,1.0051389316262636,-173.5190539595612,-13.489533992479272,13.341868675054599,-748.036483854587,848.1795504103061,-0.6016372799223528,3.2651489127177538,3.0391476081221485,5.425402208653558,6.628875497171134,1.4557314520536508,-7.8914771861665685,-25.581729577224927,-0.17593345159085283,9.749219807316225,-31.847060921070895,5.158152042960806,-0.6621927428080137,-4.473068654524837,21.564614814702832,14.235965590085858,17.232069957107356,-4.873809793784169,-20.608819730307992,5.083128523904286,-0.06787878289822924,0.06370993883789267,11.483340351698208,2.891914005310574,24.103472243208977,40.164574999489346,1.0815436906186204,2.61622971932901,-3.8385629336308,50.11075369487851,-82.34195580269115,-28.465388170435762,-12.996011013424427,-5.48132393468266,19.324298817447392,949.7710829462251,-32.85717106825932,3439.162459077259,-490.75173868634135,58.792430748759095,76.39042723611605,-478.922044893103,45.900438451582254,73.39828868114941,730.3772858362806,21.018655124164216,-7.5602502985809,-16.50026654912277,40.916985220942266
2.554852869,4.494754609,3.094594595,2.89084507,2.679549114,1.547426851,145.143249,155.7533836,154.2609384,155.047059,12.6,0.01657996986,-0.4501459458,-0.06924801344,0.06876251255,0.005785772225,1.420845698,0.7826905548,0.8220894246,0.4512286419,1.138289645,0.9896855526,1.016853277,1.125428735,1.177870315,1.078237719,0.7001354731,0.5168716132,0.6160515251,0.9149077088,0.8717581057,1.102337642,0.9679518636,0.9808471242,-0.4947181511,0.9729968731,7.008277118,1.343837209,0.1874700016,0.1017365183,0.1503247011,0.0,0.0,0.0,0.0,0.0,1.854149459,0.0,0.0,0.0,0.0,6.0880002,0.0,0.0,1.223624988,1.653768932,0.3649484536,0.6544117647,0.2002780667,0.0279956427,0.5636363636,33.49917118,0.0,5.098681808,6.066367068,79.06876542,41.14549874,17.19295166,9.531400138,34.01378264,10.47053043,25.65562151,0.0,22.47273829,0.0,5.907179729,8.191423177,0.9105578599,0.0,21.32644375,38.03017578,95.92,2.131944444,1.97,0.7160544218,0.2781557067,0.259691358,0.1747862463,0.06349206349,0.3554636761,0.8523574758,28.57290575,-2.846926776,1.954525425,2.033173037,-0.8473032819,-0.07506329155,2722.811531,4.23,0.00364,434.86398670154904,44.118730540703936,65.6953640178631,-25.10607111110847,0.24573020998364878,0.2398156071251914,-3.5692274241159048,2773.2495450755673,-814.284837402641,-4299.7749064648715,1.1177824644352083,-217.36939742118605,-16.033500368545933,16.727391495890185,-984.138695362573,957.2724316517359,-0.8093458907753366,3.595679695873546,3.3615174273194057,5.332312842161808,7.209954648474256,0.06567737745347624,-9.147236769939614,-30.876936146962482,-0.04607660800492219,12.182988521234789,-38.44454161481855,6.28980567122731,-0.6439631415380278,-4.746587897607657,25.474423643441497,16.186050466957845,19.789944577638305,-5.19482011016615,-24.31401110903559,5.663998279580547,0.7026210542259086,1.1547912479861393,11.671727540033778,2.713429643135734,28.281426855924625,45.806380446820995,1.2664931451993213,3.5135562545392727,-4.539459979558084,59.49093642447046,-100.63986703580218,-30.56048225228016,-16.893738619522843,-7.3895922993532315,22.67692470593689,1111.4309552622278,-146.94370641540664,4316.932055059404,-663.9566805164195,67.22275188939857,97.9598365450623,-573.7015357619009,51.97476077414017,85.90858966486658,819.0537808970652,23.82942446253707,-1.9557263045394881,-20.839447019816504,48.99360262563358
2.479015615,4.520309251,3.297297297,3.159067086,2.938583078,1.560510262,145.817401,154.9312634,159.4995637,161.7514613,9.9336,0.02258793037,-0.5624663556,0.0536445929,-0.1207944057,-0.02892923188,1.585180586,1.275879804,1.011352094,0.4979332692,1.054724519,0.9410364985,1.055147459,1.097591283,1.077243199,1.01089956,0.644322511,0.617318952,0.6350253144,0.8543536252,1.05282098,0.9999202382,0.9897793665,0.8835238988,-0.4868809218,0.9113366024,6.027276618,1.424257628,0.1684706171,0.08572212558,0.06263564417,0.0,1.95978238,0.0,0.0,0.0,0.0,0.0,3.319717734,0.0,0.0,10.97496971,0.0,0.0,0.9956574797,1.787344336,0.3409090909,0.6693548387,0.1908421796,0.0311502118,0.56,31.26935238,4.983978521,5.261891555,18.19910121,54.95175817,17.80213589,5.693927995,9.473725908,40.21348046,14.79051451,21.74487787,18.25485007,16.82083098,5.948339281,0.0,10.97496971,2.714256223,0.0,13.77113205,27.69615003,95.85,1.729166667,1.837777778,0.614829932,0.2711404006,0.269382716,0.1695724926,0.0589569161,0.4050689924,0.8596443832,28.80216785,-2.494571687,0.7746717938,1.843182456,-0.8544803651,0.1560738358,3029.681154,4.98,0.00274,440.4111565087759,48.11877695690285,72.09914836374519,-20.33200537965292,0.2948165779068511,0.2724822319194661,-3.5522903866193687,3042.877885436572,-919.5448270883574,-4795.539689488898,1.1892528751056926,-249.587308689162,-18.537698080638314,19.116376659986074,-1187.6381187089733,1056.0013706737159,-0.9688720960949249,3.8435383301139714,3.642788811542525,5.210339979119866,7.6575134290205575,-0.7936155195300907,-9.882676101974866,-35.039680568385236,-0.001672441588263407,14.426587325496417,-42.7561352753987,7.106167845398897,-0.6517419875359629,-5.5020007368922315,27.949127007253068,17.881678338298627,22.06264553568286,-5.927673320319233,-26.86114864214063,5.843007424412374,1.2686775916822497,2.2914915716308712,12.455113465725008,2.9883613096415034,31.237283941151997,49.53711039833835,1.4095449527517088,3.8332180505421216,-4.851006712930485,72.04671675206966,-111.49911814711952,-32.397941455674996,-19.70892675634012,-8.908132231184002,25.83193079705668,1213.3043587146767,-224.91003674805455,4890.150237848195,-814.3696472913122,79.95111669900272,114.59081520091326,-682.3194979430712,57.08182634696289,98.44486446395463,874.9035864747689,25.63402469613907,-8.157090471586821,-23.47852235527122,54.93782628740484
2.478465215,4.435043518,2.966666667,2.928928929,3.057710728,1.383439851,149.2095217,161.931559,162.7768334,161.5089748,12.24371302,0.02509886801,-0.6238533342,-0.1135167899,-0.04109846094,0.05751814963,1.701095918,0.9465038099,0.8742414081,0.459382819,1.067373853,1.110711629,0.9389412348,0.9920380079,1.049541284,0.9936688983,0.6964604928,0.5949317614,0.8614494102,0.8599770299,0.9683846078,1.059862407,0.906348589,1.122727261,-0.4868251128,0.9778527228,7.008272747,1.290860233,0.1567782008,0.1088093443,0.06274916425,0.0,5.764854169,0.0,0.0,0.06318986797,0.0,0.0,5.641931511,0.0,0.0,10.9188931,0.0,0.0,0.9015952352,1.874131435,0.362962963,0.6896551724,0.2218058136,0.03537263626,0.3846153846,29.45689899,14.76249423,0.0,6.066367068,45.03667987,23.99897946,5.693927995,14.26826309,28.70474243,20.10730312,33.40095434,6.9237372,25.23533039,4.794537184,0.0,12.86442598,6.282772406,0.0,8.385600675,20.04794799,90.3,1.854166667,1.695555556,0.6956462585,0.3366480852,0.315941358,0.186305479,0.06419753086,0.3116041659,0.8197973812,30.31560006,-2.278560387,1.376732141,1.236678969,-0.7097031476,0.4744898938,2228.272908,2.63,0.0796,439.5516170205127,36.29145584973327,55.31962439970487,-29.887950395549275,0.16371274994380397,0.27504183371699104,-3.47624458787843,2409.557435175821,-646.6818199106754,-3663.7151340008304,1.0078178613035873,-168.83626455908058,-13.065632081733218,12.609602790630019,-655.5805237551738,816.0915360927388,-0.5414880003640584,3.259976283783345,3.1057674314799915,5.733540193630056,6.7442992859983635,2.063374741113771,-7.682579267671684,-24.73253935007153,-0.32534253775633637,9.163826601004939,-30.943948490254282,4.709100651137584,-0.5456508577495236,-4.53857797554568,20.809582406796068,13.699213724503657,16.570375730404443,-4.719465591430019,-20.151069893444127,5.045790906383294,-0.5463101019144727,-0.48094090775694065,11.40821358238817,2.6768477421673875,23.697511187214708,39.90691613640812,1.0518156567841923,2.733886388537153,-3.9578333360045557,44.81452641369137,-80.7600189553192,-29.03982656712068,-12.207776343187437,-4.820301276405473,18.53852366423406,961.1813972412879,-7.27616096129427,3416.13366987203,-447.3316637981228,44.01181949580401,72.44500798088276,-452.55050387074533,45.30677113540374,69.99988049460703,726.885715200708,20.41161040728169,-12.217653930110611,-16.845019186065976,39.66693703375276
2.479001939,4.631280891,3.377192982,2.8820059,2.789577188,1.639479345,143.0831174,152.8296981,157.1594388,157.2013021,9.9336,0.008210555968,-0.1771816272,-0.07200577201,-0.08234302571,0.09188248399,1.113091905,1.148480435,0.93954972,0.4797786292,1.076964896,1.062434692,1.077840505,1.027146811,1.164971022,1.062070759,0.5350823045,0.5254419192,0.84953294,0.8704842323,1.026527658,0.923828783,0.9562887887,1.004579115,-0.4301059315,0.9113367049,6.027276355,1.417501412,0.1527935287,0.05820905185,0.07492180438,0.0,1.988768489,0.0,0.0,0.0,2.021902258,0.0,0.0,0.0,0.0,0.0,0.0,0.0,1.027373045,1.799784141,0.3266666667,0.6290322581,0.1817453097,0.0,0.56,31.44058453,0.0,10.36057336,30.33183534,54.95175817,34.60074234,5.693927995,0.0,28.58398029,0.0,19.74844179,18.25485007,16.82083098,0.0,0.0,1.915285809,2.561657913,0.0,22.14961982,32.72977621,67.39,1.909722222,1.785,0.7356462585,0.3441751701,0.273125,0.1610039792,0.05442176871,0.3910206292,0.9563319313,30.81402013,-2.734640926,0.7825085369,1.40817469,-0.8089308363,0.04295809357,2962.280591,5.33,0.0012,432.40893408609156,47.7979954691923,69.67675627696542,-10.369706395252742,0.34521855945444635,0.32564232152268635,-3.160625359849373,3005.702824065003,-925.9308278695329,-4735.606823559575,1.153600977726742,-243.72627839229992,-18.627595909093312,18.789087815643164,-1166.906788716507,1082.5538466940684,-0.9865015550187778,3.8323297329051065,3.5074428798365602,4.937981613710205,7.539959072811702,-0.3636339741231982,-9.87109082099111,-34.31214807302296,0.7449059702545442,14.108869494781272,-41.143476989393356,7.204461621827166,-1.0504304296258158,-5.205927423401198,27.535355059287877,17.673208376753536,21.810450147623005,-5.668539484333259,-25.35297887457752,5.823527987692548,1.5431400933995503,2.420588577865864,12.251072878306648,3.24074585501542,30.200059375720382,48.371931450421954,1.3821146078181314,3.350233375056939,-4.297812026504741,77.0880509556435,-110.03309808072422,-30.701153559163714,-19.165853671001912,-9.23379757412001,26.550580358245348,1146.568769909258,-229.02053600360605,4491.145209238447,-804.8373381648956,83.28153337519905,114.98138310047364,-694.2441412169079,56.19190007142738,99.83175264289022,863.8403316683726,25.27324261842783,-18.549911549814865,-22.18139287188543,53.85640400316127
2.479730606,4.635891784,3.485981308,4.185185185,3.384042921,1.680530251,149.0315359,155.6350949,157.6537758,169.0764653,5.183391003,0.02324637171,-0.6938305658,-0.03421984228,-0.2014359679,-0.08735311021,1.921901401,0.8717386516,1.091142514,0.4207064557,0.8339769875,1.029096212,1.309908051,1.028829225,1.082274899,0.888534331,0.600715868,0.2570378739,0.5399728862,0.832824665,0.9936526418,1.167044328,1.269745209,0.8058014839,-0.4380566303,0.9893222081,8.007392488,0.6049838896,0.1458259555,0.2059561938,0.1386608339,0.0,1.896579006,0.0,7.105214987,0.0,0.0,-4.769379377,3.131717687,1.666993245,0.0,4.152619427,0.0,0.0,0.8452098818,1.284936311,0.307715311,0.6764705882,0.2197679059,0.01712284914,0.5490196078,36.90343662,14.98529578,5.425791397,41.67827426,31.19885851,29.57519531,17.78197519,17.9081081,17.13736782,15.47944295,27.67776379,13.08951281,16.13452668,18.30280362,6.362358859,42.44780141,1.995789187,0.0,11.78434065,23.61701469,76.74,2.104166667,2.237777778,0.6940136054,0.4061712648,0.3187654321,0.3266993164,0.06464646465,0.5049180159,0.9091017067,31.47027505,-3.136195111,0.9400020275,1.688129724,-0.9415613491,0.3283243261,2626.460646,4.43,0.000579,444.1651685501964,43.12346771627647,64.28388782634804,-22.708112899491404,0.2802038624822085,0.36936304434866135,-3.7505453606713326,2699.4135303214753,-794.5654323090562,-4223.893008155047,1.0800890290725762,-207.9316475332283,-17.10042544197809,15.813180523595761,-1010.2627484383391,1024.0864266871938,-0.7971169428228434,3.666956835415586,3.4851478349171163,4.927983447570117,7.000906747378112,0.2882017335084712,-9.228440867153576,-30.132729604342284,0.2881576976149902,11.932652309349331,-35.994917226196605,6.08258291364826,-0.9550136950947232,-5.174843468686048,24.336514240575276,16.06361813434091,19.85594232787535,-4.918615127615576,-22.944059132433807,5.708355560372483,0.6113189864294546,1.0203490619699649,11.853722484112222,3.1582709130989404,27.162033749199914,45.0491474189895,1.2407959930250154,2.7836347123836633,-4.33801204948596,67.59821918018038,-101.8678979789571,-30.016262425792693,-15.827754876180949,-7.990286432409472,23.76132871254036,1046.4188237054375,-158.86567970584431,3934.7185852775474,-640.2103438174755,84.9658958371594,98.38064133617907,-572.8142512569409,50.615866230048205,88.79695271875413,792.6488025241869,23.04362386319803,-11.816513564288545,-19.185223069354674,47.692398403768664
2.479313555,4.590769353,2.97080292,2.778829966,2.73102981,1.546350209,149.5353358,158.160379,158.4852696,162.8713264,16.76913265,0.02376259442,-0.4169562158,-0.0465686872,-0.08049793362,0.05683817435,1.458021858,1.093251539,0.899945112,0.4826518935,1.114425552,1.047384799,0.9394506866,1.210094341,1.171268724,0.9032665584,0.872403815,1.017775902,0.7061309918,0.7736002982,0.9635915905,0.8753088485,1.124758851,1.087101564,-0.5282555269,0.9871954839,3.515319449,1.434182958,0.1592655595,0.07140183623,0.07754276402,0.0,5.209230813,0.0,7.366626229,0.0,0.0,0.0,3.390059261,1.735139763,0.0,10.71300781,0.0,0.0,0.9349826101,1.865242906,0.349137931,0.6893939394,0.2122072117,0.03036075036,0.5,31.11015337,14.98529578,5.425791397,12.14238718,37.26522558,29.22074076,12.16293986,9.473725908,22.88687966,20.21630591,40.51897853,13.08951281,17.21226049,5.687386275,0.0,10.71300781,2.45873745,3.23647401,10.00791679,24.46744655,101.76,1.916666667,2.148888889,0.6540136054,0.2902730537,0.3165740741,0.2556881951,0.06837606838,0.3032386757,0.8634010828,31.98418839,-2.380471239,0.9228408803,1.821483912,-0.9617912734,0.2232312549,2010.13957,2.83,0.0315,434.00670253942315,33.17351864638335,51.354412877803824,-35.22023088911529,0.13461936721647566,0.23923455370508834,-3.4369325933673247,2205.0927454675366,-575.830665788413,-3408.203795965972,0.9434161909866519,-146.7467882877343,-10.9160282529176,11.449641024145707,-532.3407840183903,739.354282397179,-0.4287631849246296,3.03127839216491,3.063818431681037,5.807774854571826,6.315321460440618,2.255703654361942,-6.818729377905196,-21.995036631236086,-0.8414716436418086,8.178816715435861,-27.936599497226233,3.9147769007696294,-0.25477601471219335,-4.785946085496323,18.41310030012139,12.975815697909646,15.484590508232573,-4.838076843090548,-18.75797704609562,4.902319831859851,-0.9345985045766743,-0.9085753375563324,11.060809740466938,2.7512244144341698,22.240174826746724,37.09518221426328,0.9601899733662486,2.529948720548532,-3.5277848060962462,38.43601864695749,-73.53519921633193,-28.472975126685476,-10.797273767694527,-3.46925327401115,16.117087706871317,892.6789202316173,50.582907798676686,3170.9926347877254,-349.98661226067685,47.14162025735765,59.98805469548054,-392.1756190440013,41.98493137051068,62.957098806729135,664.6286586401274,19.057712090847186,-5.358429029876619,-14.586268245229585,36.203951625076755
2.553695638,4.40138536,2.790322581,3.017832647,2.481416012,1.562045432,147.0796277,158.2650412,154.7856217,157.4125923,11.1020794,0.01662419247,-0.4759091001,-0.1141304964,0.004862127278,-0.003990743388,1.390789151,0.7964997766,0.7926397286,0.6577259475,1.070270565,1.156416745,1.135447036,1.080643984,1.251765325,1.165722656,1.157274509,0.3546563909,0.7389761838,0.9523052932,0.8273426716,1.181947581,0.9579527722,0.92977546,-0.4356902272,0.988898415,6.005360987,0.4229255669,0.1397907237,0.1074296711,0.130682846,0.0,0.0,0.0,0.0,0.0,1.765335045,0.0,2.602437796,0.0,18.36954844,0.0,0.0,0.0,1.224644896,1.778095238,0.387654321,0.6607142857,0.2268111235,0.05184331797,0.5217391304,30.65183986,0.0,5.098681808,12.13273414,48.73693008,41.26943352,5.693927995,9.105499747,22.51475897,4.722094864,28.85394153,0.0,12.11474962,5.687386275,11.64276621,23.06005341,0.9182194579,0.0,14.37315563,26.71479523,96.09,2.006944444,1.707777778,0.6067120181,0.2330561854,0.147191358,0.1439669421,0.05797101449,0.3185675475,0.8094161348,25.18683755,-3.395538612,1.408176378,1.258756876,-0.7885491027,-0.02035841395,2034.067016,0.72,0.0142,423.69671764671193,34.29688702398657,52.179268060665684,-35.22016274766484,0.13759650524890749,0.25955134980794486,-3.304026379688511,2174.2384605737448,-593.0139686680391,-3398.8524754770683,0.9543123128744218,-147.69753058953037,-11.614322115575527,11.389629743317242,-611.9882327370085,760.8640830929054,-0.44750955209080645,3.053656905029749,2.9956119677311124,5.390225728693062,6.127704900524947,1.8934435650011152,-7.036575097832827,-22.201842576024756,-0.7102281918949751,8.16151965828539,-28.536035662449535,4.361644864257276,-0.42024650269508856,-4.311352098304715,19.18322547372391,12.872100692440988,15.383586173770194,-4.548368077444126,-19.222103451726404,4.981316932209861,-0.7781125830095657,-0.9064515165330442,10.924922736272265,2.7605823374142933,22.002189674386162,37.00769806068084,0.9676485687108055,2.4457952977426247,-3.809929459678303,39.69492150089407,-72.17858700789905,-27.83902240876915,-11.017900626458731,-3.9167612621669905,16.187860217826266,881.0863629650738,35.00414700453378,3117.0475580341135,-375.62872619522,49.095309161663984,61.428889672341654,-391.06599125216036,41.90749159777909,62.841958150374296,672.9231134142811,19.317791414520777,-2.3122488674950485,-14.74079046763227,36.02772838252626
2.479016573,4.541191139,3.136,2.933654729,2.897173489,1.545834205,148.9538979,157.8651086,160.1863854,162.0283685,13.08367627,0.02179707262,-0.52747036,-0.048120795,0.06580350134,-0.05217296947,1.583719561,0.8007920258,1.048534572,0.4644908296,1.075928444,0.9310563778,0.8785589334,1.15072736,1.056405445,0.9414428475,0.6498261063,0.6324599051,0.8854896092,0.831777339,0.9943804193,0.9504420005,1.019883755,1.083491173,-0.4964155048,0.9776679496,7.008274488,1.434202204,0.158350718,0.1147758045,0.07754276402,0.0,3.32514212,0.0,7.307077741,0.0,0.0,0.0,3.331626485,1.72048647,0.0,4.745046903,0.0,0.0,0.9214343564,1.719409573,0.349137931,0.6818181818,0.2100980799,0.03036075036,0.5185185185,29.15388612,19.77983296,5.425791397,12.14238718,49.39795972,23.15437369,12.16293986,9.531400138,11.38785599,10.74258,39.37848628,13.08951281,27.57024916,5.687386275,0.0,4.745046903,2.420056658,1.365359539,11.91630315,25.92287692,109.6,1.729166667,1.877777778,0.6531972789,0.3084057697,0.211882716,0.2426303438,0.07264957265,0.3724141487,0.827937697,32.19571938,-2.444472479,0.9088672675,1.73980864,-0.8739826095,0.1755999528,2168.187824,2.7,0.0367,438.9666201178136,35.96037760799001,54.5180809903998,-34.0863041546725,0.1514342995213992,0.22326955509765306,-3.6565643408643895,2345.843764852473,-628.6019458033885,-3551.701566141282,0.9675408018804409,-159.4462739056839,-11.972839094746782,12.669155204174556,-613.9160758172837,798.6712969097368,-0.5134155878617029,3.1597161677262826,3.267726318474527,5.882500363966147,6.526802300967126,1.3363221303696335,-7.414831549949806,-23.758976407716084,-0.5585053950199728,8.985750013226767,-30.014352075274974,4.465491441790309,-0.4310113838647296,-4.701861768441889,19.90732996560044,13.810822008599128,16.591043374642915,-4.962311252132329,-20.130530967450454,5.005284342683717,-0.5322554251834912,-0.4960442847148323,11.104558742501448,2.6880886508449033,23.78698864986686,39.614239703676134,1.0291910381480396,2.8391358290460142,-3.6814362178418794,43.714670718634665,-83.55800778329542,-28.979290231180514,-11.891804628885419,-4.400633690907078,17.84490251090528,938.4232424104051,0.4239543406050892,3367.098441994335,-395.46506843532427,67.1919688537824,67.73577513936321,-408.5609228109949,43.81540324488836,68.36893123954185,699.9171848003772,20.289650620055635,1.4234145388600523,-15.08177782704702,39.37986086151124
2.482833341,4.35821191,2.882352941,2.596580356,2.427093059,1.379042503,146.9424867,161.1625392,160.6330343,158.8751732,12.42150231,0.02260609255,-0.5503920265,-0.1350065963,-0.03889241924,0.1266125171,1.598384854,1.086790109,0.7712711091,0.4660149828,1.055569335,1.107573591,0.9766518453,0.9824429641,1.040965208,1.100909538,0.6604398659,0.6517786151,0.8305503867,0.9179178897,0.8809016128,1.103849575,1.028800744,1.068524368,-0.4868818539,0.9779100867,7.008271675,0.6101352801,0.1678108657,0.08538642731,0.07931626887,0.0,3.980892035,0.0,0.0,0.0,0.0,0.0,2.948880052,0.0,0.0,10.95102414,0.0,0.0,0.9787978092,1.915002501,0.3229665072,0.6637931034,0.2627614403,0.03507601038,0.358490566,28.33507142,9.967957042,0.0,6.9237372,37.96448165,36.02384191,16.52595619,14.26826309,33.45795484,14.79051451,34.196814,6.9237372,37.70453456,0.0,0.0,10.95102414,4.869662329,0.0,8.320894015,19.90571311,89.13,1.701388889,1.438333333,0.6630839002,0.2734158478,0.2553240741,0.1467258443,0.06565656566,0.3341602653,0.8101370788,25.56783826,-2.274440466,0.8773543993,0.2874225123,-0.736507361,0.5284168965,2753.129017,6.04,0.0167,447.87351023733595,44.09027855516938,65.55169868453046,-20.564405582058804,0.2541891947634621,0.2757354764654668,-3.7156749045348834,2858.227653200076,-823.3015458390103,-4352.650213341218,1.133473870445388,-220.56631400578698,-16.699590001583154,16.60186252682609,-953.5812708590691,991.2625405702757,-0.8258579155560076,3.6960525645422253,3.360450169734979,5.571141239187944,7.535888605773448,0.5469387987555553,-9.461554386683353,-31.39470372900028,0.3040587812172385,12.198686323560533,-38.360417240293714,6.290965381954919,-0.8826111332920403,-4.779893599851936,25.72147147983907,16.21689757821061,19.964913121602503,-5.094991271847109,-23.794792833105753,5.624948034781315,0.664046009072524,1.0632842472572488,11.932407757643215,2.6762266948312865,28.27248307169952,46.764179513660416,1.2832032259450203,3.4093710209968173,-4.482433732304831,61.642181944789996,-103.35543777453627,-30.715846523564903,-16.515649231401763,-7.81313808663766,23.93686725822001,1122.5460225801205,-148.07341433626797,4233.996673778893,-667.3347806966193,62.3652354059668,101.55959040922257,-583.7265829104858,52.664938693987494,87.8961439633295,840.6099799446333,23.96618925341459,-11.49455628680054,-21.27703625168143,49.52836682109889
2.482821465,4.350846645,3.132653061,2.987555818,2.677702955,1.450814107,145.9171834,158.8759208,158.7963596,158.2077626,9.196124764,0.03015273606,-0.5743181211,-0.09344949721,-0.1184032732,0.1449424046,1.547741839,1.065969069,0.6493354434,0.4830411671,1.071256861,1.077016307,1.145357642,0.9564619946,0.9929102906,1.200045702,0.7477876702,0.473412435,0.8312457292,0.9098436747,0.9362256082,1.178064383,1.055113838,1.053674785,-0.4868784174,0.9728907128,7.008294022,0.610136352,0.174824626,0.1100176771,0.07931626887,0.0,1.958050442,0.0,0.0,0.0,0.0,0.0,0.0,0.0,8.783034591,10.88502764,0.0,0.0,0.9561526571,1.890793921,0.3497409326,0.6666666667,0.2479984837,0.03916560238,0.4130434783,29.78408745,9.967957042,0.0,0.0,37.96448165,29.4790855,16.52595619,19.37479049,33.45795484,9.473725908,32.82071055,6.9237372,30.78079736,0.0,5.969305288,10.88502764,2.189322507,0.0,7.716486024,19.69235798,97.33,1.576388889,1.438333333,0.6630839002,0.2734158478,0.230632716,0.1267258443,0.06349206349,0.3916162207,0.7134431013,26.05029045,-2.195081885,0.9284117739,0.4675061493,-0.7087175134,0.4366668293,1946.821534,5.43,0.0241,426.6066738812352,32.2680390898098,50.83173313983009,-38.64783670216533,0.10600071131155303,0.24315617258515615,-3.3628233212190857,2113.0864662647805,-551.3265660297618,-3260.5586423446994,0.9553599624694324,-141.78048076850405,-11.117706353703978,10.534272359162472,-531.2825802496706,713.2858866758992,-0.3749425612320364,2.994903535494853,3.0183924148877055,5.440190613331452,6.120545231154372,2.292623323503462,-6.6960250652402955,-21.174307009341586,-0.9621214443963886,7.572032979304264,-27.317039971279915,3.807106232896622,-0.2515975314495986,-4.534601831270009,18.188584840731572,12.189836012399518,14.557105295118893,-4.485533149249045,-18.388839665170686,4.853550485827997,-1.200586905783276,-1.2617388029656995,10.674677490006134,2.538344685299049,21.12099858958588,35.89518094714138,0.928157586310043,2.45418179331076,-3.807314046872092,34.157709348668874,-67.33400479580824,-27.92900479202397,-10.150185626972844,-3.1710661798560285,15.178658288389649,877.5098237694951,59.588555820861,3144.3042218727937,-343.82494704405167,28.874511602438588,56.766358579262295,-370.6864743069018,41.15923032262398,58.20950290453741,655.7227919605793,18.4574350807233,-7.874400228603809,-14.853237556303817,34.131497572410495
2.554302666,4.403790864,2.82,2.636846405,2.202777778,1.470344702,146.5297484,157.4801269,157.9926932,155.8748109,15.70942149,0.01298473755,-0.1886345547,0.02701573597,-0.05336386051,-0.1140718563,1.211396925,1.152413832,0.8784887136,0.494094536,1.007250786,1.090694756,1.194094974,1.038030684,1.003991939,1.332057307,0.7735069153,0.9453731548,1.041099619,0.8077723902,0.93204654,1.221464778,0.9244790784,0.9729545965,-0.5233080116,0.9888943064,3.5105696,1.34383719,0.2406744252,0.05849495718,0.130682846,0.0,4.094378337,0.0,0.0,0.0,2.038992189,0.0,0.0,2.11441708,0.0,6.002179149,0.0,0.0,1.279705804,1.824327941,0.3348837209,0.6666666667,0.2256444869,0.0,0.4363636364,30.32695086,0.0,5.098681808,6.066367068,68.89864111,42.12680366,18.05032179,4.736862954,28.26427081,4.736862954,51.89533385,0.0,12.11474962,0.0,0.0,8.144086824,2.478399875,4.094378337,17.64299179,29.19467202,56.07,1.756944444,1.627777778,0.5756462585,0.2970600277,0.135007716,0.1148882767,0.06018518519,0.2746703779,0.9326195251,26.13009543,-2.561309316,1.71816289,1.382649129,-0.3064464358,0.2083781328,3151.171428,3.95,0.0157,460.4216244055839,50.15186664590246,72.97868548457977,-9.647001957385022,0.36405614305357764,0.3616430107528978,-3.8386811126635667,3209.714262622883,-960.3332110392995,-4865.274964074954,1.2154812219005522,-259.6052516676466,-19.900623320293736,19.747535278025076,-1159.7601374510314,1168.6360587458082,-1.0766333189958608,4.119801157846647,3.4070142809497153,5.345196125332791,8.202079710986212,0.07261836403883448,-11.01059119084484,-36.52438196502369,1.7323055755733572,14.367425225005825,-43.30054646381795,7.460462789588851,-1.4351232755768075,-4.951886013091055,29.369443539579787,17.920998460506727,22.459510999963353,-4.9384785751688085,-25.2559090959012,6.255850872678052,1.7461020473664273,2.228517139932534,12.10750425301658,2.8089791708663547,31.267895914205056,51.73344679466796,1.4557051369900977,3.66617903574934,-4.607856856704922,79.20903898664876,-121.6502818278556,-30.79507069904725,-19.50923682461062,-10.41708285581778,28.952244960408894,1213.7475215041713,-260.5607376986473,4552.3097055464805,-826.1847222812285,70.68444464807828,126.34156680482772,-710.3440295489014,58.60468279194312,103.91419105539822,922.8944700263514,26.670330223634355,-23.33665390047341,-24.281230596116853,56.935809815816384
2.503771792,4.578740877,3.353982301,2.887687097,2.613897083,1.688724436,144.4024695,154.3209913,154.0857208,157.1080646,10.9336,0.0103289282,-0.4354420876,0.04282893273,-0.009093618448,-0.09146909397,1.477402148,1.085318149,1.367831236,0.5241471735,1.056422018,1.035064011,1.188911854,1.045993541,1.168967492,1.160691616,0.8868745233,0.8682793164,0.957053134,0.9038252204,0.9037542876,0.9915919533,0.9477659297,1.008512802,-0.3991629065,0.977994598,3.042270034,1.197963627,0.1726182589,0.1032718103,0.1262270929,0.0,1.975789347,0.0,0.0,0.0,1.987294898,0.0,3.249375236,0.0,0.0,0.0,5.653641083,0.0,1.039506698,1.822419506,0.3195652174,0.6370967742,0.1844720873,0.01478494624,0.58,39.47712607,4.681802935,5.098681808,42.46456948,61.10326455,34.72467712,5.693927995,0.0,22.51475897,5.316788604,24.86087867,6.9237372,5.693927995,5.687386275,0.0,1.700610355,1.975789347,0.0,18.65478674,29.53173944,55.63,1.847222222,1.913888889,0.7079818594,0.3474505543,0.195625,0.0988674625,0.06349206349,0.4359306642,0.9584866021,22.11064243,-2.538337838,1.282627205,1.938760387,-1.123923232,0.2971650538,2157.209969,5.5,0.000495,417.1598283242756,36.0137983268255,53.2549140109003,-16.05850674322466,0.25682046095300926,0.3643013740655629,-2.707256438748443,2309.065860501778,-666.2869953863624,-3720.709357594102,0.9657355283286967,-165.799969447742,-13.143356268322645,12.841812790152378,-730.8427630920058,860.8399680186736,-0.5978171360894868,3.219353657648257,2.930098610539049,5.034338057293847,6.362492463011912,2.371246002404356,-7.582047477018408,-24.394635525627933,0.23991484388739392,9.36362779046323,-29.45617035787361,5.002947407487802,-0.9120030180967216,-4.219036034511545,20.316074335741995,13.737648194092955,16.535256700735335,-4.593283640186927,-18.729081026361204,5.132936692008878,-0.044040624051227883,-0.10167955062388367,11.502812265723358,3.430175875827085,22.465412636377494,37.55100035576196,1.0274995208604776,1.8242929826330194,-3.3721315744401634,54.24805985974919,-77.26088978831763,-27.12445677773681,-12.253226376496455,-5.5918863578891385,19.457718438759997,869.4238150431219,-17.67635651535217,2985.106568132551,-484.5398050972374,53.14789765142843,75.05566288842074,-494.9953151756787,43.9394500270781,73.62179090421682,699.8258659528107,19.978960582354105,-22.756993168846616,-15.28182368184185,38.64659158201771
2.483395363,4.386364923,3.081632653,2.954775828,2.768104875,1.553696454,146.7345417,159.2846612,159.9102956,158.5079717,11.54866455,0.02210128118,-0.6986215823,0.1119224581,-0.1739882364,-0.02020572712,1.756282835,1.128068154,1.21747363,0.4760035426,1.097356013,1.024363792,1.143203379,0.9541353383,1.055596465,1.033646617,0.6677861696,0.5679803084,0.8691257596,0.8386123347,0.853861581,1.01910024,0.9355383035,1.032746105,-0.4783734741,0.9778943163,7.008273862,0.6094207521,0.1793667469,0.1623840997,0.1110709264,0.0,3.912919577,0.0,0.0,0.0,2.080236877,0.0,2.728084215,0.0,0.0,5.054313254,0.0,0.0,1.006400534,1.837067279,0.3253012048,0.6696428571,0.2451999459,0.03634920635,0.4042553191,29.61817405,19.74647275,0.0,12.99010427,25.47729296,16.63744226,16.52595619,9.531400138,21.95893118,5.316788604,32.63603612,6.9237372,24.86289132,4.794537184,6.093240071,6.161894482,4.562175867,0.0,4.965747861,16.85516317,92.79,1.576388889,1.598333333,0.6370068027,0.2849899219,0.2500154321,0.1356004489,0.06718346253,0.3696740383,0.8319511059,26.76798945,-2.382095152,0.463343972,0.662998506,-0.923090506,0.5028612995,2841.61897,6.03,0.00741,448.79422544707427,45.76811883622503,67.47077533235868,-18.012530976413096,0.2810135577343027,0.276534396767023,-3.789049868293449,2929.5301713020253,-857.7318745483327,-4474.328235709086,1.1405743306411282,-227.86836743614748,-17.147005753264782,17.54827700156366,-1016.9678386580248,1033.7747488307498,-0.8863233316501038,3.7510929165055082,3.5169245603698673,5.54340702558298,7.577728615791212,-0.03144345499211432,-9.729483880380576,-32.37737458415585,0.5370971068844108,12.777876359642587,-39.45947011763402,6.657708973487207,-1.0076970956334144,-4.8264920622470004,26.480062461216782,16.744031238514665,20.681803469042634,-5.189094138374271,-24.418574007501526,5.758676813803935,1.0279822114987762,1.354775643538094,11.976446288524507,2.7680048392519163,29.21490018789018,48.06716144419315,1.321663209739347,3.5171385260206782,-4.4315184397018506,66.23045133463714,-109.4825463753442,-30.810782672231582,-17.3265962007284,-8.368238506553274,25.048422059929685,1140.1480877678327,-175.2117913410687,4296.243918468664,-695.9249892387977,78.35343960378697,106.709431756776,-598.0008519224531,53.674240120913744,91.815302566068,854.98106746439,24.676958452072835,-7.543362142171908,-21.250417417542316,51.48903979012567
2.525465088,4.350539949,3.097826087,4.262210012,4.533096927,1.603248677,144.6129659,155.6097154,159.7779981,156.2644334,7.502082094,0.01396334015,-0.3825789487,0.03117309186,-0.1003644071,-0.1076035428,1.287461117,1.100780405,0.8716504942,0.4206854094,0.9632324075,1.03135056,1.179768313,1.145722035,1.075065553,1.303101435,0.4958887731,0.5537042388,0.8953328648,0.9591875676,0.9949783805,1.156973344,0.9869991563,1.079935485,-0.4026846353,0.9113279368,8.002962042,1.391840221,0.1536964219,0.1482297567,0.111704722,0.0,0.0,0.0,0.0,0.0,0.0,0.0,0.0,0.0,0.0,0.0,0.0,0.0,0.5455074746,1.275626839,0.3739098837,0.6160714286,0.1749130942,0.01895965283,0.5609756098,34.16878189,13.46263303,5.261891555,18.19910121,54.59730362,11.12690298,11.63444168,8.780830095,34.14089006,5.559266895,9.780484743,22.96555455,5.563451492,8.780830095,17.19370858,29.09427658,0.0,0.0,15.8245699,29.43175027,61.58,2.166666667,2.131666667,0.6799092971,0.3829758755,0.230625,0.0867258443,0.08080808081,0.5473219742,0.7999282716,22.08827572,-2.41505328,0.6353178882,2.269196782,-0.6840648613,0.2413534183,1925.919805,5.52,0.00118,408.72395439420416,31.965865330853887,51.02754351030942,-33.432517222665645,0.15425972434735968,0.3823266267611821,-2.642945875803993,2043.9079841288965,-567.6387957616087,-3362.8442529926906,0.9497884096240962,-144.83353773898577,-12.465259681978967,10.470722046865896,-670.7978504651812,747.6366018364378,-0.4085933794360009,3.033430362173859,2.9695074170474185,4.655879013292322,5.832225297452935,2.6370027474335727,-6.374038990525265,-21.610819758034218,-0.6128212973969775,8.167960373071303,-26.856516809189085,4.119823768434371,-0.38718633363808075,-4.782145380895306,17.985445186142073,12.114378944414852,14.59767492454356,-4.668237817034742,-18.32411979745336,4.574649016423952,-0.9466289641309786,-0.7474232874949085,11.213925909203345,3.1996790397833474,20.37508406581406,34.07149994909283,0.9260707152232903,1.7744950097607144,-3.8909237219187416,43.608448879033105,-59.400790201537106,-27.200653986125868,-10.46653759646428,-3.5582058482492207,15.72217693269118,823.6625380874274,42.260014766370105,2899.4507861137968,-407.3313950421687,28.000571649521817,58.68807364096738,-452.60252564250925,41.47296294404881,62.90035249455522,627.4070335018718,17.912842844384507,-26.203424140059433,-14.281335652852205,33.40594549346188
2.534264182,4.087730639,2.716049383,3.641289438,3.723905724,1.54895523,146.020388,161.0530484,158.2749666,160.3634725,9.030092593,0.01065996358,-0.2144819564,-0.03539900703,-0.006471309683,0.08592141884,1.160861069,1.278304376,0.827341472,0.3608720747,1.002728513,0.9595582052,0.9762013036,1.006056223,1.230507829,1.078469774,0.5075915501,0.559823627,1.478696432,0.8580228331,0.8989585114,1.148699896,0.9314764397,1.22532682,-0.4286544868,0.9925253564,8.00300164,1.398650725,0.1803913284,0.1101334744,0.09769712196,0.0,1.907150095,0.0,3.932597317,0.0,0.0,0.0,0.0,0.0,0.0,0.0,0.0,0.0,0.8836243386,1.139726474,0.4084880637,0.6413043478,0.1970244911,0.0,0.5555555556,28.4710263,8.780830095,5.098681808,18.20875424,42.82867707,11.25737949,5.693927995,8.780830095,22.51475897,0.0,14.76446326,18.55817888,11.38785599,8.780830095,11.63444168,28.79723995,2.57165989,0.0,8.827326328,21.08468864,30.71,1.756944444,1.530555556,0.6800907029,0.1912399219,0.08125,0.01234567901,0.07602339181,0.442675887,0.8201499429,19.9957353,-1.652802073,0.9285368234,1.45090375,-0.6256470175,0.09927501499,1829.96633,4.49,0.0114,418.5189876094429,30.79381280637774,47.87621525285179,-25.551542057808412,0.17823311735275182,0.46180988814039187,-2.6384062854499604,2013.403361462343,-540.4719933749284,-3176.3685649340755,0.9213993699979439,-134.53084185619232,-12.944012882773913,9.028531642015057,-599.4700548741366,768.279565571858,-0.3945332096357247,3.1149830093377497,2.7287915596419703,4.675224992640132,5.949934210075238,3.753471953649501,-6.6500150085759575,-20.457316488284743,0.2610597174164313,7.157583668363612,-24.554937294673046,4.005441493339542,-0.832976740236141,-4.27629932456127,17.468860131588514,11.596626245082188,14.093463546116585,-4.0302482011874545,-15.887320357601267,4.470198901007567,-1.0038156090641046,-0.9483666124627046,11.174021171965247,3.1081079913179397,18.67598818846058,33.26266900257588,0.88029687387129,1.2724579919782422,-3.3941425510335,45.648568852667196,-57.08403057530719,-25.15150247136571,-8.778800373365193,-3.851712963017735,16.457143874443876,757.2503428592652,53.46649364599632,2389.9242438634305,-360.5443224423256,18.266101636204553,57.61737492608144,-450.7061839138103,40.34301356669904,62.95443979710439,624.5325330823857,17.225580846794763,-42.31166686205171,-12.91991103685952,31.058524296888198
2.518129829,5.028129914,3.570175439,3.333829365,3.501867414,1.588523216,144.6843737,154.6070626,158.0460644,159.258248,12.73087274,0.02437159998,-0.5143645271,0.0114275453,-0.1099807628,0.02535291889,1.510719666,0.9731241061,0.8870411761,0.4305539398,1.017672949,1.010462715,1.012522782,1.192926647,1.161248931,0.9475245937,0.5682548435,0.6296353642,0.7666387506,0.7929875258,0.9814693794,1.03654789,0.9860622306,0.9951247578,-0.486833122,0.9773367753,7.009363935,1.425532331,0.1558016895,0.08979216402,0.1422096726,0.0,1.913744831,0.0,0.0,0.0,0.0,0.0,0.0,1.22662373,0.0,10.9615947,0.0,0.0,0.8561432724,1.669521253,0.4082073434,0.696969697,0.1926230028,0.0,0.5882352941,37.61787068,9.967957042,0.0,18.19910121,43.32193961,17.95713863,5.693927995,19.06280028,28.70474243,9.473725908,38.04226819,6.9237372,32.10383334,0.0,0.0,12.84773888,2.15254897,0.0,13.98330084,30.58512372,86.55,3.340277778,1.917777778,0.721723356,0.5311712648,0.375941358,0.2532476278,0.07142857143,0.3979392428,0.7717925932,33.78394872,-2.919741901,1.896750345,1.866950841,-0.4914359993,0.3389484633,2820.701467,3.64,0.0085,448.1618233238345,45.34367315774073,67.38894073876622,-18.2971653862273,0.295200416992115,0.27899415604772193,-3.8519213742464515,2903.9507190462277,-847.8361275954253,-4412.2428471148305,1.1426296741519812,-229.06480367835576,-17.027594371156184,17.655397955243675,-1009.2956830768977,1036.3841715421472,-0.8846286687251276,3.764581256299626,3.5558882187846095,5.392116388460471,7.54423513358373,-0.021266684538466363,-9.707034893007208,-32.31078221858155,0.5685597784508261,12.800820462642108,-38.98902292852684,6.378572089322365,-0.9679801059157187,-5.016085213618708,26.087770939825322,16.682649179570653,20.569735704619724,-5.042507481021998,-24.15565129890733,5.897224846330436,0.949873701189703,1.3906436728161284,11.58649301094046,2.7192646498462203,29.0524669698406,47.76347527717064,1.3158662830336953,3.4440782039021904,-4.382264369128236,66.51941978779429,-110.97386714140394,-30.833131729171605,-17.42409286824111,-8.527210401064155,25.068265429548894,1138.9458855077523,-195.30033868636227,4367.335619460051,-702.4127638644943,75.29951497949854,107.54036665365176,-597.2594809584631,52.890477977445286,91.81421541890371,846.324009280019,24.430547866083742,-8.67236903242444,-21.533013963340025,51.44429785243841
2.553527452,4.404687016,2.913907285,2.634259259,2.208881579,1.401361092,146.3350095,160.2413681,156.1320816,159.2282539,13.06805556,0.01455572918,-0.1945202094,0.0141800585,-0.07730522005,-0.1455812197,1.188240928,1.207831172,0.8117676166,0.5295542966,1.089474568,0.9962260076,1.245962733,1.151972791,1.099948213,1.240497152,0.7249284211,1.110422765,0.8584678671,0.8975083591,0.8566375674,1.208622603,1.074297949,1.06220994,-0.5231631068,1.734393607,3.511590511,1.343850133,0.2055775358,0.05056465908,0.130682846,0.0,0.0,0.0,0.0,0.0,2.04092658,0.0,0.0,2.375686849,0.0,11.48355778,0.0,0.0,1.286102513,1.828136085,0.3063829787,0.6818181818,0.2427400715,0.0,0.55,33.57731045,0.0,5.098681808,6.066367068,48.73693008,61.28268354,18.05032179,9.473725908,28.26427081,4.736862954,64.10326663,0.0,12.11474962,0.0,0.0,13.63110197,6.08412525,0.0,25.03403413,30.55536272,65.3,1.819444444,1.618888889,0.5658956916,0.2819349962,0.157507716,0.08530149985,0.05450733753,0.2263926621,0.9113768023,26.66698472,-3.193505563,1.852120142,1.508190372,-0.5590176676,0.08782264172,2529.470149,4.14,0.0182,453.0255425681363,40.798149441754376,60.29773088376152,-18.70736177540943,0.27328737967317035,0.3120587846432811,-3.791633105367776,2690.0013587381823,-744.858861298459,-3969.26906565423,1.0763230054368946,-199.74416769927385,-15.292286890441455,15.117697693238508,-751.1303929437748,963.5355111241579,-0.7569571198189241,3.6091550732323863,3.113245814896706,5.610909321440716,7.36750107851767,1.8197538488380016,-9.104334183941244,-28.660170361046383,1.0864616726101994,10.566088664390785,-34.368948121437334,5.377951902580566,-1.071042973770448,-4.66920251927854,23.52451456045879,15.09140434372016,18.539422488523687,-4.4314844044621715,-20.509097892380293,5.699152355893167,0.23205681651717647,0.2455430511179416,11.216226438847073,2.503709871157092,25.84328329589358,44.012953306029324,1.1883243214145074,2.9437180453052685,-3.920939394604847,57.48735715164493,-99.26127572794013,-28.658052972664517,-14.02146260579,-7.2029224619347865,22.98405397841343,1022.1866055364862,-100.88039817323661,3599.94529155267,-550.8798406931462,47.919377105689826,93.46067402461318,-537.1993011356955,48.611856493084076,82.31716784738633,793.9183073981891,22.53069224586942,-19.478675497614997,-19.28922376703569,45.75718820117539
2.477060554,4.55375734,3.256410256,3.065789474,3.089453861,1.542357022,146.2154412,158.4589318,157.2302657,159.5563365,9.136094675,0.01387505288,-0.3606633144,-0.1157129793,-0.08039852718,0.1219732764,1.363452398,1.175361155,0.8646626356,0.4830918733,1.128138916,1.09932858,1.074254107,1.026769912,1.186114958,1.109591413,0.6125355183,0.6446208113,1.396696775,0.9171827735,0.9455031897,1.006305175,1.03761177,1.036370849,-0.4251730531,0.97795332,7.008272485,1.422917668,0.1395410934,0.1056191638,0.07129411522,0.0,1.943539736,0.0,0.0,0.0,1.614660505,0.0,2.898301157,0.0,0.0,0.0,0.0,0.0,0.9361330181,1.673092003,0.3216630197,0.65625,0.1813610699,0.01511994949,0.5769230769,35.69888432,0.0,5.098681808,30.33183534,48.8853911,35.53529648,12.2386844,4.794537184,22.51475897,5.316788604,30.63960004,6.9237372,5.693927995,5.687386275,0.0,1.646649187,2.027961189,0.0,17.80297453,28.03162653,85.59,1.972222222,1.793888889,0.7413151927,0.4323664651,0.264066358,0.1281501888,0.05333333333,0.3752368429,0.8639575323,29.99249432,-2.221219464,1.049737411,2.161708624,-0.9854023396,0.2293750915,2382.792496,3.87,0.00881,430.8706498596322,39.484940562042055,58.47785984932748,-23.286505102208217,0.23461908676617005,0.28582722776017466,-3.3083269683428114,2507.366810835475,-721.1663391678641,-3921.8418527660333,1.0198512043614687,-184.29508430672684,-14.111832927922316,14.337031133206372,-798.4690818190259,895.6876145961498,-0.6696818389424186,3.35901710791259,3.22008893769289,5.341681497288226,6.708988682593535,1.1838580351007013,-8.219034037920679,-26.78404155208985,-0.04376786088073903,10.356865139005404,-33.04862658206341,5.4261947833164434,-0.7496219987778068,-4.54141174749307,22.282065075155437,14.87949077214364,17.948199795668206,-4.970347582363022,-21.321832775842,5.383800274012647,0.11137817647897941,0.21131555962101545,11.517684376551497,3.0239060471267876,25.177445773294135,41.43901848739136,1.127195509193093,2.706265818478154,-3.8626618484357476,54.905927191530736,-88.97943888050132,-28.882078596824044,-13.93328155453977,-6.134036362393198,20.64049414309638,975.7100541501035,-59.193052760424415,3543.529749393108,-529.1662389879077,66.37367210662981,82.82548138004628,-504.35937981243916,47.110849177206816,78.05345976311644,750.5354892045358,21.615699668350253,-8.808466473125893,-17.345197335647764,43.08073642987573
2.371086539,4.081059337,2.764705882,2.723809524,2.308823529,1.467863223,146.2990076,160.9631389,160.0145037,161.5191261,7.156318481,0.01173112616,-0.595629719,-0.08998045421,-0.3602780289,-0.03932815215,1.645613007,1.334694204,0.7075968458,0.472582349,1.167740325,1.298138356,1.395666132,0.9429032258,1.35483871,1.189285714,0.9790408958,0.6244725738,1.130249442,0.9376176771,0.9613404239,1.254132803,0.9946715687,0.9937036333,-0.3869295,0.992942205,3.052002653,1.508548782,0.2319437888,0.1227023691,0.01290994449,0.0,3.916247927,0.0,0.0,0.0,0.0,0.0,3.290613662,0.0,0.0,0.0,0.0,0.0,0.9988439048,1.922913832,0.297029703,0.6428571429,0.180923789,0.02164502165,0.5135135135,30.41087843,14.95193556,0.0,24.26546827,38.11294267,23.14160933,11.51179077,0.0,11.51833249,5.316788604,14.95193556,13.8474744,11.38785599,11.50524905,0.0,0.0,3.916247927,0.0,8.659591027,13.59017078,50.7,1.25,0.9866666667,0.467755102,0.07835726883,0.0625,0.03295582083,0.04301075269,0.3427191258,0.9399139217,20.81984617,-1.852069708,0.7706046443,1.253962514,-0.5810361159,0.005163340598,1104.750503,3.63,0.0174,400.31653227078823,20.105241728030006,33.530549172461804,-39.480033094002515,0.0328212854231314,0.4345570248866725,-2.156854629982454,1367.0457887948673,-307.99147008599357,-2251.1352736294784,0.732061312773661,-61.468999008102955,-6.610093905368595,3.527935150520899,-242.79727273726652,501.98134889261263,0.02534857728453313,2.3499840075327376,2.6535074239767575,4.976446863371848,4.829632047205919,5.258443032560091,-3.6753012814069113,-10.893991176832772,-0.7993718727128745,2.9828465290042754,-14.59897989671685,1.8722858338115054,-0.3308770227386346,-3.978566842539581,10.478008868298003,8.255587808593175,9.619734012545461,-4.1006622320659645,-10.827958057794545,4.035116132391739,-2.3301974664185927,-3.1580706477620604,9.916914553232402,3.1268096460338684,12.839048141284879,23.441210990708026,0.5634929849862141,0.47102896906998815,-2.2248639969858246,21.823432433827506,-26.281638997747113,-21.228868740652644,-3.178890616056659,0.4077873326087745,8.428113517512626,512.063263238383,292.92642732226096,1240.4589436242384,-45.01875634647012,-0.2983741967442364,16.587170438853747,-262.0580203398296,30.004768649441086,38.18933126228519,452.5244854049837,12.319888869088121,-39.42829519969917,-7.088565666012409,17.201339514382685
2.478998053,4.531737251,3.239316239,2.981317601,2.790509259,1.517766253,147.6335199,157.1044313,158.7412315,160.5623519,11.41046636,0.0258332345,-0.5433509142,-0.02521947284,0.0390755006,-0.06941331253,1.58856466,0.815198301,1.010172969,0.5025856396,1.143521911,0.9232710313,1.033484897,1.135567243,1.001215896,1.041539382,0.7780701089,0.5883352896,0.8226033288,0.8632345486,1.020361278,1.123276256,1.062672999,0.9848063328,-0.4868281371,0.9729364648,7.008276731,1.433524982,0.1476722118,0.08080349712,0.08239101928,0.0,1.9539356,0.0,0.0,0.0,0.0,0.0,3.330562064,0.0,0.0,10.98450347,0.0,0.0,0.9138447557,1.69243792,0.36,0.6796875,0.1935504969,0.04580357143,0.5283018868,31.28229084,9.967957042,0.0,6.066367068,55.45467375,29.2079764,5.693927995,14.26826309,28.70474243,20.52418199,27.23517873,6.9237372,21.74584467,5.687386275,5.907179729,12.9814619,2.667236009,0.0,14.61310424,28.18942403,104.29,1.729166667,1.877777778,0.6131972789,0.3084057697,0.211882716,0.2426303438,0.0697167756,0.3813082811,0.7743999773,31.21286219,-2.484280882,1.847909091,1.541481263,-0.833710637,0.2679193157,2467.262668,3.11,0.0151,437.20542726283816,40.02203201346142,60.636897469405596,-30.461549982917568,0.18959694664143067,0.24217619951511798,-3.621032394352362,2574.6895562852173,-721.6502241951414,-3962.61743120859,1.0554963450670682,-191.79135389332328,-14.272787400602207,14.643717257479983,-823.7909743044149,871.4866348311518,-0.6596827106280521,3.3916118715522985,3.321063842813252,5.593488880173234,6.922015087254511,0.7627233999286089,-8.30292606961417,-27.670065746341194,-0.44655805125051873,10.767887134837332,-34.667575366219396,5.44894181871911,-0.44547647683694414,-4.733869070588778,22.92755275360108,14.989201993681004,18.227045612265155,-5.113578436668414,-22.649879008944108,5.28484649730317,0.018538445493205047,0.3213329014423346,11.525431942395073,2.6592017717110044,26.180325706833116,42.896826051604165,1.1555487217794815,3.225410067990381,-4.328282834412474,51.151552051709075,-91.3730193462152,-30.354405009961773,-14.55921720550231,-5.880964269524969,20.221151457856056,1045.977331337313,-77.56777919370745,3959.775379388253,-547.9921336821153,62.678174233594795,83.56848295251571,-500.6030775941181,48.432335417315805,77.26670451688237,765.2291004337702,22.05864727992177,-2.0570525121968473,-18.62904562978387,44.340650094464344
2.553461894,4.37582027,2.738095238,2.512641975,2.004106041,1.618496294,143.4371455,155.6270044,151.5303032,156.5671024,14.09053871,0.007561650348,-0.1452545409,-0.05621926796,-0.07467164725,-0.1651505868,1.136174605,1.243615551,1.08578364,0.4558431839,0.9793702659,1.151411847,1.251924194,1.128049046,1.332037915,1.215911532,0.7418125712,0.8689230801,1.120850387,0.8905245383,0.833771628,1.13436716,0.938148306,0.9751458631,-0.4356903293,0.9879334422,3.043357927,0.6267117691,0.1826995524,0.0809176922,0.130682846,0.0,2.174618485,0.0,0.0,0.0,2.216390726,0.0,0.0,0.0,0.0,0.0,0.0,0.0,1.31496554,1.835791227,0.3275434243,0.6388888889,0.2419704787,0.0,0.5106382979,28.32893244,0.0,5.098681808,19.05647134,54.48978369,40.47753073,5.693927995,0.0,22.51475897,0.0,25.50129539,0.0,19.03848682,0.0,0.0,2.159635561,3.156236703,0.0,15.84713486,27.96991219,43.6,1.756944444,1.627777778,0.5258956916,0.2126480222,0.111882716,0.06479338843,0.06060606061,0.3040399669,0.96234705,23.81597393,-2.442864868,0.9463293392,1.43764226,-0.4901868677,-0.09675969436,2189.823013,4.97,0.00395,421.84906339452937,36.41743564243372,53.02757003421513,-14.611928105923106,0.25228181785823195,0.3714739703908735,-2.7564637525018414,2364.695096704021,-671.6228579701207,-3687.5135931949453,0.9821832617447774,-167.75767227662288,-13.743059763020325,12.450237621615582,-708.9533400807371,861.5388363479914,-0.6076282723771297,3.29123468207186,2.7417875053219403,5.135235061736225,6.562961760935527,2.6776633349508243,-7.892564386201615,-24.642807331429918,0.6413507573952706,9.126200814368605,-29.747250043768076,5.096943077646873,-1.0331432060486003,-4.0056343641184915,20.954644078567718,13.605314925200734,16.485923193593464,-4.243615289742641,-18.2186568425975,5.074755158798366,-0.025449126904378172,-0.014208267019221399,11.395475569220253,3.125565146066019,22.31836256037236,38.187791751792815,1.0356344978472392,1.9804370738624404,-3.3647262617234643,53.462087221918125,-76.95832027582199,-26.424621685175833,-12.044740976907391,-5.766801970853714,19.82055833830838,878.897025196317,-29.109454956634366,2959.934770858705,-484.73043161487675,41.81072668379296,76.73515074318692,-501.4517950712717,44.73529494696028,73.66558146897435,717.4399513759084,20.17977774378185,-28.10235455310198,-15.795784848582155,38.63531543355126
2.504538822,4.397443284,2.795918367,2.57337963,1.920164609,1.707336408,143.967415,151.8389005,165.5694275,149.7898893,14.10204082,0.01110859801,-0.5633719317,0.02633109072,-0.02350928107,-0.2026570666,1.607335958,1.106351562,1.185986541,0.4748522104,1.07350131,1.186460407,1.415367987,0.9342644125,0.6885221963,1.517143692,1.088480935,0.7374781853,0.8281191018,0.7026543877,1.16482858,1.328064093,0.6963153841,0.9551049612,-0.363815893,0.989342054,3.040426744,0.6094207801,0.2136141494,0.1051563642,0.2787760247,0.05590169944,8.510922688,0.0,0.0,0.0,2.214473353,-0.0477251433,0.0,0.0,0.0,0.0,0.0,0.0,1.122780612,1.882028166,0.3260869565,0.6458333333,0.2516027875,0.01955555556,0.4523809524,33.04100152,14.95193556,0.0,26.83757867,19.05647134,22.05243273,16.52595619,0.0,21.95893118,0.0,19.93591408,6.9237372,32.28954409,0.0,0.0,1.181183338,8.510922688,0.0,2.697679302,12.37803984,54.46,1.506944444,1.768333333,0.7413151927,0.2690932855,0.1296990741,0.02,0.08130081301,0.3581584923,0.9139522608,25.16776928,-2.184060443,0.1466665857,0.5879024305,-1.085867365,0.5851707422,2144.425034,7.02,0.000915,418.09758859501335,35.12219969317178,51.906796384552855,-12.059444012859466,0.23582954086436275,0.3522084183997654,-2.5585753919168868,2359.1208748794056,-666.9154585315009,-3727.0730401267833,0.980684668118057,-165.65653562174666,-12.682934507389936,12.563793943381539,-673.5166400928327,833.563760953536,-0.5713606065635719,3.197859882429319,2.900415361940002,5.424182743737211,6.588694200064038,2.693517250932873,-7.272893542068585,-24.152373870138263,0.4619717809544298,9.276323412945214,-29.242031100226246,4.973208034055359,-1.0374120813613312,-3.848796422650759,20.272517281803587,13.224647516062397,15.891107396710149,-4.508281826200516,-18.680967098808974,4.8623992162892575,-0.043648108222979154,-0.10953869077529288,11.486263274155732,3.2860570549465007,22.339131991680837,37.69264459203594,1.0125870233551146,1.9209868694985703,-3.3577145096430643,51.92006533684588,-75.47778410967507,-27.224292585154295,-12.060311091569721,-5.203200589136073,19.164815411141927,882.3062716916775,-10.452359748620527,2916.5911939643756,-474.6470959115744,43.436820312573985,73.28496926611251,-483.4496876675508,44.186232009074764,71.67720315450792,707.3914988746991,19.891253924073492,-28.875055296029103,-15.70927442173615,38.342885472640205
2.419257706,5.074247918,2.587878788,2.783587509,2.49852833,1.561620276,145.3717835,154.0950641,155.2590416,156.7499278,20.76538565,0.02474201779,-0.3419204503,-0.2181709805,-0.2119645207,-0.03168351535,1.343690779,1.100237281,0.8344720102,0.4817926888,1.085107768,1.365953999,1.155926024,1.296782691,1.346785578,1.068906023,0.9097182463,1.08600169,0.7246017198,0.7453526176,0.9699855798,0.972437136,1.12925125,1.021873382,-0.5277863299,0.9871941858,3.517584118,1.419940974,0.1571313878,0.06472254585,0.1162158973,0.0,8.75109199,0.0,0.0,0.0,0.0,0.0,3.37410764,0.0,0.0,22.60493744,0.0,0.0,1.042947794,1.74794445,0.343035343,0.6470588235,0.1900338476,0.0150140056,0.4262295082,38.22799714,4.983978521,0.0,12.13273414,49.74276123,41.46464532,11.44343983,18.94745182,40.13541516,24.26424042,31.29734967,13.8474744,11.25737949,11.37477255,0.0,22.60493744,3.993373943,4.757718047,11.26610896,25.58544504,74.73,2.6875,2.062222222,0.7885714286,0.3769211388,0.265,0.1897765534,0.06535947712,0.249986277,0.9070762218,22.83805174,-3.231787187,1.7915859,2.137854194,-1.045342877,0.0436918678,2005.103684,5.46,0.000495,426.072595303252,32.057539972116906,50.865256472173996,-27.250058565615156,0.17476322292537944,0.3292438888341555,-3.0708036184911567,2195.082192403427,-567.7265038164885,-3437.477447284532,0.9737663459223279,-153.27213321546307,-11.691997908712308,11.341890706622138,-596.2020364236758,747.7595592656579,-0.4528948119372827,3.0900478104291964,2.8075195157026815,5.417112654501249,6.371788477573962,3.1303804090680103,-6.843412896564835,-22.527788533762674,-0.4487961522765713,8.492022788500927,-27.65178953161898,4.012267684564611,-0.29912264634725316,-4.6603210230975565,18.50140394323014,12.4737425283238,15.192145659836052,-4.374800051802861,-17.88991575648269,4.746756577895673,-0.775621563121544,-0.6506779774666083,11.246220622501218,2.8532649932630436,21.289856568464916,36.024936822121205,0.9509994054901953,2.093985862282345,-3.6481260895449195,40.927161121148174,-68.43382196988142,-28.102696191777216,-10.83981084277157,-3.9388234502751045,16.597273065681136,886.2671748445223,27.27446215238773,3134.2676819087446,-409.01856058040715,23.151423857700188,64.29273024492052,-444.86046196234423,42.28004798392136,63.98721575416544,660.3170651861954,18.612412812997306,-21.37101922927041,-15.690405692364065,35.48512712557569
2.538080078,4.197074624,2.9,2.914862915,2.396766169,1.601379823,146.8695189,156.0849088,154.934109,155.840365,8.299382716,0.01364147573,-0.332085641,-0.03387244629,-0.1658707809,0.09887680303,1.354680584,1.026783908,0.6816516811,0.4965277778,1.063642757,1.139649924,1.114718615,1.16729294,1.257810478,1.063300585,0.781168716,0.9321997463,1.128402678,0.8703211496,0.9156973972,1.173397912,0.9955780127,0.9206124484,-0.4286202732,1.734393935,3.043587707,1.398299046,0.2117809562,0.1029520324,0.1044262599,0.0,0.0,0.0,4.254590813,0.0,1.98971238,0.0,0.0,0.0,0.0,0.0,0.0,0.0,1.125498866,1.718682603,0.3545454545,0.6847826087,0.1944538739,0.02028985507,0.6388888889,24.78957248,4.983978521,5.098681808,18.20875424,35.90493987,11.76029506,5.693927995,0.0,22.51475897,0.0,24.73242031,0.0,5.693927995,0.0,0.0,2.021915391,0.8053729686,0.0,12.40239232,22.1591619,59.39,1.513888889,1.214444444,0.3501587302,0.06627928949,0.02500771605,0.004691358025,0.06267806268,0.3281304733,0.917963125,22.96291587,-1.479645967,0.772397197,1.095499675,-0.8309748068,0.1936438535,1534.117111,3.14,0.046,406.2767086769144,27.070085953583767,41.661497527073955,-35.116557457887275,0.09416564039861514,0.33902977670739254,-2.543706458117729,1728.601559063345,-448.7595829727712,-2820.664468272598,0.8366112731025662,-101.78723837754528,-9.244514096890653,6.9662824362991795,-402.1473328946977,625.6063904569679,-0.2070008377918665,2.704745182898005,2.573772722242174,5.045156289132825,5.357778034324273,3.703871581483264,-5.384832102947971,-16.18233631382962,-0.8435231682547037,5.382326997031001,-21.22323027024924,3.183934346653698,-0.41051934047425487,-3.715113954400805,14.746238994167582,10.40187907852227,12.073516769902103,-4.113828408226917,-14.693115917466715,4.449188174015432,-1.5760259865865633,-1.9916540131954608,10.365129701812808,3.0671421985030487,16.8312925503103,29.58662710689284,0.7475097162282265,1.2832859836270816,-2.9296888986289895,30.39001606372876,-45.891877380835055,-23.981358754276886,-6.94317249610371,-1.6958650941165192,11.99565896932581,677.702747426576,166.82284817447768,2092.3529193174245,-209.67408554565517,16.725042111005227,37.49010775993519,-322.2184550056606,35.68716759115566,49.151832437744304,558.7351815441573,15.642413131494482,-24.81895395914154,-10.658513737910148,25.61339698075195
2.434728389,4.343468478,3.0,2.735142119,2.761437908,1.630146282,145.532927,152.8590562,153.2016152,159.2967969,9.861392029,0.016116055,-0.2470489091,-0.09124396121,0.1103988141,0.06848487419,1.180386931,0.7376189085,0.8748161358,0.5378198326,1.089181629,0.9491931997,0.932155461,1.341111051,1.091296247,1.057034621,0.8029639343,1.112950036,1.13429988,0.8445739723,0.9510718319,1.066529,1.121464661,1.068089503,-0.5293588258,0.9879796335,3.513564372,1.427567371,0.2740296599,0.1044424965,0.0761440227,0.0,1.658658386,0.0,0.0,0.0,0.0,0.0,0.0,0.0,0.0,5.212652821,0.0,0.0,1.037241775,1.76699103,0.2932960894,0.64,0.1777525287,0.01902564103,0.5609756098,26.05754667,0.0,5.098681808,6.066367068,54.09438804,29.7174337,11.44343983,4.736862954,39.52165029,4.736862954,27.2751182,0.0,0.0,0.0,0.0,5.212652821,0.0,1.658658386,14.27102878,23.22645939,63.69,0.9930555556,0.9355555556,0.3386394558,0.1768864953,0.08218364198,0.06938271605,0.0701754386,0.3196594186,0.9180052151,22.03047749,-1.51020846,1.191624178,1.37299001,-0.9241594051,0.1992186641,1042.898545,4.5,0.0206,391.969613608172,18.8924758446193,32.66660297715187,-49.07273663678209,-0.02394826996060151,0.3426183419708059,-2.2148044312500277,1257.1475990314946,-276.0376145731061,-2192.48067332137,0.7475464667644777,-55.40779506950506,-5.375618869365955,2.8697182724085932,-202.72244780527274,423.9709304296809,0.10505575038807377,2.2124573015597266,2.4301064681825757,4.787155453632916,4.598959007557301,5.248955638259728,-3.244497057983825,-10.10914423960782,-1.9310838799809746,2.6090375960722447,-14.774890482902928,1.3837946280703521,0.3017452421020751,-4.3140701313435645,9.77026765173543,7.825148149311415,8.896355305490802,-4.07682708360219,-11.40644374402391,4.248197891495646,-2.750547385111127,-3.225068740606833,9.541358584289581,2.986109712386181,12.643708094845401,22.481628769292058,0.5369491355313771,0.6425678719907498,-2.5346582229296315,12.928224987658917,-18.91061407733992,-21.521999091715017,-3.2377592699922313,1.2307918038374976,5.910539668199903,524.3467903046795,327.05737841555464,1606.8046279991302,-21.480690794074974,-20.6711438243358,9.80817920061727,-231.77333461453287,29.120462433900755,30.685827685390638,429.4996796759177,11.867423202211853,-28.919969617892548,-8.427953763958506,15.661260121768095
2.524627573,4.355924644,3.097826087,4.634615385,4.086288416,1.603248677,144.6129659,155.6097154,159.9126236,156.127673,7.502082094,0.01398990302,-0.3815747069,-0.1395291995,0.02021990017,0.0677873205,1.287379318,1.255971915,0.6010365656,0.4206854094,0.9632324075,1.119963018,1.057723315,1.162570888,1.05839787,1.320135441,0.4958887731,0.5537042388,1.036480117,0.9591875676,0.9949783805,1.149411897,0.9841722306,1.080222371,-0.4026325556,0.911327936,8.002962042,1.394802504,0.1527083321,0.1472750351,0.111704722,0.0,0.0,0.0,0.0,0.0,0.0,0.0,0.0,0.0,0.0,0.0,0.0,0.0,0.4953249664,1.248963952,0.3739098837,0.6160714286,0.1749130942,0.01895965283,0.5609756098,34.16878189,13.46263303,5.261891555,24.26546827,54.09438804,5.563451492,11.63444168,8.780830095,34.14089006,5.559266895,9.780484743,22.96555455,5.563451492,8.780830095,17.19370858,29.08398707,0.0,0.0,15.8245699,29.45826601,61.58,2.291666667,2.016666667,0.7370975057,0.3829758755,0.230625,0.0867258443,0.08080808081,0.5500419334,0.794270702,22.6626124,-2.296887551,1.021195237,1.564705131,-0.5926879585,0.1816627621,1863.482751,5.52,0.00118,407.0690654692789,31.12002100574574,49.66384917076689,-33.103219877715695,0.14914874941169104,0.38195338090128794,-2.5810217250046783,1994.6138125317634,-550.4701331407625,-3298.8910090238805,0.9345494085479726,-139.02776054766494,-12.028852903069232,9.992896668116643,-638.9538576062993,730.6977306562758,-0.37961771467991806,2.983320467933537,2.9244293110659583,4.680255976606139,5.743074172975051,2.82175601323604,-6.174858138332171,-20.857427435020842,-0.7165792693174886,7.853871651168548,-25.967330741330244,3.996258791626624,-0.36754353365785897,-4.657320601772363,17.412785727390233,11.901529774049685,14.255479404992384,-4.64246303517047,-17.90708899276883,4.508079358118665,-1.0601134214797592,-0.8821186229414735,11.18312217525961,3.2455768913227745,19.86519452719096,33.329659828812645,0.8992203539376706,1.650505052165094,-3.74800609522962,42.25842059801748,-56.99579261841876,-26.919043844979115,-10.041217715953294,-3.3030366536744697,15.20277904280489,802.416866286126,58.69418431501761,2792.8861857588186,-384.8552462978541,27.084365176735226,55.7281729756046,-438.3790155021511,40.57427868292483,61.26474997264674,615.4524768799192,17.502853827102637,-27.129635703308775,-13.761084386917133,32.27439674928705
2.483398458,4.389739793,3.065420561,2.872620284,2.808160607,1.46587806,146.4786784,160.0880807,160.5538802,159.7245958,12.15770737,0.01976636993,-0.6969262037,0.1019724484,-0.1330312959,-0.06892485341,1.769071294,1.381216129,1.463734723,0.4810551532,0.99243424,0.9918074757,1.203444497,0.90331039,0.964117941,1.085544455,0.6613230739,0.5542328846,1.394715523,0.8983535665,0.8560985917,1.015006512,0.9377197517,1.017486565,-0.4783526919,0.9778948737,7.008274275,0.6094207294,0.1720343588,0.1557498465,0.1110709264,0.0,4.078889362,0.0,0.0,0.0,2.084553994,0.0,2.770193767,0.0,0.0,5.207229921,0.0,0.0,1.009717786,1.841242626,0.3033707865,0.6583333333,0.2621866162,0.03347222222,0.358490566,30.22962691,19.74647275,0.0,25.83174751,25.47729296,16.63744226,16.52595619,9.531400138,21.95893118,5.316788604,32.63603612,6.9237372,37.70453456,4.794537184,6.093240071,6.317138587,4.76773245,0.0,7.628461034,17.91607126,92.79,1.576388889,1.598333333,0.6778231293,0.2849899219,0.2500154321,0.1556004489,0.06419753086,0.3520192173,0.8518448742,29.23327714,-2.631361144,0.7864901803,0.4355746921,-0.7616776671,0.7319051574,3332.171455,6.81,0.00213,459.4373263474354,53.287760502823154,77.0052303146865,-7.221995375574281,0.3666118836363612,0.27889683586816305,-3.9117842705675354,3371.3502906497974,-1030.5552790266881,-5152.968486724096,1.2430947597775095,-275.33329724601776,-20.397834859337856,21.499915757021004,-1290.9897207732602,1204.2981045564231,-1.1526865066426357,4.146723724411423,3.815926849252407,5.536293125783228,8.338032058205089,-1.4146903625464247,-11.341636344300719,-38.44608667619098,1.1672039774152667,15.688668705296514,-46.27317824430283,8.2058148446529,-1.3653287679477466,-5.089764383037959,31.05075843354219,19.279737632471562,23.97070737861584,-5.654811289014212,-27.8763481034168,6.394800002044547,2.166016233334533,2.837450325874078,12.521433784949231,2.904750947914774,33.712166039415244,54.58630683610792,1.5366134659940887,4.1409753927904465,-4.6808735501174565,83.35225654346561,-131.2929155798052,-32.65958924481924,-21.6963616618637,-11.039021151905956,30.124702221244302,1294.7931925821244,-301.36106877885965,5060.866491394156,-905.6859354868851,100.18199635020582,133.5690412427507,-721.5566885738904,60.958825087214294,109.445935127981,968.0198121503779,28.073552460844265,-7.92542243218473,-25.10831355942179,60.797366658130976
2.553695638,4.40138536,2.771653543,2.865591398,2.392609127,1.525937962,146.1575842,158.5215522,154.6903754,157.2015167,12.19782707,0.0126714554,-0.3848744463,-0.09496978933,0.002301375392,-0.02960692233,1.368892033,0.8952672913,0.8684030935,0.4274839348,1.11437162,1.116278734,1.112480153,1.068944679,1.271492729,1.161495557,0.5618626822,0.5444617147,0.7661253285,0.8957294332,0.8370681249,1.163094959,0.9455310014,0.9473201092,-0.4356902739,0.9729550651,7.008272635,1.343850149,0.1752688991,0.1185879739,0.130682846,0.0,1.503322189,0.0,0.0,0.0,1.879769411,0.0,2.824660018,0.0,0.0,0.0,0.0,0.0,1.249157927,1.799538379,0.3675,0.6607142857,0.2093800254,0.01720032841,0.5106382979,27.94130786,0.0,5.098681808,12.13273414,48.73693008,48.19317072,5.693927995,4.794537184,22.51475897,5.316788604,25.65562151,0.0,19.03848682,5.687386275,0.0,2.108416128,2.438701885,0.0,14.37315563,27.81618899,72.7,2.006944444,1.707777778,0.6067120181,0.2330561854,0.147191358,0.1439669421,0.05797101449,0.3093117819,0.8612320418,24.26830234,-2.233708888,1.331893178,1.790397802,-0.6731780573,-0.004036518644,2240.181979,3.63,0.0505,427.1698765265496,37.21057868678455,55.16704793573965,-24.807225423238698,0.20300909892127994,0.31927915523754513,-3.1488789490111166,2379.365299145944,-670.0968891127185,-3701.887101610626,0.9986487633856438,-169.37152280960137,-13.6857533118072,12.734307342173292,-733.265190843358,847.2100336640441,-0.5868775568007003,3.276420676079477,2.9240934242190346,5.300529341495938,6.5489202385512595,1.910252669327527,-7.872647130378391,-24.9984156509461,0.04596050309194899,9.327879320841713,-31.05446594578935,5.141881717573302,-0.7476989891845967,-4.198881715143697,21.29677160937112,13.812569232647707,16.74898544667779,-4.507199803388671,-19.88225371984687,5.076350174736841,-0.17286823400198048,-0.15620750387006876,11.398335059110476,2.8994375295653785,23.331009965422275,39.36340265206989,1.0576676814670813,2.449379454630073,-3.86901048959722,49.780841981915515,-79.43588775684661,-27.77238404383258,-12.463875033868792,-5.426679671217322,19.099305387898234,924.5242508370588,-24.529651864042954,3247.1302138336873,-475.4275871618532,50.41896911661388,74.97845858883382,-475.06514782013846,45.321907219192525,72.19422818742771,722.4360825421713,20.60248072567983,-13.757216972844757,-16.368557109813146,39.615067980150066
2.557071713,4.562983379,2.810606061,2.820939803,2.393897782,1.567993344,143.3483149,156.5053829,154.5460211,156.4671404,13.38275718,0.009759034512,-0.2202869056,0.01774014293,0.003207431361,-0.03852540894,1.162135761,1.020172669,0.9406337266,0.5146114226,1.019574433,1.03519316,1.076672363,1.17124183,1.133463288,1.125466552,0.7089809278,0.6004880501,0.7527088267,0.8930596023,0.8402146835,1.151480537,0.8865638477,0.9936585127,-0.4356906439,0.9714533864,7.014207436,0.2951903676,0.1516252341,0.1004313216,0.2825546671,0.02405626122,1.651470337,0.0,0.0,0.0,1.587386096,0.0,0.0,0.0,0.0,0.0,0.0,0.0,1.197601214,1.668496788,0.3120567376,0.6465517241,0.2222912538,0.0,0.4897959184,30.52988608,8.417796984,5.098681808,19.05647134,48.73693008,35.58204725,5.693927995,8.417796984,22.51475897,0.0,33.91909238,0.0,19.03848682,0.0,9.837253136,26.67357722,2.551346131,-3.283457876,15.84713486,27.96991219,77.74,2.131944444,1.867777778,0.6499773243,0.3476788864,0.311882716,0.1709090909,0.08163265306,0.3414941652,0.8471465343,29.62403544,-2.856594144,1.223385607,1.399382389,-0.3288825098,0.2373472809,2254.437701,3.69,0.0188,428.3439689534862,37.50069778871134,55.073136415105665,-21.862780350261353,0.2165399231715402,0.2852140595816519,-3.2436404193156765,2412.370079500863,-678.3310334429908,-3681.6420566123593,1.0024447355194221,-171.82812158322426,-13.30353752117026,13.218016606309453,-703.4956662975136,858.5149489408298,-0.6036667663936202,3.2785926041236944,3.0217471011082617,5.410821797817342,6.634797270781672,1.7146799795764545,-7.908187443793597,-25.12030698551637,0.18075951380264033,9.444691657972204,-31.096606050039593,5.067407241588619,-0.8081454926434515,-4.236202385474739,21.296414748801542,14.024786048826837,16.87785479214247,-4.542925339581524,-19.992467529143973,5.222157310353489,-0.14795281496241208,-0.11025502393647946,11.064730626780285,2.756044266116765,23.736120225435233,40.01626037045303,1.0673091704379378,2.5696344228548176,-3.6878106944936997,50.18336628054364,-84.27326845693797,-27.915442055653642,-12.749288983316898,-5.679830411286311,19.475082066558127,932.9654746677895,-41.21389079995051,3298.691488932268,-475.54774782728117,56.77755124058491,76.71046251443812,-462.4101596721254,44.56038556408643,72.96662201188647,729.3876315786164,20.809914206424747,-10.479877837059679,-16.533791789857183,40.52905067742152
2.479446586,4.559174955,3.265486726,3.127314815,2.8778826,1.565864707,148.7469203,158.6013569,159.9835815,161.9911032,10.63598501,0.01671880257,-0.4898109316,-0.09203739961,-0.07541630976,0.07019490252,1.556239342,1.204237849,1.126584531,0.4634122443,1.087378641,1.006773538,1.001856451,1.128175182,1.123715992,0.9537712895,0.585806112,0.5524066865,0.8430720638,0.8896698369,0.9587793505,0.9305213494,1.045701949,1.019738425,-0.3970912534,0.911339649,6.027276508,1.434075492,0.153641727,0.09011034916,0.08448720846,0.0,1.960612362,0.0,7.30743222,0.0,0.0,0.0,3.296614439,1.720785858,0.0,0.0,0.0,0.0,0.9235193373,1.78306698,0.3333333333,0.6774193548,0.2040256432,0.03049853372,0.5714285714,30.22465849,14.98529578,10.68768295,24.27512131,37.26522558,17.46698741,18.23216117,0.0,17.4570773,10.74258,26.29938345,24.42062568,22.77571198,5.687386275,0.0,0.0,2.394222214,0.0,13.72041178,25.48287041,107.09,1.729166667,1.757777778,0.5331972789,0.3699058327,0.204691358,0.1944679114,0.06802721088,0.4154845949,0.8985272787,30.29823685,-1.787647228,0.7308494278,1.600092067,-0.8045552178,0.1491882889,2187.811674,2.75,0.0206,426.48278274447955,36.336839045424036,54.98793349940807,-32.660580586845676,0.1654321013825436,0.23277415732386209,-3.188507449543888,2338.9476266545826,-650.592504476353,-3673.031965952631,0.961231365521324,-163.25059144192718,-12.218156260309044,13.123964249006319,-675.3982009378329,794.2414067982779,-0.5362508341992086,3.1164411804299594,3.2859240666425897,5.651153365061257,6.3909014725527316,1.2633679649517604,-7.171756983436502,-24.199925013625993,-0.7612042132900956,9.522579260806934,-30.564581065452046,4.6587638985107755,-0.3102616830942111,-4.994499174651228,20.035682250300887,14.233340740481484,16.941049131544613,-5.5265597034571865,-20.812312657628087,4.888256373907611,-0.45155246430499174,-0.1422618587678881,11.514253993555581,2.9978404595222448,24.098444622839022,38.92420470663555,1.0429906879223476,2.758668165564309,-3.6537181814307065,46.77182223580982,-79.89546295195274,-29.24273556384192,-12.587363860449434,-4.343844289720382,17.804612481053955,931.3852560516495,1.9276115455435878,3420.1216650936544,-435.6357252606662,70.11029158848658,67.95914051538715,-453.0782989893141,44.570469235094095,70.8613442169905,694.9294625125046,20.29784962626095,-1.8174189666935328,-15.103179219146492,39.785931287316124
2.534674628,4.598942645,3.44,4.045532646,4.159853249,1.6359058,144.4433418,152.6652993,157.2877824,155.5613241,9.074380165,0.02397713981,-0.4180494422,0.07139000999,-0.1428045455,-0.05050573714,1.375566915,0.9825463285,0.9505324754,0.458670178,0.9401369856,1.008331606,1.122908217,1.231303658,1.057236995,1.239457987,0.5165781827,0.5881161927,0.9414775042,0.8584182711,1.013862802,1.101087121,1.043925398,1.056191083,-0.4868798843,0.9113320353,8.001920409,1.39137419,0.1811396587,0.1115543688,0.1255936109,0.0,0.0,0.0,0.0,0.0,0.0,0.0,0.0,0.0,0.0,10.80905451,0.0,0.0,0.654627845,1.316716272,0.3861082737,0.65,0.1859418411,0.01786482335,0.5909090909,33.94087439,9.072217983,5.261891555,18.19910121,48.53093655,11.12690298,5.817220841,13.86414096,45.63991372,15.0329928,16.57342705,17.14833371,5.563451492,4.390415048,11.37648774,26.78348917,0.1267165641,0.0,15.04576359,31.1282403,80.04,2.298611111,2.197777778,0.7354648526,0.4285793021,0.2297067901,0.09009488828,0.07709750567,0.5013551192,0.7946563913,26.03677355,-2.753946002,1.148440341,2.118887264,-0.637109507,0.4074166729,2137.985131,4.94,0.00143,412.84684237404815,34.90534282630853,54.76867989132354,-33.01595339350229,0.1648323941863778,0.3072247853263707,-2.858509908097777,2235.2577605149754,-628.6970852358254,-3637.5514728296457,1.0004213492473921,-165.45367596659608,-13.053553075952822,12.200818695681983,-742.326072766969,775.9452896675273,-0.5028458921764106,3.134298478171302,3.0194641161113522,4.942672321452607,6.192108220969331,1.8708588002156925,-6.9877181391059615,-24.174085950666367,-0.9550834883566315,9.444310315540077,-30.28834196850586,4.582930395940201,-0.19062723960881356,-4.8310362794566775,19.874548954323352,13.313688158452301,15.97766463755272,-4.965149028725662,-20.441778084489844,4.870860204186157,-0.6309540823288773,-0.15093267610776806,11.365024168645377,3.061620361285825,22.764313112772516,37.08799779481855,1.0185767460492605,2.3898576048365747,-4.143481571954466,45.465191762486526,-69.9471147681358,-28.69922212987374,-12.554368138411197,-4.386806382754105,16.9379257300534,920.5935823110133,-7.529941530247427,3479.2972831685674,-484.8761976045094,36.06351648295369,68.23392309758003,-480.75893316835743,44.26108034887257,67.91784826041489,677.0312827400495,19.467511873827213,-16.223788061168452,-16.81429790877216,37.69872511891289
2.47919456,4.548122311,3.069767442,2.569550466,2.752173913,1.550941773,148.4885439,156.9498913,160.6751917,163.5770398,13.91975309,0.01425458694,-0.5018382988,-0.07253310188,0.1144430539,0.1413197503,1.611020551,1.149542552,1.109601832,0.4684343434,1.09863856,0.9766883713,0.7969003007,1.024674465,1.204451386,0.7824621227,0.9274724302,0.6981384003,1.283168794,0.8342492746,1.080794955,0.8674502868,0.9925651784,0.9762463528,-0.3832819285,0.9929188504,3.057290394,1.43418935,0.1597286254,0.09341899671,0.06365387513,0.0,6.193937567,0.0,7.447733822,0.0,0.0,0.0,3.481244069,1.754872175,0.0,0.0,0.0,0.0,1.230017028,1.989628032,0.3648648649,0.6693548387,0.2197751249,0.02971652004,0.5185185185,30.15823057,14.98529578,5.425791397,18.20875424,62.23960296,23.15437369,12.16293986,0.0,11.38785599,10.74258,26.29938345,26.93698721,28.33916347,5.687386275,0.0,0.0,6.770602974,0.0,9.794672464,24.60238641,83.3,2.166666667,1.988888889,0.696462585,0.3023904006,0.324691358,0.2026303438,0.05777777778,0.3579826566,0.8852970527,25.30336322,-2.791507448,0.9913844917,1.284446728,-0.9020991131,0.1596107264,1951.964934,3.76,0.0102,425.6837467170161,32.27776940843254,49.64299968330594,-27.73317387805421,0.16752197416614334,0.2984770494333524,-2.9832749236065377,2168.347650890718,-577.3813317388939,-3381.273722859155,0.9164806578885608,-142.48629554851092,-11.126513962085518,11.282860307235467,-545.3926336501976,754.2970327069647,-0.4363444314540314,3.001540508109699,3.124022685567372,5.593325547585904,6.211369994551699,2.541792474365498,-6.529689680348838,-21.45887153254758,-0.26443472207656904,8.093048830133947,-26.514175537002657,3.944720716186816,-0.5197402529742947,-4.9375768748668545,17.834690943356886,12.783345456735898,15.334686997884438,-5.003200740958965,-17.77685343910077,4.569952762827193,-0.7822563856587861,-0.7773148930051121,11.320022216395406,3.0431907455075917,21.338251845754787,35.765281622854836,0.9367107259690254,2.075256029163162,-3.1879383071883414,43.111471637804726,-69.98341915198394,-27.70286600215781,-10.200524292215373,-3.556187629214121,16.708408979670065,838.7358358839729,52.03986790749316,2833.681592407239,-352.70589769121875,53.44461205829188,59.227875815407714,-420.1620693528541,41.17711297274667,64.93243135522415,647.0254183125237,18.543327670173973,-15.33590777945755,-12.816521941942392,35.24684357613421
2.479150728,4.583601775,3.25210084,3.079231644,2.87654321,1.547045413,146.9088126,157.1375709,158.8014546,160.6937876,9.287379973,0.02379145548,-0.5304780801,-0.05772794357,0.06114549491,-0.05685607028,1.577231837,0.885335704,1.054080573,0.6112817258,1.126232062,0.9451028777,0.9677419817,1.104999801,0.9532532849,0.9915088444,0.8911538631,0.5185653573,0.8115715237,0.8647754529,1.024257192,1.130253194,1.003784211,0.9642933756,-0.4868321942,0.968524792,7.014216481,0.3002066653,0.1482338421,0.07763040083,0.1929949,0.01964185503,1.935539908,0.0,0.0,0.0,0.0,0.0,3.259558663,0.0,0.0,10.9624359,0.0,0.0,0.8910717412,1.463271253,0.3127659574,0.6742424242,0.1946720032,0.0468013468,0.5185185185,33.91662091,23.52472776,0.0,6.066367068,55.45467375,23.64452491,5.693927995,17.89152289,28.70474243,19.92948825,29.74579598,6.9237372,11.38785599,5.687386275,10.02329115,35.82502592,2.560057898,-3.727789,14.61310424,26.46701045,121.36,1.979166667,1.917777778,0.6540136054,0.3577884858,0.2425,0.2956881951,0.07407407407,0.4172835455,0.7361378748,36.96481016,-3.197433137,1.505550769,1.336993208,-0.6494732285,0.5399820394,2519.307196,2.01,0.0159,438.9283663167919,40.87080943227284,62.161564206599486,-33.95165664857749,0.17942450994823206,0.18592012108337602,-3.8460205917081236,2611.3753815930986,-730.8981063225816,-3946.5583639716156,1.07052716755886,-196.38005831136545,-14.075037772760611,15.348695974413243,-831.9524640509363,870.109563286671,-0.6736730758544365,3.391309620482106,3.5328126617057003,5.711617047233713,6.950887284551517,0.10184665238547708,-8.318748182266605,-28.051899871195804,-0.6162547385627191,11.049201858089145,-35.58627119460158,5.452879588451779,-0.30510074908495133,-4.90442243898089,23.230889970443673,15.337219769972815,18.536548691991154,-5.307344056697449,-23.62749660563611,5.378176483973405,-0.023976640416206063,0.39796270997455585,11.213217474194302,2.39445557015277,27.126955097244977,43.9433764075687,1.1781616074562566,3.669216215394803,-4.4360189821204425,49.83692206941214,-96.40447337409584,-31.116602538273415,-15.220449185986885,-5.933713936052213,20.223469506922775,1080.4913271236692,-97.6966978630652,4181.634216071603,-554.1405250986728,72.25577556850625,84.59998480238887,-484.4323211342032,48.303112820776676,77.74203710982667,773.5673285281432,22.46562317102475,7.858857242220519,-19.035747353860177,45.748026522631235
2.478903901,4.498947703,3.479166667,2.778184778,2.678656709,1.74455896,146.0295952,154.6627463,156.0859804,156.9824689,8.401991852,0.01343402776,-0.5549134885,0.1126688495,-0.1578171439,0.1370045912,1.616848692,1.331463636,1.311071099,0.5479366939,1.039761687,1.011539262,1.110380088,1.013559936,0.9920161512,1.056333682,0.8526267472,0.9069794489,0.8673471306,0.8152846252,0.9970488836,1.174387659,1.295444741,0.9822380494,-0.3836347181,0.9929414619,3.057283058,0.6049843636,0.1705155979,0.105417972,0.1146045727,0.0,1.982841128,0.0,7.516015789,0.0,0.0,0.0,3.429276266,1.767180181,0.0,0.0,0.0,5.985401454,1.134644105,1.890160077,0.3278114049,0.6666666667,0.2225054328,0.01650793651,0.5957446809,30.07588135,14.98529578,5.425791397,47.21284708,42.82867707,29.03437713,12.03246336,0.0,11.38785599,10.74258,21.31540493,13.08951281,16.13452668,5.13155848,0.0,0.0,2.642483408,0.0,11.96691268,24.04739053,67.51,1.479166667,1.797777778,0.5723809524,0.2590230537,0.211882716,0.2026303438,0.06481481481,0.4716029822,0.9035801957,28.71703635,-2.514754953,-0.2894025073,0.6115351874,-0.5950689764,0.4631121564,2203.569401,4.47,0.00156,421.118055810266,37.10450877320644,53.884299919192216,-16.33572130621176,0.250962816387596,0.3331725192112696,-2.8482104849257706,2371.3628894595304,-686.5659787600658,-3757.6643725375334,0.9646358706101616,-167.6085045038927,-13.520403638217013,12.991223906938812,-745.4085733499826,871.432840955868,-0.6147649573811942,3.24781525621102,3.0401024677733632,5.227945870929213,6.424932291076122,1.6636474643044423,-7.733561553866933,-24.781063838472353,0.09095084853842927,9.669129157472572,-30.057253168773006,5.268512721078482,-0.9213951617373151,-4.131788675640172,20.74795444955714,14.200258538128288,17.046550425395864,-4.75754745596644,-19.444409361717845,5.004924011527228,0.1291984954691523,0.20740913940925731,11.494250753273647,3.3447036950046587,23.2645769792149,38.87223222587144,1.0497974000438803,2.086411138760435,-3.252211840075666,56.232083579819346,-81.86373017562566,-27.29964512844582,-12.740956434818361,-5.8020326202054315,20.000219369842906,890.765118467863,-34.94543950329451,3093.3651339986395,-487.6847534373586,69.93022590170928,76.60631187958442,-482.2385178459502,44.74080218266447,75.56682182219653,711.3157731029581,20.419596094819468,-17.922500108927956,-15.153260076235718,39.74529228181821
2.448407349,4.263284078,2.961038961,3.299196787,3.018518519,1.551155196,150.0218546,162.9071435,159.9432576,163.3945515,10.851875,0.01576077397,-0.270498605,-0.07034949566,-0.1223523558,-0.1029061835,1.288865257,0.8561043126,0.9245077037,0.4028651815,1.095208907,1.126584574,1.116341462,1.161649454,1.280117327,0.9030717464,0.5775459259,0.6246353563,0.691816444,0.7875019701,0.9115842958,1.137464516,1.147934883,0.8795302852,-0.4340990214,0.9929407581,8.001918197,1.409403453,0.1873339944,0.0882659421,0.08220369498,0.0,3.680913601,0.0,0.0,0.0,1.688794654,0.0,3.327026172,0.0,0.0,0.0,0.0,0.0,0.8609475519,1.404257219,0.3765281174,0.68,0.1802456283,0.02079120879,0.55,25.40958791,9.374393569,5.098681808,0.0,37.25557254,30.8226734,16.72732943,4.390415048,11.38785599,5.316788604,24.73242031,12.74095804,5.693927995,15.7651876,5.817220841,15.84917641,1.820582491,1.86033111,6.069430483,17.35618681,68.52,2.097222222,1.248888889,0.4147845805,0.2048217435,0.18,0.1357024793,0.07222222222,0.32104177,0.8585318053,22.37169179,-2.109340779,0.7544204297,1.608905417,-0.7253544186,0.06196991717,933.9882592,2.96,0.0643,406.8657825153234,17.06421278077323,31.464202589216917,-56.09649235494137,-0.07684621802220881,0.43827867346875443,-2.57138379220825,1173.9105256820355,-215.57107634891082,-1946.531966494811,0.7225915999580904,-40.65391368797737,-5.256387080737175,1.7160360240171912,-180.01120721784656,422.11184509754275,0.18750945825280252,2.1973852813794457,2.6782242522711,4.9795752779026206,4.529046786164469,5.479717157873067,-2.8834239648441535,-8.449743004587436,-1.4012264489781094,1.744445074274228,-12.487485367089242,0.9900342628877257,0.11148771956266168,-4.678564917949754,8.567307153194776,7.103434914053677,8.45920776311133,-4.05146355938043,-10.191981019086308,4.105383050762401,-2.984581183166446,-3.891380534948249,9.383878757359176,2.8314423471801207,11.506365903784577,21.80764614814338,0.4918110797821347,0.5130302118588379,-2.5889962874121926,12.70236010465822,-17.131823828790278,-20.858023188766147,-1.4702186914967172,1.7976957204427864,5.250036316118299,471.69849132155457,361.1672824056453,1178.7174203164134,62.96813422583156,-11.60197818368328,3.1278480474623165,-191.52848323610755,27.137790590971026,28.815681818418238,395.45767150248133,11.017783981068078,-30.369183345015692,-6.580410804998514,13.424391434195174
2.479111826,4.547271052,3.087301587,2.954248366,2.925287356,1.535474468,148.4111189,158.4354811,158.9463001,162.0193274,12.16518334,0.01659012321,-0.4910888196,0.08655815039,-0.1058824453,-0.0431214025,1.535897833,1.308018056,1.16166739,0.4514178773,1.175731369,0.9327185025,1.019042337,1.077703944,1.082947805,0.8997378311,0.6384461648,0.6201694087,0.5261713645,0.8711516523,0.9805301307,0.926541931,1.078199442,1.043039165,-0.3856228635,0.9729364532,7.008272924,1.434196465,0.1491359745,0.08722449459,0.097674566,0.0,3.524287001,0.0,7.32461262,0.0,0.0,0.0,3.342632958,1.724846371,0.0,0.0,0.0,0.0,0.9263898979,1.805858471,0.3568281938,0.671875,0.2116649676,0.03008578431,0.5283018868,30.24433177,14.98529578,5.425791397,24.27512131,44.18896278,28.71782518,12.16293986,4.794537184,11.38785599,10.74258,32.0826284,13.08951281,34.49398636,5.687386275,0.0,0.0,3.988318243,0.0,11.82790416,25.86406442,100.37,1.854166667,1.957777778,0.614829932,0.2711404006,0.2940740741,0.2356881951,0.06535947712,0.395568724,0.8417262004,30.23285924,-2.357136065,1.250027542,1.641201356,-0.7739136444,0.003488957098,2259.568145,3.16,0.0476,434.9109798913529,37.55343162322786,55.75984775466801,-26.81633066220993,0.19414065203519193,0.24923288843743652,-3.428252830281134,2429.318444467585,-675.7079351624214,-3731.754722179301,0.9812145373990198,-169.31008158332648,-12.829586026287837,13.464546211944546,-694.419097677913,845.1681912286007,-0.587947519626429,3.232566288501559,3.2626804354449477,5.7188747137379385,6.625502700672085,1.2464533350123792,-7.750734199811474,-25.02314380291158,-0.26328017852867824,9.633163799342782,-31.166393698804097,4.9502779657843465,-0.6346155787625254,-4.637514231654873,20.93293291082249,14.411940216773399,17.329648568164316,-5.071142282981901,-20.584540258159315,5.1024210007652835,-0.1715190235846753,-0.10154578259561609,11.404326610516744,2.901041500967698,24.438028995301153,40.4756567752137,1.0715710506022882,2.7296096591632995,-3.6109285811336242,49.738034235679976,-86.44442184987548,-28.92056346245997,-12.76648694628175,-5.23040215989033,19.292119241804297,948.2589340009177,-25.295640696786627,3391.7628723719763,-452.8356613836145,73.60503605178768,74.33450577953977,-451.4294856909691,45.190466920183525,73.44550687550132,723.9283833996943,20.921323321167126,-2.4809661286565063,-15.619262177013827,41.12558628417797
2.479015615,4.520309251,3.510204082,3.039116309,2.85606894,1.712631764,145.9988968,153.8651411,157.2383784,157.1023978,9.328125,0.01398932191,-0.534469659,0.04449621576,-0.05644050626,-0.1211845011,1.568695073,1.2968241,1.344695422,0.4981370573,1.041351748,0.9616662427,1.036564102,1.013752634,1.079573421,1.023437312,0.5671182007,0.577404318,0.6380288783,0.8340867552,1.010419693,1.026028723,1.116738311,0.9713617994,-0.3983578889,0.9113366495,6.027276383,0.60498736,0.1619215929,0.1001055623,0.1073021503,0.0,1.979185672,0.0,7.385450718,0.0,0.0,0.0,3.394801587,1.738711849,0.0,0.0,0.0,0.0,1.02320892,1.798404767,0.3237885463,0.6612903226,0.2145229825,0.01559139785,0.5833333333,30.07249401,14.98529578,10.68768295,35.61190719,42.82867707,24.01174382,6.338535363,0.0,16.6402965,10.74258,21.31540493,24.42062568,22.51475897,5.13155848,0.0,0.0,2.553858816,0.0,13.77113205,25.27831061,91.3,1.729166667,1.837777778,0.614829932,0.2711404006,0.269382716,0.1695724926,0.0589569161,0.4448631839,0.905564772,28.89842334,-2.325355846,-0.2781968411,1.291577699,-0.5431504472,0.1454258399,2723.437559,3.87,0.00666,431.86225604189883,44.47866443459574,65.08467442910415,-17.460842651001578,0.2904943091528741,0.2785846065478751,-3.2869815571117034,2801.1632539856946,-840.6445120879459,-4409.821259116781,1.0822138019674319,-217.13795318998615,-16.434796084446035,17.181700978785926,-1018.6741233627114,998.5661085403846,-0.8500451478193851,3.5935441860998694,3.508175557526775,5.2428818704190965,7.137859137184929,-0.2447614834518823,-9.05000666686893,-31.13488552686481,0.16576527044174771,12.787552129394358,-37.81546323019259,6.4817025168350995,-0.8100049413993036,-5.124826679602992,25.1459041090564,16.804767564834297,20.53196776930563,-5.72603696057662,-24.170467149192245,5.4931863171305295,1.0553756063022144,1.676291932311591,12.072591219193264,3.180639681558555,28.543365668670774,45.78161153319456,1.277778468710829,3.1980333437795894,-3.9973099652560355,68.42114744788093,-103.27409390494468,-30.39876946609867,-17.193439481338558,-7.77464899427956,23.95001464554098,1079.7939262016412,-160.23200921882182,4164.579740632273,-680.2964825886826,91.78597494655425,100.2712138486334,-605.3697286068548,52.41034362983944,91.3132552358001,808.7257921301119,23.866634807526765,-7.4974674643308585,-19.44701257548243,49.82235497423467
2.476523727,4.228221225,2.948275862,3.242078189,2.757037037,1.679710867,148.8349854,156.4040319,154.8192767,160.5123403,9.099173554,0.03314205788,-0.6089468803,0.06485725483,-0.09380630248,0.02233338818,1.626544529,1.221642234,0.9840342229,0.5030019797,1.165982519,0.9678173121,1.101392269,1.123141655,1.124637681,1.16057971,1.145877989,0.7504116714,1.193856341,0.7334362995,0.9613799912,1.212869838,1.252709893,0.8625595605,-0.4868649305,0.9929424288,4.005301525,0.6101389397,0.2004813414,0.1020099945,0.07931626887,0.0,1.954622494,0.0,0.0,0.0,0.0,0.0,0.0,0.0,0.0,10.74599844,0.0,0.0,0.965933432,1.880533352,0.396039604,0.7023809524,0.2126786451,0.07023809524,0.5757575758,27.76816663,9.967957042,0.0,0.0,25.12283841,16.63744226,10.70155169,9.473725908,33.45795484,15.20739338,21.74487787,6.9237372,5.693927995,5.948339281,0.0,10.74599844,2.207036964,0.0,2.697679302,12.37803984,86.05,1.451388889,1.233333333,0.5258956916,0.1222206475,0.055625,0.02,0.06984126984,0.3843374984,0.7837736492,21.75128385,-1.919094446,0.5303720481,0.6480669391,-0.6072280764,0.2985264379,1314.287359,3.8,0.0762,401.6801588365737,22.67407025975451,38.43170299812902,-48.72523795328892,0.0014997123276586644,0.3024814099841313,-2.60995535008097,1504.3603812586857,-349.5198545943302,-2498.165716159472,0.795740274699937,-80.41031853150051,-6.928729840214427,5.317710506629393,-317.4746316694947,499.5466755527856,-0.024942953640066837,2.391762245060431,2.68834281086085,5.071460491908086,4.992961824165584,4.018462775921954,-4.146401022467149,-13.237446238844086,-1.806627621222978,4.221280308463921,-18.544975362860416,2.0921666560756664,0.28538435887672275,-4.581869821275236,12.190112660317748,9.201996375427527,10.678041345051996,-4.3406157431693195,-13.808326408312777,4.386006753151718,-2.3126593371965036,-2.758137894075222,9.874633920924083,2.805630398001573,15.319845148374077,26.510466303681817,0.6526969855886036,1.3308580251762476,-3.0171980103521383,17.96616431709777,-33.65969228290746,-24.222624864795456,-5.400937886424788,0.2206636034159518,8.330976935021008,645.2237424743769,247.13437526371686,2128.005545404968,-115.08512965282785,0.7291426500565903,22.27797018383734,-260.60442226157744,32.89454779196939,38.169558340453264,489.95283535264025,13.835520582372428,-16.83604904254632,-9.929184498927375,21.20406949426395
2.479029471,4.526849527,3.146341463,3.031848659,2.900545635,1.550384998,148.5111826,158.5092233,159.6436914,161.7930975,10.13609467,0.0157246166,-0.4788635202,-0.002590437511,0.0166322191,-0.07329736105,1.549150028,1.16537344,1.168789929,0.4833819389,1.107254195,0.9679134186,0.9656143368,1.051515508,1.112269737,0.9325317604,0.58399396,0.5708954067,0.9210154176,0.9171861945,1.008991876,0.9396603734,1.041207467,1.034756669,-0.4083836897,0.9110327994,6.027275724,1.424267567,0.1522656084,0.08905243654,0.06365387513,0.0,1.969942999,0.0,7.355131966,0.0,0.0,0.0,3.388982164,1.732222834,0.0,0.0,0.0,0.0,0.9753873987,1.942465128,0.3223684211,0.671875,0.2094889322,0.02941176471,0.5384615385,28.59441315,14.98529578,10.68768295,24.27512131,42.82867707,23.15437369,12.16293986,0.0,17.4570773,10.74258,26.29938345,24.42062568,22.77571198,5.687386275,0.0,0.0,2.470332187,0.0,15.67449932,26.52683459,107.09,1.729166667,1.837777778,0.654829932,0.2711404006,0.269382716,0.1895724926,0.05777777778,0.4023134061,0.9035003084,29.92663584,-2.751063629,0.5642247774,1.502192319,-0.7404977699,0.2451598205,2526.494757,3.14,0.0515,434.6213656551596,41.37596239054809,61.54275582458079,-27.455141617661674,0.21964908985554832,0.23676293343366872,-3.418736741488491,2634.7846260639485,-761.7855814056666,-4115.520444426847,1.0362003816530196,-195.62127548874878,-14.591444305944181,15.569815277976762,-864.1150524089459,906.0587896055538,-0.7152705014439178,3.4076227424019394,3.4568664237967077,5.583762509666751,6.905046622697835,0.2664220325533093,-8.325041225063234,-28.44806941993048,-0.3939149451258819,11.424189377475463,-35.33478632468832,5.7078371371733585,-0.5164440644573336,-5.138820099665289,23.22007523205794,15.894869648154433,19.22338606326726,-5.797478146961305,-23.25921117118271,5.218971027045137,0.3240296496935283,0.8249303133127854,11.940694186286224,2.9845866791823887,27.131384241030037,43.52757265323809,1.1913887826766085,3.218378969877491,-3.9961301445301514,57.78686588068787,-94.47841874234912,-30.430566147243468,-15.283173487649936,-6.2072229985266,21.29216349986305,1037.578619730452,-85.28853648863756,3942.187391659509,-569.5193695956622,83.74382888980652,86.2594515843913,-535.6706576443944,49.57512913504352,82.6582620013064,768.1760586651808,22.599172699082775,-1.224127691429193,-17.7955722017024,46.14234135620822
2.480066464,4.664261695,2.904109589,2.744089835,2.758355917,1.546868551,149.5353358,158.1605413,158.5727552,162.6646942,17.76913265,0.02396427595,-0.4221932456,-0.2167273575,0.03208325963,0.1813631051,1.467114642,0.853454002,0.7879618576,0.4786464836,1.081460674,1.154795017,0.7959686916,1.261744709,1.296998135,0.7923909579,0.868635332,1.045183051,0.9529206713,0.7736002982,0.9469667197,0.8160360978,1.108256262,1.047999837,-0.5270965492,0.9871956667,3.515313479,1.424173312,0.1565571095,0.07019953079,0.09041339701,0.0,5.21020126,0.0,7.356082999,0.0,0.0,0.0,3.388836661,1.732637327,0.0,10.9234963,0.0,0.0,0.9310836052,1.857941804,0.349137931,0.6893939394,0.2122635027,0.03036075036,0.5,31.11015337,14.98529578,5.425791397,18.20875424,37.26522558,17.46698741,12.16293986,9.473725908,22.88687966,20.21630591,40.51897853,13.08951281,17.21226049,5.687386275,0.0,10.9234963,2.423070291,3.239425628,9.857598928,23.997636,101.76,2.166666667,2.068888889,0.614829932,0.4011558327,0.309382716,0.2275257627,0.07264957265,0.3207065023,0.8749756315,29.9861309,-2.631215133,1.150052449,1.66330387,-0.8999377555,0.1284730873,2416.366032,2.83,0.0315,443.681726381162,39.27183388823782,58.86227138611806,-27.156750206128258,0.20528950885048142,0.24916717254327897,-3.6538224902940106,2571.5705110073627,-710.979611509295,-3950.9794659660183,1.0285573058033464,-185.7255478947532,-13.71303431417874,14.49651487801742,-757.9162502014896,878.0146152356439,-0.6540076092886765,3.379565654121,3.222566658643853,5.839955202383475,6.982134161696248,1.1788187703225892,-8.273114118494235,-27.156233073338736,-0.3488971299742576,10.555620814628954,-33.550663915268935,5.209968738450616,-0.5272266014151294,-4.838217219459331,22.23443637110387,15.080689106497275,18.323240543510153,-5.17036016643779,-21.68794123648815,5.263115107998058,0.01858582847809853,0.291216957044403,11.719268051066154,2.839731597304204,25.870079198736345,42.59299245057198,1.1394405887816952,2.9961063565908823,-3.902941100254033,52.24588164609048,-91.86651019989388,-29.964392173397663,-13.995916833248776,-5.860626197596414,20.47687194578434,1017.2642078429964,-56.25925886215641,3760.9731228175997,-513.3583721628032,67.52397719290875,82.34752355069618,-494.7153884990441,47.84083996873895,77.79469796450422,756.6381344617948,21.879475082001203,-3.9752577978724117,-17.695289735183383,43.94497376353913
2.529904177,3.992545729,2.632183908,2.648148148,2.086894587,1.585744614,143.850185,154.4014992,155.4123744,156.1039492,12.0591716,0.006909341292,-0.1433039918,0.1520769017,-0.345181678,-0.1068096725,1.194450889,1.471735481,0.9650451815,0.4537702221,1.109027968,1.163828941,1.383321908,1.031690681,1.183351632,1.16420141,0.8932556346,0.7688163776,1.103869226,0.8364624939,0.9747042048,1.172301398,0.9735993809,1.049305428,-0.4286572913,0.992941462,3.040345304,1.399843898,0.2056364325,0.09412488023,0.08579236005,0.0,4.118896841,0.0,4.30055839,0.0,0.0,0.0,0.0,0.0,0.0,0.0,0.0,0.0,1.26234854,2.012621646,0.3644859813,0.625,0.2092807627,0.0,0.5128205128,25.11379186,0.0,5.098681808,41.97130694,37.61968013,11.25737949,5.693927995,0.0,22.51475897,0.0,14.76446326,13.8474744,16.95130748,0.0,0.0,2.050136054,4.952240489,0.0,10.99723661,21.16131431,30.71,1.569444444,1.419444444,0.4907482993,0.1456364953,0.065625,0.01234567901,0.06790123457,0.3332866318,0.988609627,17.57770004,-1.689679101,0.7256466006,0.8367266263,-0.5165295323,0.1505463994,1696.043633,4.18,0.0108,404.98575132157316,29.18341414824194,43.30498289245146,-16.406709555039164,0.1999075646265091,0.4215080733687874,-2.152967157388323,1930.9248818362983,-528.8118949923249,-3136.572351457837,0.8787068546356088,-122.80907221768615,-11.387770855539255,8.365346332779923,-506.06932785716816,720.5372752327676,-0.365079220519218,2.9275523678182647,2.4973408207054897,4.905178135064078,5.779183077107278,4.114266787561162,-6.172672679647609,-18.92843950831717,0.05255126049127745,6.652112685655123,-22.75002403566826,3.9033124697078248,-0.8830619444162633,-3.579579663614208,16.39888608904042,11.36716283807744,13.4588686713637,-4.068956838188663,-14.752642920867565,4.347904896207797,-0.9086406598694499,-0.9639508860788641,11.162271701974841,3.420098168124544,17.728814538854795,31.343845251847398,0.8250504042997968,0.9294417760674517,-2.6316063310513584,43.453890498176165,-53.35007840614057,-23.856624864998714,-8.289627507309527,-3.5289886486371342,15.561804895618053,700.7063706777989,96.67276007000797,2120.9664010792517,-325.1394104950046,22.94040458851088,52.84585094834242,-422.61418429586035,38.16613233561716,60.09192591751156,605.5591171030409,16.588959668690073,-42.305131155534355,-11.84719664198511,29.094421460952567
2.492512437,4.15988082,3.736842105,2.694954451,2.792998063,1.975363773,143.364057,150.688989,153.3114982,160.0139153,7.204081633,0.0156180897,-0.3973774462,0.01532299881,0.2160551123,-0.1601231853,1.363472932,0.8981836777,1.47724548,0.5652870843,1.057326469,0.9068803068,1.081639954,1.116592345,0.7628205128,1.026873767,0.8343273305,1.177694743,1.13245884,0.6943112757,0.9452846976,1.029673086,1.139788242,0.8532996955,-0.5293583159,0.9877778018,3.513558004,0.6049902606,0.3157488359,0.1350816635,0.1399133806,0.0,1.647761911,0.0,0.0,0.0,0.8072543724,0.0,0.0,0.0,0.0,5.175480683,0.0,12.19931621,1.013495682,1.713681632,0.3578621224,0.65625,0.2007314057,0.0,0.5714285714,34.94713969,9.499376415,5.098681808,34.53866566,42.46456948,16.1495363,10.75713553,4.736862954,27.57796651,4.736862954,21.70785576,0.0,0.0,0.0,0.0,6.943835354,0.0,1.647761911,6.22745723,16.92723598,39.42,1.701388889,1.255555556,0.3109297052,0.1793981481,0.1125,0.1030507091,0.07407407407,0.5510829059,0.9208351659,22.42939322,-1.448137018,0.3333577517,1.397488107,-0.5619087632,-0.162483159,601.8676961,5.35,0.000382,374.42029204455787,12.507160964812698,24.220618795943178,-46.00036734748776,-0.0267803536567639,0.44430838076160883,-1.7203531727309287,838.8534105277938,-133.0865011544966,-1738.0635405061398,0.6821004042082315,-17.80499994477396,-3.6639257804272964,-0.7808440814843762,-102.44944085526672,330.1448220301336,0.281038734603195,1.8856915914695966,2.3742226078755198,3.9135432501792438,3.7285447132139495,6.562244704931496,-1.6138979611740683,-5.03327640375994,-2.241481212973402,0.12063760643477273,-8.225995576223575,0.42080005878453497,0.29787752100938136,-3.449830853205145,5.491700751335358,5.605930565985631,6.432764902022823,-3.639637471811064,-7.835031013995975,4.0402071571189815,-2.951450437957935,-3.8986686848987127,8.990710516289942,3.5500221367433147,8.175061727255397,15.942202235464446,0.3392585787714229,-0.8813578069592195,-1.695948643205956,7.847378221236122,-3.913689874988065,-16.776161069391552,0.4514901696321374,2.3818224909997765,2.728676614395175,316.43315905253456,435.3413717592286,603.1348163738515,120.81822783837399,-33.839064575767914,-6.721362774604126,-171.11699305904355,21.980669816296626,20.982002299650013,312.4938501401459,8.562200546007414,-41.319834256624596,-4.539742119695875,7.655946914823575
2.557663321,4.512952422,3.847058824,3.500494918,3.042703094,1.814715801,146.4107325,154.3310412,155.8610636,155.2294906,8.830123457,0.02689214999,-0.6289348213,0.162400935,0.05778296979,-0.07677209313,1.626006942,0.8621264366,0.8792052488,0.5269968588,0.9252384091,1.061952688,0.9955832527,0.8654359035,0.9869520598,1.057625348,0.6922530943,0.4667402979,0.8501270073,0.8644139294,0.8368710361,1.050342088,1.143224693,0.9282519765,-0.4060531215,0.9725391961,7.009375612,0.6048934242,0.1761797456,0.1186519305,0.3209421867,0.0,0.0,0.0,1.690547997,0.48069092,0.7375824358,0.0,0.0,1.086558406,9.056324159,0.0,5.205926291,0.0,1.032131168,1.793720513,0.42,0.6666666667,0.250969533,0.05181818182,0.5111111111,31.94751282,9.499376415,5.098681808,47.44927841,31.05039749,17.16874381,15.87291419,14.69560176,11.25737949,5.733667477,47.34627086,0.0,29.46110098,5.687386275,18.42124142,1.96989914,-0.4638617936,0.0,5.632365142,20.07206199,113.82,3.069444444,1.762222222,0.8819047619,0.4613803855,0.4122067901,0.1707050301,0.07060185185,0.5362093358,0.7348145245,25.83589666,-1.986045392,1.142050741,1.055188479,-0.2473288575,0.3250726875,3118.171993,3.66,0.0105,455.71491055776573,51.28507276953376,73.59207541595465,-14.62678294212185,0.3313585300071869,0.22396022509149255,-4.254489997414322,3144.775253083235,-963.5618108433342,-4835.078881248151,1.1882753123007403,-250.62628848316203,-18.704825407055694,20.073773077732927,-1192.6828823539583,1166.2212109998734,-1.0443395704260625,3.9584027899166316,3.786313653318711,5.4582422669937225,7.771541395285224,-1.9887840425947871,-10.88862849651281,-35.658925197682656,0.4957573424635182,14.523797867152282,-43.38430203126707,7.618708725737534,-1.2396513367031816,-4.74992381526267,28.995040908266613,18.54423747054566,22.84535509402946,-5.297203985449297,-26.93801225509216,6.4989844376615435,1.8503230809746976,2.2533864182583265,11.857063684686786,2.9513555955801243,32.19947997862387,52.62581703883265,1.4521533355272849,3.9057378895949935,-4.469353223541726,77.17360717253443,-129.55984592172808,-31.45214800271201,-20.135501860503126,-10.412308452696129,27.960937934963304,1216.8870784693247,-264.61236094249546,4775.238126497505,-794.1293144880354,117.406693903412,122.7175835784838,-613.0293151922904,56.57907778053076,101.29833494102162,914.7698431606239,27.055179463916367,10.15957658527644,-22.93260102358717,57.42669261367909
2.459286405,4.186790889,3.068181818,2.595061728,2.168381344,1.907957164,143.8295718,151.4616945,152.1720954,155.8835336,7.52,0.015439973,-0.4914573448,-0.06670812858,-0.1287321544,-0.04212853996,1.472080496,1.121334217,1.150277453,0.542748769,1.150922194,1.065085311,1.235809046,1.200756543,1.073473282,1.16221374,0.9189246884,0.9598365255,0.9967312788,0.7561105908,0.9558804023,1.169707571,1.166316014,0.7794199937,-0.3622990067,0.9938484478,3.042257683,0.6094208209,0.2382323701,0.116023692,0.1110709264,0.0,1.99573644,0.0,0.0,0.0,2.211368234,0.0,0.0,0.0,0.0,0.0,0.0,0.0,1.11305839,1.720505008,0.3409090909,0.675,0.2191274243,0.02412698413,0.6333333333,29.3011671,14.95193556,0.0,6.066367068,19.05647134,16.63744226,10.70155169,0.0,21.95893118,0.0,19.93591408,6.9237372,5.693927995,0.0,0.0,1.179045677,1.99573644,0.0,3.689274218,13.53029849,54.46,1.034722222,0.9133333333,0.3682993197,0.09097064752,0.055625,0.02,0.07407407407,0.3947281483,0.8627268051,18.63172628,-1.689858583,-0.1834267403,0.626619366,-0.8413175583,0.5181760683,1044.507563,5.77,0.0134,389.3227064702435,19.02634178548423,32.38673023042194,-42.08223394644384,0.01613867382549472,0.37294584426974964,-2.11601922493882,1269.8875813086777,-281.2818754161388,-2129.413182575312,0.7339119427779346,-56.42319329791127,-5.655288933846398,3.235141163105076,-212.8449366031383,452.80515794511604,0.06602661861146646,2.2354424769708308,2.5627884381761517,4.743663898803342,4.597020793095213,5.042319269646326,-3.3096160548699958,-10.078858937085176,-1.1293483060411222,2.6596048935750454,-14.088970357040068,1.5068764674591404,-0.022942274396583917,-4.199552341540966,9.838862989131032,7.753091880355456,8.968745278779759,-3.9729019807597283,-10.626617047032543,4.0837678670838296,-2.430894942657652,-3.170946267967296,9.344074507356403,2.9220633038648938,12.273295922408487,22.402895023419337,0.5342427172576452,0.5614317273220757,-2.2550058329831284,16.577050526844623,-22.30521354502248,-20.735749649603026,-2.905032640891292,0.8704790723769729,7.041046491235841,500.8400778973087,300.91151201993955,1361.3893405384988,-26.23214534065734,-9.546154223824129,12.590960390690135,-238.5825279514555,28.62884645180663,33.24818161782558,427.30747722078036,11.899512608946898,-32.243503819144124,-7.138590851567999,15.972984620720139
2.434970856,4.409315887,2.897435897,2.4514419,2.375,1.363260334,144.6136595,157.4549268,158.6530643,159.7456841,9.111111111,0.01135436038,-0.2549440264,0.007440973481,0.06818106135,0.0111483425,1.221103772,1.185253322,1.054549808,0.548251652,0.8937759725,0.959878699,1.050788839,1.124775718,0.9324202288,1.04406662,0.7163080072,0.8879121921,1.018720582,1.047948975,0.9535737615,1.02734656,1.012263404,1.125863101,-0.5248971818,1.734391199,3.510571965,1.212363224,0.2324182089,0.08915318716,0.0761440227,0.0,0.0,0.0,0.0,0.8415382583,0.0,0.0,0.0,0.0,0.0,6.007219148,0.0,0.0,1.064223635,1.782300108,0.2591792657,0.625,0.2512699138,0.01436237374,0.5333333333,32.47868309,0.0,5.098681808,38.17047518,66.43311571,29.7174337,11.44343983,4.736862954,39.52165029,4.736862954,26.77220262,5.917906046,38.52492974,0.0,0.0,6.007219148,0.8001351475,0.0,27.43102552,29.71100222,63.69,1.055555556,0.9266666667,0.4594557823,0.2091364324,0.154683642,0.09825732068,0.06018518519,0.2581596447,0.9506577762,28.39889319,-2.364387565,1.33399014,0.8965639596,-0.8995190968,0.07984759409,1356.312755,6.38,0.000167,398.67285491906495,24.0985169623168,38.29274905204472,-37.361924248123394,0.07030106735099612,0.3276215455261619,-2.252658984023552,1579.3578355485045,-399.1114394994938,-2698.831521206313,0.8031019168432567,-88.89422496082663,-7.671221443173783,5.8713889627976545,-311.91398963594276,550.0131445653135,-0.10936499447128611,2.4988324748321125,2.5547034980059067,5.021017093830252,5.112448857768756,4.455396451930462,-4.496078904559261,-14.226630718158098,-1.5126261664969916,4.660932779082735,-19.088246366024453,2.5475381095201364,-0.09203143328885455,-3.9068405840707605,12.82583970057415,9.830755329129886,11.08477711588196,-4.411939780441896,-13.879069036438846,4.4306287766008925,-2.100063127399717,-2.4470209060398704,10.344607696178509,3.293353519292211,15.73961808471691,26.90803804959901,0.6786378078632651,0.9806566315809548,-2.6425351740599954,24.651962079939555,-36.67663110426484,-23.8295084100349,-6.1407532898962645,-0.6209024975658268,9.916130493634924,632.1945393084557,233.2044524504451,1980.7011202165054,-160.78102624062177,2.1770441589227643,28.326473020081757,-303.62426600817986,33.46750127347306,43.74821939145391,518.0876850444819,14.23786367370392,-29.35792021154964,-10.378126803123516,22.591014242135138
2.435728067,4.419661774,3.025,2.478235968,2.583333333,1.567189009,144.6864366,153.1129697,155.0960483,159.6649304,11.62570888,0.008701300716,-0.21108114,-0.06388081266,0.0647087092,0.08090229906,1.183694953,1.124598052,0.9764918432,0.5080385295,0.9877159692,0.9788693617,1.011455726,1.234101749,0.9308136261,1.081429368,0.8555390707,0.8698811343,1.311249394,0.8949545526,0.9871799589,1.057249434,1.082994387,1.043662247,-0.3791314583,0.9889172072,3.059390398,1.270375394,0.1794307015,0.1194464028,0.1723690676,0.0,4.400650106,0.0,0.0,0.5233374565,0.0,0.0,0.0,0.0,0.0,0.0,0.0,0.0,1.330719821,1.779811543,0.3174603175,0.6153846154,0.2055689007,0.01709401709,0.5,27.17618782,0.0,5.098681808,44.17930974,41.3102773,29.7174337,5.693927995,0.0,33.77213846,0.0,20.16532066,0.0,25.32883194,0.0,0.0,0.0,4.400650106,0.0,14.27102878,24.90921771,54.46,1.243055556,0.9755555556,0.4202721088,0.1977985639,0.117808642,0.09549841853,0.07777777778,0.3049927662,0.9552681811,21.57875153,-1.802243402,0.9160697772,1.004120657,-0.8389653517,0.3194564513,1161.615963,5.56,0.00356,390.42653681367074,21.251923480279196,33.42388919221468,-34.229976617316375,0.051948598022377834,0.36109959721094254,-1.9197144759178506,1418.8209349464462,-351.5655971376908,-2506.572160219161,0.7594582764431157,-68.94106253985723,-6.338207121188688,4.159284261629608,-246.90313577042795,501.4849986820105,-0.014842070083428499,2.3236099783084203,2.3985549306820615,4.989387568155564,4.8691748963247585,5.138702587442172,-3.8345128450897077,-11.899026902504838,-1.5269756877188325,3.5641234218229623,-16.167159270220647,2.1845941838429184,-0.21830239327856193,-3.5008383819957993,11.156765554100824,8.853469326582509,9.957492658059396,-4.227254946651517,-12.180853063746305,4.182373964055837,-2.222750123361174,-2.752901012997122,10.257750298234688,3.475352860261053,13.796336462232208,24.105502814247387,0.5922212768179886,0.42742007720907743,-2.2121736041269715,21.652194713023995,-27.49676693743488,-21.991578779281472,-4.510910873203332,-0.06294316948781653,8.356361338693018,541.7567987953613,287.52564751158855,1528.6174695274206,-93.02463725739335,-0.2643828321604671,19.76553989097285,-271.76389376081323,30.457754652026303,38.85641030189305,477.4511515217734,12.962183635624434,-33.36263523864361,-8.656367009512284,18.743494959951512
2.432592644,4.6562983,2.975,3.158436214,3.101379157,1.654815447,148.7279603,157.4992747,163.9760886,155.8561857,7.864958449,0.01554013594,-0.3326541045,-0.0499167105,0.007352210875,-0.03266702409,1.311149891,0.7853929535,0.9246558,0.4733135227,1.023561116,1.043067884,0.9426669945,1.199625416,0.9546516942,1.19145394,0.5619766766,0.6407214295,1.372285416,0.8175687187,1.074144081,1.143691795,0.90981976,0.9052299779,-0.3775061467,0.992940763,8.001918144,1.304329657,0.1986672254,0.1069538921,0.1102287127,0.0,1.929352149,0.0,0.0,0.0,1.56205245,0.0,3.338854875,0.0,0.0,0.0,0.0,5.992309623,0.9265405329,1.336615496,0.375,0.66,0.1823027796,0.04088888889,0.5789473684,26.99347139,4.390415048,5.098681808,11.60093989,42.81902403,28.66715822,16.85062228,4.390415048,11.25737949,5.316788604,20.16532066,12.74095804,5.563451492,15.7651876,0.0,14.1405207,1.929352149,0.0,5.798023818,19.79947311,66.49,1.5625,1.48,0.5689795918,0.1801303855,0.14,0.1025425977,0.08333333333,0.4602380765,0.8546243588,22.71180821,-1.877218409,0.7207081383,1.723966556,-0.8074977213,0.2726779214,969.247588,4.69,0.00499,399.12598030021485,17.74332651742329,32.01813168680534,-52.33248734354972,-0.05796138954429131,0.432469490519831,-2.3580425117704946,1201.3289128446106,-241.3591579520587,-2014.230911939748,0.7257100215623259,-45.60128073216398,-5.4945162054664465,2.2515248477404013,-217.28130600479957,439.90231271632166,0.1573670736781243,2.2140656722987986,2.7033105560970587,4.885366827980488,4.5272607206950575,5.0477012814326745,-2.8648634627836733,-9.063859403986061,-1.3619858391910367,2.287417659058796,-13.12438142282726,1.3539876538452023,0.025988241238204646,-4.26683510495153,8.954060886470348,7.24502829202419,8.494481297970362,-4.080415207673084,-10.953349544054474,3.9877112653295788,-2.7871330727096657,-3.582820532916214,9.42469478821263,2.9366849758392988,11.926942717212693,22.12301745660886,0.50391695954068,0.5121903682115306,-2.649684715422251,15.513766517558828,-19.08378782577649,-21.22738381339933,-2.2802353709535916,1.5113630435077732,5.654941468909373,482.4525388208287,334.0004638728879,1210.1382408197783,28.868604111126185,-4.848582871464348,5.18688496650727,-196.19301710138043,27.421270436493316,30.278379469675993,400.31922132067393,11.365861555878304,-30.727270881986566,-6.866414291833525,14.377348145568613
2.53064632,4.028846043,2.678571429,3.187830688,3.349436393,1.527121901,145.9284196,159.0226946,156.9169378,158.1438382,8.3834916,0.01420329161,-0.3192135109,-0.01146308799,-0.05353659644,0.08166073868,1.225921359,1.087316601,0.756819034,0.4946435002,1.03925099,1.016109774,1.087787438,1.037756203,1.286822943,1.029559639,0.6772831876,0.6961039815,1.082794227,0.9164131685,0.8880122343,1.13941969,0.9363856615,1.156512358,-0.4286239526,0.9878633221,8.001918162,1.399828552,0.2331526327,0.1258854745,0.08579236005,0.0,0.0,0.0,4.057336939,0.0,0.0,0.0,0.0,0.0,9.302000314,0.0,0.0,0.0,0.9887126795,1.443862276,0.3604753521,0.6413043478,0.2033804814,0.02224810214,0.5405405405,25.56972271,9.374393569,5.098681808,24.27512131,35.90493987,5.563451492,11.51114884,9.496942443,22.51475897,0.0,19.87099066,5.817220841,11.38785599,4.390415048,0.0,15.15375426,0.5936595033,0.0,12.70216277,22.82812691,50.94,1.569444444,1.459444444,0.4907482993,0.1579821744,0.09125,0.04122028364,0.06606606607,0.4116191086,0.7972031953,18.99837156,-1.769456163,1.034618293,1.282017986,-0.5701352505,0.1830280918,1765.628802,3.46,0.0959,415.4024088034147,30.410020262373486,46.523070014923356,-29.687955238469904,0.14307254982283824,0.3930398639418295,-2.7345516585075673,1942.8050628214564,-524.7566768080527,-3112.568603352392,0.9019766550440842,-125.11886634266637,-11.734413156841283,8.59230391565473,-546.9516449115438,732.7527471019928,-0.34157874465633775,2.995205992317987,2.659558222946412,4.869469973504199,5.777788217513024,3.3830190941065723,-6.466398465085477,-19.417476544106837,-0.3695814099818926,6.704185789225193,-24.158459299343804,3.9216413871747315,-0.7122498448586561,-3.8473405297347867,16.999509657967508,11.428216679333925,13.646195055435102,-3.999164142474378,-16.166796887282302,4.560822889721076,-1.137119204496731,-1.2858771899684425,10.941425880538775,3.1188786646964326,18.519389595792642,32.835971070340726,0.8522982782491325,1.337417038564965,-3.3528845647225376,40.28509881450621,-56.26812541453573,-25.241113622807205,-8.573205676269595,-3.380831921584208,15.103801336933785,750.7539071087048,86.0473954349684,2407.601272197022,-318.02905777446466,24.804910739271428,52.240618024342105,-389.22910297690595,38.97655979511042,58.264113007156034,617.505264846603,17.135314364503763,-29.143148520946326,-12.527730173788932,29.985105035431946
2.546942326,4.491588993,3.0,2.266134398,2.340095029,1.418454734,147.3022814,160.4068955,157.8429401,162.7812977,20.11654527,0.009187041706,-0.2374891435,0.1104839843,-0.002677874066,0.1054383849,1.38955716,1.175566169,1.1402214,0.4718456292,1.070872638,0.8241011926,0.9841889871,1.092593276,1.043850267,0.9436127745,0.8446024875,0.8054904608,1.236045114,0.8575412809,0.8623406552,0.9640662679,1.053764914,1.18361365,-0.4411377022,0.9872569004,3.042185699,1.348984601,0.1597513465,0.05759486882,0.1288113406,0.0,6.47162037,0.0,4.335801706,0.0,2.206759705,0.0,0.0,2.466440121,0.0,0.0,0.0,0.0,1.161202811,1.974229655,0.3376623377,0.6640625,0.249155046,0.0,0.3709677419,29.50407834,4.983978521,5.098681808,32.05622864,68.88376791,17.80213589,5.693927995,0.0,22.51475897,0.0,48.84972038,6.9237372,31.65615201,0.0,0.0,4.35392516,11.54946392,0.0,19.2354986,27.25752569,51.77,2.298611111,1.570555556,0.8187301587,0.3270817586,0.210632716,0.1561085604,0.0697167756,0.2849917075,0.9560398694,28.62357504,-2.266669987,1.554090676,1.006453843,-0.7646344652,0.2797149167,3140.245739,4.18,0.0052,462.24058830700017,50.006553175617356,70.95123271771035,4.052617089282208,0.41043179589875667,0.3628103724624106,-3.615751285904289,3279.395607462411,-984.3605011540959,-4961.791956314572,1.1930253267116973,-259.1477565214825,-19.551704375897234,20.001614443255104,-1127.2908806685311,1194.1071035110551,-1.1060153298149291,4.096465688053647,3.42764635923871,5.556156324990918,8.405741730335265,0.6244140550316318,-11.00605577658548,-36.438789906745775,2.035406302134027,14.437099665208663,-42.554951015594185,7.5420845935445495,-1.693731135839991,-5.10273593109131,29.25202351361329,18.398797791549367,23.027921859889123,-5.18535475848774,-24.535473090875232,6.2759516346430075,1.9081880454606313,2.3862618641427966,12.544292118804842,3.054991847541335,31.39246662580202,52.15684539284863,1.4591335077202572,3.383563583082354,-3.9463412793063366,83.26528310134056,-123.84901156998045,-30.806920057817603,-19.424151228648157,-10.846566271289012,30.200401605538012,1194.0509984815255,-254.6895644442647,4371.18136911582,-828.9209277100049,83.14936886289543,128.89835923042193,-726.2965471474387,58.18879482654065,107.5700453847489,938.7532217323691,26.731265389139672,-28.360542268503615,-23.395043282637005,57.63022263713021
2.548364003,4.030865044,2.886363636,4.587962963,4.585858586,1.664003282,146.2763838,156.3062105,158.8644865,159.5824823,7.729492188,0.03376361953,-0.474877254,-0.1541534775,0.1104630421,-0.2033903866,1.309482828,0.8123639499,1.188098878,0.5232925738,0.7764188213,1.266244331,1.230142926,0.9444552634,1.018730605,1.086660175,0.7654015448,0.6173316373,1.520920716,0.9631505734,0.7848640447,1.22475968,1.160665382,0.707877483,-0.4025985171,0.9574770895,7.00881555,0.6049131424,0.2399813599,0.1385247586,0.1700819133,0.0,0.0,0.0,0.6924886621,0.501599268,0.6402546296,0.0,0.0,0.0,19.28768366,0.0,0.0,0.0,1.001924131,1.222631908,0.438538206,0.6666666667,0.2336790367,0.05037957212,0.53125,28.5542293,4.983978521,9.614079702,11.33678588,24.97437738,17.54772461,27.89450335,15.00759197,22.75640315,0.0,31.09727354,0.0,34.25563817,0.0,0.0,1.534673091,0.0,0.0,3.252752417,13.83625237,87.72,2.118055556,1.393333333,0.3877097506,0.0987654321,0.06532407407,0.03774920926,0.07575757576,0.4862288983,0.6802031566,18.73121702,-1.392420227,1.043804739,1.133156923,-0.2548429622,0.01173554082,639.2867266,2.69,0.128,390.4155854704077,12.34004461430818,26.281930661442296,-63.6323537870713,-0.13719049636304237,0.38673302985565544,-2.426476665127061,855.2256861382881,-113.16078633517024,-1665.0551395178381,0.6915630850045986,-12.906063638502138,-2.6066595024382164,-0.5975548422396264,-117.88077428762816,312.0541936282583,0.36475978465069253,1.8163713681485256,2.6411580278032973,4.380689337029623,3.7293779215425165,5.580550774620557,-1.467982307900799,-4.840184888796779,-2.743248558659494,0.07097599720826919,-9.12539331464549,-0.07889746247426421,0.6251083170088689,-4.523971066015647,5.542417589171269,5.629146616003252,6.6443159831495535,-3.9678660518391777,-9.306920891641411,4.312677957093052,-3.3849585714003094,-4.457542676640094,8.751903857629928,3.2150681213339842,9.130719355905212,17.70951462920346,0.3592325576227252,-0.24618210824778125,-2.356921244715731,1.4140201668968877,-7.529097866901506,-18.92239646666959,0.567939267667394,3.0216405453160697,1.4295488761337545,368.805253862109,452.30045699304736,915.3575256203545,161.45989972352677,-21.303793112834626,-11.807799026974003,-103.14448875734745,22.200962770223157,16.775648152800315,310.81331221753356,8.977506187015159,-17.077369537646195,-4.725454122791636,8.246300463078997
2.538080078,4.197074624,2.760869565,2.71807152,2.344017094,1.48300706,144.8697502,157.4491661,156.5676654,155.8440342,9.083102493,0.02276401408,-0.4410545484,-0.03994217642,-0.1162533099,0.01980245561,1.438625798,0.8614995429,0.8808102807,0.4684815875,1.03867693,1.050075232,1.021924076,1.234106583,1.299484848,1.057805643,0.7667975567,0.9611229649,1.230562617,0.8480531296,0.9022954751,1.137936853,0.9415044863,0.9111136049,-0.4868737681,1.734393944,3.517051553,1.348826331,0.232031317,0.1180634227,0.1042207808,0.0,0.0,0.0,0.0,0.0,0.0,0.0,0.0,0.0,0.0,10.95591545,0.0,0.0,1.137333239,1.808747927,0.3588957055,0.7065217391,0.2221076636,0.0,0.6052631579,26.86770968,4.983978521,0.0,6.066367068,36.75265697,24.72587309,11.51833249,9.473725908,34.14425914,9.473725908,21.327999,0.0,12.24522612,0.0,0.0,13.26300729,1.28704234,0.0,12.40239232,21.8866936,49.17,1.513888889,1.214444444,0.3501587302,0.06627928949,0.02500771605,0.004691358025,0.06267806268,0.2967340724,0.8421769682,22.80739312,-2.082195593,1.238326648,1.191031748,-0.4033257034,0.1565646701,1611.221159,3.43,0.0595,409.7575660257786,27.53141341354562,43.30948109475643,-33.05904150400537,0.10567325844881748,0.36018897340183964,-2.536901578651909,1804.9487121962532,-462.56641498475756,-2903.083039237718,0.8732426233288795,-112.38441642327803,-9.961016802664114,7.451387246349311,-434.39567951218754,639.2905061577717,-0.24207304330493648,2.8173169376801357,2.5206290189906033,4.959916669774373,5.598315480578784,4.137346045231945,-5.740523452239652,-17.317675669707526,-0.6135599876858047,5.759932273321176,-22.256012152209006,3.326898395211316,-0.4166843003032594,-3.7381961751448243,15.545129422758183,10.416601603979085,12.229732675620689,-3.941676057931988,-14.788856659647449,4.446107319198901,-1.5569240180876303,-1.7699422770378606,10.513914870706696,2.8938277787922506,17.083081241882354,30.252668215033555,0.7717083817626519,1.343092320243489,-3.1400005548479477,31.44419184125793,-46.56749440230783,-24.688311878691792,-7.450226894235638,-2.0047343148061536,12.78655529893566,719.6477379595444,138.70269830827584,2304.2371970737754,-258.65715268633306,-0.5345137529969404,42.308125184844705,-358.0196586132076,37.250397503516574,50.68335273655502,582.980414160732,15.909084690119553,-32.86531712701129,-12.086742626053887,26.587806495432268
2.603792083,4.098914982,2.5390625,2.67337963,2.403205128,1.520636652,146.4008444,154.6962972,161.9397171,157.6651255,16.77320054,0.01148526777,-0.2460706911,-0.1675802767,-0.02498689981,0.01965797203,1.192733714,1.08625336,0.9119776849,0.514504008,0.9738995535,1.317710224,1.255795967,1.177559913,1.117429194,1.342418301,0.9545478542,0.8387321791,1.14722319,0.8173282209,1.110240303,1.266526346,0.9288584586,1.012651103,-0.4346331514,0.9876685073,6.002696249,1.13129629,0.2317427121,0.1230406646,0.3550137732,0.07216878365,6.353161244,0.0,0.0,0.04326341648,0.0,-0.03033056973,0.0,0.0,10.07462764,0.0,0.0,0.0,1.094450113,1.792551493,0.3268156425,0.64,0.240937234,0.01902564103,0.4255319149,25.34629145,0.0,5.098681808,19.91384147,42.16764743,36.11372908,5.693927995,5.106527395,22.51475897,0.0,31.46185114,12.33872767,31.15323644,0.0,0.0,2.051582577,7.250901544,0.0,8.380799131,18.73185444,63.83,3.020833333,1.923333333,0.7348752834,0.315696649,0.0625,0.0,0.07407407407,0.3057311426,0.8870385332,16.41095012,-2.190412308,0.9774364922,0.9702847176,-0.5405870252,-0.08916974791,1544.866915,3.56,0.0933,412.6663295397485,26.30071691957149,41.093224635879565,-30.461035136403034,0.10088315538720527,0.34501504281982515,-2.5946686139138047,1796.8413906119204,-456.3524483690642,-2889.026496901131,0.8538077828855464,-104.2669148674821,-8.949876475211886,7.370786576458267,-372.1020919794658,638.8260577171459,-0.20681635177086302,2.7171979681405363,2.6624482874779365,5.306512673542761,5.639323485978367,3.9983449035552003,-5.2339497494510265,-16.57357165275151,-0.6084749644954304,5.672443580294297,-21.02965850015551,2.93566940833235,-0.541888409293704,-4.056072721188034,14.488370686684359,10.386395765871256,12.202507144432223,-4.271806704556713,-14.56221384097093,4.364868340541712,-1.5701260018658896,-1.882900725543132,10.608049428623728,3.073309136012845,17.100824925718083,30.1553697380499,0.7572901234381147,1.18887123843299,-2.8548529561044624,31.580665781484658,-48.337900260476346,-24.747307677754787,-6.872527059165456,-1.8343482154758302,12.528933902071655,688.7012610933682,162.33015773824073,2092.734678625271,-211.25575714817015,18.467995990781993,38.91813975585676,-330.1767174777223,35.47604866239064,50.21114655727107,561.6643396731807,15.733902755500125,-26.610503988475617,-10.81584384428397,26.639395873507446
2.480021592,4.550656233,3.169354839,2.92289272,2.778007346,1.510960136,145.7399843,157.2517157,158.6400265,159.0996635,11.41046636,0.02162683921,-0.4931476503,0.02448849151,0.0463526317,-0.08993584574,1.527046346,0.9359519479,1.160715715,0.4849390068,1.058574152,0.902366271,0.9586465087,1.112745526,1.027365372,1.022522916,0.6378599298,0.6443054162,0.8501649858,0.894064931,0.9478822678,0.9715958702,1.034208225,1.010402472,-0.4868826185,0.911336655,6.027276895,1.424214188,0.1658880819,0.08440806613,0.06263564417,0.0,2.08804807,0.0,0.0,0.0,0.0,0.0,3.351690497,0.0,0.0,11.01344293,0.0,0.0,1.019439111,1.785821801,0.3296703297,0.6640625,0.2034152444,0.0300245098,0.5283018868,30.22208543,4.983978521,5.261891555,12.99010427,61.01812524,16.94476576,5.824404498,9.473725908,40.21348046,14.79051451,21.74487787,11.33111287,24.00552118,5.687386275,0.0,11.01344293,2.813238391,0.0,15.49828796,29.77042714,95.85,1.479166667,1.877777778,0.5723809524,0.2590230537,0.221882716,0.2349760229,0.06222222222,0.3946664191,0.8735018854,31.61680521,-2.752312626,1.116676347,1.458846881,-0.8881260184,0.207634501,3034.587562,5.38,0.00229,441.8541748917612,48.292216875130585,71.94248585503217,-20.237546186780598,0.2897977757534509,0.26103332804980206,-3.6021804593762248,3056.2748569761334,-918.1058987968328,-4768.607426633694,1.1941646114063726,-249.52593842757443,-18.46686082006542,19.014544607814106,-1170.3184506310708,1049.6524018205885,-0.9679610955685557,3.8508781547749567,3.5796104560653,5.310627463776711,7.708891640129853,-0.6940786278219588,-9.955387874439552,-34.947474955871144,0.07606838783906389,14.25501977635658,-42.919386948295674,7.191290492190669,-0.6805972835123015,-5.222095709409417,28.174605560228258,17.793091670916752,21.932306674189594,-5.739804699899754,-26.832833950586792,5.859925651637575,1.2741844833455158,2.2138826073841544,12.34188821723184,2.8473712973387664,31.25550515508508,49.79183253533484,1.4074715980341594,3.9499292933645584,-4.868367301261214,70.47240584189126,-111.75256331230575,-32.20285688332698,-19.708426956040984,-8.872713676244837,25.706546898007016,1219.1982734770324,-223.6880009594256,4877.029272825059,-807.263903529129,76.40711726340665,114.45406088906186,-672.2269342092837,57.0817135226719,97.64734161364117,882.3602183281763,25.72450793772127,-7.420556398763836,-23.718228296985934,54.86066657538557
2.477181776,4.590853691,3.268292683,2.746116255,2.692254082,1.678431619,144.2776369,154.0665194,155.7138691,156.7813352,9.419753086,0.01074368915,-0.3033830078,-0.01983676127,-0.1051338299,-0.02722528681,1.320325732,1.214922286,0.9291981877,0.5139635362,1.078877885,1.068741554,1.126369123,1.023422135,1.168915413,1.120611702,0.5672036124,0.5393674829,0.8320966365,0.875056236,1.021366643,1.021806087,0.9258847673,0.9794432969,-0.4272857336,0.9113304311,6.027277283,1.194228955,0.1655701404,0.07939366519,0.0761440227,0.0,1.968516657,0.0,0.0,0.0,2.003993644,0.0,3.202282638,0.0,0.0,0.0,5.588765249,0.0,1.033013917,1.758148041,0.3227091633,0.6323529412,0.1860662197,0.01366946779,0.5555555556,32.26806089,0.0,10.36057336,36.48334172,61.01812524,34.72467712,10.6824301,0.0,28.58398029,5.316788604,24.73694389,18.25485007,11.25737949,5.687386275,0.0,1.824998189,2.357472077,0.0,19.92357471,32.74940545,79.42,2.284722222,1.945,0.7821315193,0.4323664651,0.288757716,0.2142658912,0.05450733753,0.4344280275,0.961283107,28.71846822,-2.390437255,0.9090256373,1.749335371,-0.9699097829,0.320648248,2587.664503,5.93,0.000899,425.79330352130273,42.25264814711556,62.31556190352046,-18.068611390135864,0.280977615411517,0.3023185991190994,-3.1141620595776622,2673.8806467769855,-797.2770396313081,-4250.831019099768,1.0703513114389374,-206.69190863882213,-15.777660315558352,15.979308722808673,-951.1355075269059,955.1862883778235,-0.7871998550423324,3.506882281907369,3.2875891243973774,5.0884407008112795,6.932498441740423,0.5593964387663168,-8.629869168265214,-29.641073621839784,0.05275748726281759,11.973663304534174,-36.054427624266616,6.087781710490358,-0.7371911468641783,-4.899835369074064,24.02778255311462,15.996625158352678,19.447993691304504,-5.411031895515386,-23.03778527178186,5.436584805584101,0.6617855043943787,1.2275822064636108,11.923421686624255,3.197176570192025,27.08463842359609,43.6500863305802,1.2215226830418298,2.917396101030669,-4.012967564181336,63.93784972176341,-94.946799711696,-29.58703728959407,-16.07079898652997,-7.237427861650743,22.612859047381313,1033.1813189946615,-122.69841206478009,3918.519045912686,-640.721999647864,74.04664384343855,94.30518774918669,-586.2213450202603,50.35921564834858,86.58863137639507,780.8337782721608,22.83759071628675,-13.220037423315263,-19.203132052851117,47.07421406716821
2.479141095,4.559241528,3.108527132,2.946444444,2.978291317,1.545834205,148.9538979,157.8651086,160.1684534,161.8859586,13.08367627,0.02181811829,-0.5244068093,0.05246333694,-0.08853737145,-0.09584242769,1.581013886,1.091947151,1.161094374,0.4644908296,1.060759262,0.9330959317,1.020339891,1.12103117,1.124560635,0.9512283556,0.6498261063,0.6312401175,0.4974798932,0.831777339,0.9943804193,0.9626834421,1.003638588,1.004837943,-0.4964113844,0.9776678664,7.008274488,1.434196594,0.158205242,0.1146963115,0.07754276402,0.0,3.321529192,0.0,7.28823688,0.0,0.0,0.0,3.311170372,1.715970631,0.0,4.801673642,0.0,0.0,0.9158134779,1.712108471,0.349137931,0.6818181818,0.2100980799,0.03036075036,0.5185185185,29.15388612,19.77983296,5.425791397,18.20875424,43.33159265,23.15437369,12.16293986,9.531400138,11.38785599,10.74258,39.37848628,13.08951281,27.57024916,5.687386275,0.0,4.801673642,2.381728836,1.365406853,11.82790416,25.86406442,109.6,1.854166667,1.957777778,0.654829932,0.2711404006,0.2940740741,0.2556881951,0.06837606838,0.3824473349,0.8309015566,31.13332434,-2.950510437,0.8013546445,1.798423602,-0.8153272077,0.3668088611,2332.661741,2.7,0.0367,442.21058147894473,38.51139109499623,57.534306843083236,-30.13353975425394,0.18364029519012076,0.2281605622395843,-3.7257245114506086,2493.343807642758,-687.1891464924541,-3786.1568311188457,1.001550845896348,-175.2766221772843,-13.128976960426483,13.90418878092091,-711.231540978466,858.636937692824,-0.6069863928498526,3.3004252544363064,3.3276297118466136,5.859846474379613,6.783723690015309,0.8676818098741692,-8.022811365098214,-25.87467265344284,-0.38427987805224784,9.979718268097178,-32.28920606296605,5.017366598149151,-0.5693981870810674,-4.711239916394962,21.481271390193744,14.699295694104453,17.770573762437362,-5.097802356237683,-21.293792711738988,5.187654079263707,-0.12033927625127294,0.01183688120001336,11.374097537950027,2.763337483313352,25.250407784544365,41.82386109968891,1.103065786527971,2.986914373663332,-3.802717482547707,49.863660744742035,-91.06833673059117,-29.52920328078088,-13.23760913664847,-5.436409789869567,19.69884445715391,986.5805717794096,-42.82826880576547,3599.613629012232,-464.7068632441875,76.18499394353273,77.12458355177036,-449.68780065815855,46.1996414197824,74.55497171692188,737.9748253434635,21.451136358531976,1.895459696921637,-16.378797535577753,42.540197395770875
2.489627297,4.709614217,3.495327103,3.552500312,3.307215234,1.671110381,150.4066888,157.7889795,161.9305644,160.8583299,6.1024,0.01692239715,-0.5276620063,-0.09666841046,0.05250629878,-0.05716231825,1.693800806,0.8118291962,1.244813946,0.405811396,0.9222310086,1.040350064,0.8936402483,1.048387097,0.9366971168,0.9907543174,0.5859879313,0.3604475448,0.5351404479,0.8465979244,0.9965082625,1.118619182,1.000381158,0.8429112737,-0.4158684811,0.977831141,8.007391374,1.197955072,0.1340544584,0.1685072163,0.1406041932,0.00449957706,1.888115468,0.0,0.0,0.0,0.6656086559,-4.405643132,2.934908037,0.0,0.0,0.0,5.490956541,0.0,0.8355428165,0.9953777345,0.3314472901,0.6691176471,0.1903907265,0.01681472589,0.56,34.82509604,14.18117935,23.36860876,6.066367068,73.23599868,29.3384529,12.02124807,13.17124514,22.51475897,5.316788604,34.47495837,6.9237372,11.25737949,18.85863142,11.73975001,41.65313688,1.888115468,0.0,11.99634369,24.65421357,72.93,2.229166667,2.202777778,0.7756462585,0.4348702444,0.267191358,0.2956881951,0.07936507937,0.5211058169,0.9481499287,34.27874728,-2.236616815,1.669456208,1.140500893,-1.239487994,0.4825320756,2684.64687,4.42,0.000773,447.77835282300305,43.62299212958727,66.17007003741527,-35.355885374422535,0.2293260053597459,0.3653420183552243,-3.925709093579969,2717.12842686013,-785.4571443815947,-4150.370290014226,1.111589480254362,-211.35359314129613,-17.551162059921282,15.875552795877477,-1010.4950671095238,1003.7006790445173,-0.7798124205091501,3.742344301458131,3.423451041033947,4.934410840088745,7.085634476932831,0.3118599319583083,-9.073044525462805,-30.612614602362427,0.41211066241883587,11.91098649796083,-37.450767574198345,6.019758615425383,-0.7553165789840499,-5.279505138144293,24.835454044796847,15.803122101738271,19.665049449003263,-4.868269184511449,-23.993372535010025,5.578806903907777,0.39612617400235484,1.1025115127206178,11.675352617048137,2.749212504890089,27.696450401382283,45.60573869845675,1.2564263599169425,3.3104808455809125,-5.01332119518125,64.2040455747706,-99.6902285957708,-30.275670800354508,-16.133424091187084,-7.43310916126418,22.672457094371023,1072.461778639606,-172.3448964984905,4070.9477853353533,-630.1304085012276,69.73489825980602,95.47916162982176,-585.9387953971502,51.60441856470868,87.43788027331487,787.6406474477021,23.343302184844124,-11.184114778553637,-20.232644553517837,48.24428734691865
2.483220901,4.616454563,3.247863248,3.414627931,3.060810811,1.45018871,151.5397617,163.9501948,165.6773776,164.2447909,9.5936,0.01951692235,-0.4433256323,-0.05133666594,0.08533710262,-0.03166865434,1.505000946,0.9790110842,1.200870746,0.4652399709,1.093141008,0.9200525224,0.8562393154,1.115925441,1.040124838,0.9555324881,0.5543362403,0.6007089793,0.619044626,0.9144217359,0.9833939999,0.9658674497,0.9917518123,0.9933429702,-0.3746296163,0.9925253564,8.002960574,1.297044256,0.137098969,0.06905223839,0.1081377858,0.0,1.616456927,0.0,7.427456838,-0.09766172153,0.0,0.0,6.102862782,1.85555765,0.0,0.0,0.0,0.0,0.6594831297,1.385459126,0.3757455268,0.685483871,0.206097908,0.04960693955,0.56,30.1954073,23.74119187,0.0,18.20875424,37.26522558,11.77305942,23.79738154,8.780830095,11.38785599,10.74258,32.46515906,18.55817888,17.21226049,14.46821637,0.0,27.74123424,1.893049032,0.0,10.08208983,23.58296898,81.23,1.791666667,1.908888889,0.6376417234,0.4041635173,0.245941358,0.2645627997,0.08,0.3966646616,0.7783372748,32.54069769,-2.729151097,1.218255942,2.181332014,-0.7870082005,0.1378311035,3323.706211,3.55,0.0196,467.7343676050913,53.06506023618478,77.86803952363182,-12.866908843818372,0.3609544237901901,0.36513728864703776,-4.140135434524803,3348.583482719042,-1015.2620380054925,-5081.518639150611,1.2387359384923031,-273.68799516362253,-21.384396689896302,21.192986868098707,-1313.2372153078616,1232.5090851446503,-1.1443606546183516,4.224445869074442,3.9627065260619707,5.34619738812075,8.284335019409935,-1.403943877097674,-11.356078894798067,-38.43743558660339,1.5396805577244987,15.632136278660784,-45.72325572761122,8.10560751537039,-1.4211057568343208,-5.5494485617205385,30.75820155888585,19.033515501693053,23.95339764717166,-5.597753245516273,-27.71163778406075,6.222054246769005,1.9909027754435054,2.670525129329528,12.54362513478037,2.8514307148025066,33.41005839581616,54.55535764818377,1.5374690333919094,4.1056361798816,-4.962772335949703,86.21934630162762,-130.970352860787,-32.698606159288836,-21.132508075538606,-11.033667490958338,30.54068740399702,1282.884925676627,-309.34283809213986,4923.308812825424,-891.6409440226277,103.53035084753427,133.28216511147886,-733.3689337339439,61.03553150205441,110.84354243946636,952.6671649007533,27.77505599342877,-14.230553228779819,-24.468365359744766,60.48795332397772
2.482936404,4.362765158,3.070707071,2.712384259,2.326874125,1.580000369,146.0578528,158.2126298,158.1276848,156.7398841,11.63090737,0.01622049363,-0.5782421107,-0.07846243571,0.1387177127,-0.04472322984,1.608914061,0.7032975075,1.158524198,0.4875452438,1.186736467,1.039107772,1.010423051,1.00350537,0.9880668258,1.132159905,0.6335624934,0.6202846962,0.6806917843,0.8483259098,0.8803640824,1.062384109,0.9848454751,0.9934473862,-0.3644036887,0.9776267537,7.008271118,0.6094207572,0.1702540293,0.1039261862,0.1110709264,0.0,3.64462226,0.0,0.0,0.0,2.143746338,0.0,2.654100432,0.0,0.0,0.0,0.0,0.0,1.06912436,1.857844414,0.3333333333,0.6574074074,0.245972114,0.03601532567,0.4130434783,29.55684488,14.95193556,0.0,6.066367068,25.47729296,36.52675749,16.52595619,4.794537184,21.95893118,5.316788604,32.8907658,6.9237372,24.35997574,0.0,0.0,1.143089074,1.986084877,1.658537383,6.09278728,18.69813734,83.56,1.576388889,1.358333333,0.5814512472,0.3409312799,0.185941358,0.1584613815,0.06878306878,0.3593536805,0.8460125321,27.7772158,-2.371183769,0.3108277222,0.6371448548,-0.4810664381,0.6442480118,2820.732543,6.49,0.0164,445.0019379188037,45.58978608799061,67.15423122228785,-18.36133949000942,0.2885199930787723,0.2891493261080047,-3.689473036442858,2898.477307897797,-854.2685856111492,-4441.362668609167,1.134842297673063,-226.57568888500643,-17.175211608286883,17.39909181025953,-1006.8853768633556,1028.4472178231981,-0.8849786382161304,3.7370023378533554,3.4755263104436502,5.406023477719226,7.491453877649563,0.0392786644480716,-9.676681760941666,-32.159210353127975,0.7145508921582917,12.613196013719605,-39.10187529646382,6.589229954704045,-1.0321974443297668,-4.834339599760867,26.31662318669927,16.557409158691883,20.452792443092633,-5.114288251541785,-24.064489017293603,5.738072337933615,1.028388235744196,1.302686271900891,11.79782645946255,2.777560958593367,28.858301981086097,47.48140612372977,1.313583612320848,3.4620322971795234,-4.3883959921707865,66.1513723220482,-107.53840669040156,-30.220394834238824,-17.08287424417216,-8.285145619713226,24.96362168346195,1124.2957889653285,-170.82689746216587,4213.76562448203,-690.6393128896052,74.0811815526997,106.13267271068699,-604.5118793901198,53.56223028026952,91.31043696257804,846.4225581912484,24.488603229577375,-10.496161577155645,-20.99448204761353,50.96131972992477
2.542257615,4.314852378,3.0,2.596754057,2.256410256,1.628700991,144.9900046,153.5359795,153.7729693,155.7811776,12.16,0.01004014928,-0.1405069187,-0.004223289938,-0.1349379471,-0.05188286141,1.229280533,1.13804482,0.7881649699,0.492071503,1.087658157,1.044461448,1.093936126,1.221219377,1.207650273,1.01468963,0.7998350855,0.9045780474,0.9256352113,0.7865122048,0.9483661898,1.126218693,1.050074128,1.055323047,-0.4664932241,0.9938723241,3.041961411,1.397278957,0.2410172699,0.08192204586,0.1445767338,0.0,2.071118565,0.0,4.304609316,0.0,2.473508677,0.0,0.0,0.0,0.0,0.0,0.0,0.0,1.182549131,1.819249864,0.3706896552,0.6666666667,0.2010594842,0.0,0.575,25.07837358,0.0,5.098681808,18.20875424,41.97130694,35.90773555,5.693927995,0.0,22.51475897,0.0,19.33156291,0.0,5.693927995,0.0,0.0,4.190114953,0.8221708081,2.071118565,14.70806892,24.32669293,35.64,1.986111111,1.254444444,0.3796371882,0.1962947216,0.08969907407,0.02479338843,0.07046070461,0.2788406322,0.9835442722,23.55616808,-1.814130585,1.010725867,1.124974243,-0.8214247546,0.4407393706,1603.66504,3.15,0.0202,406.3698926808771,27.97255591511994,42.540185461217476,-27.56310796026822,0.1427491078585284,0.39654951608216943,-2.382203673041732,1807.8474821777206,-478.8017944828259,-2942.2379301549618,0.8585671653327983,-111.23626455431695,-10.290923572631158,7.408021481490195,-452.33636573442203,666.3714924726296,-0.2768134579666635,2.8446403109737997,2.4570990932339134,4.882442579183879,5.546114413050234,4.134178769660325,-5.808442697658558,-17.40485103571074,-0.26009355674331625,5.819202023602504,-21.815578586813132,3.4920649036193216,-0.6633440473272845,-3.5496644521178933,15.549514938191571,10.598389608077877,12.477996764959215,-3.8590023971862313,-14.392582277879326,4.412444470331696,-1.2601015410123326,-1.4913016842186035,10.647915855103358,3.18654804978628,16.960308045324336,30.183430016324895,0.7737399202129793,1.0652443262453972,-2.8357058436161813,36.197220400434304,-47.80902376344015,-23.582591159362025,-7.417272504283209,-2.4737207593015853,13.511544846610445,684.8246724591804,129.2213973948,2070.6017805160427,-260.27073876493677,11.758039872912853,44.35775232044505,-373.77105936208216,37.0024097119099,53.613657512570384,578.3183197944533,15.992592067211085,-36.357223143655055,-11.258892022869658,26.790792534615587
2.434981486,4.319810774,2.831168831,2.718300654,2.489379085,1.632400559,144.7338718,152.0935618,155.0184353,159.1287456,8.9375,0.009825470008,-0.2010278609,-0.06445935692,-0.1598968571,0.08465367034,1.152242729,1.288164652,0.7896347613,0.5284009055,1.010061104,1.127301394,1.118297762,1.187707641,1.188452285,0.9603283174,0.817705502,0.9267630633,0.9431335993,0.8855946229,1.019133467,1.077112044,1.017937371,1.071131178,-0.3792163137,0.9938455743,3.059385215,1.427503886,0.1905441432,0.1268445828,0.0761440227,0.0,2.085917374,0.0,0.0,0.0,0.0,0.0,0.0,0.0,0.0,0.0,0.0,0.0,1.219619221,1.776306776,0.3017241379,0.625,0.1812432276,0.01866666667,0.575,26.41852871,0.0,5.098681808,29.82891977,42.81902403,29.7174337,5.693927995,0.0,33.77213846,0.0,20.16532066,6.9237372,5.563451492,0.0,0.0,0.0,2.085917374,0.0,14.12674474,23.05833076,54.46,1.118055556,0.9755555556,0.2806802721,0.1395817586,0.08,0.04938271605,0.06606606607,0.3385684668,0.9489042811,22.95538616,-1.717431671,0.8934605213,1.226051821,-0.8125903502,0.210865493,1507.447412,4.99,0.0111,398.5084546551502,26.375486393685655,41.1858144098647,-33.07771983270174,0.10990374382814022,0.35166080096236485,-2.2773857466022998,1700.1716254045668,-450.5128985842988,-2896.610143004209,0.8421312469644424,-103.346878985886,-9.237051826492667,6.913900701105964,-415.56496775571685,611.6230180718121,-0.20539855811762084,2.657487230171599,2.5607714180560857,4.852548462249578,5.263691697267479,3.92792915321772,-5.084179477871684,-16.235172071298845,-1.1018450117030476,5.563801902003787,-21.004491313087104,3.076332127645789,-0.28453675835774517,-3.9752840329280446,14.328845413032399,10.420712352136256,12.042698993047969,-4.34508718143152,-14.740971254207585,4.382058807561347,-1.6504979845638938,-1.8430884486983343,10.634090695658266,3.341502727557396,16.727665391258185,28.780272653268238,0.7433257898459815,1.0773161621586136,-2.864249323943967,31.088139597455488,-42.42468151311668,-24.08611225599886,-7.127628692761516,-1.6343505031763108,11.770778317075914,668.9001696929525,174.98279146053684,2128.4977370030156,-229.50985422649723,12.29751177884535,37.56292867628132,-349.10358351984485,35.512353403777325,49.67751310095298,546.9034181229989,15.262054765257574,-30.056609084628096,-10.893219434977016,25.358832320244513
2.598841631,4.136798639,2.597014925,2.540855828,2.056510876,1.547153023,145.3956436,154.9790837,161.709892,154.9556316,17.87130362,0.006932664093,-0.2455749542,-0.0135267323,-0.1328685501,-0.1219197996,1.311624759,1.263979514,0.9280608417,0.4346384855,1.02191186,1.198589562,1.365449927,1.156627907,1.011337209,1.350059125,0.9286006147,0.7264175173,1.196062144,0.7876971053,1.038924942,1.140155782,0.8695636958,0.9770031648,-0.4349723905,0.987625614,3.042027938,1.134637064,0.1853999472,0.08952602959,0.4665289338,0.1020620726,8.996491366,0.0,0.0,0.3889338992,0.0,0.1717595742,0.0,0.0,0.0,0.0,0.0,6.197203282,1.260155738,1.756112843,0.3433667781,0.6346153846,0.2558672244,0.0,0.4081632653,29.10698288,4.983978521,5.098681808,45.36225576,41.66473186,29.91688551,10.84703781,0.0,22.51475897,0.0,19.74844179,5.414990469,45.00071083,0.0,0.0,2.156712018,9.902031254,0.0,6.603436335,18.43158883,43.6,2.958333333,1.949444444,0.9389569161,0.3408919123,0.148125,0.01234567901,0.07575757576,0.3454333446,0.960862579,17.67971796,-2.725461643,0.7735348689,0.3896063268,-0.461435828,-0.1549024156,1985.784971,5.19,0.00153,416.01366724411685,33.0097309177563,47.800779760642634,-8.41171860102962,0.23180960818200885,0.3821844450116569,-2.3243396672561145,2245.2647415472516,-630.4650856053998,-3607.107127279408,0.9374510162654143,-148.94545880885238,-12.074546001057419,11.080800835121424,-606.6279201826129,810.9073047361532,-0.5044962391890819,3.114425418867891,2.600012411836264,5.4386419311687675,6.445350589596495,3.6414842727602745,-7.032061800802406,-22.396337654352596,0.2591544485851329,8.368150849595724,-26.85026786676529,4.700893722673378,-1.1247558538901408,-3.590115200652683,19.02914626498923,12.784853652685946,15.304440031870847,-4.327719454836265,-16.992222766299932,4.721934962352535,-0.29242634675759116,-0.3556379732960486,11.847058924319715,3.5984801849695964,20.6492113651062,35.66510419797943,0.9484961551410475,1.322744389760424,-2.9305664441178045,50.38085095879639,-67.66247572290449,-26.19782760352582,-10.741515512185433,-4.8989743789392755,18.29250745909271,811.5802132751626,32.78820134687128,2556.8581914700126,-426.68799592797325,39.73455080629614,66.9069775946462,-463.2175900288315,42.12233020238784,68.71584197701605,685.006514485963,18.9216827332791,-34.66038260182866,-14.153604767932292,35.225145672571074
2.482383273,4.30402107,3.0,2.408008658,2.026024996,1.656287155,143.9403387,157.0389161,156.6965443,153.0945087,11.76134122,0.01189721143,-0.5396529017,-0.1431720247,-0.1059273699,-0.08575635946,1.571246268,1.173557631,0.9898789738,0.4758720982,1.052302905,1.273678825,1.312242243,0.942464442,1.087554037,1.35822274,0.9607083169,0.8402431548,0.9511339239,0.8258951035,0.8315864994,1.182091742,0.986530713,1.026303907,-0.363784315,0.9878173507,3.0404216,0.6094207858,0.2199755994,0.108133281,0.1110709264,0.0,4.181982507,0.0,0.0,0.0,2.230648962,0.0,0.0,0.0,0.0,0.0,0.0,0.0,1.138385299,1.883941746,0.3399433428,0.652173913,0.2529911733,0.02053140097,0.4871794872,28.49793147,14.95193556,0.0,12.99010427,25.47729296,23.05826388,16.52595619,0.0,21.95893118,0.0,19.93591408,6.9237372,24.86289132,0.0,0.0,1.190195237,4.181982507,0.0,4.650980454,16.02327091,54.46,1.451388889,1.358333333,0.5258956916,0.2109158478,0.09594135802,0.04,0.06606606607,0.3518722491,0.8986121784,22.7724817,-2.057322119,-0.02046992176,0.4795217058,-0.8736494963,0.6436521145,2119.841262,6.97,0.00251,418.8494362602188,35.12768500159578,52.013825885368476,-17.564069377165502,0.2226671546282269,0.35107384707472605,-2.696722339699324,2303.1735955465224,-644.8313179004377,-3591.2497906126337,0.9719006640585688,-161.3858665463627,-13.092383982355829,11.997998654552987,-664.8724927498711,818.0531074753876,-0.5561875954876074,3.1904280862037484,2.8257722865799098,5.254412130255968,6.444341398809627,2.6414496666425817,-7.456380146839049,-23.69233472599952,0.43019042001175034,8.796111599584604,-28.941271527210628,4.881162101172608,-0.8991290059004038,-4.000931555303126,20.246146862204128,13.104314706370602,15.821336286390359,-4.377588398391085,-18.19044638920018,4.827000545875614,-0.21645736769820312,-0.2945830710381323,11.30012888402711,3.0322687790328917,21.816342884576386,37.19206229743568,1.0027532077141392,2.056433601658319,-3.4306188186725857,49.29518637649288,-73.0996031480307,-26.59083283903866,-11.458999189695804,-5.028519975891137,18.778218905566277,870.4888757087148,-1.5799045007768022,2910.6454024456143,-454.5785441073224,38.40152267618836,71.4569837380578,-477.58031062472236,43.934171965714995,69.95482967007945,700.2405729739886,19.6438489978438,-26.508248399710425,-15.334829254712238,37.26682312378107
2.483204969,4.356167928,3.156626506,3.291270972,3.235943775,1.550463443,146.1363507,157.6642698,157.610933,156.0673624,8.301875,0.03454055879,-0.5647065506,0.1813461611,-0.09626915737,-0.004216798126,1.523630395,1.071492411,0.8546993794,0.4886642624,1.205283664,0.8667377649,1.066160385,1.012123234,1.013156013,1.191191191,0.7621789764,0.4902192924,0.8867638809,0.840506786,0.9541379681,1.230487041,1.096429583,1.050328711,-0.4868751073,0.9728927718,7.008293607,0.6101374033,0.1806011464,0.1138269128,0.07931626887,0.0,1.928811002,0.0,0.0,0.0,0.0,0.0,0.0,0.0,8.911700783,10.8028479,0.0,0.0,0.9228913402,1.853481487,0.3792134831,0.68,0.2278383624,0.0430617284,0.475,28.91833544,9.967957042,0.0,0.0,25.12283841,23.05826388,16.52595619,19.37479049,33.45795484,9.473725908,32.82071055,6.9237372,17.93915412,0.0,5.969305288,10.8028479,2.141267814,0.0,4.650980454,17.38346181,97.33,1.451388889,1.518333333,0.6370068027,0.2537399219,0.2253240741,0.0908070605,0.06666666667,0.3818396072,0.6906066905,24.83248033,-2.002301705,0.1996088336,0.967316987,-0.5507356751,0.3286910732,2021.920682,4.67,0.0637,426.98465786752115,33.403624893238096,52.33424996140852,-37.81597344630813,0.11812304822144654,0.24465050727684007,-3.418580651388967,2170.3571172431666,-574.114863058805,-3342.7297717420297,0.9748311428586269,-149.02012785284222,-11.742775545458482,11.054919738023067,-578.0208316664438,737.6001370978574,-0.4175675269780305,3.060237912844668,3.0474877961570006,5.397953401731143,6.203340283314775,1.9696475356519965,-6.955191989297136,-22.14600112946389,-0.8987996943799181,8.030036760005693,-28.394709829927326,4.056436802448175,-0.27195244821873654,-4.515129492432862,18.900249373797052,12.523504967612435,15.043715957327334,-4.506193902784693,-19.037802372684993,4.884890862163164,-1.0035030018290236,-1.0072544965285255,10.728230277937064,2.5318662620029433,21.76799348354041,36.896871517133185,0.9615144836844767,2.578918581188907,-3.930942035284514,36.58023495016444,-70.82947313531645,-28.08368972411995,-10.75876879655744,-3.648578546043549,15.913454026049495,900.3460707994312,35.30837193870247,3262.5241825518183,-375.45157832024205,33.47935970265354,61.021398049332284,-387.4290573850156,42.076072243079956,60.77661397137913,669.9154069305738,18.97111675401194,-6.8573823964465666,-15.47084030012788,35.53421479069046
2.464302333,4.072513451,2.776595745,2.903703704,2.870266334,1.41654789,147.5474914,161.3773564,161.0335822,159.3149639,10.45283951,0.0225460053,-0.604728055,0.01355752718,-0.03797900037,0.01017822255,1.591049672,0.8674864806,1.247000768,0.5047612499,1.129846936,1.079652018,1.139452347,0.9241642959,1.036475929,1.161317568,0.7683227531,0.5526693093,0.8848861912,0.9453408971,0.8971326744,1.090800532,1.040504442,0.964979294,-0.3635937596,0.9778763872,7.008271541,0.6101372261,0.2178844778,0.1257174394,0.06542737998,0.0,3.913751117,0.0,0.0,0.0,0.0,0.0,2.867978762,0.0,9.510659254,0.0,0.0,0.0,0.9420876807,1.634673903,0.3305785124,0.64,0.2391909549,0.05742857143,0.3555555556,24.99321444,9.967957042,0.0,6.9237372,37.6100271,23.05826388,22.27546802,9.901064579,27.70844301,5.316788604,25.96564269,6.9237372,31.28371294,0.0,0.0,0.0,4.255293067,0.0,5.777470331,16.38359906,90.9,1.444444444,1.452222222,0.5406349206,0.283446712,0.2053240741,0.1025425977,0.07207207207,0.351575665,0.7915458123,23.40259178,-1.965495382,0.369257035,1.016287966,-0.7753167022,0.4468586156,2355.817502,4.9,0.086,433.53312742223955,38.63104569228551,57.82310137969293,-27.378898905877115,0.18279465761524094,0.2770375730240017,-3.369444713708792,2494.907563800895,-703.9266557171914,-3863.79162301288,1.0358841328176285,-180.03547152962614,-14.1851995529535,13.445016988732148,-766.4295886497941,862.4894315991055,-0.6117706882558079,3.3366032055419153,3.1380593576917195,5.5132793940902305,6.798200474074828,1.3775371098596332,-8.10907546959544,-26.376640900851278,-0.2578275780462016,9.944870719971556,-32.91954150832896,5.295385383671775,-0.6883252219877232,-4.458407171901853,22.234611218451214,14.33405094869661,17.39330642313622,-4.885085766549736,-21.39003860806284,5.121407500714465,-0.16923289495124583,-0.036655043345138916,11.609914073313893,2.796528518743091,24.690456826501322,41.32949095701009,1.1119620917828317,2.8076885131887206,-4.173082585020489,49.830175430654975,-84.13312519594741,-29.098072387742985,-13.24560975670407,-5.654695331052651,19.801171512936776,986.927351255848,-38.66165946313511,3573.236401126973,-509.75383897959625,54.13706377906445,79.05548198249646,-485.2599578933872,47.17128068807094,74.23903428687342,753.0330046741277,21.371513445563732,-9.561787662883857,-17.60048032929507,41.882434361991095
2.467094542,4.291957895,2.983870968,3.363609641,3.536338225,1.749797529,145.3298045,156.2191255,154.8115469,156.8657043,6.123702422,0.01633254477,-0.6141739611,0.0812264805,-0.1876758135,0.256158803,1.573447185,1.512470454,0.9322239333,0.4988544116,1.067855014,0.9859538472,1.042117175,1.011963508,1.258345428,1.072707167,0.6763312894,0.6269790717,1.515549026,0.8702000406,0.9095995767,1.088602627,0.9679742572,1.072001144,-0.3944117671,0.99294228,8.001917922,0.6050204281,0.221977556,0.1069603168,0.1090616971,0.0,0.0,0.0,0.0,0.0,1.614080058,0.0,0.0,0.0,0.0,0.0,0.0,0.0,0.8183824641,1.401630714,0.3565365025,0.652173913,0.1833207902,0.04236853002,0.6176470588,28.84238913,14.35837209,0.0,23.46952001,36.39820241,11.76029506,5.817220841,4.390415048,21.82845468,5.733667477,14.95193556,5.817220841,0.0,9.521973528,0.0,13.52254936,0.0,0.0,8.415430261,19.33134772,64.69,1.409722222,1.517777778,0.5037188209,0.1315192744,0.098125,0.03295582083,0.06606606607,0.4785068224,0.789334598,21.62439909,-1.952840085,0.05701197638,1.327925789,-0.4703776087,0.1981317665,1722.904198,4.74,0.0104,408.36412144615815,29.65489349800809,46.109832320707646,-32.469269679062926,0.1302945283722453,0.36119034129691197,-2.6691556745708205,1881.4576651414627,-504.877964339293,-3078.5754968216297,0.8856603480553225,-121.49784349728169,-10.809327142293915,8.614308496325393,-537.9094314525817,692.1031114116703,-0.31464687087486115,2.8616449685280227,2.7570690499042434,4.923813362449832,5.5596551919143,3.0668984291086394,-6.032073455280619,-18.704285961590713,-0.750849358348501,6.646457297940369,-23.852832511821873,3.826938613100882,-0.44246219240419027,-3.953725829900594,16.42818878464534,11.269008803483157,13.391300976724619,-4.214079873089645,-16.358595095273188,4.494204031452941,-1.1927588752832297,-1.5113547168807862,10.84208043142491,3.160144638408091,18.495752898615777,32.011310891297875,0.8317932891223149,1.4892580047359327,-3.350183894798178,36.83050183818267,-54.0525120490873,-25.473570868313974,-8.533304952388745,-2.7768885288773615,14.085874792574888,748.8715927877772,108.43346226037181,2431.115305273431,-300.9791688513561,29.0305870399335,48.761437387893636,-370.25055517459964,38.284657779066336,55.94084489456061,597.197391301764,16.81734052649311,-22.543719775308425,-12.024206243446228,29.31993828356667
2.489417402,4.635372996,3.357142857,2.986454047,2.789437586,1.680261638,148.5938777,155.9702392,155.5744163,159.8518088,12.63706267,0.01699097935,-0.3996888486,0.02115395503,-0.08916181629,0.1128552714,1.42996959,0.8942356688,0.9829463297,0.4831028665,1.099804701,0.9886957803,1.037705899,1.083115828,1.051579749,1.043000427,0.8435001875,0.9171408241,0.8277240431,0.7913115931,0.9430902387,1.032409434,1.043231431,1.087102339,-0.5291677815,0.9779390634,3.513573785,1.197963246,0.2061653358,0.08216682445,0.1048899075,0.0,3.585282635,0.0,0.0,0.0,0.7458180862,0.0,3.218309398,0.0,0.0,5.293729457,5.645589517,0.0,0.9437374735,1.526526044,0.3426724138,0.671875,0.187328697,0.01575126263,0.5490196078,30.33847573,14.18117935,10.19736362,12.13273414,61.10326455,35.40481997,17.7707599,4.736862954,28.26427081,10.05365156,41.58475591,6.9237372,5.693927995,5.687386275,0.0,8.659793197,1.955755626,1.629527009,11.91980475,24.4497476,82.16,1.979166667,2.042777778,0.7772789116,0.3482221592,0.2940740741,0.1695724926,0.06535947712,0.384636032,0.9175320074,30.64661613,-2.062530517,1.20819163,1.52943448,-1.17799465,0.3883533044,2185.375497,3.42,0.00423,431.6121316989372,36.09456094800707,54.745972141772945,-32.00740692789291,0.18179604125914373,0.2863757160044889,-3.369017899210327,2326.5979219295573,-636.932119551434,-3613.9246351654024,0.9893981836393415,-164.9356479421547,-12.952897920679687,12.530527468560479,-661.5380327151568,812.3516670586001,-0.5455084773637837,3.2207608020111222,2.9921027997000254,5.438305908397957,6.455581646385689,1.8958216249951039,-7.483634102199474,-24.36190258509716,-0.3431240042688859,9.134344064221274,-30.427844543512897,4.575628379564803,-0.4153303956149108,-4.709177126733891,20.278715763584437,13.72013492639622,16.52111604240887,-4.739237593473799,-19.8768213082284,5.0909232037328795,-0.5235205927712787,-0.31613857760211395,11.207453903203179,2.816728311852864,23.38877442492791,38.911409825416996,1.0404768309779222,2.634971493353131,-3.854894838854179,46.18751320463102,-78.84219058458069,-28.08955729091846,-12.170770772947753,-4.7697664469152325,18.013533107314583,923.261913407654,-6.257767537251532,3324.129676680985,-434.4013028228861,48.38537969948763,70.68724111273232,-459.51330958227436,44.43698399581081,70.0329103797894,697.1579724612528,20.160130062315034,-10.636776665690757,-16.275554284396627,39.119879408506634
2.475258467,4.551180229,3.237288136,2.974434612,2.992929293,1.579680176,146.2217091,157.9963401,158.5210539,159.8726926,9.852748943,0.01488613212,-0.4623449437,0.05018883386,-0.1122412901,-0.03929845524,1.481348608,1.235725863,1.229043147,0.4816028966,1.111555581,0.9950215285,1.04937272,1.046371714,1.156723143,0.9737543945,0.603371585,0.5634527303,0.6132711744,0.9053723345,0.950084712,0.9478654363,1.026694733,0.9551124407,-0.3981347424,0.9113363515,6.027276849,1.429020445,0.1625357769,0.07225270312,0.06541342195,0.0,1.968061701,0.0,0.0,0.0,1.643912856,0.0,3.332529078,0.0,0.0,0.0,0.0,0.0,0.9354481408,1.684253049,0.3267973856,0.6640625,0.1777019754,0.02867647059,0.568627451,32.88361094,4.983978521,5.261891555,18.19910121,49.38830668,29.3384529,5.824404498,0.0,28.71445679,5.316788604,24.9198926,18.25485007,17.08178398,5.687386275,0.0,0.0,2.44135976,0.0,15.34427918,29.33424017,103.17,1.659722222,2.025,0.6156462585,0.2680933485,0.281566358,0.185389246,0.05777777778,0.389586775,0.8956866279,30.73473625,-2.104013569,1.00747872,2.074800766,-0.9157294885,0.0006638924955,2512.324422,5.01,0.00688,428.91768922549875,40.882219524869946,61.486016651904606,-27.016931521071108,0.22146086719150554,0.23960818992670235,-3.3036457072979877,2604.7157912810585,-753.1892575428386,-4108.593449121476,1.051858077341561,-197.4383263073769,-14.40035576800677,15.48433686289018,-860.289248756045,885.2116287108928,-0.7095095730845087,3.3697417742044413,3.4058435127105167,5.4614140667430044,6.844107099257614,0.5605518083535477,-8.173556868241098,-28.33549883624801,-0.40637123251100493,11.316692123713025,-35.389886621247264,5.653739315408361,-0.4262218099329955,-5.033980792958179,23.187421773353915,15.558893358273991,18.775417149058132,-5.658686601414793,-23.217016768172673,5.277317497273963,0.22117644841717699,0.6263504373091917,11.812743789546584,2.9251117755681255,26.859934446737906,42.9015957410525,1.1833259868559385,3.2397820992758684,-4.159544788078228,55.14632738980107,-91.39789601180708,-30.297184209973842,-15.226924970015357,-6.0333825445999745,20.80328613643435,1039.8395350549188,-75.21525320250521,3952.9483235668954,-577.3585317801062,70.39004121640197,85.98654673248477,-541.9017584354265,49.31447329101358,80.90593311157417,765.1893350836251,22.353494965935365,-3.905343943447302,-18.53448400142554,45.61514991348789
2.482756918,4.560493637,3.196581197,3.074668705,2.877627628,1.455194872,150.7422912,162.2205903,163.5533186,163.2249086,9.5504,0.01838991296,-0.4342819427,0.03970165349,0.02682604093,-0.002112097304,1.516031733,1.107692384,1.205835997,0.5115740741,1.111607143,0.8528037383,0.9678899083,1.089242788,1.033232119,0.9957215949,0.6096643519,0.641161859,0.7164934165,0.9278108045,0.9903619376,0.963490688,0.9929304645,1.050443586,-0.374628992,0.9925253564,8.001919071,1.297044508,0.144350754,0.07224962686,0.09238926608,0.0,1.655368773,0.0,7.618667973,-0.05412024617,0.0,0.0,6.445015369,1.901811093,0.0,0.0,0.0,0.0,1.005358063,1.431712569,0.3478701826,0.6833333333,0.2082598057,0.04822510823,0.56,29.07485563,19.35077682,0.0,24.27512131,37.26522558,17.46044569,17.9801607,4.390415048,11.38785599,10.74258,32.46515906,12.74095804,17.21226049,10.07780132,0.0,13.78062924,2.171127544,0.0,12.47983454,22.70206157,81.23,1.479166667,1.797777778,0.6376417234,0.3053980852,0.205941358,0.2149760229,0.06944444444,0.3674978304,0.8320301831,31.94576977,-2.237041993,1.455679575,1.721835061,-0.8778967481,0.1470175762,2785.962711,3.13,0.0272,452.05369217539953,45.36804615724843,66.41882844166129,-17.918995478758042,0.28860722038434106,0.33855761919323524,-3.7735428756579035,2889.569983480278,-847.9578775894138,-4438.97064221435,1.1072594387453758,-221.48974909590535,-17.366641051212937,17.024759948098673,-1001.5005619491086,1052.0856544338174,-0.8727440105343702,3.757697997414514,3.532678829748016,5.454971787139594,7.465236102493779,0.21520806163951878,-9.687270384296346,-31.773062363618532,0.7540890790853731,12.530513824264304,-38.26122112309004,6.636247389678873,-1.1509215848042085,-4.870808710084453,25.93309696347468,16.656762793258263,20.550163330505363,-5.197345983427242,-23.862936523348665,5.714738904123906,0.9354970874436438,1.134699619787255,12.0954382482349,2.970434761447877,28.678100055789578,47.46405274232,1.303656120732201,3.240400093478801,-4.300752105306324,69.2470071624536,-108.19106580046093,-30.504211324786247,-16.715913997063087,-8.30260058886897,25.263968012831185,1105.0285642348056,-160.48483521782882,4042.990498092617,-670.4604328644198,85.31440358723273,104.89602731760081,-597.6556915955113,53.279097722017944,92.64672778909694,842.2633854815982,24.282547718612243,-13.893491915324885,-20.19308796860415,50.52214924443505
2.527110816,3.91853569,2.297619048,2.788751715,2.75,1.437044268,145.1110422,161.0443566,159.704181,156.6554547,7.356734694,0.01092948001,-0.4228638672,-0.01808517185,-0.06081792629,0.05973679281,1.411474643,1.033617162,0.6687349069,0.4249264197,1.078568778,1.120447178,1.076782306,1.140831203,1.381216556,1.061273738,0.5015923567,0.5427486526,1.396069699,0.9457576622,0.8746388521,1.20797489,0.862009481,1.044476001,-0.4431094094,0.9938455052,8.001917432,1.348828131,0.2451987555,0.0919280896,0.09033189192,0.0,0.0,0.0,0.0,0.0,0.0,0.0,0.0,0.0,0.0,0.0,0.0,0.0,1.092572279,1.4925,0.3404864092,0.6666666667,0.2108470318,0.0,0.5714285714,24.15772897,9.374393569,0.0,6.066367068,42.81902403,24.72587309,17.33555333,4.390415048,22.64523548,0.0,14.53505669,5.817220841,12.24522612,4.390415048,0.0,15.4244982,0.9601951058,0.0,13.26955239,20.10785084,30.71,1.381944444,1.228333333,0.2719274376,0.1128826531,0.03,0.01234567901,0.06535947712,0.3321002298,0.8633416364,18.49914231,-1.640075804,0.9280222783,1.065551657,-0.3662594047,0.0434334607,1529.471055,4.0,0.0466,409.01955391899253,26.59143501066743,41.929094374148534,-32.076252506667196,0.10450184246394295,0.44375749029132583,-2.397045930934736,1729.2756147000377,-443.0645668066003,-2774.8554794427782,0.8521066899323648,-103.72557494325866,-10.450173520367853,6.37158868224606,-440.1876030799994,648.811957504529,-0.21161963219779395,2.8333343926238856,2.5351772324063355,4.698240851059526,5.457398550247602,4.482090572711106,-5.564070817435285,-16.373832192031912,-0.1577034945458009,5.210758256196062,-20.705396566378077,3.274372786585621,-0.7006826552489407,-3.5983813760540855,14.953054742576244,9.860386786284533,11.70374550739864,-3.7834540716770024,-13.721774660544982,4.2795464678246224,-1.5888988995502447,-1.9696413564831357,10.51830616289041,3.00479404897345,15.861582190978975,28.993215179683453,0.7383319607438137,0.9572788535870378,-3.044993553234354,33.77566206863277,-41.44461156114253,-23.26558624411053,-6.287350567712049,-1.9258198548448655,12.783102683063131,658.7927840665889,156.09941428267726,1894.3070508006804,-231.39846197131908,-2.5828267129808813,39.47207019032942,-363.4251627145367,36.35913849104368,50.351627436859644,561.3360790653618,15.236069454990844,-43.58788826594393,-10.774625738528384,24.571359772168666
2.418348561,4.527285573,2.985915493,3.466216216,3.131944444,1.568129555,148.9012077,158.0143341,162.5978919,162.5370035,7.869806094,0.01556156345,-0.3165637934,-0.02440400061,-0.1596333436,-0.08847060717,1.300891446,0.9253166741,0.9537288474,0.4664466169,0.9955535468,1.087827353,1.174414601,1.139887972,1.08258879,0.8626179245,0.5647619201,0.6336425488,0.7576560746,0.8807830904,1.068976292,1.04798031,0.9799594203,0.8847663519,-0.3756635129,0.9929434621,8.001917991,1.417757826,0.1972302712,0.1061151607,0.06856204604,0.0,1.92756137,0.0,0.0,0.0,1.594080148,0.0,3.303553949,0.0,0.0,0.0,0.0,0.0,0.9859855651,1.461757219,0.3544303797,0.65625,0.1797893311,0.04075091575,0.5789473684,25.24352369,4.390415048,5.098681808,11.62981856,37.25557254,23.64452491,16.85062228,4.390415048,11.25737949,5.316788604,20.16532066,12.74095804,5.563451492,15.7651876,0.0,14.09860995,1.92756137,0.0,7.83022589,20.03385019,66.49,1.5,1.208888889,0.373968254,0.1597222222,0.14,0.1025425977,0.0701754386,0.3810511767,0.8517652577,21.66864452,-2.054199607,0.4594685554,1.339232145,-0.7864226082,0.1386010043,837.9961772,4.06,0.0173,397.1712197423372,15.621761407845344,30.00714035064597,-56.808222233650035,-0.08654725732810287,0.46347922499389904,-2.352502214450465,1059.648966736801,-189.27223216133328,-1902.8033754924095,0.7125629527528476,-32.979049046939565,-4.824066322345837,0.9558849514717297,-195.76919016576824,396.95691200038044,0.23327382423097576,2.0979301737036833,2.687615491676753,4.673706084647012,4.247576927522559,5.438964038483112,-2.3197878113921906,-7.459324323923619,-1.7349015013187874,1.4808065658306597,-11.342993899680641,0.8660773965389372,0.19379179449420858,-4.532287419361574,7.575749996168101,6.565300609841924,7.841139364325942,-4.1386363391912475,-10.055751771418533,3.9986060113887696,-3.028948522156936,-3.9789968035255656,9.40235019534762,3.128808687246237,10.668107694134353,20.27876941420979,0.4501013008993769,0.15942780762420292,-2.575679383912406,12.02473716503834,-12.37390711390203,-20.173649074600732,-0.9999516778822841,2.133599092246734,4.120845115010176,430.03985277196017,387.44785026175975,1012.6244219131073,83.05391841327341,-11.539444358539622,-1.1893463328156029,-175.2218314335666,25.431640507992388,26.388568646994973,363.1317425156952,10.29798787613396,-31.211069729942594,-5.804829106996629,11.721369544890173
2.552503364,4.315870367,2.769230769,2.631631632,2.103773585,1.549278599,144.164589,157.1625315,154.0037272,156.8603054,12.70470525,0.007814272873,-0.1579593435,-0.02165420923,-0.1438774246,-0.1149674493,1.152825219,1.207401251,1.028911168,0.4289361702,1.104752475,1.138762887,1.266306306,1.109475893,1.329144022,1.223217783,0.7501959943,0.785786061,1.12673936,0.8769878325,0.8317004632,1.15973288,0.9448618492,1.004087094,-0.4357126271,0.9938453721,3.042116129,1.343865392,0.1936003629,0.08575461263,0.130682846,0.0,2.022597212,0.0,0.0,0.0,2.183056868,0.0,0.0,0.0,0.0,0.0,0.0,0.0,1.314499244,1.892986111,0.3636363636,0.65,0.2154797521,0.0,0.5581395349,27.76270778,0.0,5.098681808,24.26546827,49.59430021,35.07913167,5.693927995,0.0,22.51475897,0.0,19.74844179,6.9237372,17.80867761,0.0,0.0,2.156628874,3.00589598,0.0,14.54639206,26.44538367,43.6,1.756944444,1.507777778,0.5251247166,0.1529273747,0.056875,0.01234567901,0.06349206349,0.3107470361,0.9600122217,16.01795003,-2.325863493,1.231894483,1.495115136,-0.6117195274,-0.09996435949,2067.542451,4.52,0.00877,416.48088841362517,34.541163922217976,50.75756609803395,-16.14913487232706,0.22840840525777184,0.386080405115596,-2.5361056272899054,2250.101404947027,-637.568370068264,-3578.603446237609,0.9528566149928412,-155.62149015361982,-13.171596536466629,11.492177460060473,-672.2883458684242,826.8623873255901,-0.539256497843186,3.1867893454438034,2.6814713762834783,5.075042324506814,6.352353851180293,3.0010343700018747,-7.456240531831369,-23.26434328757273,0.3589257775551181,8.585087025670832,-28.096139724269673,4.817005311606698,-0.9818546127741503,-3.993102697170068,19.835358784543615,13.05205317479809,15.760263818263137,-4.335326238322558,-17.511994306291285,4.833386701053486,-0.27103754691146986,-0.28134826995414053,11.552387643271071,3.3111459722535073,21.086979262039044,36.2310615217644,0.9842492044114296,1.6537107661618313,-3.2963414411387895,51.032219531519516,-69.63530838009228,-26.153580378487874,-11.066240090504726,-5.122102138794369,18.662995833551154,834.657168024534,7.881014016129257,2766.6978263433894,-450.84188745121895,37.83180912156139,69.92442978762784,-483.61687621882203,43.31933951769767,69.95140896498928,689.2936278873846,19.316616441537512,-30.469086807647056,-14.638001997993525,36.13463512125765
2.563009046,3.97468675,2.37755102,2.607142857,2.053191489,1.514867855,145.7804246,154.2674961,165.462619,156.1975289,10.87,0.008359930452,-0.1082221707,-0.1824739989,-0.1817782041,-0.09536397719,1.112893347,1.278977254,0.7220241921,0.485306479,0.8997386605,1.458008505,1.362255746,0.9232954545,1.056120415,1.412337662,0.7867095275,0.7953339309,1.191203545,0.8188232486,1.200282581,1.306958352,0.677982148,0.9275252516,-0.4352125109,0.9929025382,3.04576716,1.160371354,0.2051083971,0.09101639843,0.0940067503,0.0,4.580256677,0.0,0.0,0.0,0.0,0.2567064673,0.0,0.0,0.0,0.0,0.0,0.0,1.302641723,1.819503456,0.2735849057,0.6477272727,0.227453123,0.0,0.5,25.85560805,0.0,5.098681808,19.91384147,41.66473186,36.39266661,5.693927995,0.0,22.51475897,0.0,19.74844179,5.414990469,19.54140239,0.0,0.0,2.1525548,5.531894054,0.0,10.94090161,16.35430171,43.6,2.236111111,1.322222222,0.4531972789,0.1471403376,0.03125,0.0,0.06006006006,0.2616418338,0.9393886377,19.00197491,-1.993442636,0.9689364365,0.9077091012,-0.5280513279,-0.07987314685,1355.578952,3.59,0.0548,402.1438018444218,23.872725716243064,37.74676109359659,-33.1689688061305,0.0724176924376877,0.3946951177455949,-2.151036038073898,1600.2469454122174,-403.9562526740187,-2671.0006403565803,0.8044739598042386,-86.81882719803853,-8.126949039199848,5.519168329361216,-327.5852582137814,577.872430742021,-0.10921680437450229,2.5974380286148686,2.537643713563977,5.006678279112796,5.259188375974744,4.738511463792193,-4.556502137276262,-14.217643500127188,-0.6614033747853765,4.552562012811713,-18.523228731557655,2.6486005973110958,-0.5803639028409708,-3.539750462319269,13.017990486018059,9.299107783726363,10.711178416479282,-4.128041017596036,-13.020645767143854,4.208076258933983,-1.8492145937433728,-2.2902464475190314,10.411846845560737,3.270189800621205,15.022078023978668,26.764622612857373,0.6657835060919359,0.7029327077749602,-2.6219895003608853,28.406504269123406,-35.83001527578615,-23.041844679921525,-5.475483800506663,-0.7674198190094745,10.557747044997068,605.843809236841,217.07039503643,1687.1583802438201,-156.8307392436135,0.6041222637068846,28.57901566815964,-314.1219049666409,33.646433547472704,44.685236379502996,518.6685656484306,14.269715247327785,-38.754130700574855,-9.419732726411592,22.12589693641429
2.476126138,4.307658617,2.817073171,3.355413105,3.025584795,1.520803003,146.7401428,158.0266245,157.9245791,159.7712948,10.01038781,0.0278266106,-0.4695687665,0.01867286424,0.03569564485,-0.06026509095,1.448911557,0.9646259421,0.8707899067,0.5200945062,1.072000407,0.9630136986,1.089122635,1.103148865,1.183127158,1.109748901,0.97975168,0.968743518,1.16496033,0.8009843574,0.9495464727,1.25912561,0.990472355,0.9919997428,-0.4868117291,0.9878630511,6.002696239,1.438829424,0.1993476483,0.1014342432,0.06274916425,0.0,1.934830434,0.0,0.0,0.0,0.0,0.0,0.0,0.0,9.437722243,10.78429623,0.0,0.0,0.9104492105,1.802462207,0.3644859813,0.6956521739,0.2028115871,0.02300724638,0.5263157895,27.25526357,9.967957042,0.0,6.066367068,31.18920547,17.95713863,5.693927995,14.5802533,28.70474243,9.473725908,26.43452639,6.9237372,11.38785599,0.0,0.0,12.68239808,2.039260447,0.0,8.385600675,18.47927566,69.4,1.479166667,1.455555556,0.5029024943,0.1753826531,0.09594135802,0.02469135802,0.06606606607,0.3369553677,0.7416611126,22.7555036,-1.843822904,1.247711989,1.212455628,-0.5967792027,0.129020823,1791.39588,2.69,0.218,420.88673308039165,30.122544525693154,47.182170351237744,-34.21065473047684,0.11724216925748648,0.32247384552555775,-2.961445020242037,1976.6060093827773,-514.8227939834903,-3107.448424185274,0.9099868739146342,-127.73297833624736,-10.877535025273055,9.108408227751644,-498.04292519511904,699.328991468254,-0.3218782530934317,2.9427204746219493,2.782986575654884,5.188772846722472,5.912114592743707,3.2064585984862064,-6.355880054402713,-19.47914897559375,-0.6290111528748379,6.7847745676208095,-24.688655831950324,3.6170629343097933,-0.43334606758508576,-4.25141033155197,16.92585592948624,11.453163007378215,13.640965054756267,-4.213351274814331,-16.53012499556136,4.620238170571426,-1.302375194551683,-1.442136385022681,10.71400254150545,2.79308545828894,19.130834563547683,33.35613021060487,0.8580278108361187,1.7635678248050655,-3.434006282048692,35.2769454640851,-58.48348082592334,-26.469331822758335,-8.800413238972393,-2.8460198892876876,14.549413950261393,796.9914211970224,91.9038869379352,2697.7129321069433,-307.520735142142,19.913303405624987,50.95455994745054,-371.84931391103726,39.34485001274945,56.094946273971765,622.504185874388,17.279483377518858,-21.363933722371925,-13.09550532679651,30.69511207242273
2.480193002,4.586890084,3.089552239,2.926290464,2.944878472,1.485628527,147.5967449,157.5778633,158.7847684,160.366464,12.84056122,0.02533537787,-0.5627624379,0.0848610387,-0.100189963,-0.06546038811,1.611106133,1.022984311,1.058089954,0.4959842605,1.085933027,0.9118320231,0.9921972884,1.107156488,1.072008663,0.9322630015,0.7836193035,0.5929535324,0.5388082372,0.9025015269,0.9624173122,0.9317433183,1.053180719,0.9168708543,-0.4868866541,0.9729223297,7.008276949,1.42421381,0.1421530045,0.07780668145,0.0822774992,0.0,2.076756568,0.0,0.0,0.0,0.0,0.0,3.297285735,0.0,0.0,11.00740324,0.0,0.0,1.001554035,1.683173286,0.3548387097,0.6666666667,0.2070298978,0.05733005733,0.5,31.09121391,4.983978521,0.0,19.05647134,54.95175817,22.50821725,5.824404498,14.26826309,34.14425914,20.52418199,27.6520576,0.0,28.80005837,5.687386275,5.907179729,11.00740324,2.71473507,0.0,13.58001705,30.19697142,115.15,1.854166667,1.997777778,0.614829932,0.2711404006,0.3040740741,0.2480338741,0.0641025641,0.3840855018,0.7723350511,33.87046942,-3.029973773,1.288197551,1.30782096,-0.8920864797,0.176954616,2597.343137,4.55,0.00756,438.3858085799653,42.20527266136219,62.957365834763294,-28.002718742229213,0.20199385486005872,0.20689788966153344,-3.688396627581019,2694.8341855111735,-772.2501179869221,-4190.863664633342,1.0864634208022605,-203.9744010958273,-14.680632363760376,15.64180832731849,-891.2300898164847,902.6536308422388,-0.7223891655785799,3.462258584083399,3.342305483847014,5.707728966033741,7.09984066689778,0.2997205358216751,-8.688582117138145,-29.239531209184825,-0.7171545012618441,11.568901680296298,-36.852069023126475,5.944963907305308,-0.4530107901689331,-4.531916395581982,24.233736963361366,15.820534585199432,19.105117490555507,-5.295536217076904,-24.119580887592658,5.538275974512312,0.29151367863647426,0.6713238211928835,11.754140889995341,2.7389574066335682,27.723100334326293,44.89477604144736,1.213938028781719,3.4731836359647104,-4.428625725965905,53.81722338857304,-97.15129631720808,-31.12734571641782,-15.991695733079272,-6.5465150286124425,21.141815054797657,1096.890855967027,-99.56178784468935,4226.142817060568,-599.7634362703536,71.14172159185605,89.91412453113877,-515.6991060222408,50.22757790683035,81.01707832898765,801.0524941297672,23.103805532119644,3.2768757094144103,-20.120318217186853,46.98405405315573
2.477060554,4.55375734,3.223140496,2.604041363,2.510611162,1.635647765,144.3995229,154.8961175,155.6496898,156.4561625,9.410466358,0.01019926995,-0.2936794216,-0.06028572901,-0.06324566243,0.04765776808,1.348400235,1.180214241,0.9370978519,0.5574821448,1.108614468,1.067087958,1.106529561,1.036146273,1.179970216,1.11814346,0.8768792672,0.8705084129,1.012161478,0.8992425181,1.001063623,0.96745814,0.9124068869,1.018692888,-0.4272858256,0.97795332,3.042251609,1.194229606,0.1734209861,0.08314916212,0.0761440227,0.0,1.986873069,0.0,0.0,0.0,2.050257213,0.0,3.278671527,0.0,0.0,0.0,5.592154799,0.0,1.066660229,1.808345964,0.3094736842,0.6328125,0.1909160923,0.01426767677,0.5660377358,34.37954936,0.0,5.098681808,48.61607585,54.95175817,34.72467712,10.6824301,0.0,22.51475897,5.316788604,24.73694389,6.9237372,5.693927995,5.687386275,0.0,1.875390684,2.457289893,0.0,20.45493089,30.13109509,55.63,1.972222222,1.793888889,0.7413151927,0.4323664651,0.264066358,0.1281501888,0.05333333333,0.4085424563,0.9571909786,29.21025187,-2.823323178,0.1232040154,1.332918597,-0.9255412724,0.02241981616,2399.523668,5.89,0.000744,423.9592462834289,39.79196808649362,57.69807906965743,-11.496970410095692,0.2950477302666083,0.36482475904850376,-2.876752983540208,2539.7204230169295,-751.7109474001885,-4039.146673885475,1.022042119610048,-189.1439878472678,-14.971987833939698,14.445988959285971,-857.4853490794914,941.798975379066,-0.7257146120043081,3.4367515977520644,3.043488520859002,5.054675516488187,6.751380954935983,1.6244405771703176,-8.414727279575411,-27.384841944180728,0.4545868499014286,10.757624256632768,-32.83891300932467,5.82746253502733,-1.0767440277656815,-4.172986965669678,22.64009081599236,14.993446526221685,18.153411872197335,-4.736619780403203,-20.585678859561266,5.373296316229804,0.4875843697379095,0.6476784427617619,11.741618924383372,3.394306663958997,24.803206061583452,41.17196369472018,1.136166717660621,2.228198072463151,-3.5488428836872545,62.480392534787114,-88.47731893344546,-27.93796545627928,-14.342704478971434,-6.987421596788232,22.051469956816305,950.0534676788451,-83.31768946985696,3354.984897366906,-579.3021602455791,65.3659547182239,88.44414548967251,-545.8693049911906,47.58657280018659,82.34332169986722,757.7389902420982,21.64297005155768,-23.290170280833376,-17.48789680616081,43.31416100119634
2.494406727,4.663273992,3.429906542,2.875685871,2.717854647,1.641681838,148.0142773,158.4048524,156.907041,159.1994603,11.7136,0.01178451062,-0.4844041943,0.003217816167,-0.008974729827,-0.005725965057,1.574938134,0.9934576134,1.308107672,0.4508367323,1.167173155,1.00481836,1.072788984,0.9843034663,1.183046766,1.060818012,0.8959045708,0.6970448018,0.7988506553,0.8582738199,0.9004742814,1.040611132,0.9698857625,1.116735331,-0.4158652574,0.9779546579,3.056926202,1.197963603,0.1611402727,0.09640490851,0.1048899075,0.0,3.84055231,0.0,0.0,0.0,0.773970837,0.0,3.23105274,0.0,0.0,0.0,5.623994668,0.0,0.9647844755,1.898808395,0.3502202643,0.6612903226,0.1898077959,0.01559139785,0.56,34.53185431,14.18117935,10.19736362,24.26546827,68.02700174,29.3384529,11.51833249,0.0,22.51475897,5.316788604,34.47495837,13.8474744,11.51833249,5.687386275,0.0,3.43622302,3.84055231,0.0,12.78445964,23.26778041,72.93,2.138888889,1.971666667,0.7103854875,0.4041635173,0.2540740741,0.1766166718,0.06222222222,0.420521874,0.9534451445,26.89399843,-1.96020287,0.5815643417,1.56000383,-1.184293635,0.2683675371,2336.206145,3.88,0.00225,431.54392976911106,38.415188225829475,57.22099603798676,-22.743796305711932,0.24035930546553752,0.31827283275141227,-3.2007534928947052,2476.587274015232,-703.3594235631815,-3855.704061062124,1.010089235748883,-180.52861933469586,-14.112597544474122,14.001321302408222,-763.3569408675673,889.1322529154029,-0.6550608134070621,3.35375127289595,3.134591227975782,5.314726516235318,6.711795735211588,1.680777552836849,-8.017907560744334,-26.348491765964575,0.24536023697198617,10.129002707786514,-32.130790437780256,5.163731982382128,-0.7561102066616148,-4.8154774540301375,21.704284882206377,14.605156082911215,17.710064379891186,-4.962698783372387,-20.477108805809237,5.226166404469115,0.008109771758731177,0.2097028852070797,11.577132624969913,3.027608759246051,24.54556710499775,40.59878808151528,1.1079885608281475,2.561376134897596,-3.7568960874583066,55.141800890954414,-85.83663261193053,-28.443390806792575,-13.370837074401546,-5.914749129018384,20.470711315966927,949.0293323368203,-50.99448431483669,3387.390192483824,-511.6354411077157,59.58873356958841,80.84920346111379,-518.5495202448591,46.56841114065816,77.7962282799393,733.7381652123842,21.184087191459135,-15.618095555867082,-16.80037218430207,42.222476776443244
2.552718635,4.326264007,2.712962963,2.668320826,2.06372034,1.620932094,143.990752,156.5706705,153.6835809,155.571615,9.2725,0.008499036872,-0.1502764812,-0.05952874276,-0.1325867755,-0.1440710271,1.117316674,1.17674052,0.9747460753,0.4712662163,1.034121032,1.177211641,1.241453749,1.130997842,1.300989884,1.206160698,0.6818898131,0.8742370107,1.114708875,0.858382155,0.8363942711,1.197439212,0.9307782552,0.8983612049,-0.4356902105,0.9938452717,3.043349741,1.304250488,0.1979789389,0.08768493759,0.130682846,0.0,0.0,0.0,0.0,0.0,1.987684188,0.0,0.0,0.0,0.0,0.0,0.0,6.150399214,1.280650983,1.813494395,0.3573085847,0.66,0.2113157481,0.0,0.6,28.92133003,0.0,5.098681808,23.73367403,48.73693008,40.60468056,5.693927995,0.0,22.51475897,0.0,19.74844179,0.0,12.11474962,0.0,0.0,2.126514848,0.9623126627,0.0,14.37315563,26.71479523,43.6,1.756944444,1.587777778,0.4654875283,0.1922398589,0.08719135802,0.02479338843,0.06349206349,0.3771894428,0.9579673225,20.91628169,-2.253214635,0.8570673187,1.326909541,-0.6528183174,-0.09808348693,2008.025021,4.63,0.00506,414.0700748877847,34.002102968367446,50.045119782725244,-19.524824471404237,0.21339880559279145,0.3774596869206752,-2.556339302107781,2176.7241978373017,-615.3657278896894,-3471.068461267636,0.9391510865869535,-149.7033474764089,-12.784915643265567,10.958382200414611,-644.9031991129984,803.1316034860922,-0.5053823120147797,3.1400556512108286,2.665523024427633,5.009981085208167,6.173596118214802,2.980598071072202,-7.2815372316034175,-22.411812540677587,0.21094198831842625,8.143247000079402,-27.4436342986368,4.702071525612025,-0.9180695469067623,-3.7514548728953123,19.36922722192372,12.706269597710818,15.216803829785325,-4.1740989077569175,-17.331874780990145,4.856953483258424,-0.41272381477536335,-0.526189464765686,11.260044525855868,3.2616726487345518,20.602697014225992,35.43995652638439,0.9558678327225345,1.6527338115972972,-3.3149770109181826,48.31216554422643,-67.39153915222397,-25.71780082148794,-10.691780295395674,-4.739128417334905,17.783024460202817,817.2864561965846,22.548513309687138,2696.455393544027,-423.0399541778775,34.84166635478313,66.25724065154404,-459.0933467076981,42.415324308824175,67.15946270801565,675.5842483680673,18.92049915873666,-29.027684979316668,-14.323710315116427,34.82667565972818
2.437605773,4.66066248,3.098901099,2.743124312,2.795424837,1.606622158,148.4037054,155.2986544,156.9347929,159.1807552,10.56892961,0.01447366433,-0.2487043915,-0.09478718092,-0.004694848679,0.01920208799,1.300808244,0.8860178073,1.02487367,0.5481545673,1.044398051,1.019892544,1.004733459,1.232,0.9868531469,1.065833968,0.7907784953,0.9745405097,1.050629469,0.8164755762,0.9926046518,1.002867159,1.085503024,1.036249661,-0.4248306941,0.993907053,3.059652532,1.427596318,0.1653675592,0.0883659783,0.09538903167,0.0,1.984931639,0.0,7.896109341,0.0,0.0,0.0,0.0,3.952001539,0.0,0.0,0.0,0.0,1.017049968,1.767602307,0.3006993007,0.6833333333,0.1873277498,0.01591397849,0.5918367347,29.03142239,4.983978521,5.098681808,6.066367068,41.9616539,67.76176881,11.51179077,0.0,33.77213846,4.899909731,37.09688089,0.0,0.0,5.817862778,0.0,0.0,0.0,1.984931639,18.81998401,24.37400445,73.83,1.243055556,1.037777778,0.5802721088,0.1892321744,0.149058642,0.1200877461,0.0756501182,0.2315137776,0.9353093676,27.77385297,-2.032212995,1.444849687,1.660478714,-0.9277105725,0.169490992,1227.189969,3.15,0.0343,402.2198323582438,21.6809950479448,36.64298183700277,-48.683966948131264,0.0009301258104470467,0.3209063330253008,-2.6034460684941543,1430.492350515569,-329.24276243946605,-2416.821490496979,0.7807317127076455,-72.15368360976034,-6.342268407275732,4.539807674779825,-256.91461850679684,490.19577597628603,0.005903966070991041,2.360208282672302,2.6027044730319564,5.016799795383941,4.861381112323314,4.493416181627702,-3.794274348433415,-12.207020486665636,-1.7042787635831786,3.6244776146456457,-17.34342138941607,1.8346971546197284,0.24338182738236858,-4.517065921576697,11.321317688988932,8.773394913575132,10.04685416809904,-4.22120026532566,-13.003543693445335,4.476250262152525,-2.489187257496745,-3.051837592720803,9.705064851538829,2.949442182892795,14.67118411228948,25.61326460717285,0.6210139591308279,1.1287172538912378,-2.8725808389896352,16.990583917310516,-30.029766272598646,-22.9406036022795,-4.582865583444279,0.49290894636216676,7.684216787678754,595.2437328273584,281.8271908837562,1824.6308577409734,-65.18978577925432,-4.443696184681941,18.40012053975226,-247.13901651226126,31.509128962216348,36.32816993955265,467.4254108509829,13.313981384777712,-21.738100189694144,-9.425924028236807,19.761476999811194
2.483411652,4.393808153,3.028846154,3.080124679,2.681924062,1.536206699,146.5993687,157.8337941,163.6025051,159.8872301,11.87,0.02086003029,-0.7008538981,0.1857101927,-0.2872624304,-0.02160500537,1.766555672,1.25856321,1.246041152,0.4824266486,1.021867671,1.051438922,1.284424962,0.8496216898,0.9010691376,0.9941567927,0.686920612,0.5547851391,0.8131698193,0.8227166055,0.9939359603,1.033305425,0.7873817549,1.058681143,-0.4780888487,0.9778352414,7.008274083,0.609420743,0.1759030624,0.1593530798,0.1110709264,0.0,5.949934732,0.0,0.0,0.2892306123,2.078707411,0.0,2.748639771,0.0,0.0,5.166581773,0.0,0.0,1.00531238,1.837917619,0.3488372093,0.6637931034,0.2493492075,0.03485354097,0.38,31.09165737,19.74647275,0.0,19.91384147,24.97437738,16.63744226,16.52595619,9.531400138,21.95893118,5.316788604,32.63603612,12.84164325,25.36580689,4.794537184,6.093240071,6.273348022,6.579727681,0.0,3.993947608,16.92104445,92.79,1.576388889,1.758333333,0.6370068027,0.2849899219,0.2747067901,0.2017161514,0.06913580247,0.3703825823,0.8390579428,27.62088631,-2.292082459,0.5611181746,0.4884649215,-0.9394304109,0.6022517437,2788.938556,6.25,0.0035,447.71028100814635,44.75997448928495,66.1859665280254,-16.442143109274703,0.2803247151352588,0.27976662183579726,-3.691728592453752,2902.992091540148,-846.4509544182057,-4455.924769104723,1.1271053953702057,-223.94003201235748,-16.65964497035923,17.295923850887867,-983.7611127008398,1020.6735830845527,-0.8624548654268183,3.7048032371190116,3.540620658596322,5.602557666877599,7.548966678365481,0.19984009784184498,-9.446687461855733,-31.849307715144302,0.46799362988113136,12.659572814709808,-38.606079113983306,6.448540700147749,-1.0102814616245954,-4.9206328451615216,25.836116879047715,16.589194544420963,20.435554814070414,-5.313086834691065,-24.088896782557995,5.677262589564787,0.9319742014170413,1.2870033876207174,12.071428079444374,2.896132412816593,28.882326541136795,47.4144272516019,1.3016646151392703,3.3481988124471487,-4.2964914023564615,66.00166915007321,-107.65044355961403,-30.907014374837892,-16.96762894313601,-8.110335026663439,24.758472982294645,1123.3914228355418,-162.35953608905717,4206.439429335758,-680.2392905365389,78.6313965072437,104.36593983136218,-593.6459836038077,53.00441640831371,91.04549158168744,842.9576287685201,24.30151587690426,-10.117357306949591,-20.791669866471263,50.84593667135951
2.49208412,4.128587376,3.513513514,2.991764351,2.63825833,1.959243724,145.5755682,152.0973202,156.6260122,158.066585,4.983471074,0.01446265149,-0.5562290943,0.05760952081,0.1369640827,-0.3119069799,1.616947559,1.003103714,1.521403485,0.6122834445,0.9981860479,1.08053168,1.321786741,0.9951946976,0.7322210184,1.081690141,1.166596288,0.8089909485,0.7441497284,0.7874453459,1.010788212,1.063183202,1.094784497,0.7294320784,-0.4045540699,0.9929231492,4.005253954,0.6049906404,0.2628557004,0.1401033375,0.1399133806,0.0,0.0,0.0,0.0,0.0,0.8035570988,0.0,0.0,0.0,0.0,0.0,0.0,12.1751179,1.002754941,1.710723052,0.3709353673,0.652173913,0.197465579,0.04326293996,0.6060606061,34.80616962,9.499376415,5.098681808,46.6713998,30.33183534,21.83692257,5.007623697,0.0,21.82845468,5.733667477,14.59805822,0.0,0.0,5.687386275,0.0,1.760542171,0.0,0.0,6.22745723,16.92723598,56.21,1.701388889,1.215555556,0.3109297052,0.1481481481,0.1025,0.0907050301,0.07602339181,0.5837113083,0.9114157256,21.31380542,-1.447090935,0.1638653432,1.235245583,-0.4949245049,-0.208290471,591.6617359,4.59,0.000942,370.33572292322026,12.470376844612723,24.38627060310136,-49.45931065647388,-0.05403074802786112,0.43869873270721454,-1.6562563775209298,817.2182752008206,-133.63623397183395,-1778.9230136837934,0.6694179012035114,-14.03294561655858,-3.1849897599223547,-0.7410706721202474,-145.25635993702718,319.5037089670845,0.3049166319818682,1.800704310463141,2.453149874224775,3.9924333152052167,3.5787456039511154,6.112895315989787,-1.293443331772232,-4.776445721611063,-2.6036423495485748,0.21051127858923246,-8.349416084942938,0.5790126374191136,0.38170977797152317,-3.4631811165478323,5.396002283632679,5.686482143294177,6.5517008513188175,-3.951948107293782,-8.780165395163435,3.982210475197461,-2.9712039224991535,-4.057597512716914,9.26910663348722,3.7192842346125317,8.483318874160574,15.97633320870564,0.33500228349573635,-0.8539871579456773,-1.8656968572128019,7.1937992756014895,-2.5945312075857787,-17.50091378232971,0.30371190694922023,2.7157114112991994,2.0605546801816272,313.5500535282298,457.4462315913723,569.2683045958646,129.63214374677312,-19.87793993133178,-9.754267751996135,-150.98224802168556,21.679571752583673,20.392413655766404,303.77510065169605,8.641257046304002,-33.95715150374719,-3.9321967128603026,7.602926120518296
2.554852869,4.494754609,3.102040816,2.977218225,2.745336577,1.551007973,143.8674908,155.3769546,153.9033605,154.5413649,11.43072702,0.0200746428,-0.4636733178,-0.08390042248,0.07501561934,0.02152728556,1.375520604,0.6831785595,0.6867808128,0.4621088657,1.081921551,1.009908537,0.9899003874,1.11870474,1.185369616,1.079310745,0.7060321806,0.4401510847,0.5635452654,0.9209238747,0.8715218303,1.11646208,0.9498264639,0.9795584156,-0.4947142896,0.9729968731,7.008295908,1.343837211,0.1891766589,0.1327545388,0.1458973615,0.0,0.0,0.0,0.0,0.0,1.817620533,0.0,0.0,0.0,9.117165574,6.047183873,0.0,0.0,1.211790669,1.528768932,0.3664596273,0.6544117647,0.1995707164,0.01470588235,0.5740740741,33.77652222,4.794537184,5.098681808,6.066367068,79.06876542,35.58204725,17.19295166,14.63792753,34.01378264,4.736862954,30.82427447,0.0,22.47273829,0.0,5.969305288,8.140402769,0.901668971,0.0,21.32644375,38.03017578,90.13,2.131944444,1.97,0.7160544218,0.2781557067,0.259691358,0.1747862463,0.06349206349,0.3769222686,0.8053343071,29.09220064,-2.952233684,1.487377768,2.161694006,-0.8169722356,0.1240816229,2655.728748,4.47,0.0014,435.764469033536,43.116240781735655,64.40008072664588,-25.493833820547046,0.24350698456258466,0.257042164727939,-3.6392534801964773,2717.0379353870194,-790.2120690371661,-4170.024650384959,1.1121404230516685,-211.5942343959717,-15.963575055702895,16.109612998806142,-945.1447453642672,951.9493565594238,-0.7800134548771536,3.582696068043474,3.321400775222345,5.246273148332604,7.131393286480327,0.2676813063904887,-9.046819021248057,-30.128942643733737,0.085906281968255,11.741488525978669,-37.29073387289866,6.0380652191653414,-0.6958535029254258,-4.711722283934669,24.85835044824907,15.741315500350598,19.287929747994713,-4.9085150946715626,-23.559405034471453,5.631709046818995,0.546555857425089,0.9574225558598104,11.389877174122194,2.624582591990754,27.491010280591137,45.09602346466219,1.2396908421153126,3.379791933038423,-4.508657616190887,58.27581936384165,-99.21204537211258,-29.99857555947997,-16.177046610425222,-7.315119522469659,22.375025310868207,1085.9785778034675,-143.93991227323352,4177.604168818942,-637.629204232083,62.97834188255709,95.86918009704756,-555.2243350345356,50.7097995038196,83.87970992515241,804.6339690352333,23.337269051238998,-4.309327068524759,-20.504931672213477,47.76462230373093
2.432592644,4.6562983,2.975,3.578078078,3.521021021,1.560000071,149.9515347,160.2680228,165.8692236,158.0307327,7.864958449,0.01680054182,-0.3379683978,0.2358783364,-0.02613786971,-0.02565176909,1.29273489,0.8106551585,0.871123162,0.4211943332,1.064282105,0.8810425768,0.9319807214,1.199625416,0.9546516942,1.19145394,0.5330047993,0.6005374979,1.156657356,0.8630665613,1.065126768,1.155279207,0.9548454203,0.9182776033,-0.3773923353,0.992940763,8.002958535,1.417579067,0.1894191891,0.101975147,0.1102287127,0.0,1.881341175,0.0,0.0,0.0,1.491023983,0.0,3.278090986,0.0,0.0,0.0,0.0,0.0,0.865776644,1.081473407,0.3888888889,0.66,0.1782447032,0.04215873016,0.5789473684,28.45279785,8.780830095,5.098681808,0.0,42.81902403,23.64452491,22.66784312,8.780830095,11.25737949,5.316788604,20.16532066,18.55817888,5.563451492,20.15560264,11.63444168,27.50290548,1.881341175,0.0,5.798023818,19.79947311,66.49,1.5625,1.48,0.5689795918,0.1801303855,0.14,0.1025425977,0.08333333333,0.4397255365,0.7551576274,22.7292878,-1.693500868,0.8420190651,2.114734144,-0.7804859615,0.01230120879,1043.955761,4.47,0.013,406.68869604188626,18.571153964506152,34.10748447852153,-55.58434121333709,-0.058001654291593985,0.45415600584224275,-2.6288804635564222,1260.3961635376756,-250.22158743040242,-2036.8807112453344,0.7488424743236604,-52.72525537618331,-6.4341272459729435,2.740542045150785,-258.27459671014293,467.7173626330419,0.13355806931185552,2.318495063073936,2.8200411682435527,4.829284202186951,4.651723411546078,4.859621344088335,-3.1095719395848658,-9.971675493048382,-1.130644413762553,2.6489218435396684,-14.031732537781709,1.374339827041827,0.027203474423753038,-4.703734834195922,9.537700615317906,7.413170289005443,8.91774054050024,-4.053935553935952,-11.455094898998187,4.016265752339775,-2.7903984831601196,-3.5145088642862774,9.421065942926946,2.725014749620361,12.46191196972606,23.28556849292026,0.5352635785871789,0.7291755697405407,-2.9574375070370733,17.068113681782286,-22.085556828187013,-21.953804815053253,-2.611794368630505,1.279190502359162,6.389133236574988,515.0270083543305,304.07626993722823,1354.3640916665158,5.209350479669393,-5.173599452995091,8.408425611487981,-214.87007177825362,28.587244257381826,32.52652017361602,412.6722173205632,11.731506525068951,-31.172172263243457,-7.412473626192502,15.701098517651538
2.478964104,4.505698205,3.234234234,3.142094017,2.973570658,1.505878609,149.7946163,161.4990051,161.8933029,163.0143946,8.715277778,0.01708195725,-0.5027849166,-0.04252886613,-0.09247365815,0.1016292333,1.565085691,1.262861749,1.04497817,0.4573961938,1.126171599,0.9888047166,1.009790059,1.054281988,1.103858068,0.9632032147,0.5925677984,0.5960329268,0.8019529546,0.9079924669,0.9777729186,0.948339808,1.012761172,1.010816119,-0.3832821179,0.99294184,8.001919185,1.434200906,0.1579040874,0.09236860505,0.06365387513,0.0,1.951810259,0.0,7.264887483,0.0,0.0,0.0,3.200410735,1.710450688,0.0,0.0,0.0,0.0,0.9159389884,1.414654767,0.3478701826,0.6833333333,0.2081978856,0.0331547619,0.5833333333,28.67625339,19.37571083,5.425791397,18.20875424,43.33159265,23.15437369,17.9801607,4.390415048,11.38785599,10.74258,26.29938345,18.90673365,17.21226049,10.07780132,0.0,13.45766866,2.362364555,0.0,11.82790416,24.11537292,83.3,1.729166667,1.797777778,0.614829932,0.2711404006,0.244691358,0.1695724926,0.06018518519,0.413723989,0.8215922961,30.81745447,-2.258914913,0.6851133032,1.670219486,-0.8773181591,0.0248056413,2019.978647,3.13,0.0278,430.36367856695335,33.86460565566455,51.82070519825792,-32.85544242132426,0.15605884593585717,0.31804687337122695,-3.226989967567688,2197.837948814087,-592.6065333811391,-3397.952488889797,0.9361924488941726,-147.27651129264473,-12.191847428630657,11.320314121430371,-601.1346596386526,783.1043309955171,-0.45806084124606705,3.1055807171971095,3.1396718759474944,5.446258589088896,6.207170008276009,2.150643897809509,-6.95677268000289,-22.17644216717263,-0.30980474780405154,8.250397867799325,-27.701817432270335,4.286030277440275,-0.5546473646038785,-4.6801848964069475,18.750180188651463,12.972508547949392,15.569120297638511,-4.763385139569866,-18.67714837403658,4.743223551992,-0.775546874687729,-0.8091421373971428,11.171238931637179,2.9060564221272793,21.86075943948307,36.86479067356715,0.9669144609084624,2.2849534031231147,-3.5768817107702455,44.389577085360415,-72.6919085217058,-27.816763529597544,-10.703568206267612,-3.9440725622492554,17.087074387706185,864.3587633646232,33.26464466864263,2946.7843694138437,-371.9026394169483,54.434465661384024,62.02430526693489,-417.33220154429387,42.238556850908004,66.05706778541506,665.4468346487466,19.011535480573794,-13.639429523312756,-13.844113382645615,35.99620188185337
2.454495545,4.663924,3.534883721,2.987282463,2.751234568,1.572100334,149.0006855,158.6675721,161.6284164,158.2350917,8.611111111,0.01479265198,-0.5556343882,-0.05568945018,-0.2438528819,0.01577963661,1.592075764,1.169541849,0.8327501364,0.4343454046,1.027114274,1.119198639,1.171511541,1.003496503,1.137296037,1.09849187,0.8206497871,0.6962174625,0.9596776948,0.9130529061,0.9653972834,1.133018844,0.9849990058,1.051136422,-0.3825225255,0.9938439006,3.175928456,1.443264862,0.1807553419,0.1064571694,0.06631517472,0.0,1.955712929,0.0,0.0,0.0,1.677482734,0.0,3.399178477,0.0,0.0,0.0,0.0,0.0,0.9414219577,1.910287541,0.3515625,0.6666666667,0.1914346581,0.03473818646,0.619047619,30.28397282,15.29317186,0.0,29.47885337,43.32193961,16.94476576,11.21062871,0.0,0.0,10.63357721,26.23034702,13.08951281,16.95130748,11.37477255,0.0,0.0,1.955712929,0.0,9.660261767,22.17639206,92.95,1.506944444,1.457222222,0.4734240363,0.2683216805,0.145,0.06938271605,0.06060606061,0.4472010767,0.9163640462,27.57541916,-1.713186154,0.7413727931,1.551736772,-0.8712396661,0.1824276549,1679.139117,3.31,0.0163,420.0673340602074,29.00115216127294,44.64951545866801,-34.06967006948971,0.10341263042641463,0.29482440479222277,-2.988904260775487,1904.8162396792695,-488.06956778252965,-2984.18885604452,0.8427133982881193,-112.68444092829642,-9.214853212059,8.822015403865048,-433.9394689073331,675.1765747215194,-0.27641927774352737,2.752680680058819,3.0516914788591194,5.6779628780285725,5.668842797978403,2.5799644751701347,-5.7163576149698745,-17.64110520639679,-0.8138747891198768,6.404814899043961,-22.87390425461581,3.4802924526645755,-0.46062705578427465,-4.0981972887482305,15.561612368182823,11.433709866120655,13.433801921023301,-4.562508519005785,-16.202688890982937,4.531405529076714,-1.2152145953908928,-1.8821773519594052,10.591960794202935,3.042927365634226,18.981221673177274,32.50877914053149,0.81562574041824,1.7993593256746347,-2.964233963364575,34.19524695696151,-60.42019991459567,-26.01760132148776,-8.07107806276577,-2.2138861845212072,13.744727538601053,746.9940391677546,133.0481146464565,2318.5155071250097,-231.16274959882006,52.98448473550757,44.18069322233476,-309.4395083501391,37.113686194662655,54.56272660023371,587.7326485598496,16.87583801012832,-10.148245347235601,-10.595979707620812,29.59240986122858
2.43507894,4.433063446,2.781512605,2.471326165,2.33726647,1.418810661,146.4559789,157.6228139,159.4651286,157.3579815,8.529336735,0.01201062524,-0.2236314743,0.03610640825,-0.03515923049,0.05819926676,1.210290755,0.9080071792,0.6614610987,0.6083737713,0.9900045622,0.9199559701,1.004813423,1.170740978,0.9377062591,1.083407478,0.7975387475,1.134570668,0.9309027758,0.9814998703,0.9846681831,1.121158197,1.000347829,1.036997724,-0.4172111911,1.734391238,3.510026147,1.236775191,0.1772374113,0.08800123374,0.0761440227,0.0,0.0,0.0,0.0,0.5509583343,0.0,0.0,3.634589033,0.0,0.0,5.429018523,0.0,0.0,1.276545595,1.78197412,0.2696629213,0.6451612903,0.227747887,0.02965135223,0.5535714286,28.60244194,0.0,5.098681808,30.33183534,48.2340145,55.51779486,5.693927995,4.736862954,33.77213846,5.316788604,39.42092542,0.0,18.40509474,0.0,0.0,5.429018523,2.592781115,0.0,22.98078527,29.16999877,75.72,0.9305555556,1.086666667,0.3386394558,0.2585191484,0.102183642,0.07774920926,0.06146572104,0.2837506822,0.9284186659,29.06824253,-2.531372564,1.201810221,0.7894882114,-0.7637691812,0.3148539809,1273.745165,5.03,0.0191,404.1298984241115,22.703451655114026,36.36748293469419,-40.55164825764222,0.028451431058705734,0.29231020506550714,-2.4919310476691727,1522.385515376937,-362.7430787221211,-2518.7737119529706,0.7853279945385852,-77.44662029528229,-6.475392880749066,5.145079933480975,-229.24024019143073,519.3158278518728,-0.040759654218761536,2.400995408283645,2.590767551134329,5.287207952687064,5.087957203305206,4.45639247121964,-4.182903435341214,-12.86185320157224,-1.6428548710171633,3.926620387630385,-17.87461006500093,2.1686652735545664,-0.033293862991831125,-3.835239221069701,11.934890710431832,9.297056423179281,10.44246814034117,-4.255855147607843,-13.360408033730383,4.483898044949182,-2.2954223710139914,-2.858813788477389,9.86313378488633,3.028352957719288,15.198575441773228,26.452486883198947,0.6414247091279239,1.0825976034637432,-2.564779821126163,19.814469860587913,-35.98318345003972,-23.225213657189016,-5.197365918020721,-0.142608692556073,8.828976351444677,609.5509336230294,263.79705023171886,1859.3343877715092,-93.1169700564756,2.6710796076384864,22.654781143020095,-247.77316239579469,31.772827536344053,39.03336946977109,500.47022035249825,13.829866777526906,-22.63667245033999,-9.92494562130996,21.097155072138953
2.477235024,4.61230613,3.20610687,3.117571059,3.248939779,1.565603297,146.7772957,156.2733449,157.2501031,159.6890316,10.90797168,0.01687549611,-0.5090962305,-0.06015278534,-0.09801888094,0.2713092,1.522946379,1.311035028,0.7854033777,0.4790221306,1.142955282,1.063414671,1.071432878,1.036994924,1.137923819,1.073922795,0.6548028852,0.5143347856,1.30741746,0.906053036,0.9934663919,1.004464964,1.054183969,0.978958462,-0.4251734852,0.9727277853,7.009364939,1.420015207,0.1334087953,0.09059614572,0.09578587773,0.0,1.926101691,0.0,0.0,0.0,1.906869097,0.0,2.795801157,0.0,0.0,0.0,0.0,0.0,0.9487256107,1.541627734,0.3561368209,0.6428571429,0.1835517749,0.04045112782,0.5263157895,31.46175199,0.0,5.098681808,24.26546827,61.01812524,40.28812861,12.2386844,9.589074368,22.51475897,11.05045608,31.56280124,6.9237372,16.05191667,5.687386275,5.907179729,1.592648652,1.907006044,0.0,18.01528817,33.12233403,115.79,2.409722222,2.065,0.8637641723,0.4817491812,0.288757716,0.2342658912,0.06060606061,0.3943271295,0.8158275027,33.86199567,-2.934933695,1.12257414,2.40960527,-1.017029883,0.1759294364,2953.124154,3.65,0.00858,446.77312794059935,47.945275186532655,70.49034108248814,-22.331631385738923,0.2781095699221882,0.21060706168249016,-3.967370370258725,2996.6772257045595,-895.4741946876892,-4624.323263068715,1.159661677200141,-237.27006726295065,-17.33383674277942,18.717642039208876,-1096.1850700159694,1048.1307390555069,-0.9303310660521941,3.7623251753025775,3.723007477866275,5.544511647273859,7.525178472250984,-1.1956748187580462,-9.858635365281275,-33.59605173149295,-0.011141330544639061,13.626763680674443,-41.53694738899244,6.9478821063859275,-0.7712429826892224,-5.075670240824243,27.322176013975866,17.669699658322138,21.66219211754753,-5.617517833059287,-26.425573468495777,5.956636378612187,1.2078808301029538,1.8153142040552084,11.950613532503269,2.801675971692832,31.010503021162968,49.8202434674707,1.3756320069664478,3.9754258487715126,-4.576625624197951,67.82894668151053,-115.82261195464068,-31.7313173322602,-18.897544846295155,-8.696298115169936,25.226474316496454,1188.683433492897,-206.54485601423306,4682.393458355559,-733.5787451161119,98.34164570725076,110.24298204347708,-601.9941907852261,54.89877151170813,94.83674766677319,869.1177280286465,25.58327377669658,6.815248733352261,-22.01876456054289,54.12204043386506
2.526167361,4.397522933,3.166666667,4.099206349,4.787581699,1.56606309,147.0552359,156.1162666,159.8900913,157.7949515,9.21642562,0.01918353599,-0.5382208402,0.02118119272,-0.0705645086,-0.106447234,1.503303193,0.7927043781,0.8650146982,0.4321890093,1.002205507,0.9757837255,1.099009448,1.1586683,1.022047645,1.241430321,0.57249479,0.5472337755,0.8864393994,0.9512244273,0.995102988,1.118790388,1.018437639,1.087346231,-0.4024516161,0.9726939016,8.002963604,1.391839671,0.1563421876,0.1194570841,0.131346577,0.0,0.0,0.0,0.0,0.0,0.0,0.0,0.0,0.0,0.0,0.0,0.0,0.0,0.5224622071,1.261680558,0.4018426648,0.6206896552,0.1800091533,0.05354064039,0.5227272727,37.8919591,13.46263303,0.0,18.19910121,54.59730362,16.69035448,11.63444168,13.57536728,28.07166874,11.29293437,15.68766447,11.63444168,10.35798868,8.780830095,23.10088831,29.10415771,0.0,0.0,13.93683421,29.73222312,80.88,2.416666667,2.171666667,0.7207256236,0.4142258755,0.290625,0.1693704724,0.08695652174,0.5126154602,0.7036344695,22.12226512,-2.470892918,1.321272835,2.340539136,-0.6706991907,0.3737046662,1892.159548,4.69,0.00395,414.29768934102947,31.690395420563885,50.492548788774066,-36.67027338348152,0.126974439054035,0.33575977663525974,-2.965013823903192,2019.5467270257323,-551.2220372520283,-3296.1803742386796,0.9347261412093029,-138.25915621232426,-11.298401053423127,10.414907226626399,-619.7032998584045,734.2666604492664,-0.3713735876489745,2.970549588644363,3.057278440311369,4.945727151250025,5.819147224860902,2.4358624797565724,-6.368384582714258,-20.870745389018413,-0.8515195722244411,7.780487066886494,-26.429360298519082,3.9519482529601033,-0.3877438151490733,-4.616061145927268,17.663255985635825,11.954234577879546,14.345256362320482,-4.566927067162519,-18.32129534432774,4.739408914872398,-1.0823826212782441,-1.2065151605091664,10.99804792546367,3.076302045386627,20.386336259723752,34.29138781277492,0.907043609659686,1.880210564541279,-3.8763822161764665,39.25739497219634,-61.99214369232361,-27.743436980169847,-10.0793621441265,-3.261250736592249,15.109619558565493,830.9153406343813,60.89570199717688,2897.3245988575954,-365.10473310448407,36.63719624213522,55.616686513426416,-396.71535651608605,40.31316449021272,59.69425163951912,629.7648594262403,17.9768986555584,-14.006381226030992,-13.722528321396679,33.096864081912706
2.479015615,4.520309251,3.228070175,3.061786085,3.004232804,1.561725695,148.7469203,158.6221921,160.3684602,161.4527591,9.635985006,0.01658578801,-0.495539082,0.06506152509,-0.1238011834,-0.05333533525,1.559307493,1.246059029,1.180484186,0.4684221064,1.098758185,0.9744181786,1.048442403,1.05459854,1.115912409,0.9546626646,0.5885213199,0.5356734283,0.6020068527,0.8896698369,0.9887946687,0.9498920392,1.031230026,0.9861952867,-0.3981345822,0.9113366495,6.027276518,1.434200358,0.1563954914,0.09147457634,0.06365387513,0.0,1.963946474,0.0,7.32505027,0.0,0.0,0.0,3.323188513,1.724976493,0.0,0.0,0.0,0.0,0.9284924072,1.775765878,0.3333333333,0.6774193548,0.203983539,0.03049853372,0.5714285714,28.73149398,14.98529578,10.68768295,18.20875424,43.33159265,23.15437369,12.16293986,0.0,17.4570773,10.74258,26.29938345,24.42062568,22.77571198,5.687386275,0.0,0.0,2.435441813,0.0,13.69396257,25.50000892,107.09,1.729166667,1.837777778,0.614829932,0.2711404006,0.269382716,0.1695724926,0.0589569161,0.4194584508,0.8933650661,28.68296497,-2.382859743,0.4649123217,1.606909608,-0.898061449,0.1284790138,2257.968094,2.75,0.0458,428.36489577774125,37.32085780142629,56.47848709258142,-33.09512618765634,0.16882989699015682,0.23516072378207575,-3.2501983664069627,2393.582250437463,-669.7769393843643,-3746.4991192281177,0.9782422585305812,-169.57181354307124,-12.795403042158945,13.542076540498469,-713.6935743961391,812.9765930263333,-0.5674577209957062,3.1776086492205207,3.3158592957244646,5.630975410346731,6.492702630209708,1.0518449223730277,-7.406370327553724,-25.051892518264754,-0.6705639774963967,9.855855068289378,-31.593425542293577,4.847920377219836,-0.32767411563575877,-5.039266325202303,20.712278424824024,14.484875895076932,17.33521075500148,-5.5636559336917255,-21.32674399667789,4.926316996596953,-0.3337644875083352,0.020175963376125372,11.59115436256911,2.949888966559258,24.644249012408498,39.799468620974245,1.0725663810122161,2.8853255537314344,-3.8120613182235044,48.388485547994534,-82.23987666694997,-29.47041038169683,-13.032698644542524,-4.637117817593222,18.38349564063069,954.2154895646532,-14.560642539321435,3534.470279228452,-460.2343300546997,70.57782778137882,71.14296806454438,-470.1584892799819,45.699230431629324,72.77993737781584,708.6576244798154,20.748382092712706,-1.6634889690939834,-15.667205560853871,40.93818524059928
2.448491686,4.405793053,3.304347826,3.110493827,2.96572104,1.554951268,146.7828605,157.0274102,159.7894011,158.8396163,9.4375,0.0183113238,-0.6886891547,0.01221994373,-0.2084747563,0.08998275038,1.728008655,1.39037468,0.5943738913,0.4638752347,1.055033308,1.104423401,1.221569546,0.9933130699,1.120802005,1.037460317,0.7706019744,0.4711806183,0.8119925012,0.9273998351,0.9634075471,1.055747958,0.9931394082,1.031884843,-0.382523696,0.9729407151,7.008275484,1.443439163,0.1639863163,0.1113608429,0.06732312994,0.0,1.929599353,0.0,0.0,0.0,0.0,0.0,3.280289588,0.0,0.0,0.0,0.0,0.0,0.8962288651,1.674298556,0.3506493506,0.6481481481,0.1891693369,0.05024691358,0.5227272727,33.30462681,15.29317186,0.0,30.33183534,43.32193961,22.50821725,5.693927995,4.794537184,0.0,16.36724469,16.72677804,13.08951281,27.30929616,11.37477255,5.907179729,0.0,1.929599353,0.0,11.55225364,23.74935427,94.47,1.625,1.551111111,0.4897959184,0.3167044596,0.21375,0.1073359861,0.06349206349,0.4307951874,0.8177064689,23.25999028,-2.39849182,1.033768096,1.820107089,-0.6954946078,0.1390341397,1925.335307,3.11,0.0346,420.5349238887958,32.756163176651256,49.560472238647556,-28.7403953710159,0.15372857236166426,0.2898922445166644,-3.015775549917893,2113.5840370694127,-574.9579906670285,-3324.4026726126817,0.8975724727410288,-136.7944592591385,-10.775167817186317,11.063231971528753,-585.4879582417232,757.0082311055737,-0.42080195749525906,2.958852533953784,3.1420602013329724,5.536822680656214,6.012977819268613,1.9637727208516056,-6.683651857975578,-20.885906209384782,-0.5047061134837734,7.945726715043257,-26.339111648750976,4.296332887016517,-0.648713872735821,-4.138260531696832,17.98285400578143,12.619104612377658,15.07642298930934,-4.685054893373078,-18.01543252898843,4.677820167091785,-0.6068625449779119,-0.9817168553781777,11.098999286207079,3.1379201876873073,21.038527682073937,35.484850182332316,0.9191092219016472,1.970094155290513,-3.263683658973112,42.61345437957942,-71.20606486241698,-27.523391201523246,-10.19134856916639,-3.6525612968030496,16.344876111174422,829.1236466727831,51.43848884141547,2772.997403427612,-346.10353411864116,66.33271972253574,57.71379728194311,-372.5686812684828,40.424074294019746,62.71470653611926,647.4123053061297,18.645591607201826,-5.390394369419355,-12.263504449985017,34.43382681765256
2.478998053,4.531737251,3.203389831,2.929468599,2.780676329,1.535474468,148.4111189,158.4354811,158.964531,162.4239802,12.16518334,0.01657518974,-0.4936054756,-0.0003907530257,0.07475815426,-0.09806834029,1.538074031,1.100347907,1.331266048,0.4514178773,1.191512998,0.8821874776,0.9570136729,1.106635593,1.001215896,0.9949971633,0.6384461648,0.6214577378,0.8178396993,0.8711516523,0.9805301307,0.9628748483,1.094602555,1.098140967,-0.3856738808,0.972936617,7.008272924,1.434202054,0.1492944777,0.08731292733,0.097674566,0.0,3.526300545,0.0,7.338341657,0.0,0.0,0.0,3.35442623,1.728139531,0.0,0.0,0.0,0.0,0.9305688991,1.813159573,0.3568281938,0.671875,0.2116649676,0.03008578431,0.5283018868,29.40027431,14.98529578,5.425791397,12.14238718,56.32169692,28.71782518,12.16293986,4.794537184,11.38785599,10.74258,32.0826284,13.08951281,34.49398636,5.687386275,0.0,0.0,4.016184962,0.0,11.91630315,25.92287692,100.37,1.729166667,1.877777778,0.6131972789,0.3084057697,0.211882716,0.2426303438,0.0697167756,0.3985558473,0.8326561654,29.69834794,-2.443004639,0.7090997638,1.451655257,-0.677695273,0.04999317448,2001.157863,3.16,0.0476,429.85102558727476,33.50296920016696,51.14323187290799,-33.699555995718434,0.13996838702667191,0.24488053542725996,-3.3429299444472838,2190.543859810471,-583.265825783136,-3365.9019628973138,0.9302503016461668,-144.0932341209452,-11.039565983421799,11.462894149720867,-548.05904786314,752.0965855203843,-0.43553556087429524,3.015698367973529,3.1672859570132763,5.704535473675204,6.214723050200433,1.9651353052001623,-6.792472771337251,-21.704063605122276,-0.5653930836132728,8.045925233547502,-27.631196071736074,4.0724683106499615,-0.4319197741653018,-4.6822220477022025,18.47382965664897,12.950804261465382,15.45130494015053,-4.854756998314732,-18.706080476209788,4.828996424368544,-0.8176645257725783,-0.934923223944804,10.989613278148557,2.7721718936958677,22.063517884705668,36.95270119036679,0.9554674102848928,2.474383500080724,-3.4601685913494187,39.95812124275989,-73.99660482518473,-28.058683428937158,-10.606092522736924,-3.5753066695308786,16.353661870415575,871.9637742574683,45.9436373266592,3024.320452744154,-344.330621470706,57.65242192950382,59.49006975564871,-385.5284169384818,41.49341587255072,63.4234987892153,663.1326248693002,19.087859695598546,-3.3908896280486065,-13.611756083370858,36.059608319305354
2.434221777,4.302585104,2.864864865,2.764416315,2.506535948,1.632400559,144.7338718,152.0935618,154.9555973,156.9925002,8.9375,0.00982348585,-0.2014024596,-0.0594482385,-0.03291841164,-0.04974528522,1.152520201,1.183826432,0.9852218196,0.5284009055,1.023756848,1.077713356,1.099473507,1.209302326,1.032076985,1.102148955,0.817705502,0.9310861563,0.9212002598,0.8855946229,1.019133467,1.071782534,1.068057633,1.071131178,-0.3791399872,0.9938435771,3.05938522,1.427564094,0.1905726806,0.1268635801,0.0761440227,0.0,2.081588338,0.0,0.0,0.0,0.0,0.0,0.0,0.0,0.0,0.0,0.0,0.0,1.238127228,1.77586677,0.3017241379,0.625,0.1812432276,0.01866666667,0.575,25.42195028,0.0,5.098681808,35.89528683,36.75265697,29.7174337,5.693927995,0.0,33.77213846,0.0,20.16532066,6.9237372,5.563451492,0.0,0.0,0.0,2.081588338,0.0,14.27102878,23.22645939,54.46,0.9930555556,0.8955555556,0.3386394558,0.1645408163,0.06655864198,0.06938271605,0.07207207207,0.3356690219,0.9507680819,20.96427823,-1.603229347,0.8278426959,1.030314911,-0.7890838358,0.2482111621,1044.826974,4.99,0.0111,386.32717795747095,19.331142632807005,31.902089792509027,-40.03348552585354,0.019222353781156942,0.37242387059456544,-1.8906532390742814,1287.2776875454522,-305.0364072750316,-2297.659625885646,0.7403602789929352,-57.7973180206805,-5.797564609215058,3.092022281490332,-218.24179202887333,457.7133485815326,0.0616805038004373,2.2238112632213425,2.4293004704452303,4.782400944098589,4.609266379584912,5.197056310346056,-3.2922059942960606,-10.445479032051505,-1.6838127453416643,2.9457570051631183,-14.559431830928345,1.7529648374082667,-0.014133360291375352,-3.7887572301079144,9.907318591966256,8.13642026088171,9.13710443406399,-4.219922993993633,-11.449272596582745,4.035276617984843,-2.5012731310503318,-2.992480386928687,9.857941735046118,3.333103916216584,12.701623737460459,22.40472798678294,0.5433782810201359,0.3765552787508626,-2.2269532269719514,18.2084128357305,-20.95697777633186,-21.159419835266995,-3.5191446128307167,0.6524917547859963,6.947890403903048,501.92171749500005,315.90129617264665,1401.9109518978862,-46.482105745835035,-7.731218358620637,12.999008993181551,-249.16961424203916,28.89751987201539,34.44688600752452,436.0060296835636,11.980587895181788,-34.8369886792203,-7.920621430251429,16.245237990003442
2.483385735,4.381949493,3.115789474,2.776963777,2.776200274,1.582570391,148.3741409,160.7090778,159.1461288,158.2008077,11.41333333,0.02035407186,-0.7074561017,0.02893586232,-0.06162395292,-0.009395022267,1.783743901,1.114816383,1.204406801,0.4968854057,1.145284689,1.041370208,1.048992843,0.9832704609,1.059220029,1.0554371,0.6716522656,0.5775499011,0.9392598975,0.8322464571,0.8299626601,1.007194907,1.004347382,1.040872905,-0.3627713797,0.9779111491,7.008272101,0.6094207619,0.1416001273,0.1310883217,0.1110709264,0.0,3.843557955,0.0,0.0,0.0,2.095743605,0.0,5.518793927,0.0,0.0,0.0,0.0,0.0,1.019780355,1.841460703,0.3358208955,0.6759259259,0.2366155219,0.0537037037,0.4222222222,29.57900511,19.74647275,0.0,6.066367068,25.98020854,23.18219866,16.52595619,4.794537184,21.95893118,10.63357721,32.511785,6.9237372,18.44206969,4.794537184,0.0,1.116081392,4.732184994,0.0,3.993947608,16.13367148,95.59,1.576388889,1.518333333,0.6370068027,0.2849899219,0.2253240741,0.1356004489,0.06878306878,0.3580224805,0.8496252722,31.25532238,-2.126563852,0.5908858528,0.9767815001,-0.7785493484,0.7630434267,3326.568683,5.32,0.0364,459.47406214048,53.01477769973548,77.50032392098899,-12.923560888597713,0.35073100390510936,0.2642853714828185,-4.044649749416681,3344.5155999482804,-1014.1950345859547,-5069.227034014366,1.2523840899585443,-274.69433120145897,-20.36270121271699,21.38221700032489,-1272.809877258242,1179.502938180997,-1.1385276427813324,4.125277272368893,3.88375978611731,5.528573108960179,8.264927356128894,-1.579893278711749,-11.16044509319611,-38.21330929353451,1.2144911794792788,15.450493344678843,-46.36370739522712,8.043540376179502,-1.2090860776440362,-5.2720385134939765,30.918318733803822,19.01177107989399,23.724237266204735,-5.621188505238715,-27.998410984697955,6.2558733640896405,2.0174993869576725,2.693006153134583,12.282222665167033,2.6476604416071563,33.70710088392847,54.47161513068485,1.5320393013829419,4.440765009101709,-4.887442935559532,80.05085999834502,-129.93045170117057,-32.439937242428066,-21.432886783561543,-10.668654058693042,29.56285930395697,1299.5604081303297,-297.23509152086416,5073.054632667946,-885.9917949752843,96.10371214320054,131.64372166342199,-715.8244333440308,60.68375946576885,107.86250874545391,956.6250746425738,27.92576391172846,-5.181355531134471,-24.96381691771024,60.56655136728134
2.487662127,4.554944589,2.838095238,2.863378685,2.588675214,1.535265296,147.2083149,157.2244553,161.031466,156.649848,15.42814815,0.01201245139,-0.500327496,-0.04376999645,-0.04432560192,0.006228296859,1.536793117,0.7460837856,0.9789026533,0.3719429348,1.058942178,1.144666069,1.090561224,1.062498042,1.12476761,1.159124744,0.594615602,0.5763928145,0.5912523916,0.7696677933,0.9269787602,1.216780727,0.8948949251,1.004060138,-0.4341326181,0.9777029695,7.008279858,1.40247849,0.1704198807,0.1470271397,0.1070226459,0.0,5.732683219,0.0,0.0,0.0,1.280380317,0.0,0.0,0.0,0.0,0.0,0.0,0.0,0.9745298459,1.542108982,0.3891891892,0.6634615385,0.2056940438,0.0,0.4666666667,25.68128393,14.64975998,5.098681808,19.05647134,43.67639416,18.30505147,0.0,0.0,17.07524226,5.559266895,24.31554143,6.9237372,18.31159319,0.0,0.0,3.330197625,4.02677794,1.705905279,8.18354319,20.33160863,65.6,1.909722222,1.985,0.6106122449,0.327042391,0.186875,0.0908070605,0.07936507937,0.3201887149,0.8761440714,25.10723136,-2.200998968,0.94013484,1.109159543,-0.6358740227,0.2928703593,1687.049985,3.32,0.018,415.24939359932785,28.909501935329313,43.97469273278057,-29.24273414375495,0.1212376860824334,0.32574036237003584,-2.6304074789411347,1924.3979858919915,-503.56216551902804,-3075.2604914814733,0.8672215325703416,-116.55787097351302,-9.730410171296123,8.496226648594071,-435.34595621965656,673.6999877366876,-0.28887299572275066,2.8262822105742886,2.6882973289064807,5.45264642449653,5.80909528017701,3.5990264842603947,-5.824833637792776,-18.13948375776574,-0.5352937661504356,6.349521040849236,-23.13742729914848,3.5420422243201526,-0.5915529643210344,-3.8538969923986404,16.002471323236588,11.209767294675228,13.146218835936304,-4.341673050978612,-15.713333844605186,4.4681397654195445,-1.216936645651194,-1.5281061493591088,10.88043075674157,3.121708013966207,18.470320771684232,32.052594406360086,0.8134038933668065,1.4695634721914936,-2.944847872590578,35.15578617828956,-54.39593371085958,-25.40367408001184,-8.172111485067008,-2.3609566854151183,13.82619622907137,739.7492546433773,130.41656553177376,2307.2912715365487,-260.81475972512004,27.129672453430217,45.46578224549334,-355.9137968915079,38.01386890340142,54.81940758532448,601.0356513487308,16.80777043175535,-24.10336691673324,-11.607116681657095,29.1575390028047
2.477249331,4.42074812,3.053191489,3.475948788,3.592195099,1.650185493,150.5810552,159.2360913,162.7832731,159.0578367,10.34693878,0.02049448396,-0.5899218285,0.01252907091,-0.07649882611,-0.02264704753,1.610005546,1.059277942,0.7829806569,0.4303127419,1.020850531,1.047792325,1.014097771,1.137114244,1.076060553,1.079849498,0.6290712462,0.5284335078,1.189798627,0.8012152583,0.9837660937,1.097934162,0.9671177489,1.023349555,-0.3862097909,0.9728339493,8.001919692,1.304328272,0.155855868,0.1498252464,0.1309053865,0.0,1.858344811,0.0,0.0,0.0,0.9567746718,0.0,3.236771542,0.0,0.0,0.0,0.0,5.996980608,0.8206377551,1.295759206,0.4080604534,0.6696428571,0.1801163816,0.05587557604,0.5238095238,28.13070029,9.184952232,9.780484743,11.60093989,42.81902403,28.66715822,16.85062228,9.184952232,11.25737949,11.05045608,25.7795563,12.74095804,5.563451492,20.55972478,11.84833535,15.30077749,1.858344811,0.0,5.798023818,20.82169418,98.72,2.1875,2.01,0.7714285714,0.2584876543,0.23125,0.1852892562,0.08395061728,0.4761990146,0.778213646,22.70510792,-2.178243404,0.9414487904,1.474556874,-0.4441463694,0.1800501934,1658.400839,2.84,0.011,421.8211537335799,28.227214207157946,45.77401273867437,-47.42300183622738,0.03921033508918925,0.323947400962612,-3.2244312434882048,1827.1183293234694,-458.22435452663683,-2901.1160977486284,0.8666309993194534,-109.16934707166264,-9.526388751991629,8.195107272073825,-484.32870158409827,655.1278621750088,-0.2040504287980415,2.770149310494788,3.0108531274746224,5.3493381376646285,5.530367955276511,2.6136105438636035,-5.40520414429126,-17.458352561100526,-1.2338162746475623,6.318026525504413,-23.141219259222773,3.182281170869996,-0.16524160026805856,-4.627262914214586,15.271534886238829,10.931279938178797,13.03326867520651,-4.516863863687618,-16.944030660130316,4.495136019320634,-1.6353300084632758,-1.9308218985457297,10.550571986108126,2.8433691259114293,18.750107532479504,32.131724630177764,0.803963366524171,1.8943559281225042,-3.7119655861944008,30.873359921526138,-54.12229392296631,-26.826999396753095,-7.938431953605195,-1.6569629862190918,12.071380093821785,754.4537234013987,130.59012963017855,2473.3977083062946,-220.29210138687085,40.63504053250117,38.861122566277565,-302.78744893633166,36.90954826890295,51.10817799563763,565.3346972091097,16.558689921798432,-6.796732769469984,-11.343856192471574,28.681432907538532
2.60529193,4.131178091,2.378881988,2.58127572,2.275179856,1.535952391,146.1805455,153.8874113,162.1194812,155.6237704,18.3488,0.009933271613,-0.1258405574,-0.07814954924,-0.1570322903,0.05410393277,1.118866741,1.099561403,0.8453185552,0.5022426673,0.9623742186,1.37596026,1.23432646,1.161954593,1.120723946,1.353531336,0.8546108531,1.003925082,1.209291461,0.7645069026,1.150924266,1.060788076,0.9001021984,1.082875581,-0.4346646954,0.9876076995,3.513018849,1.131262631,0.2264495854,0.07007191304,0.3550137732,0.07216878365,8.346258215,0.0,0.0,0.2793745276,0.0,0.09591943027,0.0,0.0,0.0,5.574112707,0.0,0.0,1.23736678,1.831613993,0.3136729223,0.6442307692,0.2417244772,0.0,0.4,25.56683713,0.0,5.098681808,19.91384147,42.16764743,43.22352662,5.693927995,4.736862954,22.51475897,0.0,33.46512129,12.33872767,31.15323644,0.0,0.0,7.725695284,8.1314571,1.76809697,8.380799131,18.73185444,52.83,3.020833333,2.083333333,0.790430839,0.328042328,0.108125,0.01234567901,0.07235142119,0.2358704513,0.9489717934,15.47272456,-2.291020187,1.037822285,0.9869322093,-0.4576603823,0.01544366636,1673.391748,4.09,0.0449,417.53813759798516,28.000957442327753,43.10537427689788,-24.158412817114915,0.1440106327653164,0.36336426571515457,-2.5865093914828368,1934.055966184406,-498.8109788018686,-3070.609465906381,0.8838393150195187,-117.97106885311634,-9.93391969541263,8.427029602503811,-417.701761515837,687.759756465734,-0.29815738971097183,2.8784391408236973,2.592887820518624,5.373947764846335,5.951845702166777,4.132120963117167,-5.8436865019732975,-18.37828030536479,-0.15375873609618806,6.400526385609355,-22.570708477114106,3.3538809679866706,-0.7219539074233206,-3.9060293129238737,15.74904872453584,10.93385038213388,12.97605025320566,-4.154350632115591,-14.857870337581293,4.391759400236518,-1.204250252996691,-1.3644127454189925,10.941102437250072,3.0931581167524773,17.959115418688075,31.760728860681347,0.8080477974108933,1.222339814312994,-2.8456085870665033,36.984303108220615,-54.306741677307826,-25.086016878902107,-7.809594119242984,-2.6856372900469863,14.363506686863028,727.6179029638993,120.06547910911644,2227.3554799133803,-268.61278951676155,17.69379815000345,47.45142466498573,-374.78832543682773,37.55155726801366,55.356835669961214,596.4606320969992,16.599171439742264,-32.381554689676534,-11.906890639952902,29.083059258477654
2.484396887,4.354634933,3.291666667,3.131828175,3.228478478,1.610144477,147.8922439,158.2778486,156.1961872,158.2690638,9.659279778,0.03042762734,-0.6215974158,-0.08695288635,-0.009644824468,0.03341548331,1.628381369,1.14545722,0.9105523115,0.4512195122,1.206258191,0.998853211,1.013366488,1.024996994,1.031114719,1.302778272,0.6817315487,0.620159955,1.359952944,0.7526349913,0.9407579735,1.142562113,1.184972027,1.007860465,-0.4868733236,0.972895829,7.008271847,0.6101379255,0.1841317597,0.09369091237,0.07931626887,0.0,3.372633227,0.0,0.0,0.0,0.0,0.0,2.679537509,0.0,0.0,10.79239261,0.0,0.0,0.9265868292,1.854625535,0.3935860058,0.6979166667,0.2132537485,0.04412393162,0.5,29.46491726,9.967957042,0.0,0.0,25.12283841,23.56117946,10.70155169,14.26826309,33.45795484,14.79051451,27.6520576,6.9237372,12.61766519,5.948339281,0.0,10.79239261,3.592312771,0.0,2.697679302,12.79544806,89.13,1.701388889,1.358333333,0.6891609977,0.3038942429,0.142183642,0.06,0.06267806268,0.3642152454,0.722077814,25.04764827,-1.835403696,0.07062541505,1.363028953,-0.5059322589,0.2056206074,2383.790371,4.12,0.0931,433.7441088452215,38.62768939971273,58.966298532314646,-30.35487832786962,0.18953479718621297,0.28450294063925347,-3.4943355385587394,2488.002958564585,-691.8316215008001,-3830.322413783832,1.0509508569845778,-184.95563780916598,-14.502377769464635,13.705823400932085,-796.7111995523238,856.7972904836876,-0.6267559877855062,3.3672151280900997,3.1504861254657164,5.358816957218439,6.780189114840502,1.2921100156627918,-8.146906989696076,-26.800336643728276,-0.2620163001147682,10.188425392272391,-33.372426208379736,5.238254402726065,-0.4644179006327105,-4.682762284696179,22.31467983813505,14.337951209423732,17.530225488995804,-4.788242006239255,-21.52812610132852,5.135928049750131,-0.16255380144718612,0.09612273159273244,11.428052902867478,2.6128004917926235,24.87705431864755,41.40177745348648,1.1198494563948869,2.986610404311313,-4.360272769152659,49.48522388640505,-85.402789217796,-29.352274499141366,-13.594600084661078,-5.697953646177863,19.712168483618303,1005.989698805325,-60.51609601867285,3741.904537926527,-527.5734239482988,48.75940865380142,80.75213506943012,-500.053618880585,47.34985686040212,74.71386139100885,745.7309547253359,21.330212199030555,-9.30766610361217,-18.28478384326399,42.292881248797954
2.48920546,4.575636554,3.47826087,2.78048273,2.655541989,1.593223731,145.2026966,158.3674785,157.7943482,157.077098,9.644628099,0.01627690021,-0.5366661405,0.1200917635,-0.1241442495,0.003204608538,1.56209165,1.284871296,1.13439464,0.4844480242,1.167795638,0.9838613448,1.23931391,1.077272139,0.9451114337,1.111842415,0.5884343192,0.6134193222,0.8875628245,0.8279714401,0.9375947135,1.029546988,0.9887672506,1.09598137,-0.4072018893,0.9779967343,7.008270585,0.6094207524,0.164101733,0.1074472077,0.1433457877,0.0,1.985627143,0.0,0.0,0.0,2.136514148,0.0,0.0,1.866943815,0.0,0.0,0.0,0.0,1.056575491,1.858051021,0.362962963,0.6851851852,0.2458499105,0.01865079365,0.5681818182,29.5455462,14.95193556,0.0,6.066367068,25.47729296,29.60302029,16.52595619,4.794537184,21.95893118,0.0,37.28775995,6.9237372,24.35997574,0.0,0.0,1.138555577,3.297508738,0.0,7.2233847,19.52943246,74.77,1.895833333,1.393333333,0.7447165533,0.2741874528,0.236875,0.1100948883,0.06913580247,0.3585127357,0.8471887571,31.41145584,-2.471463757,0.6231577715,0.8096881262,-0.7330975232,0.4771454423,2961.465776,6.06,0.0222,449.66638608737514,47.65371395307361,69.80863248293005,-14.081450699783126,0.3271828245439842,0.30500182547054105,-3.773970050641587,3030.562578055127,-900.7704974232546,-4581.880464947611,1.1718495106811315,-241.54746379069178,-18.453185905757767,18.468514992159243,-1071.2275366965205,1086.099076184263,-0.9738361093541041,3.8852201723888493,3.5757695834359673,5.329183576940476,7.739633440396996,-0.25541689853826055,-10.189144175935375,-33.915249164500075,1.217147309582624,13.336736871775376,-40.83024810109235,6.97009572309979,-1.2002075703071835,-4.951742804504855,27.603253157056567,17.16475101638682,21.317954554402895,-5.070599047225748,-24.637432040008182,5.921821079186617,1.333419814952285,1.722509979369988,11.727069628798718,2.676186406129196,29.985489880404288,49.419438135097934,1.3763609522666647,3.6749646089298773,-4.434312547982969,71.70457271484247,-114.91309420511074,-30.273094722103316,-18.159591612258808,-9.231013369024803,26.7919455188642,1162.6319594097406,-218.7151106194463,4369.724906162608,-748.5919865519766,76.83890473258039,115.22656275149622,-644.6228026357755,55.32519797104134,96.9333767558845,877.5567840760556,25.361126468827443,-14.552702572295004,-22.20558254530335,53.67121577694313
2.479157266,4.547174271,3.541666667,3.299009632,3.148335204,1.662879136,147.8576336,158.9684329,159.1199551,160.0702419,8.349932096,0.01587557915,-0.515865464,-0.0206844649,-0.095686846,0.01568214022,1.533971709,1.273798402,1.152071878,0.4430017085,0.9937535773,1.023776961,1.076729549,1.005928527,1.023584768,1.023757817,0.5360215424,0.6063578918,0.5420996378,0.8361368736,0.9868625979,1.194245316,1.265318805,0.8453855099,-0.3836351623,0.9925253549,8.003004632,0.6049847756,0.1544818724,0.09550592285,0.1265093346,0.0,1.929811714,0.0,7.261649725,0.0,0.0,0.0,3.210466742,1.705257159,0.0,0.0,0.0,0.0,0.919709887,1.120098348,0.3647475072,0.6693548387,0.2166113565,0.01743471582,0.5957446809,31.83179984,23.76612587,5.425791397,29.54554012,42.82867707,24.01174382,12.03246336,8.780830095,11.38785599,10.74258,21.31540493,24.72395449,16.13452668,13.91238858,11.63444168,26.70699331,2.242262636,0.0,10.00646699,24.29047653,67.51,1.791666667,1.988888889,0.6540136054,0.2902730537,0.291882716,0.2356881951,0.07111111111,0.4796542995,0.7732437318,29.41357405,-2.390219741,0.1842119478,1.767919077,-0.8488190828,0.3954188882,2492.989687,4.67,0.00291,436.7615183586918,40.80270696804138,60.75303707346762,-19.701590965151432,0.2722225640226683,0.3818461215117834,-3.3703509735475947,2609.4308733010257,-755.2093017596172,-4024.5385886737813,1.046609018689146,-195.74288057692692,-16.20258494127032,14.943304269859398,-914.7124903233912,970.7194797460968,-0.7409624412423442,3.5458611477975484,3.3542418829635565,5.054519840115888,6.8918814014739205,0.8968043214107544,-8.654918312365755,-28.438185426786305,0.6080978293892683,11.22683275189977,-33.91588680954749,5.831199481217466,-0.9727743880576272,-4.969424852883317,23.17565970630757,15.252859797213816,18.859181279411796,-4.913110602246588,-21.572685908659512,5.177462189816652,0.4799635896029323,0.8221682302545321,11.734023345483225,3.021908689621372,25.70785659439783,42.89887418892784,1.177853359147486,2.659544199799091,-3.9947363198258863,64.3172942649627,-93.79120085537377,-29.03161738426887,-14.594528796102182,-7.147817146915286,22.813934178148838,995.2375305300923,-121.3251351451701,3594.398445824005,-591.8234915298399,75.33841022549699,91.27608276053735,-559.225591309818,48.985601060040885,84.9813016052622,762.6386943636415,22.073519375734804,-19.2830721785775,-17.65738290951998,45.032930005711194
2.479111826,4.547271052,3.351851852,3.068665491,2.912253375,1.682029091,148.0103313,154.5546233,156.7782642,159.9387972,10.85274894,0.01851418345,-0.6293819649,0.01683414424,-0.1512546114,0.02386987861,1.680621967,1.130915773,1.24251725,0.5078511369,1.068842391,1.006367067,1.11199885,1.029862266,1.052547341,0.932869947,0.7437343872,0.5446149243,0.6084250696,0.8393745447,1.006611013,1.07046786,1.269203505,0.97436227,-0.3836369936,0.9729364532,7.00827662,0.6049843589,0.1374180268,0.0932935088,0.1342464278,0.0,1.960212632,0.0,7.408851697,0.0,0.0,0.0,3.366929327,1.741006666,0.0,0.0,0.0,0.0,0.9804506278,1.70349736,0.349137931,0.6640625,0.2179363445,0.04455357143,0.5490196078,30.95894759,14.98529578,5.425791397,35.61190719,42.82867707,29.57519531,12.03246336,4.794537184,11.38785599,16.47624748,27.22258466,13.08951281,26.49251536,5.13155848,5.907179729,0.0,2.470996887,0.0,11.86652881,25.69253031,110.6,1.854166667,1.957777778,0.614829932,0.2711404006,0.2940740741,0.2356881951,0.06535947712,0.4373269884,0.8059943785,28.88620299,-3.064570286,0.5195618329,1.574899316,-0.5935852821,0.3634363175,2367.070908,3.04,0.0221,430.8275601189122,39.434553853563344,58.06517288288212,-25.428607309919038,0.21044888715258842,0.22120730415913264,-3.425231964151793,2502.12386188903,-718.5335845463972,-3911.7572402858586,0.9993382362479276,-179.33101927161567,-13.251288723463652,14.45349642096495,-786.9634737001767,874.0281209797657,-0.6444487651726682,3.2749948081989895,3.3598866117256665,5.62231708183709,6.653193335855076,0.4412350642144296,-8.024515774053347,-26.384113594197412,-0.5225736608050173,10.49609087758404,-32.90378149892431,5.393036283534451,-0.60867231077921,-4.606878215816764,21.910097408130277,15.139569397469742,18.18097388135496,-5.329142688950716,-21.90129068333888,5.23305018212838,0.19033022563921798,0.36752970790391504,11.526538558074092,3.0264015413607335,25.664782962559688,41.84178429362259,1.1193451268689965,2.882374264805701,-3.678214532195505,53.544857486542725,-91.58941806792627,-29.527105144702315,-14.057857732916238,-5.831683556775009,20.123603170284007,984.2646995918658,-56.694696420082245,3650.9236889340978,-506.2511125654272,87.41319211896332,79.78526095262792,-467.79380588615874,46.61384407233814,77.0058376689839,742.4152632471247,21.753620508780855,4.230140136698472,-16.354223650167132,43.36350682833651
2.436061184,4.456399566,2.951219512,2.737156511,3.126984127,1.64674269,145.2953581,151.8391097,154.6759931,158.1828729,10.18550568,0.01857184715,-0.3939284164,-0.1751143872,0.01149262604,0.2095101722,1.350867922,0.7834562113,0.563623861,0.4962137681,0.9889176245,1.082052305,0.8239740143,1.345843778,1.120976273,0.94426136,0.6015213761,0.6912024681,0.9558057576,0.8332714568,0.9790336444,0.9916870747,1.040084717,1.127859064,-0.4964102503,0.9776987655,7.008273079,1.427557749,0.2228211809,0.161504408,0.09003291159,0.0,1.366433321,0.0,0.0,0.0,0.0,0.0,0.0,0.0,0.0,4.734228103,0.0,0.0,0.9781921349,1.728857762,0.3133159269,0.6388888889,0.1786401136,0.0184303351,0.5348837209,28.92408516,4.794537184,5.098681808,18.19910121,41.9616539,29.7174337,5.693927995,9.531400138,33.77213846,0.0,33.24442349,0.0,10.35798868,0.0,0.0,4.734228103,0.0,1.366433321,14.27102878,24.90921771,80.76,1.243055556,0.9755555556,0.4602721088,0.1977985639,0.127808642,0.1078440975,0.08130081301,0.3482836127,0.8656347501,23.94676767,-1.621227195,1.251622831,1.611702222,-0.7628300459,0.2597617454,1630.419703,4.41,0.0234,408.61808418071894,28.110927296257163,44.37730671065201,-39.801577456145374,0.08246740732128821,0.2819068850626527,-2.8367416477056047,1795.3443123813383,-470.9324996411176,-2976.7116864567847,0.8742694002816189,-111.76685332841258,-9.146077512568814,8.073599355615546,-441.4245833261543,634.8217398003094,-0.22847894437509172,2.726945513716019,2.7011641476585284,5.092319424415102,5.451842223109981,3.0945081861103683,-5.527061781785829,-17.47114880222468,-1.422406679553372,6.139154679862582,-23.022094573765653,3.1414319737121144,-0.14744331518954135,-4.2133868037352045,15.29748108604473,10.89502615404064,12.676000316016347,-4.341105594519954,-16.21274787308681,4.688922958708169,-1.6214477977662922,-1.8110490369965269,10.424346201544756,3.045738194127517,18.20180705764133,31.100618982903075,0.794570850951309,1.6007147256617404,-3.3299676236010036,29.496800429711087,-51.01342804828898,-25.740388849514275,-8.081141471842223,-1.8924911020217328,12.076437408374147,741.0188584057422,141.30736114554836,2534.6190662736867,-244.9595742608853,21.633127702507707,41.02326559496871,-320.102052924976,36.629870954563096,49.85894549856431,573.6338279483498,16.361192962212115,-13.072473367711417,-12.118559299579948,28.022766306669862
2.527110816,3.91853569,2.402777778,3.022376543,2.99691358,1.552206776,144.9636743,158.1879876,156.6950562,156.5519789,6.644628099,0.009711306444,-0.1993153167,-0.007993742369,-0.08862645842,0.101809456,1.145191375,1.40885532,0.7416949557,0.4456911329,1.067944522,1.095371669,1.136512389,1.104700855,1.353846154,1.081196581,0.5143580699,0.5900540138,1.256545923,0.9228615531,0.8991333257,1.240771868,0.9099217778,1.053323468,-0.4286211356,0.9938456229,8.001917467,1.399909181,0.2010574043,0.09479894236,0.08579236005,0.0,0.0,0.0,4.120723262,0.0,0.0,0.0,0.0,0.0,0.0,0.0,0.0,0.0,1.043760393,1.472481104,0.3404864092,0.6428571429,0.1926374728,0.0,0.6060606061,24.93841249,4.390415048,5.098681808,24.27512131,35.90493987,11.76029506,11.51114884,4.390415048,22.51475897,0.0,14.76446326,5.817220841,5.693927995,4.390415048,0.0,15.12584969,0.7602793525,0.0,13.26955239,20.42153318,30.71,1.381944444,1.228333333,0.2719274376,0.1128826531,0.03,0.01234567901,0.06535947712,0.4026810465,0.8899428636,18.75483039,-1.482706798,0.8084381557,1.172624647,-0.6473097257,0.04851909911,1498.008473,3.59,0.0295,404.195020966327,26.546022516593386,41.087319412948396,-30.934035229085957,0.11923963561424933,0.4418199148805834,-2.306465007706784,1693.1393531045849,-443.41562152245376,-2769.357842397361,0.83956331847351,-101.09277085103965,-10.423322682019833,6.231911305260791,-442.81849535326296,648.9651376632004,-0.21416385289889073,2.799298329633122,2.4873696863816273,4.607790539354477,5.329808619816092,4.341755254792822,-5.506985558379604,-16.150139361897658,-0.34691373566966566,5.205215682284145,-20.31236639776022,3.280153398781053,-0.6850637565208,-3.4850286668466337,14.650735079968197,10.027520049014154,11.806473433090808,-3.807577891370618,-13.722500318480735,4.290525322391733,-1.5432582432284228,-1.8425264081870583,10.5270604852229,3.1926731351518156,15.764194202456473,28.565666513365407,0.7314144425539181,0.8044261052121334,-2.871232226393479,34.92014688684186,-41.82863448536517,-22.892338957658453,-6.399402488210985,-2.0841515046285934,12.659650944489945,638.867288034633,156.60532704126192,1854.59420969908,-229.4284907483043,5.210230460160527,39.136988918844715,-360.4086771215534,35.63493699594323,50.831776022496676,552.1454500414442,15.094687347148348,-41.777391969833765,-10.488814357689721,24.319321411481184
2.554306595,4.406813672,2.869281046,2.58467433,2.21741453,1.433474874,146.4241065,159.1893311,156.4493509,157.5014126,17.01545779,0.01234252831,-0.1955050874,0.1247399725,-0.07519707529,-0.09084571564,1.224420088,1.365852084,0.9115725506,0.484870405,1.046207596,0.9762481359,1.233624095,1.093321626,1.007167753,1.283324566,0.7785474473,0.9400895316,1.079105625,0.8522637918,0.8555463466,1.205779888,1.038415841,1.012999201,-0.5233079923,0.9876600313,3.510570304,1.343837073,0.2359765214,0.05735317729,0.130682846,0.0,4.253046466,0.0,0.0,0.0,2.045528969,0.0,0.0,2.23941708,0.0,6.063845816,0.0,0.0,1.28152322,1.826878961,0.3235955056,0.6612903226,0.2362642458,0.0,0.4137931034,29.29560314,0.0,5.098681808,12.99010427,68.39572554,42.12680366,18.05032179,4.736862954,28.26427081,4.736862954,51.39241828,0.0,19.03848682,0.0,0.0,8.209225713,5.676780893,2.102744724,19.13980455,29.71520691,56.07,1.756944444,1.627777778,0.5756462585,0.3094057067,0.150632716,0.1231527395,0.06349206349,0.2714895788,0.939944521,28.455692,-2.820570863,1.636598034,1.557575409,-0.4853047394,0.1318343817,3236.977237,4.34,0.00943,463.3865975863612,51.428263734719486,73.99336764717724,-4.0059952656335724,0.3897697986865891,0.35307210871900396,-3.8341483715286815,3312.841203005056,-993.8965160341222,-4981.83691305393,1.231900668594955,-268.12686163534164,-20.392789035341984,20.46876379051769,-1189.4512933379858,1199.8367647243601,-1.1317889595466393,4.184442353538545,3.4403708508404467,5.444176098600431,8.411913875705904,0.01058775518050381,-11.318407724607242,-37.534371367406806,1.9348764285338729,14.831074065397804,-44.362612147036366,7.760167502336696,-1.5370507291216056,-4.982560852740257,30.213586468108048,18.49238442729078,23.170166204627993,-5.028942899019864,-25.655927030694226,6.354872592193369,1.9585148990659513,2.524146749658553,12.246490660375816,2.7771027497725798,32.12174058111584,53.12506047323688,1.4939084036332404,3.795338986204002,-4.472868572595054,82.34547698094332,-126.3904032461642,-31.079719830989745,-20.271099080590265,-11.004617004574213,30.106856232708374,1240.457058086089,-283.4738621710524,4660.325649476979,-861.8786261596537,76.23222879564123,131.79115066063113,-732.4018922268957,59.64698179822627,107.73288895075183,949.8451610304708,27.291232052347304,-24.03543015904291,-24.894359230491236,58.76624004303036
2.479157266,4.547174271,3.27027027,3.298611111,3.333333333,1.501013828,150.6227588,163.4869966,163.2807935,163.9285168,8.703125,0.01849614676,-0.4767904807,0.0144438206,-0.09194791352,0.0128501239,1.52427183,1.235088845,1.078281709,0.4196428571,1.062552011,0.9104484512,1.015750916,1.042995839,1.05885666,0.955879941,0.5469842751,0.5915239769,0.6036367703,0.8946434032,0.9744133324,0.9749934769,1.006060027,0.8713215711,-0.3832827833,0.9925253549,8.003004737,1.434185443,0.1496291964,0.08752873188,0.07555863704,0.0,1.9231704,0.0,7.128909661,0.0,0.0,0.0,3.060966291,1.677262544,0.0,0.0,0.0,0.0,0.880778458,1.083992906,0.3757455268,0.685483871,0.2060379854,0.03407345343,0.5833333333,30.43903568,23.76612587,5.425791397,12.14238718,37.26522558,29.22074076,12.16293986,8.780830095,11.38785599,10.74258,26.29938345,24.72395449,17.21226049,14.46821637,11.63444168,26.66875435,2.210330894,0.0,10.00791679,24.46744655,83.3,1.791666667,1.988888889,0.6540136054,0.2902730537,0.291882716,0.2356881951,0.07111111111,0.4299687621,0.7678581826,31.78318436,-2.73948981,0.9934320443,2.181659398,-0.89298895,0.1588900518,2343.157919,3.55,0.0201,441.3879512703521,38.36249671119991,58.40036356933248,-30.58912592071001,0.20120179977288538,0.3442272328133744,-3.551703516683979,2479.8888898090117,-687.1730822571362,-3769.031903854246,1.0122299324793123,-178.78136938250796,-14.724954313923595,13.697350493713829,-780.7912125756749,890.1898547107492,-0.6239785300538648,3.3955946312294407,3.3635178491400324,5.397746258580023,6.730288578599954,1.299938333124662,-8.044067404435669,-26.277242918326028,0.19070279912731025,10.086245482047898,-32.10225723683769,5.131169620953875,-0.6833212773614743,-5.0940617394110665,21.6507973588438,14.440559372092856,17.72555266681863,-4.977149645366133,-20.99920164936302,4.979454362187699,-0.18870920910837308,0.04842016967647389,11.549620476028302,2.7853306648576597,24.689195229519232,41.21514990544788,1.1098314802235192,2.8007933738004755,-4.101312884608743,54.47485900672315,-86.94768668892732,-29.290776267004723,-13.067530782947044,-5.6759140632532015,20.421386873311018,971.2511983868237,-59.986575115566204,3461.128246071846,-496.9118061307362,66.62514534020752,79.19736231689804,-501.7088438258701,46.916276635868016,77.37818903500317,731.0469311892194,21.0778751387701,-13.503217389154313,-16.47473291783651,42.1141931735764
2.535252706,4.640762774,3.490384615,3.906517094,4.41374269,1.598622982,146.7040391,153.3187799,157.5744168,157.0508677,10.86057039,0.02822495295,-0.5080726944,0.04949493422,-0.1041963513,-0.05432234374,1.493185398,0.8101033018,0.9386224277,0.46565478,0.9799094522,0.9594818653,1.052348545,1.231721953,1.005517329,1.183787393,0.6078004747,0.5740274285,0.9243866082,0.8587317526,1.01354445,1.068635862,1.071217973,1.06500166,-0.4868839543,0.9727324402,8.001921193,1.39137364,0.1533435001,0.09443617789,0.1452354659,0.0,0.0,0.0,0.0,0.0,0.0,0.0,0.0,0.0,0.0,10.80324371,0.0,0.0,0.6315825775,1.302769991,0.4120385767,0.6532258065,0.1903533561,0.05060992139,0.5531914894,36.59270839,9.072217983,0.0,18.19910121,48.53093655,16.69035448,5.817220841,18.65867814,39.57069241,20.76666028,22.48060678,5.817220841,10.35798868,4.390415048,17.28366747,26.76732242,0.1137903877,0.0,13.16622083,31.3732393,99.34,2.548611111,2.237777778,0.7762811791,0.4598293021,0.2897067901,0.1562105908,0.08278867102,0.4827647973,0.6887271936,25.84989791,-2.52738562,1.150113461,2.363179642,-0.5879519681,0.2091625736,2331.243399,4.11,0.00483,424.2149438842491,38.053428066046955,58.55269131753044,-32.39523020750966,0.17332942409009316,0.2636608227587688,-3.3285808303329123,2413.54673324625,-686.3955465681887,-3852.5979029744267,1.037404530411866,-180.85457433645814,-13.615360195588588,13.705045992750748,-819.3859296789395,837.2640433783722,-0.589036485003162,3.2706054807106146,3.2012492143528086,5.237018911086374,6.5549840499872385,1.0287148886363633,-7.7892299279436905,-26.297311992640825,-0.8786314912585311,10.33485532496459,-33.01803377540926,5.1205911051592885,-0.3287962881045736,-4.661601476338874,21.714397364852775,14.28538286566505,17.23304162307953,-5.001033235234916,-22.11160920533089,5.239590028618774,-0.25066065487832745,0.0853160409808087,11.433721010985042,2.9096690559245566,24.78382751488168,40.44338466590538,1.0997466731155363,2.8012282741276917,-4.4122753053077775,48.480696795927884,-82.82466205645699,-29.953131976047654,-13.892468345379967,-5.397080538193156,18.664835598168,997.2796206550723,-52.061171993496735,3815.117489631342,-530.8812631188808,54.77716688798949,77.24393112273577,-481.1489750238799,46.36136798940533,72.6517301819769,729.302992681173,21.07378079660295,-3.0951957868129845,-18.124664671465613,41.64814310387094
2.551700777,4.3056907,2.703703704,2.969498911,2.522458629,1.541746325,145.1309009,159.0340393,155.0619513,156.7621185,9.2725,0.009916616665,-0.1744104261,-0.0251597772,0.03098054101,0.001894052327,1.114735456,1.073547327,0.7802665354,0.405690427,1.02242823,1.011428202,1.043987671,1.12236427,1.291562421,1.173996412,0.5011964697,0.5671068993,0.8940965864,0.8999066507,0.8349080291,1.210684048,0.9209396074,0.9691987212,-0.4356701465,0.9938433704,8.001918196,1.343865525,0.1801198494,0.0946942092,0.130682846,0.0,0.0,0.0,0.0,0.0,2.048170299,0.0,0.0,0.0,0.0,0.0,0.0,0.0,1.219887094,1.244274928,0.3701923077,0.66,0.2072852832,0.0,0.6,27.85694441,4.390415048,5.098681808,18.19910121,42.67056301,29.38520368,11.51114884,4.390415048,22.51475897,0.0,19.74844179,5.817220841,12.11474962,4.390415048,0.0,15.36006051,0.9092699672,0.0,14.56963205,26.85155829,43.6,1.631944444,1.507777778,0.4351927438,0.1647691484,0.108125,0.03713906744,0.06878306878,0.3489118597,0.8703648916,20.81486531,-2.361101864,1.217142007,1.766526309,-0.6311237881,-0.09371760612,2085.999363,4.42,0.013,419.96636484390524,34.94471008730046,52.00863838507996,-21.522224523442112,0.21364933098135236,0.402045388709119,-2.7507702489640353,2241.5918990377586,-631.6277179493094,-3527.243171526878,0.965866242566122,-157.0403864976143,-13.78557394887471,11.3347670376103,-697.3851148200453,833.2472618145612,-0.5347939485821849,3.2365817628963054,2.7485622253986413,4.9365511775352235,6.30418906531506,2.751359079844045,-7.552180232826126,-23.43258141352492,0.3421993789007911,8.570208315110756,-28.451838565402728,4.848798754065786,-0.9226366579077441,-4.0330674155414625,20.03145151776515,12.953353299919101,15.712463345950155,-4.1852913438138515,-17.96097611052814,4.84709943355627,-0.3711261718721839,-0.35310986495806773,11.346465432371245,3.129736650306918,21.217357490322165,36.6201817126942,0.9922489238424853,1.8255463586723908,-3.6085077956880323,50.70893051746431,-70.33885157886229,-26.23459608563616,-11.101794586593488,-5.145066179533965,18.581542089469895,846.5529067697556,-3.608647350901389,2831.9896380802215,-450.6832163781871,36.3685625635181,70.16167587724765,-479.21217191714237,43.576342675306655,69.72782364787109,688.4484963153269,19.32991789264525,-29.768903278565606,-15.078271304534056,36.20397621193632
2.603308916,4.212044574,2.565217391,2.755460589,2.489952719,1.624519845,144.1443511,150.447037,160.0855606,152.2158269,19.66666667,0.006534022579,-0.0960731633,-0.04573648953,-0.05776194809,-0.03760352197,1.084144104,0.9586051752,0.8343620644,0.4149092692,0.9362055306,1.226149781,1.260094818,1.257273176,0.99875,1.454265286,0.5395850415,0.442934369,1.434899175,0.7524506225,1.115456862,1.261020527,0.9462136915,1.126201238,-0.4357059782,0.9113311692,6.027274506,1.13463699,0.1910731779,0.07269249639,0.5223591954,0.1020620726,8.824944675,0.0,0.0,0.3770927816,0.0,0.1600265338,0.0,0.0,0.0,0.0,0.0,0.0,1.251477702,1.814863079,0.3492063492,0.6153846154,0.2354787687,0.0,0.4166666667,26.76879553,0.0,10.36057336,38.9703128,35.59836479,35.98325258,11.76314931,0.0,28.45350378,0.0,14.76446326,23.66984054,43.50994862,0.0,0.0,2.138144369,9.709157166,0.0,8.585206173,21.18814196,54.5,3.208333333,1.949444444,0.9332879819,0.3607961703,0.0625,0.0,0.08585858586,0.3307311461,0.9561827078,17.70433445,-2.417538419,1.127084861,0.7184927604,-0.3770248398,-0.01097630276,1809.939749,4.77,0.00459,404.64745240097307,30.00001054840326,45.2356745666106,-16.710378143346553,0.19064264237807815,0.3562219674648748,-2.180240387549132,2057.4036495850373,-563.5871375186812,-3356.611407926164,0.9132605551983707,-134.43159064451754,-10.967071515948296,9.923702428554114,-540.8036916837201,720.674956555823,-0.39538078651861325,2.9102814659585077,2.6398397046029407,5.254394691099508,6.022694650981294,3.6006622796960692,-5.973524312134519,-20.35770826325826,-0.3014547733720627,7.754486663186171,-24.741083575826778,3.9783330289290397,-0.6525996174455895,-4.133097331083887,16.97926462822501,11.98535906875411,14.239330179196944,-4.630574130341547,-16.556830009428985,4.289875648596581,-0.740009636017638,-0.5076164721165297,11.518389043289215,3.4666391957200258,19.50603559130587,33.071572610162754,0.8762573567530655,1.3301588537686926,-2.900540437235559,43.7127712057258,-58.022824343932115,-25.96192857319103,-9.776335639098994,-3.5318340761041913,15.680570261840058,766.963342000142,70.6180527760313,2509.2302439527084,-366.2576691585151,33.59900422924658,55.7034364451121,-436.4721819875502,39.52561568147775,62.312268199215815,620.9258708355727,17.47533485883506,-31.687797635248643,-12.989224448554735,32.202185142754566
2.494167094,4.295805141,2.708333333,3.64332826,3.402116402,1.807190912,143.5946678,152.2057646,152.4566434,154.7589992,8.488163265,0.01409895107,-0.6072386337,-0.118291143,0.1424332958,-0.1143776401,1.573693854,1.18003281,1.294439015,0.5190755406,0.9553078946,1.077461931,0.9721416548,1.128304735,1.265910194,1.288119144,0.6629941981,0.6409026574,1.29554009,0.8643567062,0.872363568,1.175092993,0.9914186174,0.9692163068,-0.3876126018,0.9929594654,8.001917793,0.60501714,0.2353473097,0.1133692921,0.1497800171,0.0,0.0,0.0,0.0,0.0,1.882124381,0.0,0.0,0.0,0.0,0.0,0.0,0.0,0.9611602419,1.429867567,0.3533866218,0.6304347826,0.1869699986,0.04097722567,0.6,32.78778218,9.374393569,0.0,41.66862122,24.26546827,22.70997077,5.817220841,4.390415048,21.69797817,5.733667477,9.967957042,5.817220841,0.0,9.521973528,0.0,14.20568673,0.0,0.0,10.85865241,21.93000613,51.8,1.784722222,1.307777778,0.4596825397,0.1143864953,0.038125,0.0,0.07207207207,0.4558296632,0.844241824,10.75902422,-1.791046302,-0.3954789132,1.692349156,-0.5730146426,0.2634191583,1705.631803,5.3,0.00264,399.9119180874192,29.503176703289753,45.20066249274554,-24.803454929646968,0.17030857505297342,0.40349558249862716,-2.3366686222071404,1858.5568398682203,-520.1001400313953,-3147.579942883351,0.8805424053884778,-121.63812649116039,-10.955722713597822,8.741934643236071,-575.9666523445003,716.5713815125624,-0.3428772289349173,2.8673875331087446,2.640491874006111,4.681103902420835,5.514624867891867,3.353528007933906,-6.1133031255405434,-18.931861789031608,-0.5400896774935995,6.829829381512978,-23.459650405077753,4.007063761596052,-0.6676404362432236,-3.64252368300399,16.424504091776306,11.263891104866133,13.408411568146237,-4.107241860046084,-15.872913441622687,4.490938559632954,-0.9288928704042074,-1.2689701522190573,11.092507182759846,3.504468964070128,17.97235905907363,31.182321332484243,0.8259659505859563,1.0006805864589907,-3.1568164449238427,41.064179318974325,-53.435054834287335,-24.992718959695054,-8.634529774041178,-3.3081470734293146,14.693289250101788,719.7436201461896,101.72155036180351,2300.6931250319653,-330.46077042400884,31.751911038548755,51.10396931615141,-391.91099288847374,37.70329183636535,57.544594697006,594.7787778312743,16.757663769095046,-27.18871011578281,-11.754992820692186,29.149701941319435
2.479390399,4.67741432,3.290322581,2.890243902,2.867592593,1.60647446,145.1774373,153.3965538,157.4175979,158.5329395,11.41046636,0.01287022192,-0.447882074,-0.03812850463,-0.1119978953,0.1367837902,1.443815692,0.9701644576,0.7855123519,0.4924980569,1.121637658,1.028247267,1.05916821,1.040859365,1.131169632,0.9967306079,0.728796103,0.5054553618,0.8456671886,0.8760288337,1.032723019,0.868903919,0.9851240384,1.02152993,-0.430107163,0.9729366222,7.00827661,1.416932073,0.1660764318,0.1127497909,0.09456365941,0.0,1.976804047,0.0,0.0,0.0,1.991704333,0.0,0.0,0.0,0.0,0.0,0.0,0.0,0.9939285189,1.713849957,0.352173913,0.6328125,0.1861501066,0.02861519608,0.5283018868,30.65052892,0.0,5.098681808,30.33183534,54.95175817,40.16419383,5.693927995,4.794537184,22.51475897,5.733667477,25.65562151,6.9237372,21.61536816,0.0,5.907179729,1.877209467,2.485804582,0.0,19.89458813,33.40723877,86.69,2.034722222,1.905,0.8172789116,0.3754251701,0.353125,0.1940618304,0.06100217865,0.3763947812,0.8648122293,32.3867762,-2.650662237,1.154617542,1.491139924,-0.920876838,0.08287150674,3699.009189,4.5,0.00399,457.2123386838142,59.094566597233296,84.64155762295394,-2.320539202496974,0.42746949856454286,0.28059650082452564,-3.761204548091201,3652.5263484405123,-1162.858274138823,-5655.882524514826,1.311288037782464,-310.7972468551521,-22.908715169535597,24.57375964075049,-1541.9826905020154,1318.7199375320029,-1.348928725787297,4.408832807339086,4.0376095543164325,5.240152004415221,8.70698421724698,-2.781621608199135,-12.323527958406345,-43.02638308739928,1.518650458607054,18.06294799980358,-51.65701354671172,9.406293354470266,-1.4866216784671655,-5.428420824574925,34.439156707575584,21.205963402389216,26.435987038826962,-6.173418545121262,-30.939622873094635,6.7677282233069915,3.0599772562072003,4.221256354475256,12.79471133359713,3.1140262212578182,37.106249784114404,58.807418242636786,1.6960107877783919,4.654082781643044,-4.945064260273797,97.17751502736634,-144.8205777737502,-33.81808199422823,-25.3534576796677,-12.867129652289416,33.34917369365774,1401.7693992360369,-405.69990369453365,5713.51986380186,-1079.2375119539172,118.53457671327578,152.14379074402387,-830.09586521463,66.55552340264099,122.79563836360134,1035.593008781947,30.56059179780676,-7.0806951085335,-27.738661793899475,67.5876241574177
2.48236264,3.945460161,3.41025641,2.547567175,2.551373955,1.749390571,142.7607609,150.6763958,156.5240747,160.1280446,7.391868512,0.008186869895,-0.4495084976,0.06038625767,-0.1567910283,-0.04380499336,1.509021312,1.654244339,1.469892204,0.5372183347,0.937084929,1.161597709,1.311701165,0.9279699248,0.9903236352,1.042105263,0.8737970942,0.9868398516,1.391681402,0.8526769256,1.022784679,1.031451223,1.117915973,0.7809582323,-0.4046587802,0.9938475708,3.041832901,0.6049930215,0.1727095111,0.1688183657,0.09878289721,0.0,2.092978133,0.0,0.0,0.0,0.9216288738,0.0,0.0,0.0,0.0,0.0,0.0,0.0,1.241032308,1.98657124,0.3227848101,0.630952381,0.2019334369,0.0,0.5882352941,32.65984543,9.499376415,5.098681808,65.43117392,12.99010427,11.12690298,5.007623697,0.0,21.82845468,0.0,14.59805822,6.9237372,5.563451492,0.0,0.0,1.865740741,2.092978133,0.0,10.22575554,15.42353692,30.19,1.201388889,0.9933333333,0.3299319728,0.09448223734,0.04875,0.04938271605,0.05882352941,0.4533481442,0.9461315198,21.88301822,-1.362203929,0.4467455678,0.8783033825,-0.4642519014,0.05466087964,390.5366854,4.58,0.00243,358.9800257067746,9.919985541329087,18.41247495835975,-40.77400138174243,-0.02355438415889266,0.5122922765118987,-1.1047294943886314,683.3155684764508,-86.14250025146387,-1545.379231472535,0.6393047742495146,0.5733717941721874,-2.8471652833974255,-2.295572703688585,-85.17539059679672,264.87749777680847,0.3583402881767776,1.7108111592101625,2.1333414209520334,3.597948537107712,3.265153770714507,7.0322043125320235,-0.4915133890748702,-2.763141142913934,-2.239776187413513,-0.746932713149308,-5.069144661417242,0.4862177623835544,0.26976634293798984,-2.5596371248265917,3.7208796013106005,4.8406134325599535,5.762778038431967,-3.667706300212464,-7.211022319777804,3.352079139575313,-3.0726645458805004,-3.6131368310335583,8.678827655965744,3.475752620397614,6.427008067180774,12.846577154448283,0.24520391463719218,-1.5537813779635448,-1.0309562546938116,7.2412076151588485,4.449806379042981,-15.410471370372964,1.9041523469799877,2.76346862887274,1.7131880299061264,217.39991041491115,461.5710540525548,1.8738938727340724,156.8561034000358,-18.723397616520387,-16.12536057597552,-149.46070834375564,17.536208964329816,19.557732184622786,249.56090050857006,7.153654158707351,-52.857985106619,-1.774960069237887,4.2834004273482025
2.482821465,4.350846645,3.080808081,2.587673611,2.425798651,1.566710196,146.0578528,159.6043131,158.1196861,156.9822501,10.63090737,0.0161243722,-0.5849951113,-0.05904886091,-0.09929627038,0.1280305058,1.613476074,1.291507749,0.7914597215,0.4875452438,1.2029561,1.071547038,1.140180114,0.9263126492,1.004534606,1.140736874,0.6417967388,0.5755618309,0.8591526253,0.8652005636,0.8706170821,1.083511643,0.9840519598,1.009959074,-0.3649753945,0.9728909641,7.008272309,0.609420757,0.1698168104,0.1031159436,0.1110709264,0.0,3.521343853,0.0,0.0,0.0,2.153718992,0.0,2.824598601,0.0,0.0,0.0,0.0,0.0,1.07890188,1.861063938,0.3333333333,0.6574074074,0.2445972413,0.03601532567,0.4130434783,29.87654694,14.95193556,0.0,6.066367068,25.47729296,36.52675749,16.52595619,4.794537184,21.95893118,5.316788604,32.38785022,6.9237372,24.86289132,0.0,0.0,1.148682891,4.164086023,0.0,6.09278728,18.20621283,83.56,1.576388889,1.438333333,0.6630839002,0.2734158478,0.230632716,0.1267258443,0.06349206349,0.3542404884,0.839102029,26.85004796,-2.404904405,-0.0226778959,0.7459138122,-0.8714003241,0.5720010929,2040.282384,6.49,0.0148,426.7923696284852,33.9521329480064,51.610927660905894,-28.882250728314368,0.16485679057340402,0.27217165412953165,-3.1885964893928076,2224.0020236132696,-598.5035762186213,-3415.381243743165,0.9585400729578957,-150.87466221930868,-11.743682116138046,11.535115229440695,-565.1816599253054,768.5608048598066,-0.4717436245906075,3.081217511464279,3.028678394119832,5.519451579441155,6.304626252926928,2.308262123433969,-7.053314384322839,-22.338476841545365,-0.20428789882247833,8.090146655332797,-28.171072491463743,4.285327998115106,-0.583695108671106,-4.3775335107723015,19.155467740745525,12.782491020473241,15.313892316045365,-4.5494145106522925,-18.446707878676964,4.886773815027078,-0.7048398162558311,-0.9336771884843491,10.92627428958739,2.7160564665120157,21.83785884765278,37.038543646327916,0.9708954070934736,2.40699154648527,-3.542228136975199,40.878132133343044,-72.8761089228383,-27.385425227692284,-10.714921812299462,-4.022966065321718,17.074361804430552,877.4505238108557,38.50450959680646,2998.7451388072736,-377.9188663920907,41.15611519860732,63.89135483020719,-412.25616866413645,42.26569109289226,64.26578163487862,680.2934560296267,19.22246033418772,-12.446677648143213,-14.700650507774565,36.23167330923249
2.403428026,5.293209112,2.575163399,2.792139078,2.594871795,1.540074128,145.4222081,155.1947932,154.8610522,157.6664697,17.94262782,0.02603774353,-0.3409797437,-0.2359820419,-0.2543018429,0.04011026015,1.337855722,1.091981899,0.8210227428,0.4982452287,1.062304492,1.38887047,1.123528146,1.231210402,1.439962125,0.9464406489,0.8993316454,1.122127159,0.7673162763,0.7736774965,0.9371082262,0.920670284,1.080690031,0.9726380288,-0.5277860826,0.9871941861,3.51758125,1.419941043,0.158307509,0.06520699112,0.05166617486,0.0,6.694695804,0.0,0.0,0.0,0.0,0.0,3.362726467,0.0,0.0,22.49209755,0.0,0.0,0.8896488445,1.741141729,0.321888412,0.6515151515,0.1850487197,0.0155674391,0.4482758621,38.16725191,4.983978521,0.0,12.13273414,43.32193961,41.46464532,11.44343983,18.94745182,40.13541516,24.26424042,31.29734967,6.9237372,5.693927995,11.37477255,0.0,22.49209755,1.94262321,4.752072594,13.30615681,25.6926211,74.73,2.5,1.871111111,0.666122449,0.3361048123,0.225,0.1897765534,0.0589569161,0.2419485205,0.9152296158,26.76100054,-2.866047935,1.582193904,2.391331663,-0.8777798709,0.03006391058,1765.599618,4.92,0.000967,419.40465852073964,28.888057146461016,46.55886021383169,-33.873165268927984,0.12816984254794095,0.3195141529929379,-2.951631891629515,1962.845748976021,-492.22157187211064,-3132.5705862796444,0.9152662280294533,-129.20941284871452,-10.001594175002607,9.415862638991468,-479.1024389772501,665.5301640126082,-0.3152312869683821,2.877248860060549,2.679155717468775,5.32027046660841,5.91012221131429,3.6773776876176862,-6.052788313672465,-19.3925212783283,-0.8725035711931541,7.0110893841359925,-24.52280952335868,3.3855234912520076,-0.1263105873863939,-4.415710502521594,16.393402761573707,11.30763324689703,13.523391755399162,-4.15752947574418,-16.24712842351795,4.63200141311768,-1.3496863018663585,-1.3951273643912492,10.788193523436524,2.8388976813033278,19.166017479716018,32.70369487073595,0.8430900640021751,1.8096280849422102,-3.4083641272869674,32.790356432186584,-57.10779768507579,-27.02481334955862,-9.082614095657748,-2.5175359625399714,13.860112303370538,810.1126645804376,95.33561711518902,2804.1308988580454,-310.89629527418066,11.303282130061332,50.38951709306783,-378.6959328083185,39.07409992043456,54.93981086489495,607.5079336107483,16.987999761298486,-21.01615403228163,-13.878741076567243,30.66320754878408
2.557236073,4.483107027,2.961832061,3.051038844,2.744175627,1.56711025,146.3076746,156.5851931,154.7412096,157.1236519,14.19782707,0.0137524337,-0.467156569,-0.03561304303,0.05319219342,-0.05086990277,1.46352584,0.8177346489,1.082397325,0.4071275569,1.109609348,0.9960870835,1.124689876,1.068031052,1.168913494,1.18615612,0.6911987976,0.4530491683,0.9119878302,0.8556843266,0.8682646925,1.159264474,0.975248426,1.018941419,-0.435712488,0.9729406901,7.008275627,1.343828866,0.189147945,0.1284201545,0.1503247011,0.0,1.980074255,0.0,0.0,0.0,1.721297609,0.0,0.0,0.0,0.0,0.0,0.0,0.0,1.203966837,1.715167942,0.405,0.6517857143,0.211665326,0.03325396825,0.5106382979,25.97493956,0.0,5.098681808,6.066367068,61.72703435,40.64258317,5.693927995,4.794537184,22.51475897,5.733667477,25.65562151,6.9237372,28.16666629,0.0,5.907179729,2.082220175,2.886523744,0.0,11.89484589,29.02169651,86.69,1.944444444,1.858888889,0.6744671202,0.3570168808,0.165007716,0.0826446281,0.07092198582,0.3460834344,0.8542140039,22.2651864,-2.036753328,1.213218731,1.269677979,-0.5615303473,0.1475342032,2534.144099,3.69,0.0375,433.3998246360262,41.40452180348799,61.13169972295216,-22.928739773513477,0.2317010218688042,0.2772128754640711,-3.3975185815394413,2636.1552279081366,-763.1820573966556,-4087.6036159529035,1.0636421904591824,-197.21724292052457,-15.179869975355269,15.11572610750786,-878.8965871473085,924.4531951855025,-0.7236603731326553,3.47119402280112,3.2050210798789602,5.373677670593849,7.008088083535618,0.7694272792991943,-8.672644580197183,-28.60902433034629,0.12651820119430668,11.092226023530248,-35.30691282090935,5.847009962907723,-0.780859207707816,-4.680645288204527,23.783556638249184,15.32628780204865,18.76899144988174,-5.0557735057932724,-22.377578875423268,5.330787079756712,0.44054666826933,0.7027894086253497,11.715424414314963,2.836448128216243,26.306716871595977,43.48659396795265,1.1872117552744776,3.010433976089583,-4.157584735543839,57.17015196758719,-92.90426292020918,-29.425790421882745,-14.915260694932591,-6.684453741803611,21.643928125119036,1030.0619741280864,-97.32971461137558,3832.945356771913,-583.726719299637,66.5749860732741,89.18420669349416,-538.0562760369386,49.454058093528765,81.35308989680209,781.1577165593118,22.622869994609037,-7.431117299462219,-18.518005227469267,45.46284046521852
2.489279474,4.623396865,3.475728155,3.196194476,2.916485113,1.718410396,148.0204164,155.6241958,156.4009452,158.5210368,9.277777778,0.01324773915,-0.4510651777,-0.02890979897,-0.009953436495,-0.07653422851,1.48786674,0.9974030678,1.31073082,0.4601794321,1.08230888,1.022091289,1.104112216,1.038913194,1.014950166,1.090206186,0.5619294582,0.5280960101,0.6061816573,0.8461781675,0.9682974007,1.095738262,1.032660873,1.027924141,-0.4158684268,0.9113313423,6.027276828,1.197963748,0.1539266767,0.09208967067,0.1048899075,0.0,1.943960139,0.0,0.0,0.0,0.7330421382,0.0,3.165491938,0.0,0.0,0.0,5.603112534,0.0,0.9270640898,1.516060177,0.3412017167,0.6640625,0.1801325383,0.0154040404,0.5833333333,29.8743737,14.18117935,15.45925517,6.066367068,73.23599868,29.3384529,12.02124807,0.0,28.58398029,5.316788604,34.47495837,18.25485007,11.25737949,5.687386275,0.0,3.325228743,1.943960139,0.0,13.71800807,25.84353075,96.72,1.729166667,2.122777778,0.734829932,0.3361048123,0.2365740741,0.2226303438,0.0697167756,0.470839169,0.9446071336,27.84668957,-1.891337171,0.9271141027,1.382389201,-1.063335899,0.4027328734,1911.131702,3.4,0.00554,417.7819079932714,31.986025873922028,50.57102571950854,-42.94217905115992,0.11028692092046005,0.24608403562369008,-3.1321956931082626,2040.5594027313828,-545.7604197402687,-3255.2490499420605,0.9269800717442231,-137.83627764063104,-10.738056491467324,10.740639149710836,-542.0035294637509,696.3324853373473,-0.37173947440594757,2.9191076498646074,3.056731088515682,5.257143697640961,5.827559716000288,2.1042696270056327,-6.10819404565557,-20.793988706964967,-1.070440475279945,7.751738614284669,-27.050576859073203,3.6527881157645385,-0.008509550369319996,-5.128331077947652,17.47077771970939,12.430729957130954,14.689087061798325,-5.0662230088734095,-18.74058130143691,4.737844356053782,-1.2191074288404653,-1.0052681427385686,10.816093804324579,2.7548055388584687,21.302153489792836,34.83923864628986,0.9197520942118693,2.475842175889205,-3.713327116535731,35.92134376745328,-63.90531475549819,-27.70156443636695,-10.337358295485483,-2.636355635414382,14.28713335629904,841.4506882157716,73.58227184516848,3052.3916461405242,-326.10454685918853,39.58436386049657,52.39756850277817,-393.894887599063,40.55607871448372,59.28756165701778,619.1712444073293,18.206819192453704,-5.751498071229405,-13.790148063899586,34.03749586159152
2.598156685,4.12572346,2.6,2.575528007,2.283702409,1.486369874,145.045857,154.5847109,162.0658088,153.7869852,18.88696655,0.01218053691,-0.3888343976,0.007765125896,-0.09577186839,-0.004723994585,1.3264719,0.9465877291,0.7241267002,0.4745684031,1.043212565,1.199751581,1.36831172,1.154411,1.000155441,1.363162691,0.9912409366,0.5303073254,1.006024126,0.847892995,1.081585703,1.187286309,0.9033441936,0.9984535941,-0.434974959,0.9876256621,6.002808455,1.134637095,0.2926393097,0.168850319,0.4665289338,0.1020620726,8.98611209,0.0,0.0,0.3906582,0.0,0.1718530722,0.0,0.0,9.704155719,0.0,0.0,0.0,1.263325302,1.73990914,0.3510638298,0.6153846154,0.2557206477,0.01761633428,0.3921568627,28.37327328,0.0,5.098681808,45.89405,41.66473186,23.72004194,11.44343983,5.106527395,28.26427081,0.0,19.87099066,5.414990469,45.00071083,0.0,0.0,2.155247543,9.890925645,0.0,8.508274228,20.72329238,50.94,2.833333333,2.029444444,0.8785034014,0.4167375283,0.1625,0.04122028364,0.08080808081,0.3058725594,0.9009159541,18.79291702,-2.505327715,1.140070661,0.5661235179,-0.461662646,-0.1719400351,1856.906879,4.64,0.0027,412.47991816016656,31.064546144705183,45.648922920073474,-13.051723599991284,0.1982250511480677,0.36559230027334316,-2.351856224939274,2122.5199377415975,-584.1012550182016,-3427.4905523261505,0.9250635504788167,-137.33983707407,-11.258951786236311,9.98344217782466,-541.5077780136334,757.2276042080217,-0.42176688038960686,2.99496176357713,2.5564234477745886,5.408512172949621,6.216120798699611,3.8128173113115773,-6.504468436560613,-20.826581485828253,-0.13203686277048376,7.648082193830792,-25.324351966075795,4.280769364006943,-0.9398083832041126,-3.5203597999903646,17.810771252970206,12.082713964630926,14.349828857579986,-4.199810419214648,-16.56077702731709,4.581078514426239,-0.6590218752913786,-0.7339837175112671,11.563401044262719,3.4881235369701735,19.6826487423773,34.1776066119792,0.8944687869807333,1.2641930003550903,-2.956209890654046,44.469343155809995,-61.876739285851336,-25.88544129298022,-9.857419653277173,-4.137949685658406,16.562976537842296,782.5244028367645,66.4239983833393,2462.490142795032,-375.3351457900183,32.71093136743371,59.573716300301655,-422.9508929063811,40.08164199357311,63.159848290615926,654.7126263266543,18.003019010304172,-32.19886075640911,-13.671249350175117,32.82084892311647
2.483385735,4.381949493,3.141304348,2.826258843,2.888327722,1.621516487,146.886971,158.820935,157.6428196,156.9427459,11.1875,0.02349506882,-0.697601261,0.03519519719,-0.05208889641,-0.01186381491,1.74623453,0.9977619857,1.188532639,0.47565784,1.189824121,0.9937862515,0.9879945922,1.028571429,1.107575758,1.058319957,0.6725037858,0.5661607861,0.9360763621,0.8028640673,0.8340346176,1.004718226,1.032806248,1.00421134,-0.478741888,0.9779111491,7.008273656,0.6094207635,0.1833419714,0.165874393,0.1110709264,0.0,3.724182381,0.0,0.0,0.0,2.077479142,0.0,2.694195326,0.0,0.0,4.905007699,0.0,0.0,1.004155355,1.834516258,0.3375,0.6759259259,0.2349530978,0.03797360579,0.4318181818,29.89947947,19.74647275,0.0,6.066367068,25.98020854,16.63744226,16.52595619,9.531400138,21.95893118,5.316788604,32.63603612,6.9237372,18.44206969,4.794537184,6.093240071,6.011089091,4.30030942,0.0,3.993947608,16.13367148,92.79,1.576388889,1.518333333,0.6370068027,0.2849899219,0.2253240741,0.1356004489,0.06878306878,0.3894086547,0.8502304101,30.70739642,-2.889178437,0.5690124001,0.6616526061,-0.8396554321,0.7103206796,2875.801334,5.64,0.0155,449.24563764779293,46.22741656930121,68.37008180360783,-19.213009194131594,0.28640609384537974,0.2680054586180207,-3.8731395341955004,2950.7398379484093,-861.742415468729,-4462.033619668807,1.1531183686366784,-231.72822193668125,-17.428105037713365,17.826141489309325,-1030.060590377309,1035.1607322057098,-0.9048969579144402,3.776270903884332,3.570020821238001,5.518933508890715,7.595663419045047,-0.2650406700211929,-9.792737081656696,-32.72621101866333,0.6422603174094128,12.91370576718511,-39.95690515409184,6.703618562072737,-0.9467581428166048,-4.903758039043891,26.75782897009777,16.824578356343764,20.837326676493074,-5.138429371737189,-24.666911392503103,5.741071661383139,1.077787344057639,1.4701216604212286,11.777626012981292,2.5987334809944573,29.55469517406337,48.54507077892622,1.3352627421585093,3.7360215982213725,-4.4899376504763575,66.21152625850682,-111.33190031059418,-30.746546041860594,-17.627035953062677,-8.476286574042005,25.248684650637482,1155.541354777826,-191.420538032822,4384.690675503834,-705.9004138637716,78.63335316815727,108.41519576011514,-603.6284807317901,53.97686660119376,92.61955603449408,857.5382309591996,24.83870905204099,-6.30953043869106,-21.544407025082727,52.13092893270098
2.435579376,4.489073469,2.745454545,2.449192783,2.379012346,1.453744263,145.8352209,156.259157,158.5939618,156.6495025,8.948224852,0.00952783564,-0.1752454657,-0.04222091113,-0.05547824865,0.09896383187,1.194198336,0.9829972071,0.7458488837,0.5768129771,0.9315439547,1.053242671,0.975826972,1.156476033,1.009557318,0.9478490747,0.710656682,0.9046706989,0.9118637993,0.9410523235,1.027279982,0.997194386,0.9294537848,1.087829934,-0.3791549794,1.734391303,3.059396814,1.338814635,0.1650050659,0.1044570171,0.0761440227,0.0,0.0,0.0,0.0,0.0,0.0,0.0,0.0,2.519769497,0.0,0.0,0.0,0.0,1.360256858,1.787176044,0.2785714286,0.6465517241,0.2208739966,0.01563218391,0.5576923077,28.34958738,0.0,5.098681808,30.33183534,61.32352731,36.2621901,5.693927995,0.0,33.77213846,0.0,38.1547432,0.0,18.40509474,0.0,0.0,0.0,3.471744154,0.0,24.45844991,26.60459224,57.7,1.215277778,0.9705555556,0.4073015873,0.1703278534,0.08031635802,0.09407407407,0.05925925926,0.2881372627,0.952722565,25.36019601,-2.228863869,1.664326377,1.061745154,-0.6997649482,0.2185651845,1260.858911,5.12,0.00977,401.87147121333874,22.53860918468913,35.917385563770935,-36.526426781575374,0.0539997636891314,0.33730053434378976,-2.337372289353259,1508.3090640041953,-364.9326428958073,-2527.7774098853556,0.7893187506083088,-77.87528248899146,-6.935051100540031,4.931392666163678,-238.68599714577815,534.682439026515,-0.05796934346022712,2.4464940704888236,2.512973935567258,5.088614241685318,5.057709405780107,4.8063927725304865,-4.203251631547052,-12.903573360133922,-1.2643427324265273,3.8671544048891926,-17.490503988722292,2.227310421795827,-0.20746821314041264,-3.698482346496056,11.919383757167367,9.101368221634285,10.287504585023113,-4.111912995528927,-12.741333613017328,4.379000444156404,-2.21397342928646,-2.7967764489520985,9.967163823302014,3.139226744282854,14.697056234201554,25.975013873440478,0.6349093967854954,0.8432686644105368,-2.491234791936015,22.086562122734996,-33.965413782009335,-22.475471181658946,-4.873434915748908,-0.3605104459956226,9.276615268698151,584.4105073551402,260.85075379537557,1682.6178579013565,-101.03860186911811,-2.2321418471241268,23.955000687392776,-271.3424251206677,31.634325141870598,40.361839068760965,497.03248225615374,13.650305789131643,-31.111308268734167,-9.551207717995057,20.698416140519598
2.479665346,4.592143098,3.111111111,2.666666667,2.628060264,1.563472387,148.4885439,156.9784062,159.0290171,162.7283127,15.91975309,0.01425990228,-0.5050139881,0.1160569582,0.1614027988,-0.04974781285,1.614537504,1.148198788,1.343630671,0.4592041101,1.188252086,0.8079508318,0.8715555556,1.256278967,1.061655603,0.8716751269,0.9173361195,0.7451102731,1.073987218,0.8342492746,1.01617081,0.8766059636,1.155590771,1.005424227,-0.3832819479,0.9925445055,3.057290481,1.414050045,0.159635595,0.09341563398,0.1719070506,0.0,6.234086082,0.0,7.450218549,0.0,0.0,0.0,3.508697772,1.755450688,0.0,0.0,0.0,0.0,1.260109621,1.990068038,0.3648648649,0.6693548387,0.2198468132,0.02971652004,0.5185185185,30.15823057,14.98529578,5.425791397,24.27512131,56.17323589,23.15437369,12.16293986,0.0,11.38785599,10.74258,26.29938345,26.93698721,28.33916347,5.687386275,0.0,0.0,6.812140378,0.0,9.857598928,23.997636,83.3,2.041666667,1.908888889,0.614829932,0.3699058327,0.284691358,0.2275257627,0.07555555556,0.3634470053,0.8939926241,28.68588588,-2.204403603,1.168915645,1.307268539,-0.7873009664,0.1791179053,2328.237601,3.76,0.0102,434.0403589448572,37.9438390911001,56.406228056028375,-19.064309406698747,0.2404764587462534,0.3002357791207216,-3.1809058977456273,2512.912721000375,-704.5989506401364,-3875.1438260908803,0.994661486089632,-179.09582810492566,-13.635791911295653,14.199685279133181,-744.2145694651546,879.32258780467,-0.6495410982412114,3.3109279133049183,3.283086933695892,5.618973867940166,6.8174776551501255,1.523326989850438,-7.8469586601288235,-26.18930185432451,0.239858204619114,10.298939223565617,-31.686211688631946,5.1209436017377,-0.7519050393178097,-5.057304746865604,21.383209258658216,14.76755962173598,17.96636788927862,-5.285271087915826,-20.4416357593146,4.954586358108159,0.11468966487448873,0.37506134907800004,11.763026473778975,3.038752975038551,24.804870118429253,40.93681043398165,1.1030913174475767,2.602872245984133,-3.4472043422928795,55.84403868881141,-87.59751890516944,-28.990156652275093,-13.31402008161757,-5.77306643231793,20.76753165628098,956.2146498604211,-51.32036052513774,3397.1115250500156,-504.18986348268743,72.76661213858887,80.30666620043642,-513.0869913442294,46.52287948772355,78.8072197466893,732.7137752140792,21.157059372220434,-13.897471596229328,-15.850054400497912,42.58701077637621
2.541721686,3.91159965,2.973684211,3.257291108,2.91215332,1.793093368,143.6897022,155.9696275,157.4876994,157.6879582,5.32,0.01259379638,-0.3910746654,-0.08971174475,-0.1843891441,-0.2727308461,1.312315027,1.323036794,1.225572989,0.4807131379,0.7352891177,1.372817274,1.461270488,0.9036043117,1.029265255,1.117294521,0.4646766494,0.6945152796,2.425631809,0.9272975695,0.7849281182,1.171340417,1.228463701,0.6223087414,-0.402613914,0.9574915386,7.008813497,0.6049127757,0.2261318185,0.1626211288,0.1539444827,0.0,0.0,0.0,0.8197803288,0.5696147554,0.7768055556,0.0,0.0,0.0,0.0,0.0,0.0,5.887494508,1.081718632,1.793619562,0.3868682097,0.6625,0.2420024042,0.0,0.5666666667,28.47076648,4.983978521,9.614079702,35.07045991,24.97437738,16.50399085,16.39547969,4.794537184,11.25737949,0.0,20.88421875,0.0,34.25563817,0.0,0.0,1.661964758,0.0,0.0,4.969523767,14.40748187,47.26,1.680555556,1.202222222,0.3673015873,0.0625,0.04063271605,0.03774920926,0.07347670251,0.5469332503,0.8562529472,19.37357916,-1.596104066,0.2676889898,0.5020813714,-0.2043286158,0.01663654816,540.7730347,4.3,0.0169,377.4088594064642,11.851892042927425,22.980889724425293,-49.6676493555976,-0.06472263500795006,0.45577528631212616,-1.8014457645280466,785.9624674694696,-106.30651976936723,-1561.4235179078933,0.6622890618383666,-6.823482474910048,-3.288319460011715,-1.472665796417246,-105.56239113018577,320.7215945540927,0.3326232453773936,1.8488104796884375,2.372016341002791,3.9522839109093666,3.6076069678546556,6.436563220326406,-1.3997776119958967,-4.025548730506557,-2.1224813623797827,-0.4336382560309633,-7.2355615771482595,0.4121312512493416,0.19216459291837795,-3.058055380321404,5.117164476455464,5.276053506149196,6.24422736893487,-3.565322919229367,-7.734859147873312,3.883843583759118,-3.0268901731691065,-3.9930523508168942,8.786835104764648,3.311019213172901,7.517178521495927,15.428039076985922,0.3067104812187305,-0.9527335187784252,-1.6408114008886345,6.947603542200694,-3.404008249231703,-16.31041844587136,1.291830054355973,2.6512932316386766,2.2267262559001377,279.6770610623927,445.5583061811604,336.84629482282435,159.68041162833578,-23.288825609667512,-11.625470510511915,-133.87953196383233,20.656911224451818,19.290797739891808,294.7375996608967,8.318182053624799,-38.04218289976215,-3.141722683584246,6.2841791743561615
2.544444728,4.376036068,3.125,2.560657596,2.30308642,1.626474535,144.9489288,154.026755,153.8242828,156.9890776,14.47214711,0.00922302494,-0.1611694183,0.03144652425,-0.1656784265,-0.02036319964,1.267859783,1.154665724,0.8969571366,0.4585666293,1.15034626,1.015531742,1.132048872,1.158204334,1.180392157,1.022088836,0.8710680637,0.7873115191,1.028650802,0.7624971828,0.9521608994,1.08175675,1.053616304,1.184053394,-0.4664934324,0.9929587712,3.04035729,1.397244298,0.238421663,0.08104822821,0.1445767338,0.0,4.090610258,0.0,4.31662037,0.0,2.475383677,0.0,0.0,0.0,0.0,0.0,0.0,0.0,1.185005669,2.016736872,0.3966942149,0.66,0.2068145203,0.0,0.5348837209,25.31690106,0.0,5.098681808,18.20875424,48.89504414,35.40481997,5.693927995,0.0,22.51475897,0.0,19.33156291,6.9237372,11.38785599,0.0,0.0,4.202707546,2.837897901,2.073873386,12.3941942,24.98386549,35.64,2.173611111,1.445555556,0.5984580499,0.2537399219,0.120632716,0.06132231405,0.07235142119,0.2785897674,0.9877364622,22.7204304,-1.892690518,1.030475707,1.178498005,-0.7715673488,0.4918373914,1835.439349,3.66,0.0102,413.21485087934195,31.030696745896442,46.581066978765385,-20.62015285980157,0.19209396455600097,0.39970580078250667,-2.4812019261169542,2043.3040461541168,-554.8326632616153,-3258.0710881764767,0.9110186544579093,-134.48751081811952,-11.894737439226718,9.406411656859149,-554.5782961100894,746.9297257753851,-0.41239297807534575,3.0383929173556017,2.5572003004664614,5.017260869666927,5.9934907111021545,3.6984999829580087,-6.610638738266595,-20.410089793101378,0.14452833260388565,7.23528258614078,-24.8026094266486,4.090320498355987,-0.8075677069760807,-3.8980176898687855,17.60342952934453,11.796699006822596,14.135045184535235,-4.038417498131892,-15.812637727616858,4.534094189903674,-0.7701638865183289,-0.7998301642893042,11.139554050248686,3.2224187048317567,19.010321815136088,33.38365255397968,0.8794102375970371,1.3617796269819282,-3.041197458519247,44.02606420149465,-58.69096423125824,-24.830155496564803,-9.184202003787034,-3.8199248947292723,16.25208213408564,762.1510250749434,61.0705047082923,2411.6627670555017,-356.3590605061554,23.397907605948248,57.84145275282496,-436.2273736498375,40.290782971486614,62.3916230177043,632.3143606253203,17.574912528932657,-36.47729444940601,-12.949488303342418,31.548239218921726
2.460728968,4.848711797,3.505494505,2.784348865,2.599773243,1.592733857,146.9618643,157.5202936,158.7915527,158.9419224,12.23251418,0.01314508033,-0.462561352,-0.01666632543,-0.1447961987,-0.06814366081,1.530857124,1.365447376,0.9360240755,0.4430376483,1.11473815,1.019410314,1.135000582,1.094460227,1.130461165,1.052041331,0.8964879272,0.7247474168,0.9626202315,0.8190629294,0.939643254,1.066302573,1.081434493,1.050442734,-0.4399134371,0.9929587708,3.048132821,1.428244122,0.1796605646,0.1057986651,0.09806536251,0.0,3.904079596,0.0,0.0,0.0,2.161279031,0.0,3.457160336,0.0,0.0,0.0,0.0,0.0,0.963135813,1.861798556,0.3656716418,0.6696428571,0.195732824,0.01674876847,0.5652173913,30.84234955,15.29317186,5.098681808,24.26546827,43.32193961,29.37866196,5.693927995,0.0,0.0,10.63357721,20.60008305,13.08951281,16.95130748,11.37477255,0.0,1.861815007,1.965102311,1.938977284,11.18197485,24.1830971,69.2,1.979166667,1.497222222,0.4881632653,0.3061303225,0.213132716,0.1348882767,0.06763285024,0.3483851568,0.9431070653,30.51812159,-2.334123543,1.002834733,1.616252822,-0.7852770218,0.2517169376,2407.559025,3.34,0.00744,435.0232907958265,39.853758376817595,58.2670945550712,-18.0833602285228,0.26091317391844704,0.35142907623985453,-3.205960341387809,2556.669846363454,-734.812573325938,-3942.1618966465726,1.0007902270898046,-184.61391445388296,-14.706546519947183,14.493405245292072,-834.4944218328869,931.8314158804951,-0.702246601754398,3.442657118661985,3.2248410177528646,5.388348254629319,6.841512381151492,1.2331926064939103,-8.438544770489395,-27.061208653956324,0.6577302150335131,10.570211929438138,-32.713928966382895,5.738137670684866,-1.0640234737947436,-4.415914144398645,22.558266556960195,14.918682461343575,18.296741186714318,-4.8328372625489475,-20.62391622178353,5.13289452061215,0.5204192724538756,0.55143028799463,11.69752261334177,3.105948997945034,25.016048941525714,41.7705816363525,1.1295435090237553,2.49586518806422,-3.59416177848939,61.03262421081831,-90.96156495111335,-28.460725979808462,-13.898189977812036,-6.468133438756911,21.880733278312384,963.980939936552,-82.24087869332891,3368.0652730383454,-538.906258504273,75.85387932249934,85.35446407670507,-524.2734209044634,48.039449504239904,81.58014439054007,752.6513830529717,21.788711429589906,-16.20422281383083,-16.20621578130597,43.366893668241126
2.482948494,4.369701087,2.87394958,2.861821261,2.346457101,1.379042503,146.9424867,161.1625392,160.6984583,158.6763478,12.42150231,0.02260006806,-0.5508059373,-0.08395157844,0.06763494668,-0.01934657807,1.598578088,0.76899515,0.9912273102,0.4660149828,1.055569335,1.068294492,0.9896290106,0.9674438349,1.026094276,1.09321087,0.6604398659,0.6517786151,0.6817933047,0.9179178897,0.8809016128,1.085750803,1.011532353,1.053253445,-0.486881848,0.9778937848,7.008271675,0.6101352802,0.1678834944,0.08542338265,0.07931626887,0.0,4.019216738,0.0,0.0,0.0,0.0,0.0,2.909887469,0.0,0.0,10.94653182,0.0,0.0,0.9710943531,1.90984869,0.3229665072,0.6637931034,0.2627614403,0.03507601038,0.358490566,28.33507142,9.967957042,0.0,6.9237372,37.96448165,36.02384191,16.52595619,14.26826309,33.45795484,14.79051451,34.196814,6.9237372,37.70453456,0.0,0.0,10.94653182,4.984528428,0.0,8.320894015,20.08812386,89.13,1.701388889,1.438333333,0.5814512472,0.3409312799,0.210632716,0.1784613815,0.06565656566,0.3125228745,0.8347820895,28.75229065,-2.328037354,0.7977313507,0.603421699,-0.5658566481,0.613294332,2636.97538,6.04,0.0167,445.017356542685,42.38574093619965,63.12012543285651,-22.185619399962825,0.23698051294949463,0.27065044453482234,-3.653904680923783,2761.682247619512,-784.9643595009558,-4191.67277666253,1.1060878681088495,-209.63210337060255,-15.88060716966678,15.691155504403145,-881.4239601912523,948.406129002163,-0.7657388928270795,3.597108238542265,3.2841732727899102,5.61051842912885,7.36210941896073,0.8755067133392551,-9.059105141923826,-29.934512455066766,0.17646540053859494,11.532744856487046,-36.73926859984805,5.958571059227847,-0.7965456398256492,-4.660984690509818,24.66637952626493,15.679539223423188,19.20267721764481,-4.998565689379852,-23.045947921269097,5.48317810754478,0.4039526986872032,0.739504317204557,11.740323895138118,2.6259608263965863,27.299337206536794,45.28718560467423,1.232718179016342,3.2968592059004775,-4.352132867327071,57.79885032525331,-98.52689111762383,-30.295062026490363,-15.598946807940084,-7.161461258894031,22.74359103618866,1088.249682698292,-118.85002374712647,4062.9527800606793,-619.3004215441156,57.92185413730459,95.23719404475526,-554.5017618536199,51.00192627351892,83.9644104609073,815.6723115570525,23.177947531581776,-11.878796662761701,-20.42742748811879,47.406087497531004
2.479730606,4.635891784,3.192,3.878726287,3.748263889,1.52479137,151.5781896,160.0685171,161.7134876,168.3136364,5.571005917,0.02563496816,-0.6570422121,0.01376135733,-0.1489606516,-0.1636895066,1.885203501,0.8575438436,1.09708339,0.4016114578,0.8776633278,0.9567766419,1.13131668,1.039315275,1.141813264,0.9125695094,0.6099341314,0.247714679,0.4181185954,0.8893532722,0.9913126359,0.9533945663,1.055480285,0.6704795608,-0.4353723444,0.9893222081,8.007392646,1.240140882,0.1332620998,0.189097092,0.08066422057,0.0,1.889937692,0.0,6.972474923,0.0,0.0,-4.792018266,2.965781106,1.63899863,0.0,4.116513985,0.0,0.0,0.8358149501,1.248830869,0.3163233938,0.6911764706,0.2101437256,0.03351229381,0.5384615385,35.54195691,14.98529578,5.425791397,24.27512131,37.26522558,17.46698741,12.16293986,17.9081081,17.13736782,15.47944295,32.66174231,13.08951281,17.21226049,18.85863142,6.362358859,42.36489577,2.017532804,0.0,11.76696401,23.81549845,92.53,2.104166667,2.237777778,0.6940136054,0.4061712648,0.3187654321,0.3266993164,0.06464646465,0.4844006908,0.8884546629,35.66923115,-2.499649374,1.778319235,2.017839804,-1.18554222,0.215966058,2824.319126,3.31,0.004,456.05722135659084,45.83034209154627,68.82572908922332,-27.861325232539365,0.26756869521486515,0.3306473293007469,-4.164340935477892,2873.8009182084497,-839.1407038654145,-4402.024386264468,1.1319380238088397,-225.1987894429633,-18.012633421071374,17.224396685149394,-1067.8721394601341,1057.590711687654,-0.8663545254694213,3.8091740911824603,3.7146918605424037,5.215553010865502,7.359018290691794,-0.39617696789589374,-9.718376884472631,-32.28470176608348,0.3225023084203542,12.794838947701546,-39.08841124096716,6.461705195973533,-0.8728922104390122,-5.412260596338819,26.028695467222626,16.830193732867425,20.903763908159227,-5.172246415432767,-24.876989364903153,5.835156047483735,0.7695953222668488,1.2743423063930208,11.93637449125768,2.8365360417721472,29.28598752858355,48.1234772511884,1.323481161397163,3.4907105800285585,-4.782871204827667,68.55671069964922,-110.66572158085377,-31.328556365167156,-17.222889546292862,-8.412982641549153,24.88919953605143,1134.0147181020693,-193.79791078125686,4337.511953378953,-684.6923227111124,89.66184501185636,105.49464290271419,-596.0745891747003,53.40310572085766,92.95947302269487,834.6888721554284,24.379229243735725,-5.506802766670882,-20.91680379196297,51.363440891412566
2.596847574,4.055144593,2.464,2.602191641,2.061155914,1.538811367,145.60484,154.1595662,161.8925309,155.3754612,17.18903592,0.007248248358,-0.1438069726,0.01618676303,-0.1677671786,-0.1210053253,1.176742693,1.281947009,0.9151172879,0.4426860565,1.049430623,1.218046396,1.409838788,1.193663503,1.050603217,1.406492117,0.9064493229,0.7041778331,1.262047665,0.7879547701,1.123018354,1.257449802,0.9243572805,1.007787156,-0.4349769101,0.9916128073,3.045311096,1.13463711,0.1950841067,0.08667826669,0.4665289338,0.1020620726,8.948709871,0.0,0.0,0.436781935,0.0,0.2109888747,0.0,0.0,0.0,0.0,0.0,0.0,1.309727891,1.844847411,0.3362068966,0.6354166667,0.242249822,0.0,0.4347826087,26.09929743,0.0,5.098681808,26.83757867,42.16764743,36.11372908,5.693927995,0.0,22.51475897,0.0,19.74844179,12.33872767,38.07697363,0.0,0.0,2.180332577,9.886605988,0.0,7.015426052,16.54069007,43.6,2.770833333,1.798333333,0.7348752834,0.2582514487,0.046875,0.0,0.07588075881,0.271436375,0.9488148711,17.66740671,-2.081039551,0.8665368331,0.7582811471,-0.4255905211,-0.2904327176,1415.056178,4.18,0.0156,403.3008275245306,24.407269836005586,37.77731760214535,-25.02852614049302,0.11517055969099016,0.38698367210766965,-2.124364097257211,1698.293265850148,-428.2131590055477,-2771.9242275075344,0.8214875554828364,-94.49144403260573,-8.437622100265324,6.269172170674226,-328.6729879743328,600.2808410110663,-0.16871082022868233,2.6305510839127226,2.5082417211885017,5.1830987406938505,5.47265100527928,4.842125603940506,-4.772589191921519,-15.117060920382716,-0.3466884024942998,5.018657800476493,-19.035793948435188,2.7948884865734556,-0.6569854623548472,-3.633523517815516,13.51393925406006,9.748559095800115,11.337562198750017,-4.136911726312979,-13.023245707316976,4.144292489953668,-1.6000852994922943,-1.9351358876250595,10.627633134698177,3.238501473647039,15.620251200010536,27.799220852280317,0.6947739122362079,0.7723893904768901,-2.404987743916358,31.00949437433936,-40.5019025445807,-23.249775075380935,-5.978090548266719,-1.370570617471525,11.757856484353463,625.1793542014022,191.25485640657217,1740.7165783118937,-186.3621585350389,6.915620416600999,34.10949286922509,-338.9616452473104,34.106164327203956,48.19512562191407,536.2923959399434,14.70152900070359,-39.25996889758357,-9.814668154238005,23.897128152518764
2.479665346,4.592143098,3.388888889,2.532462522,2.599432766,1.715241105,145.9770422,152.7827526,154.3128004,160.905854,15.71306515,0.01190044546,-0.5428470777,0.1449637136,-0.04421719233,0.1551323848,1.630287458,1.482560055,1.378936789,0.4882031345,1.13147054,0.8279600872,0.9834839684,1.24724257,1.009327251,0.9127065254,0.8937935067,0.8251203022,0.9781196409,0.7802333168,1.006014742,1.110295051,1.369558595,1.017725006,-0.3836350842,0.9925445055,3.057287729,0.6049842514,0.1656097579,0.1023880699,0.2378043927,0.0,6.299471727,0.0,7.582958613,0.0,0.0,0.0,3.520952381,1.783445302,0.0,0.0,0.0,0.0,1.309247823,1.996709352,0.3544857768,0.6532258065,0.2304076644,0.01518817204,0.5283018868,31.40358503,14.98529578,5.425791397,41.67827426,55.67032032,24.01174382,12.03246336,0.0,11.38785599,10.74258,21.31540493,26.93698721,27.26142966,5.13155848,0.0,0.0,7.024931908,0.0,9.823552408,23.86358443,67.51,2.041666667,1.908888889,0.614829932,0.3699058327,0.284691358,0.2275257627,0.07555555556,0.3868399348,0.9186554403,26.28547732,-2.772526122,-0.1580163283,1.161492086,-0.4893930086,0.3046546448,2357.452536,4.87,0.00148,427.3241278228463,38.5632231903831,56.35985322468205,-10.33401541775995,0.29188908934522295,0.3392028871162654,-2.929400407731829,2538.5038154339995,-732.7294736480916,-3968.769529303327,1.0000516313861303,-184.1394019757014,-14.303834488999646,14.517023579407748,-812.1691420289155,920.0552068440198,-0.7018046346732939,3.364274507058653,3.1983022973783224,5.309502000167135,6.808049232445716,1.51888559697736,-8.081478006023053,-26.842229408787883,0.5069238116017795,10.734338534371135,-31.782628766603093,5.44046561784727,-0.962416472804958,-4.891415363477766,21.789081546143393,15.042031662935472,18.378043534375234,-5.132652981340099,-20.109731446065492,5.0172825736239615,0.48353312452951913,0.8083285047295957,11.846028930157631,3.2868067855997256,24.740910279363632,41.000852580024784,1.1188471800730073,2.280599162611944,-3.208688081261198,61.860025090474494,-89.07428823530485,-28.378471831307213,-13.837539910978215,-6.611673057089706,21.971304319719366,942.9678743110409,-80.98518616533016,3348.52131736164,-551.0056959826773,77.23372188703286,85.76108626832783,-541.981369718266,46.82609124401311,82.4643897318439,739.2230329647199,21.33500842842636,-19.63423805644559,-15.986709981133963,43.236500331913504
2.489564699,4.6862198,3.464285714,4.030435528,3.395661866,1.674972571,150.9427908,157.2124529,157.902168,164.0365947,4.019992311,0.02251122592,-0.6489870991,-0.1137738129,-0.02080542731,-0.1026807519,1.883170904,0.7110347005,1.011510222,0.4031347679,0.8780101768,1.085654069,1.014887846,0.996266713,1.043636752,1.019328442,0.6061565275,0.2384997173,0.558354706,0.8436156063,0.9864553424,1.124957332,1.035699166,0.8504615132,-0.4379787028,0.9778299974,8.00739318,1.197957711,0.1494514387,0.2109235208,0.1048899075,0.0,1.879582156,0.0,0.0,0.0,0.6533171805,-4.794439428,2.902408037,0.0,0.0,3.981229457,5.49681444,0.0,0.8179913762,1.200842523,0.3246791132,0.6785714286,0.1881080167,0.01680650038,0.5490196078,36.1090115,14.18117935,10.19736362,12.13273414,61.10326455,35.40481997,17.7707599,17.9081081,28.26427081,10.05365156,40.83731723,6.9237372,5.693927995,18.85863142,6.362358859,44.79141315,1.879582156,0.0,11.91980475,24.4497476,82.16,2.479166667,2.282777778,0.9380952381,0.4469875913,0.324691358,0.2626303438,0.06237816764,0.5163689278,0.9302827335,35.29887123,-2.237155556,1.785412797,1.587005082,-1.543130765,0.5864370347,2654.849616,3.97,0.000497,448.7108000658211,43.090236838892395,65.80432994858093,-34.03648518311912,0.23979805227126863,0.34063001953647365,-4.119073725160495,2690.66681503898,-771.946899982888,-4111.191038146171,1.118755534965446,-210.81156485960577,-17.27774335411262,15.658107237113128,-977.4400224276103,992.0233396635757,-0.7763296946668082,3.69559332397812,3.4828789650094936,4.972059001468455,7.0229423511719045,0.18285880932980436,-9.096897956873816,-30.30451849253745,0.20314269988139422,11.718919409704071,-36.9601165101474,5.838295849460719,-0.6463813959889841,-5.311605837195225,24.506806957838688,15.69727278940476,19.476934230101094,-4.747811722160083,-23.671898051152393,5.681196712308452,0.2625524353232279,0.7957614399918824,11.425173943575409,2.6230048383109885,27.52515055462551,45.57780194597365,1.2509516672076397,3.3708806661216957,-4.935200700650502,61.522671597860025,-101.20458147920667,-30.15149000138931,-15.761079227114823,-7.520818685883036,22.724057464451757,1077.8091315296565,-159.53447469231438,4102.231571068013,-619.1719033008671,69.62157057500022,96.42833315755782,-562.7227075578941,50.62365110612685,85.92680803549862,786.2700002700699,23.084813289461934,-7.92109958117485,-20.442433710805087,47.931370385277866
2.5666259,4.588869829,2.822368421,2.85955711,2.29222973,1.583004036,145.4836216,155.8669565,152.7340905,158.146255,19.87004998,0.01738286914,-0.2158740108,0.06392882127,-0.2561188394,-0.06898125265,1.176135065,1.30874455,0.8580738001,0.4236540159,1.060526546,1.112929932,1.351076108,1.148648649,1.286795627,1.212369947,0.7779949468,0.9801712653,1.071057233,0.7380351429,0.8313563363,1.198164944,1.043732762,0.9587722788,-0.5291147373,0.9872002708,3.514920505,1.343178184,0.2293735799,0.0610145464,0.1401266307,0.0,5.33047856,0.0,0.0,0.0,1.798334646,0.0,0.0,0.0,0.0,11.15906491,0.0,0.0,1.244145592,1.836319444,0.392251816,0.6637931034,0.2166457319,0.0,0.4705882353,28.54971258,0.0,5.098681808,6.066367068,37.96448165,47.38909309,17.19295166,9.473725908,34.01378264,9.473725908,33.96803687,6.9237372,17.80867761,0.0,0.0,13.28103061,2.936712237,3.326427968,9.744957246,26.52295334,62.06,2.506944444,2.09,0.8932426304,0.3597962333,0.183132716,0.08601367207,0.06018518519,0.2226911869,0.926242235,15.35324435,-2.3818119,1.408401666,1.74016382,-0.8567569509,0.2017356667,2371.060659,4.59,0.00793,433.12122680058076,38.24991930115915,57.179581309656015,-19.743596383719527,0.23807200302156567,0.3428006408940092,-3.161777110121837,2513.9483456370835,-707.1562790043627,-3911.6507637705154,1.0407310780992551,-184.8775340743102,-14.605316020292593,13.733411568522493,-787.6680137774946,890.9876572740823,-0.659344100595583,3.422547854982412,2.835865228896509,5.2982286488790855,6.953048666919003,2.1641559261782106,-8.380698540525522,-27.0271934937267,0.3263248810775313,10.21325396245733,-32.605286713021556,5.241901490934707,-0.8062984029393077,-4.6200321625297756,22.28208657278011,14.372115281491538,17.68077706277944,-4.587731662013034,-20.009241854023443,5.194440862710497,0.11418461445711803,0.3559486304771453,11.721937243254482,2.943216435904425,24.159789515432674,40.79318978503734,1.115738415156296,2.407934668485813,-3.913752822373093,54.41961955472661,-83.74623650811753,-28.440129377501396,-13.338882920925627,-6.2617335146565125,20.78171577949756,969.2175438897627,-60.1147668746767,3490.846599240434,-543.9542355078082,40.541681365559434,83.90123366486687,-535.6035296438549,47.56776640118139,77.21133618105044,749.8787322259524,21.32874133241168,-21.458006024007442,-17.981684490966064,42.0557348416112
2.48268941,4.323768632,3.034090909,2.787111409,2.436225551,1.482232951,147.9372851,159.4982643,159.107875,157.7358788,11.3877551,0.02485824717,-0.5132570142,0.1042256118,-0.08982325155,-0.03261636887,1.558863878,1.154968778,0.8585227914,0.5072862129,1.009206925,1.055174007,1.208761749,0.967032241,1.038242894,1.316790417,1.092531525,0.9341221214,0.9212616999,0.8513152668,0.8802018891,1.241553013,1.070018579,1.125399927,-0.4868700299,0.9878153998,4.004860439,0.610137334,0.1970030474,0.1002401502,0.07931626887,0.0,1.988328908,0.0,0.0,0.0,0.0,0.0,0.0,0.0,0.0,10.88954096,0.0,0.0,1.00796438,1.9255391,0.3448275862,0.6770833333,0.2475140301,0.06018518519,0.4523809524,27.04056386,9.967957042,0.0,0.0,38.08841643,23.05826388,16.52595619,9.473725908,33.45795484,15.20739338,28.28963427,6.9237372,17.93915412,0.0,0.0,10.88954096,2.898840486,0.0,6.09278728,17.1366556,86.05,1.451388889,1.358333333,0.5814512472,0.2109158478,0.150632716,0.05234567901,0.06432748538,0.338122589,0.8216438426,24.71660672,-2.246143458,0.6356449582,0.2445683936,-0.6403483629,0.5452612505,2307.396229,4.89,0.0811,431.9669118490024,37.55485422250459,56.93713673281593,-29.183095232064083,0.17792791913516476,0.27718410880809535,-3.2902551233790724,2442.678901903961,-675.5930380555214,-3774.299069881877,1.0250042817297391,-177.17704231056678,-13.742075762816526,13.17254524402056,-728.4123623505433,829.050822914568,-0.5881587915311358,3.296856263923329,3.043644832403329,5.523497889085103,6.744369101200699,1.727908748974527,-7.9058098416826255,-25.805728686558503,-0.3017871296065793,9.713734305080193,-32.29509658724584,5.0537663175388055,-0.500632570506736,-4.501601958103677,21.68365862791967,14.03670891308483,16.991410956561623,-4.846627739674432,-20.818877656908715,5.057165000651962,-0.3057707806535699,-0.13388805179585628,11.475351616489851,2.7047739462198037,24.17468678624269,40.277449680360675,1.0855320520339582,2.8211792218939578,-4.1100672405131045,47.23403165494459,-81.1175220819187,-28.99297921642663,-12.990585700253677,-5.180210646623771,19.023881832420788,979.2946113682588,-26.051972075538472,3574.2328514276264,-496.139180836053,42.537784861372295,76.26298912308086,-485.85964117461765,46.65463005353278,72.21557643397222,737.2562984731526,20.890789506408822,-12.678474945250802,-17.600596376998986,40.74761249213714
2.489223894,4.609166181,3.465346535,3.226015947,3.052037037,1.66347221,149.0744103,158.5566781,157.7870569,159.5676304,8.349932096,0.01366148945,-0.4631945484,0.08028097411,-0.07711301051,-0.02817323477,1.498422711,1.102311023,1.170653136,0.4495960808,1.121386892,0.9141964017,1.075591569,1.022153181,1.025767584,1.087558816,0.5759313814,0.5973396208,0.4771771205,0.8611268577,0.9521990572,1.106243265,0.9945472249,0.8994228969,-0.4158683429,0.9779547335,8.001919365,1.197963927,0.155718815,0.09316242322,0.1048899075,0.0,1.933676692,0.0,0.0,0.0,0.722606603,0.0,3.084142731,0.0,0.0,0.0,5.545981618,0.0,0.911702137,1.370377734,0.3552505586,0.6693548387,0.1834415511,0.01671466974,0.5957446809,29.83951586,18.5715944,10.19736362,6.066367068,73.23599868,29.3384529,17.83846891,4.390415048,22.51475897,5.316788604,34.47495837,12.74095804,5.693927995,10.07780132,0.0,16.48094531,1.933676692,0.0,11.99634369,24.65421357,72.93,1.729166667,2.082777778,0.734829932,0.3361048123,0.2365740741,0.2026303438,0.07111111111,0.473032887,0.8728876002,28.09645136,-1.954801563,1.232595694,1.567388682,-1.074154639,0.3320564805,1902.220223,3.78,0.00332,425.47872889680116,31.9350629639056,50.203597916539245,-38.24154708947582,0.1347243515092495,0.33303475155196194,-3.2306816966882828,2049.389333125846,-541.6017407606664,-3193.514568526905,0.9331329724169459,-137.60981513048043,-11.784685350859823,10.162299383559064,-555.8718651397108,740.7895391537015,-0.38861826244502173,3.042809815738058,2.9788173639944,5.094308338942076,5.92636652370329,2.602851178855079,-6.488160436034917,-20.798606255232688,-0.3801247451775953,7.447926673695983,-26.297561116375295,3.79377106721337,-0.36842132059229593,-4.764022718887181,17.656088677569688,12.072792514750173,14.48450330637488,-4.4364699147775095,-17.743972314459523,4.743007306441,-1.1458681915718036,-1.1410201382121712,10.72926341232525,2.7125005976920122,20.52999983407779,35.0236487071288,0.9137928772121056,2.1547728195305926,-3.7294536296108447,39.3511958834151,-64.63894317171835,-26.78649755503018,-9.679113670987334,-3.2527872146253145,15.385764966523626,820.9328190054346,59.64365778894795,2800.0706838439887,-326.4383583497807,33.692725642870975,55.53819014219551,-400.932690150558,40.45344034151025,60.744276536619864,626.7071319042573,18.027787199947685,-17.054123176498518,-13.662683775056239,33.37480623582708
2.554419443,4.433858685,2.922077922,2.680354267,2.268205706,1.38956811,144.8037892,159.4494881,156.2600774,154.6625296,11.66942149,0.01406520877,-0.2202924921,0.06729999568,-0.09957887893,-0.0833328188,1.17760212,1.107194438,0.8428255809,0.4894932015,1.093894804,1.056256401,1.167676911,1.087826701,1.137486993,1.272791024,0.7338246099,1.061417384,0.9146064745,0.9417924409,0.8531650172,1.180294578,0.9355624273,0.9829969498,-0.5217570929,1.734393689,3.51166118,1.243178376,0.2300667737,0.05610841425,0.130682846,0.0,0.0,0.0,0.0,0.1933021637,2.026949641,0.0,0.0,0.0,0.0,11.79653889,0.0,0.0,1.276694547,1.824670229,0.3318284424,0.6693548387,0.2460482597,0.0,0.5636363636,29.99511672,0.0,5.098681808,6.066367068,67.64494039,42.18892921,18.05032179,9.473725908,28.26427081,4.736862954,39.0661721,0.0,24.95639286,0.0,0.0,13.93879321,2.375280102,0.0,20.90545082,33.07099305,62.06,1.604166667,1.752777778,0.5030839002,0.2060893802,0.121882716,0.1044750536,0.05664488017,0.2562488093,0.9315595801,30.39169732,-3.03006104,2.417834987,1.734753448,-0.4190460542,-0.1278071877,3050.177044,4.65,0.00705,453.5891355583591,48.84056216110292,71.04602895585931,-11.860879826239604,0.3400581686925426,0.3323134231491963,-3.7136774559402914,3112.271880159732,-924.0042766123192,-4668.0881217787855,1.189008393098058,-250.11619431076215,-19.264268775382227,18.96358788707603,-1121.0448531802435,1116.8776972062058,-1.0189612077792618,4.012131055375749,3.3997510219493567,5.307601982803578,7.98253449236369,0.038688853685945546,-10.659659883918936,-35.079439761395335,1.4468725270312799,13.784439242797328,-42.06538040044112,7.308071492932436,-1.2812289522292732,-4.72682657776153,28.607748301199226,17.518500115667997,21.82341999995473,-4.907356949651849,-24.85917065387858,6.041544737355803,1.5343835270546482,2.0679976539369855,11.85628867688434,2.6347566317839646,30.423103466301303,50.288039626080234,1.4065663767522523,3.692235347261459,-4.50685731310515,74.93661683120536,-117.21619993420329,-30.567696473753738,-18.992440771793287,-9.770208216733797,27.617863955563553,1190.251959159446,-247.9524798377505,4512.082732656727,-795.7201220702267,68.44824034921385,119.99697578913013,-677.5718191031792,56.97185439507476,99.93411066443444,902.910181124245,25.92771117166408,-20.282802247757346,-23.458541763438628,54.828162747045106
2.489068717,4.330861325,3.14516129,4.196933493,4.095568783,1.697955764,146.4265994,154.9726588,155.0153376,156.489545,8.123702422,0.04216799896,-0.5635375359,0.01304467063,0.0067845835,-0.1888585747,1.526176318,0.886477388,1.304429863,0.4876832297,1.019702217,0.8307879349,1.050279895,1.053727708,0.9917437252,1.183342566,0.7848951028,0.4956593986,1.307816392,0.7458280817,0.9853048718,1.19441,1.194658769,0.9586397897,-0.48687096,0.9729446467,7.008293415,0.610138462,0.1808867153,0.1413325737,0.08952247613,0.0,1.879969717,0.0,0.0,0.0,0.0,0.0,0.0,0.0,9.221046443,10.67718928,0.0,0.0,0.862510813,1.7875274,0.4141104294,0.6956521739,0.2092316713,0.04776811594,0.5588235294,29.11802345,14.76249423,0.0,0.0,25.12283841,16.63744226,10.70155169,19.37479049,33.45795484,9.473725908,32.82071055,6.9237372,16.31286968,0.0,5.969305288,10.67718928,2.06119077,0.0,2.697679302,13.02227314,97.33,1.451388889,1.483333333,0.5927891156,0.1993024061,0.105007716,0.02,0.07602339181,0.4616410832,0.6311729364,23.18977142,-1.86176707,0.6998647196,0.996805863,-0.6308522726,0.4752943115,1768.837135,3.93,0.0531,418.35033692319246,29.692185456851472,47.647560188764935,-42.68564920402142,0.07741951641911121,0.2421023460804913,-3.2553515026025392,1925.2456158162881,-493.70895986518974,-3030.14866379453,0.9165216544606507,-124.49520028469207,-9.96961255526407,9.147027452586622,-475.95019093603474,657.4386739868713,-0.2763085931429367,2.8255408827281996,2.953667411571378,5.243476928465126,5.719382263691361,2.4248797777009052,-6.007485317170781,-18.9657186184887,-1.3076211168925134,6.713893337512975,-24.878279807994108,3.277087221315194,-0.08009604693032446,-4.578103911599254,16.441601869266606,11.309418822468881,13.420509324517074,-4.371253448936258,-17.212846833727575,4.717079160304821,-1.4975204116324978,-1.6479362889222,10.269014917314648,2.58933406666442,19.503164154868948,33.34735190997439,0.8509799629334558,2.1839756642386594,-3.6581054782832734,29.272989310844835,-59.23055818947912,-26.978933906912275,-8.848862709954458,-2.3039195690930905,13.219462511627956,814.2224857984293,98.40962104101155,2908.1094821391807,-280.51975689418373,25.334404335578725,47.3002371883449,-326.11821782426637,38.39760194587036,52.049536647839616,604.9263293572526,17.209532057686634,-5.998423981473276,-13.327851648585758,30.70373591341397
2.415358586,4.386276537,2.868421053,2.971698113,2.634990253,1.506078082,144.3858134,157.5543824,158.6791883,153.7535254,9.673469388,0.0142407383,-0.431836192,0.03828639845,-0.09946923943,-0.02535826295,1.41248291,1.207780186,0.9136545206,0.4585167736,1.168978962,1.036799426,1.206670519,1.087912088,1.113484646,1.212938005,0.6141812134,0.5960821078,0.9133929333,0.932071799,0.9844447674,1.1637736,0.9822351461,0.9759227132,-0.4915767511,0.992525869,8.001918986,1.435689019,0.2289126456,0.08378473698,0.09215963608,0.0,3.974897958,0.0,0.0,0.0,0.0,0.0,3.249459114,0.0,0.0,6.194725109,0.0,0.0,1.04191935,1.419216367,0.3256374914,0.6293103448,0.1812130415,0.01687465791,0.5306122449,31.93042219,9.374393569,0.0,12.13273414,74.00822951,29.33191118,17.26066067,9.127278001,22.88687966,10.05365156,9.967957042,19.66469524,11.25737949,15.7651876,0.0,19.30652932,3.974897958,0.0,15.06316447,25.56795761,47.04,1.6875,1.48,0.7069387755,0.3114134543,0.18375,0.1443730232,0.06060606061,0.3901285414,0.8908828199,25.83015668,-2.340465476,1.428908591,2.013590133,-0.67071751,-0.03649349186,2092.027564,5.68,0.000456,419.0308382134765,34.08105885591381,52.48401238412134,-21.339378298060062,0.21746513619237084,0.4222366685051085,-2.7432137578180624,2254.4057033061636,-618.4739571770068,-3501.4052354283367,0.9830401905384931,-161.49657145856972,-13.899195323226749,11.624958496780073,-715.9052688885566,815.8259893758515,-0.5346219439415457,3.222223705420973,2.9086475956808626,4.927707398483717,6.328453940742057,2.723979145341543,-7.222460039616394,-23.598556188105867,0.45503139676339033,8.943446426089698,-28.43488123161845,4.781746909196762,-0.7362877590369166,-4.391874147560219,19.77743701779839,12.715823586484877,15.63456869608917,-4.253638211878684,-18.190129665570762,4.566862302303629,-0.36422612508475427,-0.21676766728302765,11.298727715139544,2.938069824808161,21.388732407312578,36.56543787101838,0.9907933798339272,2.0232795743531296,-3.7556249813331934,50.587717344777744,-70.12158358730241,-26.985432718089722,-11.331597168406676,-4.8980828870168756,18.539439470254557,869.3944156270077,-20.206390608590397,2935.717371854477,-467.23654637005825,33.38495081357302,70.76156542085111,-494.5088071775575,43.73908113778944,70.13209697839578,676.3529141581264,19.036535912315024,-33.08838679820127,-15.474624396202918,36.53132873349722
2.483445175,4.409015629,2.981818182,3.194271374,2.612372517,1.557021405,146.4786784,154.9258029,167.4756083,161.1118053,12.15770737,0.01974486039,-0.7043564232,0.2594842893,-0.3917105449,-0.02159633307,1.777307116,1.389506005,1.274371298,0.4937978266,0.9598077313,1.074761265,1.410188061,0.7378952708,0.7211207799,0.9501656845,0.7100039468,0.5318507191,0.7645973939,0.7658417608,1.223185911,1.047131581,0.6357983775,1.082393807,-0.4778197801,0.9777854316,7.008274308,0.6094207349,0.1729008324,0.1567368034,0.1110709264,0.0,8.007290123,0.0,0.0,0.0,2.076106145,-0.08298018775,2.765861993,0.0,0.0,5.269591032,0.0,0.0,1.003390892,1.838342789,0.3033707865,0.6583333333,0.2509168625,0.03347222222,0.358490566,33.57645115,19.74647275,0.0,26.83757867,24.47146181,16.63744226,16.52595619,9.531400138,21.95893118,5.316788604,32.63603612,12.33872767,32.28954409,4.794537184,6.093240071,6.374963598,8.594471583,0.0,3.993947608,16.13367148,92.79,1.701388889,1.918333333,0.6778231293,0.321255354,0.3393981481,0.2678318539,0.06944444444,0.3756908884,0.863722593,30.59614153,-2.799239051,0.258409117,1.108981639,-0.6992319461,0.7726226041,2919.336561,6.49,0.00172,450.2664546407036,46.612657755589545,68.64191392489057,-12.533439727846236,0.30566819989026284,0.2799278712539494,-3.693264259483703,3030.618936779608,-896.9764009366156,-4674.735103009102,1.1548496474845882,-237.40248736947518,-17.294934859312534,18.47567865419124,-1055.34456254388,1067.2619205335507,-0.9328929044320354,3.805986155116043,3.670395573673121,5.6448905811657974,7.778740546356429,-0.14537850705026778,-9.759560547084375,-33.51648922050335,0.624612323746363,13.55283171110961,-40.38859903068636,6.803838555902974,-1.1381935271233052,-5.026201380244909,26.937976198511503,17.2736550721437,21.28720458815989,-5.503843156009038,-25.115792967743307,5.888891778336945,1.249206823944435,1.720555605804452,12.266346938076085,3.0341008927273463,30.22057857291671,49.192688612911226,1.3589589085087073,3.44868341290662,-4.346427529875259,71.20847921862702,-114.00956240323883,-31.641446168253097,-18.25666605661805,-8.792682849879931,26.10995809127355,1166.3207509213917,-198.20374000883243,4411.276335195103,-738.2685753289309,85.99862675562277,111.53362878602016,-627.765028491613,54.92577177484683,96.09121855129735,872.2331781784587,25.214397631801962,-10.930319094342286,-21.87778855525424,53.59047867685764
2.475845804,4.356319718,3.136363636,3.061173533,3.085600907,1.601621314,143.8137918,153.9889948,156.88388,154.1877092,8.650621958,0.01271820306,-0.4833355777,-0.03882586022,0.08125012204,0.08860061291,1.379699805,0.9563027756,0.4636616931,0.4500194626,1.151677027,0.9249283001,0.8505520433,1.173558601,0.9310534228,1.259068149,0.5393116736,0.5846769149,0.8829066344,0.9026143538,1.006587194,1.182860186,1.02193541,1.001291619,-0.3857259184,0.9729411994,8.001919505,1.432397289,0.1923152733,0.09584756743,0.1060972487,0.0,1.537779396,0.0,0.0,0.0,0.0,0.0,0.0,0.0,0.0,0.0,0.0,0.0,0.9337325208,1.418322974,0.3510401189,0.6296296296,0.1780669637,0.01836104812,0.5348837209,32.63405351,9.374393569,0.0,24.26546827,43.32193961,34.64749311,11.64162534,9.184952232,33.90261496,0.0,20.73518051,5.817220841,17.28172588,4.390415048,0.0,13.33507704,1.537779396,0.0,14.19850435,27.927141,58.64,1.409722222,1.465555556,0.4570521542,0.3567806752,0.275,0.1363126212,0.07936507937,0.4346680611,0.7931762919,24.19727328,-1.88839001,1.153717328,1.356030399,-0.716194481,0.2989944241,1753.350222,5.86,0.00578,407.8311922170718,29.727576276157993,46.57525413597634,-29.814274345065108,0.1465083710839728,0.35951271676381263,-2.660416791908829,1921.565893838079,-517.4389948777044,-3140.011625018986,0.9163373798909583,-128.0416321472429,-10.955231251200953,9.004048195726469,-532.6405814107535,701.4368976905105,-0.3346479323081707,2.903767945108206,2.7404814674770743,4.848418784930846,5.672471744047402,3.2872291495042796,-6.0453009405131155,-19.325000990603513,-0.6312954900382617,6.8954186909116775,-24.303156340206034,3.754900253332619,-0.46381863375641785,-4.040501076578587,16.636849029250985,11.247387463316919,13.3382069849325,-4.124561145236331,-16.562302512646117,4.583994197938919,-1.2225167952238374,-1.3730478833293884,10.747386913261382,3.0999920427452357,18.7639141996174,32.44027213481679,0.847511512414062,1.5162552386082113,-3.426057132260171,37.240917872002385,-55.10026490628115,-25.68661584620559,-8.928181526129588,-3.0433212270485384,14.433090280506502,766.2385461676439,91.07237735537518,2530.772036773494,-324.99106348869213,20.121835864558584,51.72419389385269,-386.44775967814235,38.48969477339491,56.623497144184235,606.4047202009896,16.94019401571741,-26.53147109395428,-13.148791609653399,30.20034455074929
2.478903901,4.498947703,3.207207207,2.909484805,2.694294618,1.57952162,148.829875,159.3485211,160.2431936,161.4494405,8.715277778,0.01605308889,-0.5111398772,0.1340426436,0.02173601105,-0.08652583659,1.597480027,1.232712324,1.239045997,0.5144859286,1.126989842,0.9356012687,1.028405848,1.054281988,1.056209518,0.9874856487,0.8845713701,0.8109847473,0.8959947737,0.8696137268,0.9837412122,0.9697838481,1.03391428,1.071249314,-0.3832817955,0.9929414619,3.057285826,1.304727454,0.164104639,0.09597465705,0.06365387513,0.0,1.976199814,0.0,7.383275726,0.0,0.0,0.0,3.368157649,1.739185567,0.0,0.0,0.0,5.969801387,0.9690885496,1.854054634,0.3375984252,0.6833333333,0.211579616,0.03226190476,0.5833333333,28.71083985,14.98529578,5.425791397,23.74332707,49.39795972,28.177007,12.16293986,0.0,11.38785599,10.74258,26.29938345,13.08951281,17.21226049,5.687386275,0.0,0.0,2.509947609,0.0,11.91630315,24.29046293,83.3,1.479166667,1.797777778,0.5723809524,0.2590230537,0.211882716,0.2026303438,0.06481481481,0.440543788,0.8924841645,29.18215291,-2.261161064,0.7366731661,1.265395249,-0.9039505407,0.05375859869,2098.701255,3.35,0.0106,427.3038732592669,35.31719019998519,52.72852485491205,-28.23552022206554,0.18056117130354404,0.2977870700794789,-3.0917856606222207,2271.8458179886043,-630.1756178748096,-3549.285999951299,0.9424950190122624,-154.631163749241,-12.386765501787442,12.059870663266748,-639.1369770946076,805.6510037939532,-0.5148511920240043,3.1344927089475187,3.0949740932051575,5.514871461471425,6.317749585029441,1.9271298252286302,-7.266215521255733,-23.13743987559663,-0.24424013715915227,8.735680741043796,-28.876896511867233,4.642639215422138,-0.649993623113919,-4.42204061504153,19.623443799562406,13.519250539395877,16.140243582009564,-4.865522359127517,-19.158307695358197,4.893454467125435,-0.47358123561021426,-0.5117397731412909,11.34217651155852,3.0591275128770907,22.57689401862473,37.713743594232206,1.000763579394709,2.3011289300333635,-3.4854934001713707,47.251981378347224,-76.43411522081881,-27.795391398482067,-11.485127426707773,-4.456603183252307,17.917540602967268,881.3880410645187,17.832225849848587,3039.99178203221,-407.41894476668955,60.603690603374595,66.45668458900042,-436.3456005335662,43.39484012292779,68.93302212772048,687.638729185098,19.700476502514437,-11.59852226449973,-14.338387213237551,37.542524800117896
2.522733116,4.446991436,3.044247788,3.461835749,3.52359882,1.639571811,145.5551487,152.4355627,155.3217247,156.7675134,15.6875,0.02287544598,-0.328286221,-0.1350005344,0.009219788951,0.1080247527,1.289780278,0.8519256626,0.7408240169,0.46619621,0.9366525134,1.144442114,0.9123650423,1.306474314,1.155491699,1.197901049,0.5446483392,0.6674434426,1.034022137,0.7687019084,0.943808923,0.9735924125,1.09913052,1.010588099,-0.5283489169,0.9113276882,7.008281928,1.400027586,0.1911998925,0.1083494866,0.1079403259,0.0,3.109596788,0.0,0.0,0.0,0.0,0.0,0.0,0.0,0.0,10.72422445,0.0,0.0,0.6684704376,1.665810085,0.3475177305,0.6416666667,0.1810800126,0.01709677419,0.4791666667,32.29197377,4.681802935,5.261891555,12.13273414,54.09438804,6.196843572,0.0,9.473725908,45.77039023,15.0329928,28.98405835,11.33111287,5.563451492,0.0,0.0,12.16590032,0.0,3.109596788,13.54639888,26.39880165,92.93,2.291666667,2.176666667,0.7518367347,0.4270754598,0.230625,0.1279461279,0.07729468599,0.3900871851,0.8708884813,26.84622834,-2.307493793,0.9549070829,1.958382602,-0.5888906486,0.08387734908,2259.370404,4.22,0.00851,420.81430241405803,36.683396599663496,56.57840687553587,-32.01049600698011,0.17268304639137189,0.2542773527770338,-3.114637539580598,2364.391077105764,-663.6427599540588,-3809.0533876958507,1.021906109601618,-175.36365326980396,-12.966205044747229,13.22411238454001,-744.6978104511152,794.5342702129384,-0.5599734505845286,3.193375908588127,3.0190241958285724,5.330713543910862,6.4907829528875505,1.587570142658004,-7.397643007246966,-25.521026597271458,-0.9775677139944061,9.978204815319684,-32.11895225009628,4.787418515820683,-0.1547719385895252,-4.829999024428241,20.908239305947564,14.04551727689482,16.84710482589947,-5.146023303422153,-21.338645187740198,5.082055496143091,-0.4045716324570525,0.050775727997617204,11.508746036969315,2.9708162413375194,24.233656540055183,39.207919542400695,1.0715965815218942,2.74350635863643,-4.138973709480276,45.788588550323794,-77.09107120948042,-29.30250839467613,-13.386845945051665,-4.786038882411629,17.790246283643388,970.7458959223603,-17.540111445403276,3706.222475417258,-501.66333493275874,43.04838874745438,73.289563969482,-490.01297977239585,45.91060321504907,70.75747665352391,708.6029274764536,20.517781172486686,-8.629438179154494,-17.76871813573102,40.34015290876702
2.447093052,4.793948725,3.13,2.856229323,3.240003106,1.614440359,144.7216271,155.5442346,158.9492957,156.0137833,11.09037037,0.01779936019,-0.4610514897,-0.1256650061,0.02882840204,-0.04737028428,1.360256577,0.7425335688,0.8973705473,0.4925394445,0.9600473733,1.132578952,0.9103044279,1.207936335,1.113316628,1.135146366,0.6952777147,0.5920619779,1.129332362,0.8754222799,0.9224047234,1.089899389,0.9916049776,1.061682954,-0.3817537555,0.9877164069,8.001918968,1.304326965,0.2540009045,0.1468055473,0.1141622592,0.0,2.017820977,0.0,0.0,0.0,1.303301032,0.0,3.356077098,0.0,10.29948396,0.0,0.0,6.032799568,0.9644160998,1.327967941,0.3694581281,0.6339285714,0.1941264787,0.03563492063,0.5111111111,28.03448816,4.390415048,0.0,24.59104416,54.44884259,28.66715822,11.56673267,9.496942443,17.00689132,5.316788604,15.07448444,5.817220841,12.48718869,15.7651876,0.0,14.29720066,2.017820977,0.0,10.78528013,27.64213788,58.04,2.25,1.773333333,0.6514285714,0.3408919123,0.215625,0.1404958678,0.08080808081,0.467319627,0.8411547037,21.66335514,-2.232619483,0.9981352607,1.70183324,-0.7684211434,0.05089532831,1332.397184,5.63,0.000345,401.7207330212175,23.505110762869705,38.10647160161613,-37.55128176765984,0.06003947578453872,0.41699017696153956,-2.4351351595853723,1547.209681346203,-379.82923970230405,-2554.6927021905567,0.8055311417870582,-83.92661169134986,-8.27099161329511,5.343661065289078,-370.53319550680374,576.5139578002794,-0.08876114547448113,2.547433479880291,2.632888284519609,4.908230838135099,5.070978146097141,4.188180114804605,-4.500714883093956,-13.86262048535208,-0.8891681630109067,4.528895742581355,-18.21586179797423,2.680774126970432,-0.3834667004685366,-3.645578311159765,12.735636384031753,9.156300089501563,10.764444080704646,-3.863381895638929,-13.395782855808301,4.171511080829729,-1.8844187460916915,-2.4795393051328163,10.098516969047855,3.085168686730815,14.978572738297068,26.85502556136121,0.6605843032688211,0.8627064151264183,-2.898599330727426,27.046797902478502,-37.32349154838156,-23.238710263195834,-5.458776735545541,-0.9057271615203781,10.169795173686333,610.6104818981009,205.63846536127699,1726.334235192573,-148.095749186543,13.055267718642938,28.299641401456256,-282.04037947292386,32.500903840688366,43.54067122613496,501.6487993171764,14.05899769128997,-29.288474233607804,-9.392073383467762,21.81541407387011
2.478964104,4.505698205,3.411764706,2.622318111,2.649559083,1.685800705,146.0676287,153.7663145,156.9194649,160.2989134,11.5904,0.01264783856,-0.5395434782,0.09456313326,-0.1096639568,0.1756703637,1.6178824,1.494180311,1.275598056,0.5158019987,1.032934996,0.9536907823,1.027097535,1.001602564,1.062753036,0.9557038835,0.8760093448,0.8485571093,0.971301665,0.8173616901,1.033535669,1.101423199,1.224456026,0.9999325716,-0.3836345073,0.99294184,3.057284784,0.6049846518,0.1672719035,0.1034126674,0.1146045727,0.0,4.097914854,0.0,7.569080012,0.0,0.0,0.0,3.480119048,1.780111969,0.0,0.0,0.0,0.0,1.249918767,1.993954531,0.3325791855,0.6583333333,0.2262521845,0.01577060932,0.56,29.9187536,14.98529578,5.425791397,53.30809282,37.61968013,24.01174382,12.03246336,0.0,11.38785599,10.74258,21.31540493,20.01325001,21.69797817,5.13155848,0.0,0.0,4.817587998,0.0,11.86652881,23.88832352,67.51,1.729166667,1.797777778,0.614829932,0.2711404006,0.244691358,0.1695724926,0.06018518519,0.3960070552,0.9106332523,26.58713195,-3.021859999,0.07321260254,1.134999841,-0.6000809464,0.3294017303,2139.566019,4.35,0.00291,420.5059949939189,35.84309292436997,52.200696700556094,-13.960174060521439,0.2510462469689268,0.3381527840618521,-2.7368288436315593,2338.0779030519097,-670.8212926770964,-3728.6931802149998,0.9487226448399928,-162.24803072545575,-12.980258503395575,12.676400255510735,-706.4937698632608,855.782375064767,-0.5864294191495284,3.1887188965236315,3.0253153434019207,5.322404849220975,6.407794344097224,2.0113299929223696,-7.4522117403473995,-24.135383161335277,0.02262968018004141,9.483277156396051,-28.986671158785008,5.012888474380111,-0.9044506075818737,-4.312087186878892,19.98009655877018,14.039153599719416,16.834007935967144,-4.888618529014908,-18.88309490719469,4.877033393810552,0.011397066723394467,0.1426494236155489,11.64644746380683,3.4738659064919686,22.78810412098521,38.089174338127954,1.0251430732990632,1.888023058714148,-3.039385098871347,55.62952036430356,-79.4401280975725,-27.3333926553141,-12.256615607532567,-5.550981807490896,19.66319596048659,869.3957519641037,-18.056978476174905,2985.8497920723958,-469.1000404129001,70.54905957767636,73.96272725827879,-478.2595080426265,43.80645486830883,74.68578252635172,697.6167671532439,19.967577278942322,-20.269963862698734,-14.460163596376729,38.869059634046174
2.489223894,4.609166181,3.465346535,3.041173697,2.719320988,1.740090696,148.0907525,156.3193058,156.0906875,158.4139853,8.349932096,0.01265889347,-0.4634021685,0.07528393966,-0.05914573135,-0.06202629347,1.529039708,1.095401983,1.250186372,0.5031901654,1.083235206,1.017617962,1.128702847,1.022153181,1.025767584,1.087558816,0.8426922983,0.800223025,0.7961000317,0.8269778698,0.9642722052,1.070285364,1.031022745,1.029892633,-0.4158683152,0.9779547335,3.066006577,1.197962146,0.1622406423,0.09706374365,0.1048899075,0.0,1.953517962,0.0,0.0,0.0,0.7456177798,0.0,3.192167423,0.0,0.0,0.0,5.606745507,5.974580683,0.9438417146,1.524524683,0.3453304375,0.6693548387,0.1867141934,0.01628264209,0.5957446809,30.7849778,14.18117935,10.19736362,17.66730696,73.23599868,34.36108622,12.02124807,0.0,22.51475897,5.316788604,34.47495837,6.9237372,5.693927995,5.687386275,0.0,3.358995671,1.953517962,0.0,11.99634369,24.65421357,72.93,1.729166667,2.082777778,0.734829932,0.3361048123,0.2365740741,0.2026303438,0.07111111111,0.4851766488,0.9463483511,28.01159943,-1.786960274,0.7580408127,1.30703454,-1.155590694,0.5671215673,2550.097043,4.0,0.00126,435.3793937814145,41.85086965115725,61.868520183452084,-23.655899905113593,0.25854137002220545,0.3182070117598686,-3.4207731224866587,2635.821044485509,-769.9309941979226,-4103.594253552767,1.0624162377328195,-200.10459734613235,-15.777017220343192,15.283664517106917,-894.8585133483595,953.775248551951,-0.7557103841847765,3.5399595361935052,3.2273281487633523,5.1616490035936,6.949711500247352,0.8171856688928808,-8.773322206328777,-28.942032878773627,0.3652778748924266,11.228223857313626,-35.344131168761805,5.861197271730919,-0.8392014354817365,-4.765385581161478,23.80147562500201,15.50618320306879,18.94694366073575,-4.984503841526317,-22.239994531720775,5.498256724730482,0.43851130806018845,0.746951831295744,11.644970301447549,2.9575829060106646,26.41819199799041,43.48474506577719,1.2002765463370426,2.938484996088572,-4.166610794688359,60.946265079251006,-94.62774234101121,-29.0397664486084,-15.092525744538356,-6.994173011579316,22.240094745498045,1018.6924181144549,-108.1481212281603,3751.929010786018,-591.5031996504277,66.86329741475463,91.478865556027,-558.3600189729051,49.71062405701014,83.89394670585156,776.3320420026632,22.636656573654225,-13.041233054664653,-18.709093454091445,45.918250571448695
2.478793984,4.473770881,3.4375,2.779473613,2.653385709,1.662759939,146.1688725,154.841507,157.148242,155.8097542,9.372566772,0.013470729,-0.5346896222,0.1681684608,0.08087769283,-0.1624160067,1.602459466,1.306929059,1.326810002,0.5385371777,1.054939075,0.9098965566,0.9936580778,1.023674242,1.03714364,1.094129555,0.8482306971,0.9153877665,0.8110277244,0.8623184619,0.9868779623,1.037392272,1.123297828,1.003608145,-0.3841204441,0.9938424863,3.057263684,0.6049877535,0.168967786,0.1044615368,0.1073021503,0.0,2.0002376,0.0,7.485346521,0.0,0.0,0.0,3.452896825,1.763097889,0.0,0.0,0.0,0.0,1.21158855,2.0002376,0.3091334895,0.6637931034,0.2218371014,0.01639846743,0.5957446809,33.13142796,14.98529578,5.425791397,53.8110084,30.69594294,24.01174382,6.338535363,0.0,10.57107519,10.74258,21.31540493,13.08951281,16.95130748,5.13155848,0.0,0.0,2.719077411,0.0,14.31861096,22.53967696,67.51,1.416666667,1.606666667,0.5331972789,0.2398904006,0.164691358,0.1365146414,0.05797101449,0.4063987056,0.9119569556,25.92276692,-2.96510097,0.2826825663,1.064869272,-0.6254337812,0.391100539,2267.394437,3.84,0.0056,422.2914109190423,38.05440793419866,55.03831976077202,-13.606569145940462,0.2673324610857434,0.3388727912403349,-2.8408969608169308,2431.971008847505,-712.3403990883035,-3869.827938161627,0.9744700260599284,-173.67259315702984,-13.779402170547279,13.634909461502717,-786.8770672301183,902.2633830771246,-0.6522434573303234,3.303552699138097,3.082162035771733,5.231970062618628,6.544842549250695,1.5575199374401196,-7.964125371598053,-25.622220725609672,0.19297850101213676,10.109087893732186,-30.886988574919176,5.496953420690538,-1.039546077622993,-4.101005422329806,21.333605639486645,14.555356183995201,17.51653289572011,-4.839392175526511,-19.86248254796754,5.1210279581439115,0.335589140447774,0.3770178109044593,11.666262290522527,3.4484818594090534,23.821510530922264,39.678596641253456,1.077032039215038,2.0520343208916803,-3.260081761027119,59.251112815934164,-85.04518008267836,-27.70328081989254,-13.317839166346067,-6.230835054525162,20.832317459036656,907.9302849462183,-50.17419674969245,3159.9186895014914,-517.7752291353404,74.40142877325357,80.41523040712075,-498.37595317100966,45.59791069255685,78.18803057834376,727.6829083071756,20.915859610779364,-17.785435966231873,-15.524375928726972,41.07225431243137
2.566577762,4.583620745,2.904761905,2.972624799,2.698872786,1.590894272,144.6944362,155.5955877,153.5583306,156.1586501,17.15826739,0.01519714395,-0.3685903215,0.0520064886,-0.08897918642,0.007959900951,1.35008478,1.169627915,0.9391132119,0.3925371561,0.9799446984,1.039859513,1.154040608,1.123880062,1.310775296,1.226189796,0.5715990939,0.5777138749,1.048523114,0.7936502172,0.826102554,1.142838467,0.9278642951,1.077424123,-0.4963776006,0.9776701433,7.008273414,1.343043853,0.2294203302,0.1666476987,0.1554655659,0.0,3.376057418,0.0,0.0,0.0,1.546251312,0.0,0.0,0.0,0.0,5.040085102,0.0,0.0,1.176365741,1.782925642,0.392251816,0.6551724138,0.2142963571,0.0,0.4897959184,27.27226084,4.794537184,5.098681808,12.13273414,55.66066728,35.07913167,5.693927995,9.531400138,22.51475897,0.0,32.82754461,6.9237372,28.16666629,0.0,0.0,7.111213456,2.866231494,1.399730654,11.82835611,28.56224093,69.9,2.319444444,1.898888889,0.9217687075,0.3169721592,0.165941358,0.06183042547,0.06944444444,0.3050070706,0.9150048267,9.272676168,-2.392158792,1.178465616,1.014550274,-0.3864094707,0.2115673008,2531.128193,4.46,0.00926,436.51369271352405,41.130337766686104,60.54277631691063,-16.729435035656557,0.25986568690677453,0.33593619010483966,-3.331174160993352,2646.0378493136236,-767.6949060407879,-4117.926977904731,1.0671916718446002,-197.49677282384724,-15.613040845398087,15.082882716742168,-894.6526416687605,967.7161282961264,-0.7431015955725433,3.547242984548682,3.0546135637320817,5.236826655020037,7.135075677290424,1.263142903779152,-8.992074041479514,-28.894915198220527,0.5600005515000719,11.12630770893802,-34.73824087971342,5.847466791236462,-1.0754951750168544,-4.623082029274756,23.797848259132106,15.183769973988117,18.795554325477877,-4.742999216862627,-21.268601155720788,5.427617760926463,0.6090534372703964,0.7701868366231973,11.872753510392382,3.02276665857872,25.611553996336777,43.22928575873229,1.1856322173512162,2.5425298255828768,-4.039121261651948,60.984858870607866,-93.4150755657531,-28.968766485605933,-14.565551824560798,-7.297536457274352,22.63398101264635,1007.9445929347845,-107.24503286895495,3670.4073090880115,-599.2981568031647,60.69612961085968,92.47651392128425,-553.5087823203141,49.38393779667547,82.67130776727781,785.5969756482453,22.616965884391533,-15.293811639680143,-18.50933144570755,45.23887876147169
2.489975236,4.71596176,3.19379845,3.073921028,2.718962963,1.690803163,148.9083903,155.3654683,154.9429922,160.6029834,15.76892562,0.02075573822,-0.3632307174,0.04849614467,-0.2890040533,0.1847012955,1.375888378,1.174993855,0.7894834076,0.4762873966,1.100380678,1.050066621,1.174857681,1.102466149,1.06547793,1.012861736,0.8485937258,0.9857869279,0.7804354379,0.7220477107,0.9456300612,1.039038164,1.081867653,1.064852221,-0.529354413,0.977891196,3.514945347,1.197962429,0.1779205555,0.07093111156,0.1048899075,0.0,5.151582052,0.0,0.0,0.0,0.7338690391,0.0,3.21303162,0.0,0.0,10.71245891,5.684291803,0.0,0.9267645456,1.52084537,0.3558282209,0.6764705882,0.1894627029,0.01529411765,0.5090909091,32.97442507,14.18117935,10.19736362,6.066367068,48.97053041,47.53755411,23.52027174,9.473725908,34.01378264,14.79051451,48.69455345,6.9237372,5.693927995,5.687386275,0.0,14.05060874,1.949194701,3.202387351,9.959216892,24.77369417,91.39,2.416666667,2.273888889,0.8997278912,0.3794721592,0.3987654321,0.2026303438,0.06172839506,0.3307756647,0.9003906711,29.83603179,-2.295373844,1.27536627,1.735041241,-1.32017055,0.3698685579,2281.72668,3.48,0.00388,437.8007466197814,37.13234549269226,56.83712456971936,-33.701161105440214,0.18241438160964646,0.26274386307867326,-3.6153446585780484,2411.485273986005,-654.4027541968437,-3715.3614445946814,1.018895591614268,-174.5787270563815,-13.202204857560083,13.320738327771974,-688.4056481450415,827.0208629197637,-0.5811254635757064,3.28867429247521,3.0485150609884473,5.568765260456619,6.6705426543775985,1.686349972015741,-7.75920717198543,-25.571679466548915,-0.4062440831332337,9.659901465078546,-31.895340883961975,4.6255357437162825,-0.31065761414358595,-4.958193783606495,20.988756509399582,14.14053362174796,17.131622699690862,-4.8406210054535315,-20.674798474223252,5.233426913272486,-0.4407795612162815,-0.1407857566183166,11.254973060698047,2.675409495635158,24.41522015597865,40.364746552903796,1.0815858354087051,2.9068989981423488,-4.062042939280046,46.37448724478804,-83.71136677288166,-28.97867702235526,-12.87701657426653,-5.065788859284137,18.565563040803646,970.721925375699,-27.539513345922614,3590.8203664875305,-461.92796861889707,47.879149214961046,74.94343378693316,-474.89961075368507,45.688194805666384,72.00539695704543,716.1620376235159,20.798450048356724,-6.6964752135468,-17.45899622324873,41.08618891508792
2.491354202,4.275538042,2.68,3.20962963,2.666666667,1.794331729,145.8406206,155.199154,151.4701055,156.5622072,10.25231481,0.01585984054,-0.575695827,0.1249484841,-0.01607020327,0.09944951998,1.566150722,1.28497732,1.07457675,0.4955332625,1.033674441,1.074146036,1.130461685,0.9884467266,1.291720154,1.207702182,1.097125467,0.8271669163,1.185173254,0.7920328137,0.8364746317,1.234870868,1.090908868,0.9143549936,-0.3989091992,0.9929423376,4.005275594,0.6050168691,0.2190975601,0.105574127,0.1234317777,0.0,1.969162415,0.0,0.0,0.0,1.708679086,0.0,0.0,0.0,0.0,0.0,0.0,0.0,0.9801417234,1.751691127,0.3529411765,0.6630434783,0.1887907273,0.03988405797,0.5833333333,29.72606633,4.983978521,0.0,17.40315295,37.25557254,23.65106663,5.693927995,0.0,21.82845468,5.733667477,19.93591408,6.9237372,5.693927995,5.13155848,0.0,0.0,1.969162415,0.0,6.723200076,16.8748562,77.58,1.534722222,1.432777778,0.4441269841,0.1224489796,0.04125,0.01234567901,0.06606606607,0.3762926527,0.882440789,12.87466026,-1.853297408,0.05554501583,1.790278537,-0.7232237683,-0.1196205732,1736.593261,4.28,0.0327,408.02285156708865,29.572869418657792,45.87908093801105,-31.446769358655224,0.12949706051923537,0.3121465259467896,-2.680010244979006,1903.1389722873182,-508.0503615693484,-3117.468165369468,0.8807561354017253,-121.4953881191007,-10.005090333103754,9.150259169268246,-509.70559473703764,680.7684254548055,-0.31861591477066936,2.8017268315946504,2.7656719354341606,5.151356498520093,5.631974111851101,2.998498649581151,-5.986579006515929,-18.768639633864897,-0.8169164470157155,6.726868910997728,-24.08117343911733,3.699645434671669,-0.38005780917051957,-4.179974519141607,16.41549658703812,11.425047773236628,13.58421014832518,-4.446224431985808,-16.29659945168483,4.536574805173442,-1.1267351028921146,-1.5470183949113556,10.932219993692541,3.1323545740893053,18.77036815442661,32.13332249606647,0.8366953195503117,1.5935008479074748,-3.2303184149634108,34.82386717863564,-55.41120909171041,-25.903319035569435,-8.555114940251329,-2.6260629773530995,13.990772277757877,758.0882262185208,119.49835280657007,2494.6654315856717,-294.02466037605575,32.699342117725266,48.413396154802356,-363.84272122151043,38.14932504201801,55.26838551516518,600.0287078083946,17.086565888037143,-14.918742188950512,-11.749904756160293,29.963668367251653
2.467429019,4.444052454,3.032258065,2.822239369,2.579379138,1.414631977,148.6684509,162.0157313,164.0819914,158.7112036,7.826272695,0.0129263941,-0.2809442213,-0.07268920751,0.01103194595,-0.1220117078,1.330948691,0.9549829319,1.249634785,0.5129172249,0.8678845922,1.137550659,1.089554357,1.0309195,1.03339666,1.179794521,0.5398195628,0.604574093,0.6071503257,0.954629469,0.9561507326,1.091928548,0.9062819223,0.8293963805,-0.4308075987,0.9929434613,8.00191915,1.216250059,0.1640480787,0.07729420917,0.08263127639,0.0,0.0,0.0,0.0,0.5932762928,1.807806182,0.0,6.852749604,0.0,0.0,0.0,0.0,6.055886962,0.9029170953,1.352371614,0.3288590604,0.6693548387,0.2299945501,0.03245356794,0.5471698113,30.13556166,4.390415048,5.098681808,11.60093989,68.24726451,35.21191463,16.85062228,4.390415048,11.25737949,10.63357721,32.8379546,11.73512689,12.84164325,15.7651876,0.0,16.35374068,2.959357796,0.0,16.15318254,27.80954257,67.66,2.159722222,1.4,0.5063038549,0.2574798438,0.18875,0.1850851954,0.0589569161,0.3787920274,0.8736360892,23.31022179,-2.782015546,0.5416512231,1.336815108,-0.6397582985,0.3330300234,2325.057498,4.18,0.00388,439.1673007723798,38.171979090899605,57.518463648708945,-26.238430592190845,0.2142601168241407,0.38095114219930193,-3.394770602720352,2461.213249004672,-689.6371846573984,-3773.3276427534634,1.0151262079031902,-176.91059829558452,-14.749556469838675,13.387850825390434,-776.2771389309661,906.7104510647245,-0.6316060558587749,3.4249559874027913,3.1561954176917872,5.304251112691623,6.747665341719256,1.740452937800081,-8.151278598228606,-26.133203444706588,0.5616645084908836,9.850930189671164,-31.80384296515569,5.284585539828807,-0.9582302854334195,-4.516123162239412,21.803621106297552,14.028055739159708,17.25632040502767,-4.58652359268816,-20.22759473238698,5.083161323879518,-0.07247924910312831,-0.08860465066199574,11.554548118830564,2.8883102711071915,23.956305391284836,40.65896506568299,1.0971612920507445,2.4915792411497124,-4.114563907608144,55.56030265277343,-85.01242345057088,-28.34491968960384,-12.67580307826639,-5.878559643135231,20.58549007259822,944.0607474924464,-49.7787440314136,3225.740356829386,-494.4049834383154,56.67565680144174,79.67730655545782,-499.69918109481324,46.585761401157704,76.42356303269439,732.3932161958141,21.06779239110553,-19.48703901731994,-16.597931669454784,41.347611772734325
2.478945707,4.515688836,3.177966102,3.056565657,2.718079922,1.550384998,148.5111826,158.5092233,159.6619223,162.4198265,10.13609467,0.0157189114,-0.4797711177,0.0405743607,-0.08147893939,0.008285825799,1.549921615,1.386814753,1.173414265,0.4833819389,1.119160154,0.9460721419,1.054651503,1.067093515,1.017763158,1.015119617,0.58399396,0.5725075363,0.7106804804,0.9171861945,1.008991876,0.9729876864,1.057896818,1.067756849,-0.408395219,0.9110327857,6.027275724,1.426059173,0.152286462,0.08906267472,0.06365387513,0.0,1.971674587,0.0,7.363740218,0.0,0.0,0.0,3.386001013,1.73430713,0.0,0.0,0.0,0.0,0.9950428844,1.952928091,0.3223684211,0.671875,0.2094889322,0.02941176471,0.5384615385,27.74046552,14.98529578,10.68768295,24.27512131,42.82867707,23.15437369,12.16293986,0.0,17.4570773,10.74258,26.29938345,24.42062568,22.77571198,5.687386275,0.0,0.0,2.487529809,0.0,15.58646447,26.27830895,107.09,1.479166667,1.837777778,0.6123809524,0.2590230537,0.211882716,0.2226303438,0.06222222222,0.4006864785,0.902748663,30.43538633,-2.697931787,0.6424109054,1.533404289,-0.8322998122,0.2140423837,2298.690589,3.14,0.0515,429.21760423010767,38.00967255831583,57.00936379162747,-30.783874186104505,0.1820205542190797,0.23374719396641552,-3.2510209936751195,2438.3239336117817,-687.9034932225334,-3820.017457872163,0.9849775296623329,-173.61176222706584,-13.057008368471733,13.855059109735363,-735.4663195033529,829.7431688172308,-0.5946423777896183,3.210580352247971,3.3198551729454127,5.646660442873825,6.561942458981424,0.9325762139679242,-7.567776335045339,-25.584789773631694,-0.6573722635497905,10.135576097960268,-32.128572400860094,5.018306790049484,-0.36986218003730786,-5.013952467845197,21.106496133386226,14.80305440247172,17.705286736073955,-5.613892142184509,-21.61679669008551,4.984341089926347,-0.20876054389573273,0.1960979846229346,11.672202342220691,2.9951565103743425,25.091972056436386,40.46707372502847,1.0920555774479512,2.9169067334177705,-3.752715905120028,50.419498637044285,-84.52995748277951,-29.579002450427872,-13.45947595798686,-4.968013434850504,18.942398195561413,966.0248675250392,-26.277138828300785,3592.546328109213,-478.9808277596133,74.82492951904466,73.88395918973957,-480.03402847946364,46.2851022944519,74.76326080419356,719.7779339190286,21.058304871335853,-1.778267080778297,-15.995079529725952,41.82383772894086
2.489279474,4.623396865,3.433962264,2.959410669,2.752743484,1.680261638,148.5938777,155.9702392,155.574251,159.9664443,12.63706267,0.01694058782,-0.4045692856,0.1130505018,-0.01471255494,-0.09623289653,1.433737356,1.021379518,1.105575044,0.4831028665,1.121588338,0.8854823267,1.052139994,1.098813159,1.000103817,1.085781412,0.8435001875,0.9200408883,0.6387290264,0.7913115931,0.9430902387,1.066111932,1.045175895,1.044523986,-0.529344468,0.9779390641,3.513573993,1.197963531,0.2069567507,0.08246844233,0.1048899075,0.0,3.59163307,0.0,0.0,0.0,0.7475331417,0.0,3.219346813,0.0,0.0,5.213756179,5.63687025,0.0,0.9465774048,1.527240733,0.3426724138,0.671875,0.187328697,0.01575126263,0.5490196078,29.47437565,14.18117935,10.19736362,6.066367068,73.23599868,29.3384529,17.7707599,4.736862954,28.26427081,10.05365156,41.58475591,6.9237372,5.693927995,5.687386275,0.0,8.585418375,1.956635876,1.634997194,11.99634369,24.65421357,82.16,1.729166667,2.122777778,0.734829932,0.3361048123,0.2365740741,0.2226303438,0.0697167756,0.3937330165,0.9234235618,28.6244859,-1.978596498,0.675740539,1.378192258,-1.177887639,0.4302977571,2523.586878,3.42,0.00423,439.9282564854475,40.99709523030972,61.46409058047968,-28.287663574206583,0.22967853607283245,0.2935486126080456,-3.620407312983833,2616.735810697617,-744.3445387726847,-4036.146171157476,1.0678818386354985,-197.40237559678457,-15.287940082983804,14.970919099463247,-848.0550519474311,921.078194573157,-0.718404660197545,3.508874999140056,3.18551716317076,5.3661039725469495,6.995025418436514,0.9635788101080575,-8.61203853475973,-28.59446828161926,0.10149357178525487,11.010424099522433,-35.1646883457942,5.547781979920762,-0.6186535692179069,-4.933451295544714,23.399074487314106,15.276632390266819,18.702483832517956,-4.981051155669421,-22.267830128670624,5.428670640131443,0.19533339702187136,0.5844817604366197,11.573234976329736,2.757755874499296,26.36068402844973,43.425675829033565,1.1876436220432516,3.1111429398681523,-4.299200684110937,56.50159886531408,-93.37082761027847,-29.4460834257028,-14.75701603533661,-6.542206386458171,21.377607929822947,1031.3126186079005,-95.13598249482592,3845.1605576135007,-565.8887804345445,60.351640948068294,88.50920793843677,-541.5510122039535,49.271127608716995,81.28651078862,768.306278398759,22.423497895122637,-9.762230863753222,-18.97422795687401,45.443671934832786
2.454495545,4.663924,3.5,2.937830688,2.660628019,1.581865967,147.2916676,157.2172324,160.5709956,157.6989052,8.929150892,0.01485775373,-0.5020530234,-0.01117032491,-0.2766266119,0.01189052502,1.53335304,1.400349602,0.6593175512,0.4770994593,1.031024552,1.118351436,1.211913467,1.022556161,1.102820057,1.091318786,0.8864274692,0.769724801,1.025085047,0.90054243,0.9862933871,1.088759054,0.9828811996,1.034119561,-0.3825238893,0.9938439006,3.063580888,1.43562593,0.1785153727,0.1051242829,0.07173753613,0.0,1.962143731,0.0,0.0,0.0,2.038593845,0.0,3.433067366,0.0,0.0,0.0,0.0,0.0,0.9594385393,1.806243,0.3488372093,0.6666666667,0.1925997468,0.0337164751,0.6046511628,30.78533471,15.29317186,5.098681808,24.26546827,43.32193961,22.33098998,5.693927995,0.0,0.0,10.63357721,21.01696192,13.08951281,16.95130748,11.37477255,0.0,0.0,1.962143731,0.0,11.18197485,24.1830971,80.06,1.506944444,1.457222222,0.4734240363,0.2683216805,0.145,0.06938271605,0.06060606061,0.3870138214,0.9190855772,27.82714273,-1.661369744,0.7826813432,1.861036872,-0.7635385099,0.3282003883,1806.030385,3.87,0.00858,419.8177952346083,30.949354667801238,47.14015159890081,-30.961783941964846,0.13970927520021903,0.32062752467380307,-2.916689338449406,2005.4213255871266,-531.2179703486686,-3126.9360899600074,0.8716623287384484,-125.87280937360833,-10.436839511048841,9.860545731771735,-514.7565812035723,722.6727564667243,-0.3612779740571845,2.907280559315375,3.0123561230931513,5.4642030557407315,5.8482360900272266,2.5467819792841295,-6.230772566580879,-19.374828463394667,-0.35723418548551034,7.133891975304445,-24.578338363350685,3.9109362259028697,-0.5916602232340757,-4.1430596675151925,16.87130355711484,11.97446812804089,14.222101992158553,-4.52701728103715,-16.879627516042405,4.550608274576897,-0.8928571065159365,-1.2777181755484905,10.830509326277207,3.0427606786458767,19.813110382031137,33.808778520895395,0.8661626939592054,1.8256416764223347,-3.116795978600541,39.99411768596903,-64.51898393258303,-26.395915095562216,-9.145269722470536,-2.9640740470433125,15.16957767765525,778.7574356049913,83.21605715877476,2496.8170328954125,-293.97535476376714,53.042317286185884,51.265387705879746,-362.3996877887845,39.01854453439688,59.65814727445814,615.5531869514825,17.67979736104104,-14.044461274282693,-11.489970445083,31.85429644674482
2.489913525,4.718787952,3.198412698,2.871814018,2.818167305,1.690970878,148.9083903,155.3654718,154.9464867,160.6108865,16.76892562,0.02100375987,-0.3763507193,-0.09483714712,-0.07107795884,0.117086258,1.396672208,0.8621748198,0.8503269941,0.4722529622,1.078542914,1.07268001,0.9407155082,1.175477153,1.124671149,0.9691033088,0.8446466366,1.027025787,0.6822241358,0.7220477107,0.9300698088,0.9339566087,1.07646388,1.10674696,-0.5282523117,0.9778911978,3.515322348,1.197962774,0.1740275182,0.06989596119,0.1187787964,0.0,5.136265821,0.0,0.0,0.0,0.7355840945,0.0,3.214069035,0.0,0.0,10.70155971,5.675572536,0.0,0.9296044769,1.521560058,0.3558282209,0.6764705882,0.1895173383,0.01529411765,0.5090909091,32.97442507,14.18117935,10.19736362,6.066367068,61.10326455,35.40481997,12.02124807,9.473725908,34.01378264,14.79051451,48.69455345,6.9237372,5.693927995,5.687386275,0.0,14.045308,1.950074951,3.18619087,10.16328661,24.66428404,91.39,2.166666667,2.353888889,0.8572789116,0.3673548123,0.3412654321,0.2556881951,0.07407407407,0.3531056945,0.9172339859,28.88080993,-2.057911566,1.324926456,1.826271867,-1.242127856,0.4137534249,2099.862216,3.48,0.00388,433.6660615493728,34.37515928258989,53.40115888204763,-36.38682766341413,0.15160151115091358,0.2617048553054531,-3.498332598659233,2250.442864730796,-596.1432016092901,-3497.030665587169,0.9792103619928418,-156.79121528752378,-11.863124685138349,11.99694199686247,-591.5742666435713,769.2734284057335,-0.4792031075413423,3.136428021109692,2.9640846088557664,5.553711014979034,6.3833985049803275,2.2149941975930663,-7.11880488153885,-23.289307637903786,-0.6757314098022036,8.632235250622687,-29.384616590718338,4.073979613345431,-0.2177299043476375,-4.919075863831761,19.27997195062942,13.224539596659703,15.911060883626318,-4.725736281878204,-19.35695755756013,5.082983735442186,-0.840200756799488,-0.6699416474998969,11.06343496948981,2.7029569858879263,22.78941367950546,37.927347581339504,1.0010294013223697,2.6272570402944897,-3.855572159292798,40.66632431945409,-75.19285441459913,-28.392927327584893,-11.484308415530567,-4.0321531886297866,16.67721722446748,914.0314154795383,23.47771170340978,3317.2305839021124,-391.27071148799655,39.17681783356033,65.10470066967595,-429.21638344009193,43.11726416100771,65.55096269566774,676.3782979685946,19.57246981918858,-7.58071124720168,-15.986837006323384,37.633723608946845
2.604253965,4.256187809,2.666666667,2.778240741,2.609455482,1.607773743,143.7011617,150.0788821,160.3551745,150.8347462,20.1068,0.01193830755,-0.3696707454,-0.02898209135,-0.05801846827,0.02315799365,1.272549262,0.7936271538,0.5657889937,0.4492792029,0.9500548095,1.199865657,1.241058052,1.209464271,0.9475420721,1.431689952,0.7309835647,0.4140418972,1.229334601,0.7772135721,1.129370037,1.241118325,0.9249953314,1.126050699,-0.4357069928,0.9113264144,6.027325697,1.134636977,0.2962555273,0.1709368449,0.5223591954,0.1020620726,8.729592585,0.0,0.0,0.3313869992,0.0,0.1222178918,0.0,0.0,9.723706615,0.0,0.0,0.0,1.200079365,1.703751968,0.3759590793,0.6018518519,0.2354456222,0.01688712522,0.4,28.71493402,0.0,10.36057336,51.10304694,35.59836479,23.58956544,17.51266114,5.106527395,34.20301562,0.0,14.88701214,23.66984054,43.50994862,0.0,0.0,2.102855253,9.579082854,0.0,8.585206173,23.65338352,61.84,3.270833333,2.140555556,1.0769161,0.5069365709,0.1325,0.01234567901,0.09178743961,0.3713371529,0.9073960995,17.18555431,-2.73777412,1.33339725,1.066553069,-0.4654811689,0.2572138393,2114.259257,4.85,0.00144,409.9162846026935,34.41999557512622,50.95928524452683,-10.399139716212275,0.23580387890259052,0.34701171298939876,-2.3551986438833374,2329.38516513934,-669.5136372226575,-3789.7737480179317,0.9853325837162947,-164.01899707614336,-12.817425289342971,12.373820782938719,-719.5135978925108,825.8204135228234,-0.5525979014107384,3.1483322690117648,2.790522072905103,5.243450557057797,6.479945226064265,2.655083000368586,-6.977062472901061,-24.271347765555678,-0.2330209384259918,9.720577018346635,-29.086641251401105,4.893856199511372,-0.798539861097751,-4.314102728694388,19.793699254276383,13.554605292476879,16.302540983675886,-4.8947834392521585,-19.16858317209483,4.662932492619047,-0.07999768399848928,0.40841547019233015,11.938948220572449,3.5583697152868417,22.386305292389707,37.28338371997281,1.0133213188848078,1.726500532513171,-3.290879818479258,53.482930671369175,-71.89496475121359,-27.6963972502365,-12.46126157428935,-5.355899545238945,18.762417854806092,871.3350276537526,-16.313356356089308,3047.7112550861343,-499.99972629278864,51.00473522314137,72.41890692613073,-499.34794913251153,43.59305124765117,72.65165401243037,691.6015899487746,19.64873984439053,-27.09548254056068,-15.789969917688563,38.31298170469838
2.54695347,4.500490354,3.056603774,2.302449965,2.270477208,1.382418595,146.6991071,160.0282319,160.4088461,161.2003559,15.5356513,0.009058392537,-0.2290304729,0.1390251409,-0.03268326776,0.1065727349,1.364606192,1.245928054,1.080261495,0.5015941336,0.9923780488,0.9100288155,1.046482856,1.027151046,1.064534931,1.009969414,0.7306354261,0.7895689538,1.271734169,0.9189125312,0.9306392203,0.9874265173,0.9379881138,1.108226066,-0.4411379767,0.993840093,3.042186159,1.320916122,0.1581869665,0.05703086567,0.1288113406,0.0,2.029116241,0.0,4.351594149,0.0,2.238454664,0.0,0.0,2.608801233,0.0,0.0,0.0,0.0,1.172580222,1.996027494,0.3270440252,0.6742424242,0.2606811393,0.0,0.5079365079,31.81744853,4.983978521,5.098681808,24.62957587,81.72541116,17.80213589,5.693927995,0.0,22.51475897,0.0,48.84972038,6.9237372,37.07114248,0.0,0.0,4.390614003,7.514839607,0.0,26.45686494,28.36133856,51.77,2.111111111,1.561666667,0.7975056689,0.2653533636,0.186257716,0.1313151719,0.06172839506,0.2727061868,0.9512785103,36.09707332,-2.755467321,1.445209756,1.000224257,-0.8221356044,0.3667209029,3597.134809,4.23,0.00288,471.43763480842176,56.90333400145068,81.06988550650182,4.784429767693801,0.46091405139221053,0.36754867310229106,-3.833543477332377,3646.6848857157747,-1125.315399713303,-5482.973422591092,1.29489985439827,-303.32316082980947,-22.751238572985855,23.591884688138574,-1384.176992046866,1331.2014081674874,-1.3338262555464255,4.470279277117517,3.807166606615994,5.450881666931856,8.979843694762195,-0.9643849631607933,-12.345764067451173,-41.964038111037404,2.6001307443002326,17.041614453111197,-49.19536656686793,8.876312185763593,-1.850230276466652,-5.38854437543441,33.42550357532203,20.45131245191247,25.69539216180424,-5.613423051436019,-28.263659006014446,6.724826792844327,2.7515632145139417,3.607137002363742,12.676478052513442,2.9354268859510433,35.585627131399335,57.899579381564465,1.6538990377073546,4.275337388006879,-4.568487014146879,96.8705214091591,-142.81590015771098,-32.58225579654808,-23.44372709545983,-12.87708723560015,34.13775061543823,1348.3155813077026,-375.79416788212546,5162.718338914337,-1014.4940605013401,97.37558404321328,151.29683174367554,-834.8630218607566,64.96013151582835,122.25861536246212,1029.4731528296647,29.730221359448162,-27.602660648432007,-27.19849423283263,65.89577161740793
2.55472079,4.386264159,2.854700855,2.912912913,2.61163522,1.544198133,145.0808317,159.0450802,155.5730219,158.1047389,11.73336939,0.008916713954,-0.2018053137,0.007810350234,-0.06044269452,-0.0501925046,1.145341237,1.126650932,1.102617261,0.3781428727,1.0823205,0.998946558,1.160282148,1.073484707,1.258469125,1.165152288,0.5201565343,0.534704427,0.795021122,0.8635890236,0.8368279625,1.173520184,0.9404051611,0.9329284919,-0.43571226,0.9929418574,8.001918361,1.34384996,0.1840266246,0.08568345047,0.130682846,0.0,1.983685366,0.0,0.0,0.0,1.591760572,0.0,0.0,0.0,0.0,0.0,0.0,0.0,1.222343632,1.479324977,0.3956170704,0.6538461538,0.2125529684,0.0,0.5581395349,25.71909067,4.390415048,5.098681808,6.066367068,55.66066728,41.14549874,11.51114884,4.390415048,22.51475897,0.0,19.74844179,12.74095804,17.80867761,4.390415048,0.0,15.7403068,2.906099361,0.0,12.06427509,27.27428713,43.6,1.944444444,1.778888889,0.6434920635,0.2829428068,0.112816358,0.05366799306,0.06565656566,0.3313003692,0.8775885076,18.17237654,-2.231613788,1.431570922,2.029350193,-0.6202275714,0.0399065302,2156.221363,4.92,0.00654,423.4984007474243,35.53822045877697,53.315398132414906,-21.19886305595383,0.21825820373934096,0.4073583318285484,-2.8145750511472123,2314.3093386381242,-648.4645050382967,-3597.860914713105,0.9868557022411518,-163.96759025665443,-14.296751838352415,11.834189348877368,-723.3607924944884,848.5750290324407,-0.5646272875176307,3.2951773199255254,2.8028419319472775,4.97722056643527,6.482632870612116,2.6903200143995094,-7.703932761049153,-24.327254101777417,0.5636536483154873,8.967204059611086,-29.301699929504835,4.888404111714726,-0.928146293733064,-4.413626469643133,20.57469506008879,13.181001698787625,16.164868275834355,-4.325398716096377,-18.22226709105686,4.80979836457911,-0.2904254195226412,-0.12608046185694644,11.49662727638909,3.0141304445575314,21.758868279583993,37.50540339974083,1.0227768639154466,1.9834878703293242,-3.7268248684679532,52.330365513849884,-72.38663225838013,-26.66440286844109,-11.42129033811917,-5.354878073511694,19.26098183710738,871.7825335388096,-22.665125311508987,2947.458298919937,-474.46654764954206,35.4178395345613,73.38762254691152,-505.1236286984654,44.69611318615323,71.95473728409067,699.8756119343163,19.72004849026052,-31.073477633238145,-15.587345922012107,37.55094272616031
2.479665346,4.592143098,3.288288288,2.911878759,2.675676216,1.676778225,148.693276,159.0421644,159.8608281,161.1906456,9.703125,0.01630182589,-0.5054463891,0.08380175969,0.01277785151,-0.04165366432,1.5937266,1.189180972,1.144573119,0.5137511995,1.133034488,0.9365731445,0.9943582054,1.089697145,1.111799493,0.9250451041,0.8785459077,0.8229607137,0.9527377453,0.8218335825,0.912449656,0.9194526895,1.061472477,1.045965248,-0.3832821625,0.9925445055,3.057287055,1.280792098,0.1595873549,0.09364179094,0.1973581657,0.0,1.962915763,0.0,7.317731478,0.0,0.0,0.0,3.292308883,1.723342995,0.0,0.0,0.0,12.42032077,0.9260764743,1.751846125,0.3545966229,0.685483871,0.2126431927,0.03239770982,0.5833333333,33.49567735,14.98529578,5.425791397,41.41063402,37.26522558,17.46698741,12.16293986,0.0,11.38785599,10.74258,26.29938345,13.08951281,17.21226049,5.687386275,0.0,0.0,2.397883639,0.0,9.857598928,23.997636,83.3,2.041666667,1.908888889,0.614829932,0.3699058327,0.284691358,0.2275257627,0.07555555556,0.4736532526,0.8930158082,27.61545956,-2.39777418,0.2644154599,0.9992724003,-0.5478449174,-0.122460704,2357.287217,3.99,0.00295,431.8375125118729,39.30995434025266,57.46940979324101,-19.915093271965027,0.24354896270338963,0.3029215878650796,-3.1621011863330866,2508.61146548317,-726.5069631731709,-3948.523115712318,0.9910300846051519,-180.0882976428613,-13.928657257197525,14.276638866238494,-794.6772444004165,908.2232665778087,-0.6686643960823804,3.3497940265834805,3.235237826574949,5.452529029199386,6.716741058957732,1.2366931635107778,-8.19552065890461,-26.481632372143782,0.04023225363755567,10.372979240152885,-32.36855932060289,5.507624508298276,-0.9107806490301271,-4.471084611273058,22.019407096894966,15.01954072427645,18.080318900294234,-5.138039368996875,-20.91663901566193,5.273193134673947,0.24148768690769162,0.29233811450166247,11.791593738691503,3.2681640606271527,24.96699262912291,41.15998169290636,1.116022446636911,2.4547208099494533,-3.5518462594401896,57.84062883187015,-89.00384910861334,-28.830608132535676,-13.770594649536983,-6.147681416254587,21.01028683108228,955.2341125161565,-50.816501256047,3397.0533835462343,-521.5964448140975,76.63061024592007,81.91660558199219,-503.2362244170163,47.03041956076387,79.27473457435667,748.1893335459707,21.558659288839234,-10.823568614381733,-16.224960621913066,42.769933938157244
2.489906793,4.649301453,3.485148515,3.392554012,2.919814815,1.662991775,149.0744103,158.5928224,158.7283312,159.6049042,9.349932096,0.01392874075,-0.4540102529,-0.03512865759,0.06806575264,-0.0682207499,1.497528439,0.9302326302,1.249747718,0.4448159689,1.062287327,0.9971167103,1.007450078,1.054602488,1.057574331,1.079192979,0.57413995,0.6257512863,0.5808741287,0.8611268577,0.9357955958,1.110628579,0.9989356066,0.951898572,-0.4158683423,0.9779546959,8.001919274,1.197963203,0.1507171948,0.09087640511,0.1206384272,0.0,1.923404705,0.0,0.0,0.0,0.7087588689,0.0,2.916874213,0.0,0.0,0.0,5.499850193,0.0,0.8877294344,1.370377734,0.3552505586,0.6693548387,0.1835014738,0.01671466974,0.5957446809,32.27307381,18.5715944,10.19736362,18.19910121,61.10326455,23.65106663,17.83846891,4.390415048,22.51475897,5.316788604,34.47495837,12.74095804,5.693927995,10.07780132,5.817220841,17.26700934,1.923404705,0.0,11.87733662,24.10551714,72.93,1.854166667,2.082777778,0.654829932,0.4157375913,0.229382716,0.1944679114,0.07555555556,0.4482294523,0.9020061052,27.25304871,-1.553859383,1.305766194,1.545047495,-0.9989689824,0.3964943784,1967.664645,3.78,0.00332,425.9410924407829,32.976402379094644,51.10158619422194,-34.31572127580299,0.15718984141038334,0.33678528690131804,-3.185402229873464,2121.4598380719567,-571.316793661144,-3329.7319727508084,0.9425957117064735,-144.22251758829051,-12.086832560979163,10.85629335095531,-590.5840601644924,772.2043873776809,-0.4357370510230423,3.092296690073313,2.987412407808046,5.1691818684936655,6.055838575692943,2.499973822601347,-6.757167453479525,-21.731652093339036,-0.3493759459733299,7.959766472252658,-27.163011072508834,4.0564395162798315,-0.4798458225856417,-4.677145285008293,18.274410524302958,12.545412606359374,15.05577508740069,-4.527020246837457,-18.230686326775526,4.836914806960874,-0.9355642340569179,-0.9307151991911669,10.99868978767931,2.9145427862296485,21.175092948779973,35.87602448764024,0.9459296406749351,2.1170649081632513,-3.6983933419316752,42.76578453749221,-68.51645207615987,-27.16004393108085,-10.352809500916338,-3.8139707835962033,16.335006059345204,838.777262333952,42.235449723682585,2866.8551598477075,-361.20723404385626,41.37237382401321,60.11913959016511,-418.3659824672185,41.25154174721233,63.94727521376042,646.2478328243589,18.57328259999982,-16.770182228674997,-14.12412081007619,34.866392657992535
2.489724459,4.668558331,3.398230088,2.653568202,2.75082672,1.693122126,147.8212355,154.1617217,157.3372468,161.8619334,13.91990032,0.01121081003,-0.449699921,-0.1487069261,0.1351199137,0.06424878725,1.541169805,0.9761341751,1.40907487,0.4532381153,1.048863998,1.007692178,0.9379677146,0.990659186,1.144232143,0.975283101,0.8876443176,0.6769073975,1.118603765,0.7845020544,1.051435973,1.13686563,0.9583364193,1.0150763,-0.4158683341,0.977918308,3.066011618,1.197962873,0.1573717773,0.09415622716,0.1048899075,0.0,6.096673659,0.0,0.0,0.0,0.7586471456,0.0,3.305253842,0.0,0.0,0.0,5.69343296,0.0,1.169179635,1.536151492,0.3710021322,0.65625,0.1954306371,0.01502525253,0.5283018868,32.05202886,14.18117935,10.19736362,12.13273414,86.07764193,29.3384529,12.02124807,0.0,22.51475897,5.316788604,34.47495837,20.7712116,16.82083098,5.687386275,0.0,3.417125798,6.096673659,0.0,9.959216892,24.77369417,72.93,2.416666667,2.113888889,0.8180952381,0.3794721592,0.349382716,0.2026303438,0.0641025641,0.4055930238,0.9469230273,27.67778503,-2.067259365,0.9878974265,1.205669329,-1.047999341,0.3728555418,2087.174398,4.4,0.00123,426.48432243828495,34.193528838549234,52.503941623243435,-27.99686614876253,0.19424799224403133,0.31600963561060613,-3.086971020046626,2259.58911838872,-613.7611288278364,-3524.1022511835295,0.9631974296375456,-157.48354677694135,-12.39975430447758,12.174837966849193,-621.0427621969542,795.3157989988748,-0.5134056658655144,3.1382853529072623,3.0698126395982728,5.358773997345208,6.348462496247342,2.346410831417738,-6.96040267020255,-23.296281978654413,-0.046771645940525186,8.806569915785632,-28.60701803836073,4.213858336847174,-0.48554790650185065,-5.1127543056650415,19.120827901521672,13.27891759717927,16.052683774156836,-4.90082724597689,-18.739566983990805,4.824135468039008,-0.6061221858389516,-0.39055548586653166,11.28852763270881,2.9605980643691834,22.40426167522076,37.300242998215,0.9994668527242871,2.308292216058813,-3.547208788922755,46.61702675263234,-74.26390883731008,-27.731825089523,-11.331149510123483,-4.352618868430445,17.726187418901016,877.251493104605,9.626164612238389,3068.218202273581,-410.91523912341836,48.08079105451518,66.93365223260466,-466.7369041757835,42.95785401510928,69.18941574588564,668.968504353698,19.350298426953753,-17.447148525105785,-14.73709105501685,37.66079988803909
2.484634915,4.048025312,3.568181818,2.544323012,2.799768519,1.760102326,143.7824367,150.150385,155.4365099,161.6836711,10.5367036,0.01432297294,-0.3837039984,0.03177426915,0.1526523821,-0.02476539204,1.37293881,0.9841041276,1.514560249,0.5160522254,1.031471315,0.922852176,1.065674919,1.035489068,0.8908974378,1.034428116,0.8643448247,1.075830859,1.469512888,0.7532837604,1.022830733,1.029874391,1.153730118,0.8762771739,-0.5293572566,0.9878632576,3.513557841,0.6049924266,0.3101888239,0.1327025289,0.09878289721,0.0,3.752323684,0.0,0.0,0.0,0.8956705352,0.0,0.0,0.0,0.0,5.187422727,0.0,0.0,1.230798317,1.938867874,0.3431085044,0.6413043478,0.203818077,0.0,0.5263157895,27.81464996,9.499376415,5.098681808,35.09933858,37.25557254,11.12690298,10.75713553,4.736862954,27.57796651,4.736862954,21.70785576,6.9237372,5.563451492,0.0,0.0,7.036528689,2.087297458,1.665026226,7.98925394,16.86175326,39.42,1.263888889,1.224444444,0.3788208617,0.1380779164,0.085625,0.0947862463,0.06606606607,0.4117047984,0.9170773176,24.91702085,-1.384526148,0.9187283164,1.148676865,-0.5519041562,0.1152715687,470.0020719,4.59,0.00244,368.9634653977938,10.226157715757857,20.895956967201506,-48.65069120649341,-0.04436604045236703,0.4640871082752906,-1.5897475757152952,731.9260928699313,-80.83204118664496,-1565.386141333659,0.6687722314436841,-5.842786976540411,-2.939341905767012,-1.9422580506612168,-68.31275959223572,263.7197670455348,0.3506257082498319,1.7440399505372766,2.1773429899848136,3.831017546376686,3.452944146409787,7.038307214288125,-0.8852235637497656,-3.509398523266021,-2.493902509361324,-0.48213200405908396,-6.2686974668908775,0.1434056053111873,0.5724073342478067,-3.2438364729586624,4.208173246512191,5.007138868240515,6.017863102724436,-3.6569177072972754,-7.220722482073665,3.6823737187443175,-3.1837732283977376,-3.8473533122564696,8.776261335427549,3.348065817260282,7.02720449027359,14.100614978469824,0.27759117678273526,-1.0764548060129404,-1.3617769097529506,4.0945666432370595,2.2123671848145254,-16.098748678948144,1.5312378949714072,3.07720361530048,1.5926600088471927,270.36387727645575,466.9290132523743,356.2848461695615,157.6952206006137,-34.12594808360878,-13.547626325628265,-152.36257360441402,19.83445211205168,18.139515817419603,268.6540840642415,7.484328413878412,-46.08757572457515,-3.118135203656923,5.211910501093456
2.48472859,4.098811002,3.25974026,2.787489712,2.458847737,1.6806945,145.5516439,156.8361569,158.0905854,155.2807717,10.46745562,0.0144085401,-0.5744572957,-0.2629750835,-0.1136319839,-0.05633089043,1.604492138,1.052201096,0.8458192204,0.4660774674,1.053371792,1.289591207,1.230921822,1.052013423,1.13210018,1.348277405,0.9272979676,0.7715102604,1.102328902,0.813529049,0.9308393273,1.298836642,1.18479164,1.071755169,-0.3822071725,0.9929589145,3.048021971,0.6100524687,0.2077465344,0.1230500175,0.09720242102,0.0,4.039644274,0.0,0.0,0.0,0.0,0.0,3.386400699,0.0,0.0,0.0,0.0,0.0,1.162321796,1.754185169,0.338028169,0.6666666667,0.2110202323,0.01977777778,0.5641025641,26.4826473,15.29317186,0.0,6.066367068,49.05645694,29.3384529,10.69500997,0.0,0.0,10.63357721,15.80357683,20.01325001,22.51475897,10.68846825,0.0,0.0,4.039644274,0.0,5.991368287,15.40762866,64.27,1.659722222,1.217777778,0.6287528345,0.1809019904,0.078125,0.03295582083,0.05847953216,0.4015609797,0.884314082,22.05701218,-2.074700971,0.2441821955,1.070888702,-0.3058481321,0.1323116179,1457.277777,4.51,0.0191,409.6293594092025,25.222026948772513,40.23387257609911,-34.347853755327684,0.08919177588388733,0.37331927029659145,-2.57490501182059,1690.1762865501178,-411.7826057232566,-2612.767292894521,0.8066364696328243,-94.23663822634263,-8.669726777845218,6.741522715453289,-369.7340815061436,607.6088196472704,-0.16932493219065445,2.6339165847671424,2.857861765816586,5.228905024534502,5.347021196838866,3.6706598553906793,-4.9112897904167525,-15.053687081987714,-0.2402823238001639,5.09421206430466,-19.387059312960837,2.8287174535428727,-0.4804955555897439,-4.113075232431175,13.657478894004829,9.873060626881937,11.7307195384724,-4.164665191281781,-13.593881458528653,4.122413032188932,-1.4976569388771062,-2.1260733402126033,10.045245545375836,2.797678370327224,16.125995193509013,28.676355584660783,0.710096265478552,1.301379806441145,-2.6786734273670296,30.41347302739483,-46.0064902570385,-23.72024451692913,-5.975410957349989,-1.1831071261903094,11.871612092715564,649.2342153813803,168.7132971215982,1863.9023353516054,-168.59124416658466,25.552307613806583,33.873046777235324,-308.66479196475234,34.36242354964419,48.26155239100308,526.133684967877,14.951182374501542,-26.396047249746257,-8.97191090984314,24.520697011363218
2.492402031,5.113762321,3.610619469,8.475158085,4.567791005,1.673300038,152.3542257,158.8172251,166.4638427,177.7169807,2.428266287,0.02070523451,-0.5629851124,0.01031283828,0.377142488,-0.005781412186,1.784060853,1.045415335,0.8774263343,0.3717471478,0.8373210145,0.7895603279,1.077151117,0.9296893306,0.9788125561,0.8440118123,0.6022361602,0.3438508866,0.4285415674,0.8217210618,1.055147977,1.173811175,0.9483069124,0.696360451,-0.4158686826,0.9777273759,8.010506005,1.197950774,0.1146786404,0.1441962134,0.1763184789,0.008999154119,1.79214845,0.0,0.0,0.0,0.5442117412,-9.994971573,2.448587176,0.0,0.0,0.0,5.317795205,0.0,0.7085705218,0.04403040607,0.3343398298,0.6710526316,0.194717492,0.01683696421,0.5283018868,48.05971503,14.18117935,36.5398539,6.066367068,67.16963161,29.3384529,12.02124807,26.34249029,22.51475897,5.316788604,34.47495837,6.9237372,16.82083098,32.02987656,29.16688629,82.41799134,1.79214845,0.0,9.959216892,24.77369417,72.93,2.916666667,2.949444444,1.14462585,0.4520030234,0.5775308642,0.4670931538,0.07986111111,0.5956920686,0.9539409997,32.46269766,-2.698176093,1.449441362,0.8140269893,-1.614443626,0.6049821018,3658.138162,5.52,0.000123,480.35701596501247,57.99641761687678,88.07762279693257,-34.32025646789425,0.3410658095700976,0.4310776708213634,-4.697018046545362,3507.616954811703,-1086.2706750329908,-5369.475479043353,1.3209905476695598,-302.2243152255929,-24.76519770485535,23.442954890857916,-1626.0620845850995,1350.777729120119,-1.2499707326495249,4.61645810000862,4.246033746900695,4.469989089753607,8.458726172582438,-2.41553227043207,-12.212903108559312,-42.691069658217735,1.3947691598161338,17.421920904962256,-51.142340675313434,8.47065466058091,-1.218785284866958,-6.958994637544923,33.4195473001125,20.514901061288434,26.31899570901856,-5.820053818894891,-31.294188962486484,6.8985373359627955,2.120020104238331,3.7548085525274337,13.004758545507057,2.9947201897439446,36.39421695912774,58.094718255134936,1.6804545731897318,4.494094347492262,-6.454309017667989,96.55222232121342,-140.0291765015965,-35.1810378039009,-24.119932736814636,-12.284976479077272,31.73826818607723,1380.3984458319762,-435.87504242794057,5722.9153845449755,-1022.4252379788461,107.4410496914273,144.33424406820484,-845.3171150504161,66.0711193607728,121.23180832804829,982.9969676154301,29.75276260542135,-6.745088854530935,-27.398701613485613,66.27553410348187
2.477181776,4.590853691,3.302521008,2.842170518,2.774155698,1.675279763,145.4159357,155.651977,155.9095839,158.1123377,9.115699537,0.01227692022,-0.3053781813,-0.02786567226,-0.09510029335,-0.0005208116516,1.314743663,1.147352423,0.8422281601,0.4955516111,1.081130658,1.058356074,1.101303434,1.015724816,1.176404448,1.114114114,0.5702878682,0.5646047383,0.8590043444,0.8618396671,1.004732835,1.048841328,0.9430279775,0.9849038221,-0.4272851737,0.9113304311,6.027277397,1.194229067,0.1556992848,0.07466042401,0.07129411522,0.0,1.958516657,0.0,0.0,0.0,1.642882533,0.0,3.192282638,0.0,0.0,0.0,5.578765249,0.0,0.9705139174,1.682922378,0.3246492986,0.6470588235,0.1836802621,0.01400560224,0.5660377358,34.41823681,0.0,10.36057336,30.41697465,54.95175817,35.53529648,10.6824301,0.0,28.58398029,5.316788604,29.72092241,18.25485007,11.25737949,5.687386275,0.0,1.804590026,2.331847077,0.0,17.2886037,30.63361268,92.31,2.284722222,1.945,0.7821315193,0.4323664651,0.288757716,0.2142658912,0.05450733753,0.4285123961,0.9334302616,30.0101113,-2.140492039,0.4678056847,2.100962012,-1.070419864,0.3082651875,2727.537531,5.36,0.00368,432.7966116376024,44.29942994723168,65.56628053465653,-20.47635168552906,0.2852986770018901,0.2666212960148285,-3.4007661928710924,2791.3097380247755,-831.875130576499,-4394.00388535808,1.100814960225633,-219.25666070144086,-16.29671343289662,17.16409563033276,-997.0288164551486,985.1700128681113,-0.8467635965852753,3.5935744317821827,3.472450789322327,5.217065538679428,7.142973461869142,-0.006710863761709707,-9.023298039434538,-31.202266950715323,0.06776369762397105,12.635079508079778,-38.155563090362506,6.319394879308129,-0.683990725995683,-5.178311240793828,25.165014064216138,16.697338704879535,20.353558909779185,-5.643519992947061,-24.29168409774167,5.6405528572839705,0.8343052708978091,1.427868952364917,11.96118102138816,3.04559050897478,28.62600339892415,45.75398160283971,1.2821188189074972,3.34127455401002,-4.223022157271333,65.39759171291945,-102.339310791923,-30.489710739624353,-17.111174641262807,-7.658645785980909,23.572770503228067,1090.0366159589853,-149.56548632156728,4213.416775459343,-675.2303974998698,80.59567253357434,100.15076741299882,-605.676419052156,52.191104877881884,90.07223173849275,809.4099761980248,23.818061802867305,-6.90668419817264,-20.264916792692386,49.87258285496162
2.479029471,4.526849527,3.460784314,3.044375157,2.88718087,1.70280329,146.638395,154.5215311,155.8600735,157.7571457,9.257392753,0.01833869752,-0.6052906347,-0.04070932252,-0.1499910509,-0.0006845049004,1.619596074,1.32011461,0.911205667,0.482965531,1.015450703,1.077807802,1.095117906,1.041088674,1.080762852,1.047761194,0.5662876615,0.4833515941,0.7005702466,0.8472927869,0.988472387,1.176205263,1.2920203,0.9792440684,-0.4344010557,0.9110327994,6.027292383,0.604984483,0.155564137,0.1169649632,0.1146045727,0.0,1.964749993,0.0,7.430721208,0.0,0.0,0.0,3.383764881,1.746328559,0.0,4.920269352,0.0,0.0,0.9903375441,1.746043656,0.3168103448,0.671875,0.2122861542,0.01575126263,0.5714285714,30.56486862,14.98529578,5.425791397,35.61190719,42.82867707,24.01174382,17.78197519,4.736862954,23.39264948,15.47944295,21.31540493,24.60668602,16.13452668,5.13155848,0.0,4.920269352,2.504808625,0.0,13.39518067,24.90338715,100.53,1.729166667,1.837777778,0.654829932,0.2711404006,0.269382716,0.1895724926,0.05777777778,0.4540996929,0.8595269575,27.85793764,-2.869845335,0.2539588966,1.416112359,-0.5894079099,0.3194019802,2181.607251,3.4,0.00427,419.1988600107079,36.16849704588591,54.54127195915536,-27.03608683992065,0.1923137851541865,0.24695105903146025,-3.009602961524968,2326.468005808805,-656.9081074174375,-3700.229188362725,0.9719208062496669,-165.7259532788754,-12.528082986793715,13.04929798200133,-712.5027467431436,800.8795580926069,-0.554054927267991,3.112498954082176,3.2074465227214524,5.430645014568759,6.325932889711504,1.2173104308394855,-7.2267604583182745,-24.391012086964786,-0.7821903880770378,9.739846728119952,-30.407523793087385,4.810731535892023,-0.3435044424270548,-4.745250307436807,20.10164412867399,14.167723959851578,16.878883110017615,-5.315838603075509,-20.588737848539047,4.870692690026932,-0.27412296225193655,0.0758562786642194,11.423691128809141,3.091578078041847,23.79569679696969,38.6106962468059,1.0411038403270658,2.5830208057590176,-3.564383361722978,48.62046861388575,-79.60295718144654,-28.786066326787555,-12.811443538074066,-4.791539947993009,18.184536103296274,925.671830318336,-15.180060649162073,3431.8512563942263,-466.31659828203084,68.54457681370789,70.74375415286164,-460.4140002581091,44.32456516711173,71.40384450097653,693.3292608135798,20.16736569389278,-5.16056051506357,-15.542509166570177,39.60694509642239
2.484122564,4.013894017,3.372093023,2.76799441,2.670670671,1.74238037,145.845287,151.4372488,158.2896713,160.3190581,8.592592593,0.01319187032,-0.5424713612,0.06995145715,0.09903424648,-0.1647928792,1.631223005,1.099100862,1.57202316,0.5490855299,0.972972973,1.077305507,1.265272463,0.9152027027,0.8590909091,1.069811321,1.162209038,0.7508056036,1.108593632,0.8317018731,1.071794263,1.048943436,1.104296116,0.7718421906,-0.4046588199,0.992941462,4.005253743,0.6049928079,0.2580581533,0.1375457188,0.09878289721,0.0,2.084746438,0.0,0.0,0.0,0.8919732615,0.0,0.0,0.0,0.0,0.0,0.0,0.0,1.229540417,1.883312319,0.3567073171,0.6363636364,0.2005441069,0.0404040404,0.5555555556,27.38437883,9.499376415,5.098681808,47.23207271,25.12283841,16.81428926,5.007623697,0.0,21.82845468,5.733667477,14.59805822,6.9237372,5.563451492,5.687386275,0.0,1.841293462,2.084746438,0.0,7.98925394,16.86175326,56.21,1.263888889,1.184444444,0.3788208617,0.1068279164,0.075625,0.08244056729,0.06790123457,0.4391404103,0.9073440865,23.58492331,-1.369508954,0.7204509383,0.9676788122,-0.4607564351,0.05300832847,462.9605368,3.84,0.00603,366.39915957964513,10.146544649197782,20.74207296891699,-51.24798587450213,-0.06802091749976824,0.4708887408553774,-1.4894944735951763,726.0276099333364,-86.11765853576794,-1615.77704180509,0.6491563441117798,-2.3883853360833895,-2.347682478309126,-1.816740307708045,-101.74783393081464,255.4265338428632,0.3726899839294382,1.659915391612045,2.259645331016929,3.9826854647621186,3.3408953207603016,6.624138571229675,-0.5458669975656991,-3.2428901970945465,-2.7263473466093116,-0.38076284373455627,-6.272173863164465,0.26825294296054536,0.6295593779856237,-3.3026069326559906,4.15056677826218,5.155660493484825,6.199803693383834,-4.04455818766664,-8.122062805444543,3.606901912875247,-3.237478629368713,-3.9934361135099437,9.058040104183963,3.5219023063913,7.431267416262985,14.218552224457369,0.2755446201444044,-1.0682779047499014,-1.455354562863051,3.8694017846301714,3.4389824725500158,-17.00739941206185,1.378416640911447,3.3741518983082837,1.0500502918302856,270.276326316394,485.66581505089215,310.72261325947875,165.132297258006,-19.124719346442333,-16.644479038105708,-138.00123734138526,19.55286912492174,18.066294378553824,263.2965872432255,7.598061884948773,-40.11842575624891,-2.3492832923496145,5.346587713530013
2.529904177,3.992545729,2.494623656,2.716049383,2.718567251,1.458525256,145.3165078,160.6433275,158.0086496,158.6484334,9.628808864,0.008049133928,-0.1918062861,-0.002814254503,-0.08844269602,0.0761606167,1.162937413,1.421613151,0.8730170777,0.3891494684,1.129370629,1.080539119,1.143518519,1.079545455,1.329218107,1.064351852,0.5144796976,0.5179597771,1.297616362,0.9073975544,0.8827043675,1.14808631,0.9326360002,1.155764564,-0.4357148898,0.992941462,8.001917602,1.344599701,0.2134899131,0.09768963408,0.0940067503,0.0,1.977020209,0.0,0.0,0.0,0.0,0.0,0.0,0.0,0.0,0.0,0.0,0.0,1.226772487,1.501782407,0.3719346049,0.6363636364,0.2203151295,0.0,0.5263157895,24.41431234,4.390415048,5.098681808,18.19910121,49.59430021,23.49606389,11.51114884,4.390415048,22.51475897,0.0,14.76446326,12.74095804,17.80867761,4.390415048,0.0,15.31312551,2.916845338,0.0,10.99723661,21.16131431,30.71,1.569444444,1.419444444,0.4907482993,0.1456364953,0.065625,0.01234567901,0.06790123457,0.3535119203,0.8980356409,18.22532242,-1.742998914,1.003664723,1.226171421,-0.5430223149,-0.03492033894,1747.666623,4.49,0.0181,414.6693844371247,29.790737079743984,45.69911376190601,-24.877274834304323,0.16351292542660484,0.44175769722799285,-2.47885120200843,1950.5596793366187,-521.1673214480003,-3096.0401088048434,0.8989353668010677,-125.69643373976265,-12.115747111230013,8.282191722654161,-539.2947871000596,732.2044757920771,-0.35197285957515617,3.0310666723887163,2.587946493705986,4.789910840353562,5.8544587912340385,4.060681972860632,-6.398242841782283,-19.341830773047533,0.13599606540087816,6.587330153839389,-23.542302148532638,3.8858688644344337,-0.8464869493323088,-3.886627296461536,16.90236332524307,11.222147701524808,13.465018836284733,-3.9710691161702703,-15.193921124421847,4.407282691372165,-1.1055155566742358,-1.153579058732285,11.115300827957716,3.1289176471390543,17.920163351205474,32.12748889092665,0.84070799165748,1.152376166875099,-3.1484922499337724,42.34924964719586,-52.73325724244948,-24.451141341822286,-8.151809164518987,-3.3526604471774513,15.506811695221025,727.5471606188744,86.79779916717655,2227.2174395506295,-324.7105110724458,12.867122212153898,52.74610784760136,-426.6499760330702,39.319203641102675,59.58588314830231,613.5587503138162,16.784165172912257,-42.860291180110835,-12.308744235966229,29.320900244447017
2.463179155,4.300860603,2.988505747,4.067155067,3.684931507,1.498207809,151.6958674,164.3691282,163.579493,162.1065908,6.537414966,0.02216603691,-0.4391655622,0.1166834985,0.03283940729,-0.1082080105,1.435669422,0.6437365528,1.126417538,0.4403169014,1.142899061,0.9415186773,0.9137904349,1.066786571,1.15300477,1.012520753,0.5907596523,0.5669738872,0.8392043054,0.9231713684,0.9550439611,1.052309654,0.9973481375,0.9016704922,-0.4237101016,0.9728356492,8.00296162,1.402889494,0.1498265858,0.09716042898,0.08263127639,0.0,0.0,0.0,0.0,0.0,1.174354482,0.0,3.181753118,0.0,0.0,0.0,0.0,0.0,0.6255686781,1.050127628,0.3826701376,0.6696428571,0.177130724,0.05735681369,0.5238095238,33.04621867,8.780830095,5.098681808,0.0,36.39820241,23.64452491,29.21259952,13.57536728,11.25737949,11.05045608,25.65562151,11.63444168,0.0,20.15560264,17.54162141,29.01338893,-0.09724998213,0.0,9.199015408,22.92697619,98.72,2.222222222,1.408888889,0.4972335601,0.2418587805,0.224375,0.1934516886,0.06565656566,0.4207352711,0.7233075868,22.95959006,-2.597662782,0.90996284,1.708641997,-0.7516337811,-0.0619439651,1366.631017,2.49,0.0824,418.24216801191346,23.74112877239388,40.99508850028459,-56.605478704735724,-0.031324974158418395,0.34859586090448924,-3.199064619646977,1543.8741973987446,-349.3725397715602,-2427.645964213587,0.7964365224968513,-79.99793563706075,-7.6108027552505035,5.678253898050507,-364.9864251796227,559.5015963079051,-0.02151500913710496,2.515930029839155,3.054919129276092,5.167828845159555,5.070305994218101,3.378305905984508,-4.387771871188724,-13.599071127716414,-1.500692891418722,4.3068551391595715,-18.951891637325662,2.153691556624869,0.04713391661933253,-4.829607856218365,12.46187918215237,9.31797138180061,11.104697985035811,-4.262915235237626,-14.639158639409748,4.524608905637354,-2.302659519630388,-3.037534318019409,9.751099938176989,2.665245678348448,15.960451773973835,28.15925470392179,0.6788260045316832,1.4897939837760015,-3.482339317391407,21.038184574680827,-40.58651854376577,-24.956518597525758,-5.2980635966095635,-0.062018593937551714,9.03640913261266,655.401452840423,224.42237169430845,2040.618133882088,-94.02208754072362,20.89725397427175,23.105300563089465,-233.69984022769998,33.085820222796585,40.102339810448136,493.81258912147405,14.342365736429027,-9.798338366597804,-9.456745671112389,22.463958571993
2.553307464,4.33105758,2.696428571,2.926455026,2.531986532,1.54407666,145.0689175,156.8329489,154.6385674,156.1514694,10.46936347,0.01672396569,-0.3451087007,0.08639322549,-0.0982757282,0.01575294297,1.221432971,1.114590907,0.7769185816,0.4850476503,1.044547059,1.076403058,1.207486346,1.105212256,1.294992433,1.231441878,0.8730576808,0.6112185644,1.159540554,0.9021297811,0.8472994572,1.208404142,0.9305575393,0.8915905022,-0.4356897963,0.9938451804,6.002808358,1.343837907,0.2938856825,0.1695781641,0.130682846,0.0,0.0,0.0,0.0,0.0,1.794073077,0.0,0.0,0.0,9.971024987,0.0,0.0,0.0,1.232866591,1.667853127,0.3687150838,0.66,0.2078171715,0.01902564103,0.5853658537,28.3756861,0.0,5.098681808,6.066367068,54.80329715,35.58204725,11.44343983,5.106527395,28.26427081,0.0,24.85496918,0.0,12.11474962,0.0,0.0,2.091672336,0.9339613253,0.0,14.17941827,26.6775463,63.83,1.631944444,1.587777778,0.4540136054,0.1428571429,0.04125,0.01234567901,0.06349206349,0.3251090437,0.8567804635,19.33803286,-1.875348091,1.034089304,1.394845955,-0.6117493604,0.1481862638,1980.220121,3.52,0.0258,417.7907341253665,33.29724897432358,50.71132983690081,-30.186508375072684,0.15917907179610702,0.3318246001923808,-2.8975349563751163,2124.9896670106423,-585.4529647467812,-3373.0430061075645,0.950853023947602,-145.33263238485227,-12.180040501595135,10.671055504425706,-612.1194305580124,765.4921645648038,-0.4422140459907705,3.0838338658608557,2.772879910334811,5.057973218440203,6.086793191956171,2.6859919342491225,-6.982002908915373,-21.867691969566053,-0.2787366472746451,7.819204446234783,-27.51863459388699,4.312854392600613,-0.6322279276777043,-4.186732792370667,18.910423482967516,12.33740910636477,14.829164900429632,-4.285519082274124,-17.89435189187445,4.855619227123052,-0.7636226252987155,-0.9002040364974082,11.04033735040508,2.9647742589365937,20.685705925079056,35.43575465710848,0.94324176047702,1.9591135504969832,-3.698576773913145,41.78479793536221,-65.23402552195473,-26.568171165834784,-10.356675004756587,-3.9818123869641777,16.362023695712523,836.6707774651535,44.575023830469064,2859.477039584851,-386.49533900807455,29.4750980933183,61.30970511976123,-424.25289439296637,41.79998767725647,62.64422200755082,662.2215582601441,18.724716489893858,-19.130245877935096,-14.509795944772437,34.28954497903006
2.483511858,4.555745886,3.239316239,3.283639144,3.201951952,1.455619542,150.7422912,162.1886413,162.5938958,164.0970986,8.5504,0.01826139493,-0.4288343427,-0.04063623293,0.01041813691,-0.002523011177,1.506769354,1.177517264,1.234388443,0.5162037037,1.098214286,1.021028037,1.003440367,1.029146635,1.107034413,1.003440367,0.6114093661,0.6107986111,1.413461538,0.9278108045,1.004565131,0.9514910341,0.9986354361,1.067768388,-0.3794991276,0.9930113507,8.001919155,1.297044434,0.1466441363,0.07339749766,0.06799176425,0.0,1.774165069,0.0,7.562182332,-0.0649086011,0.0,0.0,6.42444368,1.888830126,0.0,0.0,0.0,0.0,0.9951482204,1.409998403,0.3478701826,0.6833333333,0.2081978856,0.04822510823,0.56,29.07485563,14.3667983,0.0,24.27512131,31.19885851,29.22074076,17.9801607,4.390415048,11.38785599,10.74258,32.46515906,12.74095804,17.21226049,10.07780132,0.0,14.08994541,2.270202642,0.0,12.12884096,22.92586712,81.23,1.729166667,1.797777778,0.7112018141,0.2769274376,0.250933642,0.1895724926,0.05555555556,0.3614551433,0.8234576823,28.84315424,-2.450030778,1.066066097,1.926847823,-0.908020336,-0.0716939821,2550.998192,3.13,0.0272,445.88095128082966,41.88227100727468,61.840688889095986,-21.89196003359975,0.2514825976709583,0.33574145966224805,-3.6181521174581572,2676.017515598156,-771.7827866868977,-4128.959203999605,1.0531109837162111,-198.2324637372125,-15.812628349030165,15.216787767817817,-881.2004571839294,975.3420720470478,-0.7499308038749354,3.5650177753607206,3.3806135747815356,5.451795308592237,7.085498698401392,0.8286821603374694,-8.94490697727629,-28.862221191486277,0.42104130834075326,11.172974489069317,-34.99256192798362,5.942711728567785,-1.0117761712234796,-4.7204829135339486,23.800233062295884,15.552708952172484,19.06360366274799,-5.027475322168165,-22.172177588006942,5.438485329863317,0.4117880072940391,0.4819664064842789,11.886802881981293,2.98845800252652,26.4915856630841,44.18955534140961,1.2018518603949282,2.8743673643208587,-4.09335985949667,61.92835905699171,-97.40317255632573,-29.589685510059994,-14.724717235852893,-7.099644088154488,22.949046817712986,1027.647714121842,-96.79262233884236,3672.9925948221835,-578.2281705271361,76.63558651056786,92.13875794074214,-540.0606928750444,49.84792769339178,84.62331166101823,790.3872857630652,22.71226599911156,-13.196369609226426,-18.163824498688882,46.03836045376467
2.474740486,4.498005413,3.045112782,2.511753086,2.431495405,1.594922804,144.396871,155.9222516,156.1388795,155.5955983,9.840561224,0.009586985303,-0.2821036885,0.01313068563,-0.1596273132,0.02197625804,1.333115534,1.218158101,0.9936761116,0.5554677263,1.131798458,1.110387113,1.124007862,1.049631764,1.181147746,1.086432277,0.8604551277,0.8502401086,0.8952308297,0.9215521192,0.9675182862,1.009553952,1.020001485,1.008442245,-0.4322499614,0.9779513541,3.042254454,1.193723817,0.1732768316,0.08269002881,0.0761440227,0.0,1.99558434,0.0,0.0,0.0,2.069766482,0.0,3.295569203,0.0,0.0,0.0,5.560216427,0.0,1.088002972,1.813992266,0.3,0.6287878788,0.1996472711,0.0137849079,0.5535714286,34.97741995,0.0,5.098681808,48.61607585,54.95175817,47.69025515,5.693927995,0.0,22.51475897,5.316788604,24.73694389,6.9237372,12.11474962,5.687386275,0.0,1.959418462,2.668817916,0.0,22.5010088,30.75936659,55.63,1.722222222,2.033888889,0.7152380952,0.2885015117,0.348757716,0.1809019488,0.05664488017,0.3852515623,0.9634091712,27.8533095,-2.520913302,1.097971565,1.531711589,-1.145074,0.4534234876,3033.715364,6.29,0.00113,438.8234936514058,49.26934074493579,70.34315819759001,-1.439375607237082,0.38986786125902145,0.3778583363201889,-3.191444683102584,3089.9752574562203,-958.7681718256393,-4864.558368915138,1.1573098800806874,-249.79191407562047,-19.266092670841942,19.33243158425998,-1205.665632738142,1152.2288622057565,-1.054051977592621,3.9465431904027364,3.422688826212446,4.944426870730572,7.734367929688415,-0.044578139662760696,-10.50493950003762,-35.224460366687175,1.3224344397552132,14.378522289780662,-41.69156845687101,7.7265594111103795,-1.4569893806804415,-4.676840188455084,28.509532819941025,17.989674444039455,22.260013898736982,-5.294187766537519,-25.031947402885084,6.132391297329823,1.9029401791083214,2.3834647877979336,12.383080447172544,3.397378467030006,30.43412210837299,49.52383336806111,1.409055453686472,3.1208714255596726,-4.143960389708913,82.65325195907052,-115.79251260272143,-30.476274252129816,-19.533818605735195,-10.217904816889067,28.310987801765478,1151.218554835143,-244.40999160811015,4354.891509301689,-835.8387898453034,87.804027204043,122.14502678409671,-706.914818470691,57.06505431095469,103.68256638886771,897.7726707783157,25.933744305269204,-23.635220994859736,-22.67373780145279,55.089428863461805
2.479345253,4.587777999,3.030769231,2.805503243,2.573178017,1.694861495,147.1267119,153.8608868,154.9474118,157.9163259,15.56826446,0.02132887365,-0.4242943601,0.0894010859,-0.3073005327,0.1473669127,1.435611588,1.503401069,0.8187761365,0.5115082857,1.077860707,1.106518076,1.131224633,1.099683219,1.112139785,0.9311583188,0.8525729584,1.04286882,0.7071105374,0.720369697,0.9834105964,0.9959406627,1.31437753,0.9512703998,-0.5295654778,0.9872001172,3.514939731,0.6049838681,0.1755339538,0.07810139099,0.1146045727,0.0,5.268518982,0.0,7.494747653,0.0,0.0,0.0,3.4444161,1.762033457,0.0,10.77109426,0.0,0.0,1.02982929,1.853960323,0.3396226415,0.6742424242,0.2220834814,0.01550802139,0.5090909091,32.34373128,14.98529578,5.425791397,23.47917305,42.82867707,30.07811089,23.53148702,9.473725908,22.88687966,20.21630591,35.53500001,13.08951281,16.13452668,5.13155848,0.0,10.77109426,2.551246566,3.290001115,9.781768621,24.43877474,85.97,2.166666667,2.148888889,0.696462585,0.3023904006,0.3740740741,0.2026303438,0.05555555556,0.3384265015,0.8600628176,30.15670869,-2.973848323,0.2536841619,1.320090861,-0.7640507689,0.3899701285,2815.879878,3.94,0.00456,445.92675175008014,45.31167281245415,66.66832588704432,-16.24483575385208,0.30559937209446253,0.28986053513387694,-3.6972353646484795,2905.1702371736146,-850.7995117692805,-4465.765224639689,1.1246842784344255,-227.10935752653143,-17.012613909037157,17.623368457519817,-1020.5538043970352,1031.1615159889302,-0.8941565898706825,3.739749551120349,3.4259041912739283,5.4365296665107365,7.502963756351888,0.02195346428675049,-9.636754633399034,-32.313416738813,0.5128203809945006,12.992845444338652,-38.87570305866291,6.518279539892937,-0.8948745494813326,-5.047759949534728,25.998842432426066,16.898666364137224,20.887190651453672,-5.225935309782445,-23.999428370987665,5.726422255301914,1.145510955934887,1.6836235180892527,11.922808714488772,2.8974882779729065,29.086993021464544,47.52574789831713,1.3132767719672027,3.3748146705748723,-4.159373412658921,68.44623718434525,-109.43255982542054,-30.61249678910466,-17.505286889355357,-8.44250877866842,25.07620060337635,1126.1456971116756,-187.21422789330913,4312.244899113064,-701.2428668437101,81.42046327965093,106.99024601921344,-612.8883075326912,53.481508025821796,93.07104063486645,838.027825577598,24.451965748428712,-9.464945423235484,-21.001557821128063,51.39900271041101
2.544795296,4.40918586,2.946902655,2.882382382,2.479372937,1.484819103,147.0329911,158.2622088,157.8935981,156.8019839,12.29395085,0.01459830968,-0.3109469315,-0.005201873696,-0.031618951,0.02402220473,1.30043801,0.9433872987,0.7673070186,0.5314574689,0.9888228588,1.107528804,1.074860519,1.062545692,1.222453865,1.083866224,0.890275112,0.9203548982,0.8199039674,0.8879610889,0.8620849799,1.10744448,0.9027420747,1.012321638,-0.441058727,0.987931948,6.002696927,1.353059441,0.1961319791,0.1039478473,0.1288113406,0.0,0.0,0.0,4.250093418,0.0,2.018777006,0.0,0.0,0.0,9.15088575,0.0,0.0,0.0,1.107802369,1.798185678,0.3350649351,0.6759259259,0.221657483,0.01794532628,0.5,25.24015988,4.983978521,5.098681808,18.20875424,42.3257615,24.91193343,5.693927995,5.106527395,22.51475897,0.0,36.02895079,0.0,12.11474962,0.0,0.0,4.112770601,1.700713351,0.0,18.09991009,25.69979338,68.76,1.861111111,1.379444444,0.533015873,0.1985701688,0.0931404321,0.06530149985,0.06565656566,0.3100456851,0.8627008016,29.43528542,-1.755134442,1.111402049,0.8956741028,-0.7502124358,0.2027632544,2241.548538,2.71,0.0891,431.72869302574645,37.37866351162506,54.79935720467354,-23.423136281638627,0.2084594620630577,0.31923588514228307,-3.226478439042922,2406.882115630148,-676.8780433831548,-3708.5532431393335,1.0005929687505106,-169.73528779676354,-13.757308946299373,12.667569516006848,-697.5760128352905,861.9254031396468,-0.5926253025786009,3.3118754055977964,2.909919783450494,5.431032078773111,6.640420042732551,1.9391052581752346,-7.968602728131447,-25.066713316808144,0.14929881407149526,9.308381600072522,-30.892593403576928,5.099044186422219,-0.8591824909366936,-4.075513561461464,21.265901020340017,13.880470158651992,16.72033331756905,-4.436951363027276,-19.770430232863557,5.143526866869476,-0.21186794413808863,-0.17542165228718365,11.25447878910929,2.8948853872883142,23.432909466458423,39.83405982740783,1.063722170096992,2.4503921271646414,-3.7434357969870886,50.820756593733165,-81.82346814043336,-27.53341295752029,-12.448299832180517,-5.633598572654479,19.501534457666505,924.3783395303783,-27.200040334437304,3200.91430038463,-467.98524604980446,51.70952977248774,76.07537307511308,-466.62164025011043,45.20123811421444,72.8354442037324,728.8433335250484,20.685313740532063,-16.579408778548515,-16.58798136294997,39.88011739958181
2.478793984,4.473770881,3.214953271,3.045654565,2.88599537,1.523882004,147.6075591,158.6008728,158.703596,161.0990231,9.372566772,0.01865184647,-0.4519285258,0.07028636884,0.04905813658,-0.03916367122,1.479177485,1.199860695,1.214142928,0.4864260567,1.143721032,0.9143386003,0.9748484242,1.070404807,1.137894737,0.9593945414,0.8569012904,0.9209631689,0.9823189696,0.8974144661,0.9584601293,0.9058522987,1.033097739,1.054029138,-0.5162590627,0.9938424863,3.510577866,1.434531922,0.203750442,0.09269389143,0.06365387513,0.0,1.972652724,0.0,7.358504747,0.0,0.0,0.0,0.0,1.733737534,0.0,5.87198166,0.0,0.0,0.9415406489,1.92213901,0.3203883495,0.6810344828,0.209230388,0.01697318008,0.5957446809,32.18596602,14.98529578,5.425791397,30.34148838,37.26522558,17.46698741,24.51933366,4.736862954,17.13736782,10.16265435,26.29938345,13.08951281,17.21226049,0.0,0.0,5.87198166,2.300429242,0.0,14.22659736,22.82523952,80.5,1.416666667,1.606666667,0.5331972789,0.2398904006,0.164691358,0.1365146414,0.05797101449,0.3949479381,0.8866723896,30.216055,-2.366273214,0.7629932834,1.684487714,-0.8805438335,0.2719262098,2067.300743,3.04,0.0391,425.0208760050941,34.82004221109547,51.845900105481086,-26.0707496251707,0.18794749386943027,0.2851397407157438,-2.982594687999609,2253.70995088352,-623.2636357599557,-3523.4086483817823,0.9349535306594872,-153.3266766741312,-12.080766172837494,11.95215051591628,-616.749533896198,795.0768586164615,-0.5057952844285767,3.1074820801240337,3.0461392823490026,5.5099081074048595,6.317209841292763,2.1447871691994385,-7.2313359600550875,-22.847362326802866,-0.33021446674888444,8.617470148328847,-28.386466212615137,4.507699665534082,-0.6417714697017267,-4.379705446619274,19.32704744913939,13.48405186809563,16.009312450621596,-4.840870132679283,-18.750355633190292,4.926920047570166,-0.5068473034111749,-0.5033783764056015,11.272725386908695,3.115867234546167,22.256229430325433,37.15568594407407,0.9871420828755916,2.170181195670964,-3.303790674189079,46.55530201330015,-75.6402810335256,-27.682918679783366,-11.417411480835817,-4.4279902013562475,17.778082640475,873.3990002986814,19.108817348092252,3049.368105108982,-409.0712460954908,56.02374497948958,65.96819094180569,-435.54463039688306,42.93848702040819,68.27566509205307,686.0156584804573,19.461999994708073,-13.495960752335874,-14.334491774095243,37.016492013154405
2.432294,4.545341807,2.93902439,3.332716049,3.166666667,1.595267208,144.9044843,154.7277747,159.3972822,160.5652797,9.503401361,0.01898525196,-0.4477815531,-0.09017916287,-0.1006619025,-0.09457652411,1.342261376,0.8348092918,1.052159668,0.5038001543,0.98840391,1.141185036,1.146006944,1.16548812,1.183948486,0.880204461,0.7023968465,0.594488226,0.7207976725,0.8988177494,1.005754583,1.025088238,0.9925271305,0.8603044595,-0.3816817224,0.9929407504,8.00191865,1.381899406,0.2585610159,0.1494411664,0.08469947665,0.0,1.913615089,0.0,0.0,0.0,1.323246814,0.0,3.269526172,0.0,10.18764651,0.0,0.0,0.0,0.9644558743,1.445297164,0.3652879784,0.6346153846,0.176788935,0.03703558346,0.5476190476,26.67117399,4.390415048,0.0,17.69618563,49.38830668,23.64452491,11.56673267,9.496942443,17.00689132,5.316788604,15.07448444,12.74095804,5.563451492,15.7651876,0.0,14.17340334,1.913615089,0.0,11.26959012,25.33152128,58.04,2.1875,1.462222222,0.386122449,0.2302847065,0.184375,0.1404958678,0.07046070461,0.394676401,0.8108683789,22.41989402,-2.308622725,0.9940593919,1.767059098,-0.8289668641,0.2360711924,923.330762,4.61,0.00218,393.38285734897886,16.92273088794513,30.84400139890158,-48.671610631782464,-0.03885452084478758,0.4583916106703382,-2.1952585622286653,1157.888375339943,-232.12691731690168,-2015.5546148400038,0.7309881202141912,-44.249062808368016,-5.53827302764377,1.8390649908013876,-219.66918413233995,429.5680120199874,0.16442891422507422,2.174132009886339,2.6293240937793567,4.694126060825577,4.433888665380782,5.358681814603699,-2.7653355869752207,-8.767983315096687,-1.4320485460589725,2.1519322541685852,-12.387758115751874,1.276656681582182,0.03287576419745064,-4.2604376001557345,8.574435765536498,7.0168857828325875,8.302433921984695,-3.959927098718549,-10.360609289921438,3.9060592412699915,-2.8080341892070315,-3.602910796287424,9.50742844123679,3.088504831793449,11.32758301443238,21.287670304215602,0.48663229230833704,0.25064830837498436,-2.513303467791129,15.316575522862205,-16.096248700118586,-20.70691981703924,-1.9636837356937997,1.3736351942934957,5.594253694281029,464.5779026260462,339.25259153253074,1148.5735188772253,21.592727912709822,-8.956818533197538,5.71624981337725,-205.11764105733002,26.563488506614053,30.02243248203372,392.4335794940599,10.903464958856901,-35.281886419415066,-6.6515723547892245,13.515871455230362
2.479564954,4.591571285,3.0,3.008913765,2.832888889,1.497581915,150.1287662,160.8410993,160.5068487,162.457208,12.33190083,0.01876581317,-0.5664426947,0.05411211629,-0.06423802124,-0.1010351581,1.644646751,1.005961287,1.222162933,0.4658620539,1.182222662,0.9498613445,0.9933046848,1.067178337,1.161331007,0.9007303728,0.6577656272,0.5831065625,0.5113402829,0.9051268693,0.952347714,0.9358385995,1.013297008,1.033939994,-0.3832872774,0.9728874708,7.00827392,1.434073753,0.1319175692,0.07749483598,0.08448720846,0.0,3.449495526,0.0,7.310006535,0.0,0.0,0.0,6.199811902,1.721292652,0.0,0.0,0.0,0.0,0.9200813579,1.853900313,0.347639485,0.6818181818,0.2099694876,0.04335016835,0.5090909091,31.86602872,14.98529578,5.425791397,24.27512131,37.26522558,24.39072461,12.16293986,4.794537184,11.38785599,16.05936861,32.20656318,13.08951281,24.13599769,11.37477255,0.0,0.0,3.881026768,0.0,11.76696401,25.23371231,112.4,1.854166667,1.997777778,0.6131972789,0.3699058327,0.2540740741,0.2605836139,0.0641025641,0.3759552592,0.8525083259,23.48571641,-2.864608124,0.589946109,1.343688942,-0.5588379815,0.129478891,3184.061503,2.38,0.0997,458.9550335272978,51.23383640794012,74.87411281602421,-16.286424752445193,0.3208101299977205,0.25067243736312067,-4.068447541587874,3219.1608315497556,-972.5023365349272,-4955.056837711658,1.1935479645260463,-257.1424080015402,-18.96754808441957,20.60607456299425,-1219.7843073393574,1150.9828849791943,-1.05840461357429,3.9824670366263244,3.8959235950056996,5.643141136031186,7.996344902354018,-1.540008113768399,-10.73240483222703,-36.43215558781812,0.6666333232559669,14.894802741513093,-44.323118623139344,7.652018898555404,-1.1272716565706529,-5.397292185850781,29.397224203357826,18.789050405817914,23.346449759430858,-5.902770978045144,-27.366415041736687,6.171068559553547,1.8006468901163837,2.3689985094153503,12.597437305387484,2.955235698253367,32.791346212387424,52.8189794997328,1.4732717237703679,4.052703195739165,-4.65882468147161,77.71159772652699,-126.0967172474893,-32.72021275260221,-20.355553885335503,-9.917267179565322,28.168877534596636,1247.5568500355394,-253.67462842600258,4869.509272666182,-818.4254487083033,109.99549695547738,122.7533751705657,-669.818535040869,58.605243387639,104.04104104840785,922.7684154381442,27.207798648664674,3.530596069153016,-22.858321083806736,58.367096964906956
2.489329897,4.617412528,3.411214953,2.902469136,2.734626136,1.68158777,148.0142773,155.3282134,156.8633083,159.3722988,11.7136,0.01191697446,-0.4483522929,-0.004987411384,0.01389165977,0.01227528567,1.530777925,1.037860603,1.341131133,0.4705334827,1.059544482,1.004810395,1.062498995,1.007194245,1.049329483,1.083496839,0.8625152227,0.7414374579,0.9689473348,0.8245444986,0.9996451684,1.118731664,0.9929957002,1.018318996,-0.4158683044,0.977954765,3.06600847,1.197963465,0.1590692995,0.09516888768,0.1048899075,0.0,4.008661771,0.0,0.0,0.0,0.7582071395,0.0,3.264420509,0.0,0.0,0.0,5.650160095,0.0,1.152975931,1.534179106,0.3502202643,0.6612903226,0.1903400822,0.01559139785,0.56,30.59601634,14.18117935,10.19736362,18.19910121,73.59045324,29.3384529,12.02124807,0.0,22.51475897,5.316788604,34.47495837,13.8474744,11.25737949,5.687386275,0.0,3.405551724,4.008661771,0.0,11.91980475,24.4497476,72.93,1.979166667,2.002777778,0.736462585,0.3482221592,0.269382716,0.1695724926,0.06666666667,0.419490948,0.9447779599,27.81905609,-1.893286438,0.9532300442,1.191549598,-1.046102252,0.3538339438,2013.853583,3.88,0.00239,423.55237677392256,33.54592063004602,51.171610341952054,-29.62020749417514,0.17931496958637272,0.3140830804114953,-3.0526448965898076,2183.788618423783,-594.2152708748054,-3430.087046476652,0.9470889360075292,-149.40573577075912,-12.029858411474207,11.436639082802426,-592.8798923899451,777.0574602799381,-0.47455232083321697,3.0881166133258406,2.9650724037153178,5.310349287963913,6.1718492937039455,2.424476218161325,-6.834958585802796,-22.327943951792463,-0.2522738020160653,8.317418800245294,-27.750899940136044,4.178465750538699,-0.49613549413210234,-4.714572903951024,18.664848950447563,12.911785600068114,15.474901316100176,-4.687674683643877,-18.351321947144374,4.828632344643458,-0.7269975857296724,-0.6460481240065252,11.133438145888704,2.9897073130856637,21.691244596059637,36.38286276589453,0.9670178048146612,2.1877954968814635,-3.5091974625655027,44.31722854546135,-71.0079632109381,-27.174379190333973,-10.84929242325552,-4.070423293273193,16.913086190200705,851.337160615936,31.109980073303902,2935.1639305590497,-382.77162840388905,45.77592382240209,63.09539039577043,-435.9837796391967,41.885261686694015,66.0992380161825,657.6983282687795,18.950580531482377,-16.345512409124908,-14.345466123176513,36.03991424479649
2.479015615,4.520309251,3.089430894,2.877394636,2.708576998,1.529342206,149.2712213,158.8721414,159.3912007,162.4763837,12.75,0.02003942051,-0.4468943195,0.06794930524,-0.09772703738,0.1054316512,1.500332517,1.255892368,0.8274635937,0.4944376026,1.139575351,0.9568916813,0.9941934205,1.119047619,1.100985222,0.9236453202,0.876613779,0.9156935468,0.8672381263,0.8419023279,0.9742927238,0.9273145603,1.078266968,1.074385005,-0.529171611,0.9878600702,3.513572326,1.43420064,0.1859088621,0.08270546158,0.06365387513,0.0,3.636171301,0.0,7.393476832,0.0,0.0,0.0,3.394299624,1.741700688,0.0,5.30040824,0.0,0.0,0.9551533645,1.914654767,0.3348519362,0.685483871,0.2114118318,0.0312153796,0.5384615385,28.3970158,14.98529578,5.425791397,18.20875424,37.26522558,29.22074076,17.91245169,4.736862954,17.13736782,15.47944295,33.40918099,13.08951281,17.21226049,5.687386275,0.0,5.30040824,2.503787692,1.657733824,11.82790416,24.11537292,92.53,1.729166667,1.837777778,0.614829932,0.2711404006,0.269382716,0.1695724926,0.0589569161,0.3366721259,0.8681464933,29.55941196,-2.367358994,1.313416619,1.635695528,-0.9684317067,0.1217578273,2216.818738,2.77,0.035,434.7948956527649,36.686297139607575,55.00664047818821,-29.01891976410615,0.18222359134909555,0.2735959639342266,-3.349565756345722,2384.9217931088683,-655.871230001529,-3688.3777226523703,0.9767737412309129,-165.99649905278434,-12.855667946443818,12.892378000272055,-673.9833517090522,825.5052705319649,-0.5599630377475393,3.2215689995630057,3.1236653646959756,5.690118820771599,6.58700804255659,1.6660616966790724,-7.6421012828957835,-24.61877739221543,-0.3437820532945919,9.380051732336815,-30.657156835923278,4.791618924150271,-0.5445547275682372,-4.618431962240497,20.5699541172608,14.08052240678693,16.94224053823134,-4.9758407388308346,-20.13644247367292,5.017797533235121,-0.3558255836464721,-0.23027609021253026,11.477069948213913,2.926705163669598,23.83018322819254,39.59778686513631,1.052391322703099,2.6201467551278004,-3.6851569590434723,48.14780513789083,-82.03190208881432,-28.690661253725093,-12.35729166626114,-4.900000089138423,18.705833543355645,937.0329507040485,-8.217534559998583,3343.88791488106,-442.2050272386307,61.57968893188946,71.89398772646804,-455.71314587011307,45.098821864063865,71.76204218034744,713.1386921977553,20.501259297623946,-7.931077001667438,-15.704826971894127,39.8847397291794
2.482842195,4.371118968,2.961538462,2.808917997,2.383658468,1.451431216,145.2910006,158.553924,159.1155841,157.8265275,10.08710372,0.02117709673,-0.5439457755,-0.098574729,-0.1319730239,0.08778937804,1.570230741,1.105881511,0.6957200333,0.5061776569,1.076190141,1.154903175,1.181591634,1.0155902,1.081524836,1.17040578,0.6565401086,0.6613212159,0.8244158746,0.9536987168,0.951448647,1.160441693,1.046917377,1.058417966,-0.4868865925,0.977951217,7.008272631,0.6101341164,0.1574361246,0.08010749572,0.07931626887,0.0,1.980461182,0.0,0.0,0.0,0.0,0.0,2.928236546,0.0,0.0,10.99806812,0.0,0.0,0.9750851305,1.889150038,0.3138075314,0.6590909091,0.2345794538,0.03007215007,0.5438596491,33.96432435,9.967957042,0.0,18.19910121,50.09721579,35.16647178,16.52595619,14.26826309,33.45795484,14.79051451,27.6520576,6.9237372,30.78079736,5.687386275,0.0,10.99806812,2.219939982,0.0,15.29994029,25.05237829,89.13,1.888888889,1.669444444,0.722675737,0.3061696901,0.2409490741,0.1378512397,0.05664488017,0.3152322285,0.8378250354,20.3887335,-3.472281551,1.360497209,1.556351432,-0.5635421143,0.4236569362,3607.172973,6.69,0.00176,459.4476704875075,56.99987217433711,83.45001012517739,-7.391989366273684,0.3926452137150156,0.30106178452007537,-3.8910639407049565,3555.8380615866154,-1111.096815985536,-5490.156892176351,1.3173385109394398,-303.17172218708527,-22.53553712503278,23.604327428831564,-1496.6872910109962,1281.6689377362684,-1.281783527354609,4.368910564214847,3.9340633504309457,5.199271218911259,8.647562813344447,-2.1901513010947515,-12.143832384908755,-42.008941756361516,1.3168564237501168,17.386184352291743,-50.478425605429635,8.978297376317549,-1.3552748265144783,-5.435742409327196,33.6250043986418,20.34598133109107,25.522844199148807,-5.8940070381392395,-30.056513201924563,6.655793153542428,2.6504813538487024,3.6555953954049305,12.812312928954789,2.917620001215864,35.80281782904021,57.27999791763667,1.6520805228674884,4.501530807904364,-5.285254801794834,91.08214245783545,-138.5719127388002,-33.996207134262114,-24.119474904479553,-12.298677104014649,32.22501772720905,1387.0606709035217,-374.2187270172361,5621.267946462616,-1045.4569198371066,97.74560448679058,147.140828961345,-806.6548354285588,65.1964208387625,117.41090844034917,1017.5386753519061,29.735817533847214,-8.989267054087447,-27.83621086652757,65.2808665532015
2.485124195,4.382906562,2.888888889,2.826466916,3.158408408,1.60297111,147.7994006,155.8522294,160.0308049,160.6537243,11.92899408,0.01455029339,-0.5411689529,-0.07214060326,-0.06553627258,0.1824664382,1.534657737,0.7253856819,0.9341794455,0.3987250789,1.086715726,1.056989539,1.013604736,1.180706113,1.238811728,1.087841587,0.5947198647,0.569877515,1.508839057,0.7987248069,0.9690246894,1.204140538,0.9199925383,0.8524864064,-0.4110187125,0.977764313,7.008280435,1.404458667,0.1793716673,0.1480783452,0.1096839966,0.0,3.937569546,0.0,0.0,0.0,1.221528093,0.0,0.0,0.0,0.0,0.0,0.0,0.0,1.012013889,1.413202089,0.3882352941,0.6666666667,0.1869038914,0.02061111111,0.5384615385,25.85598978,14.64975998,5.098681808,12.13273414,43.67639416,11.25737949,0.0,0.0,17.07524226,5.559266895,24.73242031,13.8474744,11.25737949,0.0,0.0,1.799661754,3.937569546,0.0,6.471547555,18.20753213,76.46,1.875,1.588888889,0.6570975057,0.1491480852,0.12125,0.04530149985,0.07977207977,0.365028387,0.8468176787,18.1513505,-2.046563055,0.6287086609,1.528382553,-0.5357268874,0.2568688097,1492.328419,3.48,0.0485,408.59685375486845,25.866785075658388,41.139073611032266,-39.1325192679648,0.062241030671875586,0.31620304482891487,-2.575777746534091,1706.0562171062545,-432.95023945512884,-2797.480507219731,0.8188824652884727,-96.48206737993071,-8.244197771680206,7.0471679687548665,-371.05925080144664,600.1226237308197,-0.15508188913200613,2.602742545184399,2.794741700430305,5.271828318070655,5.375710430157337,3.5656265887129583,-4.908034410782252,-15.586551892524223,-1.0644743816953677,5.344119265953976,-20.579674909284865,2.748759831465926,-0.2976636897193825,-4.340117245963004,13.882970345554824,10.310641696555209,12.012393658407072,-4.617247800964039,-14.726836961099895,4.359921869991033,-1.7305248344185429,-2.1605597163993835,10.470375635775929,3.1051016122885335,16.89019870295262,29.093470306266664,0.7332715353642181,1.2914922134285647,-2.8977286747027042,28.24761338222752,-44.73740928203973,-24.88636780850924,-6.581147935918145,-1.0224522051302065,11.235093618785033,675.4347745718204,191.74735862152303,2119.387621566198,-179.497657895383,22.998385210825894,32.82120687440536,-308.2382474374459,35.12194609934422,47.38608039656007,539.2027323271491,15.367769647826314,-19.223353298107043,-9.802806197042985,25.34669102165724
2.554842385,4.491463272,2.952095808,2.569194943,2.501141553,1.527389017,144.9591998,154.647031,158.0902222,156.1571572,16.31139438,0.0113255609,-0.2338012371,0.01546626341,-0.1102295767,0.1062491757,1.250955279,1.124030396,0.9065771212,0.4944062129,1.0072368,1.010863407,1.036668013,1.020013439,1.117283737,1.005180053,0.7876431795,0.8254589026,1.437583871,0.8209672109,0.9918611918,1.025273879,0.8165644756,0.9542102622,-0.4947415004,0.9888899919,3.511120661,1.34383709,0.2090805286,0.05837999226,0.130682846,0.0,4.139939267,0.0,0.0,0.0,1.981673861,0.0,0.0,2.153200163,0.0,6.251749727,0.0,0.0,1.26477354,1.823401211,0.3445544554,0.6571428571,0.2125524305,0.0,0.5,33.98248383,0.0,5.098681808,18.19910121,86.59482674,42.12680366,17.19295166,4.736862954,34.01378264,4.736862954,38.74369548,0.0,17.67820111,0.0,0.0,8.391873184,1.843518489,4.139939267,23.3351397,37.60678778,56.07,2.131944444,2.09,0.8368707483,0.3028470648,0.269691358,0.1459116417,0.05458089669,0.2972657446,0.941628561,26.98987973,-2.880679388,1.990650749,1.943681374,-0.751257403,-0.03370317351,2771.379838,5.11,0.000923,441.6705392981944,44.56397807131248,65.33263694289496,-12.853787828970042,0.31336125883381205,0.3580762156623263,-3.3783652809208062,2868.0163433980947,-848.6499301868218,-4480.050869401321,1.1282685658182412,-225.11130417644486,-17.1485607962098,16.94221716101815,-1000.0397545903419,1035.8468139956444,-0.8808724744366003,3.7673290868254425,3.1532858795648577,5.213877150464245,7.520676113926555,1.0904273749373412,-9.63110229907824,-32.016938473870724,0.8999683591355718,12.546568340656766,-38.247772650990946,6.505142182383713,-1.1607623325955059,-4.590493468748585,25.926171861979864,16.28416079865352,20.10726733669865,-4.839400084327329,-23.075617708857653,5.851034984065123,1.0253505610197322,1.3578013546217267,11.998917746524116,3.1120618163027687,28.01399540441677,46.27297720983825,1.2919206270352903,2.9234972749853156,-4.279830955814159,68.53262325935808,-102.97526295952237,-29.777985708297237,-16.878394877515085,-8.44091417135239,24.94375385611519,1092.0802094631983,-164.76162521443928,4032.6226612579653,-702.0113543180016,58.23005996083081,106.22861204911166,-630.7149203879685,53.361512340830586,91.5828331100213,838.747609850285,24.0754084111911,-23.98903210436285,-21.515791856793793,49.92604698107837
2.489578501,4.667901197,3.414414414,3.185128029,3.10202332,1.677894903,149.9215863,156.0873279,156.720858,160.363268,10.8792772,0.0178130734,-0.5697075948,0.05498430102,-0.1488782431,0.008197882176,1.622755777,1.1901113,0.9058826568,0.4712530987,1.105961652,0.9889056413,1.106803817,1.035530034,1.042693428,1.025941792,0.7464098244,0.5096462942,0.4948992105,0.8483334008,0.9725061847,1.065090684,1.031471564,1.030330195,-0.415868477,0.9727332745,7.008276925,1.197963212,0.1402848594,0.09526558908,0.1245317625,0.0,1.930889466,0.0,0.0,0.0,0.7151570628,0.0,3.111087176,0.0,0.0,0.0,5.599671149,0.0,0.9014647462,1.504768675,0.3655462185,0.6666666667,0.1844527283,0.04402356902,0.5490196078,30.76219167,14.18117935,10.19736362,12.13273414,67.16963161,34.9019044,12.02124807,4.794537184,22.51475897,11.05045608,40.3821381,6.9237372,16.05191667,5.687386275,5.907179729,3.269237546,1.930889466,0.0,11.91980475,26.11327834,116.02,2.104166667,2.162777778,0.8180952381,0.3482221592,0.3187654321,0.2356881951,0.071278826,0.4460863154,0.8544962233,26.44480004,-2.275612791,1.065990437,1.355855556,-1.042490007,0.6017448368,2586.982726,2.57,0.0183,440.7277912869606,42.37613432186184,63.412942058730984,-33.06538623016976,0.2024546798306393,0.20599127456701588,-3.8633191958786135,2656.8505219705235,-764.5844072908634,-4112.711270964207,1.0703102600830094,-199.57424985197358,-14.726509356868617,15.801158762062341,-876.43708175089,919.2794901214395,-0.7247010257505622,3.4634334333759793,3.4371034690610363,5.605212246767001,6.965549440010342,-0.073006616481887,-8.638709148206882,-29.013782674594115,-0.46827054136010937,11.402750782619435,-36.51834017532796,5.703251666285487,-0.46208380543862604,-5.047212753555744,23.8564894797164,15.863327750003332,19.278937545941293,-5.458711584143908,-23.848974624115215,5.537391780894244,0.2675079225579483,0.6574252812906658,11.624776135418498,2.714795610533766,27.64633059400284,44.74891200473412,1.215314915030609,3.509501374609794,-4.413247150336361,54.86102863392317,-98.5636266027791,-30.55502950321638,-15.510783561280663,-6.4550229032959034,21.149468964758285,1068.3988962621152,-97.30457915493974,4104.171449543231,-566.106446174544,80.89830980590595,88.2785973008578,-513.5034569568384,49.65941945769395,81.38257443581814,781.6451957430083,23.151511499614294,8.41167924977892,-18.872399233110908,47.121703586411485
2.499666132,4.648287414,3.593406593,2.996071829,2.864166355,1.684799834,145.6785274,152.0313229,155.9181832,153.7981836,11.14864198,0.02761001101,-0.5799412478,-0.07506134472,0.03363443172,0.1260565844,1.582512901,0.8643493278,0.7529898769,0.4904298998,1.088204695,0.9352481106,0.9428456159,1.175892537,0.8888746373,1.207231726,0.7828729689,0.5889201549,0.8749987118,0.7877766182,1.05504164,1.097277602,0.9415622774,0.980525279,-0.4868793612,0.9729396741,7.008275997,0.6101561804,0.1647069317,0.0901235131,0.1014071587,0.0,1.962832197,0.0,0.0,0.0,0.0,0.0,0.0,0.0,0.0,10.93954208,0.0,0.0,0.9648127677,1.687596638,0.3947368421,0.6724137931,0.2044752491,0.05096982759,0.5555555556,34.01851817,9.967957042,0.0,12.13273414,37.25557254,22.07041725,17.21226049,14.26826309,45.53211513,15.20739338,27.6520576,6.9237372,15.36561237,0.0,5.907179729,10.93954208,2.182437914,0.0,7.699472853,24.91500457,103.12,1.701388889,1.625555556,0.6580498866,0.4306264172,0.274066358,0.1425425977,0.0787037037,0.4369075538,0.7694022216,30.49350277,-2.181032881,0.9035908309,1.153524528,-0.7536525343,0.6564664043,2554.060638,5.19,0.00883,427.8543680092305,41.09165739001315,62.503338754717376,-28.120944158765063,0.2148440530119336,0.22471610050647123,-3.4740009278797404,2621.8649838152974,-755.4288611420511,-4111.720957255951,1.0993415306418255,-204.39808866495588,-14.829548696242101,15.460997778283684,-895.2368738627862,883.7555776832521,-0.7133087510031672,3.4267118830004937,3.3087983530038874,5.345963022871741,6.9252025123542555,0.3801067096232349,-8.355716439275204,-29.02445832160094,-0.6208621696517751,11.546411215898324,-36.279168786724426,5.6760412824194635,-0.3184858963483548,-4.78766861741678,23.69859515918967,15.350614262449366,18.58947701988519,-5.207837996311774,-23.709403741699106,5.396193510368914,0.21062550248863487,0.7575179840816373,11.43663137253815,2.679281059508854,27.018384771835755,43.58686104864476,1.1981827293383385,3.402532862768979,-4.51259150018785,53.04084261734562,-92.89916744410357,-30.46105825667179,-15.789384711231417,-6.4421304136669475,20.71525733992997,1077.2931383684243,-106.79353525373989,4209.607958456918,-612.178495217035,58.64319040377988,89.30572784292609,-533.7114137733665,49.37257074935774,79.72395486184547,776.0147836656354,22.53175195795974,-2.4307943406485433,-20.350628999520904,46.10690247150759
2.482963186,4.604900475,3.25,3.212549603,3.166420846,1.503021051,150.4984338,161.2261068,163.3522978,163.0405109,9.499807766,0.01880517949,-0.4348368549,0.0364773302,-0.0449080501,-0.02059930641,1.493531886,1.138902038,1.194810994,0.4798855102,1.097314705,0.8983903156,1.002916873,1.074027899,1.044537642,0.9547340863,0.5414841282,0.5548315206,0.6202043052,0.8955665018,1.006614275,0.9739842255,1.002135933,0.9978673375,-0.3981344719,0.9113318054,8.001919847,1.297043851,0.1392790929,0.06971793865,0.09238926608,0.0,1.634316845,0.0,7.518772169,-0.08251830822,0.0,0.0,6.353084152,1.877425053,0.0,0.0,0.0,0.0,0.8169784333,1.407326529,0.360343184,0.6796875,0.202022834,0.04584183673,0.5490196078,27.19754195,19.35077682,5.261891555,12.14238718,43.33159265,17.46044569,17.9801607,4.390415048,17.4570773,10.74258,32.46515906,24.07207091,22.77571198,10.07780132,0.0,13.81955174,2.043794437,0.0,11.94528192,25.32910667,105.02,1.791666667,2.028888889,0.7192743764,0.3366480852,0.310632716,0.2480338741,0.0697167756,0.4031261608,0.8412346471,32.53313138,-2.172355477,1.366220135,1.856360405,-0.8301955713,0.1499613494,2951.959999,3.17,0.0322,453.4256027275741,47.38824781298358,70.71097328653975,-24.9428647660014,0.2723818122664734,0.2723277988175002,-3.970251728608585,3005.034721814699,-885.7018887009091,-4602.874677612958,1.1548477848340968,-237.07507049515428,-18.00836619395807,18.505426444870235,-1086.0614468495921,1056.0744735150379,-0.9256025862573063,3.8156324702445987,3.7926902755994085,5.562728334904579,7.613532740453931,-0.8620761344250214,-9.777820393063962,-33.71312306205357,0.31571497944287796,13.633056625267907,-41.19020900145959,6.819046265428778,-0.781506145212127,-5.54761065715391,27.084048258642802,17.526293501955127,21.685956732481756,-5.828341747851592,-26.114981849094484,5.67015905207146,1.0501643626303632,1.7437508148451726,12.224765320098497,2.7614112022943105,30.76800114307809,49.60648806165076,1.3781458639108732,3.950137944966633,-4.6896636451167995,69.78380681615437,-113.59979000995824,-31.914224899945943,-18.366787450770715,-8.465410655153523,25.632127468121773,1183.1677856498065,-197.9137928800169,4576.056304638015,-726.4768523946892,93.7706425525681,109.59175378403818,-629.9860327062786,55.515779353086195,96.29362873447681,859.9862362102314,25.314528382154492,-3.316975156611827,-21.567506791011155,53.88029628394028
2.441560253,4.658379014,3.064935065,4.159477124,3.879084967,1.619303823,147.7382956,155.1695195,161.574898,164.4458854,3.591875,0.01609232575,-0.4011657339,-0.07686049908,0.02410155427,-0.03763466346,1.512070043,0.9282520636,0.7711987847,0.4301178091,0.8272634712,1.015010587,0.9672020124,1.152833587,1.06960099,0.8811547898,0.5809292139,0.3797273748,0.9611098501,0.9172631565,1.015275679,1.093925018,1.010401761,1.060591144,-0.3788729862,0.9898858772,8.007387534,1.218960329,0.1511330999,0.2210168165,0.1118583084,0.00449957706,0.0,0.0,0.0,0.0,0.0,-4.398485454,0.0,0.0,0.0,0.0,0.0,0.0,0.7956722018,1.044250707,0.2809633028,0.6388888889,0.1823177635,0.02082388511,0.575,33.14506678,0.0,18.26992695,18.19910121,41.9616539,29.7174337,5.693927995,13.17124514,33.77213846,0.0,20.16532066,0.0,5.563451492,13.17124514,11.73975001,38.96114992,0.0,0.0,14.12674474,23.05833076,54.46,1.493055556,1.193333333,0.4031292517,0.2748803225,0.170617284,0.1754984185,0.07751937984,0.4738521327,0.9525133732,32.1343259,-1.757367028,1.172908362,1.098525932,-1.082199671,0.2533605625,1975.491216,5.48,0.00396,420.2363967771945,33.48735641725806,52.54821658289764,-40.96644798036608,0.13229343553718054,0.3967359888729935,-3.039503047471518,2067.2856095031475,-577.2579797713003,-3371.609815787933,0.9599114402515423,-145.62367276045694,-13.300170412276168,10.127417752029126,-697.9040073878003,781.2172831807884,-0.4126259872155186,3.1704035927358296,2.8952048028687405,4.576409627995661,5.879548449016907,2.5628350260484973,-6.786068451232522,-22.03524486069943,-0.7051177388290464,7.980794329530752,-27.791380412545557,4.2038050982464235,-0.476554489410423,-4.594370355922312,18.644182567261467,12.383239176674241,14.874649511618127,-4.317277366256894,-18.96250634124108,4.9860054543838865,-1.0745114240758584,-0.7629190188479327,11.164175307039034,3.2030726714119493,20.906781507311063,35.356355465840714,0.9477104223174426,1.8190373085438087,-4.2545526508748335,44.63145917313413,-62.63830448022056,-27.08948884506925,-10.755148105840815,-3.8778337234381794,15.639060063136496,832.6924184089908,25.023403745160124,2952.932193516499,-396.6703622562891,28.936130556398325,59.31495178386338,-443.36013657836196,42.23961105287699,63.91130933878406,642.9764647799063,18.39632788403449,-23.74227004191468,-15.071620516529816,34.009823351154914
