sample,strategy,imputation,upstream,rmse_test,best_st_rmse,abs_gain,pct_gain
5,MLP,Gaussian,2,1.4464643001556396,1.309106707572937,-0.13735759258270264,-0.10492467251761427
5,MLP-E2E,Gaussian,2,1.2380720376968384,1.309106707572937,0.07103466987609863,0.05426194019568945
5,LH,Gaussian,2,1.3969106674194336,1.309106707572937,-0.08780395984649658,-0.06707165988728583
5,LH-E2E,Gaussian,2,1.4035382270812988,1.309106707572937,-0.09443151950836182,-0.0721343179758328
10,MLP,Gaussian,2,1.1206984519958496,0.9013084769248962,-0.21938997507095337,-0.24341275011577926
10,MLP-E2E,Gaussian,2,1.112245798110962,0.9013084769248962,-0.21093732118606567,-0.23403454709063226
10,LH,Gaussian,2,1.1357882022857666,0.9013084769248962,-0.23447972536087036,-0.2601547986776662
10,LH-E2E,Gaussian,2,1.0122343301773071,0.9013084769248962,-0.11092585325241089,-0.12307201817392212
20,MLP,Gaussian,2,0.8393356204032898,0.7587091326713562,-0.0806264877319336,-0.10626798104835507
20,MLP-E2E,Gaussian,2,0.8291574716567993,0.7587091326713562,-0.07044833898544312,-0.09285289441211807
20,LH,Gaussian,2,0.8809746503829956,0.7587091326713562,-0.1222655177116394,-0.16114939500089048
20,LH-E2E,Gaussian,2,0.7220240831375122,0.7587091326713562,0.036685049533843994,0.048351928234577554
50,MLP,Gaussian,2,1.0089491605758667,1.0514578819274902,0.042508721351623535,0.040428363401202774
50,MLP-E2E,Gaussian,2,0.9930292963981628,1.0514578819274902,0.05842858552932739,0.055569116493965946
50,LH,Gaussian,2,1.0407863855361938,1.0514578819274902,0.010671496391296387,0.010149238095713192
50,LH-E2E,Gaussian,2,0.9720133543014526,1.0514578819274902,0.0794445276260376,0.07555654771487669
75,MLP,Gaussian,2,1.070379614830017,0.8163384795188904,-0.2540411353111267,-0.31119583565489406
75,MLP-E2E,Gaussian,2,1.0326889753341675,0.8163384795188904,-0.2163504958152771,-0.2650254780869614
75,LH,Gaussian,2,1.0733298063278198,0.8163384795188904,-0.25699132680892944,-0.3148097673411003
75,LH-E2E,Gaussian,2,0.9807365536689758,0.8163384795188904,-0.16439807415008545,-0.20138469308340526
5,MLP,Gaussian,2,1.4527660608291626,1.309106707572937,-0.14365935325622559,-0.10973845938240416
5,MLP-E2E,Gaussian,2,1.3355803489685059,1.309106707572937,-0.026473641395568848,-0.020222676457483407
5,LH,Gaussian,2,1.3704050779342651,1.309106707572937,-0.061298370361328125,-0.04682457893365647
5,LH-E2E,Gaussian,2,1.2615954875946045,1.309106707572937,0.04751121997833252,0.03629285504649011
10,MLP,Gaussian,2,1.100962519645691,0.9013084769248962,-0.19965404272079468,-0.22151577160572
10,MLP-E2E,Gaussian,2,1.099616289138794,0.9013084769248962,-0.1983078122138977,-0.22002213147987756
10,LH,Gaussian,2,1.1764543056488037,0.9013084769248962,-0.27514582872390747,-0.30527376116849136
10,LH-E2E,Gaussian,2,1.1668609380722046,0.9013084769248962,-0.26555246114730835,-0.2946299385237405
20,MLP,Gaussian,2,0.8485592007637024,0.7587091326713562,-0.08985006809234619,-0.11842491967375039
20,MLP-E2E,Gaussian,2,0.807235598564148,0.7587091326713562,-0.04852646589279175,-0.06395924841702355
20,LH,Gaussian,2,0.91656094789505,0.7587091326713562,-0.15785181522369385,-0.20805313713294818
20,LH-E2E,Gaussian,2,0.868522047996521,0.7587091326713562,-0.1098129153251648,-0.14473651442486532
50,MLP,Gaussian,2,1.0003688335418701,1.0514578819274902,0.05108904838562012,0.048588773039549366
50,MLP-E2E,Gaussian,2,0.9856460690498352,1.0514578819274902,0.06581181287765503,0.06259101197378583
50,LH,Gaussian,2,1.0705468654632568,1.0514578819274902,-0.0190889835357666,-0.018154777156431073
50,LH-E2E,Gaussian,2,1.0022977590560913,1.0514578819274902,0.049160122871398926,0.04675424828361224
75,MLP,Gaussian,2,1.0703173875808716,0.8163384795188904,-0.2539789080619812,-0.3111196083904606
75,MLP-E2E,Gaussian,2,1.0327235460281372,0.8163384795188904,-0.21638506650924683,-0.26506782656720224
75,LH,Gaussian,2,1.1006911993026733,0.8163384795188904,-0.28435271978378296,-0.3483269831300448
75,LH-E2E,Gaussian,2,1.0426311492919922,0.8163384795188904,-0.2262926697731018,-0.2772044629164946
5,MLP,Gaussian,2,1.481476902961731,1.309106707572937,-0.17237019538879395,-0.131670088000974
5,MLP-E2E,Gaussian,2,1.4003502130508423,1.309106707572937,-0.09124350547790527,-0.06969905886974583
5,LH,Gaussian,2,1.3708622455596924,1.309106707572937,-0.06175553798675537,-0.04717379998858088
5,LH-E2E,Gaussian,2,1.2658299207687378,1.309106707572937,0.04327678680419922,0.033058257630070274
10,MLP,Gaussian,2,1.144467830657959,0.9013084769248962,-0.24315935373306274,-0.2697848294544828
10,MLP-E2E,Gaussian,2,1.0893172025680542,0.9013084769248962,-0.18800872564315796,-0.20859531498539788
10,LH,Gaussian,2,1.171181321144104,0.9013084769248962,-0.26987284421920776,-0.2994233951287863
10,LH-E2E,Gaussian,2,1.1584231853485107,0.9013084769248962,-0.2571147084236145,-0.2852682683079205
20,MLP,Gaussian,2,0.8474370241165161,0.7587091326713562,-0.08872789144515991,-0.11694585925538535
20,MLP-E2E,Gaussian,2,0.8135630488395691,0.7587091326713562,-0.05485391616821289,-0.07229900604343129
20,LH,Gaussian,2,0.9116292595863342,0.7587091326713562,-0.15292012691497803,-0.20155303307943334
20,LH-E2E,Gaussian,2,0.8299616575241089,0.7587091326713562,-0.07125252485275269,-0.0939128340288696
50,MLP,Gaussian,2,1.0278183221817017,1.0514578819274902,0.023639559745788574,0.022482650187046472
50,MLP-E2E,Gaussian,2,0.9777562618255615,1.0514578819274902,0.07370162010192871,0.0700946955353284
50,LH,Gaussian,2,1.0628125667572021,1.0514578819274902,-0.011354684829711914,-0.01079899159526672
50,LH-E2E,Gaussian,2,0.9693324565887451,1.0514578819274902,0.08212542533874512,0.0781062434837581
75,MLP,Gaussian,2,1.097494125366211,0.8163384795188904,-0.28115564584732056,-0.3444106248832222
75,MLP-E2E,Gaussian,2,1.0589237213134766,0.8163384795188904,-0.24258524179458618,-0.29716257150778186
75,LH,Gaussian,2,1.0943554639816284,0.8163384795188904,-0.27801698446273804,-0.3405658209650824
75,LH-E2E,Gaussian,2,1.0465614795684814,0.8163384795188904,-0.23022300004959106,-0.28201904703214914
5,MLP,Gaussian,2,1.5185288190841675,1.309106707572937,-0.20942211151123047,-0.15997329346779968
5,MLP-E2E,Gaussian,2,1.4155491590499878,1.309106707572937,-0.10644245147705078,-0.08130922472652623
5,LH,Gaussian,2,1.37079918384552,1.309106707572937,-0.06169247627258301,-0.04712562842715845
5,LH-E2E,Gaussian,2,1.3128602504730225,1.309106707572937,-0.0037535429000854492,-0.0028672551124915235
10,MLP,Gaussian,2,1.1264911890029907,0.9013084769248962,-0.22518271207809448,-0.24983978054481162
10,MLP-E2E,Gaussian,2,1.160868763923645,0.9013084769248962,-0.2595602869987488,-0.287981632974675
10,LH,Gaussian,2,1.160152792930603,0.9013084769248962,-0.2588443160057068,-0.2871872645521292
10,LH-E2E,Gaussian,2,1.1171177625656128,0.9013084769248962,-0.21580928564071655,-0.23943998216572793
20,MLP,Gaussian,2,0.861190915107727,0.7587091326713562,-0.10248178243637085,-0.13507387485312114
20,MLP-E2E,Gaussian,2,0.8559296131134033,0.7587091326713562,-0.09722048044204712,-0.12813933068097036
20,LH,Gaussian,2,0.911716639995575,0.7587091326713562,-0.15300750732421875,-0.20166820291920193
20,LH-E2E,Gaussian,2,0.8384124040603638,0.7587091326713562,-0.07970327138900757,-0.10505115591317388
50,MLP,Gaussian,2,0.9884920120239258,1.0514578819274902,0.06296586990356445,0.05988434818533859
50,MLP-E2E,Gaussian,2,0.9992813467979431,1.0514578819274902,0.05217653512954712,0.049623038665038297
50,LH,Gaussian,2,1.0660489797592163,1.0514578819274902,-0.014591097831726074,-0.01387701598182731
50,LH-E2E,Gaussian,2,0.9857768416404724,1.0514578819274902,0.06568104028701782,0.06246663933567551
75,MLP,Gaussian,2,1.0600942373275757,0.8163384795188904,-0.2437557578086853,-0.2985964326370391
75,MLP-E2E,Gaussian,2,1.0651887655258179,0.8163384795188904,-0.2488502860069275,-0.30483713833211384
75,LH,Gaussian,2,1.0984208583831787,0.8163384795188904,-0.28208237886428833,-0.3455458562121606
75,LH-E2E,Gaussian,2,1.0543779134750366,0.8163384795188904,-0.23803943395614624,-0.29159403841459847
5,MLP,Gaussian,2,1.4638471603393555,1.309106707572937,-0.15474045276641846,-0.1182030860213869
5,MLP-E2E,Gaussian,2,1.4181857109069824,1.309106707572937,-0.10907900333404541,-0.08332323308943711
5,LH,Gaussian,2,1.3815422058105469,1.309106707572937,-0.07243549823760986,-0.055332004502447414
5,LH-E2E,Gaussian,2,1.312003254890442,1.309106707572937,-0.002896547317504883,-0.002212613609531522
10,MLP,Gaussian,2,1.078470230102539,0.9013084769248962,-0.17716175317764282,-0.19656062015758147
10,MLP-E2E,Gaussian,2,0.9678812623023987,0.9013084769248962,-0.06657278537750244,-0.07386237573692518
10,LH,Gaussian,2,1.168605923652649,0.9013084769248962,-0.2672974467277527,-0.29656599662717464
10,LH-E2E,Gaussian,2,1.1362847089767456,0.9013084769248962,-0.23497623205184937,-0.2607056718844433
20,MLP,Gaussian,2,0.8313086032867432,0.7587091326713562,-0.07259947061538696,-0.09568814647026831
20,MLP-E2E,Gaussian,2,0.7235873937606812,0.7587091326713562,0.03512173891067505,0.046291440814761414
20,LH,Gaussian,2,0.907652735710144,0.7587091326713562,-0.14894360303878784,-0.1963118626427613
20,LH-E2E,Gaussian,2,0.8108750581741333,0.7587091326713562,-0.0521659255027771,-0.06875615866004527
50,MLP,Gaussian,2,0.9690558910369873,1.0514578819274902,0.08240199089050293,0.07836927404019924
50,MLP-E2E,Gaussian,2,0.9758742451667786,1.0514578819274902,0.07558363676071167,0.0718846071343864
50,LH,Gaussian,2,1.0601457357406616,1.0514578819274902,-0.008687853813171387,-0.00826267410468707
50,LH-E2E,Gaussian,2,0.9858967065811157,1.0514578819274902,0.06556117534637451,0.06235264053201105
75,MLP,Gaussian,2,1.0582088232040405,0.8163384795188904,-0.24187034368515015,-0.29628683414225016
75,MLP-E2E,Gaussian,2,1.0060492753982544,0.8163384795188904,-0.189710795879364,-0.2323923233303546
75,LH,Gaussian,2,1.0930172204971313,0.8163384795188904,-0.27667874097824097,-0.33892649669203606
75,LH-E2E,Gaussian,2,1.0470854043960571,0.8163384795188904,-0.23074692487716675,-0.2826608455516609
5,MLP,Gaussian,2,1.4178794622421265,1.309106707572937,-0.10877275466918945,-0.0830892959603365
5,MLP-E2E,Gaussian,2,1.2044905424118042,1.309106707572937,0.10461616516113281,0.07991416173788424
5,LH,Gaussian,2,1.3757919073104858,1.309106707572937,-0.06668519973754883,-0.050939468380833616
5,LH-E2E,Gaussian,2,1.328679084777832,1.309106707572937,-0.01957237720489502,-0.014950941043745697
10,MLP,Gaussian,2,1.135851502418518,0.9013084769248962,-0.23454302549362183,-0.2602250300516875
10,MLP-E2E,Gaussian,2,1.1027294397354126,0.9013084769248962,-0.20142096281051636,-0.22347616600448356
10,LH,Gaussian,2,1.1362375020980835,0.9013084769248962,-0.23492902517318726,-0.26065329594449527
10,LH-E2E,Gaussian,2,1.0187534093856812,0.9013084769248962,-0.11744493246078491,-0.1303049238607919
20,MLP,Gaussian,2,0.8645427823066711,0.7587091326713562,-0.10583364963531494,-0.139491730200588
20,MLP-E2E,Gaussian,2,0.8429848551750183,0.7587091326713562,-0.08427572250366211,-0.11107777522979564
20,LH,Gaussian,2,0.8981195688247681,0.7587091326713562,-0.13941043615341187,-0.18374688026036867
20,LH-E2E,Gaussian,2,0.7845732569694519,0.7587091326713562,-0.025864124298095703,-0.03408964408670042
50,MLP,Gaussian,2,1.0204617977142334,1.0514578819274902,0.030996084213256836,0.029479149613141006
50,MLP-E2E,Gaussian,2,0.9863980412483215,1.0514578819274902,0.0650598406791687,0.061875840960841554
50,LH,Gaussian,2,1.0561151504516602,1.0514578819274902,-0.004657268524169922,-0.004429343870276958
50,LH-E2E,Gaussian,2,0.9975137710571289,1.0514578819274902,0.05394411087036133,0.051304110033844774
75,MLP,Gaussian,2,1.0767658948898315,0.8163384795188904,-0.26042741537094116,-0.31901891421855333
75,MLP-E2E,Gaussian,2,1.0239673852920532,0.8163384795188904,-0.20762890577316284,-0.25434168666841367
75,LH,Gaussian,2,1.0907217264175415,0.8163384795188904,-0.2743832468986511,-0.3361145576040456
75,LH-E2E,Gaussian,2,1.0239619016647339,0.8163384795188904,-0.2076234221458435,-0.25433496932327204
5,MLP,Gaussian,2,1.4825931787490845,1.309106707572937,-0.17348647117614746,-0.13252278838123793
5,MLP-E2E,Gaussian,2,1.2120095491409302,1.309106707572937,0.09709715843200684,0.07417054535762285
5,LH,Gaussian,2,1.4074424505233765,1.309106707572937,-0.09833574295043945,-0.07511667489104258
5,LH-E2E,Gaussian,2,1.414571762084961,1.309106707572937,-0.10546505451202393,-0.08056261105525496
10,MLP,Gaussian,2,1.1355198621749878,0.9013084769248962,-0.23421138525009155,-0.25985707584730483
10,MLP-E2E,Gaussian,2,1.1239489316940308,0.9013084769248962,-0.22264045476913452,-0.2470191510111433
10,LH,Gaussian,2,1.1524205207824707,0.9013084769248962,-0.25111204385757446,-0.2786083236610888
10,LH-E2E,Gaussian,2,1.07223641872406,0.9013084769248962,-0.17092794179916382,-0.18964421857246863
20,MLP,Gaussian,2,0.8581170439720154,0.7587091326713562,-0.09940791130065918,-0.13102242614459061
20,MLP-E2E,Gaussian,2,0.8461011052131653,0.7587091326713562,-0.08739197254180908,-0.11518508052500792
20,LH,Gaussian,2,0.9061101675033569,0.7587091326713562,-0.14740103483200073,-0.19427871431178517
20,LH-E2E,Gaussian,2,0.797276496887207,0.7587091326713562,-0.03856736421585083,-0.05083287198620916
50,MLP,Gaussian,2,1.0008147954940796,1.0514578819274902,0.050643086433410645,0.04816463626728802
50,MLP-E2E,Gaussian,2,0.9757585525512695,1.0514578819274902,0.0756993293762207,0.07199463780465627
50,LH,Gaussian,2,1.0598175525665283,1.0514578819274902,-0.008359670639038086,-0.007950552069392903
50,LH-E2E,Gaussian,2,0.9827466011047363,1.0514578819274902,0.0687112808227539,0.06534858124492363
75,MLP,Gaussian,2,1.0890249013900757,0.8163384795188904,-0.2726864218711853,-0.33403597737043245
75,MLP-E2E,Gaussian,2,1.0541188716888428,0.8163384795188904,-0.2377803921699524,-0.29127671687127676
75,LH,Gaussian,2,1.0941578149795532,0.8163384795188904,-0.27781933546066284,-0.34032370448149873
75,LH-E2E,Gaussian,2,1.0289461612701416,0.8163384795188904,-0.21260768175125122,-0.26044059796930275
5,MLP,Gaussian,2,1.399623990058899,1.309106707572937,-0.09051728248596191,-0.06914431189018924
5,MLP-E2E,Gaussian,2,1.2150620222091675,1.309106707572937,0.09404468536376953,0.07183882323705061
5,LH,Gaussian,2,1.3655427694320679,1.309106707572937,-0.05643606185913086,-0.043110360318726365
5,LH-E2E,Gaussian,2,1.3389637470245361,1.309106707572937,-0.02985703945159912,-0.02280718544858241
10,MLP,Gaussian,2,1.0518521070480347,0.9013084769248962,-0.15054363012313843,-0.16702786446297105
10,MLP-E2E,Gaussian,2,1.0884710550308228,0.9013084769248962,-0.1871625781059265,-0.20765651594057102
10,LH,Gaussian,2,1.1435441970825195,0.9013084769248962,-0.2422357201576233,-0.26876005980115525
10,LH-E2E,Gaussian,2,1.0578840970993042,0.9013084769248962,-0.15657562017440796,-0.1737203456785584
20,MLP,Gaussian,2,0.8479995131492615,0.7587091326713562,-0.08929038047790527,-0.11768723563867058
20,MLP-E2E,Gaussian,2,0.8155863285064697,0.7587091326713562,-0.056877195835113525,-0.07496574561433486
20,LH,Gaussian,2,0.8950347900390625,0.7587091326713562,-0.1363256573677063,-0.17968105496201714
20,LH-E2E,Gaussian,2,0.7878407835960388,0.7587091326713562,-0.029131650924682617,-0.038396336185004556
50,MLP,Gaussian,2,1.0072319507598877,1.0514578819274902,0.04422593116760254,0.042061533731174605
50,MLP-E2E,Gaussian,2,0.9802138209342957,1.0514578819274902,0.07124406099319458,0.06775740827829721
50,LH,Gaussian,2,1.0504426956176758,1.0514578819274902,0.0010151863098144531,0.0009655035425227442
50,LH-E2E,Gaussian,2,0.9722856879234314,1.0514578819274902,0.07917219400405884,0.07529754197945006
75,MLP,Gaussian,2,1.0743768215179443,0.8163384795188904,-0.25803834199905396,-0.3160923421754283
75,MLP-E2E,Gaussian,2,1.0503431558609009,0.8163384795188904,-0.2340046763420105,-0.2866515326827682
75,LH,Gaussian,2,1.0858718156814575,0.8163384795188904,-0.26953333616256714,-0.33017350391398526
75,LH-E2E,Gaussian,2,1.01636803150177,0.8163384795188904,-0.20002955198287964,-0.24503261453602823
5,MLP,Gaussian,2,1.5160694122314453,1.309106707572937,-0.2069627046585083,-0.15809460257232497
5,MLP-E2E,Gaussian,2,1.359703779220581,1.309106707572937,-0.05059707164764404,-0.0386500744018417
5,LH,Gaussian,2,1.3631986379623413,1.309106707572937,-0.0540919303894043,-0.041319725944793204
5,LH-E2E,Gaussian,2,1.268754482269287,1.309106707572937,0.0403522253036499,0.030824244555634647
10,MLP,Gaussian,2,1.1151280403137207,0.9013084769248962,-0.21381956338882446,-0.2372323892019064
10,MLP-E2E,Gaussian,2,1.1136581897735596,0.9013084769248962,-0.21234971284866333,-0.2356015928898868
10,LH,Gaussian,2,1.1663243770599365,0.9013084769248962,-0.2650159001350403,-0.2940346251254923
10,LH-E2E,Gaussian,2,1.1640667915344238,0.9013084769248962,-0.2627583146095276,-0.29152983838120783
20,MLP,Gaussian,2,0.8554155826568604,0.7587091326713562,-0.09670644998550415,-0.12746182406557863
20,MLP-E2E,Gaussian,2,0.836578905582428,0.7587091326713562,-0.07786977291107178,-0.10263455329303646
20,LH,Gaussian,2,0.9116601943969727,0.7587091326713562,-0.15295106172561646,-0.20159380603089302
20,LH-E2E,Gaussian,2,0.8564931750297546,0.7587091326713562,-0.09778404235839844,-0.12888212115505765
50,MLP,Gaussian,2,1.0076824426651,1.0514578819274902,0.04377543926239014,0.04163308869979915
50,MLP-E2E,Gaussian,2,1.0011804103851318,1.0514578819274902,0.0502774715423584,0.047816914406682426
50,LH,Gaussian,2,1.0663444995880127,1.0514578819274902,-0.014886617660522461,-0.014158073201403857
50,LH-E2E,Gaussian,2,0.998690128326416,1.0514578819274902,0.05276775360107422,0.05018532316705116
75,MLP,Gaussian,2,1.077599048614502,0.8163384795188904,-0.2612605690956116,-0.32003951259235713
75,MLP-E2E,Gaussian,2,1.0473028421401978,0.8163384795188904,-0.23096436262130737,-0.2829272028894514
75,LH,Gaussian,2,1.0979188680648804,0.8163384795188904,-0.28158038854599,-0.3449309270732155
75,LH-E2E,Gaussian,2,1.047707438468933,0.8163384795188904,-0.23136895895004272,-0.2834228261375112
5,MLP,Gaussian,2,1.4656946659088135,1.309106707572937,-0.15658795833587646,-0.11961435796642433
5,MLP-E2E,Gaussian,2,1.2466533184051514,1.309106707572937,0.062453389167785645,0.04770687431857502
5,LH,Gaussian,2,1.4053481817245483,1.309106707572937,-0.09624147415161133,-0.07351690553174346
5,LH-E2E,Gaussian,2,1.3729945421218872,1.309106707572937,-0.0638878345489502,-0.0488026179832179
10,MLP,Gaussian,2,1.0763059854507446,0.9013084769248962,-0.1749975085258484,-0.19415939493092163
10,MLP-E2E,Gaussian,2,1.1111479997634888,0.9013084769248962,-0.20983952283859253,-0.23281654196189028
10,LH,Gaussian,2,1.1540601253509521,0.9013084769248962,-0.2527516484260559,-0.2804274617369621
10,LH-E2E,Gaussian,2,1.0149762630462646,0.9013084769248962,-0.11366778612136841,-0.1261141873525728
20,MLP,Gaussian,2,0.8366510272026062,0.7587091326713562,-0.07794189453125,-0.10272961161917561
20,MLP-E2E,Gaussian,2,0.8523306846618652,0.7587091326713562,-0.09362155199050903,-0.12339584164602684
20,LH,Gaussian,2,0.9032117128372192,0.7587091326713562,-0.14450258016586304,-0.1904584694493931
20,LH-E2E,Gaussian,2,0.7910929322242737,0.7587091326713562,-0.03238379955291748,-0.04268275964847902
50,MLP,Gaussian,2,1.0033562183380127,1.0514578819274902,0.04810166358947754,0.04574758952902565
50,MLP-E2E,Gaussian,2,0.99498051404953,1.0514578819274902,0.056477367877960205,0.05371339056817775
50,LH,Gaussian,2,1.0641982555389404,1.0514578819274902,-0.012740373611450195,-0.012116865383228719
50,LH-E2E,Gaussian,2,1.0106866359710693,1.0514578819274902,0.0407712459564209,0.03877591928045724
75,MLP,Gaussian,2,1.0714024305343628,0.8163384795188904,-0.2550639510154724,-0.3124487665530535
75,MLP-E2E,Gaussian,2,1.040573000907898,0.8163384795188904,-0.22423452138900757,-0.2746832680497437
75,LH,Gaussian,2,1.0970373153686523,0.8163384795188904,-0.28069883584976196,-0.34385104082707457
75,LH-E2E,Gaussian,2,1.030245065689087,0.8163384795188904,-0.21390658617019653,-0.2620317325924199
5,MLP,Gaussian,3,1.1098220348358154,1.309106707572937,0.19928467273712158,0.1522295100806505
5,MLP-E2E,Gaussian,3,1.0980960130691528,1.309106707572937,0.21101069450378418,0.16118677972019152
5,LH,Gaussian,3,1.2134913206100464,1.309106707572937,0.09561538696289062,0.07303865025652495
5,LH-E2E,Gaussian,3,1.130669355392456,1.309106707572937,0.17843735218048096,0.13630466572988612
10,MLP,Gaussian,3,1.2637240886688232,0.9013084769248962,-0.362415611743927,-0.4020994154858328
10,MLP-E2E,Gaussian,3,1.4767996072769165,0.9013084769248962,-0.5754911303520203,-0.6385062884524213
10,LH,Gaussian,3,1.2542800903320312,0.9013084769248962,-0.352971613407135,-0.3916213177217762
10,LH-E2E,Gaussian,3,1.2769964933395386,0.9013084769248962,-0.37568801641464233,-0.4168251226221935
20,MLP,Gaussian,3,0.8680738210678101,0.7587091326713562,-0.10936468839645386,-0.14414573871200054
20,MLP-E2E,Gaussian,3,0.8061895966529846,0.7587091326713562,-0.04748046398162842,-0.06258058844560546
20,LH,Gaussian,3,0.8505236506462097,0.7587091326713562,-0.09181451797485352,-0.12101411993234047
20,LH-E2E,Gaussian,3,0.8744011521339417,0.7587091326713562,-0.11569201946258545,-0.15248533921720803
50,MLP,Gaussian,3,1.0906122922897339,1.0514578819274902,-0.03915441036224365,-0.03723821090243516
50,MLP-E2E,Gaussian,3,0.9124090075492859,1.0514578819274902,0.13904887437820435,0.13224388419943703
50,LH,Gaussian,3,1.093631625175476,1.0514578819274902,-0.04217374324798584,-0.04010977897723743
50,LH-E2E,Gaussian,3,0.9750362634658813,1.0514578819274902,0.07642161846160889,0.07268157838287907
75,MLP,Gaussian,3,1.0799553394317627,0.8163384795188904,-0.2636168599128723,-0.3229259265938745
75,MLP-E2E,Gaussian,3,0.9149485230445862,0.8163384795188904,-0.0986100435256958,-0.12079553518512529
75,LH,Gaussian,3,1.0663892030715942,0.8163384795188904,-0.25005072355270386,-0.3063076528011658
75,LH-E2E,Gaussian,3,0.9426050186157227,0.8163384795188904,-0.12626653909683228,-0.15467424636316
5,MLP,Gaussian,3,1.1059870719909668,1.309106707572937,0.20311963558197021,0.15515896023369308
5,MLP-E2E,Gaussian,3,1.1033848524093628,1.309106707572937,0.20572185516357422,0.15714674286940233
5,LH,Gaussian,3,1.2026714086532593,1.309106707572937,0.10643529891967773,0.08130376103335922
5,LH-E2E,Gaussian,3,1.0961252450942993,1.309106707572937,0.2129814624786377,0.16269220931080702
10,MLP,Gaussian,3,1.2589805126190186,0.9013084769248962,-0.3576720356941223,-0.39683642709589895
10,MLP-E2E,Gaussian,3,1.4833701848983765,0.9013084769248962,-0.5820617079734802,-0.6457963315283253
10,LH,Gaussian,3,1.2438522577285767,0.9013084769248962,-0.3425437808036804,-0.3800516577547109
10,LH-E2E,Gaussian,3,1.515600323677063,0.9013084769248962,-0.6142918467521667,-0.6815556077404497
20,MLP,Gaussian,3,0.8628032803535461,0.7587091326713562,-0.10409414768218994,-0.13719901764683193
20,MLP-E2E,Gaussian,3,0.7971737384796143,0.7587091326713562,-0.03846460580825806,-0.050697433511610906
20,LH,Gaussian,3,0.8485311269760132,0.7587091326713562,-0.08982199430465698,-0.11838791763109624
20,LH-E2E,Gaussian,3,0.8648858070373535,0.7587091326713562,-0.10617667436599731,-0.13994384645424982
50,MLP,Gaussian,3,1.0943825244903564,1.0514578819274902,-0.04292464256286621,-0.0408239296130231
50,MLP-E2E,Gaussian,3,0.9221025705337524,1.0514578819274902,0.1293553113937378,0.12302471988379492
50,LH,Gaussian,3,1.0981159210205078,1.0514578819274902,-0.04665803909301758,-0.04437461537449883
50,LH-E2E,Gaussian,3,0.9605574011802673,1.0514578819274902,0.0909004807472229,0.08645185157639201
75,MLP,Gaussian,3,1.0874502658843994,0.8163384795188904,-0.27111178636550903,-0.3321070771100842
75,MLP-E2E,Gaussian,3,0.9129877686500549,0.8163384795188904,-0.09664928913116455,-0.11839364620925975
75,LH,Gaussian,3,1.0663962364196777,0.8163384795188904,-0.25005775690078735,-0.30631626852645616
75,LH-E2E,Gaussian,3,0.9377699494361877,0.8163384795188904,-0.12143146991729736,-0.1487513733137547
5,MLP,Gaussian,3,1.1043914556503296,1.309106707572937,0.20471525192260742,0.15637781911769916
5,MLP-E2E,Gaussian,3,1.1128724813461304,1.309106707572937,0.19623422622680664,0.14989933600647556
5,LH,Gaussian,3,1.206487774848938,1.309106707572937,0.10261893272399902,0.07838851648255082
5,LH-E2E,Gaussian,3,1.0709874629974365,1.309106707572937,0.2381192445755005,0.1818944500077994
10,MLP,Gaussian,3,1.2715238332748413,0.9013084769248962,-0.37021535634994507,-0.41075321693750605
10,MLP-E2E,Gaussian,3,1.732578158378601,0.9013084769248962,-0.8312696814537048,-0.9222920928136044
10,LH,Gaussian,3,1.2468785047531128,0.9013084769248962,-0.34557002782821655,-0.3834092729353216
10,LH-E2E,Gaussian,3,1.548109769821167,0.9013084769248962,-0.6468012928962708,-0.7176247749306002
20,MLP,Gaussian,3,0.864577054977417,0.7587091326713562,-0.10586792230606079,-0.13953690254565412
20,MLP-E2E,Gaussian,3,0.8097481727600098,0.7587091326713562,-0.051039040088653564,-0.06727089195427113
20,LH,Gaussian,3,0.8472869992256165,0.7587091326713562,-0.08857786655426025,-0.1167481222248959
20,LH-E2E,Gaussian,3,0.8557997941970825,0.7587091326713562,-0.09709066152572632,-0.12796822569391988
50,MLP,Gaussian,3,1.0926951169967651,1.0514578819274902,-0.0412372350692749,-0.039219103093012596
50,MLP-E2E,Gaussian,3,0.9150786995887756,1.0514578819274902,0.1363791823387146,0.1297048457031011
50,LH,Gaussian,3,1.097683310508728,1.0514578819274902,-0.04622542858123779,-0.04396317662910016
50,LH-E2E,Gaussian,3,0.9514150023460388,1.0514578819274902,0.10004287958145142,0.09514682547060928
75,MLP,Gaussian,3,1.0847264528274536,0.8163384795188904,-0.26838797330856323,-0.32877045495483426
75,MLP-E2E,Gaussian,3,0.932705819606781,0.8163384795188904,-0.11636734008789062,-0.14254790507544346
75,LH,Gaussian,3,1.064565658569336,0.8163384795188904,-0.24822717905044556,-0.30407384348308364
75,LH-E2E,Gaussian,3,0.9357223510742188,0.8163384795188904,-0.11938387155532837,-0.1462431020349394
5,MLP,Gaussian,3,1.0965205430984497,1.309106707572937,0.2125861644744873,0.1623902492017772
5,MLP-E2E,Gaussian,3,1.0898834466934204,1.309106707572937,0.2192232608795166,0.16746019221454683
5,LH,Gaussian,3,1.1981693506240845,1.309106707572937,0.11093735694885254,0.08474279163577783
5,LH-E2E,Gaussian,3,1.074241280555725,1.309106707572937,0.23486542701721191,0.179408924924576
10,MLP,Gaussian,3,1.2724696397781372,0.9013084769248962,-0.37116116285324097,-0.4118025874111122
10,MLP-E2E,Gaussian,3,1.4932260513305664,0.9013084769248962,-0.5919175744056702,-0.6567313961421813
10,LH,Gaussian,3,1.2510807514190674,0.9013084769248962,-0.34977227449417114,-0.3880716574280226
10,LH-E2E,Gaussian,3,1.550339698791504,0.9013084769248962,-0.6490312218666077,-0.7200988767807737
20,MLP,Gaussian,3,0.8625290393829346,0.7587091326713562,-0.10381990671157837,-0.13683756032570282
20,MLP-E2E,Gaussian,3,0.8068589568138123,0.7587091326713562,-0.048149824142456055,-0.06346282398489689
20,LH,Gaussian,3,0.8474817276000977,0.7587091326713562,-0.08877259492874146,-0.1170047797054716
20,LH-E2E,Gaussian,3,0.8586978912353516,0.7587091326713562,-0.09998875856399536,-0.13178799919271128
50,MLP,Gaussian,3,1.0921517610549927,1.0514578819274902,-0.04069387912750244,-0.03870233874979762
50,MLP-E2E,Gaussian,3,0.9205506443977356,1.0514578819274902,0.13090723752975464,0.12450069544372121
50,LH,Gaussian,3,1.0966788530349731,1.0514578819274902,-0.04522097110748291,-0.04300787685816349
50,LH-E2E,Gaussian,3,0.9499468803405762,1.0514578819274902,0.10151100158691406,0.09654309823692432
75,MLP,Gaussian,3,1.0856475830078125,0.8163384795188904,-0.2693091034889221,-0.32989882290938877
75,MLP-E2E,Gaussian,3,0.919781506061554,0.8163384795188904,-0.10344302654266357,-0.1267158527227919
75,LH,Gaussian,3,1.0644289255142212,0.8163384795188904,-0.2480904459953308,-0.3039063479422691
75,LH-E2E,Gaussian,3,0.9432010054588318,0.8163384795188904,-0.1268625259399414,-0.1554043195595875
5,MLP,Gaussian,3,1.1031020879745483,1.309106707572937,0.20600461959838867,0.1573627408726046
5,MLP-E2E,Gaussian,3,1.0886433124542236,1.309106707572937,0.22046339511871338,0.16840750554815276
5,LH,Gaussian,3,1.2010654211044312,1.309106707572937,0.10804128646850586,0.08253054227245744
5,LH-E2E,Gaussian,3,1.1052637100219727,1.309106707572937,0.20384299755096436,0.15571152173598288
10,MLP,Gaussian,3,1.2705776691436768,0.9013084769248962,-0.3692691922187805,-0.4097034496764761
10,MLP-E2E,Gaussian,3,1.4944229125976562,0.9013084769248962,-0.59311443567276,-0.6580593113873295
10,LH,Gaussian,3,1.2505825757980347,0.9013084769248962,-0.3492740988731384,-0.38751893254660086
10,LH-E2E,Gaussian,3,0.9692714214324951,0.9013084769248962,-0.06796294450759888,-0.07540475458466375
20,MLP,Gaussian,3,0.8662269115447998,0.7587091326713562,-0.1075177788734436,-0.14171145995683723
20,MLP-E2E,Gaussian,3,0.803047239780426,0.7587091326713562,-0.044338107109069824,-0.058438873607542824
20,LH,Gaussian,3,0.8465328812599182,0.7587091326713562,-0.08782374858856201,-0.11575417351224096
20,LH-E2E,Gaussian,3,0.8614733815193176,0.7587091326713562,-0.10276424884796143,-0.13544617353706612
50,MLP,Gaussian,3,1.0904769897460938,1.0514578819274902,-0.039019107818603516,-0.03710953000521073
50,MLP-E2E,Gaussian,3,0.9274744391441345,1.0514578819274902,0.12398344278335571,0.11791574813826519
50,LH,Gaussian,3,1.09481680393219,1.0514578819274902,-0.04335892200469971,-0.0412369556117796
50,LH-E2E,Gaussian,3,0.9586874842643738,1.0514578819274902,0.09277039766311646,0.0882302555886057
75,MLP,Gaussian,3,1.082836389541626,0.8163384795188904,-0.2664979100227356,-0.32645516131959906
75,MLP-E2E,Gaussian,3,0.9203178286552429,0.8163384795188904,-0.10397934913635254,-0.12737283828349344
75,LH,Gaussian,3,1.0657604932785034,0.8163384795188904,-0.24942201375961304,-0.3055374945777517
75,LH-E2E,Gaussian,3,0.9347482919692993,0.8163384795188904,-0.11840981245040894,-0.14504989709684374
5,MLP,Gaussian,3,1.103930950164795,1.309106707572937,0.2051757574081421,0.1567295898961015
5,MLP-E2E,Gaussian,3,1.1027833223342896,1.309106707572937,0.20632338523864746,0.15760623946474747
5,LH,Gaussian,3,1.2151985168457031,1.309106707572937,0.09390819072723389,0.0717345577591136
5,LH-E2E,Gaussian,3,1.1166741847991943,1.309106707572937,0.19243252277374268,0.14699529202665954
10,MLP,Gaussian,3,1.2666641473770142,0.9013084769248962,-0.3653556704521179,-0.4053614048972959
10,MLP-E2E,Gaussian,3,1.6643249988555908,0.9013084769248962,-0.7630165219306946,-0.8465653452344871
10,LH,Gaussian,3,1.2589949369430542,0.9013084769248962,-0.35768646001815796,-0.3968524308553275
10,LH-E2E,Gaussian,3,1.55403733253479,0.9013084769248962,-0.6527288556098938,-0.7242013942184237
20,MLP,Gaussian,3,0.864406943321228,0.7587091326713562,-0.10569781064987183,-0.13931269059292592
20,MLP-E2E,Gaussian,3,0.8114731311798096,0.7587091326713562,-0.05276399850845337,-0.06954443572159914
20,LH,Gaussian,3,0.8484935760498047,0.7587091326713562,-0.08978444337844849,-0.11833842445302378
20,LH-E2E,Gaussian,3,0.8623234629631042,0.7587091326713562,-0.10361433029174805,-0.13656660481590618
50,MLP,Gaussian,3,1.0943130254745483,1.0514578819274902,-0.042855143547058105,-0.040757831848193274
50,MLP-E2E,Gaussian,3,0.9314829707145691,1.0514578819274902,0.11997491121292114,0.11410339232322646
50,LH,Gaussian,3,1.0950558185577393,1.0514578819274902,-0.04359793663024902,-0.04146427296766946
50,LH-E2E,Gaussian,3,0.957667887210846,1.0514578819274902,0.09378999471664429,0.08919995401500272
75,MLP,Gaussian,3,1.083695650100708,0.8163384795188904,-0.2673571705818176,-0.32750774009744676
75,MLP-E2E,Gaussian,3,0.9334220290184021,0.8163384795188904,-0.11708354949951172,-0.14342524876263946
75,LH,Gaussian,3,1.0650348663330078,0.8163384795188904,-0.24869638681411743,-0.30464861458042114
75,LH-E2E,Gaussian,3,0.9390166997909546,0.8163384795188904,-0.12267822027206421,-0.1502786201434051
5,MLP,Gaussian,3,1.1106595993041992,1.309106707572937,0.1984471082687378,0.15158971161079418
5,MLP-E2E,Gaussian,3,1.1142244338989258,1.309106707572937,0.19488227367401123,0.1488666069363588
5,LH,Gaussian,3,1.2147170305252075,1.309106707572937,0.09438967704772949,0.07210235537080582
5,LH-E2E,Gaussian,3,1.0736427307128906,1.309106707572937,0.2354639768600464,0.17986614498110154
10,MLP,Gaussian,3,1.2624012231826782,0.9013084769248962,-0.361092746257782,-0.40063169880501515
10,MLP-E2E,Gaussian,3,1.468913197517395,0.9013084769248962,-0.5676047205924988,-0.6297563321817019
10,LH,Gaussian,3,1.2556588649749756,0.9013084769248962,-0.35435038805007935,-0.39315106550318896
10,LH-E2E,Gaussian,3,1.5470293760299683,0.9013084769248962,-0.645720899105072,-0.7164260801231522
20,MLP,Gaussian,3,0.8675126433372498,0.7587091326713562,-0.10880351066589355,-0.14340609066191784
20,MLP-E2E,Gaussian,3,0.809524416923523,0.7587091326713562,-0.05081528425216675,-0.06697597546143944
20,LH,Gaussian,3,0.850165069103241,0.7587091326713562,-0.09145593643188477,-0.12054149936204865
20,LH-E2E,Gaussian,3,0.8668546080589294,0.7587091326713562,-0.10814547538757324,-0.14253878163664827
50,MLP,Gaussian,3,1.094441533088684,1.0514578819274902,-0.04298365116119385,-0.04088005035674653
50,MLP-E2E,Gaussian,3,0.9235446453094482,1.0514578819274902,0.127913236618042,0.12165321960738608
50,LH,Gaussian,3,1.0938318967819214,1.0514578819274902,-0.04237401485443115,-0.040300249380177566
50,LH-E2E,Gaussian,3,0.9628674983978271,1.0514578819274902,0.08859038352966309,0.08425480949104948
75,MLP,Gaussian,3,1.0816714763641357,0.8163384795188904,-0.26533299684524536,-0.3250281635647257
75,MLP-E2E,Gaussian,3,0.9184370636940002,0.8163384795188904,-0.10209858417510986,-0.12506893492915064
75,LH,Gaussian,3,1.0619866847991943,0.8163384795188904,-0.24564820528030396,-0.3009146468571185
75,LH-E2E,Gaussian,3,0.9382094740867615,0.8163384795188904,-0.1218709945678711,-0.14928978312978194
5,MLP,Gaussian,3,1.0949653387069702,1.309106707572937,0.2141413688659668,0.1635782382193897
5,MLP-E2E,Gaussian,3,1.0851329565048218,1.309106707572937,0.22397375106811523,0.1710889950929661
5,LH,Gaussian,3,1.1929250955581665,1.309106707572937,0.11618161201477051,0.088748771465826
5,LH-E2E,Gaussian,3,1.118483066558838,1.309106707572937,0.19062364101409912,0.14561352402472394
10,MLP,Gaussian,3,1.2585949897766113,0.9013084769248962,-0.3572865128517151,-0.3964086902529897
10,MLP-E2E,Gaussian,3,1.5082228183746338,0.9013084769248962,-0.6069143414497375,-0.6733702799738676
10,LH,Gaussian,3,1.258101463317871,0.9013084769248962,-0.35679298639297485,-0.39586112360807796
10,LH-E2E,Gaussian,3,0.9506919384002686,0.9013084769248962,-0.049383461475372314,-0.054790854340857724
20,MLP,Gaussian,3,0.865547776222229,0.7587091326713562,-0.1068386435508728,-0.14081634047912697
20,MLP-E2E,Gaussian,3,0.8067450523376465,0.7587091326713562,-0.04803591966629028,-0.06331269467807712
20,LH,Gaussian,3,0.8477538228034973,0.7587091326713562,-0.08904469013214111,-0.11736340884499656
20,LH-E2E,Gaussian,3,0.8757193684577942,0.7587091326713562,-0.11701023578643799,-0.1542227854493513
50,MLP,Gaussian,3,1.0962647199630737,1.0514578819274902,-0.044806838035583496,-0.042614011274940855
50,MLP-E2E,Gaussian,3,0.9295029640197754,1.0514578819274902,0.12195491790771484,0.1159864983694373
50,LH,Gaussian,3,1.0978089570999146,1.0514578819274902,-0.046351075172424316,-0.04408267413189713
50,LH-E2E,Gaussian,3,0.9635797142982483,1.0514578819274902,0.08787816762924194,0.08357744912059362
75,MLP,Gaussian,3,1.0839811563491821,0.8163384795188904,-0.26764267683029175,-0.32785748013253907
75,MLP-E2E,Gaussian,3,0.9171373248100281,0.8163384795188904,-0.1007988452911377,-0.12347677810133802
75,LH,Gaussian,3,1.0680631399154663,0.8163384795188904,-0.2517246603965759,-0.3083581954202747
75,LH-E2E,Gaussian,3,0.9490118026733398,0.8163384795188904,-0.13267332315444946,-0.16252244195647933
5,MLP,Gaussian,3,1.1147897243499756,1.309106707572937,0.19431698322296143,0.14843479305305984
5,MLP-E2E,Gaussian,3,1.1151516437530518,1.309106707572937,0.19395506381988525,0.1481583301788094
5,LH,Gaussian,3,1.21343195438385,1.309106707572937,0.09567475318908691,0.07308399890981108
5,LH-E2E,Gaussian,3,1.1000471115112305,1.309106707572937,0.20905959606170654,0.1596963752857853
10,MLP,Gaussian,3,1.2670061588287354,0.9013084769248962,-0.3656976819038391,-0.4057408659369702
10,MLP-E2E,Gaussian,3,1.463657021522522,0.9013084769248962,-0.5623485445976257,-0.6239246151509178
10,LH,Gaussian,3,1.2604995965957642,0.9013084769248962,-0.3591911196708679,-0.3985218478099351
10,LH-E2E,Gaussian,3,1.5502451658248901,0.9013084769248962,-0.6489366888999939,-0.7199939926384029
20,MLP,Gaussian,3,0.8658832311630249,0.7587091326713562,-0.1071740984916687,-0.14125847953657417
20,MLP-E2E,Gaussian,3,0.8082080483436584,0.7587091326713562,-0.049498915672302246,-0.06524096460789973
20,LH,Gaussian,3,0.8506492972373962,0.7587091326713562,-0.09194016456604004,-0.12117972567738289
20,LH-E2E,Gaussian,3,0.8566234707832336,0.7587091326713562,-0.09791433811187744,-0.12905385462690902
50,MLP,Gaussian,3,1.0923267602920532,1.0514578819274902,-0.04086887836456299,-0.038868773601890554
50,MLP-E2E,Gaussian,3,0.9211500883102417,1.0514578819274902,0.13030779361724854,0.12393058805015902
50,LH,Gaussian,3,1.0947558879852295,1.0514578819274902,-0.04329800605773926,-0.04117902086421864
50,LH-E2E,Gaussian,3,0.9710605144500732,1.0514578819274902,0.08039736747741699,0.07646275600696033
75,MLP,Gaussian,3,1.0768280029296875,0.8163384795188904,-0.2604895234107971,-0.3190949954537446
75,MLP-E2E,Gaussian,3,0.9277028441429138,0.8163384795188904,-0.11136436462402344,-0.1364193498383858
75,LH,Gaussian,3,1.0645016431808472,0.8163384795188904,-0.2481631636619568,-0.30399542578001704
75,LH-E2E,Gaussian,3,0.9318603873252869,0.8163384795188904,-0.11552190780639648,-0.1415122656896921
5,MLP,Gaussian,3,1.108839988708496,1.309106707572937,0.20026671886444092,0.1529796751524803
5,MLP-E2E,Gaussian,3,1.0971601009368896,1.309106707572937,0.21194660663604736,0.16190170397109416
5,LH,Gaussian,3,1.1863658428192139,1.309106707572937,0.12274086475372314,0.09375925128462809
5,LH-E2E,Gaussian,3,1.0671368837356567,1.309106707572937,0.24196982383728027,0.18483582922425665
10,MLP,Gaussian,3,1.263775110244751,0.9013084769248962,-0.36246663331985474,-0.4021560238249686
10,MLP-E2E,Gaussian,3,1.4810459613800049,0.9013084769248962,-0.5797374844551086,-0.6432176100607303
10,LH,Gaussian,3,1.253065824508667,0.9013084769248962,-0.35175734758377075,-0.3902740921553341
10,LH-E2E,Gaussian,3,1.5583046674728394,0.9013084769248962,-0.6569961905479431,-0.7289359940222652
20,MLP,Gaussian,3,0.8661056756973267,0.7587091326713562,-0.10739654302597046,-0.14155166769620334
20,MLP-E2E,Gaussian,3,0.8091785907745361,0.7587091326713562,-0.05046945810317993,-0.06652016685957222
20,LH,Gaussian,3,0.8455731272697449,0.7587091326713562,-0.08686399459838867,-0.11448919072918928
20,LH-E2E,Gaussian,3,0.8606414198875427,0.7587091326713562,-0.10193228721618652,-0.13434962468066097
50,MLP,Gaussian,3,1.0909548997879028,1.0514578819274902,-0.0394970178604126,-0.037564051341750615
50,MLP-E2E,Gaussian,3,0.9364279508590698,1.0514578819274902,0.11502993106842041,0.10940041731158283
50,LH,Gaussian,3,1.094947099685669,1.0514578819274902,-0.04348921775817871,-0.041360874748930535
50,LH-E2E,Gaussian,3,0.962390661239624,1.0514578819274902,0.08906722068786621,0.08470831045043076
75,MLP,Gaussian,3,1.0796539783477783,0.8163384795188904,-0.26331549882888794,-0.32255676466956834
75,MLP-E2E,Gaussian,3,0.9238680005073547,0.8163384795188904,-0.10752952098846436,-0.1317217351457412
75,LH,Gaussian,3,1.0621297359466553,0.8163384795188904,-0.2457912564277649,-0.30108988194777014
75,LH-E2E,Gaussian,3,0.9277393817901611,0.8163384795188904,-0.11140090227127075,-0.13646410780112306
5,MLP,Gaussian,4,1.4260939359664917,1.309106707572937,-0.11698722839355469,-0.08936416543953636
5,MLP-E2E,Gaussian,4,1.3481152057647705,1.309106707572937,-0.039008498191833496,-0.029797798732659947
5,LH,Gaussian,4,1.3294824361801147,1.309106707572937,-0.020375728607177734,-0.01556460484795316
5,LH-E2E,Gaussian,4,1.3235950469970703,1.309106707572937,-0.0144883394241333,-0.01106734794063843
10,MLP,Gaussian,4,1.140546202659607,0.9013084769248962,-0.2392377257347107,-0.26543379082702867
10,MLP-E2E,Gaussian,4,1.1637020111083984,0.9013084769248962,-0.2623935341835022,-0.2911251152088818
10,LH,Gaussian,4,1.1929326057434082,0.9013084769248962,-0.29162412881851196,-0.32355640303470956
10,LH-E2E,Gaussian,4,1.1675993204116821,0.9013084769248962,-0.2662908434867859,-0.2954491722915142
20,MLP,Gaussian,4,1.101654052734375,0.7587091326713562,-0.3429449200630188,-0.4520110610182538
20,MLP-E2E,Gaussian,4,1.01213538646698,0.7587091326713562,-0.2534262537956238,-0.33402293828114277
20,LH,Gaussian,4,1.0716826915740967,0.7587091326713562,-0.3129735589027405,-0.41250796309882914
20,LH-E2E,Gaussian,4,1.0568948984146118,0.7587091326713562,-0.2981857657432556,-0.3930172353314986
50,MLP,Gaussian,4,1.20064377784729,1.0514578819274902,-0.1491858959197998,-0.14188480440730372
50,MLP-E2E,Gaussian,4,1.1328727006912231,1.0514578819274902,-0.08141481876373291,-0.07743041367904013
50,LH,Gaussian,4,1.206215262413025,1.0514578819274902,-0.15475738048553467,-0.14718362299195445
50,LH-E2E,Gaussian,4,1.169687032699585,1.0514578819274902,-0.11822915077209473,-0.11244306862331167
75,MLP,Gaussian,4,1.17915678024292,0.8163384795188904,-0.36281830072402954,-0.4444459128496022
75,MLP-E2E,Gaussian,4,1.1220449209213257,0.8163384795188904,-0.3057064414024353,-0.3744849092285881
75,LH,Gaussian,4,1.1809308528900146,0.8163384795188904,-0.36459237337112427,-0.4466191200321673
75,LH-E2E,Gaussian,4,1.147660732269287,0.8163384795188904,-0.33132225275039673,-0.40586381882385564
5,MLP,Gaussian,4,1.4411476850509644,1.309106707572937,-0.13204097747802734,-0.10086341832502654
5,MLP-E2E,Gaussian,4,1.2742825746536255,1.309106707572937,0.03482413291931152,0.026601447168409145
5,LH,Gaussian,4,1.313467025756836,1.309106707572937,-0.004360318183898926,-0.0033307584161591276
5,LH-E2E,Gaussian,4,1.3531688451766968,1.309106707572937,-0.044062137603759766,-0.03365817113980744
10,MLP,Gaussian,4,1.1380537748336792,0.9013084769248962,-0.23674529790878296,-0.26266844700775
10,MLP-E2E,Gaussian,4,1.1622449159622192,0.9013084769248962,-0.260936439037323,-0.2895084709816461
10,LH,Gaussian,4,1.198107361793518,0.9013084769248962,-0.2967988848686218,-0.3292977847953308
10,LH-E2E,Gaussian,4,1.215264916419983,0.9013084769248962,-0.31395643949508667,-0.34833405824191294
20,MLP,Gaussian,4,1.1051945686340332,0.7587091326713562,-0.346485435962677,-0.45667756066508464
20,MLP-E2E,Gaussian,4,1.0116370916366577,0.7587091326713562,-0.2529279589653015,-0.3333661716641814
20,LH,Gaussian,4,1.0691169500350952,0.7587091326713562,-0.310407817363739,-0.409126243506279
20,LH-E2E,Gaussian,4,1.0436437129974365,0.7587091326713562,-0.2849345803260803,-0.3755517998351327
50,MLP,Gaussian,4,1.200312852859497,1.0514578819274902,-0.14885497093200684,-0.1415700747414931
50,MLP-E2E,Gaussian,4,1.1210418939590454,1.0514578819274902,-0.06958401203155518,-0.06617860137583122
50,LH,Gaussian,4,1.2028886079788208,1.0514578819274902,-0.15143072605133057,-0.14401977354883094
50,LH-E2E,Gaussian,4,1.1734647750854492,1.0514578819274902,-0.12200689315795898,-0.11603592997400985
75,MLP,Gaussian,4,1.1802513599395752,0.8163384795188904,-0.3639128804206848,-0.4457867533515719
75,MLP-E2E,Gaussian,4,1.1063506603240967,0.8163384795188904,-0.2900121808052063,-0.3552597214039514
75,LH,Gaussian,4,1.1901988983154297,0.8163384795188904,-0.3738604187965393,-0.45797230949700446
75,LH-E2E,Gaussian,4,1.1390624046325684,0.8163384795188904,-0.322723925113678,-0.39533102164175277
5,MLP,Gaussian,4,1.4498683214187622,1.309106707572937,-0.1407616138458252,-0.1075249351573448
5,MLP-E2E,Gaussian,4,1.3601676225662231,1.309106707572937,-0.05106091499328613,-0.039004394903721984
5,LH,Gaussian,4,1.3330025672912598,1.309106707572937,-0.023895859718322754,-0.018253561440094747
5,LH-E2E,Gaussian,4,1.2831133604049683,1.309106707572937,0.02599334716796875,0.01985578946131901
10,MLP,Gaussian,4,1.1505556106567383,0.9013084769248962,-0.24924713373184204,-0.2765392095081906
10,MLP-E2E,Gaussian,4,1.1703145503997803,0.9013084769248962,-0.26900607347488403,-0.2984617146758508
10,LH,Gaussian,4,1.1731982231140137,0.9013084769248962,-0.27188974618911743,-0.3016611439368203
10,LH-E2E,Gaussian,4,0.9080703258514404,0.9013084769248962,-0.0067618489265441895,-0.007502258216425981
20,MLP,Gaussian,4,1.1056970357894897,0.7587091326713562,-0.34698790311813354,-0.457339826524054
20,MLP-E2E,Gaussian,4,1.0036742687225342,0.7587091326713562,-0.24496513605117798,-0.3228709468524185
20,LH,Gaussian,4,1.0404788255691528,0.7587091326713562,-0.28176969289779663,-0.37138038909022664
20,LH-E2E,Gaussian,4,1.0501532554626465,0.7587091326713562,-0.2914441227912903,-0.3841315600948918
50,MLP,Gaussian,4,1.2045013904571533,1.0514578819274902,-0.15304350852966309,-0.14555362716869827
50,MLP-E2E,Gaussian,4,1.1097335815429688,1.0514578819274902,-0.058275699615478516,-0.05542371274886432
50,LH,Gaussian,4,1.1979702711105347,1.0514578819274902,-0.14651238918304443,-0.13934213790329272
50,LH-E2E,Gaussian,4,1.4312812089920044,1.0514578819274902,-0.37982332706451416,-0.36123494206751994
75,MLP,Gaussian,4,1.1808853149414062,0.8163384795188904,-0.36454683542251587,-0.44656333686164323
75,MLP-E2E,Gaussian,4,1.0819830894470215,0.8163384795188904,-0.2656446099281311,-0.3254098840038619
75,LH,Gaussian,4,1.1769757270812988,0.8163384795188904,-0.36063724756240845,-0.44177416183413315
75,LH-E2E,Gaussian,4,1.1750361919403076,0.8163384795188904,-0.35869771242141724,-0.43939826606338095
5,MLP,Gaussian,4,1.4335415363311768,1.309106707572937,-0.12443482875823975,-0.09505323594968047
5,MLP-E2E,Gaussian,4,1.3317278623580933,1.309106707572937,-0.02262115478515625,-0.017279840256181647
5,LH,Gaussian,4,1.2824276685714722,1.309106707572937,0.026679039001464844,0.020379575512929238
5,LH-E2E,Gaussian,4,1.3008928298950195,1.309106707572937,0.00821387767791748,0.00627441417143594
10,MLP,Gaussian,4,1.141054630279541,0.9013084769248962,-0.23974615335464478,-0.2659978902812674
10,MLP-E2E,Gaussian,4,1.1634904146194458,0.9013084769248962,-0.26218193769454956,-0.29089034931643776
10,LH,Gaussian,4,1.18108069896698,0.9013084769248962,-0.27977222204208374,-0.31040673554587733
10,LH-E2E,Gaussian,4,1.1318724155426025,0.9013084769248962,-0.2305639386177063,-0.2558102409114683
20,MLP,Gaussian,4,1.1002002954483032,0.7587091326713562,-0.341491162776947,-0.450094967981449
20,MLP-E2E,Gaussian,4,1.0235755443572998,0.7587091326713562,-0.2648664116859436,-0.3491013885036146
20,LH,Gaussian,4,1.0551626682281494,0.7587091326713562,-0.2964535355567932,-0.3907341071709566
20,LH-E2E,Gaussian,4,1.0335315465927124,0.7587091326713562,-0.2748224139213562,-0.362223679783223
50,MLP,Gaussian,4,1.2040578126907349,1.0514578819274902,-0.15259993076324463,-0.14513175790123384
50,MLP-E2E,Gaussian,4,1.134109377861023,1.0514578819274902,-0.08265149593353271,-0.07860656841719549
50,LH,Gaussian,4,1.1995633840560913,1.0514578819274902,-0.14810550212860107,-0.1408572846085856
50,LH-E2E,Gaussian,4,0.7164213061332703,1.0514578819274902,0.33503657579421997,0.31864003452049305
75,MLP,Gaussian,4,1.180803894996643,0.8163384795188904,-0.3644654154777527,-0.44646359888921394
75,MLP-E2E,Gaussian,4,1.1226630210876465,0.8163384795188904,-0.3063245415687561,-0.37524207084944555
75,LH,Gaussian,4,1.180411458015442,0.8163384795188904,-0.3640729784965515,-0.44598287062385955
75,LH-E2E,Gaussian,4,0.8061152696609497,0.8163384795188904,0.010223209857940674,0.012523248768042552
5,MLP,Gaussian,4,1.4363290071487427,1.309106707572937,-0.12722229957580566,-0.09718252823841517
5,MLP-E2E,Gaussian,4,1.300536036491394,1.309106707572937,0.008570671081542969,0.0065469613989167135
5,LH,Gaussian,4,1.3301562070846558,1.309106707572937,-0.02104949951171875,-0.016079284744285046
5,LH-E2E,Gaussian,4,1.2781566381454468,1.309106707572937,0.030950069427490234,0.023642128826053585
10,MLP,Gaussian,4,1.144714593887329,0.9013084769248962,-0.24340611696243286,-0.2700586127769386
10,MLP-E2E,Gaussian,4,1.1638132333755493,0.9013084769248962,-0.2625047564506531,-0.29124851609769886
10,LH,Gaussian,4,1.1994554996490479,0.9013084769248962,-0.2981470227241516,-0.3307935411207671
10,LH-E2E,Gaussian,4,1.1776291131973267,0.9013084769248962,-0.2763206362724304,-0.3065772078558355
20,MLP,Gaussian,4,1.102588415145874,0.7587091326713562,-0.3438792824745178,-0.4532425769856565
20,MLP-E2E,Gaussian,4,1.0077601671218872,0.7587091326713562,-0.249051034450531,-0.32825627599030155
20,LH,Gaussian,4,1.0492520332336426,0.7587091326713562,-0.2905429005622864,-0.38294372382115305
20,LH-E2E,Gaussian,4,1.046325922012329,0.7587091326713562,-0.2876167893409729,-0.3790870268403076
50,MLP,Gaussian,4,1.2039520740509033,1.0514578819274902,-0.15249419212341309,-0.14503119406349105
50,MLP-E2E,Gaussian,4,1.116951823234558,1.0514578819274902,-0.06549394130706787,-0.062288696896738285
50,LH,Gaussian,4,1.203182578086853,1.0514578819274902,-0.1517246961593628,-0.1442993568902895
50,LH-E2E,Gaussian,4,1.1181107759475708,1.0514578819274902,-0.06665289402008057,-0.06339093097851449
75,MLP,Gaussian,4,1.1807416677474976,0.8163384795188904,-0.3644031882286072,-0.4463873716247805
75,MLP-E2E,Gaussian,4,1.1217269897460938,0.8163384795188904,-0.30538851022720337,-0.3740954492396148
75,LH,Gaussian,4,1.1866973638534546,0.8163384795188904,-0.3703588843345642,-0.45368299256557826
75,LH-E2E,Gaussian,4,1.1606475114822388,0.8163384795188904,-0.3443090319633484,-0.4217723904994251
5,MLP,Gaussian,4,1.4499565362930298,1.309106707572937,-0.14084982872009277,-0.10759232070640454
5,MLP-E2E,Gaussian,4,1.3159363269805908,1.309106707572937,-0.006829619407653809,-0.005217007420514875
5,LH,Gaussian,4,1.3147644996643066,1.309106707572937,-0.005657792091369629,-0.004321872356653863
5,LH-E2E,Gaussian,4,1.3691644668579102,1.309106707572937,-0.060057759284973145,-0.04587690135383942
10,MLP,Gaussian,4,1.1500808000564575,0.9013084769248962,-0.24877232313156128,-0.27601240807179367
10,MLP-E2E,Gaussian,4,1.1699130535125732,0.9013084769248962,-0.268604576587677,-0.2980162546613429
10,LH,Gaussian,4,1.2103276252746582,0.9013084769248962,-0.30901914834976196,-0.34285614333072756
10,LH-E2E,Gaussian,4,1.1993759870529175,0.9013084769248962,-0.29806751012802124,-0.330705322050198
20,MLP,Gaussian,4,1.1059472560882568,0.7587091326713562,-0.34723812341690063,-0.4576696239233368
20,MLP-E2E,Gaussian,4,1.0034284591674805,0.7587091326713562,-0.24471932649612427,-0.32254696293754426
20,LH,Gaussian,4,1.061279535293579,0.7587091326713562,-0.3025704026222229,-0.39879631019715805
20,LH-E2E,Gaussian,4,1.0283457040786743,0.7587091326713562,-0.2696365714073181,-0.35538859333081785
50,MLP,Gaussian,4,1.2032486200332642,1.0514578819274902,-0.15179073810577393,-0.1443621667731638
50,MLP-E2E,Gaussian,4,1.1281899213790894,1.0514578819274902,-0.07673203945159912,-0.07297680750743628
50,LH,Gaussian,4,1.2071895599365234,1.0514578819274902,-0.1557316780090332,-0.14811023882721025
50,LH-E2E,Gaussian,4,1.155401587486267,1.0514578819274902,-0.10394370555877686,-0.09885674675644776
75,MLP,Gaussian,4,1.1810579299926758,0.8163384795188904,-0.3647194504737854,-0.44677478720436287
75,MLP-E2E,Gaussian,4,1.1053885221481323,0.8163384795188904,-0.28905004262924194,-0.35408111939007675
75,LH,Gaussian,4,1.1933000087738037,0.8163384795188904,-0.37696152925491333,-0.4617711142038482
75,LH-E2E,Gaussian,4,1.1283916234970093,0.8163384795188904,-0.3120531439781189,-0.3822595060838338
5,MLP,Gaussian,4,1.4185644388198853,1.309106707572937,-0.10945773124694824,-0.08361253564263003
5,MLP-E2E,Gaussian,4,1.2793269157409668,1.309106707572937,0.029779791831970215,0.022748177562378756
5,LH,Gaussian,4,1.3624308109283447,1.309106707572937,-0.053324103355407715,-0.0407331984833152
5,LH-E2E,Gaussian,4,1.3355090618133545,1.309106707572937,-0.02640235424041748,-0.020168221648918922
10,MLP,Gaussian,4,1.134095311164856,0.9013084769248962,-0.23278683423995972,-0.2582765392756394
10,MLP-E2E,Gaussian,4,1.1553202867507935,0.9013084769248962,-0.2540118098258972,-0.2818256083561315
10,LH,Gaussian,4,1.1989506483078003,0.9013084769248962,-0.29764217138290405,-0.33023340954076685
10,LH-E2E,Gaussian,4,1.0144529342651367,0.9013084769248962,-0.11314445734024048,-0.12553355508900702
20,MLP,Gaussian,4,1.101365089416504,0.7587091326713562,-0.3426559567451477,-0.4516301992288963
20,MLP-E2E,Gaussian,4,1.014556884765625,0.7587091326713562,-0.2558477520942688,-0.33721454122141464
20,LH,Gaussian,4,1.0288867950439453,0.7587091326713562,-0.2701776623725891,-0.35610176645866176
20,LH-E2E,Gaussian,4,1.0380109548568726,0.7587091326713562,-0.27930182218551636,-0.3681276660030653
50,MLP,Gaussian,4,1.205306887626648,1.0514578819274902,-0.15384900569915771,-0.1463197036643331
50,MLP-E2E,Gaussian,4,1.1256407499313354,1.0514578819274902,-0.07418286800384521,-0.07055239137858396
50,LH,Gaussian,4,1.1869072914123535,1.0514578819274902,-0.13544940948486328,-0.1288205755199275
50,LH-E2E,Gaussian,4,1.1311017274856567,1.0514578819274902,-0.0796438455581665,-0.07574611111589806
75,MLP,Gaussian,4,1.1818445920944214,0.8163384795188904,-0.365506112575531,-0.44773843417370485
75,MLP-E2E,Gaussian,4,1.1074135303497314,0.8163384795188904,-0.29107505083084106,-0.3565617181274933
75,LH,Gaussian,4,1.180106282234192,0.8163384795188904,-0.3637678027153015,-0.4456090357638027
75,LH-E2E,Gaussian,4,1.263303279876709,0.8163384795188904,-0.4469648003578186,-0.547523866106664
5,MLP,Gaussian,4,1.4265716075897217,1.309106707572937,-0.11746490001678467,-0.08972904908153952
5,MLP-E2E,Gaussian,4,1.3069053888320923,1.309106707572937,0.0022013187408447266,0.0016815426336986208
5,LH,Gaussian,4,1.352392315864563,1.309106707572937,-0.04328560829162598,-0.03306499618497625
5,LH-E2E,Gaussian,4,1.2761354446411133,1.309106707572937,0.03297126293182373,0.02518607745349646
10,MLP,Gaussian,4,1.1355000734329224,0.9013084769248962,-0.23419159650802612,-0.2598351202765185
10,MLP-E2E,Gaussian,4,1.1614136695861816,0.9013084769248962,-0.2601051926612854,-0.2885862047461463
10,LH,Gaussian,4,1.2042570114135742,0.9013084769248962,-0.302948534488678,-0.33612080907336445
10,LH-E2E,Gaussian,4,1.1825910806655884,0.9013084769248962,-0.28128260374069214,-0.3120825010992665
20,MLP,Gaussian,4,1.1050872802734375,0.7587091326713562,-0.3463781476020813,-0.4565361515848776
20,MLP-E2E,Gaussian,4,1.0184301137924194,0.7587091326713562,-0.25972098112106323,-0.3423195661380874
20,LH,Gaussian,4,1.050180196762085,0.7587091326713562,-0.29147106409072876,-0.38416706948614376
20,LH-E2E,Gaussian,4,1.0343536138534546,0.7587091326713562,-0.2756444811820984,-0.36330718758000907
50,MLP,Gaussian,4,1.203508973121643,1.0514578819274902,-0.15205109119415283,-0.14460977829698599
50,MLP-E2E,Gaussian,4,1.1195820569992065,1.0514578819274902,-0.06812417507171631,-0.06479020818868542
50,LH,Gaussian,4,1.2001014947891235,1.0514578819274902,-0.1486436128616333,-0.14136906044124736
50,LH-E2E,Gaussian,4,1.1362663507461548,1.0514578819274902,-0.08480846881866455,-0.0806579800069567
75,MLP,Gaussian,4,1.178541660308838,0.8163384795188904,-0.3622031807899475,-0.44369240195980003
75,MLP-E2E,Gaussian,4,1.2580279111862183,0.8163384795188904,-0.4416894316673279,-0.5410616340511571
75,LH,Gaussian,4,1.1864956617355347,0.8163384795188904,-0.3701571822166443,-0.45343591108775944
75,LH-E2E,Gaussian,4,1.0952715873718262,0.8163384795188904,-0.2789331078529358,-0.34168805569146415
5,MLP,Gaussian,4,1.4542384147644043,1.309106707572937,-0.14513170719146729,-0.11086316062083217
5,MLP-E2E,Gaussian,4,1.3543274402618408,1.309106707572937,-0.04522073268890381,-0.034543198371309494
5,LH,Gaussian,4,1.3881429433822632,1.309106707572937,-0.07903623580932617,-0.060374173741618124
5,LH-E2E,Gaussian,4,1.3704160451889038,1.309106707572937,-0.0613093376159668,-0.04683295659651254
10,MLP,Gaussian,4,1.137537956237793,0.9013084769248962,-0.23622947931289673,-0.262096147280085
10,MLP-E2E,Gaussian,4,1.1725720167160034,0.9013084769248962,-0.2712635397911072,-0.3009663691576606
10,LH,Gaussian,4,1.231885313987732,0.9013084769248962,-0.3305768370628357,-0.36677435697787386
10,LH-E2E,Gaussian,4,1.1960134506225586,0.9013084769248962,-0.29470497369766235,-0.32697459442869453
20,MLP,Gaussian,4,1.106466293334961,0.7587091326713562,-0.34775716066360474,-0.4583537296291382
20,MLP-E2E,Gaussian,4,1.0189588069915771,0.7587091326713562,-0.26024967432022095,-0.3430163986611074
20,LH,Gaussian,4,1.096115231513977,0.7587091326713562,-0.33740609884262085,-0.4447107386919676
20,LH-E2E,Gaussian,4,1.072084903717041,0.7587091326713562,-0.3133757710456848,-0.41303809002840514
50,MLP,Gaussian,4,1.1973001956939697,1.0514578819274902,-0.1458423137664795,-0.1387048556801222
50,MLP-E2E,Gaussian,4,1.1423711776733398,1.0514578819274902,-0.09091329574584961,-0.08646403941467538
50,LH,Gaussian,4,1.2163788080215454,1.0514578819274902,-0.16492092609405518,-0.15684976919068672
50,LH-E2E,Gaussian,4,1.1837449073791504,1.0514578819274902,-0.13228702545166016,-0.12581295715731086
75,MLP,Gaussian,4,1.1768771409988403,0.8163384795188904,-0.36053866147994995,-0.4416533956508257
75,MLP-E2E,Gaussian,4,1.39083993434906,0.8163384795188904,-0.5745014548301697,-0.7037539810309474
75,LH,Gaussian,4,1.197015404701233,0.8163384795188904,-0.38067692518234253,-0.4663224075957986
75,LH-E2E,Gaussian,4,1.1372129917144775,0.8163384795188904,-0.32087451219558716,-0.3930655239781111
5,MLP,Gaussian,4,1.4442905187606812,1.309106707572937,-0.13518381118774414,-0.10326416510260861
5,MLP-E2E,Gaussian,4,1.3041601181030273,1.309106707572937,0.004946589469909668,0.0037785991327479837
5,LH,Gaussian,4,1.3876104354858398,1.309106707572937,-0.07850372791290283,-0.05996740178533459
5,LH-E2E,Gaussian,4,1.3860666751861572,1.309106707572937,-0.07695996761322021,-0.058788154676789314
10,MLP,Gaussian,4,1.135287880897522,0.9013084769248962,-0.23397940397262573,-0.2595996930717014
10,MLP-E2E,Gaussian,4,1.1555241346359253,0.9013084769248962,-0.25421565771102905,-0.2820517771877255
10,LH,Gaussian,4,1.2072607278823853,0.9013084769248962,-0.305952250957489,-0.33945342664627265
10,LH-E2E,Gaussian,4,1.251170039176941,0.9013084769248962,-0.3498615622520447,-0.38817072202151026
20,MLP,Gaussian,4,1.1117216348648071,0.7587091326713562,-0.3530125021934509,-0.4652804177412775
20,MLP-E2E,Gaussian,4,1.0029929876327515,0.7587091326713562,-0.24428385496139526,-0.32197299919310407
20,LH,Gaussian,4,1.083137035369873,0.7587091326713562,-0.32442790269851685,-0.4276051107441284
20,LH-E2E,Gaussian,4,1.0902291536331177,0.7587091326713562,-0.3315200209617615,-0.4369527223094114
50,MLP,Gaussian,4,1.201549768447876,1.0514578819274902,-0.15009188652038574,-0.14274645623012816
50,MLP-E2E,Gaussian,4,1.122066617012024,1.0514578819274902,-0.07060873508453369,-0.06715317493754158
50,LH,Gaussian,4,1.215761423110962,1.0514578819274902,-0.16430354118347168,-0.1562625988235278
50,LH-E2E,Gaussian,4,1.201198697090149,1.0514578819274902,-0.1497408151626587,-0.1424125661487837
75,MLP,Gaussian,4,1.1820077896118164,0.8163384795188904,-0.365669310092926,-0.44793834820628997
75,MLP-E2E,Gaussian,4,1.1134605407714844,0.8163384795188904,-0.297122061252594,-0.36396919746782375
75,LH,Gaussian,4,1.2022734880447388,0.8163384795188904,-0.3859350085258484,-0.47276346541118514
75,LH-E2E,Gaussian,4,1.1835174560546875,0.8163384795188904,-0.3671789765357971,-0.44978766252963387
5,MLP,Mean,2,1.1894057989120483,1.309106707572937,0.11970090866088867,0.09143709062709811
5,MLP-E2E,Mean,2,1.1115634441375732,1.309106707572937,0.19754326343536377,0.1508992829175903
5,LH,Mean,2,1.216050148010254,1.309106707572937,0.0930565595626831,0.07108401402602885
5,LH-E2E,Mean,2,1.111701250076294,1.309106707572937,0.19740545749664307,0.15079401576257268
10,MLP,Mean,2,1.0287997722625732,0.9013084769248962,-0.127491295337677,-0.1414513439090849
10,MLP-E2E,Mean,2,0.8639833331108093,0.9013084769248962,0.037325143814086914,0.04141217437722726
10,LH,Mean,2,1.1171590089797974,0.9013084769248962,-0.21585053205490112,-0.2394857449819452
10,LH-E2E,Mean,2,0.811031699180603,0.9013084769248962,0.09027677774429321,0.10016190910830161
20,MLP,Mean,2,0.8008248209953308,0.7587091326713562,-0.04211568832397461,-0.055509663071655044
20,MLP-E2E,Mean,2,0.6218510270118713,0.7587091326713562,0.13685810565948486,0.1803828368028444
20,LH,Mean,2,0.8618423938751221,0.7587091326713562,-0.10313326120376587,-0.13593254221237805
20,LH-E2E,Mean,2,0.625019371509552,0.7587091326713562,0.1336897611618042,0.1762068695431316
50,MLP,Mean,2,0.9121203422546387,1.0514578819274902,0.13933753967285156,0.13251842234272246
50,MLP-E2E,Mean,2,0.779344379901886,1.0514578819274902,0.27211350202560425,0.25879638804625893
50,LH,Mean,2,1.0352658033370972,1.0514578819274902,0.016192078590393066,0.015399645452949955
50,LH-E2E,Mean,2,0.7196956872940063,1.0514578819274902,0.3317621946334839,0.3155259001200417
75,MLP,Mean,2,0.921145498752594,0.8163384795188904,-0.10480701923370361,-0.12838671931215553
75,MLP-E2E,Mean,2,0.849402129650116,0.8163384795188904,-0.033063650131225586,-0.04050237856080442
75,LH,Mean,2,1.0532108545303345,0.8163384795188904,-0.2368723750114441,-0.2901644121333653
75,LH-E2E,Mean,2,0.7785424590110779,0.8163384795188904,0.0377960205078125,0.046299447418046015
5,MLP,Mean,2,1.1826403141021729,1.309106707572937,0.12646639347076416,0.09660510693221551
5,MLP-E2E,Mean,2,1.1687310934066772,1.309106707572937,0.14037561416625977,0.10723007784943209
5,LH,Mean,2,1.2351659536361694,1.309106707572937,0.07394075393676758,0.05648183872944365
5,LH-E2E,Mean,2,1.124502182006836,1.309106707572937,0.18460452556610107,0.14101564410158354
10,MLP,Mean,2,1.0008715391159058,0.9013084769248962,-0.09956306219100952,-0.11046502361844075
10,MLP-E2E,Mean,2,0.9592909216880798,0.9013084769248962,-0.057982444763183594,-0.06433140955359629
10,LH,Mean,2,1.1500004529953003,0.9013084769248962,-0.24869197607040405,-0.27592326316390225
10,LH-E2E,Mean,2,0.9989618062973022,0.9013084769248962,-0.097653329372406,-0.1083461787750868
20,MLP,Mean,2,0.7449662685394287,0.7587091326713562,0.01374286413192749,0.018113481886714515
20,MLP-E2E,Mean,2,0.6537226438522339,0.7587091326713562,0.10498648881912231,0.13837514839115353
20,LH,Mean,2,0.8811576962471008,0.7587091326713562,-0.12244856357574463,-0.16139065460384364
20,LH-E2E,Mean,2,0.6831498742103577,0.7587091326713562,0.07555925846099854,0.09958923019017872
50,MLP,Mean,2,0.8908076882362366,1.0514578819274902,0.16065019369125366,0.1527880445356082
50,MLP-E2E,Mean,2,0.8246071338653564,1.0514578819274902,0.2268507480621338,0.21574877316652963
50,LH,Mean,2,1.0556148290634155,1.0514578819274902,-0.004156947135925293,-0.00395350798864615
50,LH-E2E,Mean,2,0.8453918695449829,1.0514578819274902,0.20606601238250732,0.19598123322329888
75,MLP,Mean,2,0.8994612097740173,0.8163384795188904,-0.08312273025512695,-0.10182385412496467
75,MLP-E2E,Mean,2,0.9006223678588867,0.8163384795188904,-0.08428388833999634,-0.10324625195870848
75,LH,Mean,2,1.0693212747573853,0.8163384795188904,-0.2529827952384949,-0.3098993880425561
75,LH-E2E,Mean,2,0.920018196105957,0.8163384795188904,-0.10367971658706665,-0.1270057937831993
5,MLP,Mean,2,1.1759921312332153,1.309106707572937,0.13311457633972168,0.10168351866939403
5,MLP-E2E,Mean,2,1.1326881647109985,1.309106707572937,0.17641854286193848,0.1347625383334989
5,LH,Mean,2,1.236698031425476,1.309106707572937,0.07240867614746094,0.055311515653071144
5,LH-E2E,Mean,2,1.0915844440460205,1.309106707572937,0.2175222635269165,0.16616083491788022
10,MLP,Mean,2,0.9932202100753784,0.9013084769248962,-0.09191173315048218,-0.10197588894766486
10,MLP-E2E,Mean,2,0.8600975871086121,0.9013084769248962,0.04121088981628418,0.04572340199982184
10,LH,Mean,2,1.1539586782455444,0.9013084769248962,-0.2526502013206482,-0.28031490637106354
10,LH-E2E,Mean,2,0.9718537926673889,0.9013084769248962,-0.07054531574249268,-0.07826989044104046
20,MLP,Mean,2,0.73628830909729,0.7587091326713562,0.022420823574066162,0.029551276778657157
20,MLP-E2E,Mean,2,0.659105658531189,0.7587091326713562,0.09960347414016724,0.13128018347356793
20,LH,Mean,2,0.8883587718009949,0.7587091326713562,-0.12964963912963867,-0.17088187494613688
20,LH-E2E,Mean,2,0.6746152639389038,0.7587091326713562,0.08409386873245239,0.11083808683884479
50,MLP,Mean,2,0.8770192265510559,1.0514578819274902,0.17443865537643433,0.165901705027557
50,MLP-E2E,Mean,2,0.8094971776008606,1.0514578819274902,0.24196070432662964,0.23011925487978369
50,LH,Mean,2,1.0519477128982544,1.0514578819274902,-0.0004898309707641602,-0.00046585886052441945
50,LH-E2E,Mean,2,0.8505275249481201,1.0514578819274902,0.20093035697937012,0.19109691451552266
75,MLP,Mean,2,0.8981435298919678,0.8163384795188904,-0.08180505037307739,-0.10020971989619949
75,MLP-E2E,Mean,2,0.8887273669242859,0.8163384795188904,-0.07238888740539551,-0.08867508909791677
75,LH,Mean,2,1.069066047668457,0.8163384795188904,-0.25272756814956665,-0.3095867394349851
75,LH-E2E,Mean,2,0.9138810634613037,0.8163384795188904,-0.09754258394241333,-0.11948791633575832
5,MLP,Mean,2,1.1561182737350464,1.309106707572937,0.15298843383789062,0.11686475438012899
5,MLP-E2E,Mean,2,1.1513136625289917,1.309106707572937,0.1577930450439453,0.12053489920351192
5,LH,Mean,2,1.2395673990249634,1.309106707572937,0.06953930854797363,0.05311966407757424
5,LH-E2E,Mean,2,1.131797194480896,1.309106707572937,0.17730951309204102,0.13544313237900218
10,MLP,Mean,2,0.9946903586387634,0.9013084769248962,-0.09338188171386719,-0.10360701591587101
10,MLP-E2E,Mean,2,0.9481098055839539,0.9013084769248962,-0.04680132865905762,-0.05192598300943025
10,LH,Mean,2,1.1402090787887573,0.9013084769248962,-0.23890060186386108,-0.26505975254881364
10,LH-E2E,Mean,2,0.9761195778846741,0.9013084769248962,-0.07481110095977783,-0.08300277083271197
20,MLP,Mean,2,0.7610849738121033,0.7587091326713562,-0.0023758411407470703,-0.0031314255205837807
20,MLP-E2E,Mean,2,0.6565630435943604,0.7587091326713562,0.10214608907699585,0.13463142155327348
20,LH,Mean,2,0.8719834089279175,0.7587091326713562,-0.11327427625656128,-0.1492986855947434
20,LH-E2E,Mean,2,0.6739659309387207,0.7587091326713562,0.0847432017326355,0.11169392601649757
50,MLP,Mean,2,0.8852106332778931,1.0514578819274902,0.16624724864959717,0.15811118210920574
50,MLP-E2E,Mean,2,0.8071798086166382,1.0514578819274902,0.24427807331085205,0.2323232128547568
50,LH,Mean,2,1.0441666841506958,1.0514578819274902,0.007291197776794434,0.0069343697946593
50,LH-E2E,Mean,2,0.827531099319458,1.0514578819274902,0.22392678260803223,0.21296790528360363
75,MLP,Mean,2,0.9108846187591553,0.8163384795188904,-0.09454613924026489,-0.11581732530357472
75,MLP-E2E,Mean,2,0.8992993235588074,0.8163384795188904,-0.08296084403991699,-0.10162554641404387
75,LH,Mean,2,1.0575964450836182,0.8163384795188904,-0.24125796556472778,-0.2955366819250188
75,LH-E2E,Mean,2,0.9015109539031982,0.8163384795188904,-0.08517247438430786,-0.10433475393013976
5,MLP,Mean,2,1.1519702672958374,1.309106707572937,0.1571364402770996,0.12003333217078084
5,MLP-E2E,Mean,2,1.1151551008224487,1.309106707572937,0.19395160675048828,0.14815568939377866
5,LH,Mean,2,1.2207753658294678,1.309106707572937,0.08833134174346924,0.06747451619679967
5,LH-E2E,Mean,2,1.135979175567627,1.309106707572937,0.17312753200531006,0.13224860204580705
10,MLP,Mean,2,1.011139988899231,0.9013084769248962,-0.10983151197433472,-0.121857848656944
10,MLP-E2E,Mean,2,0.8144835233688354,0.9013084769248962,0.08682495355606079,0.09633211689331055
10,LH,Mean,2,1.1245501041412354,0.9013084769248962,-0.2232416272163391,-0.24768615067063357
10,LH-E2E,Mean,2,0.8238710761070251,0.9013084769248962,0.0774374008178711,0.08591664541098482
20,MLP,Mean,2,0.7626705169677734,0.7587091326713562,-0.003961384296417236,-0.005221216044242816
20,MLP-E2E,Mean,2,0.672913670539856,0.7587091326713562,0.08579546213150024,0.11308083485092772
20,LH,Mean,2,0.8667899966239929,0.7587091326713562,-0.10808086395263672,-0.1424536219461236
20,LH-E2E,Mean,2,0.6689305901527405,0.7587091326713562,0.08977854251861572,0.1183306469536124
50,MLP,Mean,2,0.9096186757087708,1.0514578819274902,0.14183920621871948,0.13489765843849644
50,MLP-E2E,Mean,2,0.6823475360870361,1.0514578819274902,0.3691103458404541,0.35104624938834056
50,LH,Mean,2,1.0440188646316528,1.0514578819274902,0.007439017295837402,0.007074955092067498
50,LH-E2E,Mean,2,0.6956836581230164,1.0514578819274902,0.3557742238044739,0.3383627912439849
75,MLP,Mean,2,0.9146309494972229,0.8163384795188904,-0.09829246997833252,-0.12040651328387858
75,MLP-E2E,Mean,2,0.756198525428772,0.8163384795188904,0.06013995409011841,0.07367036541700439
75,LH,Mean,2,1.0602973699569702,0.8163384795188904,-0.24395889043807983,-0.2988452664657645
75,LH-E2E,Mean,2,0.7876916527748108,0.8163384795188904,0.02864682674407959,0.03509184910769197
5,MLP,Mean,2,1.2371549606323242,1.309106707572937,0.07195174694061279,0.0549624767212523
5,MLP-E2E,Mean,2,1.137476921081543,1.309106707572937,0.17162978649139404,0.13110450469663618
5,LH,Mean,2,1.2226264476776123,1.309106707572937,0.08648025989532471,0.06606051240517874
5,LH-E2E,Mean,2,1.1096004247665405,1.309106707572937,0.19950628280639648,0.15239879350727487
10,MLP,Mean,2,1.0667563676834106,0.9013084769248962,-0.1654478907585144,-0.18356411261435496
10,MLP-E2E,Mean,2,0.9467194676399231,0.9013084769248962,-0.045410990715026855,-0.05038340576797974
10,LH,Mean,2,1.1117135286331177,0.9013084769248962,-0.21040505170822144,-0.23344399514147027
10,LH-E2E,Mean,2,0.9142173528671265,0.9013084769248962,-0.012908875942230225,-0.01432237272001813
20,MLP,Mean,2,0.8080195784568787,0.7587091326713562,-0.04931044578552246,-0.0649925559903361
20,MLP-E2E,Mean,2,0.6460264921188354,0.7587091326713562,0.11268264055252075,0.14851889307800195
20,LH,Mean,2,0.8583364486694336,0.7587091326713562,-0.09962731599807739,-0.13131160771361394
20,LH-E2E,Mean,2,0.6511263251304626,0.7587091326713562,0.10758280754089355,0.1417971695715627
50,MLP,Mean,2,0.9167177081108093,1.0514578819274902,0.1347401738166809,0.1281460495304678
50,MLP-E2E,Mean,2,0.8114894032478333,1.0514578819274902,0.23996847867965698,0.22822452787148872
50,LH,Mean,2,1.0309147834777832,1.0514578819274902,0.02054309844970703,0.019537728332064287
50,LH-E2E,Mean,2,0.8165388107299805,1.0514578819274902,0.23491907119750977,0.22342223614974058
75,MLP,Mean,2,0.9241822361946106,0.8163384795188904,-0.10784375667572021,-0.13210666822820602
75,MLP-E2E,Mean,2,0.8879513144493103,0.8163384795188904,-0.07161283493041992,-0.08772443873113148
75,LH,Mean,2,1.0471729040145874,0.8163384795188904,-0.23083442449569702,-0.2827680310154428
75,LH-E2E,Mean,2,0.8851157426834106,0.8163384795188904,-0.06877726316452026,-0.08425091416130989
5,MLP,Mean,2,1.1801855564117432,1.309106707572937,0.12892115116119385,0.09848024642713168
5,MLP-E2E,Mean,2,1.1014418601989746,1.309106707572937,0.2076648473739624,0.15863095511821929
5,LH,Mean,2,1.242422342300415,1.309106707572937,0.06668436527252197,0.05093883094996413
5,LH-E2E,Mean,2,1.1539198160171509,1.309106707572937,0.15518689155578613,0.1185441115365608
10,MLP,Mean,2,1.0447907447814941,0.9013084769248962,-0.1434822678565979,-0.15919329677907149
10,MLP-E2E,Mean,2,0.9047384262084961,0.9013084769248962,-0.0034299492835998535,-0.0038055220508989647
10,LH,Mean,2,1.1314953565597534,0.9013084769248962,-0.23018687963485718,-0.2553918947042568
10,LH-E2E,Mean,2,0.9809219837188721,0.9013084769248962,-0.07961350679397583,-0.08833103075386899
20,MLP,Mean,2,0.7680928707122803,0.7587091326713562,-0.009383738040924072,-0.012368030957904324
20,MLP-E2E,Mean,2,0.6420683860778809,0.7587091326713562,0.11664074659347534,0.15373578828923845
20,LH,Mean,2,0.8751198053359985,0.7587091326713562,-0.11641067266464233,-0.15343254437279455
20,LH-E2E,Mean,2,0.6771438717842102,0.7587091326713562,0.081565260887146,0.10750531050016628
50,MLP,Mean,2,0.8961454629898071,1.0514578819274902,0.1553124189376831,0.14771149810867426
50,MLP-E2E,Mean,2,0.8251215815544128,1.0514578819274902,0.2263363003730774,0.21525950231897717
50,LH,Mean,2,1.0479379892349243,1.0514578819274902,0.003519892692565918,0.0033476307069127604
50,LH-E2E,Mean,2,0.8495123386383057,1.0514578819274902,0.20194554328918457,0.19206241805804541
75,MLP,Mean,2,0.908009946346283,0.8163384795188904,-0.09167146682739258,-0.11229590314230835
75,MLP-E2E,Mean,2,0.8998473882675171,0.8163384795188904,-0.08350890874862671,-0.10229691585510307
75,LH,Mean,2,1.0617985725402832,0.8163384795188904,-0.24546009302139282,-0.30068421271291157
75,LH-E2E,Mean,2,0.9098466038703918,0.8163384795188904,-0.09350812435150146,-0.11454577567703356
5,MLP,Mean,2,1.172010898590088,1.309106707572937,0.13709580898284912,0.10472470134770187
5,MLP-E2E,Mean,2,1.0875543355941772,1.309106707572937,0.22155237197875977,0.1692393528328293
5,LH,Mean,2,1.2396730184555054,1.309106707572937,0.06943368911743164,0.05303898354180814
5,LH-E2E,Mean,2,1.137357234954834,1.309106707572937,0.17174947261810303,0.13119593049563072
10,MLP,Mean,2,1.034607172012329,0.9013084769248962,-0.13329869508743286,-0.14789464262249505
10,MLP-E2E,Mean,2,0.9190893769264221,0.9013084769248962,-0.01778090000152588,-0.019727873926351096
10,LH,Mean,2,1.1368355751037598,0.9013084769248962,-0.23552709817886353,-0.2613168567796455
10,LH-E2E,Mean,2,0.8577002286911011,0.9013084769248962,0.043608248233795166,0.04838326649559397
20,MLP,Mean,2,0.7546929121017456,0.7587091326713562,0.004016220569610596,0.005293491796348613
20,MLP-E2E,Mean,2,0.6437180042266846,0.7587091326713562,0.11499112844467163,0.15156154512045578
20,LH,Mean,2,0.8726534247398376,0.7587091326713562,-0.11394429206848145,-0.15018178530063608
20,LH-E2E,Mean,2,0.665492057800293,0.7587091326713562,0.09321707487106323,0.12286272941364647
50,MLP,Mean,2,0.876572847366333,1.0514578819274902,0.17488503456115723,0.1663262386131578
50,MLP-E2E,Mean,2,0.7984535694122314,1.0514578819274902,0.2530043125152588,0.24062239378667405
50,LH,Mean,2,1.043828010559082,1.0514578819274902,0.007629871368408203,0.007256468851059855
50,LH-E2E,Mean,2,0.6919070482254028,1.0514578819274902,0.3595508337020874,0.34195457552990455
75,MLP,Mean,2,0.9016374945640564,0.8163384795188904,-0.08529901504516602,-0.10448976397074537
75,MLP-E2E,Mean,2,0.8815767765045166,0.8163384795188904,-0.06523829698562622,-0.07991574404782983
75,LH,Mean,2,1.0612431764602661,0.8163384795188904,-0.24490469694137573,-0.30000386247345645
75,LH-E2E,Mean,2,0.7812124490737915,0.8163384795188904,0.03512603044509888,0.04302875746565374
5,MLP,Mean,2,1.1523903608322144,1.309106707572937,0.15671634674072266,0.11971243125877207
5,MLP-E2E,Mean,2,1.0972203016281128,1.309106707572937,0.21188640594482422,0.16185571788693853
5,LH,Mean,2,1.2250642776489258,1.309106707572937,0.08404242992401123,0.06419830365075782
5,LH-E2E,Mean,2,1.1193972826004028,1.309106707572937,0.18970942497253418,0.1449151729764279
10,MLP,Mean,2,1.0055334568023682,0.9013084769248962,-0.10422497987747192,-0.11563741221326239
10,MLP-E2E,Mean,2,0.935863733291626,0.9013084769248962,-0.034555256366729736,-0.03833898964827903
10,LH,Mean,2,1.1259366273880005,0.9013084769248962,-0.22462815046310425,-0.24922449551289635
10,LH-E2E,Mean,2,0.9676522016525269,0.9013084769248962,-0.06634372472763062,-0.07360823339194986
20,MLP,Mean,2,0.7616520524024963,0.7587091326713562,-0.0029429197311401367,-0.0038788510700778624
20,MLP-E2E,Mean,2,0.6558195948600769,0.7587091326713562,0.1028895378112793,0.13561130791850784
20,LH,Mean,2,0.865305483341217,0.7587091326713562,-0.10659635066986084,-0.1404969916396595
20,LH-E2E,Mean,2,0.6587515473365784,0.7587091326713562,0.09995758533477783,0.13174691199885114
50,MLP,Mean,2,0.9001074433326721,1.0514578819274902,0.15135043859481812,0.14394341532479513
50,MLP-E2E,Mean,2,0.8041667342185974,1.0514578819274902,0.24729114770889282,0.23518882872946717
50,LH,Mean,2,1.0323045253753662,1.0514578819274902,0.019153356552124023,0.018215999785947547
50,LH-E2E,Mean,2,0.8169263601303101,1.0514578819274902,0.23453152179718018,0.22305365324500345
75,MLP,Mean,2,0.9138996601104736,0.8163384795188904,-0.09756118059158325,-0.11951069689754304
75,MLP-E2E,Mean,2,0.8945318460464478,0.8163384795188904,-0.07819336652755737,-0.09578547194497151
75,LH,Mean,2,1.0495904684066772,0.8163384795188904,-0.23325198888778687,-0.285729504047456
75,LH-E2E,Mean,2,0.8890377879142761,0.8163384795188904,-0.07269930839538574,-0.08905534924463089
5,MLP,Mean,2,1.167243242263794,1.309106707572937,0.14186346530914307,0.10836661708972195
5,MLP-E2E,Mean,2,1.0777815580368042,1.309106707572937,0.2313251495361328,0.176704578930014
5,LH,Mean,2,1.2464349269866943,1.309106707572937,0.06267178058624268,0.04787369908327424
5,LH-E2E,Mean,2,1.1384470462799072,1.309106707572937,0.17065966129302979,0.1303634457800847
10,MLP,Mean,2,0.9958429932594299,0.9013084769248962,-0.09453451633453369,-0.10488586178293652
10,MLP-E2E,Mean,2,0.9098061919212341,0.9013084769248962,-0.00849771499633789,-0.009428198240551978
10,LH,Mean,2,1.1515827178955078,0.9013084769248962,-0.2502742409706116,-0.27767878298948506
10,LH-E2E,Mean,2,0.9069216251373291,0.9013084769248962,-0.005613148212432861,-0.006227777011022821
20,MLP,Mean,2,0.7641708850860596,0.7587091326713562,-0.005461752414703369,-0.00719874347033752
20,MLP-E2E,Mean,2,0.636281430721283,0.7587091326713562,0.12242770195007324,0.16136315839380339
20,LH,Mean,2,0.8816031813621521,0.7587091326713562,-0.1228940486907959,-0.16197781652910312
20,LH-E2E,Mean,2,0.6690419912338257,0.7587091326713562,0.08966714143753052,0.11818381719199747
50,MLP,Mean,2,0.8824269771575928,1.0514578819274902,0.16903090476989746,0.16075860733483383
50,MLP-E2E,Mean,2,0.8010486960411072,1.0514578819274902,0.25040918588638306,0.23815427150286136
50,LH,Mean,2,1.0518563985824585,1.0514578819274902,-0.0003985166549682617,-0.0003790134268029044
50,LH-E2E,Mean,2,0.7925695776939392,1.0514578819274902,0.258888304233551,0.24621842556257928
75,MLP,Mean,2,0.897799015045166,0.8163384795188904,-0.08146053552627563,-0.09978769538621339
75,MLP-E2E,Mean,2,0.8891049027442932,0.8163384795188904,-0.07276642322540283,-0.08913756370799496
75,LH,Mean,2,1.0675677061080933,0.8163384795188904,-0.2512292265892029,-0.3077512978896511
75,LH-E2E,Mean,2,0.844453752040863,0.8163384795188904,-0.028115272521972656,-0.03444070471667881
5,MLP,Mean,3,1.222825050354004,1.309106707572937,0.0862816572189331,0.06590880385824156
5,MLP-E2E,Mean,3,1.1147572994232178,1.309106707572937,0.19434940814971924,0.14845956179541692
5,LH,Mean,3,1.2197192907333374,1.309106707572937,0.08938741683959961,0.06828123049290799
5,LH-E2E,Mean,3,1.1861956119537354,1.309106707572937,0.12291109561920166,0.09388928718200282
10,MLP,Mean,3,1.012588381767273,0.9013084769248962,-0.11127990484237671,-0.12346483772353267
10,MLP-E2E,Mean,3,0.9372896552085876,0.9013084769248962,-0.035981178283691406,-0.039921047238402514
10,LH,Mean,3,1.0200995206832886,0.9013084769248962,-0.11879104375839233,-0.13179843172415973
10,LH-E2E,Mean,3,0.9003884792327881,0.9013084769248962,0.0009199976921081543,0.0010207356478516903
20,MLP,Mean,3,0.7884554862976074,0.7587091326713562,-0.02974635362625122,-0.039206531653990524
20,MLP-E2E,Mean,3,0.6803838014602661,0.7587091326713562,0.07832533121109009,0.10323499195971537
20,LH,Mean,3,0.7915818095207214,0.7587091326713562,-0.032872676849365234,-0.043327113690622227
20,LH-E2E,Mean,3,0.6842933297157288,0.7587091326713562,0.07441580295562744,0.09808212363757261
50,MLP,Mean,3,0.9309900403022766,1.0514578819274902,0.12046784162521362,0.11457219893998685
50,MLP-E2E,Mean,3,0.8275306224822998,1.0514578819274902,0.22392725944519043,0.21296835878456302
50,LH,Mean,3,0.9323293566703796,1.0514578819274902,0.1191285252571106,0.11329842812032469
50,LH-E2E,Mean,3,0.8165035247802734,1.0514578819274902,0.2349543571472168,0.22345579522073478
75,MLP,Mean,3,0.9526275992393494,0.8163384795188904,-0.13628911972045898,-0.16695172791656357
75,MLP-E2E,Mean,3,0.8549535274505615,0.8163384795188904,-0.03861504793167114,-0.04730274132664792
75,LH,Mean,3,0.9511363506317139,0.8163384795188904,-0.1347978711128235,-0.16512497511114102
75,LH-E2E,Mean,3,0.8421260118484497,0.8163384795188904,-0.025787532329559326,-0.03158926471867065
5,MLP,Mean,3,1.238932490348816,1.309106707572937,0.0701742172241211,0.053604657907698736
5,MLP-E2E,Mean,3,1.1079211235046387,1.309106707572937,0.20118558406829834,0.15368157760133488
5,LH,Mean,3,1.2223111391067505,1.309106707572937,0.08679556846618652,0.06630137021229089
5,LH-E2E,Mean,3,1.200043797492981,1.309106707572937,0.10906291007995605,0.08331093977981134
10,MLP,Mean,3,1.0116117000579834,0.9013084769248962,-0.11030322313308716,-0.12238121126900091
10,MLP-E2E,Mean,3,0.9540531039237976,0.9013084769248962,-0.05274462699890137,-0.05852006094390305
10,LH,Mean,3,1.0100340843200684,0.9013084769248962,-0.10872560739517212,-0.12063084967992811
10,LH-E2E,Mean,3,0.9226697683334351,0.9013084769248962,-0.02136129140853882,-0.023700311220215896
20,MLP,Mean,3,0.7919634580612183,0.7587091326713562,-0.03325432538986206,-0.04383013721315855
20,MLP-E2E,Mean,3,0.6705042123794556,0.7587091326713562,0.08820492029190063,0.11625656854997636
20,LH,Mean,3,0.79355788230896,0.7587091326713562,-0.03484874963760376,-0.04593163326623473
20,LH-E2E,Mean,3,0.6975387334823608,0.7587091326713562,0.06117039918899536,0.08062430851941786
50,MLP,Mean,3,0.9343595504760742,1.0514578819274902,0.11709833145141602,0.11136759109813897
50,MLP-E2E,Mean,3,0.819929838180542,1.0514578819274902,0.23152804374694824,0.2201971640771006
50,LH,Mean,3,0.9351388812065125,1.0514578819274902,0.11631900072097778,0.1106264004676502
50,LH-E2E,Mean,3,0.8241799473762512,1.0514578819274902,0.227277934551239,0.21615505333851534
75,MLP,Mean,3,0.9536915421485901,0.8163384795188904,-0.1373530626296997,-0.16825503890328533
75,MLP-E2E,Mean,3,0.8455715179443359,0.8163384795188904,-0.029233038425445557,-0.03580994790625828
75,LH,Mean,3,0.9540106058120728,0.8163384795188904,-0.13767212629318237,-0.16864588617005966
75,LH-E2E,Mean,3,0.8430270552635193,0.8163384795188904,-0.026688575744628906,-0.032693026745912845
5,MLP,Mean,3,1.238460898399353,1.309106707572937,0.07064580917358398,0.05396489741050994
5,MLP-E2E,Mean,3,1.1524139642715454,1.309106707572937,0.1566927433013916,0.11969440107132095
5,LH,Mean,3,1.2176324129104614,1.309106707572937,0.09147429466247559,0.06987535403593453
5,LH-E2E,Mean,3,1.135300636291504,1.309106707572937,0.1738060712814331,0.13276692440425028
10,MLP,Mean,3,1.0206743478775024,0.9013084769248962,-0.1193658709526062,-0.13243620137675977
10,MLP-E2E,Mean,3,0.9278576374053955,0.9013084769248962,-0.026549160480499268,-0.029456241853044882
10,LH,Mean,3,1.029870629310608,0.9013084769248962,-0.12856215238571167,-0.14263945771856357
10,LH-E2E,Mean,3,0.9121094346046448,0.9013084769248962,-0.010800957679748535,-0.011983641512614501
20,MLP,Mean,3,0.7936367392539978,0.7587091326713562,-0.0349276065826416,-0.046035568940186865
20,MLP-E2E,Mean,3,0.6903921961784363,0.7587091326713562,0.06831693649291992,0.09004364591260589
20,LH,Mean,3,0.7871963381767273,0.7587091326713562,-0.028487205505371094,-0.03754693897656121
20,LH-E2E,Mean,3,0.7045859694480896,0.7587091326713562,0.0541231632232666,0.07133585308602142
50,MLP,Mean,3,0.9352929592132568,1.0514578819274902,0.1161649227142334,0.11047986297015011
50,MLP-E2E,Mean,3,0.8174483180046082,1.0514578819274902,0.23400956392288208,0.2225572397573407
50,LH,Mean,3,0.9335099458694458,1.0514578819274902,0.11794793605804443,0.11217561643251656
50,LH-E2E,Mean,3,0.8335681557655334,1.0514578819274902,0.2178897261619568,0.20722629969973702
75,MLP,Mean,3,0.9503161311149597,0.8163384795188904,-0.13397765159606934,-0.16412022091011702
75,MLP-E2E,Mean,3,0.8339000940322876,0.8163384795188904,-0.017561614513397217,-0.021512662889230906
75,LH,Mean,3,0.9545318484306335,0.8163384795188904,-0.13819336891174316,-0.16928439903162168
75,LH-E2E,Mean,3,0.8482968211174011,0.8163384795188904,-0.03195834159851074,-0.03914839542703587
5,MLP,Mean,3,1.232081651687622,1.309106707572937,0.07702505588531494,0.05883787428460906
5,MLP-E2E,Mean,3,1.148177981376648,1.309106707572937,0.16092872619628906,0.12293018228792697
5,LH,Mean,3,1.2273590564727783,1.309106707572937,0.08174765110015869,0.062445368759676996
5,LH-E2E,Mean,3,1.1859995126724243,1.309106707572937,0.1231071949005127,0.09403908343633154
10,MLP,Mean,3,1.0160764455795288,0.9013084769248962,-0.11476796865463257,-0.12733483773080712
10,MLP-E2E,Mean,3,0.9222688674926758,0.9013084769248962,-0.02096039056777954,-0.02325551251808111
10,LH,Mean,3,1.0190746784210205,0.9013084769248962,-0.11776620149612427,-0.13066137122988297
10,LH-E2E,Mean,3,0.9068162441253662,0.9013084769248962,-0.005507767200469971,-0.006110856983461966
20,MLP,Mean,3,0.7913598418235779,0.7587091326713562,-0.03265070915222168,-0.04303455401579398
20,MLP-E2E,Mean,3,0.6721559166908264,0.7587091326713562,0.08655321598052979,0.11407957576018968
20,LH,Mean,3,0.7889227271080017,0.7587091326713562,-0.030213594436645508,-0.039822368198291984
20,LH-E2E,Mean,3,0.7045206427574158,0.7587091326713562,0.05418848991394043,0.07142195550374746
50,MLP,Mean,3,0.9349859356880188,1.0514578819274902,0.11647194623947144,0.11077186090037174
50,MLP-E2E,Mean,3,0.816280722618103,1.0514578819274902,0.2351771593093872,0.2236676935440057
50,LH,Mean,3,0.9343622326850891,1.0514578819274902,0.11709564924240112,0.11136504015524244
50,LH-E2E,Mean,3,0.8358298540115356,1.0514578819274902,0.2156280279159546,0.20507528796177169
75,MLP,Mean,3,0.9519748091697693,0.8163384795188904,-0.1356363296508789,-0.16615207178622313
75,MLP-E2E,Mean,3,0.8459190130233765,0.8163384795188904,-0.029580533504486084,-0.036235623147299625
75,LH,Mean,3,0.9538001418113708,0.8163384795188904,-0.13746166229248047,-0.1683880715429384
75,LH-E2E,Mean,3,0.8444602489471436,0.8163384795188904,-0.028121769428253174,-0.03444866331037924
5,MLP,Mean,3,1.2487671375274658,1.309106707572937,0.06033957004547119,0.046092170864619426
5,MLP-E2E,Mean,3,1.1681694984436035,1.309106707572937,0.1409372091293335,0.10765906882459478
5,LH,Mean,3,1.2276207208633423,1.309106707572937,0.08148598670959473,0.06224548865131739
5,LH-E2E,Mean,3,1.1497081518173218,1.309106707572937,0.15939855575561523,0.121761316196399
10,MLP,Mean,3,1.0118509531021118,0.9013084769248962,-0.11054247617721558,-0.12264666205555592
10,MLP-E2E,Mean,3,0.9426043629646301,0.9013084769248962,-0.04129588603973389,-0.0458177051442233
10,LH,Mean,3,1.0183905363082886,0.9013084769248962,-0.11708205938339233,-0.12990231688805973
10,LH-E2E,Mean,3,0.9212572574615479,0.9013084769248962,-0.01994878053665161,-0.02213313315848675
20,MLP,Mean,3,0.7930136322975159,0.7587091326713562,-0.03430449962615967,-0.045214296426584685
20,MLP-E2E,Mean,3,0.6916610598564148,0.7587091326713562,0.0670480728149414,0.08837124785735784
20,LH,Mean,3,0.7930972576141357,0.7587091326713562,-0.03438812494277954,-0.04532451694854603
20,LH-E2E,Mean,3,0.6841860413551331,0.7587091326713562,0.07452309131622314,0.0982235327177796
50,MLP,Mean,3,0.934016764163971,1.0514578819274902,0.11744111776351929,0.11169360160031419
50,MLP-E2E,Mean,3,0.8197649717330933,1.0514578819274902,0.23169291019439697,0.2203539620338067
50,LH,Mean,3,0.9337542653083801,1.0514578819274902,0.11770361661911011,0.11194325387845358
50,LH-E2E,Mean,3,0.8246766924858093,1.0514578819274902,0.2267811894416809,0.2156826187140799
75,MLP,Mean,3,0.9522427320480347,0.8163384795188904,-0.1359042525291443,-0.16648027250808947
75,MLP-E2E,Mean,3,0.8448470234870911,0.8163384795188904,-0.028508543968200684,-0.034922455186728686
75,LH,Mean,3,0.950481116771698,0.8163384795188904,-0.13414263725280762,-0.1643223253813353
75,LH-E2E,Mean,3,0.8397107124328613,0.8163384795188904,-0.023372232913970947,-0.028630566242259445
5,MLP,Mean,3,1.2272593975067139,1.309106707572937,0.08184731006622314,0.06252149621780394
5,MLP-E2E,Mean,3,1.1583131551742554,1.309106707572937,0.15079355239868164,0.11518812907028067
5,LH,Mean,3,1.2154581546783447,1.309106707572937,0.09364855289459229,0.07153622569715132
5,LH-E2E,Mean,3,1.1421220302581787,1.309106707572937,0.1669846773147583,0.12755620023087746
10,MLP,Mean,3,1.010765552520752,0.9013084769248962,-0.10945707559585571,-0.12144241222417405
10,MLP-E2E,Mean,3,1.1684606075286865,0.9013084769248962,-0.2671521306037903,-0.2964047686706173
10,LH,Mean,3,1.0207144021987915,0.9013084769248962,-0.11940592527389526,-0.13248064156823086
10,LH-E2E,Mean,3,0.9160900115966797,0.9013084769248962,-0.014781534671783447,-0.01640008393376639
20,MLP,Mean,3,0.7928221225738525,0.7587091326713562,-0.03411298990249634,-0.044961881218415205
20,MLP-E2E,Mean,3,0.6830849051475525,0.7587091326713562,0.07562422752380371,0.09967486124430407
20,LH,Mean,3,0.7870919704437256,0.7587091326713562,-0.028382837772369385,-0.03740937936575985
20,LH-E2E,Mean,3,0.7090668082237244,0.7587091326713562,0.049642324447631836,0.0654299814117764
50,MLP,Mean,3,0.9308364987373352,1.0514578819274902,0.12062138319015503,0.11471822624890762
50,MLP-E2E,Mean,3,0.8240087032318115,1.0514578819274902,0.2274491786956787,0.21631791687055313
50,LH,Mean,3,0.933195948600769,1.0514578819274902,0.11826193332672119,0.11247424681426914
50,LH-E2E,Mean,3,0.8254866003990173,1.0514578819274902,0.2259712815284729,0.2149123473345708
75,MLP,Mean,3,0.9517425298690796,0.8163384795188904,-0.1354040503501892,-0.16586753380777747
75,MLP-E2E,Mean,3,0.8349084258079529,0.8163384795188904,-0.0185699462890625,-0.02274785123446185
75,LH,Mean,3,0.9564213156700134,0.8163384795188904,-0.14008283615112305,-0.1715989625206458
75,LH-E2E,Mean,3,0.8337985873222351,0.8163384795188904,-0.017460107803344727,-0.021388318989489327
5,MLP,Mean,3,1.219307541847229,1.309106707572937,0.08979916572570801,0.06859575709622193
5,MLP-E2E,Mean,3,1.1606258153915405,1.309106707572937,0.14848089218139648,0.11342153494628233
5,LH,Mean,3,1.2174280881881714,1.309106707572937,0.09167861938476562,0.0700314335374053
5,LH-E2E,Mean,3,1.1838836669921875,1.309106707572937,0.1252230405807495,0.09565533493668445
10,MLP,Mean,3,1.0178966522216797,0.9013084769248962,-0.11658817529678345,-0.12935435345572419
10,MLP-E2E,Mean,3,0.9234509468078613,0.9013084769248962,-0.022142469882965088,-0.024567027216376845
10,LH,Mean,3,1.0160553455352783,0.9013084769248962,-0.11474686861038208,-0.1273114272728
10,LH-E2E,Mean,3,0.9043828248977661,0.9013084769248962,-0.003074347972869873,-0.003410983089118389
20,MLP,Mean,3,0.7902743220329285,0.7587091326713562,-0.031565189361572266,-0.041603808366499656
20,MLP-E2E,Mean,3,0.6767974495887756,0.7587091326713562,0.08191168308258057,0.10796190470803464
20,LH,Mean,3,0.7896416187286377,0.7587091326713562,-0.030932486057281494,-0.04076988759627896
20,LH-E2E,Mean,3,0.6863906383514404,0.7587091326713562,0.07231849431991577,0.09531781180132622
50,MLP,Mean,3,0.9338837265968323,1.0514578819274902,0.11757415533065796,0.11182012836798157
50,MLP-E2E,Mean,3,0.8298031091690063,1.0514578819274902,0.2216547727584839,0.21080708658739167
50,LH,Mean,3,0.9296168088912964,1.0514578819274902,0.12184107303619385,0.11587822501538501
50,LH-E2E,Mean,3,0.8243932127952576,1.0514578819274902,0.22706466913223267,0.21595222503443207
75,MLP,Mean,3,0.952210545539856,0.8163384795188904,-0.13587206602096558,-0.16644084461269285
75,MLP-E2E,Mean,3,0.842659592628479,0.8163384795188904,-0.026321113109588623,-0.03224289160680137
75,LH,Mean,3,0.9516545534133911,0.8163384795188904,-0.13531607389450073,-0.1657597642270267
75,LH-E2E,Mean,3,0.8362413644790649,0.8163384795188904,-0.01990288496017456,-0.02438067720622987
5,MLP,Mean,3,1.2309502363204956,1.309106707572937,0.0781564712524414,0.05970213948207649
5,MLP-E2E,Mean,3,1.1570532321929932,1.309106707572937,0.15205347537994385,0.11615055862164862
5,LH,Mean,3,1.2185014486312866,1.309106707572937,0.09060525894165039,0.0692115153161434
5,LH-E2E,Mean,3,1.1646842956542969,1.309106707572937,0.14442241191864014,0.11032134438177083
10,MLP,Mean,3,1.0269746780395508,0.9013084769248962,-0.12566620111465454,-0.13942640542270857
10,MLP-E2E,Mean,3,0.919633686542511,0.9013084769248962,-0.018325209617614746,-0.020331784385449355
10,LH,Mean,3,1.0181442499160767,0.9013084769248962,-0.11683577299118042,-0.12962906261550233
10,LH-E2E,Mean,3,1.210950255393982,0.9013084769248962,-0.3096417784690857,-0.34354695023564874
20,MLP,Mean,3,0.7900375723838806,0.7587091326713562,-0.031328439712524414,-0.041291765662842886
20,MLP-E2E,Mean,3,0.6984771490097046,0.7587091326713562,0.06023198366165161,0.07938745043120735
20,LH,Mean,3,0.7895596623420715,0.7587091326713562,-0.030850529670715332,-0.04066186677112084
20,LH-E2E,Mean,3,0.710910439491272,0.7587091326713562,0.04779869318008423,0.06300002348961943
50,MLP,Mean,3,0.932240903377533,1.0514578819274902,0.11921697854995728,0.11338255254828991
50,MLP-E2E,Mean,3,0.8158971667289734,1.0514578819274902,0.23556071519851685,0.224032478378208
50,LH,Mean,3,0.9323509335517883,1.0514578819274902,0.1191069483757019,0.11327790720191269
50,LH-E2E,Mean,3,0.8251413106918335,1.0514578819274902,0.22631657123565674,0.21524073871678276
75,MLP,Mean,3,0.9534850120544434,0.8163384795188904,-0.13714653253555298,-0.168002043241157
75,MLP-E2E,Mean,3,0.8468309044837952,0.8163384795188904,-0.030492424964904785,-0.037352673835582904
75,LH,Mean,3,0.9527102112770081,0.8163384795188904,-0.13637173175811768,-0.1670529261814149
75,LH-E2E,Mean,3,0.8460942506790161,0.8163384795188904,-0.029755771160125732,-0.036450286133347914
5,MLP,Mean,3,1.2289924621582031,1.309106707572937,0.08011424541473389,0.06119764336343859
5,MLP-E2E,Mean,3,1.1429848670959473,1.309106707572937,0.16612184047698975,0.12689709671183108
5,LH,Mean,3,1.2163536548614502,1.309106707572937,0.09275305271148682,0.07085217131264226
5,LH-E2E,Mean,3,1.1720448732376099,1.309106707572937,0.13706183433532715,0.1046987488051586
10,MLP,Mean,3,1.0184566974639893,0.9013084769248962,-0.11714822053909302,-0.1299757225614718
10,MLP-E2E,Mean,3,0.9083178043365479,0.9013084769248962,-0.007009327411651611,-0.007776835113729526
10,LH,Mean,3,1.016228437423706,0.9013084769248962,-0.11491996049880981,-0.12750347238594295
10,LH-E2E,Mean,3,0.8962074518203735,0.9013084769248962,0.005101025104522705,0.005659577420070976
20,MLP,Mean,3,0.7925444841384888,0.7587091326713562,-0.03383535146713257,-0.04459594594307954
20,MLP-E2E,Mean,3,0.6766579747200012,0.7587091326713562,0.08205115795135498,0.10814573651230373
20,LH,Mean,3,0.7900916934013367,0.7587091326713562,-0.03138256072998047,-0.041363098687747304
20,LH-E2E,Mean,3,0.6843583583831787,0.7587091326713562,0.07435077428817749,0.09799641402284714
50,MLP,Mean,3,0.9337081909179688,1.0514578819274902,0.11774969100952148,0.1119870734086538
50,MLP-E2E,Mean,3,0.8158797025680542,1.0514578819274902,0.23557817935943604,0.22404908785084535
50,LH,Mean,3,0.932064950466156,1.0514578819274902,0.11939293146133423,0.11354989440230161
50,LH-E2E,Mean,3,0.8270530700683594,1.0514578819274902,0.22440481185913086,0.21342253999538335
75,MLP,Mean,3,0.9549687504768372,0.8163384795188904,-0.13863027095794678,-0.16981959620432033
75,MLP-E2E,Mean,3,0.8473731279373169,0.8163384795188904,-0.031034648418426514,-0.03801688784377383
75,LH,Mean,3,0.9534119963645935,0.8163384795188904,-0.13707351684570312,-0.16791260033030353
75,LH-E2E,Mean,3,0.8386543989181519,0.8163384795188904,-0.022315919399261475,-0.02733660112703909
5,MLP,Mean,3,1.2379554510116577,1.309106707572937,0.0711512565612793,0.054350998394311636
5,MLP-E2E,Mean,3,1.1666862964630127,1.309106707572937,0.14242041110992432,0.10879205666432608
5,LH,Mean,3,1.2235107421875,1.309106707572937,0.08559596538543701,0.06538501780663133
5,LH-E2E,Mean,3,1.1191457509994507,1.309106707572937,0.18996095657348633,0.1451073128528009
10,MLP,Mean,3,1.0252574682235718,0.9013084769248962,-0.12394899129867554,-0.13752116447586002
10,MLP-E2E,Mean,3,0.9160045981407166,0.9013084769248962,-0.014696121215820312,-0.016305317870703776
10,LH,Mean,3,1.0123647451400757,0.9013084769248962,-0.11105626821517944,-0.1232167133211524
10,LH-E2E,Mean,3,0.9067186117172241,0.9013084769248962,-0.005410134792327881,-0.006002534016751175
20,MLP,Mean,3,0.792978048324585,0.7587091326713562,-0.03426891565322876,-0.04516739574831603
20,MLP-E2E,Mean,3,0.6807920336723328,0.7587091326713562,0.07791709899902344,0.10269693040952776
20,LH,Mean,3,0.7892836928367615,0.7587091326713562,-0.030574560165405273,-0.040298131192588404
20,LH-E2E,Mean,3,0.6969154477119446,0.7587091326713562,0.06179368495941162,0.08144581671482039
50,MLP,Mean,3,0.9338326454162598,1.0514578819274902,0.11762523651123047,0.11186870965825528
50,MLP-E2E,Mean,3,0.822529137134552,1.0514578819274902,0.22892874479293823,0.21772507365989333
50,LH,Mean,3,0.9347464442253113,1.0514578819274902,0.11671143770217896,0.11099963175722098
50,LH-E2E,Mean,3,0.8321652412414551,1.0514578819274902,0.21929264068603516,0.20856055620985667
75,MLP,Mean,3,0.9497746825218201,0.8163384795188904,-0.1334362030029297,-0.16345695609200048
75,MLP-E2E,Mean,3,0.8432019948959351,0.8163384795188904,-0.026863515377044678,-0.03290732465885561
75,LH,Mean,3,0.9550718665122986,0.8163384795188904,-0.1387333869934082,-0.16994591149883173
75,LH-E2E,Mean,3,0.8433869481086731,0.8163384795188904,-0.027048468589782715,-0.033133889028143994
5,MLP,Mean,4,0.9263759255409241,1.309106707572937,0.38273078203201294,0.29236026354306116
5,MLP-E2E,Mean,4,0.9976856708526611,1.309106707572937,0.3114210367202759,0.23788819881432394
5,LH,Mean,4,0.9696343541145325,1.309106707572937,0.33947235345840454,0.2593160293921195
5,LH-E2E,Mean,4,0.956429660320282,1.309106707572937,0.35267704725265503,0.26940282653238606
10,MLP,Mean,4,0.9800597429275513,0.9013084769248962,-0.07875126600265503,-0.08737437627496893
10,MLP-E2E,Mean,4,0.8660885691642761,0.9013084769248962,0.03521990776062012,0.039076419075502494
10,LH,Mean,4,1.0205210447311401,0.9013084769248962,-0.1192125678062439,-0.13226611183440315
10,LH-E2E,Mean,4,0.892356276512146,0.9013084769248962,0.008952200412750244,0.009932448925026817
20,MLP,Mean,4,0.8702874779701233,0.7587091326713562,-0.11157834529876709,-0.1470634008396714
20,MLP-E2E,Mean,4,0.6688999533653259,0.7587091326713562,0.08980917930603027,0.11837102710207151
20,LH,Mean,4,0.8771189451217651,0.7587091326713562,-0.11840981245040894,-0.15606746690065157
20,LH-E2E,Mean,4,0.7191382050514221,0.7587091326713562,0.03957092761993408,0.052155596810345366
50,MLP,Mean,4,1.0467578172683716,1.0514578819274902,0.004700064659118652,0.004470045581381427
50,MLP-E2E,Mean,4,0.8285801410675049,1.0514578819274902,0.22287774085998535,0.2119702031729648
50,LH,Mean,4,1.0567257404327393,1.0514578819274902,-0.0052678585052490234,-0.005010051848764686
50,LH-E2E,Mean,4,0.8606526255607605,1.0514578819274902,0.19080525636672974,0.1814673318316405
75,MLP,Mean,4,1.082444667816162,0.8163384795188904,-0.26610618829727173,-0.3259753092296979
75,MLP-E2E,Mean,4,0.8601527214050293,0.8163384795188904,-0.043814241886138916,-0.05367166069638279
75,LH,Mean,4,1.0699001550674438,0.8163384795188904,-0.25356167554855347,-0.31060850604272655
75,LH-E2E,Mean,4,0.8816463947296143,0.8163384795188904,-0.06530791521072388,-0.08000102512528032
5,MLP,Mean,4,0.9510736465454102,1.309106707572937,0.35803306102752686,0.2734941765681687
5,MLP-E2E,Mean,4,0.9896512627601624,1.309106707572937,0.31945544481277466,0.24402551981804443
5,LH,Mean,4,0.9625558257102966,1.309106707572937,0.3465508818626404,0.2647231733348462
5,LH-E2E,Mean,4,0.9490917921066284,1.309106707572937,0.3600149154663086,0.27500807488319307
10,MLP,Mean,4,0.9822432994842529,0.9013084769248962,-0.08093482255935669,-0.08979702802251663
10,MLP-E2E,Mean,4,0.8518543243408203,0.9013084769248962,0.04945415258407593,0.05486928598830522
10,LH,Mean,4,1.0144554376602173,0.9013084769248962,-0.11314696073532104,-0.12553633260097397
10,LH-E2E,Mean,4,0.8809692859649658,0.9013084769248962,0.02033919095993042,0.0225662927628553
20,MLP,Mean,4,0.8746499419212341,0.7587091326713562,-0.11594080924987793,-0.15281325116208805
20,MLP-E2E,Mean,4,0.6700214743614197,0.7587091326713562,0.08868765830993652,0.11689283085030773
20,LH,Mean,4,0.875152587890625,0.7587091326713562,-0.1164434552192688,-0.15347575270285782
20,LH-E2E,Mean,4,0.7091569304466248,0.7587091326713562,0.049552202224731445,0.06531119778440253
50,MLP,Mean,4,1.042992353439331,1.0514578819274902,0.00846552848815918,0.008051229282375547
50,MLP-E2E,Mean,4,0.8305944204330444,1.0514578819274902,0.2208634614944458,0.21005450174529844
50,LH,Mean,4,1.0524173974990845,1.0514578819274902,-0.0009595155715942383,-0.0009125573055149798
50,LH-E2E,Mean,4,0.8535072207450867,1.0514578819274902,0.19795066118240356,0.18826304370796895
75,MLP,Mean,4,1.0771840810775757,0.8163384795188904,-0.2608456015586853,-0.3195311848002251
75,MLP-E2E,Mean,4,0.8548691868782043,0.8163384795188904,-0.038530707359313965,-0.047199425637784544
75,LH,Mean,4,1.0706570148468018,0.8163384795188904,-0.2543185353279114,-0.3115356457015161
75,LH-E2E,Mean,4,0.8703262209892273,0.8163384795188904,-0.053987741470336914,-0.06613401527042388
5,MLP,Mean,4,0.9254271388053894,1.309106707572937,0.3836795687675476,0.2930850224416644
5,MLP-E2E,Mean,4,0.9537978172302246,1.309106707572937,0.3553088903427124,0.27141323796396205
5,LH,Mean,4,0.9635566473007202,1.309106707572937,0.3455500602722168,0.263958666068453
5,LH-E2E,Mean,4,0.941131055355072,1.309106707572937,0.367975652217865,0.2810891198472934
10,MLP,Mean,4,0.9849107265472412,0.9013084769248962,-0.08360224962234497,-0.0927565331545321
10,MLP-E2E,Mean,4,0.8691118955612183,0.9013084769248962,0.03219658136367798,0.035722044325519904
10,LH,Mean,4,1.0133048295974731,0.9013084769248962,-0.1119963526725769,-0.12425973519597694
10,LH-E2E,Mean,4,0.8759081363677979,0.9013084769248962,0.02540034055709839,0.028181628385167107
20,MLP,Mean,4,0.879227340221405,0.7587091326713562,-0.12051820755004883,-0.15884639100851936
20,MLP-E2E,Mean,4,0.6674521565437317,0.7587091326713562,0.09125697612762451,0.12027926407886479
20,LH,Mean,4,0.8732485175132751,0.7587091326713562,-0.11453938484191895,-0.15096613433218423
20,LH-E2E,Mean,4,0.7201057076454163,0.7587091326713562,0.03860342502593994,0.050880401149278734
50,MLP,Mean,4,1.0438116788864136,1.0514578819274902,0.00764620304107666,0.007272001258918664
50,MLP-E2E,Mean,4,0.836309552192688,1.0514578819274902,0.21514832973480225,0.20461906599663413
50,LH,Mean,4,1.0516120195388794,1.0514578819274902,-0.00015413761138916016,-0.00014659418511999862
50,LH-E2E,Mean,4,0.8582360744476318,1.0514578819274902,0.1932218074798584,0.1837656180061649
75,MLP,Mean,4,1.075737714767456,0.8163384795188904,-0.2593992352485657,-0.3177594120044945
75,MLP-E2E,Mean,4,0.8496525287628174,0.8163384795188904,-0.033314049243927,-0.04080911298406595
75,LH,Mean,4,1.0650922060012817,0.8163384795188904,-0.24875372648239136,-0.30471885464592396
75,LH-E2E,Mean,4,0.8703134059906006,0.8163384795188904,-0.053974926471710205,-0.06611831712688634
5,MLP,Mean,4,0.9305461049079895,1.309106707572937,0.3785606026649475,0.2891747483035916
5,MLP-E2E,Mean,4,1.000909447669983,1.309106707572937,0.3081972599029541,0.23542562124240193
5,LH,Mean,4,0.968475878238678,1.309106707572937,0.34063082933425903,0.2602009655620688
5,LH-E2E,Mean,4,0.9450001120567322,1.309106707572937,0.36410659551620483,0.27813362609015474
10,MLP,Mean,4,0.9867662787437439,0.9013084769248962,-0.08545780181884766,-0.09481526470317292
10,MLP-E2E,Mean,4,0.8711059093475342,0.9013084769248962,0.03020256757736206,0.033509689912612196
10,LH,Mean,4,1.0146132707595825,0.9013084769248962,-0.11330479383468628,-0.125711448117366
10,LH-E2E,Mean,4,0.896872878074646,0.9013084769248962,0.004435598850250244,0.004921288286762504
20,MLP,Mean,4,0.8799074292182922,0.7587091326713562,-0.12119829654693604,-0.15974276745583146
20,MLP-E2E,Mean,4,0.6660277247428894,0.7587091326713562,0.0926814079284668,0.12215670530041299
20,LH,Mean,4,0.8782228231430054,0.7587091326713562,-0.11951369047164917,-0.1575224092147813
20,LH-E2E,Mean,4,0.7160449624061584,0.7587091326713562,0.042664170265197754,0.05623257771391325
50,MLP,Mean,4,1.0479438304901123,1.0514578819274902,0.0035140514373779297,0.00334207532016034
50,MLP-E2E,Mean,4,0.8349284529685974,1.0514578819274902,0.21652942895889282,0.20593257483786206
50,LH,Mean,4,1.0546252727508545,1.0514578819274902,-0.003167390823364258,-0.0030123801226901495
50,LH-E2E,Mean,4,0.8621402978897095,1.0514578819274902,0.18931758403778076,0.18005246552599083
75,MLP,Mean,4,1.0782746076583862,0.8163384795188904,-0.26193612813949585,-0.3208670603079596
75,MLP-E2E,Mean,4,0.848283588886261,0.8163384795188904,-0.031945109367370605,-0.03913218618115059
75,LH,Mean,4,1.0745340585708618,0.8163384795188904,-0.25819557905197144,-0.3162849547459029
75,LH-E2E,Mean,4,0.8773586750030518,0.8163384795188904,-0.06102019548416138,-0.07474864534148098
5,MLP,Mean,4,0.9317164421081543,1.309106707572937,0.3773902654647827,0.28828075150914034
5,MLP-E2E,Mean,4,0.9804626107215881,1.309106707572937,0.3286440968513489,0.2510445443065904
5,LH,Mean,4,0.9689634442329407,1.309106707572937,0.34014326333999634,0.2598285238111846
5,LH-E2E,Mean,4,0.9254436492919922,1.309106707572937,0.3836630582809448,0.29307241041660387
10,MLP,Mean,4,0.9811246395111084,0.9013084769248962,-0.07981616258621216,-0.08855587696071679
10,MLP-E2E,Mean,4,0.8595126867294312,0.9013084769248962,0.04179579019546509,0.04637234783152697
10,LH,Mean,4,1.0108225345611572,0.9013084769248962,-0.10951405763626099,-0.12150563368704066
10,LH-E2E,Mean,4,0.8846107125282288,0.9013084769248962,0.01669776439666748,0.01852613708198693
20,MLP,Mean,4,0.8704308867454529,0.7587091326713562,-0.11172175407409668,-0.1472524176435481
20,MLP-E2E,Mean,4,0.664273202419281,0.7587091326713562,0.0944359302520752,0.12446921512539803
20,LH,Mean,4,0.875535786151886,0.7587091326713562,-0.11682665348052979,-0.15398081880099712
20,LH-E2E,Mean,4,0.7190651893615723,0.7587091326713562,0.039643943309783936,0.05225183354548624
50,MLP,Mean,4,1.0376194715499878,1.0514578819274902,0.013838410377502441,0.01316116471744396
50,MLP-E2E,Mean,4,0.823891282081604,1.0514578819274902,0.22756659984588623,0.21642959148180077
50,LH,Mean,4,1.0527600049972534,1.0514578819274902,-0.0013021230697631836,-0.0012383977448304291
50,LH-E2E,Mean,4,0.8550963997840881,1.0514578819274902,0.1963614821434021,0.186751638385591
75,MLP,Mean,4,1.0729647874832153,0.8163384795188904,-0.25662630796432495,-0.31436262580145413
75,MLP-E2E,Mean,4,0.8560007810592651,0.8163384795188904,-0.039662301540374756,-0.04858560821946034
75,LH,Mean,4,1.0699489116668701,0.8163384795188904,-0.25361043214797974,-0.3106682320027903
75,LH-E2E,Mean,4,0.8775001764297485,0.8163384795188904,-0.061161696910858154,-0.07492198205198393
5,MLP,Mean,4,0.9201704859733582,1.309106707572937,0.38893622159957886,0.29710047267320205
5,MLP-E2E,Mean,4,0.9727855324745178,1.309106707572937,0.3363211750984192,0.2569089083058426
5,LH,Mean,4,0.9690672159194946,1.309106707572937,0.3400394916534424,0.2597492547294866
5,LH-E2E,Mean,4,0.9242033958435059,1.309106707572937,0.38490331172943115,0.2940198148117626
10,MLP,Mean,4,0.9863702654838562,0.9013084769248962,-0.08506178855895996,-0.0943758887624974
10,MLP-E2E,Mean,4,0.8724005818367004,0.9013084769248962,0.0289078950881958,0.03207325330704132
10,LH,Mean,4,1.0187658071517944,0.9013084769248962,-0.1174573302268982,-0.13031867915815198
10,LH-E2E,Mean,4,0.8715547919273376,0.9013084769248962,0.029753684997558594,0.033011655564444325
20,MLP,Mean,4,0.8714016675949097,0.7587091326713562,-0.11269253492355347,-0.14853193413762106
20,MLP-E2E,Mean,4,0.6629247069358826,0.7587091326713562,0.09578442573547363,0.12624657014239973
20,LH,Mean,4,0.8769753575325012,0.7587091326713562,-0.11826622486114502,-0.15587821441497454
20,LH-E2E,Mean,4,0.7219705581665039,0.7587091326713562,0.036738574504852295,0.04842247565348082
50,MLP,Mean,4,1.0412746667861938,1.0514578819274902,0.010183215141296387,0.009684853113306762
50,MLP-E2E,Mean,4,0.8479977250099182,1.0514578819274902,0.20346015691757202,0.1935029071679001
50,LH,Mean,4,1.0532431602478027,1.0514578819274902,-0.0017852783203125,-0.0016979075919235107
50,LH-E2E,Mean,4,0.8616799712181091,1.0514578819274902,0.1897779107093811,0.1804902640146535
75,MLP,Mean,4,1.0805087089538574,0.8163384795188904,-0.26417022943496704,-0.32360379433621206
75,MLP-E2E,Mean,4,0.8558783531188965,0.8163384795188904,-0.039539873600006104,-0.048435636187710955
75,LH,Mean,4,1.0713436603546143,0.8163384795188904,-0.2550051808357239,-0.3123767741366441
75,LH-E2E,Mean,4,0.8863416910171509,0.8163384795188904,-0.0700032114982605,-0.08575267888819468
5,MLP,Mean,4,0.9307434558868408,1.309106707572937,0.3783632516860962,0.28902399590295863
5,MLP-E2E,Mean,4,0.9935002326965332,1.309106707572937,0.3156064748764038,0.2410853699325498
5,LH,Mean,4,0.9690020680427551,1.309106707572937,0.3401046395301819,0.2597990198680828
5,LH-E2E,Mean,4,0.9508066773414612,1.309106707572937,0.35830003023147583,0.2736981089156272
10,MLP,Mean,4,0.9754279255867004,0.9013084769248962,-0.0741194486618042,-0.0822353839549879
10,MLP-E2E,Mean,4,0.8567343354225159,0.9013084769248962,0.04457414150238037,0.04945492319617296
10,LH,Mean,4,1.0153545141220093,0.9013084769248962,-0.11404603719711304,-0.1265338561845305
10,LH-E2E,Mean,4,0.8683294653892517,0.9013084769248962,0.03297901153564453,0.03659014907766433
20,MLP,Mean,4,0.8643714785575867,0.7587091326713562,-0.10566234588623047,-0.13926594703585748
20,MLP-E2E,Mean,4,0.6656121015548706,0.7587091326713562,0.0930970311164856,0.12270450836501486
20,LH,Mean,4,0.8729820251464844,0.7587091326713562,-0.11427289247512817,-0.15061488988907007
20,LH-E2E,Mean,4,0.715604841709137,0.7587091326713562,0.04310429096221924,0.05681266918516239
50,MLP,Mean,4,1.039436936378479,1.0514578819274902,0.01202094554901123,0.011432645810762213
50,MLP-E2E,Mean,4,0.8367559313774109,1.0514578819274902,0.21470195055007935,0.2041945324110333
50,LH,Mean,4,1.0512487888336182,1.0514578819274902,0.0002090930938720703,0.0001988601706886911
50,LH-E2E,Mean,4,0.8551974892616272,1.0514578819274902,0.19626039266586304,0.18665549618220217
75,MLP,Mean,4,1.0759034156799316,0.8163384795188904,-0.25956493616104126,-0.317962392651166
75,MLP-E2E,Mean,4,0.8649129271507263,0.8163384795188904,-0.04857444763183594,-0.059502827381680355
75,LH,Mean,4,1.0659922361373901,0.8163384795188904,-0.24965375661849976,-0.3058213754246074
75,LH-E2E,Mean,4,0.8761264681816101,0.8163384795188904,-0.05978798866271973,-0.07323921407938018
5,MLP,Mean,4,0.9282679557800293,1.309106707572937,0.3808387517929077,0.2909149801080591
5,MLP-E2E,Mean,4,1.0003836154937744,1.309106707572937,0.3087230920791626,0.2358272937517296
5,LH,Mean,4,0.9660016298294067,1.309106707572937,0.3431050777435303,0.262090993620865
5,LH-E2E,Mean,4,0.9496997594833374,1.309106707572937,0.3594069480895996,0.2745436609639976
10,MLP,Mean,4,0.988079845905304,0.9013084769248962,-0.08677136898040771,-0.09627266491097049
10,MLP-E2E,Mean,4,0.8667189478874207,0.9013084769248962,0.034589529037475586,0.03837701510973123
10,LH,Mean,4,1.0155253410339355,0.9013084769248962,-0.1142168641090393,-0.12672338831065572
10,LH-E2E,Mean,4,0.8758144378662109,0.9013084769248962,0.025494039058685303,0.02828558669021556
20,MLP,Mean,4,0.87642902135849,0.7587091326713562,-0.11771988868713379,-0.15515812795432046
20,MLP-E2E,Mean,4,0.667656421661377,0.7587091326713562,0.09105271100997925,0.12001003690227069
20,LH,Mean,4,0.8761415481567383,0.7587091326713562,-0.11743241548538208,-0.15477923017996584
20,LH-E2E,Mean,4,0.7005908489227295,0.7587091326713562,0.05811828374862671,0.07660153442992933
50,MLP,Mean,4,1.0485045909881592,1.0514578819274902,0.0029532909393310547,0.002808758191927955
50,MLP-E2E,Mean,4,0.8436394333839417,1.0514578819274902,0.20781844854354858,0.197647905936645
50,LH,Mean,4,1.0518678426742554,1.0514578819274902,-0.0004099607467651367,-0.0003898974498280551
50,LH-E2E,Mean,4,0.8614373207092285,1.0514578819274902,0.19002056121826172,0.18072103931535868
75,MLP,Mean,4,1.0782462358474731,0.8163384795188904,-0.26190775632858276,-0.3208323053483137
75,MLP-E2E,Mean,4,0.853094756603241,0.8163384795188904,-0.036756277084350586,-0.04502578036749281
75,LH,Mean,4,1.0694222450256348,0.8163384795188904,-0.2530837655067444,-0.3100230748107078
75,LH-E2E,Mean,4,0.8755103349685669,0.8163384795188904,-0.059171855449676514,-0.07248446194101922
5,MLP,Mean,4,0.9313520193099976,1.309106707572937,0.37775468826293945,0.28855912667599926
5,MLP-E2E,Mean,4,0.957645833492279,1.309106707572937,0.35146087408065796,0.26847381657088965
5,LH,Mean,4,0.968177855014801,1.309106707572937,0.340928852558136,0.26042861944402734
5,LH-E2E,Mean,4,0.9608345627784729,1.309106707572937,0.3482721447944641,0.26603801109548597
10,MLP,Mean,4,0.9860643148422241,0.9013084769248962,-0.08475583791732788,-0.09403643712139453
10,MLP-E2E,Mean,4,0.8655945062637329,0.9013084769248962,0.03571397066116333,0.039624580901549966
10,LH,Mean,4,1.0212516784667969,0.9013084769248962,-0.11994320154190063,-0.13307674854132676
10,LH-E2E,Mean,4,0.9038740396499634,0.9013084769248962,-0.0025655627250671387,-0.002846486847455802
20,MLP,Mean,4,0.8807809948921204,0.7587091326713562,-0.12207186222076416,-0.16089415161111686
20,MLP-E2E,Mean,4,0.6726267337799072,0.7587091326713562,0.08608239889144897,0.11345902557988133
20,LH,Mean,4,0.8766502141952515,0.7587091326713562,-0.11794108152389526,-0.15544966634134721
20,LH-E2E,Mean,4,0.7087214589118958,0.7587091326713562,0.04998767375946045,0.0658851615288427
50,MLP,Mean,4,1.0447871685028076,1.0514578819274902,0.006670713424682617,0.006344251671264411
50,MLP-E2E,Mean,4,0.8405378460884094,1.0514578819274902,0.2109200358390808,0.20059770292694054
50,LH,Mean,4,1.0522561073303223,1.0514578819274902,-0.0007982254028320312,-0.000759160606004262
50,LH-E2E,Mean,4,0.86495441198349,1.0514578819274902,0.18650346994400024,0.17737607292658228
75,MLP,Mean,4,1.0820637941360474,0.8163384795188904,-0.265725314617157,-0.3255087458008379
75,MLP-E2E,Mean,4,0.8535937070846558,0.8163384795188904,-0.03725522756576538,-0.045636985760761604
75,LH,Mean,4,1.0703891515731812,0.8163384795188904,-0.25405067205429077,-0.3112075179942708
75,LH-E2E,Mean,4,0.8761642575263977,0.8163384795188904,-0.059825778007507324,-0.07328550534916066
5,MLP,Mean,4,0.9378029108047485,1.309106707572937,0.3713037967681885,0.2836314218086773
5,MLP-E2E,Mean,4,0.9776231050491333,1.309106707572937,0.3314836025238037,0.2532135849631151
5,LH,Mean,4,0.9647574424743652,1.309106707572937,0.3443492650985718,0.2630414030472656
5,LH-E2E,Mean,4,0.9531616568565369,1.309106707572937,0.35594505071640015,0.27189918794039075
10,MLP,Mean,4,0.9835890531539917,0.9013084769248962,-0.08228057622909546,-0.09129013909846062
10,MLP-E2E,Mean,4,0.8693916201591492,0.9013084769248962,0.03191685676574707,0.03541169042883264
10,LH,Mean,4,1.0151833295822144,0.9013084769248962,-0.11387485265731812,-0.1263439272709814
10,LH-E2E,Mean,4,0.8891158699989319,0.9013084769248962,0.012192606925964355,0.013527673641285784
20,MLP,Mean,4,0.8805702924728394,0.7587091326713562,-0.12186115980148315,-0.16061643988971033
20,MLP-E2E,Mean,4,0.6711263060569763,0.7587091326713562,0.08758282661437988,0.11543663156657614
20,LH,Mean,4,0.8754228353500366,0.7587091326713562,-0.11671370267868042,-0.1538319464637792
20,LH-E2E,Mean,4,0.7036226391792297,0.7587091326713562,0.055086493492126465,0.07260554950508
50,MLP,Mean,4,1.0479482412338257,1.0514578819274902,0.0035096406936645508,0.003337880436286063
50,MLP-E2E,Mean,4,0.827500581741333,1.0514578819274902,0.22395730018615723,0.21299692934500403
50,LH,Mean,4,1.0552126169204712,1.0514578819274902,-0.003754734992980957,-0.0035709799294080407
50,LH-E2E,Mean,4,0.8613475561141968,1.0514578819274902,0.19011032581329346,0.1808064108709622
75,MLP,Mean,4,1.082779049873352,0.8163384795188904,-0.26644057035446167,-0.32638492125409624
75,MLP-E2E,Mean,4,0.8659930229187012,0.8163384795188904,-0.04965454339981079,-0.06082592533072155
75,LH,Mean,4,1.0702630281448364,0.8163384795188904,-0.25392454862594604,-0.31105301905601296
75,LH-E2E,Mean,4,0.8754256367683411,0.8163384795188904,-0.059087157249450684,-0.07238070816442922
5,MLP,PseudoFeature,2,1.2993799448013306,1.309106707572937,0.009726762771606445,0.0074300763378103134
5,MLP-E2E,PseudoFeature,2,1.057206153869629,1.309106707572937,0.2519005537033081,0.19242171187887938
5,LH,PseudoFeature,2,1.319854497909546,1.309106707572937,-0.010747790336608887,-0.0082100185374003
5,LH-E2E,PseudoFeature,2,1.0100986957550049,1.309106707572937,0.29900801181793213,0.22840614144609206
10,MLP,PseudoFeature,2,1.213056206703186,0.9013084769248962,-0.3117477297782898,-0.3458834991122212
10,MLP-E2E,PseudoFeature,2,1.0309189558029175,0.9013084769248962,-0.12961047887802124,-0.14380257392033977
10,LH,PseudoFeature,2,1.1875118017196655,0.9013084769248962,-0.2862033247947693,-0.31754203152648025
10,LH-E2E,PseudoFeature,2,1.0091772079467773,0.9013084769248962,-0.1078687310218811,-0.11968014701238579
20,MLP,PseudoFeature,2,0.9536697864532471,0.7587091326713562,-0.19496065378189087,-0.25696363123434335
20,MLP-E2E,PseudoFeature,2,0.6882013082504272,0.7587091326713562,0.07050782442092896,0.09293129789103284
20,LH,PseudoFeature,2,0.9524422883987427,0.7587091326713562,-0.19373315572738647,-0.2553457542355751
20,LH-E2E,PseudoFeature,2,0.6712006330490112,0.7587091326713562,0.08750849962234497,0.11533866649823274
50,MLP,PseudoFeature,2,1.120781421661377,1.0514578819274902,-0.06932353973388672,-0.06593087647676919
50,MLP-E2E,PseudoFeature,2,0.9406465291976929,1.0514578819274902,0.11081135272979736,0.10538829432393665
50,LH,PseudoFeature,2,1.120945930480957,1.0514578819274902,-0.0694880485534668,-0.06608733430775572
50,LH-E2E,PseudoFeature,2,0.9666668772697449,1.0514578819274902,0.08479100465774536,0.08064137053431937
75,MLP,PseudoFeature,2,1.1336379051208496,0.8163384795188904,-0.31729942560195923,-0.3886861070042415
75,MLP-E2E,PseudoFeature,2,0.9668147563934326,0.8163384795188904,-0.15047627687454224,-0.18433074104656383
75,LH,PseudoFeature,2,1.1291040182113647,0.8163384795188904,-0.31276553869247437,-0.3831321768352791
75,LH-E2E,PseudoFeature,2,0.9674023985862732,0.8163384795188904,-0.1510639190673828,-0.18505059219603667
5,MLP,PseudoFeature,2,1.291814923286438,1.309106707572937,0.017291784286499023,0.013208842477446102
5,MLP-E2E,PseudoFeature,2,0.9650618433952332,1.309106707572937,0.34404486417770386,0.26280887737223313
5,LH,PseudoFeature,2,1.2614736557006836,1.309106707572937,0.04763305187225342,0.036385919953434764
5,LH-E2E,PseudoFeature,2,0.979902446269989,1.309106707572937,0.329204261302948,0.2514724425431197
10,MLP,PseudoFeature,2,1.1865900754928589,0.9013084769248962,-0.28528159856796265,-0.3165193780727466
10,MLP-E2E,PseudoFeature,2,0.9739330410957336,0.9013084769248962,-0.0726245641708374,-0.08057681252329886
10,LH,PseudoFeature,2,1.1765116453170776,0.9013084769248962,-0.2752031683921814,-0.3053373794187818
10,LH-E2E,PseudoFeature,2,1.0321767330169678,0.9013084769248962,-0.13086825609207153,-0.14519807529001688
20,MLP,PseudoFeature,2,0.9436211585998535,0.7587091326713562,-0.18491202592849731,-0.24371925678215625
20,MLP-E2E,PseudoFeature,2,0.6208774447441101,0.7587091326713562,0.1378316879272461,0.18166604564512276
20,LH,PseudoFeature,2,0.9363473057746887,0.7587091326713562,-0.17763817310333252,-0.23413211394712258
20,LH-E2E,PseudoFeature,2,0.6692630052566528,0.7587091326713562,0.08944612741470337,0.11789251448677106
50,MLP,PseudoFeature,2,1.1179488897323608,1.0514578819274902,-0.0664910078048706,-0.06323696740280454
50,MLP-E2E,PseudoFeature,2,0.9274411797523499,1.0514578819274902,0.12401670217514038,0.11794737983018203
50,LH,PseudoFeature,2,1.110996961593628,1.0514578819274902,-0.059539079666137695,-0.05662526354074502
50,LH-E2E,PseudoFeature,2,0.9445228576660156,1.0514578819274902,0.10693502426147461,0.10170167164988637
75,MLP,PseudoFeature,2,1.1375168561935425,0.8163384795188904,-0.3211783766746521,-0.3934377525165037
75,MLP-E2E,PseudoFeature,2,0.977299690246582,0.8163384795188904,-0.16096121072769165,-0.19717459701587783
75,LH,PseudoFeature,2,1.1394399404525757,0.8163384795188904,-0.3231014609336853,-0.3957934962518309
75,LH-E2E,PseudoFeature,2,0.9277268052101135,0.8163384795188904,-0.11138832569122314,-0.13644870171606993
5,MLP,PseudoFeature,2,1.3047466278076172,1.309106707572937,0.004360079765319824,0.0033305762930535606
5,MLP-E2E,PseudoFeature,2,1.0249913930892944,1.309106707572937,0.2841153144836426,0.21702991271841227
5,LH,PseudoFeature,2,1.2549138069152832,1.309106707572937,0.05419290065765381,0.04139685508000076
5,LH-E2E,PseudoFeature,2,0.9559905529022217,1.309106707572937,0.35311615467071533,0.2697382517620638
10,MLP,PseudoFeature,2,1.200871467590332,0.9013084769248962,-0.2995629906654358,-0.3323645547942601
10,MLP-E2E,PseudoFeature,2,1.0056400299072266,0.9013084769248962,-0.10433155298233032,-0.11575565486556941
10,LH,PseudoFeature,2,1.1826415061950684,0.9013084769248962,-0.2813330292701721,-0.3121384481260292
10,LH-E2E,PseudoFeature,2,1.023315191268921,0.9013084769248962,-0.12200671434402466,-0.1353662119769358
20,MLP,PseudoFeature,2,0.949434220790863,0.7587091326713562,-0.19072508811950684,-0.25138103642957155
20,MLP-E2E,PseudoFeature,2,0.6504672765731812,0.7587091326713562,0.10824185609817505,0.14266581412703422
20,LH,PseudoFeature,2,0.9473546743392944,0.7587091326713562,-0.18864554166793823,-0.24864013565215942
20,LH-E2E,PseudoFeature,2,0.675134003162384,0.7587091326713562,0.08357512950897217,0.11015437393604398
50,MLP,PseudoFeature,2,1.120503544807434,1.0514578819274902,-0.06904566287994385,-0.06566659879268974
50,MLP-E2E,PseudoFeature,2,0.9643168449401855,1.0514578819274902,0.08714103698730469,0.08287639332501008
50,LH,PseudoFeature,2,1.12532639503479,1.0514578819274902,-0.0738685131072998,-0.07025342087111185
50,LH-E2E,PseudoFeature,2,0.9350555539131165,1.0514578819274902,0.11640232801437378,0.11070564976030207
75,MLP,PseudoFeature,2,1.1369447708129883,0.8163384795188904,-0.3206062912940979,-0.3927369581831392
75,MLP-E2E,PseudoFeature,2,0.9704337120056152,0.8163384795188904,-0.15409523248672485,-0.1887638967815666
75,LH,PseudoFeature,2,1.1526191234588623,0.8163384795188904,-0.3362806439399719,-0.4119377591243269
75,LH-E2E,PseudoFeature,2,0.9769697189331055,0.8163384795188904,-0.1606312394142151,-0.19677038807344133
5,MLP,PseudoFeature,2,1.2951178550720215,1.309106707572937,0.013988852500915527,0.010685800034475904
5,MLP-E2E,PseudoFeature,2,1.1039245128631592,1.309106707572937,0.20518219470977783,0.1567345072199518
5,LH,PseudoFeature,2,1.2922747135162354,1.309106707572937,0.01683199405670166,0.012857618068360454
5,LH-E2E,PseudoFeature,2,0.9980570077896118,1.309106707572937,0.3110496997833252,0.23760454207740359
10,MLP,PseudoFeature,2,1.1989485025405884,0.9013084769248962,-0.29764002561569214,-0.33023102881622374
10,MLP-E2E,PseudoFeature,2,0.9726889133453369,0.9013084769248962,-0.07138043642044067,-0.07919645520696532
10,LH,PseudoFeature,2,1.1837812662124634,0.9013084769248962,-0.28247278928756714,-0.3134030096458361
10,LH-E2E,PseudoFeature,2,0.9576063752174377,0.9013084769248962,-0.056297898292541504,-0.06246240852479264
20,MLP,PseudoFeature,2,0.9530531167984009,0.7587091326713562,-0.19434398412704468,-0.2561508432655536
20,MLP-E2E,PseudoFeature,2,0.6705216765403748,0.7587091326713562,0.08818745613098145,0.11623355029414267
20,LH,PseudoFeature,2,0.9418088793754578,0.7587091326713562,-0.18309974670410156,-0.24133062173565975
20,LH-E2E,PseudoFeature,2,0.6739176511764526,0.7587091326713562,0.08479148149490356,0.11175756010259072
50,MLP,PseudoFeature,2,1.1235411167144775,1.0514578819274902,-0.0720832347869873,-0.06855551327918834
50,MLP-E2E,PseudoFeature,2,0.9717115163803101,1.0514578819274902,0.07974636554718018,0.07584361382216503
50,LH,PseudoFeature,2,1.1145013570785522,1.0514578819274902,-0.06304347515106201,-0.05995815546647789
50,LH-E2E,PseudoFeature,2,0.9351162314414978,1.0514578819274902,0.11634165048599243,0.1106479417632208
75,MLP,PseudoFeature,2,1.1396914720535278,0.8163384795188904,-0.32335299253463745,-0.39610161795289345
75,MLP-E2E,PseudoFeature,2,0.9650633335113525,0.8163384795188904,-0.14872485399246216,-0.18218527942001858
75,LH,PseudoFeature,2,1.1451164484024048,0.8163384795188904,-0.3287779688835144,-0.4027471167073735
75,LH-E2E,PseudoFeature,2,0.9354939460754395,0.8163384795188904,-0.11915546655654907,-0.14596331000686558
5,MLP,PseudoFeature,2,1.2896112203598022,1.309106707572937,0.019495487213134766,0.014892206342200391
5,MLP-E2E,PseudoFeature,2,0.9573259949684143,1.309106707572937,0.3517807126045227,0.26871813471700756
5,LH,PseudoFeature,2,1.3136100769042969,1.309106707572937,-0.004503369331359863,-0.0034400322794992306
5,LH-E2E,PseudoFeature,2,1.0542811155319214,1.309106707572937,0.2548255920410156,0.19465608919952615
10,MLP,PseudoFeature,2,1.1867971420288086,0.9013084769248962,-0.28548866510391235,-0.31674911799115524
10,MLP-E2E,PseudoFeature,2,1.0069869756698608,0.9013084769248962,-0.1056784987449646,-0.11725008856625957
10,LH,PseudoFeature,2,1.2226835489273071,0.9013084769248962,-0.3213750720024109,-0.3565650165622377
10,LH-E2E,PseudoFeature,2,1.0362106561660767,0.9013084769248962,-0.13490217924118042,-0.1496737051685596
20,MLP,PseudoFeature,2,0.9486071467399597,0.7587091326713562,-0.18989801406860352,-0.25029092954237586
20,MLP-E2E,PseudoFeature,2,0.6629398465156555,0.7587091326713562,0.09576928615570068,0.12622661574997052
20,LH,PseudoFeature,2,0.9583386778831482,0.7587091326713562,-0.199629545211792,-0.2631173616019512
20,LH-E2E,PseudoFeature,2,0.7854945063591003,0.7587091326713562,-0.02678537368774414,-0.03530387672207781
50,MLP,PseudoFeature,2,1.1180047988891602,1.0514578819274902,-0.06654691696166992,-0.063290140390292
50,MLP-E2E,PseudoFeature,2,0.9544764757156372,1.0514578819274902,0.09698140621185303,0.0922351792485217
50,LH,PseudoFeature,2,1.1230039596557617,1.0514578819274902,-0.07154607772827148,-0.06804464444844532
50,LH-E2E,PseudoFeature,2,0.9497970938682556,1.0514578819274902,0.10166078805923462,0.09668555422578996
75,MLP,PseudoFeature,2,1.136526346206665,0.8163384795188904,-0.32018786668777466,-0.3922243955429831
75,MLP-E2E,PseudoFeature,2,0.9854992628097534,0.8163384795188904,-0.16916078329086304,-0.20721892638278921
75,LH,PseudoFeature,2,1.142948031425476,0.8163384795188904,-0.3266095519065857,-0.4000908447915787
75,LH-E2E,PseudoFeature,2,0.9483152031898499,0.8163384795188904,-0.13197672367095947,-0.16166912007962683
5,MLP,PseudoFeature,2,1.2872166633605957,1.309106707572937,0.02189004421234131,0.016721359752960935
5,MLP-E2E,PseudoFeature,2,0.9320772290229797,1.309106707572937,0.3770294785499573,0.2880051537196413
5,LH,PseudoFeature,2,1.2787163257598877,1.309106707572937,0.030390381813049316,0.02321459483573543
5,LH-E2E,PseudoFeature,2,1.0338588953018188,1.309106707572937,0.27524781227111816,0.21025620805306486
10,MLP,PseudoFeature,2,1.1894235610961914,0.9013084769248962,-0.28811508417129517,-0.3196631248319027
10,MLP-E2E,PseudoFeature,2,0.9453755617141724,0.9013084769248962,-0.04406708478927612,-0.04889234476039231
10,LH,PseudoFeature,2,1.180036187171936,0.9013084769248962,-0.2787277102470398,-0.30924785174328884
10,LH-E2E,PseudoFeature,2,0.9223493337631226,0.9013084769248962,-0.02104085683822632,-0.023344789688447144
20,MLP,PseudoFeature,2,0.9452002048492432,0.7587091326713562,-0.18649107217788696,-0.24580048420040274
20,MLP-E2E,PseudoFeature,2,0.6554421186447144,0.7587091326713562,0.10326701402664185,0.1361088321990361
20,LH,PseudoFeature,2,0.941694974899292,0.7587091326713562,-0.1829858422279358,-0.24118049242884002
20,LH-E2E,PseudoFeature,2,0.7295019626617432,0.7587091326713562,0.029207170009613037,0.03849587246535026
50,MLP,PseudoFeature,2,1.1189348697662354,1.0514578819274902,-0.06747698783874512,-0.06417469401156518
50,MLP-E2E,PseudoFeature,2,0.9496989250183105,1.0514578819274902,0.10175895690917969,0.09677891873580259
50,LH,PseudoFeature,2,1.1185506582260132,1.0514578819274902,-0.06709277629852295,-0.06380928561354371
50,LH-E2E,PseudoFeature,2,1.0021597146987915,1.0514578819274902,0.04929816722869873,0.04688553681135312
75,MLP,PseudoFeature,2,1.1354615688323975,0.8163384795188904,-0.3191230893135071,-0.39092006235156584
75,MLP-E2E,PseudoFeature,2,0.9837603569030762,0.8163384795188904,-0.1674218773841858,-0.205088797826676
75,LH,PseudoFeature,2,1.1424392461776733,0.8163384795188904,-0.32610076665878296,-0.3994675919858276
75,LH-E2E,PseudoFeature,2,0.9811114072799683,0.8163384795188904,-0.16477292776107788,-0.20184388203553374
5,MLP,PseudoFeature,2,1.2945711612701416,1.309106707572937,0.01453554630279541,0.011103408315540665
5,MLP-E2E,PseudoFeature,2,1.012271523475647,1.309106707572937,0.29683518409729004,0.2267463625235087
5,LH,PseudoFeature,2,1.2813223600387573,1.309106707572937,0.027784347534179688,0.0212238982303371
5,LH-E2E,PseudoFeature,2,0.9574790000915527,1.309106707572937,0.3516277074813843,0.26860125721401
10,MLP,PseudoFeature,2,1.2011244297027588,0.9013084769248962,-0.29981595277786255,-0.332645215765396
10,MLP-E2E,PseudoFeature,2,0.9606322646141052,0.9013084769248962,-0.059323787689208984,-0.06581962691797948
10,LH,PseudoFeature,2,1.188861608505249,0.9013084769248962,-0.2875531315803528,-0.31903963952656117
10,LH-E2E,PseudoFeature,2,0.9852551221847534,0.9013084769248962,-0.08394664525985718,-0.09313863944369874
20,MLP,PseudoFeature,2,0.9481419324874878,0.7587091326713562,-0.1894327998161316,-0.2496777640584783
20,MLP-E2E,PseudoFeature,2,0.6603583097457886,0.7587091326713562,0.09835082292556763,0.12962915390155116
20,LH,PseudoFeature,2,0.9617728590965271,0.7587091326713562,-0.2030637264251709,-0.26764370913817687
20,LH-E2E,PseudoFeature,2,0.6850489974021912,0.7587091326713562,0.07366013526916504,0.09708613234931468
50,MLP,PseudoFeature,2,1.1189219951629639,1.0514578819274902,-0.06746411323547363,-0.06416244948566188
50,MLP-E2E,PseudoFeature,2,0.9933396577835083,1.0514578819274902,0.058118224143981934,0.05527394405702865
50,LH,PseudoFeature,2,1.151546597480774,1.0514578819274902,-0.10008871555328369,-0.09519041825032981
50,LH-E2E,PseudoFeature,2,0.9362464547157288,1.0514578819274902,0.11521142721176147,0.10957303111424732
75,MLP,PseudoFeature,2,1.1361616849899292,0.8163384795188904,-0.3198232054710388,-0.39177769209106356
75,MLP-E2E,PseudoFeature,2,0.9745469093322754,0.8163384795188904,-0.158208429813385,-0.1938024897547709
75,LH,PseudoFeature,2,1.1703481674194336,0.8163384795188904,-0.3540096879005432,-0.43365552008424135
75,LH-E2E,PseudoFeature,2,0.9165902733802795,0.8163384795188904,-0.10025179386138916,-0.12280664990883759
5,MLP,PseudoFeature,2,1.2798947095870972,1.309106707572937,0.029211997985839844,0.02231445138647133
5,MLP-E2E,PseudoFeature,2,0.9514339566230774,1.309106707572937,0.3576727509498596,0.2732189430248808
5,LH,PseudoFeature,2,1.2961982488632202,1.309106707572937,0.012908458709716797,0.009860509181599775
5,LH-E2E,PseudoFeature,2,0.9175272583961487,1.309106707572937,0.39157944917678833,0.2991195804830688
10,MLP,PseudoFeature,2,1.1903636455535889,0.9013084769248962,-0.2890551686286926,-0.3207061467067272
10,MLP-E2E,PseudoFeature,2,0.9790460467338562,0.9013084769248962,-0.07773756980895996,-0.08624968232206878
10,LH,PseudoFeature,2,1.177062749862671,0.9013084769248962,-0.27575427293777466,-0.3059488288389332
10,LH-E2E,PseudoFeature,2,0.9100434184074402,0.9013084769248962,-0.008734941482543945,-0.009691400565038517
20,MLP,PseudoFeature,2,0.9461678266525269,0.7587091326713562,-0.18745869398117065,-0.2470758369826696
20,MLP-E2E,PseudoFeature,2,0.6530585885047913,0.7587091326713562,0.10565054416656494,0.13925039203703474
20,LH,PseudoFeature,2,0.935303807258606,0.7587091326713562,-0.17659467458724976,-0.23275675352090933
20,LH-E2E,PseudoFeature,2,0.6637045741081238,0.7587091326713562,0.09500455856323242,0.12521868325049512
50,MLP,PseudoFeature,2,1.1218990087509155,1.0514578819274902,-0.07044112682342529,-0.06699376935031906
50,MLP-E2E,PseudoFeature,2,0.9754824638366699,1.0514578819274902,0.07597541809082031,0.07225721486013803
50,LH,PseudoFeature,2,1.1075360774993896,1.0514578819274902,-0.056078195571899414,-0.053333753577555695
50,LH-E2E,PseudoFeature,2,0.946004331111908,1.0514578819274902,0.10545355081558228,0.10029270085670866
75,MLP,PseudoFeature,2,1.1409661769866943,0.8163384795188904,-0.32462769746780396,-0.397663108639842
75,MLP-E2E,PseudoFeature,2,0.9925260543823242,0.8163384795188904,-0.17618757486343384,-0.21582662006484135
75,LH,PseudoFeature,2,1.1368101835250854,0.8163384795188904,-0.32047170400619507,-0.3925720911686844
75,LH-E2E,PseudoFeature,2,0.9613374471664429,0.8163384795188904,-0.1449989676475525,-0.1776211354547537
5,MLP,PseudoFeature,2,1.3005516529083252,1.309106707572937,0.008555054664611816,0.006535032335502086
5,MLP-E2E,PseudoFeature,2,0.9824334979057312,1.309106707572937,0.3266732096672058,0.24953902365442213
5,LH,PseudoFeature,2,1.2570159435272217,1.309106707572937,0.05209076404571533,0.03979107565821795
5,LH-E2E,PseudoFeature,2,1.0118919610977173,1.309106707572937,0.2972147464752197,0.2270363025075711
10,MLP,PseudoFeature,2,1.1982139348983765,0.9013084769248962,-0.2969054579734802,-0.32941602744763776
10,MLP-E2E,PseudoFeature,2,0.9062492251396179,0.9013084769248962,-0.00494074821472168,-0.005481750522949292
10,LH,PseudoFeature,2,1.1700011491775513,0.9013084769248962,-0.26869267225265503,-0.2981139966300844
10,LH-E2E,PseudoFeature,2,0.9096861481666565,0.9013084769248962,-0.008377671241760254,-0.009295009928613313
20,MLP,PseudoFeature,2,0.9463857412338257,0.7587091326713562,-0.18767660856246948,-0.24736305453669005
20,MLP-E2E,PseudoFeature,2,0.6782586574554443,0.7587091326713562,0.08045047521591187,0.10603599159621549
20,LH,PseudoFeature,2,0.9370343685150146,0.7587091326713562,-0.17832523584365845,-0.23503768198464817
20,LH-E2E,PseudoFeature,2,0.6743853688240051,0.7587091326713562,0.08432376384735107,0.11114109507348834
50,MLP,PseudoFeature,2,1.1177737712860107,1.0514578819274902,-0.06631588935852051,-0.06307041917547176
50,MLP-E2E,PseudoFeature,2,0.9247848987579346,1.0514578819274902,0.12667298316955566,0.12047366361203538
50,LH,PseudoFeature,2,1.1212791204452515,1.0514578819274902,-0.06982123851776123,-0.0664042181031234
50,LH-E2E,PseudoFeature,2,0.9526762366294861,1.0514578819274902,0.09878164529800415,0.0939473154330458
75,MLP,PseudoFeature,2,1.1341925859451294,0.8163384795188904,-0.317854106426239,-0.3893655810682433
75,MLP-E2E,PseudoFeature,2,0.9794988036155701,0.8163384795188904,-0.1631603240966797,-0.1998684714615417
75,LH,PseudoFeature,2,1.1408838033676147,0.8163384795188904,-0.32454532384872437,-0.3975622024334751
75,LH-E2E,PseudoFeature,2,0.9636776447296143,0.8163384795188904,-0.14733916521072388,-0.18048783550857275
5,MLP,PseudoFeature,2,1.2854173183441162,1.309106707572937,0.0236893892288208,0.018095842830673864
5,MLP-E2E,PseudoFeature,2,0.9761096835136414,1.309106707572937,0.33299702405929565,0.25436965690647695
5,LH,PseudoFeature,2,1.2736316919326782,1.309106707572937,0.03547501564025879,0.027098643246606616
5,LH-E2E,PseudoFeature,2,0.9489290714263916,1.309106707572937,0.3601776361465454,0.2751323739027424
10,MLP,PseudoFeature,2,1.197763204574585,0.9013084769248962,-0.2964547276496887,-0.3289159430311134
10,MLP-E2E,PseudoFeature,2,0.9293602108955383,0.9013084769248962,-0.02805173397064209,-0.031123344214346683
10,LH,PseudoFeature,2,1.1810810565948486,0.9013084769248962,-0.2797725796699524,-0.3104071323333012
10,LH-E2E,PseudoFeature,2,0.9961228370666504,0.9013084769248962,-0.09481436014175415,-0.1051963479420984
20,MLP,PseudoFeature,2,0.950058102607727,0.7587091326713562,-0.19134896993637085,-0.25220333023097524
20,MLP-E2E,PseudoFeature,2,0.6618807315826416,0.7587091326713562,0.0968284010887146,0.1276225590534139
20,LH,PseudoFeature,2,0.9503549933433533,0.7587091326713562,-0.19164586067199707,-0.252594640580148
20,LH-E2E,PseudoFeature,2,0.6631997227668762,0.7587091326713562,0.09550940990447998,0.12588409153346913
50,MLP,PseudoFeature,2,1.1187903881072998,1.0514578819274902,-0.06733250617980957,-0.06403728322087265
50,MLP-E2E,PseudoFeature,2,0.9530211091041565,1.0514578819274902,0.09843677282333374,0.0936193208641733
50,LH,PseudoFeature,2,1.1308964490890503,1.0514578819274902,-0.07943856716156006,-0.07555087895288443
50,LH-E2E,PseudoFeature,2,0.9471858739852905,1.0514578819274902,0.10427200794219971,0.09916898216698178
75,MLP,PseudoFeature,2,1.1370947360992432,0.8163384795188904,-0.3207562565803528,-0.3929206629698391
75,MLP-E2E,PseudoFeature,2,0.9450648427009583,0.8163384795188904,-0.12872636318206787,-0.15768748676153652
75,LH,PseudoFeature,2,1.1562297344207764,0.8163384795188904,-0.339891254901886,-0.416360692812375
75,LH-E2E,PseudoFeature,2,0.9476510286331177,0.8163384795188904,-0.1313125491142273,-0.16085551815665536
5,MLP,PseudoFeature,3,1.3703758716583252,1.309106707572937,-0.061269164085388184,-0.046802268853224534
5,MLP-E2E,PseudoFeature,3,1.383224606513977,1.309106707572937,-0.07411789894104004,-0.05661715619687981
5,LH,PseudoFeature,3,1.3554667234420776,1.309106707572937,-0.046360015869140625,-0.03541347363126063
5,LH-E2E,PseudoFeature,3,1.3004289865493774,1.309106707572937,0.00867772102355957,0.006628734673316224
10,MLP,PseudoFeature,3,1.3877859115600586,0.9013084769248962,-0.48647743463516235,-0.5397457663939172
10,MLP-E2E,PseudoFeature,3,1.2544126510620117,0.9013084769248962,-0.3531041741371155,-0.3917683935935496
10,LH,PseudoFeature,3,1.3181310892105103,0.9013084769248962,-0.416822612285614,-0.4624638766382609
10,LH-E2E,PseudoFeature,3,1.186374306678772,0.9013084769248962,-0.28506582975387573,-0.31627998299369103
20,MLP,PseudoFeature,3,0.9320157766342163,0.7587091326713562,-0.1733066439628601,-0.22842303657616564
20,MLP-E2E,PseudoFeature,3,0.8382352590560913,0.7587091326713562,-0.07952612638473511,-0.10481767380963211
20,LH,PseudoFeature,3,0.9418622851371765,0.7587091326713562,-0.1831531524658203,-0.2414010120333628
20,LH-E2E,PseudoFeature,3,0.8149949908256531,0.7587091326713562,-0.056285858154296875,-0.07418634590059398
50,MLP,PseudoFeature,3,1.074139952659607,1.0514578819274902,-0.0226820707321167,-0.02157202026060886
50,MLP-E2E,PseudoFeature,3,1.057267189025879,1.0514578819274902,-0.005809307098388672,-0.005525002188142129
50,LH,PseudoFeature,3,1.0862793922424316,1.0514578819274902,-0.034821510314941406,-0.03311736105977732
50,LH-E2E,PseudoFeature,3,1.0764455795288086,1.0514578819274902,-0.02498769760131836,-0.023764810774457194
75,MLP,PseudoFeature,3,1.118882179260254,0.8163384795188904,-0.3025436997413635,-0.370610607403522
75,MLP-E2E,PseudoFeature,3,1.0663152933120728,0.8163384795188904,-0.24997681379318237,-0.30621711467099577
75,LH,PseudoFeature,3,1.1291790008544922,0.8163384795188904,-0.3128405213356018,-0.383224029228629
75,LH-E2E,PseudoFeature,3,1.0897536277770996,0.8163384795188904,-0.27341514825820923,-0.3349286541280605
5,MLP,PseudoFeature,3,1.3976672887802124,1.309106707572937,-0.08856058120727539,-0.0676496275628022
5,MLP-E2E,PseudoFeature,3,1.3792529106140137,1.309106707572937,-0.07014620304107666,-0.05358325844279463
5,LH,PseudoFeature,3,1.4032137393951416,1.309106707572937,-0.09410703182220459,-0.07188644842915634
5,LH-E2E,PseudoFeature,3,1.4325013160705566,1.309106707572937,-0.12339460849761963,-0.09425863284009237
10,MLP,PseudoFeature,3,1.3895772695541382,0.9013084769248962,-0.48826879262924194,-0.5417332745999771
10,MLP-E2E,PseudoFeature,3,1.187198281288147,0.9013084769248962,-0.28588980436325073,-0.3171941812182392
10,LH,PseudoFeature,3,1.3433903455734253,0.9013084769248962,-0.44208186864852905,-0.49048897238471956
10,LH-E2E,PseudoFeature,3,1.2359510660171509,0.9013084769248962,-0.33464258909225464,-0.37128530093713913
20,MLP,PseudoFeature,3,0.9399536848068237,0.7587091326713562,-0.18124455213546753,-0.2388854230570805
20,MLP-E2E,PseudoFeature,3,0.7999705076217651,0.7587091326713562,-0.041261374950408936,-0.054383653990206796
20,LH,PseudoFeature,3,0.9243107438087463,0.7587091326713562,-0.16560161113739014,-0.2182675863599001
20,LH-E2E,PseudoFeature,3,0.8333271145820618,0.7587091326713562,-0.07461798191070557,-0.09834860119316269
50,MLP,PseudoFeature,3,1.0746575593948364,1.0514578819274902,-0.02319967746734619,-0.02206429555201724
50,MLP-E2E,PseudoFeature,3,1.0647588968276978,1.0514578819274902,-0.01330101490020752,-0.012650069136221258
50,LH,PseudoFeature,3,1.0765546560287476,1.0514578819274902,-0.025096774101257324,-0.02386854911891566
50,LH-E2E,PseudoFeature,3,1.080832600593567,1.0514578819274902,-0.02937471866607666,-0.02793713297600481
75,MLP,PseudoFeature,3,1.118655800819397,0.8163384795188904,-0.3023173213005066,-0.3703332978725657
75,MLP-E2E,PseudoFeature,3,1.0940920114517212,0.8163384795188904,-0.2777535319328308,-0.34024309633979893
75,LH,PseudoFeature,3,1.1204769611358643,0.8163384795188904,-0.3041384816169739,-0.37256418660580365
75,LH-E2E,PseudoFeature,3,1.121528148651123,0.8163384795188904,-0.30518966913223267,-0.37385187246360896
5,MLP,PseudoFeature,3,1.4327038526535034,1.309106707572937,-0.1235971450805664,-0.09441334641827138
5,MLP-E2E,PseudoFeature,3,1.38346529006958,1.309106707572937,-0.07435858249664307,-0.056801009471949535
5,LH,PseudoFeature,3,1.3760485649108887,1.309106707572937,-0.06694185733795166,-0.05113552390397632
5,LH-E2E,PseudoFeature,3,1.2523633241653442,1.309106707572937,0.05674338340759277,0.04334511700180202
10,MLP,PseudoFeature,3,1.3772414922714233,0.9013084769248962,-0.4759330153465271,-0.5280467537266771
10,MLP-E2E,PseudoFeature,3,1.3047313690185547,0.9013084769248962,-0.40342289209365845,-0.4475969131790099
10,LH,PseudoFeature,3,1.349609613418579,0.9013084769248962,-0.44830113649368286,-0.49738923794792916
10,LH-E2E,PseudoFeature,3,1.1853876113891602,0.9013084769248962,-0.2840791344642639,-0.3151852464912915
20,MLP,PseudoFeature,3,0.9510447382926941,0.7587091326713562,-0.1923356056213379,-0.2535037438446788
20,MLP-E2E,PseudoFeature,3,0.799435019493103,0.7587091326713562,-0.040725886821746826,-0.05367786555877366
20,LH,PseudoFeature,3,0.9357962608337402,0.7587091326713562,-0.17708712816238403,-0.23340582119905945
20,LH-E2E,PseudoFeature,3,0.7875558733940125,0.7587091326713562,-0.02884674072265625,-0.03802081651645487
50,MLP,PseudoFeature,3,1.0783143043518066,1.0514578819274902,-0.026856422424316406,-0.025542081034272426
50,MLP-E2E,PseudoFeature,3,1.0713188648223877,1.0514578819274902,-0.01986098289489746,-0.018888995209669367
50,LH,PseudoFeature,3,1.082197904586792,1.0514578819274902,-0.030740022659301758,-0.02923561959795326
50,LH-E2E,PseudoFeature,3,1.0401437282562256,1.0514578819274902,0.011314153671264648,0.010760444013719311
75,MLP,PseudoFeature,3,1.1250841617584229,0.8163384795188904,-0.30874568223953247,-0.378207924758725
75,MLP-E2E,PseudoFeature,3,1.0826573371887207,0.8163384795188904,-0.2663188576698303,-0.3262358253978001
75,LH,PseudoFeature,3,1.1260262727737427,0.8163384795188904,-0.3096877932548523,-0.37936199385990843
75,LH-E2E,PseudoFeature,3,1.0524942874908447,0.8163384795188904,-0.23615580797195435,-0.28928663035844265
5,MLP,PseudoFeature,3,1.4000577926635742,1.309106707572937,-0.09095108509063721,-0.06947568488076811
5,MLP-E2E,PseudoFeature,3,1.347663402557373,1.309106707572937,-0.038556694984436035,-0.029452675447610786
5,LH,PseudoFeature,3,1.3751658201217651,1.309106707572937,-0.06605911254882812,-0.0504612131056151
5,LH-E2E,PseudoFeature,3,1.2671971321105957,1.309106707572937,0.04190957546234131,0.032013872681197236
10,MLP,PseudoFeature,3,1.354241967201233,0.9013084769248962,-0.45293349027633667,-0.502528825449046
10,MLP-E2E,PseudoFeature,3,1.2570466995239258,0.9013084769248962,-0.35573822259902954,-0.3946908652326725
10,LH,PseudoFeature,3,1.35892653465271,0.9013084769248962,-0.4576180577278137,-0.5077263439140447
10,LH-E2E,PseudoFeature,3,1.2247081995010376,0.9013084769248962,-0.32339972257614136,-0.3588113624311218
20,MLP,PseudoFeature,3,0.9408455491065979,0.7587091326713562,-0.1821364164352417,-0.24006092531660117
20,MLP-E2E,PseudoFeature,3,0.7943757772445679,0.7587091326713562,-0.03566664457321167,-0.047009641821012714
20,LH,PseudoFeature,3,0.9310250878334045,0.7587091326713562,-0.17231595516204834,-0.22711728084165428
20,LH-E2E,PseudoFeature,3,0.8249961733818054,0.7587091326713562,-0.06628704071044922,-0.08736818611508955
50,MLP,PseudoFeature,3,1.076460599899292,1.0514578819274902,-0.025002717971801758,-0.023779096054677703
50,MLP-E2E,PseudoFeature,3,1.0503369569778442,1.0514578819274902,0.001120924949645996,0.001066067380265543
50,LH,PseudoFeature,3,1.0825947523117065,1.0514578819274902,-0.03113687038421631,-0.029613045771398328
50,LH-E2E,PseudoFeature,3,1.0448577404022217,1.0514578819274902,0.006600141525268555,0.006277133529275981
75,MLP,PseudoFeature,3,1.12296462059021,0.8163384795188904,-0.3066261410713196,-0.37561152483223614
75,MLP-E2E,PseudoFeature,3,1.0874528884887695,0.8163384795188904,-0.27111440896987915,-0.33211028975341284
75,LH,PseudoFeature,3,1.126386046409607,0.8163384795188904,-0.31004756689071655,-0.3798027101128974
75,LH-E2E,PseudoFeature,3,1.0955443382263184,0.8163384795188904,-0.279205858707428,-0.34202217059764
5,MLP,PseudoFeature,3,1.3799349069595337,1.309106707572937,-0.07082819938659668,-0.054104221586268576
5,MLP-E2E,PseudoFeature,3,1.3503044843673706,1.309106707572937,-0.041197776794433594,-0.03147014414952744
5,LH,PseudoFeature,3,1.375359058380127,1.309106707572937,-0.06625235080718994,-0.050608823882677026
5,LH-E2E,PseudoFeature,3,1.3177226781845093,1.309106707572937,-0.008615970611572266,-0.0065815647889744125
10,MLP,PseudoFeature,3,1.3739062547683716,0.9013084769248962,-0.47259777784347534,-0.5243463142118608
10,MLP-E2E,PseudoFeature,3,1.1998724937438965,0.9013084769248962,-0.29856401681900024,-0.3312561952569751
10,LH,PseudoFeature,3,1.3514279127120972,0.9013084769248962,-0.4501194357872009,-0.49940663747325237
10,LH-E2E,PseudoFeature,3,1.2410348653793335,0.9013084769248962,-0.33972638845443726,-0.37692576642962805
20,MLP,PseudoFeature,3,0.9452792406082153,0.7587091326713562,-0.18657010793685913,-0.24590465555615523
20,MLP-E2E,PseudoFeature,3,0.8510233163833618,0.7587091326713562,-0.09231418371200562,-0.12167269344310448
20,LH,PseudoFeature,3,0.9315600991249084,0.7587091326713562,-0.17285096645355225,-0.22782244078828648
20,LH-E2E,PseudoFeature,3,0.8162103891372681,0.7587091326713562,-0.057501256465911865,-0.07578827509753888
50,MLP,PseudoFeature,3,1.0724987983703613,1.0514578819274902,-0.021040916442871094,-0.020011183333658342
50,MLP-E2E,PseudoFeature,3,1.0479562282562256,1.0514578819274902,0.0035016536712646484,0.0033302842952164266
50,LH,PseudoFeature,3,1.075407862663269,1.0514578819274902,-0.02394998073577881,-0.022777879311603685
50,LH-E2E,PseudoFeature,3,1.083812952041626,1.0514578819274902,-0.03235507011413574,-0.030771627347377654
75,MLP,PseudoFeature,3,1.1166568994522095,0.8163384795188904,-0.3003184199333191,-0.36788467953919307
75,MLP-E2E,PseudoFeature,3,1.078019618988037,0.8163384795188904,-0.26168113946914673,-0.320554703758873
75,LH,PseudoFeature,3,1.1230342388153076,0.8163384795188904,-0.30669575929641724,-0.3756968059096866
75,LH-E2E,PseudoFeature,3,1.0530353784561157,0.8163384795188904,-0.23669689893722534,-0.2899494570888326
5,MLP,PseudoFeature,3,1.436686635017395,1.309106707572937,-0.127579927444458,-0.09745571289676543
5,MLP-E2E,PseudoFeature,3,1.4423422813415527,1.309106707572937,-0.13323557376861572,-0.1017759461454692
5,LH,PseudoFeature,3,1.3847408294677734,1.309106707572937,-0.07563412189483643,-0.05777536808673212
5,LH-E2E,PseudoFeature,3,1.3065615892410278,1.309106707572937,0.0025451183319091797,0.001944164151926002
10,MLP,PseudoFeature,3,1.3304108381271362,0.9013084769248962,-0.42910236120224,-0.4760882341484912
10,MLP-E2E,PseudoFeature,3,1.218597173690796,0.9013084769248962,-0.31728869676589966,-0.3520311911948638
10,LH,PseudoFeature,3,1.3368111848831177,0.9013084769248962,-0.43550270795822144,-0.4831894064106431
10,LH-E2E,PseudoFeature,3,1.2062122821807861,0.9013084769248962,-0.3049038052558899,-0.33829017818202184
20,MLP,PseudoFeature,3,0.9418803453445435,0.7587091326713562,-0.18317121267318726,-0.24142481589519765
20,MLP-E2E,PseudoFeature,3,0.7995609045028687,0.7587091326713562,-0.04085177183151245,-0.053843785546216535
20,LH,PseudoFeature,3,0.939064621925354,0.7587091326713562,-0.1803554892539978,-0.2377136131457652
20,LH-E2E,PseudoFeature,3,0.7731491327285767,0.7587091326713562,-0.014440000057220459,-0.01903232666565952
50,MLP,PseudoFeature,3,1.0771836042404175,1.0514578819274902,-0.025725722312927246,-0.02446671688433957
50,MLP-E2E,PseudoFeature,3,1.066460132598877,1.0514578819274902,-0.015002250671386719,-0.014268047184053818
50,LH,PseudoFeature,3,1.0817127227783203,1.0514578819274902,-0.030254840850830078,-0.028774182371782808
50,LH-E2E,PseudoFeature,3,1.0846394300460815,1.0514578819274902,-0.03318154811859131,-0.03155765788522526
75,MLP,PseudoFeature,3,1.126072883605957,0.8163384795188904,-0.30973440408706665,-0.37941909129361245
75,MLP-E2E,PseudoFeature,3,1.0740635395050049,0.8163384795188904,-0.2577250599861145,-0.3157085773269011
75,LH,PseudoFeature,3,1.1217529773712158,0.8163384795188904,-0.30541449785232544,-0.3741272836144165
75,LH-E2E,PseudoFeature,3,1.1250156164169312,0.8163384795188904,-0.30867713689804077,-0.3781239579444544
5,MLP,PseudoFeature,3,1.3890669345855713,1.309106707572937,-0.07996022701263428,-0.06107999183724241
5,MLP-E2E,PseudoFeature,3,1.291631817817688,1.309106707572937,0.017474889755249023,0.013348713022521434
5,LH,PseudoFeature,3,1.361588478088379,1.309106707572937,-0.052481770515441895,-0.04008975755134756
5,LH-E2E,PseudoFeature,3,1.2458800077438354,1.309106707572937,0.06322669982910156,0.04829759061148106
10,MLP,PseudoFeature,3,1.3746670484542847,0.9013084769248962,-0.4733585715293884,-0.5251904133248624
10,MLP-E2E,PseudoFeature,3,1.233953833580017,0.9013084769248962,-0.33264535665512085,-0.3690693754374168
10,LH,PseudoFeature,3,1.335329532623291,0.9013084769248962,-0.4340210556983948,-0.4815455161136365
10,LH-E2E,PseudoFeature,3,1.1989076137542725,0.9013084769248962,-0.2975991368293762,-0.33018566278743033
20,MLP,PseudoFeature,3,0.9457671046257019,0.7587091326713562,-0.1870579719543457,-0.2465476740680965
20,MLP-E2E,PseudoFeature,3,0.8068206906318665,0.7587091326713562,-0.048111557960510254,-0.06341238807962306
20,LH,PseudoFeature,3,0.9317784309387207,0.7587091326713562,-0.1730692982673645,-0.2281102082665077
20,LH-E2E,PseudoFeature,3,0.8688563108444214,0.7587091326713562,-0.11014717817306519,-0.1451770822703102
50,MLP,PseudoFeature,3,1.0766689777374268,1.0514578819274902,-0.025211095809936523,-0.023977275973927323
50,MLP-E2E,PseudoFeature,3,1.06123685836792,1.0514578819274902,-0.009778976440429688,-0.009300397674991282
50,LH,PseudoFeature,3,1.0773260593414307,1.0514578819274902,-0.02586817741394043,-0.024602200295954727
50,LH-E2E,PseudoFeature,3,1.095863699913025,1.0514578819274902,-0.04440581798553467,-0.0422326169681012
75,MLP,PseudoFeature,3,1.1207263469696045,0.8163384795188904,-0.3043878674507141,-0.3728696797805064
75,MLP-E2E,PseudoFeature,3,1.0922536849975586,0.8163384795188904,-0.2759152054786682,-0.3379911793956828
75,LH,PseudoFeature,3,1.1216721534729004,0.8163384795188904,-0.30533367395401,-0.3740282757881983
75,LH-E2E,PseudoFeature,3,1.0898360013961792,0.8163384795188904,-0.2734975218772888,-0.33502956033442743
5,MLP,PseudoFeature,3,1.4653301239013672,1.309106707572937,-0.15622341632843018,-0.11933589173801264
5,MLP-E2E,PseudoFeature,3,1.3812049627304077,1.309106707572937,-0.0720982551574707,-0.055074391369623124
5,LH,PseudoFeature,3,1.3899890184402466,1.309106707572937,-0.08088231086730957,-0.061784352948022155
5,LH-E2E,PseudoFeature,3,1.3561080694198608,1.309106707572937,-0.04700136184692383,-0.03590338478523543
10,MLP,PseudoFeature,3,1.4090478420257568,0.9013084769248962,-0.5077393651008606,-0.5633358368415403
10,MLP-E2E,PseudoFeature,3,1.1409426927566528,0.9013084769248962,-0.2396342158317566,-0.2658736958176026
10,LH,PseudoFeature,3,1.315693736076355,0.9013084769248962,-0.41438525915145874,-0.45975963808225495
10,LH-E2E,PseudoFeature,3,1.2268309593200684,0.9013084769248962,-0.3255224823951721,-0.3611665603166152
20,MLP,PseudoFeature,3,0.9352790713310242,0.7587091326713562,-0.17656993865966797,-0.2327241508718616
20,MLP-E2E,PseudoFeature,3,0.790455162525177,0.7587091326713562,-0.0317460298538208,-0.041842161227248556
20,LH,PseudoFeature,3,0.9371103644371033,0.7587091326713562,-0.17840123176574707,-0.2351378467497948
20,LH-E2E,PseudoFeature,3,0.819815993309021,0.7587091326713562,-0.061106860637664795,-0.08054056291969527
50,MLP,PseudoFeature,3,1.0777841806411743,1.0514578819274902,-0.026326298713684082,-0.02503790134268029
50,MLP-E2E,PseudoFeature,3,1.060484766960144,1.0514578819274902,-0.009026885032653809,-0.008585113286807158
50,LH,PseudoFeature,3,1.0857990980148315,1.0514578819274902,-0.03434121608734131,-0.03266057221844053
50,LH-E2E,PseudoFeature,3,1.0664578676223755,1.0514578819274902,-0.014999985694885254,-0.014265893054496756
75,MLP,PseudoFeature,3,1.1203199625015259,0.8163384795188904,-0.3039814829826355,-0.3723718660938134
75,MLP-E2E,PseudoFeature,3,1.07240629196167,0.8163384795188904,-0.25606781244277954,-0.3136784788017016
75,LH,PseudoFeature,3,1.13058340549469,0.8163384795188904,-0.31424492597579956,-0.3849443997311017
75,LH-E2E,PseudoFeature,3,1.0693665742874146,0.8163384795188904,-0.25302809476852417,-0.30995487915459585
5,MLP,PseudoFeature,3,1.3915380239486694,1.309106707572937,-0.08243131637573242,-0.06296760676488991
5,MLP-E2E,PseudoFeature,3,1.2833170890808105,1.309106707572937,0.025789618492126465,0.019700165267612146
5,LH,PseudoFeature,3,1.3691824674606323,1.309106707572937,-0.06007575988769531,-0.04589065164830972
5,LH-E2E,PseudoFeature,3,1.3765615224838257,1.309106707572937,-0.06745481491088867,-0.05152736176560337
10,MLP,PseudoFeature,3,1.374325156211853,0.9013084769248962,-0.4730166792869568,-0.5248110845476627
10,MLP-E2E,PseudoFeature,3,1.1685564517974854,0.9013084769248962,-0.2672479748725891,-0.29651110770020883
10,LH,PseudoFeature,3,1.3539952039718628,0.9013084769248962,-0.45268672704696655,-0.5022550421265901
10,LH-E2E,PseudoFeature,3,1.226353645324707,0.9013084769248962,-0.3250451683998108,-0.36063698136825134
20,MLP,PseudoFeature,3,0.9460041522979736,0.7587091326713562,-0.18729501962661743,-0.24686010957475382
20,MLP-E2E,PseudoFeature,3,0.7987856864929199,0.7587091326713562,-0.04007655382156372,-0.05282202638112088
20,LH,PseudoFeature,3,0.9236839413642883,0.7587091326713562,-0.16497480869293213,-0.21744144308909077
20,LH-E2E,PseudoFeature,3,0.8325655460357666,0.7587091326713562,-0.0738564133644104,-0.09734483240549337
50,MLP,PseudoFeature,3,1.0774697065353394,1.0514578819274902,-0.02601182460784912,-0.024738817459968337
50,MLP-E2E,PseudoFeature,3,1.0629805326461792,1.0514578819274902,-0.011522650718688965,-0.010958737308208776
50,LH,PseudoFeature,3,1.079132080078125,1.0514578819274902,-0.027674198150634766,-0.026319835179611322
50,LH-E2E,PseudoFeature,3,1.074028491973877,1.0514578819274902,-0.02257061004638672,-0.021466014411353488
75,MLP,PseudoFeature,3,1.1213452816009521,0.8163384795188904,-0.30500680208206177,-0.37362786360605926
75,MLP-E2E,PseudoFeature,3,1.0745731592178345,0.8163384795188904,-0.2582346796989441,-0.3163328523373477
75,LH,PseudoFeature,3,1.1239585876464844,0.8163384795188904,-0.307620108127594,-0.3768291166537808
75,LH-E2E,PseudoFeature,3,1.0347583293914795,0.8163384795188904,-0.2184198498725891,-0.26756039970248
5,MLP,PseudoFeature,3,1.445955753326416,1.309106707572937,-0.136849045753479,-0.1045362039334402
5,MLP-E2E,PseudoFeature,3,1.4089157581329346,1.309106707572937,-0.09980905055999756,-0.07624210462189285
5,LH,PseudoFeature,3,1.3780518770217896,1.309106707572937,-0.06894516944885254,-0.05266581329850168
5,LH-E2E,PseudoFeature,3,1.3673139810562134,1.309106707572937,-0.05820727348327637,-0.0444633528699824
10,MLP,PseudoFeature,3,1.3877781629562378,0.9013084769248962,-0.48646968603134155,-0.5397371693330671
10,MLP-E2E,PseudoFeature,3,1.2512093782424927,0.9013084769248962,-0.34990090131759644,-0.38821436863813363
10,LH,PseudoFeature,3,1.3560994863510132,0.9013084769248962,-0.45479100942611694,-0.5045897393285179
10,LH-E2E,PseudoFeature,3,1.3193225860595703,0.9013084769248962,-0.4180141091346741,-0.4637858400720513
20,MLP,PseudoFeature,3,0.9449757933616638,0.7587091326713562,-0.18626666069030762,-0.2455047035409698
20,MLP-E2E,PseudoFeature,3,0.8269453644752502,0.7587091326713562,-0.06823623180389404,-0.08993727486005018
20,LH,PseudoFeature,3,0.9417839646339417,0.7587091326713562,-0.18307483196258545,-0.2412977834048117
20,LH-E2E,PseudoFeature,3,0.7986078858375549,0.7587091326713562,-0.03989875316619873,-0.05258768011097784
50,MLP,PseudoFeature,3,1.074662685394287,1.0514578819274902,-0.023204803466796875,-0.022069170687330587
50,MLP-E2E,PseudoFeature,3,1.0610145330429077,1.0514578819274902,-0.00955665111541748,-0.00908895285267976
50,LH,PseudoFeature,3,1.0792471170425415,1.0514578819274902,-0.02778923511505127,-0.026429242286062055
50,LH-E2E,PseudoFeature,3,1.083058476448059,1.0514578819274902,-0.03160059452056885,-0.030054075454396624
75,MLP,PseudoFeature,3,1.1163973808288574,0.8163384795188904,-0.30005890130996704,-0.36756677387890246
75,MLP-E2E,PseudoFeature,3,1.1134064197540283,0.8163384795188904,-0.29706794023513794,-0.3639029001918605
75,LH,PseudoFeature,3,1.1235984563827515,0.8163384795188904,-0.3072599768638611,-0.3763879623130652
75,LH-E2E,PseudoFeature,3,1.1022253036499023,0.8163384795188904,-0.28588682413101196,-0.35020623344804175
5,MLP,PseudoFeature,4,1.302936315536499,1.309106707572937,0.006170392036437988,0.004713437033622566
5,MLP-E2E,PseudoFeature,4,1.0053640604019165,1.309106707572937,0.3037426471710205,0.23202283313799113
5,LH,PseudoFeature,4,1.2867063283920288,1.309106707572937,0.022400379180908203,0.017111194260426753
5,LH-E2E,PseudoFeature,4,1.1727206707000732,1.309106707572937,0.13638603687286377,0.10418252086242939
10,MLP,PseudoFeature,4,1.2545896768569946,0.9013084769248962,-0.3532811999320984,-0.3919648033683549
10,MLP-E2E,PseudoFeature,4,0.9754490852355957,0.9013084769248962,-0.07414060831069946,-0.0822588605442323
10,LH,PseudoFeature,4,1.2355040311813354,0.9013084769248962,-0.3341955542564392,-0.37078931665732784
10,LH-E2E,PseudoFeature,4,1.0247364044189453,0.9013084769248962,-0.12342792749404907,-0.13694304519931194
20,MLP,PseudoFeature,4,0.9688905477523804,0.7587091326713562,-0.21018141508102417,-0.2770250232009092
20,MLP-E2E,PseudoFeature,4,0.881609320640564,0.7587091326713562,-0.12290018796920776,-0.16198590827091497
20,LH,PseudoFeature,4,0.9541538953781128,0.7587091326713562,-0.1954447627067566,-0.25760170042847735
20,LH-E2E,PseudoFeature,4,0.8460809588432312,0.7587091326713562,-0.087371826171875,-0.11515852704216906
50,MLP,PseudoFeature,4,1.1044230461120605,1.0514578819274902,-0.05296516418457031,-0.05037307256423501
50,MLP-E2E,PseudoFeature,4,0.9409720301628113,1.0514578819274902,0.11048585176467896,0.105078723231539
50,LH,PseudoFeature,4,1.1089402437210083,1.0514578819274902,-0.057482361793518066,-0.054669200527693716
50,LH-E2E,PseudoFeature,4,0.9305915236473083,1.0514578819274902,0.12086635828018188,0.11495121236678976
75,MLP,PseudoFeature,4,1.1216050386428833,0.8163384795188904,-0.3052665591239929,-0.3739460613248342
75,MLP-E2E,PseudoFeature,4,0.9824314117431641,0.8163384795188904,-0.16609293222427368,-0.203460863834522
75,LH,PseudoFeature,4,1.1215263605117798,0.8163384795188904,-0.3051878809928894,-0.3738496820249758
75,LH-E2E,PseudoFeature,4,0.9377058744430542,0.8163384795188904,-0.12136739492416382,-0.14867288259606698
5,MLP,PseudoFeature,4,1.2851696014404297,1.309106707572937,0.023937106132507324,0.018285068737357812
5,MLP-E2E,PseudoFeature,4,1.1097491979599,1.309106707572937,0.1993575096130371,0.15228514868940116
5,LH,PseudoFeature,4,1.2938268184661865,1.309106707572937,0.015279889106750488,0.011671996651120335
5,LH-E2E,PseudoFeature,4,1.2194187641143799,1.309106707572937,0.08968794345855713,0.06851079666747499
10,MLP,PseudoFeature,4,1.2338007688522339,0.9013084769248962,-0.33249229192733765,-0.3688995504200094
10,MLP-E2E,PseudoFeature,4,1.0225286483764648,0.9013084769248962,-0.1212201714515686,-0.1344935441694171
10,LH,PseudoFeature,4,1.2226520776748657,0.9013084769248962,-0.3213436007499695,-0.356530099268939
10,LH-E2E,PseudoFeature,4,1.0613292455673218,0.9013084769248962,-0.16002076864242554,-0.17754273119497097
20,MLP,PseudoFeature,4,0.9534327387809753,0.7587091326713562,-0.19472360610961914,-0.256651195727686
20,MLP-E2E,PseudoFeature,4,0.8480105996131897,0.7587091326713562,-0.0893014669418335,-0.11770184791029197
20,LH,PseudoFeature,4,0.9492952823638916,0.7587091326713562,-0.1905861496925354,-0.2511979116707035
20,LH-E2E,PseudoFeature,4,0.8090142607688904,0.7587091326713562,-0.05030512809753418,-0.06630357528505518
50,MLP,PseudoFeature,4,1.104876160621643,1.0514578819274902,-0.05341827869415283,-0.05080401185088707
50,MLP-E2E,PseudoFeature,4,0.9421858787536621,1.0514578819274902,0.10927200317382812,0.10392427985181403
50,LH,PseudoFeature,4,1.1062463521957397,1.0514578819274902,-0.05478847026824951,-0.05210714685766918
50,LH-E2E,PseudoFeature,4,0.9230448603630066,1.0514578819274902,0.12841302156448364,0.12212854530043758
75,MLP,PseudoFeature,4,1.1241986751556396,0.8163384795188904,-0.30786019563674927,-0.3771232195475912
75,MLP-E2E,PseudoFeature,4,0.9487422704696655,0.8163384795188904,-0.13240379095077515,-0.16219226983984317
75,LH,PseudoFeature,4,1.1182018518447876,0.8163384795188904,-0.3018633723258972,-0.36977721851823103
75,LH-E2E,PseudoFeature,4,0.9358328580856323,0.8163384795188904,-0.11949437856674194,-0.1463784711424678
5,MLP,PseudoFeature,4,1.2915350198745728,1.309106707572937,0.017571687698364258,0.013422655003381571
5,MLP-E2E,PseudoFeature,4,1.0984852313995361,1.309106707572937,0.21062147617340088,0.16088946375035365
5,LH,PseudoFeature,4,1.288765788078308,1.309106707572937,0.020340919494628906,0.015538014874540401
5,LH-E2E,PseudoFeature,4,1.2408099174499512,1.309106707572937,0.06829679012298584,0.052170529512912664
10,MLP,PseudoFeature,4,1.2549039125442505,0.9013084769248962,-0.35359543561935425,-0.39231344725144357
10,MLP-E2E,PseudoFeature,4,0.9509619474411011,0.9013084769248962,-0.049653470516204834,-0.05509042884586376
10,LH,PseudoFeature,4,1.2246085405349731,0.9013084769248962,-0.3233000636100769,-0.3587007910023426
10,LH-E2E,PseudoFeature,4,0.9836767911911011,0.9013084769248962,-0.08236831426620483,-0.09138748427977825
20,MLP,PseudoFeature,4,0.9586551189422607,0.7587091326713562,-0.19994598627090454,-0.2635344398279617
20,MLP-E2E,PseudoFeature,4,0.8223792910575867,0.7587091326713562,-0.06367015838623047,-0.08391906152764073
20,LH,PseudoFeature,4,0.9512637853622437,0.7587091326713562,-0.19255465269088745,-0.25379245405010137
20,LH-E2E,PseudoFeature,4,0.824246346950531,0.7587091326713562,-0.0655372142791748,-0.08637989376564288
50,MLP,PseudoFeature,4,1.10542893409729,1.0514578819274902,-0.053971052169799805,-0.05132973283804982
50,MLP-E2E,PseudoFeature,4,0.9457179307937622,1.0514578819274902,0.10573995113372803,0.10056508487043704
50,LH,PseudoFeature,4,1.1016037464141846,1.0514578819274902,-0.050145864486694336,-0.04769174814189319
50,LH-E2E,PseudoFeature,4,0.9255643486976624,1.0514578819274902,0.12589353322982788,0.11973235960630675
75,MLP,PseudoFeature,4,1.1225917339324951,0.8163384795188904,-0.30625325441360474,-0.3751547453626041
75,MLP-E2E,PseudoFeature,4,0.9485734701156616,0.8163384795188904,-0.13223499059677124,-0.1619854924328742
75,LH,PseudoFeature,4,1.1217365264892578,0.8163384795188904,-0.30539804697036743,-0.37410713157899156
75,LH-E2E,PseudoFeature,4,0.9434412717819214,0.8163384795188904,-0.127102792263031,-0.15569864149726118
5,MLP,PseudoFeature,4,1.2812069654464722,1.309106707572937,0.027899742126464844,0.021312045813431452
5,MLP-E2E,PseudoFeature,4,1.0719374418258667,1.309106707572937,0.2371692657470703,0.18116878049366836
5,LH,PseudoFeature,4,1.2849024534225464,1.309106707572937,0.024204254150390625,0.018489137677145454
5,LH-E2E,PseudoFeature,4,1.050289511680603,1.309106707572937,0.258817195892334,0.19770519423292615
10,MLP,PseudoFeature,4,1.2485418319702148,0.9013084769248962,-0.3472333550453186,-0.38525473124364357
10,MLP-E2E,PseudoFeature,4,1.0111358165740967,0.9013084769248962,-0.10982733964920044,-0.12185321947033244
10,LH,PseudoFeature,4,1.2003201246261597,0.9013084769248962,-0.2990116477012634,-0.33175284084915946
10,LH-E2E,PseudoFeature,4,1.082365870475769,0.9013084769248962,-0.1810573935508728,-0.20088282556556922
20,MLP,PseudoFeature,4,0.9688776731491089,0.7587091326713562,-0.21016854047775269,-0.2770080541112844
20,MLP-E2E,PseudoFeature,4,0.8465641736984253,0.7587091326713562,-0.08785504102706909,-0.11579541782730134
20,LH,PseudoFeature,4,0.9462653994560242,0.7587091326713562,-0.18755626678466797,-0.24720444068505787
20,LH-E2E,PseudoFeature,4,0.8647457361221313,0.7587091326713562,-0.10603660345077515,-0.13975922904397955
50,MLP,PseudoFeature,4,1.1050177812576294,1.0514578819274902,-0.05355989933013916,-0.050938701635823314
50,MLP-E2E,PseudoFeature,4,0.93436598777771,1.0514578819274902,0.11709189414978027,0.11136146883518733
50,LH,PseudoFeature,4,1.103372573852539,1.0514578819274902,-0.05191469192504883,-0.04937400995071805
50,LH-E2E,PseudoFeature,4,0.9360408186912537,1.0514578819274902,0.11541706323623657,0.1097686034029805
75,MLP,PseudoFeature,4,1.1236401796340942,0.8163384795188904,-0.30730170011520386,-0.37643907254783865
75,MLP-E2E,PseudoFeature,4,0.9362524151802063,0.8163384795188904,-0.11991393566131592,-0.14689242106042494
75,LH,PseudoFeature,4,1.1201117038726807,0.8163384795188904,-0.3037732243537903,-0.37211675300767305
75,LH-E2E,PseudoFeature,4,0.905258059501648,0.8163384795188904,-0.08891957998275757,-0.10892489110051799
5,MLP,PseudoFeature,4,1.2962400913238525,1.309106707572937,0.012866616249084473,0.009828546576572795
5,MLP-E2E,PseudoFeature,4,1.0486465692520142,1.309106707572937,0.26046013832092285,0.19896020455338725
5,LH,PseudoFeature,4,1.2953096628189087,1.309106707572937,0.01379704475402832,0.010539281996047383
5,LH-E2E,PseudoFeature,4,1.0353565216064453,1.309106707572937,0.2737501859664917,0.20911220176544676
10,MLP,PseudoFeature,4,1.2526863813400269,0.9013084769248962,-0.3513779044151306,-0.3898531006986302
10,MLP-E2E,PseudoFeature,4,1.0365815162658691,0.9013084769248962,-0.1352730393409729,-0.15008517372709107
10,LH,PseudoFeature,4,1.2091742753982544,0.9013084769248962,-0.30786579847335815,-0.34157650388881433
10,LH-E2E,PseudoFeature,4,1.003406047821045,0.9013084769248962,-0.10209757089614868,-0.11327705609125899
20,MLP,PseudoFeature,4,0.9659153819084167,0.7587091326713562,-0.20720624923706055,-0.27310367084616916
20,MLP-E2E,PseudoFeature,4,0.8073462843894958,0.7587091326713562,-0.04863715171813965,-0.0641051354514371
20,LH,PseudoFeature,4,0.9566483497619629,0.7587091326713562,-0.1979392170906067,-0.26088946154329
20,LH-E2E,PseudoFeature,4,0.8321648240089417,0.7587091326713562,-0.07345569133758545,-0.09681666949092024
50,MLP,PseudoFeature,4,1.1050950288772583,1.0514578819274902,-0.053637146949768066,-0.051012168791243075
50,MLP-E2E,PseudoFeature,4,0.9415621757507324,1.0514578819274902,0.10989570617675781,0.10451745910668474
50,LH,PseudoFeature,4,1.104153037071228,1.0514578819274902,-0.05269515514373779,-0.05011627764598536
50,LH-E2E,PseudoFeature,4,0.921114981174469,1.0514578819274902,0.13034290075302124,0.12396397705829347
75,MLP,PseudoFeature,4,1.1222236156463623,0.8163384795188904,-0.3058851361274719,-0.3747038070626605
75,MLP-E2E,PseudoFeature,4,0.9490216970443726,0.8163384795188904,-0.13268321752548218,-0.16253456238358274
75,LH,PseudoFeature,4,1.1198738813400269,0.8163384795188904,-0.3035354018211365,-0.3718254246694646
75,LH-E2E,PseudoFeature,4,0.9223629832267761,0.8163384795188904,-0.10602450370788574,-0.12987811596284343
5,MLP,PseudoFeature,4,1.2960792779922485,1.309106707572937,0.013027429580688477,0.009951388611277628
5,MLP-E2E,PseudoFeature,4,1.0945173501968384,1.309106707572937,0.21458935737609863,0.16392044753474977
5,LH,PseudoFeature,4,1.2934297323226929,1.309106707572937,0.01567697525024414,0.011975322683441904
5,LH-E2E,PseudoFeature,4,0.9973307251930237,1.309106707572937,0.31177598237991333,0.23815933458773658
10,MLP,PseudoFeature,4,1.2566627264022827,0.9013084769248962,-0.3553542494773865,-0.3942648478019332
10,MLP-E2E,PseudoFeature,4,0.9963868260383606,0.9013084769248962,-0.09507834911346436,-0.1054892431921363
10,LH,PseudoFeature,4,1.214713454246521,0.9013084769248962,-0.31340497732162476,-0.34772221203433773
10,LH-E2E,PseudoFeature,4,0.9635213613510132,0.9013084769248962,-0.06221288442611694,-0.06902507412154406
20,MLP,PseudoFeature,4,0.9653462171554565,0.7587091326713562,-0.20663708448410034,-0.272353495675671
20,MLP-E2E,PseudoFeature,4,0.802980363368988,0.7587091326713562,-0.044271230697631836,-0.058350728614213795
20,LH,PseudoFeature,4,0.9507402777671814,0.7587091326713562,-0.1920311450958252,-0.2531024562992914
20,LH-E2E,PseudoFeature,4,0.8305675387382507,0.7587091326713562,-0.07185840606689453,-0.09471140252903855
50,MLP,PseudoFeature,4,1.1044718027114868,1.0514578819274902,-0.05301392078399658,-0.05041944303733174
50,MLP-E2E,PseudoFeature,4,0.9595810174942017,1.0514578819274902,0.09187686443328857,0.0873804514783451
50,LH,PseudoFeature,4,1.1078251600265503,1.0514578819274902,-0.05636727809906006,-0.0536086885341806
50,LH-E2E,PseudoFeature,4,0.9310165047645569,1.0514578819274902,0.12044137716293335,0.1145470296367412
75,MLP,PseudoFeature,4,1.1209526062011719,0.8163384795188904,-0.3046141266822815,-0.3731468432822204
75,MLP-E2E,PseudoFeature,4,0.9459326267242432,0.8163384795188904,-0.12959414720535278,-0.15875050663020218
75,LH,PseudoFeature,4,1.123403787612915,0.8163384795188904,-0.30706530809402466,-0.37614949656053676
75,LH-E2E,PseudoFeature,4,0.9378108978271484,0.8163384795188904,-0.12147241830825806,-0.14880153435845375
5,MLP,PseudoFeature,4,1.2872422933578491,1.309106707572937,0.02186441421508789,0.0167017815191125
5,MLP-E2E,PseudoFeature,4,0.8975557088851929,1.309106707572937,0.41155099868774414,0.3143754411363098
5,LH,PseudoFeature,4,1.281367540359497,1.309106707572937,0.02773916721343994,0.021189385901832187
5,LH-E2E,PseudoFeature,4,1.2201998233795166,1.309106707572937,0.08890688419342041,0.06791416137363802
10,MLP,PseudoFeature,4,1.2482962608337402,0.9013084769248962,-0.346987783908844,-0.38498227054593387
10,MLP-E2E,PseudoFeature,4,0.9124358892440796,0.9013084769248962,-0.01112741231918335,-0.012345842299351378
10,LH,PseudoFeature,4,1.2346937656402588,0.9013084769248962,-0.33338528871536255,-0.3698903286173605
10,LH-E2E,PseudoFeature,4,1.1128015518188477,0.9013084769248962,-0.21149307489395142,-0.2346511547472937
20,MLP,PseudoFeature,4,0.9715519547462463,0.7587091326713562,-0.21284282207489014,-0.28053283255664396
20,MLP-E2E,PseudoFeature,4,0.8133702874183655,0.7587091326713562,-0.05466115474700928,-0.07204494106265938
20,LH,PseudoFeature,4,0.9580035209655762,0.7587091326713562,-0.19929438829421997,-0.26267561534750455
20,LH-E2E,PseudoFeature,4,0.8346328139305115,0.7587091326713562,-0.07592368125915527,-0.1000695496992818
50,MLP,PseudoFeature,4,1.108119249343872,1.0514578819274902,-0.056661367416381836,-0.053888385250878995
50,MLP-E2E,PseudoFeature,4,0.9502869844436646,1.0514578819274902,0.10117089748382568,0.09621963867764562
50,LH,PseudoFeature,4,1.1038697957992554,1.0514578819274902,-0.05241191387176514,-0.04984689807611288
50,LH-E2E,PseudoFeature,4,0.9260243773460388,1.0514578819274902,0.12543350458145142,0.11929484455574366
75,MLP,PseudoFeature,4,1.119828701019287,0.8163384795188904,-0.30349022150039673,-0.37177007958666713
75,MLP-E2E,PseudoFeature,4,0.956023633480072,0.8163384795188904,-0.13968515396118164,-0.17111180896863415
75,LH,PseudoFeature,4,1.1220591068267822,0.8163384795188904,-0.30572062730789185,-0.37450228670841107
75,LH-E2E,PseudoFeature,4,0.9470146894454956,0.8163384795188904,-0.13067620992660522,-0.16007601406173985
5,MLP,PseudoFeature,4,1.2921347618103027,1.309106707572937,0.016971945762634277,0.012964524331328189
5,MLP-E2E,PseudoFeature,4,1.2111576795578003,1.309106707572937,0.09794902801513672,0.07482127121381317
5,LH,PseudoFeature,4,1.3015066385269165,1.309106707572937,0.007600069046020508,0.0058055382361541135
5,LH-E2E,PseudoFeature,4,1.127105712890625,1.309106707572937,0.182000994682312,0.13902685978879364
10,MLP,PseudoFeature,4,1.250426173210144,0.9013084769248962,-0.3491176962852478,-0.3873454041799042
10,MLP-E2E,PseudoFeature,4,1.0019285678863525,0.9013084769248962,-0.1006200909614563,-0.11163779498086393
10,LH,PseudoFeature,4,1.2295513153076172,0.9013084769248962,-0.32824283838272095,-0.3641847899873603
10,LH-E2E,PseudoFeature,4,1.0178978443145752,0.9013084769248962,-0.11658936738967896,-0.12935567608047033
20,MLP,PseudoFeature,4,0.9567532539367676,0.7587091326713562,-0.19804412126541138,-0.2610277281994924
20,MLP-E2E,PseudoFeature,4,0.8176378607749939,0.7587091326713562,-0.058928728103637695,-0.07766972290969294
20,LH,PseudoFeature,4,0.9527338743209839,0.7587091326713562,-0.19402474164962769,-0.2557300726913377
20,LH-E2E,PseudoFeature,4,0.8265840411186218,0.7587091326713562,-0.06787490844726562,-0.08946104050215307
50,MLP,PseudoFeature,4,1.1059167385101318,1.0514578819274902,-0.0544588565826416,-0.05179366431949687
50,MLP-E2E,PseudoFeature,4,0.9375352263450623,1.0514578819274902,0.11392265558242798,0.10834733139627957
50,LH,PseudoFeature,4,1.104164481163025,1.0514578819274902,-0.05270659923553467,-0.05012716166901051
50,LH-E2E,PseudoFeature,4,0.9360632300376892,1.0514578819274902,0.11539465188980103,0.10974728885788958
75,MLP,PseudoFeature,4,1.1211131811141968,0.8163384795188904,-0.3047747015953064,-0.3733435446714769
75,MLP-E2E,PseudoFeature,4,0.9404682517051697,0.8163384795188904,-0.1241297721862793,-0.1520567452111718
75,LH,PseudoFeature,4,1.1183668375015259,0.8163384795188904,-0.3020283579826355,-0.3699793229894493
75,LH-E2E,PseudoFeature,4,0.9270926117897034,0.8163384795188904,-0.11075413227081299,-0.13567182614751422
5,MLP,PseudoFeature,4,1.296121597290039,1.309106707572937,0.01298511028289795,0.009919061760039514
5,MLP-E2E,PseudoFeature,4,1.0446877479553223,1.309106707572937,0.26441895961761475,0.20198426765977182
5,LH,PseudoFeature,4,1.2897900342941284,1.309106707572937,0.019316673278808594,0.014755614013025262
5,LH-E2E,PseudoFeature,4,0.9846311211585999,1.309106707572937,0.32447558641433716,0.2478603039288598
10,MLP,PseudoFeature,4,1.2425881624221802,0.9013084769248962,-0.34127968549728394,-0.3786491464738791
10,MLP-E2E,PseudoFeature,4,1.015428900718689,0.9013084769248962,-0.11412042379379272,-0.1266163879686911
10,LH,PseudoFeature,4,1.242767333984375,0.9013084769248962,-0.34145885705947876,-0.3788479369732275
10,LH-E2E,PseudoFeature,4,0.9996902942657471,0.9013084769248962,-0.09838181734085083,-0.10915443475746732
20,MLP,PseudoFeature,4,0.9568588137626648,0.7587091326713562,-0.1981496810913086,-0.261166859022296
20,MLP-E2E,PseudoFeature,4,0.8414828181266785,0.7587091326713562,-0.08277368545532227,-0.10909804810689772
20,LH,PseudoFeature,4,0.947290301322937,0.7587091326713562,-0.1885811686515808,-0.24855529020403525
20,LH-E2E,PseudoFeature,4,0.8563211560249329,0.7587091326713562,-0.09761202335357666,-0.12865539526312578
50,MLP,PseudoFeature,4,1.1071627140045166,1.0514578819274902,-0.05570483207702637,-0.05297866232636015
50,MLP-E2E,PseudoFeature,4,0.9216768145561218,1.0514578819274902,0.1297810673713684,0.12342963955290247
50,LH,PseudoFeature,4,1.1032167673110962,1.0514578819274902,-0.05175888538360596,-0.049225828512240215
50,LH-E2E,PseudoFeature,4,0.9276291131973267,1.0514578819274902,0.12382876873016357,0.11776864376456589
75,MLP,PseudoFeature,4,1.1218992471694946,0.8163384795188904,-0.30556076765060425,-0.37430646149460783
75,MLP-E2E,PseudoFeature,4,0.9528023600578308,0.8163384795188904,-0.13646388053894043,-0.16716580678564302
75,LH,PseudoFeature,4,1.118112325668335,0.8163384795188904,-0.3017738461494446,-0.3696675505573316
75,LH-E2E,PseudoFeature,4,0.9336050748825073,0.8163384795188904,-0.11726659536361694,-0.1436494766640525
5,MLP,PseudoFeature,4,1.2960580587387085,1.309106707572937,0.013048648834228516,0.009967597567673075
5,MLP-E2E,PseudoFeature,4,1.0501247644424438,1.309106707572937,0.25898194313049316,0.19783104129887286
5,LH,PseudoFeature,4,1.2906463146209717,1.309106707572937,0.018460392951965332,0.014101518879381962
5,LH-E2E,PseudoFeature,4,1.0253492593765259,1.309106707572937,0.28375744819641113,0.21675654593695645
10,MLP,PseudoFeature,4,1.2321913242340088,0.9013084769248962,-0.33088284730911255,-0.36711387475021406
10,MLP-E2E,PseudoFeature,4,0.9287852048873901,0.9013084769248962,-0.027476727962493896,-0.030485376168034713
10,LH,PseudoFeature,4,1.2041504383087158,0.9013084769248962,-0.3028419613838196,-0.33600256642105747
10,LH-E2E,PseudoFeature,4,1.0578680038452148,0.9013084769248962,-0.1565595269203186,-0.1737024902444852
20,MLP,PseudoFeature,4,0.954727828502655,0.7587091326713562,-0.19601869583129883,-0.2583581604469847
20,MLP-E2E,PseudoFeature,4,0.809352695941925,0.7587091326713562,-0.05064356327056885,-0.06674964237250813
20,LH,PseudoFeature,4,0.9411530494689941,0.7587091326713562,-0.18244391679763794,-0.24046621945259444
20,LH-E2E,PseudoFeature,4,0.8184657692909241,0.7587091326713562,-0.05975663661956787,-0.07876092964529025
50,MLP,PseudoFeature,4,1.1056073904037476,1.0514578819274902,-0.054149508476257324,-0.051499455572098264
50,MLP-E2E,PseudoFeature,4,0.9336902499198914,1.0514578819274902,0.11776763200759888,0.11200413638225051
50,LH,PseudoFeature,4,1.106134057044983,1.0514578819274902,-0.054676175117492676,-0.05200034738173489
50,LH-E2E,PseudoFeature,4,0.9429904818534851,1.0514578819274902,0.10846740007400513,0.10315905367047803
75,MLP,PseudoFeature,4,1.120439052581787,0.8163384795188904,-0.30410057306289673,-0.37251774930678094
75,MLP-E2E,PseudoFeature,4,0.9662482142448425,0.8163384795188904,-0.14990973472595215,-0.18363673707296213
75,LH,PseudoFeature,4,1.1235085725784302,0.8163384795188904,-0.3071700930595398,-0.3762778562644391
75,LH-E2E,PseudoFeature,4,0.9343667030334473,0.8163384795188904,-0.11802822351455688,-0.14458245749253043
5,MLP,RealValue,2,1.4247628450393677,1.309106707572937,-0.11565613746643066,-0.0883473721411567
5,MLP-E2E,RealValue,2,1.0547044277191162,1.309106707572937,0.2544022798538208,0.19433272962559223
5,LH,RealValue,2,1.4039968252182007,1.309106707572937,-0.09489011764526367,-0.07248463176939063
5,LH-E2E,RealValue,2,1.2391437292099,1.309106707572937,0.06996297836303711,0.05344329683616652
10,MLP,RealValue,2,1.1352652311325073,0.9013084769248962,-0.23395675420761108,-0.2595745632015243
10,MLP-E2E,RealValue,2,0.9804744720458984,0.9013084769248962,-0.0791659951210022,-0.08783451742415921
10,LH,RealValue,2,1.1734212636947632,0.9013084769248962,-0.27211278676986694,-0.30190860702682754
10,LH-E2E,RealValue,2,0.9901781678199768,0.9013084769248962,-0.08886969089508057,-0.0986007489891675
20,MLP,RealValue,2,0.884378969669342,0.7587091326713562,-0.12566983699798584,-0.16563638367645853
20,MLP-E2E,RealValue,2,0.6747477054595947,0.7587091326713562,0.08396142721176147,0.11066352518538927
20,LH,RealValue,2,0.9289954900741577,0.7587091326713562,-0.1702863574028015,-0.2244422138471385
20,LH-E2E,RealValue,2,0.6683921813964844,0.7587091326713562,0.09031695127487183,0.11904028485445117
50,MLP,RealValue,2,0.984505832195282,1.0514578819274902,0.06695204973220825,0.06367544614290631
50,MLP-E2E,RealValue,2,0.8286169767379761,1.0514578819274902,0.22284090518951416,0.2119351702238526
50,LH,RealValue,2,1.0832593441009521,1.0514578819274902,-0.031801462173461914,-0.030245112733535987
50,LH-E2E,RealValue,2,0.8262405395507812,1.0514578819274902,0.22521734237670898,0.21419530563016906
75,MLP,RealValue,2,1.0222713947296143,0.8163384795188904,-0.20593291521072388,-0.25226412863949593
75,MLP-E2E,RealValue,2,0.8909488320350647,0.8163384795188904,-0.07461035251617432,-0.09139634402649496
75,LH,RealValue,2,1.1047691106796265,0.8163384795188904,-0.2884306311607361,-0.353322351447555
75,LH-E2E,RealValue,2,0.870292067527771,0.8163384795188904,-0.053953588008880615,-0.0660921778925308
5,MLP,RealValue,2,1.4441076517105103,1.309106707572937,-0.13500094413757324,-0.10312447668063884
5,MLP-E2E,RealValue,2,1.1767065525054932,1.309106707572937,0.13240015506744385,0.10113778678356299
5,LH,RealValue,2,1.3981074094772339,1.309106707572937,-0.08900070190429688,-0.06798582681567858
5,LH-E2E,RealValue,2,1.2081634998321533,1.309106707572937,0.10094320774078369,0.07710846423507431
10,MLP,RealValue,2,1.1011329889297485,0.9013084769248962,-0.1998245120048523,-0.22170490694442138
10,MLP-E2E,RealValue,2,1.3267573118209839,0.9013084769248962,-0.42544883489608765,-0.47203465382644927
10,LH,RealValue,2,1.1784895658493042,0.9013084769248962,-0.27718108892440796,-0.3075318783976163
10,LH-E2E,RealValue,2,0.9200707674026489,0.9013084769248962,-0.018762290477752686,-0.020816724748630208
20,MLP,RealValue,2,0.8646565675735474,0.7587091326713562,-0.10594743490219116,-0.13964170238620752
20,MLP-E2E,RealValue,2,0.6761234402656555,0.7587091326713562,0.08258569240570068,0.10885026797413502
20,LH,RealValue,2,0.9327623844146729,0.7587091326713562,-0.17405325174331665,-0.22940708665320608
20,LH-E2E,RealValue,2,0.6854339838027954,0.7587091326713562,0.07327514886856079,0.09657870943317191
50,MLP,RealValue,2,0.9999479055404663,1.0514578819274902,0.051509976387023926,0.04898910101144319
50,MLP-E2E,RealValue,2,0.823281466960907,1.0514578819274902,0.22817641496658325,0.21700956252122952
50,LH,RealValue,2,1.0961500406265259,1.0514578819274902,-0.044692158699035645,-0.04250494429420965
50,LH-E2E,RealValue,2,0.8299896121025085,1.0514578819274902,0.2214682698249817,0.21062971102465367
75,MLP,RealValue,2,1.0211104154586792,0.8163384795188904,-0.20477193593978882,-0.25084194984961544
75,MLP-E2E,RealValue,2,0.9166527390480042,0.8163384795188904,-0.10031425952911377,-0.12288316923175549
75,LH,RealValue,2,1.1180461645126343,0.8163384795188904,-0.3017076849937439,-0.3695865043279052
75,LH-E2E,RealValue,2,0.8878507018089294,0.8163384795188904,-0.07151222229003906,-0.08760119005070646
5,MLP,RealValue,2,1.4097511768341064,1.309106707572937,-0.10064446926116943,-0.07688026398379906
5,MLP-E2E,RealValue,2,1.176998257637024,1.309106707572937,0.13210844993591309,0.10091495916390196
5,LH,RealValue,2,1.3958650827407837,1.309106707572937,-0.08675837516784668,-0.06627295900782246
5,LH-E2E,RealValue,2,1.0506044626235962,1.309106707572937,0.2585022449493408,0.19746460961047238
10,MLP,RealValue,2,1.116685390472412,0.9013084769248962,-0.21537691354751587,-0.23896026617029442
10,MLP-E2E,RealValue,2,0.9532113671302795,0.9013084769248962,-0.0519028902053833,-0.057586155610637
10,LH,RealValue,2,1.1706464290618896,0.9013084769248962,-0.2693379521369934,-0.2988299334051827
10,LH-E2E,RealValue,2,1.0146641731262207,0.9013084769248962,-0.11335569620132446,-0.1257679241940272
20,MLP,RealValue,2,0.8721491694450378,0.7587091326713562,-0.11344003677368164,-0.1495171626236632
20,MLP-E2E,RealValue,2,0.6754845380783081,0.7587091326713562,0.0832245945930481,0.10969235904676768
20,LH,RealValue,2,0.9279279708862305,0.7587091326713562,-0.16921883821487427,-0.2230351934990789
20,LH-E2E,RealValue,2,0.6700233817100525,0.7587091326713562,0.08868575096130371,0.11689031691110405
50,MLP,RealValue,2,0.9985881447792053,1.0514578819274902,0.05286973714828491,0.05028231568473883
50,MLP-E2E,RealValue,2,0.8365058302879333,1.0514578819274902,0.21495205163955688,0.2044323936642288
50,LH,RealValue,2,1.0898436307907104,1.0514578819274902,-0.038385748863220215,-0.03650716735591254
50,LH-E2E,RealValue,2,0.8290616869926453,1.0514578819274902,0.22239619493484497,0.21151222389160965
75,MLP,RealValue,2,1.020811915397644,0.8163384795188904,-0.20447343587875366,-0.2504762926271223
75,MLP-E2E,RealValue,2,0.9084454774856567,0.8163384795188904,-0.09210699796676636,-0.11282942097872156
75,LH,RealValue,2,1.1073172092437744,0.8163384795188904,-0.29097872972488403,-0.35644372649978784
75,LH-E2E,RealValue,2,0.8953743577003479,0.8163384795188904,-0.07903587818145752,-0.09681753361428873
5,MLP,RealValue,2,1.4117908477783203,1.309106707572937,-0.1026841402053833,-0.07843832715192336
5,MLP-E2E,RealValue,2,1.1883383989334106,1.309106707572937,0.12076830863952637,0.09225245577072085
5,LH,RealValue,2,1.3994239568710327,1.309106707572937,-0.0903172492980957,-0.06899151060461867
5,LH-E2E,RealValue,2,1.256046175956726,1.309106707572937,0.05306053161621094,0.040531861390111064
10,MLP,RealValue,2,1.1091837882995605,0.9013084769248962,-0.2078753113746643,-0.23063725316763667
10,MLP-E2E,RealValue,2,0.9694814085960388,0.9013084769248962,-0.06817293167114258,-0.07563773493370046
10,LH,RealValue,2,1.168874740600586,0.9013084769248962,-0.2675662636756897,-0.2968642485074345
10,LH-E2E,RealValue,2,0.9314759969711304,0.9013084769248962,-0.03016752004623413,-0.033470804745074995
20,MLP,RealValue,2,0.8594173192977905,0.7587091326713562,-0.10070818662643433,-0.1327362256360993
20,MLP-E2E,RealValue,2,0.671671986579895,0.7587091326713562,0.08703714609146118,0.11471740927252334
20,LH,RealValue,2,0.9264280796051025,0.7587091326713562,-0.16771894693374634,-0.22105829455778514
20,LH-E2E,RealValue,2,0.68124920129776,0.7587091326713562,0.07745993137359619,0.10209437060664574
50,MLP,RealValue,2,0.997736394405365,1.0514578819274902,0.053721487522125244,0.05109238177343364
50,MLP-E2E,RealValue,2,0.8355562090873718,1.0514578819274902,0.2159016728401184,0.20533554082483663
50,LH,RealValue,2,1.0872018337249756,1.0514578819274902,-0.03574395179748535,-0.03399465866570041
50,LH-E2E,RealValue,2,0.8111265301704407,1.0514578819274902,0.24033135175704956,0.22856964210157787
75,MLP,RealValue,2,1.0202583074569702,0.8163384795188904,-0.20391982793807983,-0.24979813282630034
75,MLP-E2E,RealValue,2,0.8926265239715576,0.8163384795188904,-0.07628804445266724,-0.09345148656673351
75,LH,RealValue,2,1.1082022190093994,0.8163384795188904,-0.29186373949050903,-0.35752784759395284
75,LH-E2E,RealValue,2,0.8627851009368896,0.8163384795188904,-0.04644662141799927,-0.056896278422857896
5,MLP,RealValue,2,1.435666561126709,1.309106707572937,-0.12655985355377197,-0.09667649918959771
5,MLP-E2E,RealValue,2,1.0339720249176025,1.309106707572937,0.2751346826553345,0.2101697906394734
5,LH,RealValue,2,1.3847287893295288,1.309106707572937,-0.0756220817565918,-0.057766170869901
5,LH-E2E,RealValue,2,1.2110792398452759,1.309106707572937,0.09802746772766113,0.07488118971554465
10,MLP,RealValue,2,1.105181097984314,0.9013084769248962,-0.20387262105941772,-0.22619627605744344
10,MLP-E2E,RealValue,2,0.9531333446502686,0.9013084769248962,-0.051824867725372314,-0.0574995898210006
10,LH,RealValue,2,1.1708725690841675,0.9013084769248962,-0.26956409215927124,-0.29908083531952995
10,LH-E2E,RealValue,2,1.0060744285583496,0.9013084769248962,-0.10476595163345337,-0.1162376193230714
20,MLP,RealValue,2,0.8564730882644653,0.7587091326713562,-0.09776395559310913,-0.1288556462328189
20,MLP-E2E,RealValue,2,0.6739293932914734,0.7587091326713562,0.08477973937988281,0.11174208366436807
20,LH,RealValue,2,0.9247701168060303,0.7587091326713562,-0.16606098413467407,-0.21887305290498638
20,LH-E2E,RealValue,2,0.665870189666748,0.7587091326713562,0.09283894300460815,0.12236434096651692
50,MLP,RealValue,2,0.9809937477111816,1.0514578819274902,0.0704641342163086,0.0670156507716092
50,MLP-E2E,RealValue,2,0.8348566889762878,1.0514578819274902,0.2166011929512024,0.20600082673224895
50,LH,RealValue,2,1.081547737121582,1.0514578819274902,-0.030089855194091797,-0.028617271039836883
50,LH-E2E,RealValue,2,0.8336045145988464,1.0514578819274902,0.2178533673286438,0.2071917202515842
75,MLP,RealValue,2,1.0002825260162354,0.8163384795188904,-0.18394404649734497,-0.2253281587384592
75,MLP-E2E,RealValue,2,0.9015470147132874,0.8163384795188904,-0.08520853519439697,-0.1043789277759082
75,LH,RealValue,2,1.1051232814788818,0.8163384795188904,-0.28878480195999146,-0.3537562043261601
75,LH-E2E,RealValue,2,0.8850233554840088,0.8163384795188904,-0.06868487596511841,-0.08413774149859735
5,MLP,RealValue,2,1.4286108016967773,1.309106707572937,-0.11950409412384033,-0.09128674800345268
5,MLP-E2E,RealValue,2,1.2083444595336914,1.309106707572937,0.1007622480392456,0.07697023279794908
5,LH,RealValue,2,1.4045283794403076,1.309106707572937,-0.0954216718673706,-0.07289067523325189
5,LH-E2E,RealValue,2,1.2566604614257812,1.309106707572937,0.05244624614715576,0.0400626212086181
10,MLP,RealValue,2,1.121791958808899,0.9013084769248962,-0.22048348188400269,-0.24462599379543506
10,MLP-E2E,RealValue,2,0.9935941696166992,0.9013084769248962,-0.09228569269180298,-0.10239079633053635
10,LH,RealValue,2,1.1584763526916504,0.9013084769248962,-0.25716787576675415,-0.2853272573715994
10,LH-E2E,RealValue,2,1.0099519491195679,0.9013084769248962,-0.10864347219467163,-0.12053972083491746
20,MLP,RealValue,2,0.8755351901054382,0.7587091326713562,-0.11682605743408203,-0.15398003319499598
20,MLP-E2E,RealValue,2,0.6672126650810242,0.7587091326713562,0.09149646759033203,0.12059492057012684
20,LH,RealValue,2,0.9214510321617126,0.7587091326713562,-0.16274189949035645,-0.21449840588758276
20,LH-E2E,RealValue,2,0.6706781387329102,0.7587091326713562,0.08803099393844604,0.1160273287188408
50,MLP,RealValue,2,1.0002110004425049,1.0514578819274902,0.05124688148498535,0.048738881857104566
50,MLP-E2E,RealValue,2,0.8329684734344482,1.0514578819274902,0.218489408493042,0.2077966338437789
50,LH,RealValue,2,1.080379605293274,1.0514578819274902,-0.02892172336578369,-0.027506307064592596
50,LH-E2E,RealValue,2,0.8189436197280884,1.0514578819274902,0.23251426219940186,0.22113511743634093
75,MLP,RealValue,2,1.0206681489944458,0.8163384795188904,-0.20432966947555542,-0.25030018136101734
75,MLP-E2E,RealValue,2,0.8916847109794617,0.8163384795188904,-0.07534623146057129,-0.09229778253865559
75,LH,RealValue,2,1.1019963026046753,0.8163384795188904,-0.2856578230857849,-0.3499257112737569
75,LH-E2E,RealValue,2,0.889183521270752,0.8163384795188904,-0.07284504175186157,-0.08923386999323228
5,MLP,RealValue,2,1.4259463548660278,1.309106707572937,-0.11683964729309082,-0.08925143123719048
5,MLP-E2E,RealValue,2,1.2231042385101318,1.309106707572937,0.08600246906280518,0.0656955377016228
5,LH,RealValue,2,1.4071193933486938,1.309106707572937,-0.09801268577575684,-0.07486989808299951
5,LH-E2E,RealValue,2,1.2356617450714111,1.309106707572937,0.07344496250152588,0.05610311373141741
10,MLP,RealValue,2,1.1063635349273682,0.9013084769248962,-0.20505505800247192,-0.22750818754316304
10,MLP-E2E,RealValue,2,0.9635623097419739,0.9013084769248962,-0.06225383281707764,-0.06907050628157477
10,LH,RealValue,2,1.1686898469924927,0.9013084769248962,-0.26738137006759644,-0.29665910940930457
10,LH-E2E,RealValue,2,0.9326646327972412,0.9013084769248962,-0.03135615587234497,-0.03478959387947463
20,MLP,RealValue,2,0.8544057011604309,0.7587091326713562,-0.09569656848907471,-0.12613077181783022
20,MLP-E2E,RealValue,2,0.678936779499054,0.7587091326713562,0.07977235317230225,0.10514220764870716
20,LH,RealValue,2,0.9281614422798157,0.7587091326713562,-0.16945230960845947,-0.22334291536972936
20,LH-E2E,RealValue,2,0.6636434197425842,0.7587091326713562,0.09506571292877197,0.1252992864262131
50,MLP,RealValue,2,0.9896207451820374,1.0514578819274902,0.06183713674545288,0.058810854726863177
50,MLP-E2E,RealValue,2,0.8365815281867981,1.0514578819274902,0.21487635374069214,0.20436040038692702
50,LH,RealValue,2,1.084539532661438,1.0514578819274902,-0.033081650733947754,-0.03146264943423488
50,LH-E2E,RealValue,2,0.8175313472747803,1.0514578819274902,0.23392653465270996,0.22247827390278843
75,MLP,RealValue,2,1.0314401388168335,0.8163384795188904,-0.21510165929794312,-0.26349567574557237
75,MLP-E2E,RealValue,2,0.8947820663452148,0.8163384795188904,-0.07844358682632446,-0.09609198732436972
75,LH,RealValue,2,1.1069766283035278,0.8163384795188904,-0.29063814878463745,-0.3560265209547947
75,LH-E2E,RealValue,2,0.8861204981803894,0.8163384795188904,-0.06978201866149902,-0.08548172162927455
5,MLP,RealValue,2,1.4550167322158813,1.309106707572937,-0.14591002464294434,-0.11145770149895512
5,MLP-E2E,RealValue,2,1.1802805662155151,1.309106707572937,0.12882614135742188,0.0984076703695633
5,LH,RealValue,2,1.3994388580322266,1.309106707572937,-0.09033215045928955,-0.06900289329871659
5,LH-E2E,RealValue,2,1.2608071565628052,1.309106707572937,0.048299551010131836,0.03689504509504686
10,MLP,RealValue,2,1.1312748193740845,0.9013084769248962,-0.22996634244918823,-0.2551472091262166
10,MLP-E2E,RealValue,2,0.9435370564460754,0.9013084769248962,-0.0422285795211792,-0.04685252674562163
10,LH,RealValue,2,1.1760488748550415,0.9013084769248962,-0.27474039793014526,-0.30482393649232115
10,LH-E2E,RealValue,2,0.9385359287261963,0.9013084769248962,-0.03722745180130005,-0.04130378527927916
20,MLP,RealValue,2,0.8673365116119385,0.7587091326713562,-0.10862737894058228,-0.14317394408857803
20,MLP-E2E,RealValue,2,0.7801918983459473,0.7587091326713562,-0.021482765674591064,-0.028314890054047335
20,LH,RealValue,2,0.9290900826454163,0.7587091326713562,-0.17038094997406006,-0.224566889519521
20,LH-E2E,RealValue,2,0.6790251135826111,0.7587091326713562,0.07968401908874512,0.10502578083933674
50,MLP,RealValue,2,1.0054185390472412,1.0514578819274902,0.04603934288024902,0.043786197879701616
50,MLP-E2E,RealValue,2,0.8311616778373718,1.0514578819274902,0.2202962040901184,0.20951500566649447
50,LH,RealValue,2,1.0872195959091187,1.0514578819274902,-0.03576171398162842,-0.03401155157643736
50,LH-E2E,RealValue,2,0.8274198174476624,1.0514578819274902,0.22403806447982788,0.21307374106999924
75,MLP,RealValue,2,1.027830719947815,0.8163384795188904,-0.21149224042892456,-0.2590742023499464
75,MLP-E2E,RealValue,2,0.9011300206184387,0.8163384795188904,-0.08479154109954834,-0.10386811748665858
75,LH,RealValue,2,1.1123991012573242,0.8163384795188904,-0.29606062173843384,-0.3626689530951884
75,LH-E2E,RealValue,2,0.8861886858940125,0.8163384795188904,-0.06985020637512207,-0.08556525035581851
5,MLP,RealValue,2,1.4225389957427979,1.309106707572937,-0.11343228816986084,-0.08664861887398201
5,MLP-E2E,RealValue,2,1.1850329637527466,1.309106707572937,0.12407374382019043,0.0947774105062995
5,LH,RealValue,2,1.3983500003814697,1.309106707572937,-0.08924329280853271,-0.06817113707559283
5,LH-E2E,RealValue,2,1.2443373203277588,1.309106707572937,0.06476938724517822,0.04947601816605129
10,MLP,RealValue,2,1.1150622367858887,0.9013084769248962,-0.21375375986099243,-0.23715938031591818
10,MLP-E2E,RealValue,2,1.3942092657089233,0.9013084769248962,-0.4929007887840271,-0.5468724653136701
10,LH,RealValue,2,1.1639108657836914,0.9013084769248962,-0.26260238885879517,-0.2913568390644096
10,LH-E2E,RealValue,2,1.0127376317977905,0.9013084769248962,-0.11142915487289429,-0.12363043034175235
20,MLP,RealValue,2,0.8550675511360168,0.7587091326713562,-0.09635841846466064,-0.12700310872150716
20,MLP-E2E,RealValue,2,0.6679559350013733,0.7587091326713562,0.09075319766998291,0.11961526988669283
20,LH,RealValue,2,0.9210935831069946,0.7587091326713562,-0.16238445043563843,-0.21402727796869314
20,LH-E2E,RealValue,2,0.6554240584373474,0.7587091326713562,0.10328507423400879,0.13613263606087095
50,MLP,RealValue,2,0.9755833745002747,1.0514578819274902,0.07587450742721558,0.07216124271960897
50,MLP-E2E,RealValue,2,0.821362316608429,1.0514578819274902,0.23009556531906128,0.21883479050749932
50,LH,RealValue,2,1.0804369449615479,1.0514578819274902,-0.028979063034057617,-0.027560840554958194
50,LH-E2E,RealValue,2,0.8269581198692322,1.0514578819274902,0.22449976205825806,0.21351284337392015
75,MLP,RealValue,2,0.9974949955940247,0.8163384795188904,-0.18115651607513428,-0.22191348395324814
75,MLP-E2E,RealValue,2,0.8846446871757507,0.8163384795188904,-0.06830620765686035,-0.08367387961071816
75,LH,RealValue,2,1.101789116859436,0.8163384795188904,-0.28545063734054565,-0.3496719124507964
75,LH-E2E,RealValue,2,0.8841724991798401,0.8163384795188904,-0.06783401966094971,-0.08309545778232545
5,MLP,RealValue,2,1.4119802713394165,1.309106707572937,-0.10287356376647949,-0.07858302395929621
5,MLP-E2E,RealValue,2,1.0783238410949707,1.309106707572937,0.2307828664779663,0.17629033992640222
5,LH,RealValue,2,1.3982868194580078,1.309106707572937,-0.0891801118850708,-0.06812287445261762
5,LH-E2E,RealValue,2,1.2465300559997559,1.309106707572937,0.06257665157318115,0.04780103196415307
10,MLP,RealValue,2,1.1055879592895508,0.9013084769248962,-0.20427948236465454,-0.22664768788330905
10,MLP-E2E,RealValue,2,0.9807093739509583,0.9013084769248962,-0.07940089702606201,-0.08809514063039073
10,LH,RealValue,2,1.171735167503357,0.9013084769248962,-0.2704266905784607,-0.30003788658585384
10,LH-E2E,RealValue,2,1.0066792964935303,0.9013084769248962,-0.10537081956863403,-0.11690871911927476
20,MLP,RealValue,2,0.8592844009399414,0.7587091326713562,-0.1005752682685852,-0.13256103549784284
20,MLP-E2E,RealValue,2,0.6719419956207275,0.7587091326713562,0.08676713705062866,0.1143615297540024
20,LH,RealValue,2,0.926582396030426,0.7587091326713562,-0.16787326335906982,-0.22126168795148285
20,LH-E2E,RealValue,2,0.6841902732849121,0.7587091326713562,0.07451885938644409,0.09821795491517145
50,MLP,RealValue,2,0.9856352210044861,1.0514578819274902,0.06582266092300415,0.06260132912061175
50,MLP-E2E,RealValue,2,0.8218219876289368,1.0514578819274902,0.22963589429855347,0.21839761558265577
50,LH,RealValue,2,1.084794521331787,1.0514578819274902,-0.033336639404296875,-0.03170515907226402
50,LH-E2E,RealValue,2,0.8140223026275635,1.0514578819274902,0.23743557929992676,0.22581558746287528
75,MLP,RealValue,2,1.0196069478988647,0.8163384795188904,-0.20326846837997437,-0.24900022904686642
75,MLP-E2E,RealValue,2,0.9146700501441956,0.8163384795188904,-0.09833157062530518,-0.12045441087532337
75,LH,RealValue,2,1.1091166734695435,0.8163384795188904,-0.2927781939506531,-0.35864803791094363
75,LH-E2E,RealValue,2,0.8861750364303589,0.8163384795188904,-0.0698365569114685,-0.08554853000758549
5,MLP,RealValue,3,1.3103587627410889,1.309106707572937,-0.0012520551681518555,-0.0009564194888842529
5,MLP-E2E,RealValue,3,1.3450348377227783,1.309106707572937,-0.03592813014984131,-0.02744476820873639
5,LH,RealValue,3,1.3120803833007812,1.309106707572937,-0.0029736757278442383,-0.0022715304341823944
5,LH-E2E,RealValue,3,1.1759653091430664,1.309106707572937,0.1331413984298706,0.10170400751877029
10,MLP,RealValue,3,1.2379199266433716,0.9013084769248962,-0.33661144971847534,-0.37346974796790283
10,MLP-E2E,RealValue,3,1.211876392364502,0.9013084769248962,-0.3105679154396057,-0.3445744974009432
10,LH,RealValue,3,1.251346468925476,0.9013084769248962,-0.35003799200057983,-0.38836647048394246
10,LH-E2E,RealValue,3,0.8310935497283936,0.9013084769248962,0.07021492719650269,0.07790332499264124
20,MLP,RealValue,3,0.8811740279197693,0.7587091326713562,-0.12246489524841309,-0.16141218020827514
20,MLP-E2E,RealValue,3,0.6068786978721619,0.7587091326713562,0.15183043479919434,0.20011678818813095
20,LH,RealValue,3,0.8654726147651672,0.7587091326713562,-0.10676348209381104,-0.14071727556238195
20,LH-E2E,RealValue,3,0.6204358339309692,0.7587091326713562,0.13827329874038696,0.18224810113137477
50,MLP,RealValue,3,1.050395131111145,1.0514578819274902,0.0010627508163452148,0.0010107402632210268
50,MLP-E2E,RealValue,3,0.7923431396484375,1.0514578819274902,0.25911474227905273,0.24643378183066547
50,LH,RealValue,3,1.0411845445632935,1.0514578819274902,0.010273337364196777,0.009770564794629823
50,LH-E2E,RealValue,3,0.801921546459198,1.0514578819274902,0.24953633546829224,0.23732413799671392
75,MLP,RealValue,3,1.0552555322647095,0.8163384795188904,-0.2389170527458191,-0.29266910569574645
75,MLP-E2E,RealValue,3,0.8329455852508545,0.8163384795188904,-0.01660710573196411,-0.02034340674685765
75,LH,RealValue,3,1.0556594133377075,0.8163384795188904,-0.23932093381881714,-0.293163852768353
75,LH-E2E,RealValue,3,0.8236580491065979,0.8163384795188904,-0.0073195695877075195,-0.008966341500919217
5,MLP,RealValue,3,1.2993414402008057,1.309106707572937,0.009765267372131348,0.0074594892193593585
5,MLP-E2E,RealValue,3,1.111710548400879,1.309106707572937,0.1973961591720581,0.15078691296145555
5,LH,RealValue,3,1.3135955333709717,1.309106707572937,-0.004488825798034668,-0.0034289227700596537
5,LH-E2E,RealValue,3,1.361845850944519,1.309106707572937,-0.05273914337158203,-0.040286359443806964
10,MLP,RealValue,3,1.2332130670547485,0.9013084769248962,-0.3319045901298523,-0.3682474964201508
10,MLP-E2E,RealValue,3,1.1749907732009888,0.9013084769248962,-0.27368229627609253,-0.3036499747676264
10,LH,RealValue,3,1.2438981533050537,0.9013084769248962,-0.34258967638015747,-0.3801025788074382
10,LH-E2E,RealValue,3,1.2489221096038818,0.9013084769248962,-0.3476136326789856,-0.3856766485376697
20,MLP,RealValue,3,0.8818596005439758,0.7587091326713562,-0.12315046787261963,-0.16231578423079784
20,MLP-E2E,RealValue,3,0.5773938298225403,0.7587091326713562,0.18131530284881592,0.23897867448941698
20,LH,RealValue,3,0.8699467182159424,0.7587091326713562,-0.11123758554458618,-0.14661426988881396
20,LH-E2E,RealValue,3,0.6080668568611145,0.7587091326713562,0.1506422758102417,0.1985507611854386
50,MLP,RealValue,3,1.048132061958313,1.0514578819274902,0.003325819969177246,0.0031630558164445796
50,MLP-E2E,RealValue,3,0.7822123765945435,1.0514578819274902,0.2692455053329468,0.2560687498384403
50,LH,RealValue,3,1.0441292524337769,1.0514578819274902,0.007328629493713379,0.006969969619970731
50,LH-E2E,RealValue,3,0.800765872001648,1.0514578819274902,0.2506920099258423,0.2384232542593944
75,MLP,RealValue,3,1.0595530271530151,0.8163384795188904,-0.24321454763412476,-0.297933459877407
75,MLP-E2E,RealValue,3,0.8316858410835266,0.8163384795188904,-0.01534736156463623,-0.0188002427298064
75,LH,RealValue,3,1.0560089349746704,0.8163384795188904,-0.23967045545578003,-0.2935920105065119
75,LH-E2E,RealValue,3,0.8339950442314148,0.8163384795188904,-0.017656564712524414,-0.02162897518065095
5,MLP,RealValue,3,1.3017895221710205,1.309106707572937,0.007317185401916504,0.00558944917139906
5,MLP-E2E,RealValue,3,1.1355868577957153,1.309106707572937,0.17351984977722168,0.13254828561601728
5,LH,RealValue,3,1.316419005393982,1.309106707572937,-0.007312297821044922,-0.005585715647734939
5,LH-E2E,RealValue,3,1.3230113983154297,1.309106707572937,-0.013904690742492676,-0.01062151057821081
10,MLP,RealValue,3,1.2404935359954834,0.9013084769248962,-0.33918505907058716,-0.37632516253239523
10,MLP-E2E,RealValue,3,1.163356900215149,0.9013084769248962,-0.2620484232902527,-0.29074221534486744
10,LH,RealValue,3,1.2341645956039429,0.9013084769248962,-0.33285611867904663,-0.36930321549253853
10,LH-E2E,RealValue,3,1.2548739910125732,0.9013084769248962,-0.353565514087677,-0.3922802493703149
20,MLP,RealValue,3,0.8814302682876587,0.7587091326713562,-0.12272113561630249,-0.16174991222816953
20,MLP-E2E,RealValue,3,0.5916470289230347,0.7587091326713562,0.16706210374832153,0.22019255674451788
20,LH,RealValue,3,0.8721029758453369,0.7587091326713562,-0.11339384317398071,-0.1494562781585741
20,LH-E2E,RealValue,3,0.6152563691139221,0.7587091326713562,0.14345276355743408,0.18907478159956767
50,MLP,RealValue,3,1.0463149547576904,1.0514578819274902,0.005142927169799805,0.004891234597406791
50,MLP-E2E,RealValue,3,0.7908582091331482,1.0514578819274902,0.26059967279434204,0.2478460405057987
50,LH,RealValue,3,1.0473699569702148,1.0514578819274902,0.004087924957275391,0.0038878637247757096
50,LH-E2E,RealValue,3,0.7887580990791321,1.0514578819274902,0.26269978284835815,0.24984337210615368
75,MLP,RealValue,3,1.058571219444275,0.8163384795188904,-0.24223273992538452,-0.2967307630385677
75,MLP-E2E,RealValue,3,0.8369967341423035,0.8163384795188904,-0.020658254623413086,-0.02530599149949178
75,LH,RealValue,3,1.0590063333511353,0.8163384795188904,-0.24266785383224487,-0.2972637697726332
75,LH-E2E,RealValue,3,0.8216251134872437,0.8163384795188904,-0.0052866339683532715,-0.006476031818895702
5,MLP,RealValue,3,1.3156672716140747,1.309106707572937,-0.006560564041137695,-0.005011481495882698
5,MLP-E2E,RealValue,3,1.1071478128433228,1.309106707572937,0.20195889472961426,0.15427229389424094
5,LH,RealValue,3,1.3160903453826904,1.309106707572937,-0.006983637809753418,-0.005334658946711052
5,LH-E2E,RealValue,3,1.324575424194336,1.309106707572937,-0.015468716621398926,-0.01181623815072927
10,MLP,RealValue,3,1.24935781955719,0.9013084769248962,-0.3480493426322937,-0.3861600678823925
10,MLP-E2E,RealValue,3,0.8365737199783325,0.9013084769248962,0.06473475694656372,0.07182308677205297
10,LH,RealValue,3,1.2504910230636597,0.9013084769248962,-0.3491825461387634,-0.38741735496609553
10,LH-E2E,RealValue,3,1.2063679695129395,0.9013084769248962,-0.3050594925880432,-0.3384629129738708
20,MLP,RealValue,3,0.8809963464736938,0.7587091326713562,-0.12228721380233765,-0.16117799105933234
20,MLP-E2E,RealValue,3,0.5898509621620178,0.7587091326713562,0.16885817050933838,0.22255982330778307
20,LH,RealValue,3,0.8715301752090454,0.7587091326713562,-0.11282104253768921,-0.14870131079146898
20,LH-E2E,RealValue,3,0.6154125928878784,0.7587091326713562,0.14329653978347778,0.18886887426666626
50,MLP,RealValue,3,1.0460985898971558,1.0514578819274902,0.005359292030334473,0.005097010657726046
50,MLP-E2E,RealValue,3,0.780787467956543,1.0514578819274902,0.27067041397094727,0.2574239240803114
50,LH,RealValue,3,1.0433576107025146,1.0514578819274902,0.008100271224975586,0.007703847547489487
50,LH-E2E,RealValue,3,0.8058797121047974,1.0514578819274902,0.24557816982269287,0.23355968322050985
75,MLP,RealValue,3,1.0590137243270874,0.8163384795188904,-0.24267524480819702,-0.2972728235856502
75,MLP-E2E,RealValue,3,0.8417410254478455,0.8163384795188904,-0.025402545928955078,-0.031117663280954347
75,LH,RealValue,3,1.0587042570114136,0.8163384795188904,-0.2423657774925232,-0.29689373167287375
75,LH-E2E,RealValue,3,0.8241580128669739,0.8163384795188904,-0.007819533348083496,-0.009578788142746797
5,MLP,RealValue,3,1.309977650642395,1.309106707572937,-0.0008709430694580078,-0.0006652957046356613
5,MLP-E2E,RealValue,3,1.1515737771987915,1.309106707572937,0.1575329303741455,0.1203362028953385
5,LH,RealValue,3,1.3126894235610962,1.309106707572937,-0.0035827159881591797,-0.0027367639073528835
5,LH-E2E,RealValue,3,1.1209156513214111,1.309106707572937,0.18819105625152588,0.14375532197862548
10,MLP,RealValue,3,1.2412762641906738,0.9013084769248962,-0.3399677872657776,-0.37719359794072616
10,MLP-E2E,RealValue,3,1.1649754047393799,0.9013084769248962,-0.26366692781448364,-0.29253794296273367
10,LH,RealValue,3,1.2489924430847168,0.9013084769248962,-0.34768396615982056,-0.38575468339769337
10,LH-E2E,RealValue,3,1.2371094226837158,0.9013084769248962,-0.3358009457588196,-0.37257049540298626
20,MLP,RealValue,3,0.8817020058631897,0.7587091326713562,-0.1229928731918335,-0.1621080700040938
20,MLP-E2E,RealValue,3,0.5882744193077087,0.7587091326713562,0.17043471336364746,0.22463775118082474
20,LH,RealValue,3,0.8686357140541077,0.7587091326713562,-0.10992658138275146,-0.14488632948928462
20,LH-E2E,RealValue,3,0.6109799146652222,0.7587091326713562,0.14772921800613403,0.19471126897601834
50,MLP,RealValue,3,1.04817795753479,1.0514578819274902,0.0032799243927001953,0.0031194063491041314
50,MLP-E2E,RealValue,3,0.7755797505378723,1.0514578819274902,0.2758781313896179,0.26237677812057414
50,LH,RealValue,3,1.045823097229004,1.0514578819274902,0.005634784698486328,0.00535902083700858
50,LH-E2E,RealValue,3,0.8151384592056274,1.0514578819274902,0.2363194227218628,0.22475405509220356
75,MLP,RealValue,3,1.0608723163604736,0.8163384795188904,-0.24453383684158325,-0.29954956550094197
75,MLP-E2E,RealValue,3,0.8320789337158203,0.8163384795188904,-0.01574045419692993,-0.019281774155992963
75,LH,RealValue,3,1.0600578784942627,0.8163384795188904,-0.24371939897537231,-0.29855189371816515
75,LH-E2E,RealValue,3,0.8239172101020813,0.8163384795188904,-0.007578730583190918,-0.009283809073483156
5,MLP,RealValue,3,1.2953802347183228,1.309106707572937,0.013726472854614258,0.010485373556799599
5,MLP-E2E,RealValue,3,0.9392803907394409,1.309106707572937,0.3698263168334961,0.2825028049234796
5,LH,RealValue,3,1.3138599395751953,1.309106707572937,-0.004753232002258301,-0.0036308972941332773
5,LH-E2E,RealValue,3,1.327947974205017,1.309106707572937,-0.018841266632080078,-0.014392460540524987
10,MLP,RealValue,3,1.2298836708068848,0.9013084769248962,-0.3285751938819885,-0.3645535377665907
10,MLP-E2E,RealValue,3,1.2228723764419556,0.9013084769248962,-0.3215638995170593,-0.35677452032203005
10,LH,RealValue,3,1.240251064300537,0.9013084769248962,-0.33894258737564087,-0.37605614065902554
10,LH-E2E,RealValue,3,1.214923620223999,0.9013084769248962,-0.3136151432991028,-0.34795539077708637
20,MLP,RealValue,3,0.8778975605964661,0.7587091326713562,-0.11918842792510986,-0.15709370401995376
20,MLP-E2E,RealValue,3,0.5993035435676575,0.7587091326713562,0.15940558910369873,0.21010105485674593
20,LH,RealValue,3,0.8669866323471069,0.7587091326713562,-0.10827749967575073,-0.14271279336590298
20,LH-E2E,RealValue,3,0.613060474395752,0.7587091326713562,0.14564865827560425,0.19196903266840426
50,MLP,RealValue,3,1.0473130941390991,1.0514578819274902,0.004144787788391113,0.003941943714181927
50,MLP-E2E,RealValue,3,0.7764188051223755,1.0514578819274902,0.27503907680511475,0.26157878649492283
50,LH,RealValue,3,1.0466458797454834,1.0514578819274902,0.004812002182006836,0.0045765049315961825
50,LH-E2E,RealValue,3,0.8243158459663391,1.0514578819274902,0.22714203596115112,0.21602580556509168
75,MLP,RealValue,3,1.060982584953308,0.8163384795188904,-0.24464410543441772,-0.299684642549986
75,MLP-E2E,RealValue,3,0.8492327332496643,0.8163384795188904,-0.032894253730773926,-0.040294871007624404
75,LH,RealValue,3,1.0598831176757812,0.8163384795188904,-0.24354463815689087,-0.2983378148490857
75,LH-E2E,RealValue,3,0.8230474591255188,0.8163384795188904,-0.006708979606628418,-0.008218379722321015
5,MLP,RealValue,3,1.298152208328247,1.309106707572937,0.010954499244689941,0.008367919269926749
5,MLP-E2E,RealValue,3,1.375342845916748,1.309106707572937,-0.06623613834381104,-0.050596439511498476
5,LH,RealValue,3,1.3123434782028198,1.309106707572937,-0.0032367706298828125,-0.0024725032811754007
5,LH-E2E,RealValue,3,1.3371927738189697,1.309106707572937,-0.028086066246032715,-0.021454375020431935
10,MLP,RealValue,3,1.241198182106018,0.9013084769248962,-0.3398897051811218,-0.37710696601985244
10,MLP-E2E,RealValue,3,1.1736695766448975,0.9013084769248962,-0.2723610997200012,-0.3021841097614534
10,LH,RealValue,3,1.24891996383667,0.9013084769248962,-0.3476114869117737,-0.38567426781312664
10,LH-E2E,RealValue,3,1.200788140296936,0.9013084769248962,-0.2994796633720398,-0.33227210332450324
20,MLP,RealValue,3,0.8818342089653015,0.7587091326713562,-0.12312507629394531,-0.16228231741514887
20,MLP-E2E,RealValue,3,0.5825936198234558,0.7587091326713562,0.1761155128479004,0.2321252048565849
20,LH,RealValue,3,0.8700178265571594,0.7587091326713562,-0.11130869388580322,-0.14670799268475115
20,LH-E2E,RealValue,3,0.6173545718193054,0.7587091326713562,0.14135456085205078,0.18630929135431953
50,MLP,RealValue,3,1.0470092296600342,1.0514578819274902,0.004448652267456055,0.004230937200547648
50,MLP-E2E,RealValue,3,0.7920947074890137,1.0514578819274902,0.25936317443847656,0.2466700558305031
50,LH,RealValue,3,1.0478700399398804,1.0514578819274902,0.0035878419876098633,0.0034122545936245926
50,LH-E2E,RealValue,3,0.8069234490394592,1.0514578819274902,0.244534432888031,0.23256702630804416
75,MLP,RealValue,3,1.0597176551818848,0.8163384795188904,-0.24337917566299438,-0.2981351262608986
75,MLP-E2E,RealValue,3,0.8298289775848389,0.8163384795188904,-0.013490498065948486,-0.016525618238526645
75,LH,RealValue,3,1.0608443021774292,0.8163384795188904,-0.24450582265853882,-0.29951524862902273
75,LH-E2E,RealValue,3,0.822124183177948,0.8163384795188904,-0.005785703659057617,-0.007087383241406708
5,MLP,RealValue,3,1.3021138906478882,1.309106707572937,0.006992816925048828,0.005341670686275376
5,MLP-E2E,RealValue,3,1.366246223449707,1.309106707572937,-0.05713951587677002,-0.04364771454170132
5,LH,RealValue,3,1.3063386678695679,1.309106707572937,0.0027680397033691406,0.002114449255630996
5,LH-E2E,RealValue,3,1.3933743238449097,1.309106707572937,-0.08426761627197266,-0.06437031892396569
10,MLP,RealValue,3,1.2549915313720703,0.9013084769248962,-0.3536830544471741,-0.39241066017028664
10,MLP-E2E,RealValue,3,1.1696430444717407,0.9013084769248962,-0.2683345675468445,-0.2977166801563369
10,LH,RealValue,3,1.2555646896362305,0.9013084769248962,-0.35425621271133423,-0.393046578148242
10,LH-E2E,RealValue,3,1.2739248275756836,0.9013084769248962,-0.37261635065078735,-0.413417115438754
20,MLP,RealValue,3,0.879304051399231,0.7587091326713562,-0.12059491872787476,-0.15894749850086734
20,MLP-E2E,RealValue,3,0.591424822807312,0.7587091326713562,0.1672843098640442,0.22048543066174658
20,LH,RealValue,3,0.8698504567146301,0.7587091326713562,-0.11114132404327393,-0.14648739451962825
20,LH-E2E,RealValue,3,0.5914204120635986,0.7587091326713562,0.16728872060775757,0.2204912441461551
50,MLP,RealValue,3,1.0482102632522583,1.0514578819274902,0.0032476186752319336,0.00308868165910605
50,MLP-E2E,RealValue,3,0.7976221442222595,1.0514578819274902,0.2538357377052307,0.24141312939697523
50,LH,RealValue,3,1.0439625978469849,1.0514578819274902,0.007495284080505371,0.007128468205274488
50,LH-E2E,RealValue,3,0.7939857244491577,1.0514578819274902,0.2574721574783325,0.2448715844008368
75,MLP,RealValue,3,1.0586302280426025,0.8163384795188904,-0.24229174852371216,-0.29680304751346154
75,MLP-E2E,RealValue,3,0.8368980884552002,0.8163384795188904,-0.020559608936309814,-0.025185152301563235
75,LH,RealValue,3,1.0561611652374268,0.8163384795188904,-0.23982268571853638,-0.2937784898488137
75,LH-E2E,RealValue,3,0.8302583694458008,0.8163384795188904,-0.0139198899269104,-0.01705161556896607
5,MLP,RealValue,3,1.305250644683838,1.309106707572937,0.003856062889099121,0.002945568047885264
5,MLP-E2E,RealValue,3,1.3854143619537354,1.309106707572937,-0.07630765438079834,-0.05828986585995844
5,LH,RealValue,3,1.316249966621399,1.309106707572937,-0.007143259048461914,-0.005456590365888051
5,LH-E2E,RealValue,3,1.371675968170166,1.309106707572937,-0.062569260597229,-0.0477953861478805
10,MLP,RealValue,3,1.2445220947265625,0.9013084769248962,-0.34321361780166626,-0.3807948405995802
10,MLP-E2E,RealValue,3,1.1775236129760742,0.9013084769248962,-0.276215136051178,-0.30646015556580003
10,LH,RealValue,3,1.2359567880630493,0.9013084769248962,-0.3346483111381531,-0.37129164953592075
10,LH-E2E,RealValue,3,1.2096785306930542,0.9013084769248962,-0.30837005376815796,-0.34213597415644154
20,MLP,RealValue,3,0.8829816579818726,0.7587091326713562,-0.12427252531051636,-0.16379468752796267
20,MLP-E2E,RealValue,3,0.5870298743247986,0.7587091326713562,0.17167925834655762,0.22627809651122588
20,LH,RealValue,3,0.871435284614563,0.7587091326713562,-0.11272615194320679,-0.1485762423160859
20,LH-E2E,RealValue,3,0.6001808643341064,0.7587091326713562,0.15852826833724976,0.20894472138365328
50,MLP,RealValue,3,1.0472619533538818,1.0514578819274902,0.0041959285736083984,0.00399058169207557
50,MLP-E2E,RealValue,3,0.7872036695480347,1.0514578819274902,0.26425421237945557,0.25132172854611673
50,LH,RealValue,3,1.04486083984375,1.0514578819274902,0.006597042083740234,0.0062741857730400025
50,LH-E2E,RealValue,3,0.7929085493087769,1.0514578819274902,0.2585493326187134,0.2458960430680791
75,MLP,RealValue,3,1.0584325790405273,0.8163384795188904,-0.24209409952163696,-0.2965609310298778
75,MLP-E2E,RealValue,3,0.8395404815673828,0.8163384795188904,-0.02320200204849243,-0.02842203648438396
75,LH,RealValue,3,1.056577205657959,0.8163384795188904,-0.2402387261390686,-0.29428813190412567
75,LH-E2E,RealValue,3,0.8303021192550659,0.8163384795188904,-0.013963639736175537,-0.017105208300857037
5,MLP,RealValue,3,1.3128811120986938,1.309106707572937,-0.003774404525756836,-0.0028831908842286216
5,MLP-E2E,RealValue,3,1.1239567995071411,1.309106707572937,0.1851499080657959,0.14143225070556767
5,LH,RealValue,3,1.3206814527511597,1.309106707572937,-0.011574745178222656,-0.00884171252905888
5,LH-E2E,RealValue,3,1.344414472579956,1.309106707572937,-0.03530776500701904,-0.026970883888051477
10,MLP,RealValue,3,1.2517199516296387,0.9013084769248962,-0.35041147470474243,-0.3887808488169155
10,MLP-E2E,RealValue,3,1.2220041751861572,0.9013084769248962,-0.320695698261261,-0.3558112527193991
10,LH,RealValue,3,1.24531090259552,0.9013084769248962,-0.3440024256706238,-0.3816700213941166
10,LH-E2E,RealValue,3,1.2550666332244873,0.9013084769248962,-0.35375815629959106,-0.39249398552929493
20,MLP,RealValue,3,0.8830615878105164,0.7587091326713562,-0.12435245513916016,-0.16390003729271688
20,MLP-E2E,RealValue,3,0.595194935798645,0.7587091326713562,0.16351419687271118,0.21551631558327278
20,LH,RealValue,3,0.8686295747756958,0.7587091326713562,-0.1099204421043396,-0.14487823774747277
20,LH-E2E,RealValue,3,0.6183707118034363,0.7587091326713562,0.14033842086791992,0.18496999024355906
50,MLP,RealValue,3,1.047327995300293,1.0514578819274902,0.004129886627197266,0.0039277718092012625
50,MLP-E2E,RealValue,3,0.7918776869773865,1.0514578819274902,0.25958019495010376,0.2468764554546415
50,LH,RealValue,3,1.0465041399002075,1.0514578819274902,0.004953742027282715,0.004711308091772268
50,LH-E2E,RealValue,3,0.8165825009346008,1.0514578819274902,0.2348753809928894,0.22338068412433726
75,MLP,RealValue,3,1.0603554248809814,0.8163384795188904,-0.24401694536209106,-0.29891638270672066
75,MLP-E2E,RealValue,3,0.8349281549453735,0.8163384795188904,-0.018589675426483154,-0.022772019074047557
75,LH,RealValue,3,1.0559535026550293,0.8163384795188904,-0.23961502313613892,-0.2935241069088844
75,LH-E2E,RealValue,3,0.8266215324401855,0.8163384795188904,-0.010283052921295166,-0.012596555447631833
5,MLP,RealValue,4,1.234299898147583,1.309106707572937,0.074806809425354,0.05714340091041519
5,MLP-E2E,RealValue,4,0.9552233815193176,1.309106707572937,0.3538833260536194,0.2703242783850015
5,LH,RealValue,4,1.2447680234909058,1.309106707572937,0.06433868408203125,0.049147012775844795
5,LH-E2E,RealValue,4,0.9100254774093628,1.309106707572937,0.3990812301635742,0.304850038468953
10,MLP,RealValue,4,1.0725222826004028,0.9013084769248962,-0.1712138056755066,-0.18996138398659865
10,MLP-E2E,RealValue,4,0.8255539536476135,0.9013084769248962,0.07575452327728271,0.08404949605682578
10,LH,RealValue,4,1.0813156366348267,0.9013084769248962,-0.18000715970993042,-0.19971759316419915
10,LH-E2E,RealValue,4,0.8563123941421509,0.9013084769248962,0.04499608278274536,0.049923066225077535
20,MLP,RealValue,4,0.8982560038566589,0.7587091326713562,-0.13954687118530273,-0.18392670547403192
20,MLP-E2E,RealValue,4,0.6564601063728333,0.7587091326713562,0.10224902629852295,0.13476709570967207
20,LH,RealValue,4,0.8866400718688965,0.7587091326713562,-0.12793093919754028,-0.16861658004182095
20,LH-E2E,RealValue,4,0.6952918767929077,0.7587091326713562,0.06341725587844849,0.0835857289013528
50,MLP,RealValue,4,1.0735005140304565,1.0514578819274902,-0.02204263210296631,-0.020963875474078564
50,MLP-E2E,RealValue,4,1.0066546201705933,1.0514578819274902,0.04480326175689697,0.04261061001774549
50,LH,RealValue,4,1.0744411945343018,1.0514578819274902,-0.022983312606811523,-0.021858519491697984
50,LH-E2E,RealValue,4,1.0222208499908447,1.0514578819274902,0.029237031936645508,0.027806184573983466
75,MLP,RealValue,4,1.0765379667282104,0.8163384795188904,-0.26019948720932007,-0.31873970630744836
75,MLP-E2E,RealValue,4,0.9597356915473938,0.8163384795188904,-0.14339721202850342,-0.17565901354180274
75,LH,RealValue,4,1.07815682888031,0.8163384795188904,-0.2618183493614197,-0.3207227834166564
75,LH-E2E,RealValue,4,0.9949607253074646,0.8163384795188904,-0.17862224578857422,-0.21880904829311165
5,MLP,RealValue,4,1.2235747575759888,1.309106707572937,0.08553194999694824,0.06533611775278664
5,MLP-E2E,RealValue,4,0.9782400131225586,1.309106707572937,0.3308666944503784,0.2527423414274609
5,LH,RealValue,4,1.2579737901687622,1.309106707572937,0.051132917404174805,0.03905939608160317
5,LH-E2E,RealValue,4,0.8953104019165039,1.309106707572937,0.4137963056564331,0.31609058548298546
10,MLP,RealValue,4,1.0595804452896118,0.9013084769248962,-0.15827196836471558,-0.1756024406923491
10,MLP-E2E,RealValue,4,0.8055630326271057,0.9013084769248962,0.09574544429779053,0.10622938400008941
10,LH,RealValue,4,1.0838589668273926,0.9013084769248962,-0.18255048990249634,-0.202539413060139
10,LH-E2E,RealValue,4,0.8442613482475281,0.9013084769248962,0.057047128677368164,0.0632936781777564
20,MLP,RealValue,4,0.8993499279022217,0.7587091326713562,-0.14064079523086548,-0.18536852816794244
20,MLP-E2E,RealValue,4,0.6653298735618591,0.7587091326713562,0.09337925910949707,0.12307649280655937
20,LH,RealValue,4,0.8866972327232361,0.7587091326713562,-0.12798810005187988,-0.16869191965733124
20,LH-E2E,RealValue,4,0.685991108417511,0.7587091326713562,0.07271802425384521,0.09584440350389704
50,MLP,RealValue,4,1.0730149745941162,1.0514578819274902,-0.021557092666625977,-0.02050209812218858
50,MLP-E2E,RealValue,4,1.0041435956954956,1.0514578819274902,0.04731428623199463,0.04499874606984731
50,LH,RealValue,4,1.0756566524505615,1.0514578819274902,-0.02419877052307129,-0.023014493437160867
50,LH-E2E,RealValue,4,1.0098458528518677,1.0514578819274902,0.04161202907562256,0.03957555484708628
75,MLP,RealValue,4,1.0753885507583618,0.8163384795188904,-0.25905007123947144,-0.3173316923540622
75,MLP-E2E,RealValue,4,0.965332567691803,0.8163384795188904,-0.1489940881729126,-0.18251508646354925
75,LH,RealValue,4,1.0779316425323486,0.8163384795188904,-0.26159316301345825,-0.32044693417812226
75,LH-E2E,RealValue,4,0.9818699359893799,0.8163384795188904,-0.1655314564704895,-0.2027730661037142
5,MLP,RealValue,4,1.2262197732925415,1.309106707572937,0.08288693428039551,0.06331564401962814
5,MLP-E2E,RealValue,4,0.9717199206352234,1.309106707572937,0.3373867869377136,0.2577229075261736
5,LH,RealValue,4,1.2593861818313599,1.309106707572937,0.04972052574157715,0.03798049880422522
5,LH-E2E,RealValue,4,1.458195686340332,1.309106707572937,-0.14908897876739502,-0.11388603992703056
10,MLP,RealValue,4,1.0616635084152222,0.9013084769248962,-0.16035503149032593,-0.1779135951737952
10,MLP-E2E,RealValue,4,0.7925015091896057,0.9013084769248962,0.10880696773529053,0.12072111881885378
10,LH,RealValue,4,1.089914321899414,0.9013084769248962,-0.18860584497451782,-0.2092578177207512
10,LH-E2E,RealValue,4,0.8511382937431335,0.9013084769248962,0.050170183181762695,0.05566372054208833
20,MLP,RealValue,4,0.8985613584518433,0.7587091326713562,-0.13985222578048706,-0.18432917142842103
20,MLP-E2E,RealValue,4,0.6661947965621948,0.7587091326713562,0.09251433610916138,0.12193649993829064
20,LH,RealValue,4,0.887211263179779,0.7587091326713562,-0.12850213050842285,-0.16936942627272297
20,LH-E2E,RealValue,4,0.6916807293891907,0.7587091326713562,0.06702840328216553,0.08834532285931988
50,MLP,RealValue,4,1.0708115100860596,1.0514578819274902,-0.019353628158569336,-0.018406470188887684
50,MLP-E2E,RealValue,4,1.0039036273956299,1.0514578819274902,0.04755425453186035,0.04522697042765594
50,LH,RealValue,4,1.075331449508667,1.0514578819274902,-0.023873567581176758,-0.022705205782862833
50,LH-E2E,RealValue,4,1.0365283489227295,1.0514578819274902,0.014929533004760742,0.014198888287748172
75,MLP,RealValue,4,1.0739822387695312,0.8163384795188904,-0.25764375925064087,-0.3156089853837141
75,MLP-E2E,RealValue,4,0.9713791012763977,0.8163384795188904,-0.15504062175750732,-0.18992198168691082
75,LH,RealValue,4,1.0781389474868774,0.8163384795188904,-0.26180046796798706,-0.32070087903032496
75,LH-E2E,RealValue,4,0.9705147743225098,0.8163384795188904,-0.15417629480361938,-0.18886319666626922
5,MLP,RealValue,4,1.227556586265564,1.309106707572937,0.08155012130737305,0.06229447976671487
5,MLP-E2E,RealValue,4,0.955051064491272,1.309106707572937,0.35405564308166504,0.2704559078595499
5,LH,RealValue,4,1.259870171546936,1.309106707572937,0.04923653602600098,0.03761078889992454
5,LH-E2E,RealValue,4,0.8545461297035217,1.309106707572937,0.4545605778694153,0.347229584295816
10,MLP,RealValue,4,1.0606330633163452,0.9013084769248962,-0.15932458639144897,-0.17677031834321147
10,MLP-E2E,RealValue,4,0.8203348517417908,0.9013084769248962,0.08097362518310547,0.08984007945800425
10,LH,RealValue,4,1.08774995803833,0.9013084769248962,-0.18644148111343384,-0.20685646023161672
10,LH-E2E,RealValue,4,0.8280125260353088,0.9013084769248962,0.0732959508895874,0.08132171478033814
20,MLP,RealValue,4,0.8989096879959106,0.7587091326713562,-0.14020055532455444,-0.1847882795754931
20,MLP-E2E,RealValue,4,0.6642014384269714,0.7587091326713562,0.09450769424438477,0.12456380208793649
20,LH,RealValue,4,0.8855934739112854,0.7587091326713562,-0.1268843412399292,-0.16723713446440172
20,LH-E2E,RealValue,4,0.6835599541664124,0.7587091326713562,0.07514917850494385,0.09904873326138754
50,MLP,RealValue,4,1.0708295106887817,1.0514578819274902,-0.019371628761291504,-0.018423589850104328
50,MLP-E2E,RealValue,4,1.0078444480895996,1.0514578819274902,0.043613433837890625,0.041479011748849354
50,LH,RealValue,4,1.0729494094848633,1.0514578819274902,-0.021491527557373047,-0.020439741740273652
50,LH-E2E,RealValue,4,1.0129504203796387,1.0514578819274902,0.03850746154785156,0.036622923475794614
75,MLP,RealValue,4,1.076771855354309,0.8163384795188904,-0.2604333758354187,-0.31902621568066386
75,MLP-E2E,RealValue,4,0.9840692281723022,0.8163384795188904,-0.16773074865341187,-0.20546715959324138
75,LH,RealValue,4,1.0777004957199097,0.8163384795188904,-0.2613620162010193,-0.3201637834774776
75,LH-E2E,RealValue,4,0.9822984337806702,0.8163384795188904,-0.16595995426177979,-0.20329796821483706
5,MLP,RealValue,4,1.2427860498428345,1.309106707572937,0.06632065773010254,0.050661002152421926
5,MLP-E2E,RealValue,4,1.3301622867584229,1.309106707572937,-0.02105557918548584,-0.016083928883477
5,LH,RealValue,4,1.238114595413208,1.309106707572937,0.070992112159729,0.05422943122134578
5,LH-E2E,RealValue,4,0.9037573933601379,1.309106707572937,0.4053493142127991,0.30963810044508155
10,MLP,RealValue,4,1.071202039718628,0.9013084769248962,-0.1698935627937317,-0.18849657708022255
10,MLP-E2E,RealValue,4,0.793273389339447,0.9013084769248962,0.10803508758544922,0.11986471929571291
10,LH,RealValue,4,1.080754280090332,0.9013084769248962,-0.1794458031654358,-0.19909476917123076
10,LH-E2E,RealValue,4,0.836406409740448,0.9013084769248962,0.06490206718444824,0.07200871715517701
20,MLP,RealValue,4,0.8989719152450562,0.7587091326713562,-0.14026278257369995,-0.18487029684201314
20,MLP-E2E,RealValue,4,0.660657525062561,0.7587091326713562,0.09805160760879517,0.12923477968897387
20,LH,RealValue,4,0.8880192637443542,0.7587091326713562,-0.12931013107299805,-0.17043439376788186
20,LH-E2E,RealValue,4,0.7075232863426208,0.7587091326713562,0.05118584632873535,0.06746438671235437
50,MLP,RealValue,4,1.0704752206802368,1.0514578819274902,-0.019017338752746582,-0.018086638637284037
50,MLP-E2E,RealValue,4,1.0082004070281982,1.0514578819274902,0.04325747489929199,0.04114047328267123
50,LH,RealValue,4,1.0742332935333252,1.0514578819274902,-0.02277541160583496,-0.021660793073407746
50,LH-E2E,RealValue,4,1.0326939821243286,1.0514578819274902,0.01876389980316162,0.017845602877372888
75,MLP,RealValue,4,1.0768723487854004,0.8163384795188904,-0.26053386926651,-0.3191493183318466
75,MLP-E2E,RealValue,4,0.9689807295799255,0.8163384795188904,-0.15264225006103516,-0.1869840193628934
75,LH,RealValue,4,1.0788497924804688,0.8163384795188904,-0.26251131296157837,-0.3215716514016215
75,LH-E2E,RealValue,4,0.9636267423629761,0.8163384795188904,-0.1472882628440857,-0.1804254810221492
5,MLP,RealValue,4,1.2426350116729736,1.309106707572937,0.06647169589996338,0.05077637713979852
5,MLP-E2E,RealValue,4,1.3790642023086548,1.309106707572937,-0.06995749473571777,-0.05343910800473848
5,LH,RealValue,4,1.2526687383651733,1.309106707572937,0.05643796920776367,0.043111817303570894
5,LH-E2E,RealValue,4,1.3861016035079956,1.309106707572937,-0.0769948959350586,-0.05881483571175485
10,MLP,RealValue,4,1.0585139989852905,0.9013084769248962,-0.1572055220603943,-0.1744192205944312
10,MLP-E2E,RealValue,4,0.7919003367424011,0.9013084769248962,0.10940814018249512,0.12138811847834403
10,LH,RealValue,4,1.0854939222335815,0.9013084769248962,-0.1841854453086853,-0.20435339289950227
10,LH-E2E,RealValue,4,0.8723784685134888,0.9013084769248962,0.02893000841140747,0.03209778799608265
20,MLP,RealValue,4,0.8960198163986206,0.7587091326713562,-0.1373106837272644,-0.18097934743951757
20,MLP-E2E,RealValue,4,0.6622269749641418,0.7587091326713562,0.09648215770721436,0.1271662005273459
20,LH,RealValue,4,0.8869395852088928,0.7587091326713562,-0.12823045253753662,-0.16901134705739881
20,LH-E2E,RealValue,4,0.693580687046051,0.7587091326713562,0.06512844562530518,0.08584112517005424
50,MLP,RealValue,4,1.0755282640457153,1.0514578819274902,-0.024070382118225098,-0.022892388303847457
50,MLP-E2E,RealValue,4,0.9903870820999146,1.0514578819274902,0.061070799827575684,0.05808202199751754
50,LH,RealValue,4,1.0752758979797363,1.0514578819274902,-0.023818016052246094,-0.022652372921094916
50,LH-E2E,RealValue,4,0.9997854232788086,1.0514578819274902,0.05167245864868164,0.049143631463352364
75,MLP,RealValue,4,1.0745216608047485,0.8163384795188904,-0.25818318128585815,-0.3162697677047131
75,MLP-E2E,RealValue,4,0.9874449372291565,0.8163384795188904,-0.1711064577102661,-0.20960234265951522
75,LH,RealValue,4,1.0773259401321411,0.8163384795188904,-0.26098746061325073,-0.31970495959845463
75,LH-E2E,RealValue,4,0.9863333106040955,0.8163384795188904,-0.16999483108520508,-0.20824061997590956
5,MLP,RealValue,4,1.2269165515899658,1.309106707572937,0.08219015598297119,0.06278338924360904
5,MLP-E2E,RealValue,4,0.9769390225410461,1.309106707572937,0.33216768503189087,0.25373614168376274
5,LH,RealValue,4,1.2362326383590698,1.309106707572937,0.07287406921386719,0.05566701995513761
5,LH-E2E,RealValue,4,0.917003870010376,1.309106707572937,0.39210283756256104,0.2995193862305644
10,MLP,RealValue,4,1.056296706199646,0.9013084769248962,-0.15498822927474976,-0.17195913856656708
10,MLP-E2E,RealValue,4,0.7978122234344482,0.9013084769248962,0.103496253490448,0.11482889170593263
10,LH,RealValue,4,1.0798912048339844,0.9013084769248962,-0.17858272790908813,-0.1981371888550084
10,LH-E2E,RealValue,4,0.8641537427902222,0.9013084769248962,0.03715473413467407,0.041223105169763186
20,MLP,RealValue,4,0.9003042578697205,0.7587091326713562,-0.14159512519836426,-0.18662636193638366
20,MLP-E2E,RealValue,4,0.6734621524810791,0.7587091326713562,0.0852469801902771,0.11235792020866953
20,LH,RealValue,4,0.88673996925354,0.7587091326713562,-0.12803083658218384,-0.16874824760761367
20,LH-E2E,RealValue,4,0.6823335289955139,0.7587091326713562,0.07637560367584229,0.10066519616935371
50,MLP,RealValue,4,1.0758652687072754,1.0514578819274902,-0.024407386779785156,-0.023212900106890175
50,MLP-E2E,RealValue,4,1.0212162733078003,1.0514578819274902,0.03024160861968994,0.028761597720159977
50,LH,RealValue,4,1.0746593475341797,1.0514578819274902,-0.023201465606689453,-0.02206599618061492
50,LH-E2E,RealValue,4,1.0000123977661133,1.0514578819274902,0.05144548416137695,0.04892776500668687
75,MLP,RealValue,4,1.0747036933898926,0.8163384795188904,-0.2583652138710022,-0.31649275435756735
75,MLP-E2E,RealValue,4,0.9695113301277161,0.8163384795188904,-0.15317285060882568,-0.18763399551996887
75,LH,RealValue,4,1.0778007507324219,0.8163384795188904,-0.2614622712135315,-0.32028659407017596
75,LH-E2E,RealValue,4,0.9734481573104858,0.8163384795188904,-0.15710967779159546,-0.19245653822932388
5,MLP,RealValue,4,1.2286852598190308,1.309106707572937,0.08042144775390625,0.06143230898496146
5,MLP-E2E,RealValue,4,0.911575973033905,1.309106707572937,0.397530734539032,0.3036656463826754
5,LH,RealValue,4,1.2484008073806763,1.309106707572937,0.06070590019226074,0.046372003016322876
5,LH-E2E,RealValue,4,0.8930301666259766,1.309106707572937,0.41607654094696045,0.3178324108646267
10,MLP,RealValue,4,1.062408447265625,0.9013084769248962,-0.16109997034072876,-0.1787401033776728
10,MLP-E2E,RealValue,4,0.798304557800293,0.9013084769248962,0.10300391912460327,0.11428264768576711
10,LH,RealValue,4,1.0847874879837036,0.9013084769248962,-0.18347901105880737,-0.20356960547492578
10,LH-E2E,RealValue,4,0.8387380838394165,0.9013084769248962,0.06257039308547974,0.0694217292829185
20,MLP,RealValue,4,0.9011191725730896,0.7587091326713562,-0.1424100399017334,-0.18770044246115591
20,MLP-E2E,RealValue,4,0.6651321053504944,0.7587091326713562,0.09357702732086182,0.12333715687774092
20,LH,RealValue,4,0.8857400417327881,0.7587091326713562,-0.12703090906143188,-0.16743031498008448
20,LH-E2E,RealValue,4,0.6960886120796204,0.7587091326713562,0.06262052059173584,0.08253560935961562
50,MLP,RealValue,4,1.0707453489303589,1.0514578819274902,-0.019287467002868652,-0.018343546930773533
50,MLP-E2E,RealValue,4,1.0140142440795898,1.0514578819274902,0.03744363784790039,0.035611162835414975
50,LH,RealValue,4,1.0735667943954468,1.0514578819274902,-0.022108912467956543,-0.021026912107432565
50,LH-E2E,RealValue,4,1.0135164260864258,1.0514578819274902,0.03794145584106445,0.03608461783700903
75,MLP,RealValue,4,1.076788306236267,0.8163384795188904,-0.2604498267173767,-0.3190463677160888
75,MLP-E2E,RealValue,4,0.9970195293426514,0.8163384795188904,-0.180681049823761,-0.22133104632069467
75,LH,RealValue,4,1.0748729705810547,0.8163384795188904,-0.2585344910621643,-0.31670011588150515
75,LH-E2E,RealValue,4,0.96250319480896,0.8163384795188904,-0.14616471529006958,-0.17904915541432256
5,MLP,RealValue,4,1.2392973899841309,1.309106707572937,0.06980931758880615,0.05332591849462869
5,MLP-E2E,RealValue,4,1.0212329626083374,1.309106707572937,0.2878737449645996,0.2199009013545679
5,LH,RealValue,4,1.2536615133285522,1.309106707572937,0.055445194244384766,0.04235345669199058
5,LH-E2E,RealValue,4,0.9755460619926453,1.309106707572937,0.33356064558029175,0.254800195928037
10,MLP,RealValue,4,1.0622135400772095,0.9013084769248962,-0.16090506315231323,-0.17852385423167505
10,MLP-E2E,RealValue,4,0.817650556564331,0.9013084769248962,0.08365792036056519,0.09281829973017794
10,LH,RealValue,4,1.0881386995315552,0.9013084769248962,-0.18683022260665894,-0.20728776816134065
10,LH-E2E,RealValue,4,0.8367249965667725,0.9013084769248962,0.06458348035812378,0.07165524569176482
20,MLP,RealValue,4,0.8990710377693176,0.7587091326713562,-0.14036190509796143,-0.18500094312000437
20,MLP-E2E,RealValue,4,0.6639639139175415,0.7587091326713562,0.0947452187538147,0.12487686607939476
20,LH,RealValue,4,0.8875976204872131,0.7587091326713562,-0.12888848781585693,-0.1698786560826684
20,LH-E2E,RealValue,4,0.7005074620246887,0.7587091326713562,0.05820167064666748,0.07671144070949021
50,MLP,RealValue,4,1.0691275596618652,1.0514578819274902,-0.017669677734375,-0.016804931550832694
50,MLP-E2E,RealValue,4,0.9850214123725891,1.0514578819274902,0.06643646955490112,0.0631850982305753
50,LH,RealValue,4,1.0733191967010498,1.0514578819274902,-0.02186131477355957,-0.020791431734273835
50,LH-E2E,RealValue,4,0.9961828589439392,1.0514578819274902,0.055275022983551025,0.05256988789909785
75,MLP,RealValue,4,1.074651837348938,0.8163384795188904,-0.2583133578300476,-0.3164292316372061
75,MLP-E2E,RealValue,4,0.9889438152313232,0.8163384795188904,-0.17260533571243286,-0.2114384413364392
75,LH,RealValue,4,1.0779317617416382,0.8163384795188904,-0.2615932822227478,-0.32044708020736445
75,LH-E2E,RealValue,4,0.9668636322021484,0.8163384795188904,-0.15052515268325806,-0.18439061303586982
5,MLP,RealValue,4,1.2410283088684082,1.309106707572937,0.06807839870452881,0.05200370474821344
5,MLP-E2E,RealValue,4,1.412176251411438,1.309106707572937,-0.10306954383850098,-0.07873272915207216
5,LH,RealValue,4,1.2700685262680054,1.309106707572937,0.03903818130493164,0.029820473059303017
5,LH-E2E,RealValue,4,0.8761867880821228,1.309106707572937,0.4329199194908142,0.330698725311278
10,MLP,RealValue,4,1.0658594369888306,0.9013084769248962,-0.16455096006393433,-0.18256896975534154
10,MLP-E2E,RealValue,4,0.7892367839813232,0.9013084769248962,0.112071692943573,0.12434332507993448
10,LH,RealValue,4,1.081780195236206,0.9013084769248962,-0.18047171831130981,-0.2002330200277791
10,LH-E2E,RealValue,4,0.8606474995613098,0.9013084769248962,0.040660977363586426,0.04511327520441662
20,MLP,RealValue,4,0.898483395576477,0.7587091326713562,-0.13977426290512085,-0.18422641416347063
20,MLP-E2E,RealValue,4,0.6635226607322693,0.7587091326713562,0.09518647193908691,0.12545845020204607
20,LH,RealValue,4,0.8861125111579895,0.7587091326713562,-0.1274033784866333,-0.1679212401702031
20,LH-E2E,RealValue,4,0.68875652551651,0.7587091326713562,0.06995260715484619,0.09219950590096164
50,MLP,RealValue,4,1.0723165273666382,1.0514578819274902,-0.02085864543914795,-0.019837832591934848
50,MLP-E2E,RealValue,4,0.9897732138633728,1.0514578819274902,0.06168466806411743,0.05866584779510101
50,LH,RealValue,4,1.0737502574920654,1.0514578819274902,-0.022292375564575195,-0.021201396601554512
50,LH-E2E,RealValue,4,1.0224052667617798,1.0514578819274902,0.02905261516571045,0.027630793077942757
75,MLP,RealValue,4,1.0744374990463257,0.8163384795188904,-0.2580990195274353,-0.316166671059713
75,MLP-E2E,RealValue,4,0.9909374713897705,0.8163384795188904,-0.17459899187088013,-0.2138806343831546
75,LH,RealValue,4,1.0765575170516968,0.8163384795188904,-0.2602190375328064,-0.31876365510317073
75,LH-E2E,RealValue,4,0.9639676213264465,0.8163384795188904,-0.14762914180755615,-0.18084305164024791
