sample,strategy,imputation,upstream,rmse_test,best_st_rmse,abs_gain,pct_gain
5,MLP,Mean,4,6.199501037597656,5.372191905975342,-0.8273091316223145,-0.15399843231626203
20,LH-E2E,Mean,4,1.727028250694275,4.105693817138672,2.378665566444397,0.5793577583683845
5,MLP-E2E,Mean,4,5.274234294891357,5.372191905975342,0.09795761108398438,0.01823419803284183
5,MLP-E2E,Mean,4,5.589611530303955,5.372191905975342,-0.21741962432861328,-0.040471306337136505
50,MLP,Mean,4,5.888163089752197,0.8741381168365479,-5.014024972915649,-5.735964233044885
5,LH,Mean,4,2.7052974700927734,5.372191905975342,2.6668944358825684,0.49642575741128214
50,MLP,Mean,4,6.116476058959961,0.8741381168365479,-5.242337942123413,-5.997150611730686
5,LH,Mean,4,2.652012586593628,5.372191905975342,2.720179319381714,0.5063444059688436
5,LH-E2E,Mean,4,1.9212353229522705,5.372191905975342,3.4509565830230713,0.6423740334340378
5,LH,Mean,4,2.584791421890259,5.372191905975342,2.787400484085083,0.5188572063080498
50,MLP-E2E,Mean,4,1.7697534561157227,0.8741381168365479,-0.8956153392791748,-1.0245695983608993
5,LH-E2E,Mean,4,1.9643951654434204,5.372191905975342,3.4077967405319214,0.6343400980783137
50,MLP-E2E,Mean,4,2.1937711238861084,0.8741381168365479,-1.3196330070495605,-1.5096390165723825
5,LH-E2E,Mean,4,1.987760305404663,5.372191905975342,3.3844316005706787,0.6299908230765674
10,MLP,Mean,4,5.9132513999938965,4.661200046539307,-1.2520513534545898,-0.2686113749578655
50,LH,Mean,4,2.3269143104553223,0.8741381168365479,-1.4527761936187744,-1.6619526887539033
10,MLP,Mean,4,5.959941387176514,4.661200046539307,-1.298741340637207,-0.2786281059963203
50,LH,Mean,4,2.251274347305298,0.8741381168365479,-1.37713623046875,-1.5754217828328108
10,MLP-E2E,Mean,4,4.501932144165039,4.661200046539307,0.15926790237426758,0.03416886226381027
10,MLP,Mean,4,6.165079116821289,4.661200046539307,-1.5038790702819824,-0.3226377446294185
10,MLP-E2E,Mean,4,5.166843414306641,4.661200046539307,-0.505643367767334,-0.10847922481738309
50,LH-E2E,Mean,4,1.6062591075897217,0.8741381168365479,-0.7321209907531738,-0.8375346831947733
10,MLP-E2E,Mean,4,5.515297889709473,4.661200046539307,-0.854097843170166,-0.18323561199744864
50,LH-E2E,Mean,4,1.5846530199050903,0.8741381168365479,-0.7105149030685425,-0.8128176650617323
10,LH,Mean,4,2.6304972171783447,4.661200046539307,2.030702829360962,0.4356609476284226
10,LH,Mean,4,2.586050510406494,4.661200046539307,2.0751495361328125,0.44519641195693815
10,LH,Mean,4,2.517411470413208,4.661200046539307,2.1437885761260986,0.45992202752974476
10,LH-E2E,Mean,4,1.8856415748596191,4.661200046539307,2.7755584716796875,0.5954600626378163
10,LH-E2E,Mean,4,1.8962979316711426,4.661200046539307,2.764902114868164,0.5931738795293622
75,MLP,Mean,4,5.880473613739014,1.1268813610076904,-4.753592252731323,-4.21836088271131
10,LH-E2E,Mean,4,1.9033235311508179,4.661200046539307,2.7578765153884888,0.5916666283044568
75,MLP,Mean,4,6.108516216278076,1.1268813610076904,-4.981634855270386,-4.420726997219709
20,MLP,Mean,4,5.885464191436768,4.105693817138672,-1.7797703742980957,-0.4334883343878887
20,MLP,Mean,4,5.921158313751221,4.105693817138672,-1.8154644966125488,-0.44218214447315435
20,MLP,Mean,4,6.137442111968994,4.105693817138672,-2.0317482948303223,-0.494861133177798
20,MLP-E2E,Mean,4,4.383764266967773,4.105693817138672,-0.27807044982910156,-0.06772800462331934
20,MLP-E2E,Mean,4,5.050420761108398,4.105693817138672,-0.9447269439697266,-0.23010165541962477
20,MLP-E2E,Mean,4,5.455173015594482,4.105693817138672,-1.3494791984558105,-0.32868481152261997
75,MLP-E2E,Mean,4,1.3542938232421875,1.1268813610076904,-0.22741246223449707,-0.20180692493763333
75,MLP-E2E,Mean,4,1.3366936445236206,1.1268813610076904,-0.20981228351593018,-0.18618844074970756
20,LH,Mean,4,2.495974540710449,4.105693817138672,1.6097192764282227,0.3920699760193183
20,LH,Mean,4,2.4574902057647705,4.105693817138672,1.6482036113739014,0.4014433819915394
20,LH,Mean,4,2.381387233734131,4.105693817138672,1.724306583404541,0.4199793409354231
20,LH-E2E,Mean,4,1.7627522945404053,4.105693817138672,2.3429415225982666,0.5706566604694119
75,LH,Mean,4,2.239719867706299,1.1268813610076904,-1.1128385066986084,-0.987538302793007
20,LH-E2E,Mean,4,1.771809458732605,4.105693817138672,2.333884358406067,0.5684506595848862
75,LH,Mean,4,2.3168797492980957,1.1268813610076904,-1.1899983882904053,-1.0560103569609793
50,MLP,Mean,4,5.858466625213623,0.8741381168365479,-4.984328508377075,-5.7019919534169885
5,LH-E2E,Mean,4,1.9236886501312256,5.372191905975342,3.448503255844116,0.6419173618888112
50,MLP-E2E,Mean,4,1.7405256032943726,0.8741381168365479,-0.8663874864578247,-0.9911334030292922
50,MLP-E2E,Mean,4,1.7482495307922363,0.8741381168365479,-0.8741114139556885,-0.9999694523321372
75,LH-E2E,Mean,4,1.2438255548477173,1.1268813610076904,-0.11694419384002686,-0.10377684633584845
10,MLP,Mean,4,5.920093536376953,4.661200046539307,-1.2588934898376465,-0.27007926655546743
75,LH-E2E,Mean,4,1.250990390777588,1.1268813610076904,-0.12410902976989746,-0.11013495658399702
50,LH,Mean,4,2.36751651763916,0.8741381168365479,-1.4933784008026123,-1.708400963233427
50,LH,Mean,4,2.388396978378296,0.8741381168365479,-1.514258861541748,-1.7322878757669988
10,MLP-E2E,Mean,4,4.757641792297363,4.661200046539307,-0.09644174575805664,-0.020690325408723773
50,LH-E2E,Mean,4,1.6044329404830933,0.8741381168365479,-0.7302948236465454,-0.8354455772840996
50,LH-E2E,Mean,4,1.6158840656280518,0.8741381168365479,-0.7417459487915039,-0.8485454809771217
10,LH,Mean,4,2.6467535495758057,4.661200046539307,2.014446496963501,0.43217336240677345
10,LH-E2E,Mean,4,1.8950695991516113,4.661200046539307,2.7661304473876953,0.5934374023362075
5,MLP,Mean,4,6.00553560256958,5.372191905975342,-0.6333436965942383,-0.1178929769597001
75,MLP,Mean,4,5.851911544799805,1.1268813610076904,-4.725030183792114,-4.193014763831797
5,MLP,Mean,4,5.951073169708252,5.372191905975342,-0.5788812637329102,-0.10775513493645608
75,MLP,Mean,4,5.843846321105957,1.1268813610076904,-4.716964960098267,-4.185857645103135
5,MLP-E2E,Mean,4,4.663253307342529,5.372191905975342,0.7089385986328125,0.1319644962504559
20,MLP,Mean,4,5.882663726806641,4.105693817138672,-1.7769699096679688,-0.4328062414810974
10,MLP,Mean,4,5.831210136413574,4.661200046539307,-1.1700100898742676,-0.25101048618218774
10,MLP-E2E,Mean,4,4.450186729431152,4.661200046539307,0.2110133171081543,0.04527016969907148
20,MLP-E2E,Mean,4,4.625969409942627,4.105693817138672,-0.5202755928039551,-0.12672050473713697
75,MLP-E2E,Mean,4,1.3438401222229004,1.1268813610076904,-0.21695876121520996,-0.1925302598147502
50,LH,Mean,4,1.9693855047225952,0.8741381168365479,-1.0952473878860474,-1.2529454634122126
75,MLP-E2E,Mean,4,1.3324859142303467,1.1268813610076904,-0.20560455322265625,-0.18245448042445092
10,LH,Mean,4,2.2359774112701416,4.661200046539307,2.425222635269165,0.5203000538605427
20,LH,Mean,4,2.5213284492492676,4.105693817138672,1.5843653678894043,0.38589467175454784
50,LH-E2E,Mean,4,1.5658915042877197,0.8741381168365479,-0.6917533874511719,-0.7913547917971875
10,LH-E2E,Mean,4,2.1153271198272705,4.661200046539307,2.545872926712036,0.5461840086872503
75,LH,Mean,4,2.354585886001587,1.1268813610076904,-1.2277045249938965,-1.089470966043885
20,LH-E2E,Mean,4,1.7727488279342651,4.105693817138672,2.3329449892044067,0.5682218628836467
75,LH,Mean,4,2.381596326828003,1.1268813610076904,-1.2547149658203125,-1.1134401625902388
20,MLP,Mean,4,5.800800800323486,4.105693817138672,-1.6951069831848145,-0.41286736388106104
50,MLP,Mean,4,5.853603839874268,0.8741381168365479,-4.97946572303772,-5.696429004901537
75,MLP,Mean,4,5.768887996673584,1.1268813610076904,-4.6420066356658936,-4.119339263465033
20,MLP-E2E,Mean,4,4.3377861976623535,4.105693817138672,-0.23209238052368164,-0.05652939329154135
75,LH-E2E,Mean,4,1.2517192363739014,1.1268813610076904,-0.12483787536621094,-0.11078173771068255
10,MLP,Mean,4,6.286152362823486,4.661200046539307,-1.6249523162841797,-0.34861243886981863
10,MLP-E2E,Mean,4,5.652470588684082,4.661200046539307,-0.9912705421447754,-0.21266423501405848
20,LH,Mean,4,2.0998494625091553,4.105693817138672,2.0058443546295166,0.48855186089532215
75,LH-E2E,Mean,4,1.249050498008728,1.1268813610076904,-0.1221691370010376,-0.10841348630683745
20,LH-E2E,Mean,4,1.76576828956604,4.105693817138672,2.339925527572632,0.5699220720758388
10,LH,Mean,4,2.1533164978027344,4.661200046539307,2.5078835487365723,0.538033880480745
75,MLP-E2E,Mean,4,1.331979751586914,1.1268813610076904,-0.20509839057922363,-0.18200530923310207
50,MLP,Mean,4,5.773801326751709,0.8741381168365479,-4.899663209915161,-5.605136208505289
10,LH-E2E,Mean,4,2.0789072513580322,4.661200046539307,2.5822927951812744,0.5539974189905215
5,MLP,Mean,4,5.96812629699707,5.372191905975342,-0.5959343910217285,-0.11092946816715298
5,MLP-E2E,Mean,4,4.922994613647461,5.372191905975342,0.44919729232788086,0.08361527290718171
50,MLP-E2E,Mean,4,1.7529574632644653,0.8741381168365479,-0.8788193464279175,-1.0053552516486877
75,LH,Mean,4,1.9600248336791992,1.1268813610076904,-0.8331434726715088,-0.7393355693863704
20,MLP,Mean,4,6.261015892028809,4.105693817138672,-2.1553220748901367,-0.5249592811556069
5,MLP,Mean,4,5.8715500831604,5.372191905975342,-0.4993581771850586,-0.0929524086117691
50,LH-E2E,Mean,4,1.5481359958648682,0.8741381168365479,-0.6739978790283203,-0.771042774644672
5,LH,Mean,4,2.709038734436035,5.372191905975342,2.6631531715393066,0.4957293443998444
20,MLP-E2E,Mean,4,5.624812126159668,4.105693817138672,-1.519118309020996,-0.370002824535926
5,MLP-E2E,Mean,4,4.6271185874938965,5.372191905975342,0.7450733184814453,0.13869074886411276
10,MLP-E2E,Mean,4,4.239438056945801,4.661200046539307,0.42176198959350586,0.09048356332756877
75,LH-E2E,Mean,4,1.2314071655273438,1.1268813610076904,-0.10452580451965332,-0.09275670725992244
75,MLP,Mean,4,6.236808776855469,1.1268813610076904,-5.109927415847778,-4.534574439387596
20,LH,Mean,4,2.009108066558838,4.105693817138672,2.096585750579834,0.5106532157434429
10,LH,Mean,4,2.57485294342041,4.661200046539307,2.0863471031188965,0.4475987046871971
5,LH,Mean,4,2.303206205368042,5.372191905975342,3.0689857006073,0.5712725372289383
20,LH-E2E,Mean,4,1.7613223791122437,4.105693817138672,2.3443714380264282,0.5710049366662857
10,LH-E2E,Mean,4,1.9128153324127197,4.661200046539307,2.748384714126587,0.5896302854813358
5,LH-E2E,Mean,4,2.1869261264801025,5.372191905975342,3.1852657794952393,0.5929173483084913
20,MLP,Mean,4,5.689404010772705,4.105693817138672,-1.5837101936340332,-0.3857350947659677
50,MLP,Mean,4,6.240407943725586,0.8741381168365479,-5.366269826889038,-6.1389267022346985
75,MLP-E2E,Mean,4,1.3529359102249146,1.1268813610076904,-0.22605454921722412,-0.20060190632231195
20,MLP-E2E,Mean,4,4.095489978790283,4.105693817138672,0.010203838348388672,0.0024852896496553416
75,MLP,Mean,4,5.650453567504883,1.1268813610076904,-4.523572206497192,-4.0142399750512165
50,MLP-E2E,Mean,4,2.3903849124908447,0.8741381168365479,-1.5162467956542969,-1.7345620405405737
5,MLP,Mean,4,6.320917129516602,5.372191905975342,-0.9487252235412598,-0.17659928017203158
75,LH,Mean,4,1.8814972639083862,1.1268813610076904,-0.7546159029006958,-0.6696498220770074
20,LH,Mean,4,2.4461989402770996,4.105693817138672,1.6594948768615723,0.4041935299544822
5,MLP-E2E,Mean,4,5.768031597137451,5.372191905975342,-0.3958396911621094,-0.07368308840974719
20,LH-E2E,Mean,4,1.7586568593978882,4.105693817138672,2.3470369577407837,0.5716541618236096
50,LH,Mean,4,1.8930667638778687,0.8741381168365479,-1.0189286470413208,-1.165638046683928
5,LH,Mean,4,2.229417324066162,5.372191905975342,3.1427745819091797,0.5850078770294035
75,MLP-E2E,Mean,4,1.332820177078247,1.1268813610076904,-0.20593881607055664,-0.18275110690126253
50,MLP,Mean,4,5.655481338500977,0.8741381168365479,-4.781343221664429,-5.4697800376990955
75,LH-E2E,Mean,4,1.217093825340271,1.1268813610076904,-0.09021246433258057,-0.08005497956937536
5,LH-E2E,Mean,4,2.2542965412139893,5.372191905975342,3.1178953647613525,0.5803767660074471
10,LH,Mean,4,2.6902382373809814,4.661200046539307,1.9709618091583252,0.422844286767237
50,MLP-E2E,Mean,4,1.8270442485809326,0.8741381168365479,-0.9529061317443848,-1.0901093470135972
10,LH-E2E,Mean,4,1.9043751955032349,4.661200046539307,2.7568248510360718,0.5914410073609409
75,LH,Mean,4,2.3004729747772217,1.1268813610076904,-1.1735916137695312,-1.0414509054618413
75,MLP,Mean,4,6.47675085067749,1.1268813610076904,-5.3498694896698,-4.74750020258192
50,LH,Mean,4,2.3139021396636963,0.8741381168365479,-1.4397640228271484,-1.64706697385256
20,MLP,Mean,4,6.520077228546143,4.105693817138672,-2.4143834114074707,-0.58805734644141
5,MLP,Mean,4,5.7701096534729,5.372191905975342,-0.3979177474975586,-0.0740699056292024
50,LH-E2E,Mean,4,1.6057027578353882,0.8741381168365479,-0.7315646409988403,-0.8368982279897916
20,MLP-E2E,Mean,4,6.395689487457275,4.105693817138672,-2.2899956703186035,-0.5577609467026795
5,MLP-E2E,Mean,4,4.4156904220581055,5.372191905975342,0.9565014839172363,0.1780467825159682
10,LH-E2E,Mean,4,2.0019826889038086,4.661200046539307,2.659217357635498,0.5705005859188184
75,LH-E2E,Mean,4,1.240042805671692,1.1268813610076904,-0.11316144466400146,-0.10042001632080344
20,LH,Mean,4,2.569556951522827,4.105693817138672,1.5361368656158447,0.374147935533684
75,MLP-E2E,Mean,4,1.3698023557662964,1.1268813610076904,-0.24292099475860596,-0.21556927212051752
5,LH,Mean,4,2.645554780960083,5.372191905975342,2.726637125015259,0.5075464861898353
20,MLP,Mean,4,6.127355098724365,4.105693817138672,-2.0216612815856934,-0.4924042979402258
20,LH-E2E,Mean,4,1.7755510807037354,4.105693817138672,2.3301427364349365,0.5675393344501399
5,LH-E2E,Mean,4,1.9463714361190796,5.372191905975342,3.425820469856262,0.6376951028212183
20,MLP-E2E,Mean,4,5.0634660720825195,4.105693817138672,-0.9577722549438477,-0.23327902605541478
75,LH,Mean,4,2.4265966415405273,1.1268813610076904,-1.299715280532837,-1.1533736607113576
50,MLP,Mean,4,6.484364986419678,0.8741381168365479,-5.61022686958313,-6.418009650335574
10,MLP,Mean,4,5.72628116607666,4.661200046539307,-1.0650811195373535,-0.22849933684526577
20,LH,Mean,4,2.220416784286499,4.105693817138672,1.8852770328521729,0.45918597850193676
5,MLP,Mean,4,6.611077308654785,5.372191905975342,-1.2388854026794434,-0.2306107868748071
20,LH-E2E,Mean,4,1.7429513931274414,4.105693817138672,2.3627424240112305,0.5754794510365768
50,MLP-E2E,Mean,4,3.7223572731018066,0.8741381168365479,-2.848219156265259,-3.25831707988297
5,MLP-E2E,Mean,4,6.5298542976379395,5.372191905975342,-1.1576623916625977,-0.21549163021800496
75,LH-E2E,Mean,4,1.2510110139846802,1.1268813610076904,-0.12412965297698975,-0.11015325771826535
50,MLP,Mean,4,6.104952335357666,0.8741381168365479,-5.230814218521118,-5.983967656565662
75,MLP-E2E,Mean,4,1.3463910818099976,1.1268813610076904,-0.21950972080230713,-0.19479399375814957
50,LH,Mean,4,2.4383153915405273,0.8741381168365479,-1.5641772747039795,-1.7893937406192066
5,LH,Mean,4,2.7546465396881104,5.372191905975342,2.6175453662872314,0.4872397360518353
50,MLP-E2E,Mean,4,1.8258378505706787,0.8741381168365479,-0.9516997337341309,-1.0887292470190795
50,LH-E2E,Mean,4,1.6205549240112305,0.8741381168365479,-0.7464168071746826,-0.853888868129809
5,LH-E2E,Mean,4,1.971248745918274,5.372191905975342,3.400943160057068,0.6330643468403078
75,LH,Mean,4,2.0759599208831787,1.1268813610076904,-0.9490785598754883,-0.8422169295859099
50,LH,Mean,4,2.086696147918701,0.8741381168365479,-1.2125580310821533,-1.3871469596478945
10,MLP,Mean,4,6.55759859085083,4.661200046539307,-1.8963985443115234,-0.40684770560737865
50,LH-E2E,Mean,4,1.5700994729995728,0.8741381168365479,-0.6959613561630249,-0.7961686405824131
5,MLP,Mean,4,6.196500301361084,5.372191905975342,-0.8243083953857422,-0.15343986399087617
10,MLP-E2E,Mean,4,6.454572677612305,4.661200046539307,-1.793372631072998,-0.3847448324824595
20,MLP,Mean,4,6.368314743041992,4.105693817138672,-2.2626209259033203,-0.5510934391791007
5,MLP-E2E,Mean,4,5.3125200271606445,5.372191905975342,0.059671878814697266,0.01110754787972594
75,LH-E2E,Mean,4,1.2355082035064697,1.1268813610076904,-0.1086268424987793,-0.09639598830673886
20,MLP-E2E,Mean,4,5.873815059661865,4.105693817138672,-1.7681212425231934,-0.4306510230116057
75,MLP,Mean,4,6.098349571228027,1.1268813610076904,-4.971468210220337,-4.411705066959936
75,LH,Mean,4,1.8260878324508667,1.1268813610076904,-0.6992064714431763,-0.6204792231348341
5,LH,Mean,4,2.4412548542022705,5.372191905975342,2.9309370517730713,0.5455756426930822
20,LH,Mean,4,1.933279275894165,4.105693817138672,2.172414541244507,0.5291223939242745
5,LH-E2E,Mean,4,2.132408857345581,5.372191905975342,3.2397830486297607,0.6030653977618035
20,LH-E2E,Mean,4,1.7799278497695923,4.105693817138672,2.3257659673690796,0.5664733102260279
5,MLP,Mean,4,6.448399543762207,5.372191905975342,-1.0762076377868652,-0.20032933607413186
10,MLP,Mean,4,6.157042026519775,4.661200046539307,-1.4958419799804688,-0.32091349117080953
5,MLP-E2E,Mean,4,6.024633884429932,5.372191905975342,-0.6524419784545898,-0.12144800295181125
75,LH-E2E,Mean,4,1.2030184268951416,1.1268813610076904,-0.07613706588745117,-0.06756440253778549
10,MLP-E2E,Mean,4,5.173961162567139,4.661200046539307,-0.512761116027832,-0.11000624536776316
50,MLP,Mean,4,6.342180252075195,0.8741381168365479,-5.4680421352386475,-6.255352592365101
5,LH,Mean,4,2.14790678024292,5.372191905975342,3.224285125732422,0.6001805561238678
5,LH-E2E,Mean,4,2.1719002723693848,5.372191905975342,3.200291633605957,0.5957143172875787
50,MLP-E2E,Mean,4,2.9111804962158203,0.8741381168365479,-2.0370423793792725,-2.3303438440039703
10,LH,Mean,4,2.369945764541626,4.661200046539307,2.2912542819976807,0.4915588816443987
10,MLP,Mean,4,6.403323650360107,4.661200046539307,-1.7421236038208008,-0.3737500185417348
50,LH,Mean,4,1.8316848278045654,0.8741381168365479,-0.9575467109680176,-1.0954180952929045
10,MLP-E2E,Mean,4,5.9318928718566895,4.661200046539307,-1.2706928253173828,-0.2726106609092662
50,LH-E2E,Mean,4,1.5308921337127686,0.8741381168365479,-0.6567540168762207,-0.7513160726281713
10,LH,Mean,4,2.080533027648926,4.661200046539307,2.580667018890381,0.5536486297785886
10,LH-E2E,Mean,4,2.1008684635162354,4.661200046539307,2.5603315830230713,0.5492859258259
75,MLP,Mean,4,6.3369598388671875,1.1268813610076904,-5.210078477859497,-4.6234489788707585
75,MLP-E2E,Mean,4,1.3619747161865234,1.1268813610076904,-0.235093355178833,-0.2086229866901034
5,MLP,PseudoFeature,4,3.030327558517456,5.372191905975342,2.3418643474578857,0.43592343468838
20,LH-E2E,PseudoFeature,4,1.0169477462768555,4.105693817138672,3.0887460708618164,0.7523079431710805
5,MLP-E2E,PseudoFeature,4,2.3812122344970703,5.372191905975342,2.9909796714782715,0.5567522016760955
5,MLP-E2E,PseudoFeature,4,1.2044554948806763,5.372191905975342,4.1677364110946655,0.7757981256140546
50,MLP,PseudoFeature,4,3.4109461307525635,0.8741381168365479,-2.5368080139160156,-2.90206772254317
50,MLP,PseudoFeature,4,2.6960132122039795,0.8741381168365479,-1.8218750953674316,-2.0841959185588266
5,LH,PseudoFeature,4,1.1490529775619507,5.372191905975342,4.223138928413391,0.7861109584927727
5,LH,PseudoFeature,4,1.0218714475631714,5.372191905975342,4.35032045841217,0.8097850066698898
5,LH,PseudoFeature,4,1.1357232332229614,5.372191905975342,4.23646867275238,0.7885922072218366
50,MLP-E2E,PseudoFeature,4,0.8750718235969543,0.8741381168365479,-0.0009337067604064941,-0.0010681455738202122
5,LH-E2E,PseudoFeature,4,0.9057698845863342,5.372191905975342,4.466422021389008,0.8313965881265576
50,MLP-E2E,PseudoFeature,4,0.8912476301193237,0.8741381168365479,-0.01710951328277588,-0.019573009062565715
5,LH-E2E,PseudoFeature,4,1.0102976560592651,5.372191905975342,4.361894249916077,0.8119393957361168
5,LH-E2E,PseudoFeature,4,1.439574956893921,5.372191905975342,3.932616949081421,0.7320321049416122
50,LH,PseudoFeature,4,0.8120126128196716,0.8741381168365479,0.06212550401687622,0.07107058120483821
10,MLP,PseudoFeature,4,3.5496082305908203,4.661200046539307,1.1115918159484863,0.23847760337464688
50,LH,PseudoFeature,4,0.8118370175361633,0.8741381168365479,0.06230109930038452,0.07127145939573985
10,MLP,PseudoFeature,4,3.523263931274414,4.661200046539307,1.1379361152648926,0.24412943102704843
10,MLP,PseudoFeature,4,2.8646023273468018,4.661200046539307,1.7965977191925049,0.3854367332992677
10,MLP-E2E,PseudoFeature,4,1.3630645275115967,4.661200046539307,3.29813551902771,0.7075721887277505
50,LH-E2E,PseudoFeature,4,0.8336711525917053,0.8741381168365479,0.04046696424484253,0.04629355872420938
10,MLP-E2E,PseudoFeature,4,2.131409168243408,4.661200046539307,2.5297908782958984,0.5427338138327991
10,MLP-E2E,PseudoFeature,4,0.9717212319374084,4.661200046539307,3.689478814601898,0.7915298158767377
50,LH-E2E,PseudoFeature,4,0.8073875308036804,0.8741381168365479,0.06675058603286743,0.07636160092690353
10,LH,PseudoFeature,4,0.9180777072906494,4.661200046539307,3.7431223392486572,0.8030383381695293
10,LH,PseudoFeature,4,0.8729673624038696,4.661200046539307,3.788232684135437,0.8127161774461918
10,LH,PseudoFeature,4,0.8802281022071838,4.661200046539307,3.780971944332123,0.8111584799153372
75,MLP,PseudoFeature,4,3.4040024280548096,1.1268813610076904,-2.277121067047119,-2.020728308977309
10,LH-E2E,PseudoFeature,4,0.8296451568603516,4.661200046539307,3.831554889678955,0.8220103946243803
75,MLP,PseudoFeature,4,2.6752429008483887,1.1268813610076904,-1.5483615398406982,-1.374023560435952
10,LH-E2E,PseudoFeature,4,0.8159756064414978,4.661200046539307,3.845224440097809,0.8249430193309732
10,LH-E2E,PseudoFeature,4,1.119163155555725,4.661200046539307,3.5420368909835815,0.7598980639359935
20,MLP,PseudoFeature,4,3.455845832824707,4.105693817138672,0.6498479843139648,0.1582796996700682
20,MLP,PseudoFeature,4,3.4569413661956787,4.105693817138672,0.6487524509429932,0.15801286696900352
20,MLP,PseudoFeature,4,2.759465456008911,4.105693817138672,1.3462283611297607,0.3278930239537371
75,MLP-E2E,PseudoFeature,4,0.8140110373497009,1.1268813610076904,0.3128703236579895,0.2776426467629313
20,MLP-E2E,PseudoFeature,4,1.1806086301803589,4.105693817138672,2.925085186958313,0.7124460121083396
75,MLP-E2E,PseudoFeature,4,0.8733832240104675,1.1268813610076904,0.2534981369972229,0.22495547958175244
20,MLP-E2E,PseudoFeature,4,2.069917678833008,4.105693817138672,2.035776138305664,0.4958421716221477
20,MLP-E2E,PseudoFeature,4,0.869714617729187,4.105693817138672,3.235979199409485,0.7881686612628834
75,LH,PseudoFeature,4,0.8109450340270996,1.1268813610076904,0.3159363269805908,0.28036343302197425
20,LH,PseudoFeature,4,0.840559720993042,4.105693817138672,3.26513409614563,0.7952697501493566
75,LH,PseudoFeature,4,0.8112925291061401,1.1268813610076904,0.3155888319015503,0.280055064198898
20,LH,PseudoFeature,4,0.8169887661933899,4.105693817138672,3.288705050945282,0.8010107907260451
20,LH,PseudoFeature,4,0.8244763612747192,4.105693817138672,3.2812174558639526,0.7991870806748783
20,LH-E2E,PseudoFeature,4,0.812075674533844,4.105693817138672,3.293618142604828,0.8022074439297099
20,LH-E2E,PseudoFeature,4,0.8285809755325317,4.105693817138672,3.27711284160614,0.798187343616874
50,MLP,PseudoFeature,4,3.395815372467041,0.8741381168365479,-2.521677255630493,-2.884758377493351
5,LH-E2E,PseudoFeature,4,1.1843857765197754,5.372191905975342,4.187806129455566,0.779533978448831
75,LH-E2E,PseudoFeature,4,0.7967221140861511,1.1268813610076904,0.3301592469215393,0.29298492134637955
75,LH-E2E,PseudoFeature,4,0.779795229434967,1.1268813610076904,0.3470861315727234,0.30800592110455066
50,MLP-E2E,PseudoFeature,4,0.8263943195343018,0.8741381168365479,0.047743797302246094,0.05461813915062755
50,MLP-E2E,PseudoFeature,4,0.8517722487449646,0.8741381168365479,0.022365868091583252,0.025586194745201084
10,MLP,PseudoFeature,4,3.5826005935668945,4.661200046539307,1.078599452972412,0.23139951990973115
50,LH,PseudoFeature,4,0.8128932118415833,0.8741381168365479,0.0612449049949646,0.07006319003295057
10,MLP-E2E,PseudoFeature,4,2.111359119415283,4.661200046539307,2.5498409271240234,0.5470352916985712
50,LH,PseudoFeature,4,0.8135890960693359,0.8741381168365479,0.060549020767211914,0.06926710962603382
5,MLP,PseudoFeature,4,3.6765849590301514,5.372191905975342,1.6956069469451904,0.3156266523277423
50,LH-E2E,PseudoFeature,4,0.8296023011207581,0.8741381168365479,0.044535815715789795,0.050948259614810275
50,LH-E2E,PseudoFeature,4,0.8826905488967896,0.8741381168365479,-0.0085524320602417,-0.009783845247696583
5,MLP,PseudoFeature,4,3.651444673538208,5.372191905975342,1.7207472324371338,0.3203063595928496
10,LH,PseudoFeature,4,0.9282137155532837,4.661200046539307,3.732986330986023,0.8008637890917312
5,MLP-E2E,PseudoFeature,4,1.615003228187561,5.372191905975342,3.7571886777877808,0.6993772269394849
10,LH-E2E,PseudoFeature,4,0.8833958506584167,4.661200046539307,3.77780419588089,0.8104788805804868
10,MLP,PseudoFeature,4,3.28337025642395,4.661200046539307,1.3778297901153564,0.2955955068133842
75,MLP,PseudoFeature,4,3.3854353427886963,1.1268813610076904,-2.258553981781006,-2.0042517872168375
50,LH,PseudoFeature,4,0.8156373500823975,0.8741381168365479,0.05850076675415039,0.06692393985273297
75,MLP,PseudoFeature,4,3.43277645111084,1.1268813610076904,-2.3058950901031494,-2.046262516970864
10,MLP-E2E,PseudoFeature,4,1.1460739374160767,4.661200046539307,3.51512610912323,0.7541247048027953
20,MLP,PseudoFeature,4,3.4922854900360107,4.105693817138672,0.6134083271026611,0.14940430397952956
50,LH-E2E,PseudoFeature,4,0.8383702039718628,0.8741381168365479,0.03576791286468506,0.040917919234693644
20,MLP-E2E,PseudoFeature,4,1.9300230741500854,4.105693817138672,2.1756707429885864,0.5299154880733041
10,LH,PseudoFeature,4,0.9653967618942261,4.661200046539307,3.6958032846450806,0.7928866488768312
75,MLP-E2E,PseudoFeature,4,0.8318634033203125,1.1268813610076904,0.29501795768737793,0.26180037038110576
75,MLP-E2E,PseudoFeature,4,0.8153687715530396,1.1268813610076904,0.3115125894546509,0.2764377868279649
10,LH-E2E,PseudoFeature,4,2.3071517944335938,4.661200046539307,2.354048252105713,0.5050305133017127
75,MLP,PseudoFeature,4,3.137406587600708,1.1268813610076904,-2.0105252265930176,-1.7841498636512603
20,LH,PseudoFeature,4,0.841256320476532,4.105693817138672,3.26443749666214,0.7951000834585328
20,LH-E2E,PseudoFeature,4,0.8365597128868103,4.105693817138672,3.2691341042518616,0.7962440088945008
75,LH,PseudoFeature,4,0.8113998770713806,1.1268813610076904,0.3154814839363098,0.2799598030924897
75,LH,PseudoFeature,4,0.8108476996421814,1.1268813610076904,0.31603366136550903,0.2804498080285066
20,MLP,PseudoFeature,4,3.2017874717712402,4.105693817138672,0.9039063453674316,0.2201592192759711
75,MLP-E2E,PseudoFeature,4,0.8114603161811829,1.1268813610076904,0.31542104482650757,0.27990616913252414
20,MLP-E2E,PseudoFeature,4,0.9874481558799744,4.105693817138672,3.1182456612586975,0.7594929870907559
50,MLP,PseudoFeature,4,3.444380283355713,0.8741381168365479,-2.570242166519165,-2.940315857430761
75,LH-E2E,PseudoFeature,4,0.8045896887779236,1.1268813610076904,0.32229167222976685,0.2860031973033649
10,MLP,PseudoFeature,4,4.083401203155518,4.661200046539307,0.5777988433837891,0.12395924603424262
75,LH-E2E,PseudoFeature,4,0.805485725402832,1.1268813610076904,0.3213956356048584,0.2852080500448219
20,LH,PseudoFeature,4,0.8469915390014648,4.105693817138672,3.258702278137207,0.793703189588612
75,LH,PseudoFeature,4,0.8118666410446167,1.1268813610076904,0.31501471996307373,0.27954559447267663
10,MLP-E2E,PseudoFeature,4,2.5362508296966553,4.661200046539307,2.1249492168426514,0.45588028739944625
20,LH-E2E,PseudoFeature,4,2.220693588256836,4.105693817138672,1.885000228881836,0.4591185589663685
10,LH,PseudoFeature,4,0.9124165773391724,4.661200046539307,3.7487834692001343,0.8042528601584922
75,LH-E2E,PseudoFeature,4,0.8057029843330383,1.1268813610076904,0.3211783766746521,0.2850152534135847
50,MLP,PseudoFeature,4,3.1541686058044434,0.8741381168365479,-2.2800304889678955,-2.60831834815668
5,MLP,PseudoFeature,4,3.6917779445648193,5.372191905975342,1.6804139614105225,0.31279857287701207
10,LH-E2E,PseudoFeature,4,0.8942760825157166,4.661200046539307,3.76692396402359,0.8081446679853037
5,MLP,PseudoFeature,4,3.4207565784454346,5.372191905975342,1.9514353275299072,0.3632475089654521
5,MLP-E2E,PseudoFeature,4,2.32188081741333,5.372191905975342,3.0503110885620117,0.567796374729137
50,MLP-E2E,PseudoFeature,4,0.8264690041542053,0.8741381168365479,0.04766911268234253,0.054532701142073654
5,MLP-E2E,PseudoFeature,4,1.399601936340332,5.372191905975342,3.9725899696350098,0.7394728332799144
20,MLP,PseudoFeature,4,4.0087409019470215,4.105693817138672,0.09695291519165039,0.02361425851750887
50,LH-E2E,PseudoFeature,4,0.7948909997940063,0.8741381168365479,0.0792471170425415,0.09065743217940427
5,LH,PseudoFeature,4,1.1680635213851929,5.372191905975342,4.204128384590149,0.7825722643887707
5,MLP,PseudoFeature,4,4.19606876373291,5.372191905975342,1.1761231422424316,0.21892798374054026
20,MLP-E2E,PseudoFeature,4,2.3002309799194336,4.105693817138672,1.8054628372192383,0.43974609837747136
5,LH,PseudoFeature,4,1.221268892288208,5.372191905975342,4.150923013687134,0.7726684166048081
5,MLP-E2E,PseudoFeature,4,2.8618621826171875,5.372191905975342,2.5103297233581543,0.46728221316256097
10,MLP-E2E,PseudoFeature,4,3.3198883533477783,4.661200046539307,1.3413116931915283,0.2877610228695035
5,LH-E2E,PseudoFeature,4,2.5947468280792236,5.372191905975342,2.777445077896118,0.5170040695692278
75,MLP,PseudoFeature,4,3.953956127166748,1.1268813610076904,-2.8270747661590576,-2.5087598961003352
20,LH,PseudoFeature,4,0.8165454864501953,4.105693817138672,3.2891483306884766,0.8011187577988317
5,LH,PseudoFeature,4,1.1329597234725952,5.372191905975342,4.239232182502747,0.7891066173171447
10,LH,PseudoFeature,4,0.9259881973266602,4.661200046539307,3.7352118492126465,0.8013412451554923
20,LH-E2E,PseudoFeature,4,0.8203497529029846,4.105693817138672,3.2853440642356873,0.8001921747114839
5,LH-E2E,PseudoFeature,4,1.0621647834777832,5.372191905975342,4.310027122497559,0.8022846536259499
10,LH-E2E,PseudoFeature,4,0.9150266051292419,4.661200046539307,3.7461734414100647,0.8036929125561559
75,MLP,PseudoFeature,4,3.918415069580078,1.1268813610076904,-2.7915337085723877,-2.4772205887548946
75,MLP-E2E,PseudoFeature,4,0.8105111122131348,1.1268813610076904,0.31637024879455566,0.2807484973499323
50,MLP,PseudoFeature,4,3.9633870124816895,0.8741381168365479,-3.0892488956451416,-3.5340512398943815
20,MLP,PseudoFeature,4,3.996286153793335,4.105693817138672,0.10940766334533691,0.026647789196707558
10,LH,PseudoFeature,4,0.8731092214584351,4.661200046539307,3.7880908250808716,0.8126857434263796
20,MLP-E2E,PseudoFeature,4,3.162140369415283,4.105693817138672,0.9435534477233887,0.2298158337537618
50,MLP-E2E,PseudoFeature,4,0.951579749584198,0.8741381168365479,-0.07744163274765015,-0.08859198707397255
10,LH-E2E,PseudoFeature,4,0.9470798969268799,4.661200046539307,3.7141201496124268,0.7968162946299555
75,MLP-E2E,PseudoFeature,4,0.8073291182518005,1.1268813610076904,0.3195522427558899,0.2835722142658717
75,LH,PseudoFeature,4,0.813750684261322,1.1268813610076904,0.3131306767463684,0.27787368535970614
20,LH,PseudoFeature,4,0.828937292098999,4.105693817138672,3.276756525039673,0.7981005576600206
20,MLP,PseudoFeature,4,4.419071674346924,4.105693817138672,-0.31337785720825195,-0.07632762479756719
50,LH,PseudoFeature,4,0.8139027953147888,0.8741381168365479,0.06023532152175903,0.06890824271540402
75,LH,PseudoFeature,4,0.8112144470214844,1.1268813610076904,0.31566691398620605,0.2801243546205498
20,LH-E2E,PseudoFeature,4,0.8405654430389404,4.105693817138672,3.2651283740997314,0.7952683564638668
20,MLP-E2E,PseudoFeature,4,5.23415470123291,4.105693817138672,-1.1284608840942383,-0.2748526642156385
75,LH-E2E,PseudoFeature,4,0.779990017414093,1.1268813610076904,0.3468913435935974,0.3078330653045827
75,MLP,PseudoFeature,4,4.3487396240234375,1.1268813610076904,-3.221858263015747,-2.85909269111938
20,LH,PseudoFeature,4,0.8107171058654785,4.105693817138672,3.2949767112731934,0.8025383426106331
50,MLP,PseudoFeature,4,3.9352688789367676,0.8741381168365479,-3.0611307621002197,-3.5018845456348067
75,LH-E2E,PseudoFeature,4,0.7756692171096802,1.1268813610076904,0.35121214389801025,0.31166736450760535
20,LH-E2E,PseudoFeature,4,0.82822585105896,4.105693817138672,3.277467966079712,0.7982738392225837
50,MLP-E2E,PseudoFeature,4,0.9604653716087341,0.8741381168365479,-0.08632725477218628,-0.09875699630236845
75,MLP-E2E,PseudoFeature,4,0.8198021054267883,1.1268813610076904,0.3070792555809021,0.2725036247882411
5,MLP,PseudoFeature,4,4.210399627685547,5.372191905975342,1.161792278289795,0.21626038284253496
50,MLP,PseudoFeature,4,4.362122058868408,0.8741381168365479,-3.4879839420318604,-3.9901977443274754
5,MLP-E2E,PseudoFeature,4,3.566401481628418,5.372191905975342,1.8057904243469238,0.33613661908436154
50,LH,PseudoFeature,4,0.8109142184257507,0.8741381168365479,0.06322389841079712,0.07232712679273216
75,LH,PseudoFeature,4,0.8288242816925049,1.1268813610076904,0.29805707931518555,0.2644973016934579
50,MLP-E2E,PseudoFeature,4,1.193556547164917,0.8741381168365479,-0.31941843032836914,-0.3654095664931359
5,MLP,PseudoFeature,4,4.6373090744018555,5.372191905975342,0.7348828315734863,0.1367938533163896
50,LH-E2E,PseudoFeature,4,0.794049084186554,0.8741381168365479,0.0800890326499939,0.09162057014494596
5,LH,PseudoFeature,4,1.1624784469604492,5.372191905975342,4.209713459014893,0.78361189114122
5,MLP-E2E,PseudoFeature,4,5.478996753692627,5.372191905975342,-0.10680484771728516,-0.019881055924024057
10,LH-E2E,PseudoFeature,4,1.055429220199585,4.661200046539307,3.6057708263397217,0.773571352943072
50,LH,PseudoFeature,4,0.8335217237472534,0.8741381168365479,0.040616393089294434,0.04646450292807579
5,LH-E2E,PseudoFeature,4,1.1321641206741333,5.372191905975342,4.2400277853012085,0.7892547138133956
75,LH-E2E,PseudoFeature,4,0.7775401473045349,1.1268813610076904,0.3493412137031555,0.3100070919539962
50,LH-E2E,PseudoFeature,4,0.7948464155197144,0.8741381168365479,0.0792917013168335,0.09070843587485385
5,LH,PseudoFeature,4,0.9483616948127747,5.372191905975342,4.423830211162567,0.8234683884323012
20,MLP,PseudoFeature,4,3.1365089416503906,4.105693817138672,0.9691848754882812,0.23605873176478678
10,MLP,PseudoFeature,4,4.0762810707092285,4.661200046539307,0.5849189758300781,0.12548677808075398
5,LH-E2E,PseudoFeature,4,1.307021141052246,5.372191905975342,4.065170764923096,0.7567061706045008
20,MLP-E2E,PseudoFeature,4,1.0147911310195923,4.105693817138672,3.0909026861190796,0.7528332174251567
20,MLP,PseudoFeature,4,4.355005741119385,4.105693817138672,-0.2493119239807129,-0.060723457492128
10,MLP,PseudoFeature,4,4.49886417388916,4.661200046539307,0.16233587265014648,0.03482705548556583
5,MLP,PseudoFeature,4,3.3324241638183594,5.372191905975342,2.0397677421569824,0.37969003674053503
20,LH,PseudoFeature,4,0.8738517165184021,4.105693817138672,3.2318421006202698,0.7871610121362133
75,MLP-E2E,PseudoFeature,4,0.8077223300933838,1.1268813610076904,0.31915903091430664,0.28322327616538556
20,MLP-E2E,PseudoFeature,4,4.424396514892578,4.105693817138672,-0.31870269775390625,-0.07762456528626764
10,MLP-E2E,PseudoFeature,4,5.315576553344727,4.661200046539307,-0.6543765068054199,-0.14038799027543555
5,MLP-E2E,PseudoFeature,4,1.5345171689987183,5.372191905975342,3.8376747369766235,0.7143592046121963
20,LH-E2E,PseudoFeature,4,0.9344314932823181,4.105693817138672,3.1712623238563538,0.7724059477154243
20,LH,PseudoFeature,4,0.829887866973877,4.105693817138672,3.275805950164795,0.7978690316580305
75,LH,PseudoFeature,4,0.8109857439994812,1.1268813610076904,0.31589561700820923,0.2803273067945024
75,LH,PseudoFeature,4,0.8110492825508118,1.1268813610076904,0.31583207845687866,0.2802709223750514
5,LH,PseudoFeature,4,1.3394585847854614,5.372191905975342,4.03273332118988,0.7506681428681619
50,MLP,PseudoFeature,4,3.0861051082611084,0.8741381168365479,-2.2119669914245605,-2.5304547974976006
20,LH-E2E,PseudoFeature,4,0.8382596373558044,4.105693817138672,3.2674341797828674,0.7958299681635778
5,LH-E2E,PseudoFeature,4,1.281051754951477,5.372191905975342,4.091140151023865,0.7615402097742268
50,MLP-E2E,PseudoFeature,4,0.8256491422653198,0.8741381168365479,0.04848897457122803,0.05547061000692505
50,MLP,PseudoFeature,4,4.3112006187438965,0.8741381168365479,-3.4370625019073486,-3.9319444327011692
75,LH-E2E,PseudoFeature,4,0.7811788320541382,1.1268813610076904,0.34570252895355225,0.30677810541157136
75,LH-E2E,PseudoFeature,4,0.7874067425727844,1.1268813610076904,0.339474618434906,0.3012514273297926
10,MLP,PseudoFeature,4,3.218803882598877,4.661200046539307,1.4423961639404297,0.30944738469470584
50,MLP-E2E,PseudoFeature,4,0.8455613851547241,0.8741381168365479,0.02857673168182373,0.03269132318041589
50,LH,PseudoFeature,4,0.8171984553337097,0.8741381168365479,0.056939661502838135,0.06513806045765316
10,MLP-E2E,PseudoFeature,4,1.2399930953979492,4.661200046539307,3.4212069511413574,0.7339755678757923
50,LH-E2E,PseudoFeature,4,0.7992278337478638,0.8741381168365479,0.07491028308868408,0.08569616362203698
50,LH,PseudoFeature,4,0.8108243346214294,0.8741381168365479,0.06331378221511841,0.07242995242473478
10,LH,PseudoFeature,4,1.0273706912994385,4.661200046539307,3.633829355239868,0.7795909463138776
5,MLP,PseudoFeature,4,4.545223236083984,5.372191905975342,0.8269686698913574,0.15393505748957756
50,LH-E2E,PseudoFeature,4,0.8123360872268677,0.8741381168365479,0.061802029609680176,0.07070053166579433
5,MLP-E2E,PseudoFeature,4,4.79605770111084,5.372191905975342,0.576134204864502,0.10724378707016845
75,MLP,PseudoFeature,4,3.077446460723877,1.1268813610076904,-1.9505650997161865,-1.730940955463079
75,MLP,PseudoFeature,4,4.300015926361084,1.1268813610076904,-3.1731345653533936,-2.815855044861052
5,LH,PseudoFeature,4,1.1270321607589722,5.372191905975342,4.24515974521637,0.7902099961273898
5,LH-E2E,PseudoFeature,4,1.0077751874923706,5.372191905975342,4.364416718482971,0.8124089375192555
75,MLP-E2E,PseudoFeature,4,0.8083018660545349,1.1268813610076904,0.3185794949531555,0.2827089931350647
10,MLP,PseudoFeature,4,4.4261040687561035,4.661200046539307,0.23509597778320312,0.05043679212132279
10,MLP-E2E,PseudoFeature,4,4.577761650085449,4.661200046539307,0.08343839645385742,0.017900625508618966
10,LH,PseudoFeature,4,0.9497324824333191,4.661200046539307,3.7114675641059875,0.7962472168216755
10,LH-E2E,PseudoFeature,4,0.8556736707687378,4.661200046539307,3.805526375770569,0.8164263146345693
5,MLP,PseudoFeature,2,6.052313804626465,5.372191905975342,-0.680121898651123,-0.12660044736946982
10,LH,PseudoFeature,2,2.0420193672180176,4.661200046539307,2.619180679321289,0.5619112359843667
10,LH-E2E,PseudoFeature,2,1.245241641998291,4.661200046539307,3.4159584045410156,0.7328495602923507
5,MLP-E2E,PseudoFeature,2,6.058233737945557,5.372191905975342,-0.6860418319702148,-0.12770240601553146
20,MLP,PseudoFeature,2,5.028241157531738,4.105693817138672,-0.9225473403930664,-0.22469949818031132
5,LH,PseudoFeature,2,3.3574366569519043,5.372191905975342,2.0147552490234375,0.3750341172254998
20,MLP-E2E,PseudoFeature,2,4.238411903381348,4.105693817138672,-0.13271808624267578,-0.03232537353093935
5,LH-E2E,PseudoFeature,2,3.8457565307617188,5.372191905975342,1.526435375213623,0.28413641990633487
20,LH,PseudoFeature,2,1.9283963441848755,4.105693817138672,2.1772974729537964,0.5303117012440036
20,LH-E2E,PseudoFeature,2,1.1330581903457642,4.105693817138672,2.9726356267929077,0.7240275965986641
10,MLP,PseudoFeature,2,6.0360870361328125,4.661200046539307,-1.3748869895935059,-0.29496416713852186
10,MLP-E2E,PseudoFeature,2,6.043379306793213,4.661200046539307,-1.3821792602539062,-0.296528629205713
50,MLP,PseudoFeature,2,5.018344879150391,0.8741381168365479,-4.144206762313843,-4.740906136562804
10,LH,PseudoFeature,2,3.32045578956604,4.661200046539307,1.3407442569732666,0.28763928679025436
50,MLP-E2E,PseudoFeature,2,2.0418522357940674,0.8741381168365479,-1.1677141189575195,-1.3358462426777649
10,LH-E2E,PseudoFeature,2,3.813436508178711,4.661200046539307,0.8477635383605957,0.18187666907581346
20,MLP,PseudoFeature,2,6.019995212554932,4.105693817138672,-1.9143013954162598,-0.46625527393817423
50,LH,PseudoFeature,2,1.8814895153045654,0.8741381168365479,-1.0073513984680176,-1.1523938598096608
20,MLP-E2E,PseudoFeature,2,6.030738830566406,4.105693817138672,-1.9250450134277344,-0.4688720345856991
50,LH-E2E,PseudoFeature,2,1.0988143682479858,0.8741381168365479,-0.224676251411438,-0.2570260317952128
20,LH,PseudoFeature,2,3.245504140853882,4.105693817138672,0.86018967628479,0.20951140406380106
75,MLP,PseudoFeature,2,5.015326499938965,1.1268813610076904,-3.8884451389312744,-3.450625126547583
20,LH-E2E,PseudoFeature,2,3.7576305866241455,4.105693817138672,0.34806323051452637,0.08477573974502989
50,MLP,PseudoFeature,2,6.00241756439209,0.8741381168365479,-5.128279447555542,-5.866669521418961
75,MLP-E2E,PseudoFeature,2,1.040871500968933,1.1268813610076904,0.08600986003875732,0.07632556808095999
50,MLP-E2E,PseudoFeature,2,4.393131256103516,0.8741381168365479,-3.5189931392669678,-4.025671769127272
75,LH,PseudoFeature,2,1.8691139221191406,1.1268813610076904,-0.7422325611114502,-0.6586607843506472
50,LH,PseudoFeature,2,3.2169723510742188,0.8741381168365479,-2.342834234237671,-2.680164826487883
50,LH-E2E,PseudoFeature,2,1.1801213026046753,0.8741381168365479,-0.30598318576812744,-0.35003986197909065
75,LH-E2E,PseudoFeature,2,1.0275455713272095,1.1268813610076904,0.09933578968048096,0.08815106285159599
75,MLP,PseudoFeature,2,5.997278690338135,1.1268813610076904,-4.870397329330444,-4.322014275731025
5,MLP,PseudoFeature,2,5.541171073913574,5.372191905975342,-0.16897916793823242,-0.031454417655907174
75,MLP-E2E,PseudoFeature,2,1.0361144542694092,1.1268813610076904,0.09076690673828125,0.0805469944565547
5,MLP-E2E,PseudoFeature,2,5.014692783355713,5.372191905975342,0.3574991226196289,0.06654623082656307
75,LH,PseudoFeature,2,3.209346055984497,1.1268813610076904,-2.0824646949768066,-1.8479892977505685
5,LH,PseudoFeature,2,3.7494850158691406,5.372191905975342,1.6227068901062012,0.30205676165464396
5,LH-E2E,PseudoFeature,2,4.780716896057129,5.372191905975342,0.5914750099182129,0.11009938220195215
75,LH-E2E,PseudoFeature,2,1.040895938873291,1.1268813610076904,0.08598542213439941,0.07630388176578652
10,MLP,PseudoFeature,2,5.535400867462158,4.661200046539307,-0.8742008209228516,-0.18754844507733565
10,MLP-E2E,PseudoFeature,2,5.003273963928223,4.661200046539307,-0.342073917388916,-0.07338752123348315
10,LH,PseudoFeature,2,3.7276041507720947,4.661200046539307,0.9335958957672119,0.20029088784986976
5,MLP,PseudoFeature,2,5.0566182136535645,5.372191905975342,0.31557369232177734,0.05874207359770104
10,LH-E2E,PseudoFeature,2,4.779442310333252,4.661200046539307,-0.11824226379394531,-0.025367343734095667
5,MLP-E2E,PseudoFeature,2,4.282989978790283,5.372191905975342,1.0892019271850586,0.20274814195925672
20,MLP,PseudoFeature,2,5.525320529937744,4.105693817138672,-1.4196267127990723,-0.3457702342227834
5,LH,PseudoFeature,2,2.0957820415496826,5.372191905975342,3.276409864425659,0.6098832509652901
20,MLP-E2E,PseudoFeature,2,4.987904071807861,4.105693817138672,-0.8822102546691895,-0.2148748284605443
5,LH-E2E,PseudoFeature,2,1.3022754192352295,5.372191905975342,4.069916486740112,0.7575895571067102
20,LH,PseudoFeature,2,3.660583972930908,4.105693817138672,0.44510984420776367,0.10841281986243395
20,LH-E2E,PseudoFeature,2,4.753507614135742,4.105693817138672,-0.6478137969970703,-0.15778424447845038
10,MLP,PseudoFeature,2,5.045954704284668,4.661200046539307,-0.38475465774536133,-0.08254412037754552
10,MLP-E2E,PseudoFeature,2,4.262930870056152,4.661200046539307,0.3982691764831543,0.08544348504820083
50,MLP,PseudoFeature,2,5.51729679107666,0.8741381168365479,-4.643158674240112,-5.31169912947329
50,MLP-E2E,PseudoFeature,2,2.974273920059204,0.8741381168365479,-2.1001358032226562,-2.4025217099820777
75,MLP-E2E,PseudoFeature,2,1.0389478206634521,1.1268813610076904,0.08793354034423828,0.07803265133927277
50,LH,PseudoFeature,2,3.6333625316619873,0.8741381168365479,-2.7592244148254395,-3.156508521571972
75,LH,PseudoFeature,2,2.689723491668701,1.1268813610076904,-1.5628421306610107,-1.3868737071518082
50,LH-E2E,PseudoFeature,2,2.1168906688690186,0.8741381168365479,-1.2427525520324707,-1.4216890078308402
75,LH-E2E,PseudoFeature,2,1.036199927330017,1.1268813610076904,0.09068143367767334,0.08047114524689923
75,MLP,PseudoFeature,2,5.515373706817627,1.1268813610076904,-4.3884923458099365,-3.8943694497578853
75,MLP-E2E,PseudoFeature,2,1.0390028953552246,1.1268813610076904,0.08787846565246582,0.07798377778995502
5,MLP,PseudoFeature,2,6.166259765625,5.372191905975342,-0.7940678596496582,-0.14781077696916192
5,MLP-E2E,PseudoFeature,2,6.058937072753906,5.372191905975342,-0.6867451667785645,-0.1278333274011892
75,LH,PseudoFeature,2,3.62473464012146,1.1268813610076904,-2.4978532791137695,-2.216607147428648
5,LH,PseudoFeature,2,2.254016637802124,5.372191905975342,3.1181752681732178,0.5804288682809259
5,LH-E2E,PseudoFeature,2,1.439473271369934,5.372191905975342,3.9327186346054077,0.7320510330673691
75,LH-E2E,PseudoFeature,2,1.0421589612960815,1.1268813610076904,0.08472239971160889,0.07518306952548015
10,MLP,PseudoFeature,2,6.1556525230407715,4.661200046539307,-1.4944524765014648,-0.3206153912254885
10,MLP-E2E,PseudoFeature,2,6.04872989654541,4.661200046539307,-1.3875298500061035,-0.29767652882357426
10,LH,PseudoFeature,2,2.205047130584717,4.661200046539307,2.45615291595459,0.5269357443214978
5,MLP,PseudoFeature,2,5.947014808654785,5.372191905975342,-0.5748229026794434,-0.10699969635114553
10,LH-E2E,PseudoFeature,2,1.3847591876983643,4.661200046539307,3.2764408588409424,0.7029178808306084
5,MLP-E2E,PseudoFeature,2,5.868204593658447,5.372191905975342,-0.49601268768310547,-0.09232966661734555
5,LH,PseudoFeature,2,2.8622629642486572,5.372191905975342,2.5099289417266846,0.46720761016280143
20,MLP,PseudoFeature,2,6.145373821258545,4.105693817138672,-2.039680004119873,-0.49679301354755206
5,LH-E2E,PseudoFeature,2,2.742070436477661,5.372191905975342,2.6301214694976807,0.48958069918765723
20,MLP-E2E,PseudoFeature,2,6.0343122482299805,4.105693817138672,-1.9286184310913086,-0.4697423911740685
10,MLP,PseudoFeature,2,5.9273247718811035,4.661200046539307,-1.2661247253417969,-0.2716306343216973
20,LH,PseudoFeature,2,2.097066640853882,4.105693817138672,2.00862717628479,0.4892296566051866
10,MLP-E2E,PseudoFeature,2,5.851082801818848,4.661200046539307,-1.189882755279541,-0.25527390873579126
20,LH-E2E,PseudoFeature,2,1.260201096534729,4.105693817138672,2.845492720603943,0.6930601372966032
10,LH,PseudoFeature,2,2.8265950679779053,4.661200046539307,1.8346049785614014,0.39359069772675775
50,MLP,PseudoFeature,2,6.135861396789551,0.8741381168365479,-5.261723279953003,-6.019327127610973
10,LH-E2E,PseudoFeature,2,2.7011117935180664,4.661200046539307,1.9600882530212402,0.42051150636122164
50,MLP-E2E,PseudoFeature,2,4.489108562469482,0.8741381168365479,-3.6149704456329346,-4.135468269837369
20,MLP,PseudoFeature,2,5.904335021972656,4.105693817138672,-1.7986412048339844,-0.43808459299273517
50,LH,PseudoFeature,2,2.053398370742798,0.8741381168365479,-1.17926025390625,-1.349054836064031
20,MLP-E2E,PseudoFeature,2,5.833224773406982,4.105693817138672,-1.7275309562683105,-0.42076468270891576
50,LH-E2E,PseudoFeature,2,1.1102569103240967,0.8741381168365479,-0.23611879348754883,-0.2701161165949933
20,LH,PseudoFeature,2,2.7389585971832275,4.105693817138672,1.3667352199554443,0.332887760468204
20,LH-E2E,PseudoFeature,2,2.625523090362549,4.105693817138672,1.480170726776123,0.36051658810926124
75,MLP,PseudoFeature,2,6.132437705993652,1.1268813610076904,-5.005556344985962,-4.441955043528137
50,MLP,PseudoFeature,2,5.88431978225708,0.8741381168365479,-5.010181665420532,-5.7315675508489115
50,MLP-E2E,PseudoFeature,2,4.0053300857543945,0.8741381168365479,-3.1311919689178467,-3.582033443695875
75,MLP-E2E,PseudoFeature,2,1.0368115901947021,1.1268813610076904,0.09006977081298828,0.07992835264614302
50,LH,PseudoFeature,2,2.6997385025024414,0.8741381168365479,-1.8256003856658936,-2.0884575909727277
75,LH,PseudoFeature,2,2.040004253387451,1.1268813610076904,-0.9131228923797607,-0.8103096953908435
50,LH-E2E,PseudoFeature,2,1.0557966232299805,0.8741381168365479,-0.18165850639343262,-0.20781442073575696
75,LH-E2E,PseudoFeature,2,1.0270206928253174,1.1268813610076904,0.09986066818237305,0.0886168425867606
75,MLP,PseudoFeature,2,5.878357410430908,1.1268813610076904,-4.751476049423218,-4.216482953604191
5,LH-E2E,PseudoFeature,2,1.421372652053833,5.372191905975342,3.950819253921509,0.7354203504024346
10,MLP,PseudoFeature,2,6.214731693267822,4.661200046539307,-1.5535316467285156,-0.33329006076062545
5,MLP,PseudoFeature,2,6.2348952293396,5.372191905975342,-0.8627033233642578,-0.16058684024386705
10,MLP-E2E,PseudoFeature,2,6.375059604644775,4.661200046539307,-1.7138595581054688,-0.36768633420441127
5,MLP-E2E,PseudoFeature,2,6.390801906585693,5.372191905975342,-1.0186100006103516,-0.18960789533176944
10,LH,PseudoFeature,2,2.2399795055389404,4.661200046539307,2.421220541000366,0.5194414564545441
5,LH,PseudoFeature,2,2.28825044631958,5.372191905975342,3.0839414596557617,0.5740564584495907
10,LH-E2E,PseudoFeature,2,1.364302158355713,4.661200046539307,3.2968978881835938,0.7073066710859932
20,MLP,PseudoFeature,2,5.566259384155273,4.105693817138672,-1.4605655670166016,-0.3557414731998926
20,MLP-E2E,PseudoFeature,2,5.053562164306641,4.105693817138672,-0.9478683471679688,-0.23086678875351557
20,MLP,PseudoFeature,2,6.1998186111450195,4.105693817138672,-2.0941247940063477,-0.5100538148423788
20,MLP-E2E,PseudoFeature,2,6.3634796142578125,4.105693817138672,-2.2577857971191406,-0.5499157749402341
20,LH,PseudoFeature,2,1.623121976852417,4.105693817138672,2.482571840286255,0.6046656060720089
20,LH-E2E,PseudoFeature,2,1.0394870042800903,4.105693817138672,3.0662068128585815,0.7468181869917113
20,LH,PseudoFeature,2,2.1362576484680176,4.105693817138672,1.9694361686706543,0.4796841304749773
20,LH-E2E,PseudoFeature,2,1.24959397315979,4.105693817138672,2.856099843978882,0.6956436527381739
50,MLP,PseudoFeature,2,5.555323123931885,0.8741381168365479,-4.681185007095337,-5.355200644992187
50,MLP,PseudoFeature,2,6.187900543212891,0.8741381168365479,-5.313762426376343,-6.078859077334967
50,MLP-E2E,PseudoFeature,2,3.0357275009155273,0.8741381168365479,-2.1615893840789795,-2.4728236218569655
50,MLP-E2E,PseudoFeature,2,5.148192405700684,0.8741381168365479,-4.274054288864136,-4.889449626486574
50,LH,PseudoFeature,2,1.5691847801208496,0.8741381168365479,-0.6950466632843018,-0.7951222465845934
50,LH,PseudoFeature,2,2.0900213718414307,0.8741381168365479,-1.2158832550048828,-1.3909509625379222
50,LH-E2E,PseudoFeature,2,1.075763463973999,0.8741381168365479,-0.20162534713745117,-0.23065616663316424
50,LH-E2E,PseudoFeature,2,1.1172363758087158,0.8741381168365479,-0.24309825897216797,-0.2781005132826442
75,MLP,PseudoFeature,2,5.551279067993164,1.1268813610076904,-4.424397706985474,-3.9262320418797656
75,MLP,PseudoFeature,2,6.182442665100098,1.1268813610076904,-5.055561304092407,-4.486329687422974
75,MLP-E2E,PseudoFeature,2,1.0404126644134521,1.1268813610076904,0.08646869659423828,0.0767327418717046
75,MLP-E2E,PseudoFeature,2,1.0321338176727295,1.1268813610076904,0.09474754333496094,0.08407943073105309
75,LH,PseudoFeature,2,1.5535999536514282,1.1268813610076904,-0.4267185926437378,-0.3786721543270123
75,LH,PseudoFeature,2,2.078489303588867,1.1268813610076904,-0.9516079425811768,-0.8444615160998146
75,LH-E2E,PseudoFeature,2,1.0268356800079346,1.1268813610076904,0.10004568099975586,0.08878102386065918
75,LH-E2E,PseudoFeature,2,1.0298492908477783,1.1268813610076904,0.09703207015991211,0.08610673094561008
5,MLP,PseudoFeature,2,5.027098655700684,5.372191905975342,0.3450932502746582,0.06423695510408339
5,MLP-E2E,PseudoFeature,2,4.374589920043945,5.372191905975342,0.9976019859313965,0.18569738449249945
5,MLP,PseudoFeature,2,5.598941326141357,5.372191905975342,-0.22674942016601562,-0.04220798961291916
5,MLP-E2E,PseudoFeature,2,5.100913047790527,5.372191905975342,0.27127885818481445,0.05049686662962997
5,LH,PseudoFeature,2,2.9061777591705322,5.372191905975342,2.4660141468048096,0.45903314512311627
5,LH-E2E,PseudoFeature,2,2.819653272628784,5.372191905975342,2.5525386333465576,0.47513913836686267
5,LH,PseudoFeature,2,1.8143898248672485,5.372191905975342,3.5578020811080933,0.6622626561703515
5,LH-E2E,PseudoFeature,2,1.1649402379989624,5.372191905975342,4.207251667976379,0.7831536441013525
10,MLP,PseudoFeature,2,4.995652675628662,4.661200046539307,-0.33445262908935547,-0.07175247270017274
10,MLP-E2E,PseudoFeature,2,4.348910808563232,4.661200046539307,0.3122892379760742,0.06699760466361712
10,MLP,PseudoFeature,2,5.581016540527344,4.661200046539307,-0.9198164939880371,-0.1973346959590271
10,MLP-E2E,PseudoFeature,2,5.076838970184326,4.661200046539307,-0.41563892364501953,-0.08916993896316665
10,LH,PseudoFeature,2,2.862621307373047,4.661200046539307,1.7985787391662598,0.38586173543476404
10,LH-E2E,PseudoFeature,2,2.7888846397399902,4.661200046539307,1.8723154067993164,0.4016809808859011
10,LH,PseudoFeature,2,1.7524458169937134,4.661200046539307,2.9087542295455933,0.6240354845326127
10,LH-E2E,PseudoFeature,2,1.1114110946655273,4.661200046539307,3.5497889518737793,0.7615611680321056
20,MLP,PseudoFeature,2,4.971084117889404,4.105693817138672,-0.8653903007507324,-0.2107780899633275
20,MLP-E2E,PseudoFeature,2,4.320621967315674,4.105693817138672,-0.21492815017700195,-0.052348801384022606
50,LH,PseudoFeature,2,2.742802381515503,0.8741381168365479,-1.868664264678955,-2.1377219785833574
20,LH,PseudoFeature,2,2.7800018787384033,4.105693817138672,1.3256919384002686,0.3228910867309063
50,LH-E2E,PseudoFeature,2,1.0448609590530396,0.8741381168365479,-0.1707228422164917,-0.1953041961313015
20,LH-E2E,PseudoFeature,2,2.7144289016723633,4.105693817138672,1.3912649154663086,0.33886231595221705
50,MLP,PseudoFeature,2,4.9498395919799805,0.8741381168365479,-4.075701475143433,-4.662537185648815
75,MLP,PseudoFeature,2,4.9443464279174805,1.1268813610076904,-3.81746506690979,-3.387637065445914
50,MLP-E2E,PseudoFeature,2,1.9607535600662231,0.8741381168365479,-1.0866154432296753,-1.2430706570285137
75,MLP-E2E,PseudoFeature,2,1.04156494140625,1.1268813610076904,0.08531641960144043,0.07571020566455015
5,MLP,PseudoFeature,2,5.492036819458008,5.372191905975342,-0.11984491348266602,-0.022308382794249366
75,LH,PseudoFeature,2,2.7321197986602783,1.1268813610076904,-1.605238437652588,-1.4244963961575658
5,MLP-E2E,PseudoFeature,2,4.986954212188721,5.372191905975342,0.3852376937866211,0.07170959275638157
5,LH,PseudoFeature,2,2.8160769939422607,5.372191905975342,2.556114912033081,0.47580484032783427
75,LH-E2E,PseudoFeature,2,1.0353164672851562,1.1268813610076904,0.09156489372253418,0.08125513198714562
5,LH-E2E,PseudoFeature,2,2.634080648422241,5.372191905975342,2.7381112575531006,0.5096823243614165
10,MLP,PseudoFeature,2,5.471335411071777,4.661200046539307,-0.8101353645324707,-0.17380403253319993
10,MLP-E2E,PseudoFeature,2,4.968023300170898,4.661200046539307,-0.3068232536315918,-0.06582494863300102
5,MLP,PseudoFeature,2,6.1742682456970215,5.372191905975342,-0.8020763397216797,-0.14930150556043095
5,MLP-E2E,PseudoFeature,2,6.29890251159668,5.372191905975342,-0.9267106056213379,-0.17250139642081347
10,LH,PseudoFeature,2,2.775251865386963,4.661200046539307,1.8859481811523438,0.4046057157646688
10,LH-E2E,PseudoFeature,2,2.5896637439727783,4.661200046539307,2.0715363025665283,0.4444212395699545
5,LH,PseudoFeature,2,2.834239959716797,5.372191905975342,2.537951946258545,0.47242391758858254
5,LH-E2E,PseudoFeature,2,2.7098488807678223,5.372191905975342,2.6623430252075195,0.49557854071561896
20,MLP,PseudoFeature,2,5.449619293212891,4.105693817138672,-1.3439254760742188,-0.3273321236143282
20,MLP-E2E,PseudoFeature,2,4.9487996101379395,4.105693817138672,-0.8431057929992676,-0.205350381823368
10,MLP,PseudoFeature,2,6.154904842376709,4.661200046539307,-1.4937047958374023,-0.3204549860387131
10,MLP-E2E,PseudoFeature,2,6.2890729904174805,4.661200046539307,-1.6278729438781738,-0.3492390216306599
20,LH,PseudoFeature,2,2.688505172729492,4.105693817138672,1.4171886444091797,0.34517640806367844
20,LH-E2E,PseudoFeature,2,2.5014302730560303,4.105693817138672,1.6042635440826416,0.3907411549750391
10,LH,PseudoFeature,2,2.7939364910125732,4.661200046539307,1.8672635555267334,0.40059717173329157
10,LH-E2E,PseudoFeature,2,2.689056634902954,4.661200046539307,1.9721434116363525,0.42309778424990885
50,MLP,PseudoFeature,2,5.431293964385986,0.8741381168365479,-4.5571558475494385,-5.213313273698104
20,MLP,PseudoFeature,2,6.135602951049805,4.105693817138672,-2.029909133911133,-0.49441317943329033
50,MLP-E2E,PseudoFeature,2,2.8158395290374756,0.8741381168365479,-1.9417014122009277,-2.221275305128926
20,MLP-E2E,PseudoFeature,2,6.280811786651611,4.105693817138672,-2.1751179695129395,-0.5297808522479682
50,LH,PseudoFeature,2,2.6534264087677,0.8741381168365479,-1.7792882919311523,-2.035477297764211
20,LH,PseudoFeature,2,2.7043297290802,4.105693817138672,1.4013640880584717,0.3413221127714551
50,LH-E2E,PseudoFeature,2,1.0617767572402954,0.8741381168365479,-0.18763864040374756,-0.21465559822834437
20,LH-E2E,PseudoFeature,2,2.6119961738586426,4.105693817138672,1.4936976432800293,0.363811260607108
50,MLP,PseudoFeature,2,6.115599155426025,0.8741381168365479,-5.2414610385894775,-5.996147448137833
75,MLP,PseudoFeature,2,5.425485610961914,1.1268813610076904,-4.298604249954224,-3.814602316352349
50,MLP-E2E,PseudoFeature,2,4.865622043609619,0.8741381168365479,-3.9914839267730713,-4.566193659667887
75,MLP-E2E,PseudoFeature,2,1.0392423868179321,1.1268813610076904,0.0876389741897583,0.07777125190125513
50,LH,PseudoFeature,2,2.6684863567352295,0.8741381168365479,-1.7943482398986816,-2.052705636944786
50,LH-E2E,PseudoFeature,2,1.052159309387207,0.8741381168365479,-0.17802119255065918,-0.20365339197758237
75,LH,PseudoFeature,2,2.6425013542175293,1.1268813610076904,-1.5156199932098389,-1.3449685527272603
75,MLP,PseudoFeature,2,6.108667373657227,1.1268813610076904,-4.981786012649536,-4.420861135013074
75,LH-E2E,PseudoFeature,2,1.0322415828704834,1.1268813610076904,0.09463977813720703,0.0839837993704833
75,MLP-E2E,PseudoFeature,2,1.0424787998199463,1.1268813610076904,0.08440256118774414,0.07489924326396603
75,LH,PseudoFeature,2,2.6587321758270264,1.1268813610076904,-1.531850814819336,-1.3593718627571494
75,LH-E2E,PseudoFeature,2,1.0356853008270264,1.1268813610076904,0.09119606018066406,0.0809278273083813
5,MLP,RealValue,2,5.3798675537109375,5.372191905975342,-0.007675647735595703,-0.0014287739287679375
5,MLP-E2E,RealValue,2,5.222224712371826,5.372191905975342,0.14996719360351562,0.027915457271120794
20,LH-E2E,RealValue,2,1.2566020488739014,4.105693817138672,2.8490917682647705,0.6939367364345623
5,MLP-E2E,RealValue,2,3.670971632003784,5.372191905975342,1.7012202739715576,0.31667153812568327
5,LH,RealValue,2,1.9015483856201172,5.372191905975342,3.4706435203552246,0.6460386339689248
50,MLP,RealValue,2,5.265522003173828,0.8741381168365479,-4.39138388633728,-5.023672806111497
5,LH-E2E,RealValue,2,1.6387354135513306,5.372191905975342,3.7334564924240112,0.6949596287264775
50,MLP,RealValue,2,4.579710006713867,0.8741381168365479,-3.7055718898773193,-4.239114870413792
5,LH,RealValue,2,2.0401155948638916,5.372191905975342,3.33207631111145,0.6202452126487278
5,LH,RealValue,2,1.7609349489212036,5.372191905975342,3.611256957054138,0.6722129477611245
50,MLP-E2E,RealValue,2,2.257469654083252,0.8741381168365479,-1.383331537246704,-1.582509114524025
5,LH-E2E,RealValue,2,2.1352972984313965,5.372191905975342,3.2368946075439453,0.6025277324779921
5,LH-E2E,RealValue,2,1.649705171585083,5.372191905975342,3.722486734390259,0.6929176767214587
10,MLP,RealValue,2,5.3222270011901855,4.661200046539307,-0.6610269546508789,-0.14181475758408102
50,MLP-E2E,RealValue,2,1.2342616319656372,0.8741381168365479,-0.36012351512908936,-0.4119755313180419
10,MLP-E2E,RealValue,2,5.141617298126221,4.661200046539307,-0.48041725158691406,-0.10306728885056078
50,LH,RealValue,2,1.3784759044647217,0.8741381168365479,-0.5043377876281738,-0.5769543484196082
10,MLP,RealValue,2,5.208250522613525,4.661200046539307,-0.5470504760742188,-0.11736258272810554
10,MLP,RealValue,2,4.627383232116699,4.661200046539307,0.03381681442260742,0.007254958827118911
50,LH,RealValue,2,1.3097076416015625,0.8741381168365479,-0.43556952476501465,-0.49828455752657713
10,MLP-E2E,RealValue,2,4.346273899078369,4.661200046539307,0.3149261474609375,0.06756331938483383
50,LH-E2E,RealValue,2,1.2420016527175903,0.8741381168365479,-0.3678635358810425,-0.42082999104571484
10,MLP-E2E,RealValue,2,3.480116844177246,4.661200046539307,1.1810832023620605,0.2533860788143929
10,LH,RealValue,2,1.4878654479980469,4.661200046539307,3.1733345985412598,0.6807977702860645
50,LH-E2E,RealValue,2,1.203172206878662,0.8741381168365479,-0.32903409004211426,-0.37640972714113924
10,LH-E2E,RealValue,2,1.2679238319396973,4.661200046539307,3.3932762145996094,0.7279833906976244
10,LH,RealValue,2,1.6697324514389038,4.661200046539307,2.991467595100403,0.6417805640677037
10,LH,RealValue,2,1.369062900543213,4.661200046539307,3.2921371459960938,0.7062853156110154
75,MLP,RealValue,2,5.262049198150635,1.1268813610076904,-4.135167837142944,-3.669568048800768
10,LH-E2E,RealValue,2,1.78423011302948,4.661200046539307,2.8769699335098267,0.6172165761574262
10,LH-E2E,RealValue,2,1.2274500131607056,4.661200046539307,3.433750033378601,0.7366665234477499
75,MLP,RealValue,2,4.573848247528076,1.1268813610076904,-3.4469668865203857,-3.0588551783641242
20,MLP,RealValue,2,5.285426616668701,4.105693817138672,-1.1797327995300293,-0.28734066690638055
20,MLP-E2E,RealValue,2,5.089492321014404,4.105693817138672,-0.9837985038757324,-0.2396180883652348
20,MLP,RealValue,2,5.178914546966553,4.105693817138672,-1.0732207298278809,-0.2613981406377319
20,MLP,RealValue,2,4.599894046783447,4.105693817138672,-0.4942002296447754,-0.12036947996019634
20,MLP-E2E,RealValue,2,4.253343105316162,4.105693817138672,-0.14764928817749023,-0.035962079676070326
20,MLP-E2E,RealValue,2,3.3899569511413574,4.105693817138672,0.7157368659973145,0.1743278719444607
75,MLP-E2E,RealValue,2,1.0847809314727783,1.1268813610076904,0.04210042953491211,0.037360125911803765
20,LH,RealValue,2,1.4012178182601929,4.105693817138672,2.704475998878479,0.6587135133138775
75,MLP-E2E,RealValue,2,1.1010010242462158,1.1268813610076904,0.02588033676147461,0.0229663367032104
50,MLP,RealValue,2,5.154905796051025,0.8741381168365479,-4.2807676792144775,-4.897129637483734
20,LH,RealValue,2,1.5642733573913574,4.105693817138672,2.5414204597473145,0.6189990225619099
20,LH,RealValue,2,1.3151018619537354,4.105693817138672,2.7905919551849365,0.6796882766893094
75,LH,RealValue,2,1.3092892169952393,1.1268813610076904,-0.18240785598754883,-0.16186961848799625
20,LH-E2E,RealValue,2,1.6184691190719604,4.105693817138672,2.4872246980667114,0.605798875621003
75,LH,RealValue,2,1.3680087327957153,1.1268813610076904,-0.2411273717880249,-0.21397760237368885
50,MLP-E2E,RealValue,2,1.4606575965881348,0.8741381168365479,-0.5865194797515869,-0.6709688874730287
20,LH-E2E,RealValue,2,1.2809983491897583,4.105693817138672,2.8246954679489136,0.6879946712435299
5,LH-E2E,RealValue,2,1.6332124471664429,5.372191905975342,3.738979458808899,0.6959876944548713
50,LH,RealValue,2,1.526856541633606,0.8741381168365479,-0.6527184247970581,-0.7466994199488818
50,MLP-E2E,RealValue,2,1.5262024402618408,0.8741381168365479,-0.652064323425293,-0.7459511384597594
75,LH-E2E,RealValue,2,1.05704927444458,1.1268813610076904,0.06983208656311035,0.06196933322303286
75,LH-E2E,RealValue,2,1.0591262578964233,1.1268813610076904,0.06775510311126709,0.06012620800709534
50,LH-E2E,RealValue,2,1.3127422332763672,0.8741381168365479,-0.43860411643981934,-0.5017560817815618
10,MLP,RealValue,2,5.379290580749512,4.661200046539307,-0.7180905342102051,-0.1540570082898178
50,LH,RealValue,2,1.3923931121826172,0.8741381168365479,-0.5182549953460693,-0.5928754110638743
10,MLP-E2E,RealValue,2,4.586872100830078,4.661200046539307,0.07432794570922852,0.015946096491699185
75,MLP,RealValue,2,5.14633321762085,1.1268813610076904,-4.019451856613159,-3.5668811249294667
50,LH-E2E,RealValue,2,1.231432318687439,0.8741381168365479,-0.3572942018508911,-0.4087388422597528
10,LH,RealValue,2,1.4918280839920044,4.661200046539307,3.1693719625473022,0.6799476381410389
5,MLP,RealValue,2,5.270096778869629,5.372191905975342,0.10209512710571289,0.019004370821555216
5,MLP,RealValue,2,4.703163146972656,5.372191905975342,0.6690287590026855,0.12453552864679744
10,LH-E2E,RealValue,2,1.2600237131118774,4.661200046539307,3.401176333427429,0.7296782587034903
5,MLP-E2E,RealValue,2,4.483355522155762,5.372191905975342,0.8888363838195801,0.16545134637334005
75,MLP,RealValue,2,5.300862789154053,1.1268813610076904,-4.173981428146362,-3.704011418215193
75,MLP-E2E,RealValue,2,1.0902307033538818,1.1268813610076904,0.036650657653808594,0.032523971841218934
10,MLP,RealValue,2,5.222801208496094,4.661200046539307,-0.5616011619567871,-0.1204842436174234
20,MLP,RealValue,2,5.340366840362549,4.105693817138672,-1.234673023223877,-0.300722138136531
50,LH,RealValue,2,1.3102054595947266,0.8741381168365479,-0.4360673427581787,-0.4988540533345916
10,MLP-E2E,RealValue,2,4.581575393676758,4.661200046539307,0.07962465286254883,0.01708243629699307
20,MLP-E2E,RealValue,2,4.504000663757324,4.105693817138672,-0.39830684661865234,-0.09701328553921228
50,LH-E2E,RealValue,2,1.2053661346435547,0.8741381168365479,-0.33122801780700684,-0.37891954535251327
75,LH,RealValue,2,1.5118920803070068,1.1268813610076904,-0.3850107192993164,-0.3416603846877266
10,LH,RealValue,2,1.3788282871246338,4.661200046539307,3.282371759414673,0.7041902786068277
20,LH,RealValue,2,1.4144200086593628,4.105693817138672,2.691273808479309,0.6554979324675759
10,LH-E2E,RealValue,2,1.2346121072769165,4.661200046539307,3.42658793926239,0.7351299890693277
20,LH-E2E,RealValue,2,1.2703888416290283,4.105693817138672,2.8353049755096436,0.6905787673873879
75,MLP,RealValue,2,5.159684658050537,1.1268813610076904,-4.032803297042847,-3.5787292580974057
75,LH-E2E,RealValue,2,1.081595540046692,1.1268813610076904,0.045285820960998535,0.04018685775448679
20,MLP,RealValue,2,5.186743259429932,4.105693817138672,-1.0810494422912598,-0.26330493466866983
50,MLP,RealValue,2,5.306541919708252,0.8741381168365479,-4.432403802871704,-5.070598933395447
20,MLP-E2E,RealValue,2,4.486464023590088,4.105693817138672,-0.380770206451416,-0.09274198793440015
75,MLP-E2E,RealValue,2,1.101851463317871,1.1268813610076904,0.025029897689819336,0.022211652935173996
10,MLP,RealValue,2,4.757081031799316,4.661200046539307,-0.09588098526000977,-0.020570021518642245
10,MLP-E2E,RealValue,2,3.6265079975128174,4.661200046539307,1.0346920490264893,0.22197975600611544
20,LH,RealValue,2,1.3212944269180298,4.105693817138672,2.784399390220642,0.6781799896031062
5,MLP,RealValue,2,5.4515156745910645,5.372191905975342,-0.07932376861572266,-0.014765624535395507
75,LH,RealValue,2,1.3079389333724976,1.1268813610076904,-0.18105757236480713,-0.16067137023448513
20,LH-E2E,RealValue,2,1.3231803178787231,4.105693817138672,2.7825134992599487,0.6777206540937653
5,MLP-E2E,RealValue,2,4.753092288970947,5.372191905975342,0.6190996170043945,0.11524153042928102
10,LH,RealValue,2,1.530532956123352,4.661200046539307,3.1306670904159546,0.6716440099455308
10,LH-E2E,RealValue,2,1.312010407447815,4.661200046539307,3.3491896390914917,0.7185251878597416
5,LH,RealValue,2,1.902625322341919,5.372191905975342,3.469566583633423,0.645838168918411
50,MLP,RealValue,2,5.163980007171631,0.8741381168365479,-4.289841890335083,-4.907510389616411
75,LH-E2E,RealValue,2,1.0548970699310303,1.1268813610076904,0.07198429107666016,0.06387920997494331
50,LH-E2E,RealValue,2,1.2364177703857422,0.8741381168365479,-0.36227965354919434,-0.4144421191244493
20,MLP,RealValue,2,4.721896648406982,4.105693817138672,-0.6162028312683105,-0.15008494513060228
50,MLP-E2E,RealValue,2,1.6420917510986328,0.8741381168365479,-0.767953634262085,-0.8785266532493309
20,MLP-E2E,RealValue,2,3.5350303649902344,4.105693817138672,0.5706634521484375,0.13899318301970764
10,MLP-E2E,RealValue,2,3.5911054611206055,4.661200046539307,1.0700945854187012,0.22957491091016133
75,MLP,RealValue,2,4.693977355957031,1.1268813610076904,-3.567095994949341,-3.1654583333950423
20,LH,RealValue,2,1.4346609115600586,4.105693817138672,2.6710329055786133,0.6505679732932695
10,LH,RealValue,2,1.7717806100845337,4.661200046539307,2.889419436454773,0.6198874555062303
5,MLP,RealValue,2,4.8118486404418945,5.372191905975342,0.5603432655334473,0.1043044022515638
10,LH-E2E,RealValue,2,2.1603586673736572,4.661200046539307,2.5008413791656494,0.5365230743577271
20,LH-E2E,RealValue,2,1.266960620880127,4.105693817138672,2.838733196258545,0.6914137592064541
5,MLP-E2E,RealValue,2,3.786839485168457,5.372191905975342,1.5853524208068848,0.29510346029216505
75,MLP-E2E,RealValue,2,1.0903234481811523,1.1268813610076904,0.036557912826538086,0.03244166963046308
5,LH,RealValue,2,1.9215853214263916,5.372191905975342,3.45060658454895,0.642308883402124
50,MLP,RealValue,2,4.699548244476318,0.8741381168365479,-3.8254101276397705,-4.376207894335617
20,MLP,RealValue,2,4.591262340545654,4.105693817138672,-0.4855685234069824,-0.11826710539885885
5,LH-E2E,RealValue,2,1.6114113330841064,5.372191905975342,3.7607805728912354,0.7000458357990195
20,MLP-E2E,RealValue,2,3.5008277893066406,4.105693817138672,0.6048660278320312,0.1473237057539699
50,MLP-E2E,RealValue,2,1.2558318376541138,0.8741381168365479,-0.3816937208175659,-0.43665150102239225
75,LH,RealValue,2,1.3948007822036743,1.1268813610076904,-0.2679194211959839,-0.23775299731322422
20,LH,RealValue,2,1.6566773653030396,4.105693817138672,2.4490164518356323,0.596492714973664
50,LH,RealValue,2,1.4066050052642822,0.8741381168365479,-0.5324668884277344,-0.6091335890427697
20,LH-E2E,RealValue,2,1.985144853591919,4.105693817138672,2.120548963546753,0.5164897963639675
75,MLP,RealValue,2,4.562119483947754,1.1268813610076904,-3.4352381229400635,-3.0484470165237028
75,LH-E2E,RealValue,2,1.065104365348816,1.1268813610076904,0.06177699565887451,0.054821206381150636
10,LH,RealValue,2,1.4146119356155396,4.661200046539307,3.246588110923767,0.6965133610461938
10,LH-E2E,RealValue,2,1.2388372421264648,4.661200046539307,3.422362804412842,0.7342235412002461
50,MLP,RealValue,2,4.568263053894043,0.8741381168365479,-3.694124937057495,-4.226019739793874
50,MLP-E2E,RealValue,2,1.2342060804367065,0.8741381168365479,-0.3600679636001587,-0.41191198125900574
75,MLP-E2E,RealValue,2,1.0836901664733887,1.1268813610076904,0.04319119453430176,0.038328076076863074
20,MLP,RealValue,2,5.087350368499756,4.105693817138672,-0.981656551361084,-0.23909638543022607
20,MLP-E2E,RealValue,2,4.196407318115234,4.105693817138672,-0.0907135009765625,-0.02209456063135811
5,MLP,RealValue,2,4.683311939239502,5.372191905975342,0.6888799667358398,0.1282307070917585
50,LH,RealValue,2,1.6086134910583496,0.8741381168365479,-0.7344753742218018,-0.8402280601603589
75,LH,RealValue,2,1.5920506715774536,1.1268813610076904,-0.4651693105697632,-0.4127935084078373
5,MLP-E2E,RealValue,2,3.757071018218994,5.372191905975342,1.6151208877563477,0.30064467465503103
50,LH-E2E,RealValue,2,1.3456732034683228,0.8741381168365479,-0.4715350866317749,-0.5394285840528628
20,LH,RealValue,2,1.3450554609298706,4.105693817138672,2.7606383562088013,0.672392652536554
20,LH-E2E,RealValue,2,1.3017971515655518,4.105693817138672,2.80389666557312,0.6829288277339696
5,LH,RealValue,2,2.157822847366333,5.372191905975342,3.214369058609009,0.5983347421066165
75,MLP,RealValue,2,5.0604352951049805,1.1268813610076904,-3.93355393409729,-3.4906548907506916
75,LH-E2E,RealValue,2,1.069785475730896,1.1268813610076904,0.057095885276794434,0.05066716626294858
5,LH-E2E,RealValue,2,2.471569776535034,5.372191905975342,2.9006221294403076,0.5399327090705798
50,MLP,RealValue,2,5.067788600921631,0.8741381168365479,-4.193650484085083,-4.797468962069343
10,MLP,RealValue,2,4.621102809906006,4.661200046539307,0.04009723663330078,0.008602341936186766
50,MLP-E2E,RealValue,2,1.3645830154418945,0.8741381168365479,-0.4904448986053467,-0.5610611059728601
75,MLP-E2E,RealValue,2,1.0957132577896118,1.1268813610076904,0.031168103218078613,0.027658726372230685
10,LH-E2E,RealValue,2,1.2498376369476318,4.661200046539307,3.411362409591675,0.7318635492000456
5,MLP,RealValue,2,5.179409980773926,5.372191905975342,0.19278192520141602,0.03588515238761109
50,LH,RealValue,2,1.3289637565612793,0.8741381168365479,-0.45482563972473145,-0.5203132445141707
5,MLP-E2E,RealValue,2,4.416408538818359,5.372191905975342,0.9557833671569824,0.1779131095622051
20,MLP,RealValue,2,4.84714412689209,4.105693817138672,-0.741450309753418,-0.18059074611417258
75,LH,RealValue,2,1.3222354650497437,1.1268813610076904,-0.19535410404205322,-0.173358181971669
20,MLP-E2E,RealValue,2,3.8448879718780518,4.105693817138672,0.2608058452606201,0.06352296514950065
50,LH-E2E,RealValue,2,1.2090024948120117,0.8741381168365479,-0.33486437797546387,-0.38307948312254986
5,LH,RealValue,2,1.7783968448638916,5.372191905975342,3.59379506111145,0.6689625247962886
5,LH-E2E,RealValue,2,1.6138648986816406,5.372191905975342,3.758327007293701,0.6995891198736622
20,LH,RealValue,2,1.3630831241607666,4.105693817138672,2.7426106929779053,0.66800175929565
75,LH-E2E,RealValue,2,1.0645990371704102,1.1268813610076904,0.06228232383728027,0.05526963706417647
20,LH-E2E,RealValue,2,1.3117414712905884,4.105693817138672,2.7939523458480835,0.6805067475282988
10,MLP,RealValue,2,5.1146063804626465,4.661200046539307,-0.45340633392333984,-0.09727244687984803
10,MLP-E2E,RealValue,2,4.26845121383667,4.661200046539307,0.3927488327026367,0.0842591669057911
50,MLP,RealValue,2,4.823928356170654,0.8741381168365479,-3.9497902393341064,-4.51849674926447
75,MLP-E2E,RealValue,2,1.090157389640808,1.1268813610076904,0.036723971366882324,0.03258903078673932
20,MLP,RealValue,2,4.894514083862305,4.105693817138672,-0.7888202667236328,-0.19212837144134023
50,MLP-E2E,RealValue,2,1.2734787464141846,0.8741381168365479,-0.3993406295776367,-0.4568392819006977
5,MLP,RealValue,2,4.947540283203125,5.372191905975342,0.4246516227722168,0.07904624968811863
20,MLP-E2E,RealValue,2,3.910273313522339,4.105693817138672,0.195420503616333,0.04759743719820902
75,LH,RealValue,2,1.3349220752716064,1.1268813610076904,-0.20804071426391602,-0.18461634157998663
5,MLP-E2E,RealValue,2,4.089992046356201,5.372191905975342,1.2821998596191406,0.23867350274531052
50,LH,RealValue,2,1.3427411317825317,0.8741381168365479,-0.4686030149459839,-0.5360743410227087
20,LH,RealValue,2,1.3057788610458374,4.105693817138672,2.7999149560928345,0.6819590258788814
5,LH,RealValue,2,1.84256911277771,5.372191905975342,3.529622793197632,0.657017257568876
20,LH-E2E,RealValue,2,1.242192029953003,4.105693817138672,2.863501787185669,0.6974465010596655
50,LH-E2E,RealValue,2,1.2192652225494385,0.8741381168365479,-0.3451271057128906,-0.39481987922215817
75,LH-E2E,RealValue,2,1.062963604927063,1.1268813610076904,0.06391775608062744,0.05672092759034572
5,LH-E2E,RealValue,2,1.6470870971679688,5.372191905975342,3.725104808807373,0.6934050149370206
50,MLP,RealValue,2,4.87602424621582,0.8741381168365479,-4.0018861293792725,-4.578093612782672
10,MLP,RealValue,2,4.879082202911377,4.661200046539307,-0.2178821563720703,-0.046743790053343934
75,MLP,RealValue,2,4.816762447357178,1.1268813610076904,-3.6898810863494873,-3.274418420631154
50,MLP-E2E,RealValue,2,1.3159387111663818,0.8741381168365479,-0.441800594329834,-0.505412801272965
10,MLP-E2E,RealValue,2,3.9451239109039307,4.661200046539307,0.716076135635376,0.15362484520848327
5,MLP,RealValue,2,4.99097204208374,5.372191905975342,0.38121986389160156,0.07096169879329536
75,LH,RealValue,2,1.3156507015228271,1.1268813610076904,-0.18876934051513672,-0.16751483079490606
50,LH,RealValue,2,1.310254454612732,0.8741381168365479,-0.4361163377761841,-0.4989101028501792
10,LH,RealValue,2,1.438460111618042,4.661200046539307,3.2227399349212646,0.6913970442684557
5,MLP-E2E,RealValue,2,4.1407856941223145,5.372191905975342,1.2314062118530273,0.22921858217376187
50,LH-E2E,RealValue,2,1.1998571157455444,0.8741381168365479,-0.3257189989089966,-0.37261731600007747
5,LH,RealValue,2,1.746167778968811,5.372191905975342,3.6260241270065308,0.6749617642983683
75,LH-E2E,RealValue,2,1.0441842079162598,1.1268813610076904,0.08269715309143066,0.0733858558255684
5,LH-E2E,RealValue,2,1.7614704370498657,5.372191905975342,3.610721468925476,0.6721132699875016
75,MLP,RealValue,2,4.870833396911621,1.1268813610076904,-3.7439520359039307,-3.322401244223242
10,MLP,RealValue,2,4.925806522369385,4.661200046539307,-0.2646064758300781,-0.05676788663608943
10,MLP-E2E,RealValue,2,4.0001139640808105,4.661200046539307,0.6610860824584961,0.14182744268813724
75,MLP-E2E,RealValue,2,1.084969401359558,1.1268813610076904,0.041911959648132324,0.03719287681770991
10,LH,RealValue,2,1.3354406356811523,4.661200046539307,3.3257594108581543,0.7134985363538203
10,LH-E2E,RealValue,2,1.239652395248413,4.661200046539307,3.4215476512908936,0.734048660672955
5,MLP,RealValue,2,5.2755537033081055,5.372191905975342,0.09663820266723633,0.01798859838937405
75,LH,RealValue,2,1.3797553777694702,1.1268813610076904,-0.2528740167617798,-0.22440163224960294
5,MLP-E2E,RealValue,2,4.695511341094971,5.372191905975342,0.6766805648803711,0.12595986456249225
5,LH-E2E,RealValue,2,1.651760220527649,5.372191905975342,3.720431685447693,0.6925351421846191
75,MLP-E2E,RealValue,2,1.1131885051727295,1.1268813610076904,0.013692855834960938,0.012151106858947764
75,LH-E2E,RealValue,2,1.060912013053894,1.1268813610076904,0.06596934795379639,0.05854152019588349
5,LH,RealValue,2,1.780269980430603,5.372191905975342,3.5919219255447388,0.668613852299197
20,LH-E2E,Gaussian,3,2.1357014179229736,4.105693817138672,1.9699923992156982,0.47981960831862996
5,MLP-E2E,Gaussian,3,5.785463809967041,5.372191905975342,-0.4132719039916992,-0.07692798604830706
5,MLP,Gaussian,3,6.414388656616211,5.372191905975342,-1.0421967506408691,-0.19399842166503067
5,LH,Gaussian,3,3.782632827758789,5.372191905975342,1.5895590782165527,0.2958865033187906
5,MLP-E2E,Gaussian,3,6.176305294036865,5.372191905975342,-0.8041133880615234,-0.14968068939740037
50,MLP,Gaussian,3,6.071465015411377,0.8741381168365479,-5.197326898574829,-5.945658699089379
5,LH,Gaussian,3,3.606818199157715,5.372191905975342,1.765373706817627,0.32861329932276806
5,LH-E2E,Gaussian,3,2.1559367179870605,5.372191905975342,3.2162551879882812,0.5986858333208329
50,MLP,Gaussian,3,6.3241119384765625,0.8741381168365479,-5.449973821640015,-6.2346827311033355
5,LH-E2E,Gaussian,3,2.001624584197998,5.372191905975342,3.3705673217773438,0.6274100740944034
50,MLP-E2E,Gaussian,3,3.667325258255005,0.8741381168365479,-2.793187141418457,-3.195361336635027
5,LH,Gaussian,3,3.915243148803711,5.372191905975342,1.4569487571716309,0.2712019195649185
50,MLP-E2E,Gaussian,3,4.108790397644043,0.8741381168365479,-3.234652280807495,-3.700390382830465
5,LH-E2E,Gaussian,3,2.414987325668335,5.372191905975342,2.957204580307007,0.5504651792162877
10,MLP,Gaussian,3,6.507896900177002,4.661200046539307,-1.8466968536376953,-0.39618485265586695
10,MLP,Gaussian,3,6.124428749084473,4.661200046539307,-1.463228702545166,-0.3139167355907704
50,LH,Gaussian,3,3.461118221282959,0.8741381168365479,-2.586980104446411,-2.9594637902400747
10,MLP-E2E,Gaussian,3,6.365606784820557,4.661200046539307,-1.70440673828125,-0.36565835434303695
10,MLP,Gaussian,3,6.376906871795654,4.661200046539307,-1.7157068252563477,-0.36808264140694175
50,LH,Gaussian,3,3.7837538719177246,0.8741381168365479,-2.9096157550811768,-3.328553805216614
10,MLP-E2E,Gaussian,3,5.69120979309082,4.661200046539307,-1.0300097465515137,-0.22097522875385733
50,LH-E2E,Gaussian,3,1.502765417098999,0.8741381168365479,-0.6286273002624512,-0.7191395594753547
10,MLP-E2E,Gaussian,3,6.085599899291992,4.661200046539307,-1.4243998527526855,-0.3055865095964347
10,LH,Gaussian,3,3.7843081951141357,4.661200046539307,0.8768918514251709,0.18812577076073286
50,LH-E2E,Gaussian,3,1.5355080366134644,0.8741381168365479,-0.6613699197769165,-0.7565965915894088
10,LH,Gaussian,3,3.6018595695495605,4.661200046539307,1.059340476989746,0.22726775646032402
10,LH-E2E,Gaussian,3,2.0999038219451904,4.661200046539307,2.561296224594116,0.5494928771606236
10,LH-E2E,Gaussian,3,1.9562724828720093,4.661200046539307,2.7049275636672974,0.5803071176221158
10,LH,Gaussian,3,3.9116830825805664,4.661200046539307,0.7495169639587402,0.16079914109569632
75,MLP,Gaussian,3,6.067390441894531,1.1268813610076904,-4.940509080886841,-4.384231785029164
10,LH-E2E,Gaussian,3,2.2982380390167236,4.661200046539307,2.362962007522583,0.5069428438878003
75,MLP,Gaussian,3,6.317205429077148,1.1268813610076904,-5.190324068069458,-4.605918819553566
20,MLP,Gaussian,3,6.477573871612549,4.105693817138672,-2.371880054473877,-0.5777050506233026
20,MLP,Gaussian,3,6.096378326416016,4.105693817138672,-1.9906845092773438,-0.4848594654008286
20,MLP-E2E,Gaussian,3,6.31973123550415,4.105693817138672,-2.2140374183654785,-0.5392602363876415
20,MLP,Gaussian,3,6.347591876983643,4.105693817138672,-2.2418980598449707,-0.5460460910373944
20,MLP-E2E,Gaussian,3,5.625132083892822,4.105693817138672,-1.5194382667541504,-0.3700807547828963
75,MLP-E2E,Gaussian,3,1.4966330528259277,1.1268813610076904,-0.3697516918182373,-0.32811944949341826
20,MLP-E2E,Gaussian,3,6.019989967346191,4.105693817138672,-1.9142961502075195,-0.46625399639314197
20,LH,Gaussian,3,3.7321767807006836,4.105693817138672,0.3735170364379883,0.09097537543564285
75,MLP-E2E,Gaussian,3,1.5225557088851929,1.1268813610076904,-0.39567434787750244,-0.3511233405472949
20,LH,Gaussian,3,3.541067123413086,4.105693817138672,0.5646266937255859,0.13752284482798668
20,LH-E2E,Gaussian,3,1.941874384880066,4.105693817138672,2.163819432258606,0.5270289331430488
20,LH-E2E,Gaussian,3,1.776370644569397,4.105693817138672,2.329323172569275,0.567339718038843
20,LH,Gaussian,3,3.8587183952331543,4.105693817138672,0.24697542190551758,0.060154369250466654
75,LH,Gaussian,3,3.4849495887756348,1.1268813610076904,-2.3580682277679443,-2.0925612130626514
75,LH,Gaussian,3,3.803377628326416,1.1268813610076904,-2.6764962673187256,-2.3751358039370922
5,LH-E2E,Gaussian,3,1.8339457511901855,5.372191905975342,3.5382461547851562,0.6586224425173014
50,MLP,Gaussian,3,6.446094036102295,0.8741381168365479,-5.571955919265747,-6.3742282963592904
50,MLP-E2E,Gaussian,3,4.569307804107666,0.8741381168365479,-3.695169687271118,-4.227214917299008
50,MLP-E2E,Gaussian,3,4.69376277923584,0.8741381168365479,-3.819624662399292,-4.36958941479669
10,MLP,Gaussian,3,6.425611972808838,4.661200046539307,-1.7644119262695312,-0.37853168897557044
75,LH-E2E,Gaussian,3,1.4451643228530884,1.1268813610076904,-0.31828296184539795,-0.28244584821314284
50,LH,Gaussian,3,3.288942813873291,0.8741381168365479,-2.414804697036743,-2.762497882801145
75,LH-E2E,Gaussian,3,1.458444595336914,1.1268813610076904,-0.33156323432922363,-0.29423082659982064
10,MLP-E2E,Gaussian,3,6.242126941680908,4.661200046539307,-1.5809268951416016,-0.3391673559077036
50,LH,Gaussian,3,3.655541181564331,0.8741381168365479,-2.781403064727783,-3.18188054170834
50,LH-E2E,Gaussian,3,1.4909002780914307,0.8741381168365479,-0.6167621612548828,-0.7055660305569412
10,LH,Gaussian,3,3.435554265975952,4.661200046539307,1.2256457805633545,0.26294640185488954
50,LH-E2E,Gaussian,3,1.5242295265197754,0.8741381168365479,-0.6500914096832275,-0.7436941567493572
10,LH-E2E,Gaussian,3,1.8435693979263306,4.661200046539307,2.817630648612976,0.6044861023943645
5,MLP,Gaussian,3,6.553226947784424,5.372191905975342,-1.181035041809082,-0.21984230319386935
75,MLP,Gaussian,3,6.365384578704834,1.1268813610076904,-5.2385032176971436,-4.648673231237688
5,MLP,Gaussian,3,6.156794548034668,5.372191905975342,-0.7846026420593262,-0.1460488857791238
5,MLP-E2E,Gaussian,3,6.439657688140869,5.372191905975342,-1.0674657821655273,-0.19870209420073293
20,MLP,Gaussian,3,6.394951343536377,4.105693817138672,-2.289257526397705,-0.5575811612744975
75,MLP,Gaussian,3,6.439547538757324,1.1268813610076904,-5.312666177749634,-4.71448580265707
20,MLP-E2E,Gaussian,3,6.197889804840088,4.105693817138672,-2.092195987701416,-0.5095840266918645
10,MLP,Gaussian,3,6.631943702697754,4.661200046539307,-1.9707436561584473,-0.42279748487122315
50,LH,Gaussian,3,3.5247669219970703,0.8741381168365479,-2.6506288051605225,-3.032276884061509
10,MLP-E2E,Gaussian,3,6.641173362731934,4.661200046539307,-1.979973316192627,-0.4247775886947079
75,MLP-E2E,Gaussian,3,1.5060310363769531,1.1268813610076904,-0.3791496753692627,-0.3364592658008079
50,LH-E2E,Gaussian,3,1.5188356637954712,0.8741381168365479,-0.6446975469589233,-0.7375236642145799
20,LH,Gaussian,3,3.3712682723999023,4.105693817138672,0.7344255447387695,0.1788797648945491
75,MLP-E2E,Gaussian,3,1.508105993270874,1.1268813610076904,-0.3812246322631836,-0.3383005926393896
20,LH-E2E,Gaussian,3,1.6620138883590698,4.105693817138672,2.443679928779602,0.5951929290437552
10,LH,Gaussian,3,3.6599926948547363,4.661200046539307,1.0012073516845703,0.2147960485900865
75,LH,Gaussian,3,3.314788579940796,1.1268813610076904,-2.1879072189331055,-1.941559506296754
10,LH-E2E,Gaussian,3,1.9876335859298706,4.661200046539307,2.673566460609436,0.573578999810235
75,MLP,Gaussian,3,6.574483394622803,1.1268813610076904,-5.447602033615112,-4.834228537371233
75,LH,Gaussian,3,3.675705671310425,1.1268813610076904,-2.5488243103027344,-2.261839088387708
50,MLP,Gaussian,3,6.371758937835693,0.8741381168365479,-5.4976208209991455,-6.28919013495796
20,MLP,Gaussian,3,6.60196590423584,4.105693817138672,-2.496272087097168,-0.6080024956261504
10,MLP,Gaussian,3,6.4769287109375,4.661200046539307,-1.8157286643981934,-0.3895410294064241
75,LH-E2E,Gaussian,3,1.4432765245437622,1.1268813610076904,-0.3163951635360718,-0.28077060681271887
20,MLP-E2E,Gaussian,3,6.6010870933532715,4.105693817138672,-2.4953932762145996,-0.6077884487630112
10,MLP-E2E,Gaussian,3,6.453913688659668,4.661200046539307,-1.7927136421203613,-0.38460345495176845
75,MLP-E2E,Gaussian,3,1.5164480209350586,1.1268813610076904,-0.38956665992736816,-0.3457033485574792
75,LH-E2E,Gaussian,3,1.4515817165374756,1.1268813610076904,-0.32470035552978516,-0.2881406745776934
20,LH,Gaussian,3,3.605285882949829,4.105693817138672,0.5004079341888428,0.12188145450592455
10,LH,Gaussian,3,3.7898671627044678,4.661200046539307,0.8713328838348389,0.18693316638099608
20,LH-E2E,Gaussian,3,1.8217723369598389,4.105693817138672,2.283921480178833,0.5562814914850462
75,LH,Gaussian,3,3.5490097999572754,1.1268813610076904,-2.422128438949585,-2.149408556002423
10,LH-E2E,Gaussian,3,2.1545612812042236,4.661200046539307,2.506638765335083,0.5377668283505938
5,MLP,Gaussian,3,6.662599086761475,5.372191905975342,-1.2904071807861328,-0.24020124436560955
50,MLP,Gaussian,3,6.580090522766113,0.8741381168365479,-5.705952405929565,-6.52751813017725
5,MLP,Gaussian,3,6.463046073913574,5.372191905975342,-1.0908541679382324,-0.2030556962652256
5,MLP-E2E,Gaussian,3,6.685789585113525,5.372191905975342,-1.3135976791381836,-0.24451801092159514
20,MLP,Gaussian,3,6.45364236831665,4.105693817138672,-2.3479485511779785,-0.5718761933432006
5,MLP-E2E,Gaussian,3,6.316205978393555,5.372191905975342,-0.9440140724182129,-0.17572232878877836
75,LH-E2E,Gaussian,3,1.4516726732254028,1.1268813610076904,-0.3247913122177124,-0.2882213899849
20,MLP-E2E,Gaussian,3,6.409549713134766,4.105693817138672,-2.3038558959960938,-0.5611368013803061
50,MLP-E2E,Gaussian,3,5.410381317138672,0.8741381168365479,-4.536243200302124,-5.189389540314876
5,LH,Gaussian,3,3.659562587738037,5.372191905975342,1.7126293182373047,0.3187952605215748
50,LH-E2E,Gaussian,3,1.5297471284866333,0.8741381168365479,-0.6556090116500854,-0.7500062049950347
5,LH,Gaussian,3,3.432250738143921,5.372191905975342,1.939941167831421,0.36110794286288944
5,LH-E2E,Gaussian,3,2.031121015548706,5.372191905975342,3.3410708904266357,0.6219194974607021
20,LH,Gaussian,3,3.7389140129089355,4.105693817138672,0.36677980422973633,0.08933442691188098
10,MLP-E2E,Gaussian,3,6.253267288208008,4.661200046539307,-1.5920672416687012,-0.3415573727308113
20,LH-E2E,Gaussian,3,2.000950574874878,4.105693817138672,2.104743242263794,0.5126400886198147
5,MLP,Gaussian,3,6.511193752288818,5.372191905975342,-1.1390018463134766,-0.21201808614591672
75,MLP,Gaussian,3,6.4235382080078125,1.1268813610076904,-5.296656847000122,-4.7002790446934855
75,MLP,Gaussian,3,6.296975612640381,1.1268813610076904,-5.17009425163269,-4.587966782066073
10,LH,Gaussian,3,2.9296951293945312,4.661200046539307,1.7315049171447754,0.3714719170721552
5,MLP-E2E,Gaussian,3,6.511720657348633,5.372191905975342,-1.139528751373291,-0.2121161662348332
50,MLP,Gaussian,3,6.432011604309082,0.8741381168365479,-5.557873487472534,-6.358118220020123
10,LH-E2E,Gaussian,3,1.7333805561065674,4.661200046539307,2.9278194904327393,0.6281256889213518
50,MLP-E2E,Gaussian,3,5.042654991149902,0.8741381168365479,-4.1685168743133545,-4.768716515187509
5,LH,Gaussian,3,3.7966232299804688,5.372191905975342,1.575568675994873,0.29328227724746975
75,MLP-E2E,Gaussian,3,1.5034348964691162,1.1268813610076904,-0.3765535354614258,-0.3341554386210635
5,LH-E2E,Gaussian,3,2.255014657974243,5.372191905975342,3.1171772480010986,0.580243093053684
20,MLP,Gaussian,3,6.323512554168701,4.105693817138672,-2.2178187370300293,-0.540181230215473
75,MLP-E2E,Gaussian,3,1.5003776550292969,1.1268813610076904,-0.37349629402160645,-0.331442427699412
50,LH,Gaussian,3,3.6636838912963867,0.8741381168365479,-2.789545774459839,-3.191195671177266
20,MLP-E2E,Gaussian,3,6.206689357757568,4.105693817138672,-2.1009955406188965,-0.5117272826942356
75,LH,Gaussian,3,3.684596538543701,1.1268813610076904,-2.5577151775360107,-2.269728887208523
75,MLP,Gaussian,3,6.388345718383789,1.1268813610076904,-5.261464357376099,-4.6690490582532505
75,LH,Gaussian,3,2.7899131774902344,1.1268813610076904,-1.663031816482544,-1.4757825215916358
10,LH,Gaussian,3,3.487736940383911,4.661200046539307,1.1734631061553955,0.2517512860291481
20,LH,Gaussian,3,2.8537509441375732,4.105693817138672,1.2519428730010986,0.30492845515538197
10,LH-E2E,Gaussian,3,1.8699367046356201,4.661200046539307,2.7912633419036865,0.598829338804296
20,LH-E2E,Gaussian,3,1.5980761051177979,4.105693817138672,2.507617712020874,0.6107658836012462
75,LH-E2E,Gaussian,3,1.4507660865783691,1.1268813610076904,-0.3238847255706787,-0.28741688058541626
20,MLP,Gaussian,3,6.409573554992676,4.105693817138672,-2.303879737854004,-0.5611426084031802
75,LH-E2E,Gaussian,3,1.4377467632293701,1.1268813610076904,-0.3108654022216797,-0.27586346973002973
75,MLP-E2E,Gaussian,3,1.508609414100647,1.1268813610076904,-0.38172805309295654,-0.33874733073196284
50,MLP,Gaussian,3,6.300266742706299,0.8741381168365479,-5.426128625869751,-6.207404209195884
20,MLP-E2E,Gaussian,3,6.279489040374756,4.105693817138672,-2.173795223236084,-0.5294586786189134
50,MLP-E2E,Gaussian,3,4.645362854003906,0.8741381168365479,-3.7712247371673584,-4.314220675807147
75,LH,Gaussian,3,3.3751420974731445,1.1268813610076904,-2.248260736465454,-1.9951175112657762
20,LH,Gaussian,3,3.4344029426574707,4.105693817138672,0.6712908744812012,0.16350241990257208
5,MLP,Gaussian,3,6.379335403442383,5.372191905975342,-1.007143497467041,-0.1874734773243716
20,LH-E2E,Gaussian,3,1.6838750839233398,4.105693817138672,2.421818733215332,0.5898683245949253
50,LH,Gaussian,3,2.7611730098724365,0.8741381168365479,-1.8870348930358887,-2.158737683084856
5,MLP,Gaussian,3,6.468490123748779,5.372191905975342,-1.0962982177734375,-0.20406907217034728
5,MLP-E2E,Gaussian,3,6.324143886566162,5.372191905975342,-0.9519519805908203,-0.1771999208613509
5,MLP-E2E,Gaussian,3,6.38811731338501,5.372191905975342,-1.015925407409668,-0.18910817505973343
50,LH-E2E,Gaussian,3,1.4929569959640503,0.8741381168365479,-0.6188188791275024,-0.7079188828499665
75,LH-E2E,Gaussian,3,1.4514999389648438,1.1268813610076904,-0.3246185779571533,-0.28806810476203976
50,MLP,Gaussian,3,6.391829967498779,0.8741381168365479,-5.5176918506622314,-6.312151071309439
10,LH-E2E,Gaussian,3,1.799561619758606,4.661200046539307,2.8616384267807007,0.613927400285108
5,LH,Gaussian,3,2.916508913040161,5.372191905975342,2.4556829929351807,0.45711006529826154
5,LH,Gaussian,3,3.4901726245880127,5.372191905975342,1.882019281387329,0.35032614514273225
5,LH-E2E,Gaussian,3,1.7004013061523438,5.372191905975342,3.671790599822998,0.6834809076233792
50,MLP-E2E,Gaussian,3,4.809662818908691,0.8741381168365479,-3.9355247020721436,-4.502177203202814
5,LH-E2E,Gaussian,3,1.883780598640442,5.372191905975342,3.4884113073349,0.6493459966414892
20,MLP,Gaussian,3,6.480353355407715,4.105693817138672,-2.374659538269043,-0.5783820333499646
20,MLP-E2E,Gaussian,3,6.424654006958008,4.105693817138672,-2.318960189819336,-0.5648156665115031
10,MLP,Gaussian,3,6.346009731292725,4.661200046539307,-1.684809684753418,-0.3614540607422116
50,LH,Gaussian,3,3.349712371826172,0.8741381168365479,-2.475574254989624,-2.8320172834340815
5,MLP,Gaussian,3,6.535470962524414,5.372191905975342,-1.1632790565490723,-0.2165371373377762
10,MLP,Gaussian,3,6.435907363891602,4.661200046539307,-1.774707317352295,-0.3807404315697458
5,MLP-E2E,Gaussian,3,6.527815818786621,5.372191905975342,-1.1556239128112793,-0.21511218010025115
50,LH-E2E,Gaussian,3,1.5068836212158203,0.8741381168365479,-0.6327455043792725,-0.723850719002095
10,MLP-E2E,Gaussian,3,6.325839996337891,4.661200046539307,-1.664639949798584,-0.3571269057706482
20,LH,Gaussian,3,3.3513107299804688,4.105693817138672,0.7543830871582031,0.18374070760199687
20,LH-E2E,Gaussian,3,1.657091736793518,4.105693817138672,2.448602080345154,0.5963917889161122
5,LH,Gaussian,3,3.4111359119415283,5.372191905975342,1.9610559940338135,0.3650383360007271
75,MLP-E2E,Gaussian,3,1.5123037099838257,1.1268813610076904,-0.38542234897613525,-0.34202566686477026
20,MLP,Gaussian,3,6.483675003051758,4.105693817138672,-2.377981185913086,-0.5791910677767836
5,LH-E2E,Gaussian,3,1.8163870573043823,5.372191905975342,3.5558048486709595,0.6618908838152143
50,MLP,Gaussian,3,6.463083744049072,0.8741381168365479,-5.588945627212524,-6.393664250037025
20,MLP-E2E,Gaussian,3,6.228621482849121,4.105693817138672,-2.122927665710449,-0.5170691630361159
75,LH,Gaussian,3,3.0177323818206787,1.1268813610076904,-1.8908510208129883,-1.6779503914432783
75,LH,Gaussian,3,3.290834426879883,1.1268813610076904,-2.1639530658721924,-1.9203024743768253
10,MLP,Gaussian,3,6.502566814422607,4.661200046539307,-1.8413667678833008,-0.3950413519047349
50,MLP-E2E,Gaussian,3,5.080827713012695,0.8741381168365479,-4.2066895961761475,-4.812385497385583
20,LH,Gaussian,3,3.0829172134399414,4.105693817138672,1.0227766036987305,0.24911175778117836
10,MLP-E2E,Gaussian,3,6.467261791229248,4.661200046539307,-1.8060617446899414,-0.38746711719245913
20,LH-E2E,Gaussian,3,1.6133620738983154,4.105693817138672,2.4923317432403564,0.6070427689557486
75,LH-E2E,Gaussian,3,1.4466760158538818,1.1268813610076904,-0.3197946548461914,-0.2837873319337021
50,LH,Gaussian,3,3.2654688358306885,0.8741381168365479,-2.3913307189941406,-2.7356440280263943
10,LH,Gaussian,3,3.4149985313415527,4.661200046539307,1.246201515197754,0.26735636805011026
75,LH-E2E,Gaussian,3,1.444166898727417,1.1268813610076904,-0.31728553771972656,-0.28156072919335584
50,MLP,Gaussian,3,6.457822322845459,0.8741381168365479,-5.583684206008911,-6.387645268479907
50,LH-E2E,Gaussian,3,1.4931504726409912,0.8741381168365479,-0.6190123558044434,-0.7081402170684549
50,MLP-E2E,Gaussian,3,4.654906272888184,0.8741381168365479,-3.7807681560516357,-4.3251381941037
75,MLP,Gaussian,3,6.460004806518555,1.1268813610076904,-5.333123445510864,-4.732639681556032
5,MLP,Gaussian,3,6.5388569831848145,5.372191905975342,-1.1666650772094727,-0.2171674239544241
50,LH,Gaussian,3,2.989898443222046,0.8741381168365479,-2.115760326385498,-2.4203959141403244
5,MLP-E2E,Gaussian,3,6.360167980194092,5.372191905975342,-0.98797607421875,-0.18390558109434835
50,LH-E2E,Gaussian,3,1.4922420978546143,0.8741381168365479,-0.6181039810180664,-0.7071010508670492
5,LH,Gaussian,3,3.137080192565918,5.372191905975342,2.235111713409424,0.41605209801298615
5,LH-E2E,Gaussian,3,1.7665908336639404,5.372191905975342,3.6056010723114014,0.6711601401098479
75,MLP,Gaussian,3,6.451379776000977,1.1268813610076904,-5.324498414993286,-4.724985787529544
10,MLP,Gaussian,3,6.508004665374756,4.661200046539307,-1.8468046188354492,-0.39620797228100163
10,MLP-E2E,Gaussian,3,6.283801078796387,4.661200046539307,-1.62260103225708,-0.34810800138513154
75,MLP-E2E,Gaussian,3,1.5138434171676636,1.1268813610076904,-0.38696205615997314,-0.34339201050760154
10,LH,Gaussian,3,3.1495771408081055,4.661200046539307,1.5116229057312012,0.3242990840638777
10,LH-E2E,Gaussian,3,1.7764705419540405,4.661200046539307,2.884729504585266,0.618881291466352
5,MLP-E2E,Mean,3,5.7705607414245605,5.372191905975342,-0.39836883544921875,-0.07415387283654629
20,LH-E2E,Mean,3,3.2065367698669434,4.105693817138672,0.8991570472717285,0.2190024603194513
5,MLP,Mean,3,6.005288600921631,5.372191905975342,-0.6330966949462891,-0.11784699914426232
5,LH,Mean,3,1.9338438510894775,5.372191905975342,3.4383480548858643,0.6400270346004364
5,MLP-E2E,Mean,3,5.758680820465088,5.372191905975342,-0.3864889144897461,-0.07194249968246016
50,MLP,Mean,3,5.843042850494385,0.8741381168365479,-4.968904733657837,-5.684347402261782
5,LH,Mean,3,2.0954580307006836,5.372191905975342,3.276733875274658,0.6099435635629541
5,LH-E2E,Mean,3,1.9996980428695679,5.372191905975342,3.372493863105774,0.6277686877407789
50,MLP,Mean,3,5.915146827697754,0.8741381168365479,-5.041008710861206,-5.766833196914358
5,LH-E2E,Mean,3,2.654538154602051,5.372191905975342,2.717653751373291,0.5058742872440054
50,MLP-E2E,Mean,3,3.4291739463806152,0.8741381168365479,-2.5550358295440674,-2.922920051571009
5,LH,Mean,3,2.2441790103912354,5.372191905975342,3.1280128955841064,0.5822600812351665
5,LH-E2E,Mean,3,3.497180223464966,5.372191905975342,1.875011682510376,0.34902172434027384
10,MLP,Mean,3,5.944393157958984,4.661200046539307,-1.2831931114196777,-0.2752924351256669
50,MLP-E2E,Mean,3,3.689323663711548,0.8741381168365479,-2.815185546875,-3.220527160013321
10,MLP,Mean,3,5.901944637298584,4.661200046539307,-1.2407445907592773,-0.2661856557047931
50,LH,Mean,3,1.7076200246810913,0.8741381168365479,-0.8334819078445435,-0.9534899483171644
10,MLP-E2E,Mean,3,5.831000328063965,4.661200046539307,-1.1698002815246582,-0.25096547452263346
10,MLP-E2E,Mean,3,5.699545860290527,4.661200046539307,-1.0383458137512207,-0.22276362382733117
10,MLP,Mean,3,5.966879844665527,4.661200046539307,-1.3056797981262207,-0.2801166620376267
50,LH,Mean,3,1.8440665006637573,0.8741381168365479,-0.9699283838272095,-1.1095825306615397
50,LH-E2E,Mean,3,1.4542287588119507,0.8741381168365479,-0.5800906419754028,-0.6636144000615317
10,LH,Mean,3,1.809842824935913,4.661200046539307,2.8513572216033936,0.6117217010929138
10,MLP-E2E,Mean,3,5.6917901039123535,4.661200046539307,-1.0305900573730469,-0.2210997269122155
50,LH-E2E,Mean,3,1.4635192155838013,0.8741381168365479,-0.5893810987472534,-0.6742425337544912
10,LH,Mean,3,1.9842095375061035,4.661200046539307,2.676990509033203,0.5743135849792
10,LH-E2E,Mean,3,1.861677885055542,4.661200046539307,2.7995221614837646,0.6006011614031157
10,LH-E2E,Mean,3,2.5415592193603516,4.661200046539307,2.119640827178955,0.454741441263109
10,LH,Mean,3,2.1109275817871094,4.661200046539307,2.5502724647521973,0.5471278724983364
75,MLP,Mean,3,5.836585521697998,1.1268813610076904,-4.709704160690308,-4.179414376397841
10,LH-E2E,Mean,3,3.3047730922698975,4.661200046539307,1.3564269542694092,0.291003806042713
20,MLP,Mean,3,5.92262077331543,4.105693817138672,-1.8169269561767578,-0.44253834725625135
75,MLP,Mean,3,5.910975456237793,1.1268813610076904,-4.7840940952301025,-4.24542836608108
20,MLP,Mean,3,5.867964267730713,4.105693817138672,-1.762270450592041,-0.42922597959830266
20,MLP-E2E,Mean,3,5.792887210845947,4.105693817138672,-1.6871933937072754,-0.41093989684869126
20,MLP,Mean,3,5.938784122467041,4.105693817138672,-1.8330903053283691,-0.4464751603435156
20,MLP-E2E,Mean,3,5.658304214477539,4.105693817138672,-1.5526103973388672,-0.3781602979885402
75,MLP-E2E,Mean,3,1.3860498666763306,1.1268813610076904,-0.25916850566864014,-0.22998739231686646
20,MLP-E2E,Mean,3,5.646887302398682,4.105693817138672,-1.5411934852600098,-0.3753795470150509
20,LH,Mean,3,1.607080101966858,4.105693817138672,2.498613715171814,0.6085728323777296
75,MLP-E2E,Mean,3,1.383333444595337,1.1268813610076904,-0.2564520835876465,-0.2275768261517073
20,LH-E2E,Mean,3,1.6665830612182617,4.105693817138672,2.43911075592041,0.5940800421450492
20,LH,Mean,3,1.7893035411834717,4.105693817138672,2.3163902759552,0.5641897275159042
75,LH,Mean,3,1.7080472707748413,1.1268813610076904,-0.5811659097671509,-0.515729454649472
20,LH,Mean,3,1.9336031675338745,4.105693817138672,2.1720906496047974,0.52904350551853
20,LH-E2E,Mean,3,2.424987554550171,4.105693817138672,1.680706262588501,0.40935986399487867
75,LH,Mean,3,1.8406583070755005,1.1268813610076904,-0.7137769460678101,-0.6334091331757673
5,LH-E2E,Mean,3,3.411630630493164,5.372191905975342,1.9605612754821777,0.3649462472294594
50,MLP,Mean,3,5.904068946838379,0.8741381168365479,-5.029930830001831,-5.7541602787038295
50,MLP-E2E,Mean,3,3.7026665210723877,0.8741381168365479,-2.82852840423584,-3.2357911750515016
75,LH-E2E,Mean,3,1.282992959022522,1.1268813610076904,-0.15611159801483154,-0.1385341912792239
50,MLP-E2E,Mean,3,3.834645986557007,0.8741381168365479,-2.960507869720459,-3.386773568957678
10,MLP,Mean,3,6.024699687957764,4.661200046539307,-1.363499641418457,-0.29252115931621153
75,LH-E2E,Mean,3,1.2853715419769287,1.1268813610076904,-0.15849018096923828,-0.1406449573604729
50,LH,Mean,3,1.8337960243225098,0.8741381168365479,-0.9596579074859619,-1.0978332702833105
10,MLP-E2E,Mean,3,5.819398880004883,4.661200046539307,-1.1581988334655762,-0.24847653434773245
50,LH,Mean,3,1.5332438945770264,0.8741381168365479,-0.6591057777404785,-0.7540064493763775
50,LH-E2E,Mean,3,1.467775583267212,0.8741381168365479,-0.5936374664306641,-0.6791117501877182
5,MLP,Mean,3,5.977158069610596,5.372191905975342,-0.6049661636352539,-0.11261067627952133
50,LH-E2E,Mean,3,1.428898572921753,0.8741381168365479,-0.5547604560852051,-0.6346370732497618
10,LH,Mean,3,2.1102216243743896,4.661200046539307,2.550978422164917,0.547279326502814
5,MLP-E2E,Mean,3,5.864504337310791,5.372191905975342,-0.4923124313354492,-0.09164088698839362
10,LH-E2E,Mean,3,3.3351218700408936,4.661200046539307,1.326078176498413,0.28449286948818164
5,MLP,Mean,3,5.950057506561279,5.372191905975342,-0.5778656005859375,-0.10756607557954016
75,MLP,Mean,3,5.975736141204834,1.1268813610076904,-4.8488547801971436,-4.3028973128645545
75,MLP,Mean,3,5.9004807472229,1.1268813610076904,-4.77359938621521,-4.236115310263466
10,MLP,Mean,3,5.822031021118164,4.661200046539307,-1.1608309745788574,-0.24904122607668658
20,MLP,Mean,3,5.999391555786133,4.105693817138672,-1.893697738647461,-0.4612369609108385
10,MLP-E2E,Mean,3,5.483487129211426,4.661200046539307,-0.8222870826721191,-0.17641102601520472
50,LH,Mean,3,1.4276219606399536,0.8741381168365479,-0.5534838438034058,-0.6331766492535869
20,MLP-E2E,Mean,3,5.7688469886779785,4.105693817138672,-1.6631531715393066,-0.4050845595442834
50,LH-E2E,Mean,3,1.3937746286392212,0.8741381168365479,-0.5196365118026733,-0.5944558437552248
75,MLP-E2E,Mean,3,1.390910267829895,1.1268813610076904,-0.2640289068222046,-0.2343005359376094
10,LH,Mean,3,1.7094879150390625,4.661200046539307,2.951712131500244,0.6332515451019386
75,MLP-E2E,Mean,3,1.3702670335769653,1.1268813610076904,-0.2433856725692749,-0.21598162946952312
20,LH,Mean,3,1.922770380973816,4.105693817138672,2.182923436164856,0.531681984431604
10,LH-E2E,Mean,3,1.6578376293182373,4.661200046539307,3.0033624172210693,0.644332443841561
20,LH-E2E,Mean,3,3.2440459728240967,4.105693817138672,0.8616478443145752,0.20986656158278075
75,LH,Mean,3,1.8326367139816284,1.1268813610076904,-0.705755352973938,-0.6262907324537081
75,MLP,Mean,3,5.775333881378174,1.1268813610076904,-4.648452520370483,-4.125059372899469
75,LH,Mean,3,1.5330820083618164,1.1268813610076904,-0.406200647354126,-0.3604644298942787
20,MLP,Mean,3,5.794220447540283,4.105693817138672,-1.6885266304016113,-0.4112646255678107
50,MLP,Mean,3,5.979315280914307,0.8741381168365479,-5.105177164077759,-5.84024087927098
20,MLP-E2E,Mean,3,5.440507888793945,4.105693817138672,-1.3348140716552734,-0.3251129117527639
10,MLP,Mean,3,5.750076770782471,4.661200046539307,-1.088876724243164,-0.23360437513330867
75,LH-E2E,Mean,3,1.2914085388183594,1.1268813610076904,-0.16452717781066895,-0.14600221771664046
75,LH-E2E,Mean,3,1.2724614143371582,1.1268813610076904,-0.14558005332946777,-0.12918844730849555
75,MLP-E2E,Mean,3,1.3894346952438354,1.1268813610076904,-0.262553334236145,-0.2329911056487456
20,LH,Mean,3,1.4834429025650024,4.105693817138672,2.6222509145736694,0.6386864270363836
10,MLP-E2E,Mean,3,5.409377574920654,4.661200046539307,-0.7481775283813477,-0.16051178256913254
20,LH-E2E,Mean,3,1.4392473697662354,4.105693817138672,2.6664464473724365,0.6494508763029798
75,LH,Mean,3,1.4260938167572021,1.1268813610076904,-0.2992124557495117,-0.2655225883600978
10,LH,Mean,3,1.8998183012008667,4.661200046539307,2.76138174533844,0.5924186299166926
50,MLP,Mean,3,5.7794342041015625,0.8741381168365479,-4.905296087265015,-5.611580129942142
10,LH-E2E,Mean,3,2.24513578414917,4.661200046539307,2.4160642623901367,0.5183352437713837
5,MLP,Mean,3,5.858623504638672,5.372191905975342,-0.4864315986633301,-0.09054620668377195
5,MLP,Mean,3,6.059788227081299,5.372191905975342,-0.687596321105957,-0.12799176446790042
5,MLP-E2E,Mean,3,5.565000057220459,5.372191905975342,-0.1928081512451172,-0.03589003420199155
50,MLP-E2E,Mean,3,3.2357900142669678,0.8741381168365479,-2.36165189743042,-2.7016919316790498
5,MLP-E2E,Mean,3,5.876537799835205,5.372191905975342,-0.5043458938598633,-0.09388084094667079
75,LH-E2E,Mean,3,1.23280668258667,1.1268813610076904,-0.10592532157897949,-0.09399864550449033
20,MLP,Mean,3,5.727729797363281,4.105693817138672,-1.6220359802246094,-0.395069884036076
5,LH,Mean,3,1.8862864971160889,5.372191905975342,3.485905408859253,0.6488795392774365
50,LH-E2E,Mean,3,1.4349989891052246,0.8741381168365479,-0.5608608722686768,-0.6416158516212492
20,MLP-E2E,Mean,3,5.368251800537109,4.105693817138672,-1.2625579833984375,-0.30751391594961547
5,LH,Mean,3,2.2112503051757812,5.372191905975342,3.1609416007995605,0.5883895542308777
5,LH-E2E,Mean,3,1.812707543373108,5.372191905975342,3.559484362602234,0.6625758023727926
10,MLP-E2E,Mean,3,5.3778462409973145,4.661200046539307,-0.7166461944580078,-0.15374714393347685
20,LH,Mean,3,1.714486002922058,4.105693817138672,2.3912078142166138,0.5824126008215311
75,MLP,Mean,3,5.704910755157471,1.1268813610076904,-4.57802939414978,-4.062565548209948
5,MLP,Mean,3,5.789926528930664,5.372191905975342,-0.41773462295532227,-0.07775869333533814
20,LH-E2E,Mean,3,2.0757598876953125,4.105693817138672,2.0299339294433594,0.4944192187370794
10,LH,Mean,3,2.106431007385254,4.661200046539307,2.5547690391540527,0.5480925542019663
5,MLP-E2E,Mean,3,5.5024871826171875,5.372191905975342,-0.1302952766418457,-0.024253652684469787
75,MLP,Mean,3,5.693145751953125,1.1268813610076904,-4.566264390945435,-4.0521252271509285
10,LH-E2E,Mean,3,3.2945947647094727,4.661200046539307,1.366605281829834,0.2931874341768416
50,MLP,Mean,3,5.707943439483643,0.8741381168365479,-4.833805322647095,-5.529795840662273
5,LH,Mean,3,2.0288455486297607,5.372191905975342,3.343346357345581,0.6223430614284029
75,MLP-E2E,Mean,3,1.3719183206558228,1.1268813610076904,-0.24503695964813232,-0.21744698965382928
20,MLP,Mean,3,5.714128017425537,4.105693817138672,-1.6084342002868652,-0.3917569774864046
5,LH-E2E,Mean,3,2.4094393253326416,5.372191905975342,2.9627525806427,0.5514979048584083
50,MLP-E2E,Mean,3,3.0755693912506104,0.8741381168365479,-2.2014312744140625,-2.5184021060435016
20,MLP-E2E,Mean,3,5.33590030670166,4.105693817138672,-1.2302064895629883,-0.299634250471298
75,MLP-E2E,Mean,3,1.378818154335022,1.1268813610076904,-0.25193679332733154,-0.22356993561597494
75,LH,Mean,3,1.620485544204712,1.1268813610076904,-0.4936041831970215,-0.4380267526615456
50,LH,Mean,3,1.628531813621521,0.8741381168365479,-0.7543936967849731,-0.8630143020362475
10,LH,Mean,3,1.8488188982009888,4.661200046539307,2.812381148338318,0.6033598902124704
20,LH,Mean,3,1.9181545972824097,4.105693817138672,2.187539219856262,0.5328062240600289
75,LH,Mean,3,1.830561876296997,1.1268813610076904,-0.7036805152893066,-0.6244495114020298
10,LH-E2E,Mean,3,1.9837156534194946,4.661200046539307,2.677484393119812,0.5744195414027986
20,LH-E2E,Mean,3,3.194502115249634,4.105693817138672,0.9111917018890381,0.22193367125560842
75,MLP,Mean,3,5.697422504425049,1.1268813610076904,-4.570541143417358,-4.055920438093187
75,LH-E2E,Mean,3,1.269042730331421,1.1268813610076904,-0.14216136932373047,-0.12615469049608344
20,MLP,Mean,3,5.723313808441162,4.105693817138672,-1.6176199913024902,-0.39399430725933604
50,MLP,Mean,3,5.698366641998291,0.8741381168365479,-4.824228525161743,-5.5188401377808916
75,LH-E2E,Mean,3,1.290772557258606,1.1268813610076904,-0.16389119625091553,-0.14543784458761408
20,MLP-E2E,Mean,3,5.348231792449951,4.105693817138672,-1.2425379753112793,-0.3026377588422376
50,MLP-E2E,Mean,3,3.1482629776000977,0.8741381168365479,-2.27412486076355,-2.6015624041123706
75,MLP-E2E,Mean,3,1.3794270753860474,1.1268813610076904,-0.25254571437835693,-0.22411029511795558
20,LH,Mean,3,1.6574279069900513,4.105693817138672,2.4482659101486206,0.5963099098935875
5,MLP,Mean,3,5.776002407073975,5.372191905975342,-0.4038105010986328,-0.07516680494036065
50,LH,Mean,3,1.833021879196167,0.8741381168365479,-0.9588837623596191,-1.0969476606623225
20,LH-E2E,Mean,3,1.7919018268585205,4.105693817138672,2.3137919902801514,0.5635568781630853
75,LH,Mean,3,1.5715192556381226,1.1268813610076904,-0.44463789463043213,-0.39457383005503244
5,MLP-E2E,Mean,3,5.4537553787231445,5.372191905975342,-0.08156347274780273,-0.015182531483486642
5,MLP,Mean,3,5.796758651733398,5.372191905975342,-0.42456674575805664,-0.07903045036157824
50,LH-E2E,Mean,3,1.4690605401992798,0.8741381168365479,-0.5949224233627319,-0.6805817203301002
5,LH,Mean,3,2.2286179065704346,5.372191905975342,3.1435739994049072,0.5851566836077461
5,MLP-E2E,Mean,3,5.468635559082031,5.372191905975342,-0.09644365310668945,-0.017952384202697194
50,MLP,Mean,3,5.7002482414245605,0.8741381168365479,-4.826110124588013,-5.520992657377085
10,LH-E2E,Mean,3,1.8977092504501343,4.661200046539307,2.7634907960891724,0.5928710993944397
5,LH-E2E,Mean,3,3.389338493347168,5.372191905975342,1.9828534126281738,0.36909578945284893
75,LH-E2E,Mean,3,1.26968514919281,1.1268813610076904,-0.14280378818511963,-0.12672477611788724
50,MLP-E2E,Mean,3,3.141758918762207,0.8741381168365479,-2.267620801925659,-2.594121865011492
5,LH,Mean,3,1.967368483543396,5.372191905975342,3.404823422431946,0.6337866334679619
20,MLP,Mean,3,5.309693813323975,4.105693817138672,-1.2039999961853027,-0.2932512870685498
5,LH-E2E,Mean,3,2.1330597400665283,5.372191905975342,3.2391321659088135,0.6029442400049067
10,MLP,Mean,3,5.736393451690674,4.661200046539307,-1.0751934051513672,-0.2306687965365574
20,MLP-E2E,Mean,3,4.848326683044434,4.105693817138672,-0.7426328659057617,-0.1808787744487277
50,LH,Mean,3,1.5744729042053223,0.8741381168365479,-0.7003347873687744,-0.8011717758095745
10,MLP,Mean,3,5.758637428283691,4.661200046539307,-1.0974373817443848,-0.23544095314235092
50,LH-E2E,Mean,3,1.4309109449386597,0.8741381168365479,-0.5567728281021118,-0.636939194594372
20,LH,Mean,3,1.6218053102493286,4.105693817138672,2.4838885068893433,0.6049862989102308
5,MLP,Mean,3,5.397272109985352,5.372191905975342,-0.025080204010009766,-0.004668523472162962
10,MLP-E2E,Mean,3,5.398794651031494,4.661200046539307,-0.7375946044921875,-0.1582413535415225
20,LH-E2E,Mean,3,1.7216465473175049,4.105693817138672,2.384047269821167,0.5806685486066397
75,MLP-E2E,Mean,3,1.345012903213501,1.1268813610076904,-0.21813154220581055,-0.1935709913692697
5,MLP-E2E,Mean,3,5.000250816345215,5.372191905975342,0.37194108963012695,0.06923451286548923
20,MLP,Mean,3,5.792440414428711,4.105693817138672,-1.686746597290039,-0.4108310732400307
50,MLP,Mean,3,5.284695625305176,0.8741381168365479,-4.410557508468628,-5.0456071226251575
75,LH,Mean,3,1.5434058904647827,1.1268813610076904,-0.4165245294570923,-0.36962589307948424
5,LH,Mean,3,1.9519492387771606,5.372191905975342,3.420242667198181,0.6366568296627563
75,LH,Mean,3,1.4450180530548096,1.1268813610076904,-0.31813669204711914,-0.28231604768281193
20,MLP-E2E,Mean,3,5.4485955238342285,4.105693817138672,-1.3429017066955566,-0.32708277005211456
5,LH-E2E,Mean,3,2.066964626312256,5.372191905975342,3.305227279663086,0.6152474329866683
50,MLP-E2E,Mean,3,2.4073238372802734,0.8741381168365479,-1.5331857204437256,-1.753939899099962
20,LH,Mean,3,1.5059248208999634,4.105693817138672,2.5997689962387085,0.6332106367470266
75,LH-E2E,Mean,3,1.2699060440063477,1.1268813610076904,-0.14302468299865723,-0.12692079924967464
10,MLP,Mean,3,5.348056793212891,4.661200046539307,-0.686856746673584,-0.14735620437134825
75,LH-E2E,Mean,3,1.2488772869110107,1.1268813610076904,-0.12199592590332031,-0.1082597779363641
50,LH,Mean,3,1.5457537174224854,0.8741381168365479,-0.6716156005859375,-0.7683174862760511
20,LH-E2E,Mean,3,1.4711129665374756,4.105693817138672,2.6345808506011963,0.6416895579508364
10,MLP-E2E,Mean,3,4.913465976715088,4.661200046539307,-0.25226593017578125,-0.054120382660485744
50,LH-E2E,Mean,3,1.4231224060058594,0.8741381168365479,-0.5489842891693115,-0.6280292308451804
50,MLP,Mean,3,5.777091026306152,0.8741381168365479,-4.9029529094696045,-5.608899572087178
10,LH,Mean,3,1.8075238466262817,4.661200046539307,2.853676199913025,0.6122192078050218
5,MLP,Mean,3,5.8597869873046875,5.372191905975342,-0.4875950813293457,-0.09076278172174138
50,MLP-E2E,Mean,3,3.3011436462402344,0.8741381168365479,-2.4270055294036865,-2.7764554395441197
75,MLP,Mean,3,5.278288841247559,1.1268813610076904,-4.151407480239868,-3.6839791870615
5,MLP-E2E,Mean,3,5.5687255859375,5.372191905975342,-0.1965336799621582,-0.03658351812480101
50,LH,Mean,3,1.450236439704895,0.8741381168365479,-0.5760983228683472,-0.6590472509690021
5,LH,Mean,3,1.878347635269165,5.372191905975342,3.4938442707061768,0.6503573088705319
5,LH-E2E,Mean,3,1.8617781400680542,5.372191905975342,3.5104137659072876,0.6534416170060401
50,LH-E2E,Mean,3,1.402036190032959,0.8741381168365479,-0.5278980731964111,-0.603906937620844
10,MLP,Mean,3,5.820324420928955,4.661200046539307,-1.1591243743896484,-0.24867509714590275
10,MLP-E2E,Mean,3,5.497739791870117,4.661200046539307,-0.8365397453308105,-0.17946874988811023
75,MLP,Mean,3,5.774604797363281,1.1268813610076904,-4.647723436355591,-4.124412380198977
10,LH,Mean,3,1.7151917219161987,4.661200046539307,2.946008324623108,0.6320278673322254
10,LH-E2E,Mean,3,1.6600369215011597,4.661200046539307,3.001163125038147,0.6438606142352442
75,MLP-E2E,Mean,3,1.3799201250076294,1.1268813610076904,-0.25303876399993896,-0.22454782974994303
20,LH-E2E,PseudoFeature,3,1.7941147089004517,4.105693817138672,2.31157910823822,0.5630178993350262
5,MLP-E2E,PseudoFeature,3,5.711905002593994,5.372191905975342,-0.33971309661865234,-0.06323547307399774
5,MLP,PseudoFeature,3,5.977231502532959,5.372191905975342,-0.6050395965576172,-0.11262434535978662
5,MLP-E2E,PseudoFeature,3,6.26591157913208,5.372191905975342,-0.8937196731567383,-0.16636034021098137
50,MLP,PseudoFeature,3,5.5357866287231445,0.8741381168365479,-4.661648511886597,-5.332851207492034
5,LH,PseudoFeature,3,1.821093201637268,5.372191905975342,3.5510987043380737,0.6610148644147064
5,LH,PseudoFeature,3,2.188274383544922,5.372191905975342,3.18391752243042,0.592666378669205
50,MLP,PseudoFeature,3,5.71368932723999,0.8741381168365479,-4.839551210403442,-5.536369044193474
5,LH-E2E,PseudoFeature,3,2.06973934173584,5.372191905975342,3.302452564239502,0.6147309370252159
5,LH-E2E,PseudoFeature,3,1.743099570274353,5.372191905975342,3.6290923357009888,0.6755328922007512
5,LH,PseudoFeature,3,2.141352653503418,5.372191905975342,3.230839252471924,0.601400565917675
50,MLP-E2E,PseudoFeature,3,1.1072218418121338,0.8741381168365479,-0.23308372497558594,-0.2666440468459397
50,MLP-E2E,PseudoFeature,3,2.3284106254577637,0.8741381168365479,-1.4542725086212158,-1.6636644491423607
5,LH-E2E,PseudoFeature,3,2.331199884414673,5.372191905975342,3.040992021560669,0.5660616885592372
10,MLP,PseudoFeature,3,5.260159492492676,4.661200046539307,-0.5989594459533691,-0.12849897879797387
10,MLP,PseudoFeature,3,5.6624436378479,4.661200046539307,-1.0012435913085938,-0.21480382333128223
50,LH,PseudoFeature,3,1.4662305116653442,0.8741381168365479,-0.5920923948287964,-0.6773442130307078
10,MLP-E2E,PseudoFeature,3,3.7444381713867188,4.661200046539307,0.9167618751525879,0.19667936711560682
10,MLP-E2E,PseudoFeature,3,5.456043243408203,4.661200046539307,-0.7948431968688965,-0.17052329634704808
50,LH,PseudoFeature,3,1.5279682874679565,0.8741381168365479,-0.6538301706314087,-0.7479712393707071
10,MLP,PseudoFeature,3,5.859818458557129,4.661200046539307,-1.1986184120178223,-0.2571480305608709
50,LH-E2E,PseudoFeature,3,1.5668877363204956,0.8741381168365479,-0.6927496194839478,-0.7924944652808026
10,MLP-E2E,PseudoFeature,3,6.126170635223389,4.661200046539307,-1.464970588684082,-0.3142904346642974
50,LH-E2E,PseudoFeature,3,1.5150070190429688,0.8741381168365479,-0.6408689022064209,-0.7331437559612274
10,LH,PseudoFeature,3,1.8442920446395874,4.661200046539307,2.8169080018997192,0.6043310679169678
10,LH,PseudoFeature,3,1.9187852144241333,4.661200046539307,2.7424148321151733,0.5883495247433697
10,LH-E2E,PseudoFeature,3,1.9373618364334106,4.661200046539307,2.723838210105896,0.5843641514867403
10,LH-E2E,PseudoFeature,3,1.6010963916778564,4.661200046539307,3.06010365486145,0.6565055402703461
10,LH,PseudoFeature,3,1.9853975772857666,4.661200046539307,2.67580246925354,0.5740587064569738
75,MLP,PseudoFeature,3,5.5206708908081055,1.1268813610076904,-4.393789529800415,-3.899070196592265
10,LH-E2E,PseudoFeature,3,1.9605399370193481,4.661200046539307,2.7006601095199585,0.5793915906967038
75,MLP,PseudoFeature,3,5.694919109344482,1.1268813610076904,-4.568037748336792,-4.053698913124198
20,MLP,PseudoFeature,3,5.167620658874512,4.105693817138672,-1.0619268417358398,-0.2586473539022729
20,MLP,PseudoFeature,3,5.595053672790527,4.105693817138672,-1.4893598556518555,-0.36275473086539506
20,MLP-E2E,PseudoFeature,3,3.4403347969055176,4.105693817138672,0.6653590202331543,0.16205763261149717
20,MLP-E2E,PseudoFeature,3,5.290318012237549,4.105693817138672,-1.184624195098877,-0.28853203571923
20,MLP,PseudoFeature,3,5.77658224105835,4.105693817138672,-1.6708884239196777,-0.4069685900455549
20,MLP-E2E,PseudoFeature,3,6.003401756286621,4.105693817138672,-1.8977079391479492,-0.46221370215826135
75,MLP-E2E,PseudoFeature,3,1.2292536497116089,1.1268813610076904,-0.10237228870391846,-0.09084566685207585
75,MLP-E2E,PseudoFeature,3,1.2077434062957764,1.1268813610076904,-0.08086204528808594,-0.07175737223639649
20,LH,PseudoFeature,3,1.667026162147522,4.105693817138672,2.43866765499115,0.5939721186249342
20,LH,PseudoFeature,3,1.676329255104065,4.105693817138672,2.429364562034607,0.5917062182994621
20,LH-E2E,PseudoFeature,3,1.8063875436782837,4.105693817138672,2.299306273460388,0.5600286762403569
20,LH-E2E,PseudoFeature,3,1.3005706071853638,4.105693817138672,2.805123209953308,0.6832275700257274
20,LH,PseudoFeature,3,1.6949386596679688,4.105693817138672,2.410755157470703,0.5871736337004301
75,LH,PseudoFeature,3,1.4203169345855713,1.1268813610076904,-0.29343557357788086,-0.26039615502689845
5,LH-E2E,PseudoFeature,3,2.3270905017852783,5.372191905975342,3.0451014041900635,0.5668266244925243
50,MLP,PseudoFeature,3,5.097848892211914,0.8741381168365479,-4.223710775375366,-4.831857453671871
75,LH,PseudoFeature,3,1.4671082496643066,1.1268813610076904,-0.3402268886566162,-0.30191899558297364
50,MLP-E2E,PseudoFeature,3,0.9287291765213013,0.8741381168365479,-0.05459105968475342,-0.06245129760765394
50,MLP-E2E,PseudoFeature,3,1.127426028251648,0.8741381168365479,-0.2532879114151001,-0.2897573124161814
10,MLP,PseudoFeature,3,5.1152424812316895,4.661200046539307,-0.4540424346923828,-0.0974089140476786
75,LH-E2E,PseudoFeature,3,1.5320039987564087,1.1268813610076904,-0.40512263774871826,-0.3595077989278709
10,MLP-E2E,PseudoFeature,3,4.041981220245361,4.661200046539307,0.6192188262939453,0.13284536602407407
50,LH,PseudoFeature,3,1.516244888305664,0.8741381168365479,-0.6421067714691162,-0.7345598585642978
75,LH-E2E,PseudoFeature,3,1.5230584144592285,1.1268813610076904,-0.3961770534515381,-0.35156944391844847
50,LH,PseudoFeature,3,1.5136440992355347,0.8741381168365479,-0.6395059823989868,-0.7315845975385671
50,LH-E2E,PseudoFeature,3,1.4104454517364502,0.8741381168365479,-0.5363073348999023,-0.6135269982743295
10,LH,PseudoFeature,3,1.934754729270935,4.661200046539307,2.7264453172683716,0.5849234725063157
50,LH-E2E,PseudoFeature,3,1.6134498119354248,0.8741381168365479,-0.739311695098877,-0.8457607337549821
10,LH-E2E,PseudoFeature,3,2.1688389778137207,4.661200046539307,2.492361068725586,0.5347037337683096
5,MLP,PseudoFeature,3,5.384201526641846,5.372191905975342,-0.012009620666503906,-0.00223551594520403
75,MLP,PseudoFeature,3,4.970858097076416,1.1268813610076904,-3.8439767360687256,-3.411163649588923
5,MLP,PseudoFeature,3,5.768836498260498,5.372191905975342,-0.39664459228515625,-0.07383291573109653
20,MLP,PseudoFeature,3,5.041913986206055,4.105693817138672,-0.9362201690673828,-0.22802970965814753
75,MLP,PseudoFeature,3,5.077591419219971,1.1268813610076904,-3.9507100582122803,-3.50587931872388
5,MLP-E2E,PseudoFeature,3,4.133708953857422,5.372191905975342,1.23848295211792,0.23053587321413244
20,MLP-E2E,PseudoFeature,3,3.7775938510894775,4.105693817138672,0.32809996604919434,0.07991340335209234
10,MLP,PseudoFeature,3,5.114720821380615,4.661200046539307,-0.4535207748413086,-0.09729699869415037
50,LH,PseudoFeature,3,1.480432391166687,0.8741381168365479,-0.6062942743301392,-0.6935909356341546
20,LH,PseudoFeature,3,1.679166316986084,4.105693817138672,2.426527500152588,0.5910152116125591
10,MLP-E2E,PseudoFeature,3,3.3693575859069824,4.661200046539307,1.2918424606323242,0.27714804079079347
75,MLP-E2E,PseudoFeature,3,1.2038066387176514,1.1268813610076904,-0.07692527770996094,-0.06826386554230704
20,LH-E2E,PseudoFeature,3,1.8386437892913818,4.105693817138672,2.26705002784729,0.5521722098184214
75,MLP-E2E,PseudoFeature,3,1.3469089269638062,1.1268813610076904,-0.22002756595611572,-0.19525353206602034
50,LH-E2E,PseudoFeature,3,1.4747207164764404,0.8741381168365479,-0.6005825996398926,-0.6870568713024026
10,LH,PseudoFeature,3,1.8143953084945679,4.661200046539307,2.8468047380447388,0.6107450248050049
10,LH-E2E,PseudoFeature,3,1.8606723546981812,4.661200046539307,2.8005276918411255,0.6008168848964911
75,LH,PseudoFeature,3,1.4348640441894531,1.1268813610076904,-0.3079826831817627,-0.27330533083478775
50,MLP,PseudoFeature,3,4.9878106117248535,0.8741381168365479,-4.113672494888306,-4.70597542385571
75,LH,PseudoFeature,3,1.4564169645309448,1.1268813610076904,-0.3295356035232544,-0.2924314971618432
75,MLP,PseudoFeature,3,4.936252593994141,1.1268813610076904,-3.80937123298645,-3.380454557860464
10,MLP,PseudoFeature,3,4.679383754730225,4.661200046539307,-0.01818370819091797,-0.0039010786941912966
20,MLP,PseudoFeature,3,5.034185886383057,4.105693817138672,-0.9284920692443848,-0.22614742126373827
10,MLP-E2E,PseudoFeature,3,2.6409249305725098,4.661200046539307,2.020275115966797,0.43342381699896015
20,MLP-E2E,PseudoFeature,3,3.086742877960205,4.105693817138672,1.0189509391784668,0.24817996289080102
75,LH-E2E,PseudoFeature,3,1.5349823236465454,1.1268813610076904,-0.408100962638855,-0.36215077891954756
75,LH-E2E,PseudoFeature,3,1.5094479322433472,1.1268813610076904,-0.38256657123565674,-0.3394914358096707
10,LH,PseudoFeature,3,1.7995491027832031,4.661200046539307,2.8616509437561035,0.6139300856397972
20,LH,PseudoFeature,3,1.6378154754638672,4.105693817138672,2.4678783416748047,0.6010867959449328
75,MLP-E2E,PseudoFeature,3,1.314789056777954,1.1268813610076904,-0.18790769577026367,-0.16675020305796084
10,LH-E2E,PseudoFeature,3,1.9852215051651,4.661200046539307,2.6759785413742065,0.5740964804462702
20,LH-E2E,PseudoFeature,3,1.5536460876464844,4.105693817138672,2.5520477294921875,0.6215874449378092
20,MLP,PseudoFeature,3,4.5829548835754395,4.105693817138672,-0.4772610664367676,-0.11624370634860906
75,LH,PseudoFeature,3,1.4009836912155151,1.1268813610076904,-0.2741023302078247,-0.24323974083901287
5,MLP,PseudoFeature,3,5.239739418029785,5.372191905975342,0.13245248794555664,0.024655204107327845
50,MLP,PseudoFeature,3,4.95703125,0.8741381168365479,-4.082893133163452,-4.670764327197161
20,MLP-E2E,PseudoFeature,3,2.324065685272217,4.105693817138672,1.781628131866455,0.43394081761023817
5,MLP,PseudoFeature,3,5.214347839355469,5.372191905975342,0.15784406661987305,0.029381688030226064
5,MLP-E2E,PseudoFeature,3,3.7678239345550537,5.372191905975342,1.604367971420288,0.2986430863789124
5,MLP-E2E,PseudoFeature,3,4.409379482269287,5.372191905975342,0.9628124237060547,0.17922152457642937
50,MLP-E2E,PseudoFeature,3,1.1075553894042969,0.8741381168365479,-0.23341727256774902,-0.2670256199471907
20,LH,PseudoFeature,3,1.6049216985702515,4.105693817138672,2.5007721185684204,0.6090985421585215
5,LH,PseudoFeature,3,1.9987291097640991,5.372191905975342,3.3734627962112427,0.6279490485920715
50,LH-E2E,PseudoFeature,3,1.5186055898666382,0.8741381168365479,-0.6444674730300903,-0.7372604633262974
75,LH-E2E,PseudoFeature,3,1.4075932502746582,1.1268813610076904,-0.2807118892669678,-0.24910509569165912
5,LH,PseudoFeature,3,2.131171464920044,5.372191905975342,3.241020441055298,0.6032957306402996
5,LH-E2E,PseudoFeature,3,2.076185703277588,5.372191905975342,3.296006202697754,0.6135309870504991
20,LH-E2E,PseudoFeature,3,1.7940423488616943,4.105693817138672,2.3116514682769775,0.5630355236494491
10,MLP-E2E,PseudoFeature,3,3.6936655044555664,4.661200046539307,0.9675345420837402,0.20757198412929803
50,MLP,PseudoFeature,3,4.504276752471924,0.8741381168365479,-3.630138635635376,-4.152820436171603
75,MLP,PseudoFeature,3,4.483012676239014,1.1268813610076904,-3.3561313152313232,-2.978247250651277
10,LH,PseudoFeature,3,1.9224594831466675,4.661200046539307,2.738740563392639,0.5875612580554247
75,MLP,PseudoFeature,3,4.902858257293701,1.1268813610076904,-3.7759768962860107,-3.3508202610693827
10,LH-E2E,PseudoFeature,3,1.892865538597107,4.661200046539307,2.7683345079421997,0.5939102549347868
50,MLP-E2E,PseudoFeature,3,1.1784864664077759,0.8741381168365479,-0.304348349571228,-0.3481696355635949
5,MLP,PseudoFeature,3,4.798628807067871,5.372191905975342,0.5735630989074707,0.10676519174036062
5,MLP-E2E,PseudoFeature,3,3.044589042663574,5.372191905975342,2.3276028633117676,0.43326874840841756
20,MLP,PseudoFeature,3,4.9951677322387695,4.105693817138672,-0.8894739151000977,-0.2166439960493662
50,LH,PseudoFeature,3,1.463646411895752,0.8741381168365479,-0.5895082950592041,-0.6743880442973914
75,MLP-E2E,PseudoFeature,3,1.2889608144760132,1.1268813610076904,-0.16207945346832275,-0.14383009523148607
20,MLP-E2E,PseudoFeature,3,3.4838907718658447,4.105693817138672,0.6218030452728271,0.15144895673349854
75,MLP-E2E,PseudoFeature,3,1.3720186948776245,1.1268813610076904,-0.24513733386993408,-0.2175360622263954
5,LH,PseudoFeature,3,2.024982213973999,5.372191905975342,3.3472096920013428,0.6230621970667751
10,LH,PseudoFeature,3,1.919992446899414,4.661200046539307,2.7412075996398926,0.5880905286772864
5,LH-E2E,PseudoFeature,3,2.191199541091919,5.372191905975342,3.180992364883423,0.5921218788452609
10,LH-E2E,PseudoFeature,3,1.9089667797088623,4.661200046539307,2.7522332668304443,0.5904559425364786
20,LH,PseudoFeature,3,1.6658259630203247,4.105693817138672,2.439867854118347,0.5942644441564161
75,LH,PseudoFeature,3,1.414928674697876,1.1268813610076904,-0.28804731369018555,-0.2556145869984088
75,LH,PseudoFeature,3,1.45482337474823,1.1268813610076904,-0.32794201374053955,-0.291017337838727
20,LH-E2E,PseudoFeature,3,1.698222279548645,4.105693817138672,2.407471537590027,0.5863738614750953
20,MLP,PseudoFeature,3,5.295907974243164,4.105693817138672,-1.1902141571044922,-0.28989355030229036
75,MLP,PseudoFeature,3,5.202610015869141,1.1268813610076904,-4.07572865486145,-3.6168214293799426
20,MLP-E2E,PseudoFeature,3,4.333884239196777,4.105693817138672,-0.22819042205810547,-0.0555790159279669
50,MLP,PseudoFeature,3,4.91971492767334,0.8741381168365479,-4.045576810836792,-4.628075052346975
75,LH-E2E,PseudoFeature,3,1.4337822198867798,1.1268813610076904,-0.30690085887908936,-0.2723453146874748
75,LH-E2E,PseudoFeature,3,1.481540560722351,1.1268813610076904,-0.35465919971466064,-0.31472629860299933
50,MLP-E2E,PseudoFeature,3,1.0960928201675415,0.8741381168365479,-0.22195470333099365,-0.2539126243965131
20,LH,PseudoFeature,3,1.6983048915863037,4.105693817138672,2.407388925552368,0.5863537401408365
20,LH-E2E,PseudoFeature,3,1.7636356353759766,4.105693817138672,2.3420581817626953,0.5704415102719266
75,MLP-E2E,PseudoFeature,3,1.279146432876587,1.1268813610076904,-0.15226507186889648,-0.13512076527092132
50,LH,PseudoFeature,3,1.5301674604415894,0.8741381168365479,-0.6560293436050415,-0.7504870580168399
5,MLP,PseudoFeature,3,5.204653739929199,5.372191905975342,0.16753816604614258,0.031186184145766363
50,MLP,PseudoFeature,3,5.222631454467773,0.8741381168365479,-4.348493337631226,-4.974606705594942
50,LH-E2E,PseudoFeature,3,1.5167826414108276,0.8741381168365479,-0.6426445245742798,-0.7351750395005893
75,LH,PseudoFeature,3,1.426994800567627,1.1268813610076904,-0.3001134395599365,-0.2663221257751271
5,MLP,PseudoFeature,3,5.524884223937988,5.372191905975342,-0.15269231796264648,-0.028422722165381137
5,MLP-E2E,PseudoFeature,3,4.03816032409668,5.372191905975342,1.334031581878662,0.24832165440606382
10,LH-E2E,PseudoFeature,3,1.4504055976867676,4.661200046539307,3.210794448852539,0.6888342952018083
50,MLP-E2E,PseudoFeature,3,0.9175283908843994,0.8741381168365479,-0.04339027404785156,-0.04963777830084598
5,MLP-E2E,PseudoFeature,3,4.889130592346191,5.372191905975342,0.4830613136291504,0.08991884915575234
5,LH,PseudoFeature,3,2.0993621349334717,5.372191905975342,3.27282977104187,0.6092168389222268
20,MLP,PseudoFeature,3,4.711391925811768,4.105693817138672,-0.6056981086730957,-0.14752637085227585
5,LH,PseudoFeature,3,2.116483211517334,5.372191905975342,3.255708694458008,0.6060298573542714
50,LH,PseudoFeature,3,1.5057119131088257,0.8741381168365479,-0.6315737962722778,-0.7225103037010955
5,LH-E2E,PseudoFeature,3,2.165238857269287,5.372191905975342,3.2069530487060547,0.5969542981402152
75,LH-E2E,PseudoFeature,3,1.409079670906067,1.1268813610076904,-0.28219830989837646,-0.2504241525887219
20,MLP-E2E,PseudoFeature,3,2.428481340408325,4.105693817138672,1.6772124767303467,0.40850890286290875
5,LH-E2E,PseudoFeature,3,2.0034120082855225,5.372191905975342,3.3687798976898193,0.6270773562543098
50,LH-E2E,PseudoFeature,3,1.442872166633606,0.8741381168365479,-0.5687340497970581,-0.6506226405676848
10,MLP,PseudoFeature,3,5.082171440124512,4.661200046539307,-0.4209713935852051,-0.09031395121043002
20,LH,PseudoFeature,3,1.6759116649627686,4.105693817138672,2.4297821521759033,0.5918079283051019
10,MLP,PseudoFeature,3,5.393672466278076,4.661200046539307,-0.7324724197387695,-0.1571424552530397
20,LH-E2E,PseudoFeature,3,1.1675974130630493,4.105693817138672,2.9380964040756226,0.7156150787014196
10,MLP-E2E,PseudoFeature,3,4.609594821929932,4.661200046539307,0.051605224609375,0.01107123146274083
5,MLP,PseudoFeature,3,4.931801795959473,5.372191905975342,0.44039011001586914,0.08197587087796236
20,MLP,PseudoFeature,3,5.259620666503906,4.105693817138672,-1.1539268493652344,-0.2810552614879172
75,MLP-E2E,PseudoFeature,3,1.4002412557601929,1.1268813610076904,-0.27335989475250244,-0.24258090000535282
5,MLP-E2E,PseudoFeature,3,3.186758518218994,5.372191905975342,2.1854333877563477,0.4068047876929992
50,MLP,PseudoFeature,3,4.6438164710998535,0.8741381168365479,-3.7696783542633057,-4.312451638541447
20,MLP-E2E,PseudoFeature,3,4.5084147453308105,4.105693817138672,-0.40272092819213867,-0.09808839775412229
75,LH,PseudoFeature,3,1.4134973287582397,1.1268813610076904,-0.2866159677505493,-0.25434440365066374
50,MLP-E2E,PseudoFeature,3,1.3249478340148926,0.8741381168365479,-0.4508097171783447,-0.5157190934652265
5,LH,PseudoFeature,3,2.2357044219970703,5.372191905975342,3.1364874839782715,0.5838375729820154
20,LH,PseudoFeature,3,1.711079716682434,4.105693817138672,2.394614100456238,0.5832422501795531
75,LH,PseudoFeature,3,1.4497129917144775,1.1268813610076904,-0.3228316307067871,-0.2864823590817951
5,LH-E2E,PseudoFeature,3,1.6827584505081177,5.372191905975342,3.689433455467224,0.6867650151074403
20,LH-E2E,PseudoFeature,3,1.44350004196167,4.105693817138672,2.662193775177002,0.6484150776329274
75,LH-E2E,PseudoFeature,3,1.4646098613739014,1.1268813610076904,-0.33772850036621094,-0.29970191366392307
50,LH,PseudoFeature,3,1.5194939374923706,0.8741381168365479,-0.6453558206558228,-0.7382767187768059
10,MLP,PseudoFeature,3,4.802488327026367,4.661200046539307,-0.14128828048706055,-0.030311567638458166
50,LH-E2E,PseudoFeature,3,1.5881403684616089,0.8741381168365479,-0.714002251625061,-0.8168071359352128
50,MLP,PseudoFeature,3,5.197107315063477,0.8741381168365479,-4.322969198226929,-4.9454074990706145
75,LH-E2E,PseudoFeature,3,1.484013319015503,1.1268813610076904,-0.3571319580078125,-0.3169206363378436
10,MLP-E2E,PseudoFeature,3,2.7487614154815674,4.661200046539307,1.9124386310577393,0.410288898129919
50,MLP-E2E,PseudoFeature,3,1.0145100355148315,0.8741381168365479,-0.1403719186782837,-0.16058322589373067
10,LH,PseudoFeature,3,1.9256600141525269,4.661200046539307,2.73554003238678,0.5868746256487689
75,MLP,PseudoFeature,3,4.620872974395752,1.1268813610076904,-3.4939916133880615,-3.1005851496768315
50,LH,PseudoFeature,3,1.4929417371749878,0.8741381168365479,-0.6188036203384399,-0.7079014270397591
5,MLP,PseudoFeature,3,5.456243515014648,5.372191905975342,-0.08405160903930664,-0.015645682527799937
50,LH-E2E,PseudoFeature,3,1.6075927019119263,0.8741381168365479,-0.7334545850753784,-0.8390602937321914
5,MLP-E2E,PseudoFeature,3,5.018420219421387,5.372191905975342,0.3537716865539551,0.06585239186270776
5,LH,PseudoFeature,3,2.112844467163086,5.372191905975342,3.259347438812256,0.6067071869094947
75,MLP,PseudoFeature,3,5.1782636642456055,1.1268813610076904,-4.051382303237915,-3.595216358548206
5,LH-E2E,PseudoFeature,3,1.7627910375595093,5.372191905975342,3.6094008684158325,0.6718674484433802
10,MLP,PseudoFeature,3,5.345697402954102,4.661200046539307,-0.6844973564147949,-0.14685002779981474
75,MLP-E2E,PseudoFeature,3,1.4112677574157715,1.1268813610076904,-0.28438639640808105,-0.25236587119852116
10,MLP-E2E,PseudoFeature,3,4.738491535186768,4.661200046539307,-0.07729148864746094,-0.016581886182903856
10,LH,PseudoFeature,3,1.9176387786865234,4.661200046539307,2.743561267852783,0.5885954776581047
10,LH-E2E,PseudoFeature,3,1.6593267917633057,4.661200046539307,3.001873254776001,0.6440129633579517
20,LH-E2E,RealValue,3,1.2952392101287842,4.105693817138672,2.8104546070098877,0.6845261074457183
5,MLP-E2E,RealValue,3,5.4992594718933105,5.372191905975342,-0.12706756591796875,-0.023652834474627567
5,MLP,RealValue,3,5.988131999969482,5.372191905975342,-0.6159400939941406,-0.11465340493682799
5,LH,RealValue,3,2.0244204998016357,5.372191905975342,3.347771406173706,0.6231667566547784
5,MLP-E2E,RealValue,3,5.9908318519592285,5.372191905975342,-0.6186399459838867,-0.1151559655372308
50,MLP,RealValue,3,5.8663201332092285,0.8741381168365479,-4.992182016372681,-5.710976240733078
5,LH,RealValue,3,2.845235824584961,5.372191905975342,2.526956081390381,0.4703771059592486
5,LH-E2E,RealValue,3,1.4762917757034302,5.372191905975342,3.8959001302719116,0.7251974982387746
50,MLP,RealValue,3,5.911088943481445,0.8741381168365479,-5.0369508266448975,-5.762191042387344
5,LH-E2E,RealValue,3,2.6590206623077393,5.372191905975342,2.7131712436676025,0.5050398964061237
5,LH,RealValue,3,2.0412216186523438,5.372191905975342,3.330970287322998,0.6200393332222647
50,MLP-E2E,RealValue,3,2.4423961639404297,0.8741381168365479,-1.5682580471038818,-1.794062078861532
50,MLP-E2E,RealValue,3,3.3562934398651123,0.8741381168365479,-2.4821553230285645,-2.8395459198271
5,LH-E2E,RealValue,3,1.515925407409668,5.372191905975342,3.856266498565674,0.7178199450165684
10,MLP,RealValue,3,6.0625481605529785,4.661200046539307,-1.4013481140136719,-0.30064105810135705
10,MLP,RealValue,3,5.914454460144043,4.661200046539307,-1.2532544136047363,-0.26886947590571897
10,MLP-E2E,RealValue,3,5.814577102661133,4.661200046539307,-1.1533770561218262,-0.24744208457179334
50,LH,RealValue,3,2.625919818878174,0.8741381168365479,-1.751781702041626,-2.0040101996481017
10,MLP-E2E,RealValue,3,5.374537944793701,4.661200046539307,-0.7133378982543945,-0.15303739190168636
10,MLP,RealValue,3,5.952504634857178,4.661200046539307,-1.291304588317871,-0.2770326472635724
50,LH,RealValue,3,1.7977876663208008,0.8741381168365479,-0.9236495494842529,-1.056640285664334
10,MLP-E2E,RealValue,3,5.8791303634643555,4.661200046539307,-1.2179303169250488,-0.26129114922439284
10,LH,RealValue,3,1.896291971206665,4.661200046539307,2.7649080753326416,0.5931751582696905
50,LH-E2E,RealValue,3,1.2696515321731567,0.8741381168365479,-0.3955134153366089,-0.4524610101295521
50,LH-E2E,RealValue,3,1.2931113243103027,0.8741381168365479,-0.4189732074737549,-0.4792986364557505
10,LH,RealValue,3,2.7356555461883545,4.661200046539307,1.9255445003509521,0.41310059236366964
10,LH-E2E,RealValue,3,1.3900831937789917,4.661200046539307,3.271116852760315,0.7017756843946111
10,LH-E2E,RealValue,3,2.263685703277588,4.661200046539307,2.3975143432617188,0.5143555992714249
10,LH,RealValue,3,1.924933910369873,4.661200046539307,2.7362661361694336,0.587030401795556
10,LH-E2E,RealValue,3,1.3640090227127075,4.661200046539307,3.297191023826599,0.7073695595353364
75,MLP,RealValue,3,5.859220504760742,1.1268813610076904,-4.732339143753052,-4.199500770446017
20,MLP,RealValue,3,6.034659385681152,4.105693817138672,-1.9289655685424805,-0.46982694142711534
75,MLP,RealValue,3,5.906140327453613,1.1268813610076904,-4.779258966445923,-4.241137649283833
20,MLP,RealValue,3,5.881364822387695,4.105693817138672,-1.7756710052490234,-0.43248987487491675
20,MLP-E2E,RealValue,3,5.742399215698242,4.105693817138672,-1.6367053985595703,-0.39864282907004944
20,MLP,RealValue,3,5.925304412841797,4.105693817138672,-1.819610595703125,-0.4431919857509595
20,MLP-E2E,RealValue,3,5.2783708572387695,4.105693817138672,-1.1726770401000977,-0.2856221365570208
20,MLP-E2E,RealValue,3,5.82113790512085,4.105693817138672,-1.7154440879821777,-0.41782075439266436
20,LH,RealValue,3,1.791551113128662,4.105693817138672,2.3141427040100098,0.5636422994695633
75,MLP-E2E,RealValue,3,1.3285431861877441,1.1268813610076904,-0.2016618251800537,-0.17895568438519718
20,LH,RealValue,3,2.648012399673462,4.105693817138672,1.45768141746521,0.35503899764281327
20,LH-E2E,RealValue,3,1.2944254875183105,4.105693817138672,2.8112683296203613,0.6847243011364111
75,MLP-E2E,RealValue,3,1.3527950048446655,1.1268813610076904,-0.2259136438369751,-0.2004768662026289
20,LH-E2E,RealValue,3,2.1540751457214355,4.105693817138672,1.9516186714172363,0.4753444261407083
20,LH,RealValue,3,1.8100183010101318,4.105693817138672,2.29567551612854,0.5591443537619752
5,LH-E2E,RealValue,3,1.7624021768569946,5.372191905975342,3.609789729118347,0.6719398324366032
75,LH,RealValue,3,2.608396291732788,1.1268813610076904,-1.4815149307250977,-1.314703554418793
50,MLP,RealValue,3,6.016016483306885,0.8741381168365479,-5.141878366470337,-5.882226466772184
50,MLP-E2E,RealValue,3,1.6538878679275513,0.8741381168365479,-0.7797497510910034,-0.8920212219012595
75,LH,RealValue,3,1.7743515968322754,1.1268813610076904,-0.647470235824585,-0.5745682360435868
10,MLP,RealValue,3,5.530550479888916,4.661200046539307,-0.8693504333496094,-0.18650785734782094
50,MLP-E2E,RealValue,3,3.0952484607696533,0.8741381168365479,-2.2211103439331055,-2.54091464627028
50,LH,RealValue,3,2.169171094894409,0.8741381168365479,-1.2950329780578613,-1.4814969775537372
10,MLP-E2E,RealValue,3,4.5199480056762695,4.661200046539307,0.1412520408630371,0.03030379289726242
75,LH-E2E,RealValue,3,1.2765977382659912,1.1268813610076904,-0.14971637725830078,-0.1328590412786844
50,LH,RealValue,3,1.7753732204437256,0.8741381168365479,-0.9012351036071777,-1.0309985187108557
50,LH-E2E,RealValue,3,1.2904138565063477,0.8741381168365479,-0.4162757396697998,-0.47621277650753424
75,LH-E2E,RealValue,3,1.2508479356765747,1.1268813610076904,-0.12396657466888428,-0.11000854123457124
10,LH,RealValue,3,2.2796220779418945,4.661200046539307,2.381577968597412,0.5109366568305961
50,LH-E2E,RealValue,3,1.297664761543274,0.8741381168365479,-0.4235266447067261,-0.48450769569395163
10,LH-E2E,RealValue,3,1.5635619163513184,4.661200046539307,3.0976381301879883,0.6645580750149996
75,MLP,RealValue,3,5.48282527923584,1.1268813610076904,-4.355943918228149,-3.865485816832516
20,MLP,RealValue,3,5.4984130859375,4.105693817138672,-1.3927192687988281,-0.33921654434753684
5,MLP,RealValue,3,6.099688529968262,5.372191905975342,-0.7274966239929199,-0.13541895686632963
75,MLP,RealValue,3,6.010611534118652,1.1268813610076904,-4.883730173110962,-4.333845906142051
5,MLP,RealValue,3,5.952686786651611,5.372191905975342,-0.5804948806762695,-0.10805549966124646
20,MLP-E2E,RealValue,3,4.402464866638184,4.105693817138672,-0.2967710494995117,-0.07228280108484479
5,MLP-E2E,RealValue,3,5.929609775543213,5.372191905975342,-0.5574178695678711,-0.10375985804748905
75,MLP-E2E,RealValue,3,1.2683396339416504,1.1268813610076904,-0.14145827293395996,-0.12553075934050753
10,MLP,RealValue,3,5.995425224304199,4.661200046539307,-1.3342251777648926,-0.2862407029184435
20,LH,RealValue,3,2.178466320037842,4.105693817138672,1.92722749710083,0.4694036094595938
50,LH,RealValue,3,2.4736979007720947,0.8741381168365479,-1.5995597839355469,-1.8298707642726477
10,MLP-E2E,RealValue,3,5.345094680786133,4.661200046539307,-0.6838946342468262,-0.14672072157782234
20,LH-E2E,RealValue,3,1.4114571809768677,4.105693817138672,2.694236636161804,0.6562195712001397
75,MLP-E2E,RealValue,3,1.303709864616394,1.1268813610076904,-0.1768285036087036,-0.15691847405354045
50,LH-E2E,RealValue,3,1.2904201745986938,0.8741381168365479,-0.416282057762146,-0.47622000430394823
75,LH,RealValue,3,2.1484506130218506,1.1268813610076904,-1.0215692520141602,-0.9065455223260086
10,LH,RealValue,3,2.599477767944336,4.661200046539307,2.0617222785949707,0.4423157680446884
50,MLP,RealValue,3,5.486413955688477,0.8741381168365479,-4.612275838851929,-5.276369660601772
75,LH,RealValue,3,1.756101369857788,1.1268813610076904,-0.6292200088500977,-0.558372895872047
10,LH-E2E,RealValue,3,1.9109152555465698,4.661200046539307,2.750284790992737,0.5900379223231745
10,MLP,RealValue,3,5.597564220428467,4.661200046539307,-0.9363641738891602,-0.20088478600792103
75,MLP,RealValue,3,5.9517645835876465,1.1268813610076904,-4.824883222579956,-4.281624836056746
75,LH-E2E,RealValue,3,1.263732671737671,1.1268813610076904,-0.13685131072998047,-0.12144251867614884
10,MLP-E2E,RealValue,3,4.733137607574463,4.661200046539307,-0.07193756103515625,-0.015433270470458796
20,MLP,RealValue,3,5.976306438446045,4.105693817138672,-1.870612621307373,-0.4556142529427669
75,LH-E2E,RealValue,3,1.2572230100631714,1.1268813610076904,-0.13034164905548096,-0.11566581324845557
20,MLP-E2E,RealValue,3,5.271071434020996,4.105693817138672,-1.1653776168823242,-0.2838442584338877
10,LH,RealValue,3,2.73136568069458,4.661200046539307,1.9298343658447266,0.41402092735271595
75,MLP-E2E,RealValue,3,1.3333081007003784,1.1268813610076904,-0.206426739692688,-0.18318409269640873
10,LH-E2E,RealValue,3,2.626955032348633,4.661200046539307,2.034245014190674,0.4364208774306936
20,LH,RealValue,3,2.500330924987793,4.105693817138672,1.605362892150879,0.39100891679976363
5,MLP,RealValue,3,6.031609535217285,5.372191905975342,-0.6594176292419434,-0.12274647681675169
20,LH-E2E,RealValue,3,1.7607223987579346,4.105693817138672,2.3449714183807373,0.5711510703969124
20,MLP,RealValue,3,5.562082290649414,4.105693817138672,-1.4563884735107422,-0.35472408279235107
5,MLP-E2E,RealValue,3,5.476135730743408,5.372191905975342,-0.1039438247680664,-0.01934849435524679
75,LH,RealValue,3,2.45992374420166,1.1268813610076904,-1.3330423831939697,-1.1829482936889861
5,MLP,RealValue,3,5.56442403793335,5.372191905975342,-0.1922321319580078,-0.03578281180614439
20,MLP-E2E,RealValue,3,4.617825508117676,4.105693817138672,-0.5121316909790039,-0.12473694186380348
50,MLP,RealValue,3,5.955482482910156,0.8741381168365479,-5.081344366073608,-5.8129765402093225
5,MLP-E2E,RealValue,3,4.662856101989746,5.372191905975342,0.7093358039855957,0.13203843354825448
5,LH,RealValue,3,2.702342987060547,5.372191905975342,2.669848918914795,0.49697571599130613
20,LH,RealValue,3,2.643855094909668,4.105693817138672,1.461838722229004,0.3560515682213693
5,LH-E2E,RealValue,3,2.1532886028289795,5.372191905975342,3.2189033031463623,0.599178763432867
50,MLP-E2E,RealValue,3,2.5868544578552246,0.8741381168365479,-1.7127163410186768,-1.9593200525528986
5,LH,RealValue,3,2.379608631134033,5.372191905975342,2.9925832748413086,0.5570507024353952
20,LH-E2E,RealValue,3,2.522153854370117,4.105693817138672,1.5835399627685547,0.38569363262264666
75,LH-E2E,RealValue,3,1.2835603952407837,1.1268813610076904,-0.15667903423309326,-0.13903773693886132
10,MLP-E2E,RealValue,3,6.071160316467285,4.661200046539307,-1.4099602699279785,-0.30248868442683535
50,LH-E2E,RealValue,3,1.2634354829788208,0.8741381168365479,-0.38929736614227295,-0.44534994944633716
50,MLP,RealValue,3,5.5474419593811035,0.8741381168365479,-4.673303842544556,-5.346184719020096
10,LH,RealValue,3,2.890490770339966,4.661200046539307,1.7707092761993408,0.37988270370717053
75,MLP,RealValue,3,5.947129726409912,1.1268813610076904,-4.820248365402222,-4.277511841257019
10,LH-E2E,RealValue,3,2.8538951873779297,4.661200046539307,1.807304859161377,0.3877338112753184
75,MLP,RealValue,3,5.5443854331970215,1.1268813610076904,-4.417504072189331,-3.9201145968365907
50,MLP-E2E,RealValue,3,1.8701932430267334,0.8741381168365479,-0.9960551261901855,-1.1394711053155397
5,MLP,RealValue,3,5.636702060699463,5.372191905975342,-0.2645101547241211,-0.04923691471816442
20,MLP,RealValue,3,5.96638298034668,4.105693817138672,-1.8606891632080078,-0.4531972538821109
5,MLP-E2E,RealValue,3,4.886013507843018,5.372191905975342,0.4861783981323242,0.09049907498493516
50,LH,RealValue,3,2.6247150897979736,0.8741381168365479,-1.7505769729614258,-2.0026320088828253
20,MLP-E2E,RealValue,3,6.029986381530762,4.105693817138672,-1.9242925643920898,-0.4686887649437927
75,MLP-E2E,RealValue,3,1.3260046243667603,1.1268813610076904,-0.19912326335906982,-0.1767029522797395
75,MLP-E2E,RealValue,3,1.3102108240127563,1.1268813610076904,-0.18332946300506592,-0.1626874570372939
10,LH,RealValue,3,2.776761770248413,4.661200046539307,1.8844382762908936,0.40428178526471714
5,LH,RealValue,3,2.832831382751465,5.372191905975342,2.539360523223877,0.47268611540094385
20,LH,RealValue,3,2.7990078926086426,4.105693817138672,1.3066859245300293,0.31826190230636364
10,LH-E2E,RealValue,3,2.8068790435791016,4.661200046539307,1.854321002960205,0.3978205149845349
75,LH,RealValue,3,2.764799118041992,1.1268813610076904,-1.6379177570343018,-1.4534961831027426
5,LH-E2E,RealValue,3,3.028413772583008,5.372191905975342,2.343778133392334,0.4362796739977613
20,LH-E2E,RealValue,3,2.6378164291381836,4.105693817138672,1.4678773880004883,0.3575223709749202
75,LH,RealValue,3,2.609161615371704,1.1268813610076904,-1.4822802543640137,-1.3153827063378838
20,MLP,RealValue,3,5.8600053787231445,4.105693817138672,-1.7543115615844727,-0.4272874792224722
50,MLP,RealValue,3,5.950855731964111,0.8741381168365479,-5.0767176151275635,-5.807683611258016
75,MLP,RealValue,3,5.835699081420898,1.1268813610076904,-4.708817720413208,-4.178627744985013
20,MLP-E2E,RealValue,3,5.124887466430664,4.105693817138672,-1.0191936492919922,-0.24823907838365933
75,LH-E2E,RealValue,3,1.2733335494995117,1.1268813610076904,-0.1464521884918213,-0.12996238429292986
50,MLP-E2E,RealValue,3,3.7196640968322754,0.8741381168365479,-2.8455259799957275,-3.255236129381374
75,LH-E2E,RealValue,3,1.2731291055679321,1.1268813610076904,-0.1462477445602417,-0.1297809597537958
20,LH,RealValue,3,2.6750104427337646,4.105693817138672,1.4306833744049072,0.34846324108064514
20,LH-E2E,RealValue,3,2.5540621280670166,4.105693817138672,1.5516316890716553,0.3779219196995586
50,LH,RealValue,3,2.7766833305358887,0.8741381168365479,-1.9025452136993408,-2.1764812414135823
75,MLP-E2E,RealValue,3,1.3142975568771362,1.1268813610076904,-0.1874161958694458,-0.1663140436557161
50,LH-E2E,RealValue,3,1.2589653730392456,0.8741381168365479,-0.38482725620269775,-0.44023621529669016
5,MLP,RealValue,3,5.9456706047058105,5.372191905975342,-0.5734786987304688,-0.10674948117408169
50,MLP,RealValue,3,5.842668056488037,0.8741381168365479,-4.968529939651489,-5.6839186439235645
10,LH-E2E,RealValue,3,4.049644470214844,4.661200046539307,0.6115555763244629,0.1312013151588528
5,MLP,RealValue,3,6.026020050048828,5.372191905975342,-0.6538281440734863,-0.12170602903188384
5,MLP-E2E,RealValue,3,5.436079502105713,5.372191905975342,-0.0638875961303711,-0.011892277351319239
75,LH,RealValue,3,2.640587329864502,1.1268813610076904,-1.5137059688568115,-1.3432700382081137
50,MLP-E2E,RealValue,3,2.1861886978149414,0.8741381168365479,-1.3120505809783936,-1.5009648426345072
5,MLP-E2E,RealValue,3,6.152307987213135,5.372191905975342,-0.780116081237793,-0.1452137404790196
5,LH,RealValue,3,2.8703062534332275,5.372191905975342,2.5018856525421143,0.4657104020724456
20,MLP,RealValue,3,5.77938985824585,4.105693817138672,-1.6736960411071777,-0.4076524250592084
5,LH,RealValue,3,2.985384702682495,5.372191905975342,2.3868072032928467,0.44428926685177916
5,LH-E2E,RealValue,3,2.9995288848876953,5.372191905975342,2.3726630210876465,0.44165641559613655
50,LH,RealValue,3,2.6534318923950195,0.8741381168365479,-1.7792937755584717,-2.035483570946004
20,MLP-E2E,RealValue,3,4.892375946044922,4.105693817138672,-0.78668212890625,-0.19160759762999136
5,LH-E2E,RealValue,3,2.961660385131836,5.372191905975342,2.410531520843506,0.4487054005204724
75,LH-E2E,RealValue,3,1.268384575843811,1.1268813610076904,-0.1415032148361206,-0.12557064100304602
50,LH-E2E,RealValue,3,1.2677124738693237,0.8741381168365479,-0.3935743570327759,-0.4502427584980475
10,MLP,RealValue,3,5.892056465148926,4.661200046539307,-1.2308564186096191,-0.26406427664984355
20,LH,RealValue,3,3.151057720184326,4.105693817138672,0.9546360969543457,0.2325151702665563
10,MLP,RealValue,3,5.991077423095703,4.661200046539307,-1.3298773765563965,-0.2853079385734066
10,MLP-E2E,RealValue,3,5.23189115524292,4.661200046539307,-0.5706911087036133,-0.12243437376761401
20,LH-E2E,RealValue,3,3.8933911323547363,4.105693817138672,0.21230268478393555,0.05170933202512722
20,MLP,RealValue,3,5.480605602264404,4.105693817138672,-1.3749117851257324,-0.334879278962875
50,MLP,RealValue,3,5.765635967254639,0.8741381168365479,-4.891497850418091,-5.595795168068086
75,LH,RealValue,3,2.8632586002349854,1.1268813610076904,-1.736377239227295,-1.5408696064282892
5,MLP,RealValue,3,5.835773944854736,5.372191905975342,-0.46358203887939453,-0.08629290371473233
20,MLP-E2E,RealValue,3,4.4330339431762695,4.105693817138672,-0.32734012603759766,-0.07972833353309491
75,MLP-E2E,RealValue,3,1.3669527769088745,1.1268813610076904,-0.24007141590118408,-0.21304054198438882
50,MLP-E2E,RealValue,3,2.195704460144043,0.8741381168365479,-1.3215663433074951,-1.5118507222750595
5,MLP-E2E,RealValue,3,5.1045379638671875,5.372191905975342,0.2676539421081543,0.04982211112198917
20,LH,RealValue,3,2.886209726333618,4.105693817138672,1.2194840908050537,0.2970226580741311
20,LH-E2E,RealValue,3,2.9628067016601562,4.105693817138672,1.1428871154785156,0.27836637761629607
5,LH,RealValue,3,3.3339531421661377,5.372191905975342,2.038238763809204,0.3794054269621543
75,LH-E2E,RealValue,3,1.280686855316162,1.1268813610076904,-0.15380549430847168,-0.13648774363517227
75,LH,RealValue,3,3.115433931350708,1.1268813610076904,-1.9885525703430176,-1.764651221637738
50,LH,RealValue,3,3.1244375705718994,0.8741381168365479,-2.2502994537353516,-2.5743065202087823
5,LH-E2E,RealValue,3,4.226873397827148,5.372191905975342,1.1453185081481934,0.21319389332951547
50,LH-E2E,RealValue,3,1.3237298727035522,0.8741381168365479,-0.4495917558670044,-0.514325765239536
50,MLP,RealValue,3,5.46421480178833,0.8741381168365479,-4.590076684951782,-5.250974184220438
10,MLP,RealValue,3,5.804034233093262,4.661200046539307,-1.142834186553955,-0.2451802486791891
75,LH-E2E,RealValue,3,1.300218939781189,1.1268813610076904,-0.17333757877349854,-0.15382061037773753
50,MLP-E2E,RealValue,3,1.6744818687438965,0.8741381168365479,-0.8003437519073486,-0.9155804288728919
10,MLP-E2E,RealValue,3,4.9810028076171875,4.661200046539307,-0.31980276107788086,-0.06860953357179284
75,MLP,RealValue,3,5.7608137130737305,1.1268813610076904,-4.63393235206604,-4.1121741049317215
10,LH,RealValue,3,3.2396090030670166,4.661200046539307,1.42159104347229,0.3049839160041513
50,LH,RealValue,3,2.8736326694488525,0.8741381168365479,-1.9994945526123047,-2.2873897317832936
50,LH-E2E,RealValue,3,1.280102014541626,0.8741381168365479,-0.4059638977050781,-0.46441619451882105
5,MLP,RealValue,3,5.546844959259033,5.372191905975342,-0.1746530532836914,-0.032510576007053954
5,MLP-E2E,RealValue,3,4.692375183105469,5.372191905975342,0.679816722869873,0.1265436408021336
75,MLP,RealValue,3,5.4591569900512695,1.1268813610076904,-4.332275629043579,-3.844482461906665
5,LH,RealValue,3,3.0686018466949463,5.372191905975342,2.3035900592803955,0.42879891478153925
5,LH-E2E,RealValue,3,3.391300916671753,5.372191905975342,1.9808909893035889,0.36873049659679846
10,MLP,RealValue,3,5.514212131500244,4.661200046539307,-0.8530120849609375,-0.1830026766592551
75,MLP-E2E,RealValue,3,1.2879961729049683,1.1268813610076904,-0.16111481189727783,-0.14297406761010248
10,MLP-E2E,RealValue,3,4.545620441436768,4.661200046539307,0.11557960510253906,0.02479610485466093
10,LH,RealValue,3,2.967350959777832,4.661200046539307,1.6938490867614746,0.3633933471744186
10,LH-E2E,RealValue,3,3.115647315979004,4.661200046539307,1.5455527305603027,0.33157828780762016
5,MLP,RealValue,4,5.606255054473877,5.372191905975342,-0.23406314849853516,-0.043569394503236776
20,LH-E2E,RealValue,4,1.1589878797531128,4.105693817138672,2.946705937385559,0.7177120527314842
5,MLP-E2E,RealValue,4,5.105771541595459,5.372191905975342,0.2664203643798828,0.04959248832558471
5,MLP-E2E,RealValue,4,5.822409629821777,5.372191905975342,-0.45021772384643555,-0.08380521986671227
50,MLP,RealValue,4,5.469669818878174,0.8741381168365479,-4.595531702041626,-5.257214636369563
5,LH,RealValue,4,1.5010714530944824,5.372191905975342,3.8711204528808594,0.7205849159213985
50,MLP,RealValue,4,6.054693698883057,0.8741381168365479,-5.180555582046509,-5.926472581695237
5,LH,RealValue,4,1.3595879077911377,5.372191905975342,4.012603998184204,0.7469211950007025
5,LH,RealValue,4,1.2498661279678345,5.372191905975342,4.122325778007507,0.7673452196341604
5,LH-E2E,RealValue,4,1.452559471130371,5.372191905975342,3.9196324348449707,0.7296151186418472
50,MLP-E2E,RealValue,4,0.9091702699661255,0.8741381168365479,-0.03503215312957764,-0.040076221886258485
5,LH-E2E,RealValue,4,1.0770270824432373,5.372191905975342,4.2951648235321045,0.7995181294165442
5,LH-E2E,RealValue,4,1.311321496963501,5.372191905975342,4.060870409011841,0.7559056861864979
50,MLP-E2E,RealValue,4,1.3748847246170044,0.8741381168365479,-0.5007466077804565,-0.5728460962126074
10,MLP,RealValue,4,5.5390305519104,4.661200046539307,-0.8778305053710938,-0.18832714678762527
50,LH,RealValue,4,1.201637864112854,0.8741381168365479,-0.32749974727630615,-0.3746544636006809
10,MLP,RealValue,4,6.212939262390137,4.661200046539307,-1.55173921585083,-0.33290551796911483
10,MLP,RealValue,4,6.136173725128174,4.661200046539307,-1.4749736785888672,-0.31643646783277557
50,LH,RealValue,4,1.033682107925415,0.8741381168365479,-0.1595439910888672,-0.1825157695516666
10,MLP-E2E,RealValue,4,4.93399715423584,4.661200046539307,-0.2727971076965332,-0.05852508044555405
10,MLP-E2E,RealValue,4,6.284266948699951,4.661200046539307,-1.6230669021606445,-0.34820794772918734
10,MLP-E2E,RealValue,4,5.696691989898682,4.661200046539307,-1.035491943359375,-0.22215136295816626
50,LH-E2E,RealValue,4,0.941380500793457,0.8741381168365479,-0.06724238395690918,-0.07692420987229712
50,LH-E2E,RealValue,4,0.9131783843040466,0.8741381168365479,-0.03904026746749878,-0.04466144046982313
10,LH,RealValue,4,1.3901716470718384,4.661200046539307,3.2710283994674683,0.7017567078881399
10,LH,RealValue,4,1.2842998504638672,4.661200046539307,3.3769001960754395,0.7244701283701841
10,LH,RealValue,4,1.160379409790039,4.661200046539307,3.5008206367492676,0.7510556512905815
10,LH-E2E,RealValue,4,1.278592824935913,4.661200046539307,3.3826072216033936,0.7256944966596746
10,LH-E2E,RealValue,4,0.9910473823547363,4.661200046539307,3.6701526641845703,0.7873836410238311
10,LH-E2E,RealValue,4,1.10346519947052,4.661200046539307,3.5577348470687866,0.7632658567636924
75,MLP,RealValue,4,5.46109676361084,1.1268813610076904,-4.334215402603149,-3.846203826396921
75,MLP,RealValue,4,6.045735836029053,1.1268813610076904,-4.918854475021362,-4.365015382473607
20,MLP,RealValue,4,5.501948833465576,4.105693817138672,-1.3962550163269043,-0.3400777258397652
20,MLP,RealValue,4,6.186030387878418,4.105693817138672,-2.080336570739746,-0.506695497373832
20,MLP,RealValue,4,6.091384410858154,4.105693817138672,-1.9856905937194824,-0.4836431263896206
20,MLP-E2E,RealValue,4,4.821496963500977,4.105693817138672,-0.7158031463623047,-0.1743440154680507
20,MLP-E2E,RealValue,4,5.607761383056641,4.105693817138672,-1.5020675659179688,-0.3658498740572879
20,MLP-E2E,RealValue,4,6.226048946380615,4.105693817138672,-2.1203551292419434,-0.516442585268001
75,MLP-E2E,RealValue,4,0.8403081893920898,1.1268813610076904,0.2865731716156006,0.25430642615238436
75,MLP-E2E,RealValue,4,0.8388153910636902,1.1268813610076904,0.28806596994400024,0.2556311426487729
20,LH,RealValue,4,1.3232154846191406,4.105693817138672,2.7824783325195312,0.677712088735026
20,LH,RealValue,4,1.105932593345642,4.105693817138672,2.99976122379303,0.7306344207332086
20,LH,RealValue,4,1.229903221130371,4.105693817138672,2.875790596008301,0.7004396148596606
50,MLP,RealValue,4,6.162566661834717,0.8741381168365479,-5.288428544998169,-6.049877522944162
20,LH-E2E,RealValue,4,1.0579835176467896,4.105693817138672,3.0477102994918823,0.742313098645988
20,LH-E2E,RealValue,4,0.9629207849502563,4.105693817138672,3.1427730321884155,0.7654669763900387
75,LH,RealValue,4,1.1831408739089966,1.1268813610076904,-0.05625951290130615,-0.04992496534949983
75,LH,RealValue,4,1.0283701419830322,1.1268813610076904,0.0985112190246582,0.08741933484157248
5,LH-E2E,RealValue,4,1.0435668230056763,5.372191905975342,4.3286250829696655,0.8057465479137211
50,MLP-E2E,RealValue,4,3.038290023803711,0.8741381168365479,-2.164151906967163,-2.4757551069836605
50,MLP-E2E,RealValue,4,0.897910475730896,0.8741381168365479,-0.023772358894348145,-0.027195197688414333
10,MLP,RealValue,4,5.832498073577881,4.661200046539307,-1.1712980270385742,-0.2512867963923155
75,LH-E2E,RealValue,4,0.8601735830307007,1.1268813610076904,0.26670777797698975,0.23667777922823377
50,LH,RealValue,4,1.1175975799560547,0.8741381168365479,-0.24345946311950684,-0.2785137250398961
75,LH-E2E,RealValue,4,0.8498373627662659,1.1268813610076904,0.27704399824142456,0.24585019135792935
10,MLP-E2E,RealValue,4,4.937168598175049,4.661200046539307,-0.2759685516357422,-0.059205472599408
50,LH,RealValue,4,1.0972533226013184,0.8741381168365479,-0.2231152057647705,-0.2552402205868916
50,LH-E2E,RealValue,4,0.9425589442253113,0.8741381168365479,-0.06842082738876343,-0.07827233027702098
50,LH-E2E,RealValue,4,0.9582401514053345,0.8741381168365479,-0.08410203456878662,-0.09621138004271763
10,LH,RealValue,4,1.274958848953247,4.661200046539307,3.3862411975860596,0.7264741190630004
10,LH-E2E,RealValue,4,0.9742600321769714,4.661200046539307,3.686940014362335,0.7909851492213239
75,MLP,RealValue,4,6.157312393188477,1.1268813610076904,-5.030431032180786,-4.464028961915234
5,MLP,RealValue,4,6.19287633895874,5.372191905975342,-0.8206844329833984,-0.1527652860037583
5,MLP,RealValue,4,6.253819942474365,5.372191905975342,-0.8816280364990234,-0.16410955750080572
75,MLP,RealValue,4,5.7413740158081055,1.1268813610076904,-4.614492654800415,-4.094923223039203
20,MLP,RealValue,4,5.7843427658081055,4.105693817138672,-1.6786489486694336,-0.40885877599107295
5,MLP-E2E,RealValue,4,6.3650031089782715,5.372191905975342,-0.9928112030029297,-0.18480561014558192
10,MLP,RealValue,4,5.743561744689941,4.661200046539307,-1.0823616981506348,-0.232206660804921
20,MLP-E2E,RealValue,4,4.764071941375732,4.105693817138672,-0.6583781242370605,-0.16035733631396204
10,MLP-E2E,RealValue,4,4.329975605010986,4.661200046539307,0.3312244415283203,0.07105990693839387
75,MLP-E2E,RealValue,4,0.8436374664306641,1.1268813610076904,0.28324389457702637,0.25135200951743614
50,LH,RealValue,4,1.0647215843200684,0.8741381168365479,-0.1905834674835205,-0.21802443322484366
20,LH,RealValue,4,1.2088422775268555,4.105693817138672,2.8968515396118164,0.7055693065857214
10,LH,RealValue,4,1.2301785945892334,4.661200046539307,3.4310214519500732,0.7360811417002847
20,LH-E2E,RealValue,4,0.9670904874801636,4.105693817138672,3.1386033296585083,0.7644513861595882
75,MLP-E2E,RealValue,4,0.834639310836792,1.1268813610076904,0.29224205017089844,0.25933701655120733
50,LH-E2E,RealValue,4,0.9232650399208069,0.8741381168365479,-0.04912692308425903,-0.05620041288446081
10,LH-E2E,RealValue,4,0.9407354593276978,4.661200046539307,3.720464587211609,0.7981774114101488
75,LH,RealValue,4,1.0980372428894043,1.1268813610076904,0.028844118118286133,0.025596410692686297
50,MLP,RealValue,4,5.750848293304443,0.8741381168365479,-4.8767101764678955,-5.578878306000899
75,LH,RealValue,4,1.086685299873352,1.1268813610076904,0.04019606113433838,0.03567018013182317
20,MLP,RealValue,4,5.705298900604248,4.105693817138672,-1.5996050834655762,-0.3896065207756696
10,MLP,RealValue,4,5.4676690101623535,4.661200046539307,-0.8064689636230469,-0.1730174537824883
75,MLP,RealValue,4,5.659189224243164,1.1268813610076904,-4.532307863235474,-4.021992039323954
20,MLP-E2E,RealValue,4,4.197873115539551,4.105693817138672,-0.0921792984008789,-0.022451576397657495
10,MLP-E2E,RealValue,4,3.59001088142395,4.661200046539307,1.0711891651153564,0.2298097387840407
75,LH-E2E,RealValue,4,0.8597804307937622,1.1268813610076904,0.2671009302139282,0.23702666443526826
20,LH,RealValue,4,1.1628257036209106,4.105693817138672,2.9428681135177612,0.7167772962594411
10,LH,RealValue,4,1.2354013919830322,4.661200046539307,3.4257986545562744,0.7349606582750612
75,LH-E2E,RealValue,4,0.8606132864952087,1.1268813610076904,0.2662680745124817,0.23628758423546642
20,LH-E2E,RealValue,4,0.9363433122634888,4.105693817138672,3.169350504875183,0.7719402970687078
10,LH-E2E,RealValue,4,0.9626272320747375,4.661200046539307,3.698572814464569,0.7934808155703514
75,MLP-E2E,RealValue,4,0.8342713713645935,1.1268813610076904,0.2926099896430969,0.259663527828197
50,MLP,RealValue,4,5.670012474060059,0.8741381168365479,-4.795874357223511,-5.486403423957172
20,MLP,RealValue,4,5.432363986968994,4.105693817138672,-1.3266701698303223,-0.3231293488794304
75,LH,RealValue,4,1.053814172744751,1.1268813610076904,0.07306718826293945,0.0648401782043858
20,MLP-E2E,RealValue,4,3.4484946727752686,4.105693817138672,0.6571991443634033,0.16007017903283802
5,MLP,RealValue,4,5.892622947692871,5.372191905975342,-0.5204310417175293,-0.09687499084659804
50,MLP-E2E,RealValue,4,0.9928523898124695,0.8741381168365479,-0.11871427297592163,-0.13580722621448119
5,MLP,RealValue,4,5.800549507141113,5.372191905975342,-0.4283576011657715,-0.07973609444020811
5,MLP-E2E,RealValue,4,5.150664806365967,5.372191905975342,0.221527099609375,0.04123588722937773
50,LH-E2E,RealValue,4,0.9320678114891052,0.8741381168365479,-0.05792969465255737,-0.06627064251837156
20,LH,RealValue,4,1.1815060377120972,4.105693817138672,2.9241877794265747,0.7122274357673586
5,MLP-E2E,RealValue,4,4.535660266876221,5.372191905975342,0.8365316390991211,0.15571514453321555
5,LH,RealValue,4,1.384975790977478,5.372191905975342,3.9872161149978638,0.7421953989698307
20,LH-E2E,RealValue,4,0.9486655592918396,4.105693817138672,3.1570282578468323,0.7689390389191318
75,LH-E2E,RealValue,4,0.8532063961029053,1.1268813610076904,0.27367496490478516,0.24286049479073551
5,LH,RealValue,4,1.3255553245544434,5.372191905975342,4.046636581420898,0.7532561480017003
10,MLP-E2E,RealValue,4,4.690904140472412,4.661200046539307,-0.02970409393310547,-0.006372628000628117
75,MLP,RealValue,4,5.390546798706055,1.1268813610076904,-4.263665437698364,-3.783597444442305
5,LH-E2E,RealValue,4,1.0072481632232666,5.372191905975342,4.364943742752075,0.8125070397982372
50,MLP,RealValue,4,5.398362636566162,0.8741381168365479,-4.524224519729614,-5.17564036230625
10,LH,RealValue,4,1.4369946718215942,4.661200046539307,3.2242053747177124,0.6917114353655586
50,MLP-E2E,RealValue,4,1.0429095029830933,0.8741381168365479,-0.1687713861465454,-0.19307176165400347
10,LH-E2E,RealValue,4,1.8414809703826904,4.661200046539307,2.819719076156616,0.6049341474305759
75,MLP,RealValue,4,5.864998817443848,1.1268813610076904,-4.738117456436157,-4.204628473222056
75,MLP-E2E,RealValue,4,0.8386539220809937,1.1268813610076904,0.2882274389266968,0.25577443100927266
5,MLP,RealValue,4,5.524840354919434,5.372191905975342,-0.1526484489440918,-0.02841455622132655
50,LH,RealValue,4,1.0764238834381104,0.8741381168365479,-0.2022857666015625,-0.23141167591870065
20,MLP,RealValue,4,5.908147811889648,4.105693817138672,-1.8024539947509766,-0.43901325209076053
5,MLP-E2E,RealValue,4,3.834662914276123,5.372191905975342,1.5375289916992188,0.2862014273892687
20,MLP-E2E,RealValue,4,4.544928550720215,4.105693817138672,-0.43923473358154297,-0.10698185328579937
75,LH,RealValue,4,1.0647852420806885,1.1268813610076904,0.06209611892700195,0.05510439792124504
10,LH,RealValue,4,1.2639611959457397,4.661200046539307,3.397238850593567,0.72883352284265
5,LH,RealValue,4,1.3029900789260864,5.372191905975342,4.069201827049255,0.7574565276648427
10,LH-E2E,RealValue,4,0.9673107862472534,4.661200046539307,3.6938892602920532,0.7924760197826244
75,MLP-E2E,RealValue,4,0.8343145251274109,1.1268813610076904,0.29256683588027954,0.25962523296920775
5,LH-E2E,RealValue,4,1.0080456733703613,5.372191905975342,4.3641462326049805,0.8123585882609407
20,LH,RealValue,4,1.3768235445022583,4.105693817138672,2.7288702726364136,0.6646550849079657
20,LH-E2E,RealValue,4,1.7315154075622559,4.105693817138672,2.374178409576416,0.5782648476283654
20,MLP,RealValue,4,5.9269866943359375,4.105693817138672,-1.8212928771972656,-0.4436017292849557
75,LH-E2E,RealValue,4,0.8536131381988525,1.1268813610076904,0.2732682228088379,0.24249954987672653
75,LH,RealValue,4,1.2243430614471436,1.1268813610076904,-0.09746170043945312,-0.08648798694504983
20,MLP-E2E,RealValue,4,5.092519760131836,4.105693817138672,-0.9868259429931641,-0.24035546412978742
75,MLP,RealValue,4,5.885316848754883,1.1268813610076904,-4.758435487747192,-4.22265879301798
50,MLP,RealValue,4,5.873178958892822,0.8741381168365479,-4.999040842056274,-5.718822627421278
20,LH,RealValue,4,1.2176930904388428,4.105693817138672,2.888000726699829,0.703413565484171
50,MLP-E2E,RealValue,4,0.9004667401313782,0.8741381168365479,-0.026328623294830322,-0.03011952320545407
20,LH-E2E,RealValue,4,0.9726871848106384,4.105693817138672,3.1330066323280334,0.7630882310925658
75,LH-E2E,RealValue,4,0.8662753701210022,1.1268813610076904,0.26060599088668823,0.2312630236901307
5,MLP,RealValue,4,5.991672039031982,5.372191905975342,-0.6194801330566406,-0.11531236111792839
75,MLP-E2E,RealValue,4,0.8453614711761475,1.1268813610076904,0.28151988983154297,0.24982211932212597
5,MLP-E2E,RealValue,4,4.914496898651123,5.372191905975342,0.45769500732421875,0.08519706952671165
50,LH,RealValue,4,1.2425408363342285,0.8741381168365479,-0.36840271949768066,-0.4214468084642133
50,MLP,RealValue,4,5.894227981567383,0.8741381168365479,-5.020089864730835,-5.742902372108234
50,LH-E2E,RealValue,4,0.9361757636070251,0.8741381168365479,-0.062037646770477295,-0.07097007392262876
50,MLP-E2E,RealValue,4,0.9945821166038513,0.8741381168365479,-0.12044399976730347,-0.1377860059497038
5,LH,RealValue,4,1.5497609376907349,5.372191905975342,3.822430968284607,0.7115216721936202
75,LH,RealValue,4,1.0923638343811035,1.1268813610076904,0.034517526626586914,0.030631020993834104
10,LH-E2E,RealValue,4,2.0300512313842773,4.661200046539307,2.6311488151550293,0.5644788442642614
5,LH-E2E,RealValue,4,2.018822193145752,5.372191905975342,3.35336971282959,0.6242088465044833
5,MLP,RealValue,4,6.015389442443848,5.372191905975342,-0.6431975364685059,-0.11972720776283045
50,LH,RealValue,4,1.109468936920166,0.8741381168365479,-0.23533082008361816,-0.2692146876460049
5,MLP-E2E,RealValue,4,5.372229099273682,5.372191905975342,-3.719329833984375e-05,-6.923300394104437e-06
10,MLP,RealValue,4,5.942882061004639,4.661200046539307,-1.281682014465332,-0.2749682488776496
20,MLP,RealValue,4,5.83199405670166,4.105693817138672,-1.7263002395629883,-0.42046492418815495
50,LH-E2E,RealValue,4,0.9573881030082703,0.8741381168365479,-0.08324998617172241,-0.09523665032821015
75,LH-E2E,RealValue,4,0.863497793674469,1.1268813610076904,0.26338356733322144,0.23372785853667516
20,MLP-E2E,RealValue,4,5.252050399780273,4.105693817138672,-1.1463565826416016,-0.27921141558493445
5,LH,RealValue,4,1.3807787895202637,5.372191905975342,3.991413116455078,0.7429766446011615
5,LH-E2E,RealValue,4,1.0392664670944214,5.372191905975342,4.33292543888092,0.8065470323317241
20,LH,RealValue,4,1.4006855487823486,4.105693817138672,2.7050082683563232,0.6588431550995416
20,MLP,RealValue,4,5.479835510253906,4.105693817138672,-1.3741416931152344,-0.33469171212404175
75,MLP-E2E,RealValue,4,0.8356468677520752,1.1268813610076904,0.29123449325561523,0.25844290564464106
20,LH-E2E,RealValue,4,1.9135855436325073,4.105693817138672,2.1921082735061646,0.5339190819236205
20,MLP-E2E,RealValue,4,3.7874529361724854,4.105693817138672,0.3182408809661865,0.07751208325319642
10,MLP,RealValue,4,5.964048385620117,4.661200046539307,-1.3028483390808105,-0.279509209232096
10,MLP-E2E,RealValue,4,5.21560001373291,4.661200046539307,-0.5543999671936035,-0.11893932070244786
5,MLP,RealValue,4,5.927390098571777,5.372191905975342,-0.5551981925964355,-0.10334667903037935
75,LH,RealValue,4,1.2527587413787842,1.1268813610076904,-0.12587738037109375,-0.11170419950732924
20,LH,RealValue,4,1.2476600408554077,4.105693817138672,2.858033776283264,0.6961146893986061
50,MLP,RealValue,4,5.794554710388184,0.8741381168365479,-4.920416593551636,-5.6288777468694775
5,MLP-E2E,RealValue,4,5.473563194274902,5.372191905975342,-0.10137128829956055,-0.018869632744654568
20,LH-E2E,RealValue,4,0.9641454815864563,4.105693817138672,3.1415483355522156,0.7651686841425536
50,MLP-E2E,RealValue,4,1.0231847763061523,0.8741381168365479,-0.1490466594696045,-0.17050699037012046
75,LH,RealValue,4,1.113901972770691,1.1268813610076904,0.012979388236999512,0.01151797224278602
5,LH,RealValue,4,1.560998558998108,5.372191905975342,3.811193346977234,0.7094298591117246
5,LH-E2E,RealValue,4,2.3017983436584473,5.372191905975342,3.0703935623168945,0.5715346019009075
50,MLP,RealValue,4,5.439329624176025,0.8741381168365479,-4.5651915073394775,-5.222505939748544
75,LH-E2E,RealValue,4,0.8682735562324524,1.1268813610076904,0.25860780477523804,0.22948982361726467
50,LH,RealValue,4,1.2703824043273926,0.8741381168365479,-0.3962442874908447,-0.4532971161637802
50,MLP-E2E,RealValue,4,1.0925086736679077,0.8741381168365479,-0.21837055683135986,-0.2498124182270297
50,LH-E2E,RealValue,4,0.9615821242332458,0.8741381168365479,-0.087444007396698,-0.10003454341191811
10,MLP,RealValue,4,5.872637748718262,4.661200046539307,-1.211437702178955,-0.25989824295963937
75,LH-E2E,RealValue,4,0.8628196716308594,1.1268813610076904,0.26406168937683105,0.23432962733601284
10,MLP-E2E,RealValue,4,5.351022243499756,4.661200046539307,-0.6898221969604492,-0.14799240325945795
50,LH,RealValue,4,1.1296181678771973,0.8741381168365479,-0.2554800510406494,-0.2922650850247968
5,MLP,RealValue,4,5.60031270980835,5.372191905975342,-0.2281208038330078,-0.0424632641248864
10,LH,RealValue,4,1.4669783115386963,4.661200046539307,3.1942217350006104,0.6852788344435357
75,MLP,RealValue,4,5.78306770324707,1.1268813610076904,-4.65618634223938,-4.131922404036997
50,LH-E2E,RealValue,4,0.9398658275604248,0.8741381168365479,-0.06572771072387695,-0.07519144796218417
5,MLP-E2E,RealValue,4,4.156550407409668,5.372191905975342,1.2156414985656738,0.2262840791695377
5,LH,RealValue,4,1.4207085371017456,5.372191905975342,3.951483368873596,0.735543971256587
75,MLP,RealValue,4,5.429105758666992,1.1268813610076904,-4.302224397659302,-3.817814853031313
5,LH-E2E,RealValue,4,1.0824000835418701,5.372191905975342,4.289791822433472,0.7985179787903804
10,MLP,RealValue,4,5.535567283630371,4.661200046539307,-0.8743672370910645,-0.18758414750730032
75,MLP-E2E,RealValue,4,0.8339546322822571,1.1268813610076904,0.29292672872543335,0.2599446036302257
10,MLP-E2E,RealValue,4,3.9356250762939453,4.661200046539307,0.7255749702453613,0.15566269694519166
10,LH,RealValue,4,1.3060365915298462,4.661200046539307,3.3551634550094604,0.7198067925663244
10,LH-E2E,RealValue,4,0.9876288771629333,4.661200046539307,3.6735711693763733,0.7881170369642909
20,LH-E2E,Gaussian,4,2.383011817932129,4.105693817138672,1.722681999206543,0.41958365039678225
5,MLP-E2E,Gaussian,4,6.558681964874268,5.372191905975342,-1.1864900588989258,-0.2208577205850047
5,MLP,Gaussian,4,6.6125569343566895,5.372191905975342,-1.2403650283813477,-0.2308862099661264
5,MLP-E2E,Gaussian,4,6.774308204650879,5.372191905975342,-1.402116298675537,-0.2609951995787793
50,MLP,Gaussian,4,6.412282943725586,0.8741381168365479,-5.538144826889038,-6.335548948410171
5,LH,Gaussian,4,3.690465211868286,5.372191905975342,1.6817266941070557,0.3130429298768194
50,MLP,Gaussian,4,6.530945301055908,0.8741381168365479,-5.65680718421936,-6.471296783957892
5,LH,Gaussian,4,3.2380211353302,5.372191905975342,2.1341707706451416,0.3972625714043018
5,LH-E2E,Gaussian,4,4.352080345153809,5.372191905975342,1.0201115608215332,0.18988740139511603
50,MLP-E2E,Gaussian,4,5.534924030303955,0.8741381168365479,-4.660785913467407,-5.33186440872125
5,LH-E2E,Gaussian,4,3.503288507461548,5.372191905975342,1.868903398513794,0.34788470539093436
5,LH,Gaussian,4,2.690997838973999,5.372191905975342,2.6811940670013428,0.49908754451216164
50,MLP-E2E,Gaussian,4,6.027319431304932,0.8741381168365479,-5.153181314468384,-5.89515685818327
5,LH-E2E,Gaussian,4,2.589179039001465,5.372191905975342,2.783012866973877,0.518040478762199
10,MLP,Gaussian,4,6.530101776123047,4.661200046539307,-1.8689017295837402,-0.4009486207251071
50,LH,Gaussian,4,3.1207473278045654,0.8741381168365479,-2.2466092109680176,-2.5700849416089513
10,MLP,Gaussian,4,6.449678421020508,4.661200046539307,-1.7884783744812012,-0.3836948332241289
10,MLP-E2E,Gaussian,4,6.70251989364624,4.661200046539307,-2.0413198471069336,-0.43793869105071026
50,LH,Gaussian,4,2.5791306495666504,0.8741381168365479,-1.7049925327301025,-1.9504841396235708
10,MLP-E2E,Gaussian,4,6.5159687995910645,4.661200046539307,-1.8547687530517578,-0.39791657395799285
10,MLP,Gaussian,4,6.574291229248047,4.661200046539307,-1.9130911827087402,-0.41042889462105553
50,LH-E2E,Gaussian,4,1.7900669574737549,0.8741381168365479,-0.915928840637207,-1.0478079184464546
50,LH-E2E,Gaussian,4,1.6185274124145508,0.8741381168365479,-0.7443892955780029,-0.8515694273485088
10,MLP-E2E,Gaussian,4,6.73483419418335,4.661200046539307,-2.073634147644043,-0.4448713050158845
10,LH,Gaussian,4,3.655294418334961,4.661200046539307,1.0059056282043457,0.21580400286642432
10,LH,Gaussian,4,3.207066774368286,4.661200046539307,1.4541332721710205,0.31196542899947777
10,LH-E2E,Gaussian,4,4.2437849044799805,4.661200046539307,0.41741514205932617,0.08955100358098442
75,MLP,Gaussian,4,6.407561779022217,1.1268813610076904,-5.280680418014526,-4.686101483915207
10,LH-E2E,Gaussian,4,3.361642360687256,4.661200046539307,1.2995576858520508,0.2788032422716771
10,LH,Gaussian,4,2.674569845199585,4.661200046539307,1.9866302013397217,0.4262057370429079
75,MLP,Gaussian,4,6.525001525878906,1.1268813610076904,-5.398120164871216,-4.790318086408012
10,LH-E2E,Gaussian,4,2.482313871383667,4.661200046539307,2.1788861751556396,0.4674517620785975
20,MLP,Gaussian,4,6.513022422790527,4.105693817138672,-2.4073286056518555,-0.5863390483729651
20,MLP,Gaussian,4,6.431709289550781,4.105693817138672,-2.3260154724121094,-0.5665340807204053
20,MLP-E2E,Gaussian,4,6.687093734741211,4.105693817138672,-2.581399917602539,-0.6287365869385654
75,MLP-E2E,Gaussian,4,1.5921683311462402,1.1268813610076904,-0.4652869701385498,-0.41289792008137977
20,MLP-E2E,Gaussian,4,6.4826436042785645,4.105693817138672,-2.3769497871398926,-0.5789398559672503
20,MLP,Gaussian,4,6.551156520843506,4.105693817138672,-2.445462703704834,-0.5956271491791657
75,MLP-E2E,Gaussian,4,1.5707998275756836,1.1268813610076904,-0.44391846656799316,-0.3939354060937065
20,MLP-E2E,Gaussian,4,6.7120442390441895,4.105693817138672,-2.6063504219055176,-0.6348136363763063
20,LH,Gaussian,4,3.6216318607330322,4.105693817138672,0.48406195640563965,0.11790015962344476
75,LH,Gaussian,4,3.0796570777893066,1.1268813610076904,-1.9527757167816162,-1.7329026677975992
20,LH,Gaussian,4,3.169196367263794,4.105693817138672,0.9364974498748779,0.22809724533417325
20,LH-E2E,Gaussian,4,4.196600437164307,4.105693817138672,-0.09090662002563477,-0.022141597516638283
75,LH,Gaussian,4,2.5271918773651123,1.1268813610076904,-1.4003105163574219,-1.2426423621961615
20,LH-E2E,Gaussian,4,3.2949585914611816,4.105693817138672,0.8107352256774902,0.19746607072675124
20,LH,Gaussian,4,2.6353278160095215,4.105693817138672,1.4703660011291504,0.3581285080225182
5,LH-E2E,Gaussian,4,2.9976069927215576,5.372191905975342,2.374584913253784,0.44201416382996267
50,MLP,Gaussian,4,6.4976301193237305,0.8741381168365479,-5.623492002487183,-6.433184749840511
50,MLP-E2E,Gaussian,4,5.703460216522217,0.8741381168365479,-4.829322099685669,-5.5246671054257295
75,LH-E2E,Gaussian,4,1.5016541481018066,1.1268813610076904,-0.3747727870941162,-0.3325751938597896
50,MLP-E2E,Gaussian,4,6.005433082580566,0.8741381168365479,-5.1312949657440186,-5.8701192259111865
10,MLP,Gaussian,4,6.42991304397583,4.661200046539307,-1.7687129974365234,-0.37945442799643386
75,LH-E2E,Gaussian,4,1.4917267560958862,1.1268813610076904,-0.3648453950881958,-0.3237655779149105
50,LH,Gaussian,4,2.8503127098083496,0.8741381168365479,-1.9761745929718018,-2.2607120715928235
10,MLP-E2E,Gaussian,4,6.55742883682251,4.661200046539307,-1.8962287902832031,-0.40681128708283015
50,LH,Gaussian,4,3.574307680130005,0.8741381168365479,-2.700169563293457,-3.0889507176110853
50,LH-E2E,Gaussian,4,1.6562135219573975,0.8741381168365479,-0.7820754051208496,-0.8946817328491892
10,LH,Gaussian,4,2.9441916942596436,4.661200046539307,1.717008352279663,0.36836186714501784
50,LH-E2E,Gaussian,4,2.2565174102783203,0.8741381168365479,-1.3823792934417725,-1.5814197628682733
5,MLP,Gaussian,4,6.562688827514648,5.372191905975342,-1.1904969215393066,-0.22160357306207723
5,MLP,Gaussian,4,6.478698253631592,5.372191905975342,-1.10650634765625,-0.20596925184774456
10,LH-E2E,Gaussian,4,2.843818187713623,4.661200046539307,1.8173818588256836,0.3898957008238668
5,MLP-E2E,Gaussian,4,6.737423896789551,5.372191905975342,-1.365231990814209,-0.2541294158341028
75,MLP,Gaussian,4,6.376121997833252,1.1268813610076904,-5.2492406368255615,-4.658201669190389
75,MLP,Gaussian,4,6.494124889373779,1.1268813610076904,-5.367243528366089,-4.762918009014314
20,MLP,Gaussian,4,6.403910160064697,4.105693817138672,-2.2982163429260254,-0.5597632081896676
10,MLP,Gaussian,4,6.536266326904297,4.661200046539307,-1.8750662803649902,-0.40227114512219386
50,LH,Gaussian,4,3.4220361709594727,0.8741381168365479,-2.547898054122925,-2.9147545508524573
20,MLP-E2E,Gaussian,4,6.535548686981201,4.105693817138672,-2.4298548698425293,-0.5918256397248679
10,MLP-E2E,Gaussian,4,6.611937522888184,4.661200046539307,-1.950737476348877,-0.4185054185342669
75,MLP-E2E,Gaussian,4,1.5695207118988037,1.1268813610076904,-0.4426393508911133,-0.3928003126214566
50,LH-E2E,Gaussian,4,2.0143582820892334,0.8741381168365479,-1.1402201652526855,-1.304393600154484
75,MLP-E2E,Gaussian,4,1.580819010734558,1.1268813610076904,-0.4539376497268677,-0.40282647795411514
20,LH,Gaussian,4,2.907254695892334,4.105693817138672,1.198439121246338,0.2918968570533958
10,LH,Gaussian,4,3.5020487308502197,4.661200046539307,1.159151315689087,0.24868087705218642
75,LH,Gaussian,4,2.800365686416626,1.1268813610076904,-1.6734843254089355,-1.4850581288454863
20,LH-E2E,Gaussian,4,2.7514562606811523,4.105693817138672,1.3542375564575195,0.3298437771478319
10,LH-E2E,Gaussian,4,3.853394031524658,4.661200046539307,0.8078060150146484,0.1733043008129208
75,MLP,Gaussian,4,6.4949212074279785,1.1268813610076904,-5.368039846420288,-4.763624665528258
75,LH,Gaussian,4,3.535187244415283,1.1268813610076904,-2.4083058834075928,-2.1371423529927007
50,MLP,Gaussian,4,6.38383150100708,0.8741381168365479,-5.509693384170532,-6.30300095379638
20,MLP,Gaussian,4,6.514575481414795,4.105693817138672,-2.408881664276123,-0.5867173178429836
75,LH-E2E,Gaussian,4,1.490952730178833,1.1268813610076904,-0.3640713691711426,-0.3230787035518799
20,MLP-E2E,Gaussian,4,6.588301658630371,4.105693817138672,-2.482607841491699,-0.6046743746765488
10,MLP,Gaussian,4,6.316967964172363,4.661200046539307,-1.6557679176330566,-0.35522352636685833
75,MLP-E2E,Gaussian,4,1.5946882963180542,1.1268813610076904,-0.46780693531036377,-0.41513414942992494
75,LH-E2E,Gaussian,4,1.4936493635177612,1.1268813610076904,-0.3667680025100708,-0.32547170909109374
10,MLP-E2E,Gaussian,4,6.418973445892334,4.661200046539307,-1.7577733993530273,-0.37710747914758147
20,LH,Gaussian,4,3.47169828414917,4.105693817138672,0.633995532989502,0.15441861016108216
75,LH,Gaussian,4,3.3823916912078857,1.1268813610076904,-2.2555103302001953,-2.0015508360021608
20,LH-E2E,Gaussian,4,3.807637929916382,4.105693817138672,0.29805588722229004,0.07259574154752979
10,LH,Gaussian,4,2.948513984680176,4.661200046539307,1.7126860618591309,0.36743457580858585
5,MLP,Gaussian,4,6.564531326293945,5.372191905975342,-1.1923394203186035,-0.2219465427123698
10,LH-E2E,Gaussian,4,2.821303367614746,4.661200046539307,1.8398966789245605,0.3947259633901759
5,MLP,Gaussian,4,6.464414119720459,5.372191905975342,-1.0922222137451172,-0.2033103494553626
5,MLP-E2E,Gaussian,4,6.6496734619140625,5.372191905975342,-1.2774815559387207,-0.23779521995813532
5,MLP-E2E,Gaussian,4,6.592556953430176,5.372191905975342,-1.220365047454834,-0.22716333831958896
50,MLP,Gaussian,4,6.497925281524658,0.8741381168365479,-5.62378716468811,-6.43352241066921
75,LH-E2E,Gaussian,4,1.5107983350753784,1.1268813610076904,-0.383916974067688,-0.34068978985008513
5,LH,Gaussian,4,3.5388882160186768,5.372191905975342,1.833303689956665,0.34125804179063884
20,MLP,Gaussian,4,6.293313503265381,4.105693817138672,-2.187619686126709,-0.5328258227622289
50,MLP-E2E,Gaussian,4,5.761849403381348,0.8741381168365479,-4.8877112865448,-5.591463399666321
20,MLP-E2E,Gaussian,4,6.392575740814209,4.105693817138672,-2.286881923675537,-0.5570025495153227
5,LH,Gaussian,4,2.9941985607147217,5.372191905975342,2.37799334526062,0.44264862217889933
5,LH-E2E,Gaussian,4,3.9805049896240234,5.372191905975342,1.3916869163513184,0.25905383514006325
50,LH-E2E,Gaussian,4,1.6629656553268433,0.8741381168365479,-0.7888275384902954,-0.9024060652394542
10,MLP-E2E,Gaussian,4,6.589232444763184,4.661200046539307,-1.928032398223877,-0.4136343385766802
20,LH,Gaussian,4,2.909198045730591,4.105693817138672,1.196495771408081,0.2914235266189283
75,MLP,Gaussian,4,6.5149664878845215,1.1268813610076904,-5.388085126876831,-4.781412944889467
20,LH-E2E,Gaussian,4,2.733646869659424,4.105693817138672,1.372046947479248,0.3341815070943237
5,MLP,Gaussian,4,6.345271110534668,5.372191905975342,-0.9730792045593262,-0.1811326217659866
10,LH,Gaussian,4,3.130486249923706,4.661200046539307,1.5307137966156006,0.32839478703602826
75,MLP,Gaussian,4,6.272581577301025,1.1268813610076904,-5.145700216293335,-4.566319396473022
5,MLP-E2E,Gaussian,4,6.457086563110352,5.372191905975342,-1.0848946571350098,-0.20194637051746256
10,LH-E2E,Gaussian,4,3.1636762619018555,4.661200046539307,1.4975237846374512,0.3212743005418279
50,MLP,Gaussian,4,6.276803016662598,0.8741381168365479,-5.40266489982605,-6.180562082543617
75,MLP-E2E,Gaussian,4,1.6104140281677246,1.1268813610076904,-0.4835326671600342,-0.4290892403505947
5,LH,Gaussian,4,2.9790070056915283,5.372191905975342,2.3931849002838135,0.4454764353488451
20,MLP,Gaussian,4,6.533109664916992,4.105693817138672,-2.4274158477783203,-0.591231581284848
50,MLP-E2E,Gaussian,4,5.514358043670654,0.8741381168365479,-4.6402199268341064,-5.30833724952617
75,MLP-E2E,Gaussian,4,1.5556870698928833,1.1268813610076904,-0.42880570888519287,-0.38052427142972906
5,LH-E2E,Gaussian,4,2.9559082984924316,5.372191905975342,2.41628360748291,0.4497761155544991
20,MLP-E2E,Gaussian,4,6.561220169067383,4.105693817138672,-2.455526351928711,-0.5980782935343214
75,LH,Gaussian,4,2.991032361984253,1.1268813610076904,-1.8641510009765625,-1.654256663993079
50,LH,Gaussian,4,2.858783006668091,0.8741381168365479,-1.984644889831543,-2.2704019554871384
20,LH,Gaussian,4,3.090343475341797,4.105693817138672,1.015350341796875,0.24730298629635514
75,LH,Gaussian,4,2.809830665588379,1.1268813610076904,-1.6829493045806885,-1.493457397392522
10,LH,Gaussian,4,3.0530850887298584,4.661200046539307,1.6081149578094482,0.34500020204097187
20,LH-E2E,Gaussian,4,3.088010549545288,4.105693817138672,1.0176832675933838,0.24787120348458538
75,MLP,Gaussian,4,6.211676120758057,1.1268813610076904,-5.084794759750366,-4.51227159814179
75,LH-E2E,Gaussian,4,1.5054841041564941,1.1268813610076904,-0.3786027431488037,-0.33597391548853556
10,LH-E2E,Gaussian,4,3.0402331352233887,4.661200046539307,1.620966911315918,0.3477574219367392
75,LH-E2E,Gaussian,4,1.5002270936965942,1.1268813610076904,-0.3733457326889038,-0.33130881884056285
50,MLP,Gaussian,4,6.518523693084717,0.8741381168365479,-5.644385576248169,-6.45708666346098
20,MLP,Gaussian,4,6.232143878936768,4.105693817138672,-2.1264500617980957,-0.5179270925955348
75,MLP-E2E,Gaussian,4,1.576629877090454,1.1268813610076904,-0.44974851608276367,-0.399109020385771
50,MLP-E2E,Gaussian,4,5.704977035522461,0.8741381168365479,-4.830838918685913,-5.526402322059153
20,MLP-E2E,Gaussian,4,6.210587978363037,4.105693817138672,-2.1048941612243652,-0.5126768470746077
5,MLP,Gaussian,4,6.274406909942627,5.372191905975342,-0.9022150039672852,-0.167941693029204
75,LH,Gaussian,4,2.9265079498291016,1.1268813610076904,-1.7996265888214111,-1.596997386851915
5,MLP-E2E,Gaussian,4,6.291468620300293,5.372191905975342,-0.9192767143249512,-0.1711176239446072
50,LH,Gaussian,4,3.036949396133423,0.8741381168365479,-2.162811279296875,-2.474221450408725
20,LH,Gaussian,4,3.019301176071167,4.105693817138672,1.0863926410675049,0.2646063465649834
5,MLP,Gaussian,4,6.583657741546631,5.372191905975342,-1.211465835571289,-0.22550680555990726
20,LH-E2E,Gaussian,4,2.9536776542663574,4.105693817138672,1.1520161628723145,0.2805898866747872
50,LH-E2E,Gaussian,4,1.7200897932052612,0.8741381168365479,-0.8459516763687134,-0.9677551637150437
5,MLP-E2E,Gaussian,4,6.637749195098877,5.372191905975342,-1.2655572891235352,-0.23557559209973317
5,LH,Gaussian,4,3.0981338024139404,5.372191905975342,2.2740581035614014,0.4233017255083589
10,LH-E2E,Gaussian,4,3.387669801712036,4.661200046539307,1.2735302448272705,0.27321939245512517
75,LH-E2E,Gaussian,4,1.4945552349090576,1.1268813610076904,-0.3676738739013672,-0.3262755837691577
5,LH-E2E,Gaussian,4,3.1798148155212402,5.372191905975342,2.1923770904541016,0.40809731462042165
50,MLP,Gaussian,4,6.217075347900391,0.8741381168365479,-5.342937231063843,-6.1122345864514
5,LH,Gaussian,4,3.1585254669189453,5.372191905975342,2.2136664390563965,0.4120601940139547
20,MLP,Gaussian,4,6.207100868225098,4.105693817138672,-2.101407051086426,-0.5118275119090425
5,LH-E2E,Gaussian,4,3.292574882507324,5.372191905975342,2.0796170234680176,0.3871077317909877
50,MLP-E2E,Gaussian,4,5.251556873321533,0.8741381168365479,-4.377418756484985,-5.007696921313299
10,MLP,Gaussian,4,6.24697208404541,4.661200046539307,-1.5857720375061035,-0.34020681834572947
20,MLP-E2E,Gaussian,4,6.204887390136719,4.105693817138672,-2.099193572998047,-0.5112883879054115
10,MLP-E2E,Gaussian,4,6.237952709197998,4.661200046539307,-1.5767526626586914,-0.33827182848102527
5,MLP,Gaussian,4,6.257245063781738,5.372191905975342,-0.8850531578063965,-0.16474712245889356
10,MLP,Gaussian,4,6.5511860847473145,4.661200046539307,-1.8899860382080078,-0.4054719856126368
50,LH,Gaussian,4,2.973203659057617,0.8741381168365479,-2.0990655422210693,-2.4012973485442535
5,MLP-E2E,Gaussian,4,6.293337821960449,5.372191905975342,-0.9211459159851074,-0.17146556416954167
20,LH,Gaussian,4,3.1803197860717773,4.105693817138672,0.9253740310668945,0.22538797881226405
20,LH-E2E,Gaussian,4,3.313322067260742,4.105693817138672,0.7923717498779297,0.1929933855686655
50,LH-E2E,Gaussian,4,1.6854170560836792,0.8741381168365479,-0.8112789392471313,-0.9280901079832784
75,MLP-E2E,Gaussian,4,1.5763709545135498,1.1268813610076904,-0.4494895935058594,-0.3988792512318356
20,MLP,Gaussian,4,6.379838943481445,4.105693817138672,-2.2741451263427734,-0.5539003217555234
5,LH,Gaussian,4,3.2565529346466064,5.372191905975342,2.1156389713287354,0.39381299260280855
20,MLP-E2E,Gaussian,4,6.375586032867432,4.105693817138672,-2.2698922157287598,-0.5528644650152422
5,LH-E2E,Gaussian,4,3.4909157752990723,5.372191905975342,1.8812761306762695,0.35018781227524237
50,MLP,Gaussian,4,6.187619686126709,0.8741381168365479,-5.313481569290161,-6.078537781328338
75,LH,Gaussian,4,3.0933854579925537,1.1268813610076904,-1.9665040969848633,-1.745085299153726
75,LH,Gaussian,4,3.3827195167541504,1.1268813610076904,-2.25583815574646,-2.0018417499861947
50,MLP-E2E,Gaussian,4,5.114573001861572,0.8741381168365479,-4.240434885025024,-4.850989567153183
10,MLP,Gaussian,4,6.226321220397949,4.661200046539307,-1.5651211738586426,-0.33577644345486996
20,LH,Gaussian,4,3.4721150398254395,4.105693817138672,0.6335787773132324,0.154317103401243
20,LH-E2E,Gaussian,4,3.8180530071258545,4.105693817138672,0.2876408100128174,0.07005900167520995
10,MLP-E2E,Gaussian,4,6.242726802825928,4.661200046539307,-1.581526756286621,-0.3392960483343384
75,LH-E2E,Gaussian,4,1.4898419380187988,1.1268813610076904,-0.3629605770111084,-0.3220929811870687
50,LH,Gaussian,4,3.135613441467285,0.8741381168365479,-2.2614753246307373,-2.5870915374504864
75,LH-E2E,Gaussian,4,1.5037362575531006,1.1268813610076904,-0.37685489654541016,-0.33442286791256837
10,LH,Gaussian,4,3.2171149253845215,4.661200046539307,1.4440851211547852,0.3098097285541181
50,LH-E2E,Gaussian,4,1.8060580492019653,0.8741381168365479,-0.9319199323654175,-1.0661014711702292
50,MLP,Gaussian,4,6.359819412231445,0.8741381168365479,-5.4856812953948975,-6.275531508964786
50,MLP-E2E,Gaussian,4,5.379852294921875,0.8741381168365479,-4.505714178085327,-5.154464828042541
5,MLP,Gaussian,4,6.44205904006958,5.372191905975342,-1.0698671340942383,-0.19914909087745997
75,MLP,Gaussian,4,6.181628704071045,1.1268813610076904,-5.0547473430633545,-4.485607374447342
5,MLP-E2E,Gaussian,4,6.4674201011657715,5.372191905975342,-1.0952281951904297,-0.20386989414362458
50,LH,Gaussian,4,3.4254722595214844,0.8741381168365479,-2.5513341426849365,-2.9186853811135225
50,LH-E2E,Gaussian,4,2.0264101028442383,0.8741381168365479,-1.1522719860076904,-1.3181806900009028
5,LH,Gaussian,4,3.548642873764038,5.372191905975342,1.8235490322113037,0.3394422731218928
5,LH-E2E,Gaussian,4,3.97894024848938,5.372191905975342,1.393251657485962,0.25934510193805366
75,MLP,Gaussian,4,6.354588985443115,1.1268813610076904,-5.227707624435425,-4.639093169276182
10,MLP,Gaussian,4,6.400341987609863,4.661200046539307,-1.7391419410705566,-0.3731103414799322
10,MLP-E2E,Gaussian,4,6.409193515777588,4.661200046539307,-1.7479934692382812,-0.37500932201699294
10,LH,Gaussian,4,3.5087151527404785,4.661200046539307,1.1524848937988281,0.24725068271946124
75,MLP-E2E,Gaussian,4,1.5935137271881104,1.1268813610076904,-0.4666323661804199,-0.41409183107185615
10,LH-E2E,Gaussian,4,3.8736236095428467,4.661200046539307,0.78757643699646,0.16896430728846182
5,MLP,Mean,2,6.2023138999938965,5.372191905975342,-0.8301219940185547,-0.15452202909863155
20,LH-E2E,Mean,2,2.4900639057159424,4.105693817138672,1.6156299114227295,0.3935095950600353
5,MLP-E2E,Mean,2,6.52961540222168,5.372191905975342,-1.157423496246338,-0.21544716132701205
5,MLP-E2E,Mean,2,6.3179030418396,5.372191905975342,-0.9457111358642578,-0.17603822655932475
5,LH,Mean,2,2.0190539360046387,5.372191905975342,3.353137969970703,0.6241657090174124
50,MLP,Mean,2,6.355406284332275,0.8741381168365479,-5.4812681674957275,-6.2704829613563815
5,LH-E2E,Mean,2,2.5860157012939453,5.372191905975342,2.7861762046813965,0.5186293143367439
50,MLP,Mean,2,6.112712860107422,0.8741381168365479,-5.238574743270874,-5.992845572538301
5,LH,Mean,2,2.11303448677063,5.372191905975342,3.259157419204712,0.6066718159453016
50,MLP-E2E,Mean,2,5.645798206329346,0.8741381168365479,-4.771660089492798,-5.458702689640331
5,LH,Mean,2,2.0788004398345947,5.372191905975342,3.293391466140747,0.6130442701567674
5,LH-E2E,Mean,2,2.822721004486084,5.372191905975342,2.549470901489258,0.47456809922474125
50,MLP-E2E,Mean,2,5.262530326843262,0.8741381168365479,-4.388392210006714,-5.02025037632272
5,LH-E2E,Mean,2,2.699380874633789,5.372191905975342,2.6728110313415527,0.4975270947355135
10,MLP,Mean,2,6.438385963439941,4.661200046539307,-1.7771859169006348,-0.38127218294784426
50,LH,Mean,2,1.6985357999801636,0.8741381168365479,-0.8243976831436157,-0.9430977408090386
10,MLP,Mean,2,6.400107383728027,4.661200046539307,-1.7389073371887207,-0.3730600102606124
10,MLP-E2E,Mean,2,6.600275993347168,4.661200046539307,-1.9390759468078613,-0.4160035886568572
10,MLP,Mean,2,6.159673690795898,4.661200046539307,-1.4984736442565918,-0.3214780806005374
50,LH,Mean,2,1.6805979013442993,0.8741381168365479,-0.8064597845077515,-0.9225770721751385
10,MLP-E2E,Mean,2,6.51202392578125,4.661200046539307,-1.8508238792419434,-0.3970702524591455
50,LH-E2E,Mean,2,1.5704693794250488,0.8741381168365479,-0.696331262588501,-0.7965918076064239
10,MLP-E2E,Mean,2,6.292392253875732,4.661200046539307,-1.6311922073364258,-0.3499511265446544
10,LH,Mean,2,1.7978181838989258,4.661200046539307,2.863381862640381,0.6143014318311203
50,LH-E2E,Mean,2,1.5627657175064087,0.8741381168365479,-0.6886276006698608,-0.7877789418015105
10,LH-E2E,Mean,2,2.4361109733581543,4.661200046539307,2.2250890731811523,0.47736399445742794
10,LH,Mean,2,1.864966630935669,4.661200046539307,2.7962334156036377,0.5998956036396019
10,LH,Mean,2,1.8327641487121582,4.661200046539307,2.8284358978271484,0.6068042284362182
75,MLP,Mean,2,6.348333358764648,1.1268813610076904,-5.221451997756958,-4.63354189573939
10,LH-E2E,Mean,2,2.681992530822754,4.661200046539307,1.9792075157165527,0.4246132961373347
10,LH-E2E,Mean,2,2.563365936279297,4.661200046539307,2.0978341102600098,0.45006309304779574
75,MLP,Mean,2,6.1083855628967285,1.1268813610076904,-4.981504201889038,-4.420611054773708
20,MLP,Mean,2,6.417535305023193,4.105693817138672,-2.3118414878845215,-0.5630818056217556
20,MLP,Mean,2,6.375884532928467,4.105693817138672,-2.270190715789795,-0.5529371689416259
20,MLP-E2E,Mean,2,6.589580059051514,4.105693817138672,-2.483886241912842,-0.6049857472430579
20,MLP,Mean,2,6.131608486175537,4.105693817138672,-2.0259146690368652,-0.49344027082096437
75,MLP-E2E,Mean,2,1.5684373378753662,1.1268813610076904,-0.4415559768676758,-0.39183892124440095
20,MLP-E2E,Mean,2,6.493142127990723,4.105693817138672,-2.387448310852051,-0.5814969204196294
20,MLP-E2E,Mean,2,6.2702226638793945,4.105693817138672,-2.1645288467407227,-0.5272017211086675
75,MLP-E2E,Mean,2,1.5467259883880615,1.1268813610076904,-0.4198446273803711,-0.3725721641228795
20,LH,Mean,2,1.705015778541565,4.105693817138672,2.400678038597107,0.5847192083773506
20,LH-E2E,Mean,2,2.3662471771240234,4.105693817138672,1.7394466400146484,0.42366691660093114
20,LH,Mean,2,1.7687230110168457,4.105693817138672,2.336970806121826,0.5692024077310521
75,LH,Mean,2,1.7500768899917603,1.1268813610076904,-0.6231955289840698,-0.5530267431407243
20,LH,Mean,2,1.7446155548095703,4.105693817138672,2.3610782623291016,0.575074120839965
20,LH-E2E,Mean,2,2.6145665645599365,4.105693817138672,1.4911272525787354,0.36318520547105176
75,LH,Mean,2,1.7287259101867676,1.1268813610076904,-0.6018445491790771,-0.534079779827834
5,LH-E2E,Mean,2,3.047025203704834,5.372191905975342,2.325166702270508,0.43281527223260374
50,MLP,Mean,2,6.3964128494262695,0.8741381168365479,-5.522274732589722,-6.3173938148064
50,MLP-E2E,Mean,2,5.253030300140381,0.8741381168365479,-4.378892183303833,-5.009382497986445
75,LH-E2E,Mean,2,1.3740402460098267,1.1268813610076904,-0.24715888500213623,-0.2193299965323053
50,MLP-E2E,Mean,2,5.875880718231201,0.8741381168365479,-5.001742601394653,-5.721913396816115
10,MLP,Mean,2,6.163793563842773,4.661200046539307,-1.5025935173034668,-0.32236194591542205
75,LH-E2E,Mean,2,1.3713198900222778,1.1268813610076904,-0.2444385290145874,-0.21691593939933773
50,LH,Mean,2,1.770324468612671,0.8741381168365479,-0.896186351776123,-1.0252228275085022
10,MLP-E2E,Mean,2,6.267867088317871,4.661200046539307,-1.6066670417785645,-0.34468957044043397
50,LH,Mean,2,1.6410839557647705,0.8741381168365479,-0.7669458389282227,-0.877373751534543
50,LH-E2E,Mean,2,1.599637508392334,0.8741381168365479,-0.7254993915557861,-0.8299596798058914
10,LH,Mean,2,1.9365190267562866,4.661200046539307,2.72468101978302,0.5845449653691545
50,LH-E2E,Mean,2,1.5515565872192383,0.8741381168365479,-0.6774184703826904,-0.7749558763484954
5,MLP,Mean,2,6.467447280883789,5.372191905975342,-1.0952553749084473,-0.20387495347852796
10,LH-E2E,Mean,2,2.9323887825012207,4.661200046539307,1.728811264038086,0.3708940287430136
5,MLP-E2E,Mean,2,6.620051383972168,5.372191905975342,-1.2478594779968262,-0.23228125499553848
5,MLP,Mean,2,6.428119659423828,5.372191905975342,-1.0559277534484863,-0.19655436215411567
75,MLP,Mean,2,6.112786293029785,1.1268813610076904,-4.985904932022095,-4.424516284095383
75,MLP,Mean,2,6.389218330383301,1.1268813610076904,-5.26233696937561,-4.669823418385298
20,MLP,Mean,2,6.135946750640869,4.105693817138672,-2.0302529335021973,-0.4944969167031348
50,LH,Mean,2,1.7065843343734741,0.8741381168365479,-0.8324462175369263,-0.9523051351993412
20,MLP-E2E,Mean,2,6.2484025955200195,4.105693817138672,-2.1427087783813477,-0.5218871337742954
50,LH-E2E,Mean,2,1.569443702697754,0.8741381168365479,-0.695305585861206,-0.7954184498640492
75,MLP-E2E,Mean,2,1.543139100074768,1.1268813610076904,-0.41625773906707764,-0.36938914198993206
20,LH,Mean,2,1.8475675582885742,4.105693817138672,2.2581262588500977,0.5499986992268762
75,MLP-E2E,Mean,2,1.5590585470199585,1.1268813610076904,-0.43217718601226807,-0.3835161366284402
20,LH-E2E,Mean,2,2.8742599487304688,4.105693817138672,1.2314338684082031,0.29993319600885643
75,MLP,Mean,2,6.238697528839111,1.1268813610076904,-5.111816167831421,-4.536250527083245
75,LH,Mean,2,1.8213789463043213,1.1268813610076904,-0.6944975852966309,-0.6163005346681666
75,LH,Mean,2,1.6884247064590454,1.1268813610076904,-0.561543345451355,-0.4983162956473132
50,MLP,Mean,2,6.1197190284729,0.8741381168365479,-5.2455809116363525,-6.000860516893815
10,MLP,Mean,2,6.266412734985352,4.661200046539307,-1.605212688446045,-0.34437755780034157
75,LH-E2E,Mean,2,1.3751509189605713,1.1268813610076904,-0.24826955795288086,-0.22031561311021325
75,MLP-E2E,Mean,2,1.55043363571167,1.1268813610076904,-0.4235522747039795,-0.3758623483888549
50,LH-E2E,Mean,2,1.630050778388977,0.8741381168365479,-0.7559126615524292,-0.8647519733929813
75,LH-E2E,Mean,2,1.3645615577697754,1.1268813610076904,-0.23768019676208496,-0.2109185624913916
10,MLP-E2E,Mean,2,6.447783946990967,4.661200046539307,-1.7865839004516602,-0.3832883983981987
75,LH,Mean,2,1.761886477470398,1.1268813610076904,-0.6350051164627075,-0.563506628501573
10,LH,Mean,2,1.9796290397644043,4.661200046539307,2.6815710067749023,0.5752962713466516
75,MLP,Mean,2,6.22772741317749,1.1268813610076904,-5.1008460521698,-4.526515593095331
10,LH-E2E,Mean,2,3.056626081466675,4.661200046539307,1.6045739650726318,0.3442405279867666
5,MLP,Mean,2,6.311382293701172,5.372191905975342,-0.9391903877258301,-0.1748244299838199
5,MLP,Mean,2,6.1951470375061035,5.372191905975342,-0.8229551315307617,-0.15318796236884452
75,LH-E2E,Mean,2,1.3737738132476807,1.1268813610076904,-0.24689245223999023,-0.21909356280346295
5,MLP-E2E,Mean,2,6.442532062530518,5.372191905975342,-1.0703401565551758,-0.19923714105683116
20,MLP,Mean,2,6.247856616973877,4.105693817138672,-2.142162799835205,-0.5217541529504787
5,MLP-E2E,Mean,2,6.294976711273193,5.372191905975342,-0.9227848052978516,-0.1717706331881896
75,MLP-E2E,Mean,2,1.5550276041030884,1.1268813610076904,-0.42814624309539795,-0.37993905828075547
20,MLP-E2E,Mean,2,6.429636001586914,4.105693817138672,-2.323942184448242,-0.566029102011274
5,LH,Mean,2,2.1259286403656006,5.372191905975342,3.246263265609741,0.604271649715084
5,LH-E2E,Mean,2,2.8076865673065186,5.372191905975342,2.5645053386688232,0.47736666588853505
5,LH,Mean,2,2.184349298477173,5.372191905975342,3.187842607498169,0.5933970087614366
75,LH,Mean,2,1.8568592071533203,1.1268813610076904,-0.7299778461456299,-0.6477858906929317
20,LH,Mean,2,1.879172444343567,4.105693817138672,2.226521372795105,0.542300880669861
10,MLP-E2E,Mean,2,6.562352657318115,4.661200046539307,-1.9011526107788086,-0.4078676288931889
5,MLP,Mean,2,6.298262119293213,5.372191905975342,-0.9260702133178711,-0.17238219138966882
20,LH-E2E,Mean,2,2.995148181915283,4.105693817138672,1.1105456352233887,0.2704891510875857
5,MLP-E2E,Mean,2,6.4753289222717285,5.372191905975342,-1.1031370162963867,-0.20534207184024786
75,MLP,Mean,2,6.339266300201416,1.1268813610076904,-5.212384939193726,-4.62549574387552
10,LH,Mean,2,1.8610353469848633,4.661200046539307,2.8001646995544434,0.6007390096105009
75,LH-E2E,Mean,2,1.3885016441345215,1.1268813610076904,-0.26162028312683105,-0.23216311155673255
50,MLP,Mean,2,6.230865955352783,0.8741381168365479,-5.356727838516235,-6.128010820420352
10,LH-E2E,Mean,2,2.644794225692749,4.661200046539307,2.0164058208465576,0.432593709927475
5,LH,Mean,2,2.2142467498779297,5.372191905975342,3.157945156097412,0.5878317847478449
50,MLP-E2E,Mean,2,5.499484062194824,0.8741381168365479,-4.625345945358276,-5.291321653032497
5,LH-E2E,Mean,2,3.1733057498931885,5.372191905975342,2.1988861560821533,0.4093089365695206
75,MLP-E2E,Mean,2,1.5625078678131104,1.1268813610076904,-0.4356265068054199,-0.38657708067499663
20,MLP,Mean,2,6.366751670837402,4.105693817138672,-2.2610578536987305,-0.550712730759475
20,MLP-E2E,Mean,2,6.551310062408447,4.105693817138672,-2.4456162452697754,-0.5956645464064749
50,LH,Mean,2,1.8015345335006714,0.8741381168365479,-0.9273964166641235,-1.0609266416848566
5,MLP,Mean,2,6.402624130249023,5.372191905975342,-1.0304322242736816,-0.19180852849421856
10,LH,Mean,2,1.7855165004730225,4.661200046539307,2.875683546066284,0.6169405984197839
75,LH,Mean,2,1.7521034479141235,1.1268813610076904,-0.6252220869064331,-0.5548251204965722
75,MLP,Mean,2,6.128607273101807,1.1268813610076904,-5.001725912094116,-4.438555898751778
5,MLP-E2E,Mean,2,6.577183246612549,5.372191905975342,-1.204991340637207,-0.2243016187297643
10,LH-E2E,Mean,2,2.361243486404419,4.661200046539307,2.2999565601348877,0.4934258425236401
20,LH,Mean,2,1.769554615020752,4.105693817138672,2.33613920211792,0.5689998587732037
20,LH-E2E,Mean,2,2.5655508041381836,4.105693817138672,1.5401430130004883,0.37512368958721826
5,LH,Mean,2,2.0894880294799805,5.372191905975342,3.2827038764953613,0.6110548420364693
75,LH-E2E,Mean,2,1.3719043731689453,1.1268813610076904,-0.24502301216125488,-0.2174346125861449
20,MLP,Mean,2,6.1538238525390625,4.105693817138672,-2.0481300354003906,-0.49885113859458896
5,LH-E2E,Mean,2,2.7997336387634277,5.372191905975342,2.572458267211914,0.4788470539093436
75,MLP-E2E,Mean,2,1.5454827547073364,1.1268813610076904,-0.418601393699646,-0.3714689125085185
20,MLP-E2E,Mean,2,6.241558074951172,4.105693817138672,-2.1358642578125,-0.5202200536476002
50,MLP,Mean,2,6.348624229431152,0.8741381168365479,-5.4744861125946045,-6.262724399213289
50,MLP-E2E,Mean,2,5.8166985511779785,0.8741381168365479,-4.942560434341431,-5.654209945938811
10,MLP,Mean,2,6.380252838134766,4.661200046539307,-1.719052791595459,-0.36880047507760677
20,LH,Mean,2,1.6982771158218384,4.105693817138672,2.4074167013168335,0.5863605053224848
75,LH,Mean,2,1.676272988319397,1.1268813610076904,-0.5493916273117065,-0.48753280187403614
10,LH-E2E,Mean,2,3.339179754257202,4.661200046539307,1.3220202922821045,0.2836223030727107
5,MLP,Mean,2,6.218052387237549,5.372191905975342,-0.845860481262207,-0.1574516502884753
20,LH-E2E,Mean,2,2.2863078117370605,4.105693817138672,1.8193860054016113,0.4431372835954856
50,LH,Mean,2,1.6989593505859375,0.8741381168365479,-0.8248212337493896,-0.9435822759158096
5,MLP-E2E,Mean,2,6.288512706756592,5.372191905975342,-0.91632080078125,-0.17056739908379884
20,MLP,Mean,2,6.603898525238037,4.105693817138672,-2.4982047080993652,-0.6084732129003245
50,LH-E2E,Mean,2,1.5695462226867676,0.8741381168365479,-0.6954081058502197,-0.7955357310888798
75,LH-E2E,Mean,2,1.3608044385910034,1.1268813610076904,-0.233923077583313,-0.20758447666055288
50,MLP,Mean,2,6.134734630584717,0.8741381168365479,-5.260596513748169,-6.018038125125975
20,MLP-E2E,Mean,2,6.808392524719238,4.105693817138672,-2.7026987075805664,-0.6582806287937281
5,LH,Mean,2,2.0235447883605957,5.372191905975342,3.348647117614746,0.623329764874955
5,LH-E2E,Mean,2,2.537770986557007,5.372191905975342,2.834420919418335,0.5276097669306427
50,MLP-E2E,Mean,2,5.250967502593994,0.8741381168365479,-4.376829385757446,-5.007022690644041
20,LH,Mean,2,1.9374338388442993,4.105693817138672,2.1682599782943726,0.5281104911533491
75,MLP-E2E,Mean,2,1.5801877975463867,1.1268813610076904,-0.4533064365386963,-0.40226633630122016
20,LH-E2E,Mean,2,3.2943077087402344,4.105693817138672,0.8113861083984375,0.19762460245121405
10,MLP,Mean,2,6.177434921264648,4.661200046539307,-1.5162348747253418,-0.3252885221802625
50,LH,Mean,2,1.6285799741744995,0.8741381168365479,-0.7544418573379517,-0.8630693969372144
5,MLP,Mean,2,6.646054267883301,5.372191905975342,-1.273862361907959,-0.23712152957363208
10,MLP-E2E,Mean,2,6.261155128479004,4.661200046539307,-1.5999550819396973,-0.343249606531601
5,MLP-E2E,Mean,2,6.832923889160156,5.372191905975342,-1.4607319831848145,-0.271906143479365
50,LH-E2E,Mean,2,1.552502989768982,0.8741381168365479,-0.6783648729324341,-0.7760385457019022
50,MLP,Mean,2,6.589024543762207,0.8741381168365479,-5.714886426925659,-6.537738507053647
75,LH,Mean,2,1.9169241189956665,1.1268813610076904,-0.7900427579879761,-0.7010877855691008
20,MLP,Mean,2,6.05661678314209,4.105693817138672,-1.950922966003418,-0.47517497721324226
50,MLP-E2E,Mean,2,6.223913669586182,0.8741381168365479,-5.349775552749634,-6.120057516894633
5,LH,Mean,2,2.279907464981079,5.372191905975342,3.0922844409942627,0.575609452364276
20,MLP-E2E,Mean,2,6.12705135345459,4.105693817138672,-2.021357536315918,-0.49233031646880976
5,LH-E2E,Mean,2,3.4533004760742188,5.372191905975342,1.918891429901123,0.35718966550074144
75,LH-E2E,Mean,2,1.3834081888198853,1.1268813610076904,-0.2565268278121948,-0.22764315454006712
75,LH,Mean,2,1.888940691947937,1.1268813610076904,-0.7620593309402466,-0.6762551563181334
50,LH,Mean,2,1.8600022792816162,0.8741381168365479,-0.9858641624450684,-1.1278128060733128
20,LH,Mean,2,1.9124690294265747,4.105693817138672,2.193224787712097,0.5341910248048144
10,MLP,Mean,2,6.62212610244751,4.661200046539307,-1.9609260559082031,-0.4206912461017601
50,LH-E2E,Mean,2,1.7235217094421387,0.8741381168365479,-0.8493835926055908,-0.9716812209030055
20,LH-E2E,Mean,2,3.16300368309021,4.105693817138672,0.9426901340484619,0.2296055614554908
10,MLP-E2E,Mean,2,6.818680286407471,4.661200046539307,-2.157480239868164,-0.4628593963629556
75,LH-E2E,Mean,2,1.3776196241378784,1.1268813610076904,-0.250738263130188,-0.22250635409034583
5,MLP,Mean,2,6.119495868682861,5.372191905975342,-0.7473039627075195,-0.13910596936723607
50,MLP,Mean,2,6.0338664054870605,0.8741381168365479,-5.159728288650513,-5.902646491750357
75,MLP,Mean,2,6.58306884765625,1.1268813610076904,-5.45618748664856,-4.841847310145831
10,LH,Mean,2,2.030303478240967,4.661200046539307,2.63089656829834,0.56442472797357
5,MLP-E2E,Mean,2,6.181833267211914,5.372191905975342,-0.8096413612365723,-0.15070968710853952
50,MLP-E2E,Mean,2,5.08037805557251,0.8741381168365479,-4.206239938735962,-4.811871096478535
5,LH,Mean,2,2.2222471237182617,5.372191905975342,3.14994478225708,0.5863425650810208
50,LH,Mean,2,1.828209400177002,0.8741381168365479,-0.9540712833404541,-1.0914422617711483
5,LH-E2E,Mean,2,3.313168525695801,5.372191905975342,2.059023380279541,0.3832743536189289
50,LH-E2E,Mean,2,1.6813241243362427,0.8741381168365479,-0.8071860074996948,-0.9234078596421941
10,MLP,Mean,2,6.080573081970215,4.661200046539307,-1.4193730354309082,-0.30450807115320383
10,MLP-E2E,Mean,2,6.145405292510986,4.661200046539307,-1.4842052459716797,-0.31841698085316533
75,MLP,Mean,2,6.027751922607422,1.1268813610076904,-4.9008705615997314,-4.349056370244006
10,LH,Mean,2,2.003322124481201,4.661200046539307,2.6578779220581055,0.5702132273922547
10,LH-E2E,Mean,2,3.2018542289733887,4.661200046539307,1.459345817565918,0.3130837129913368
75,MLP-E2E,Mean,2,1.5387141704559326,1.1268813610076904,-0.4118328094482422,-0.3654624379268898
10,LH-E2E,Mean,2,2.6721034049987793,4.661200046539307,1.9890966415405273,0.4267348797907367
10,MLP-E2E,Mean,2,6.419889450073242,4.661200046539307,-1.7586894035339355,-0.37730399596122655
10,MLP,Mean,2,6.285046577453613,4.661200046539307,-1.6238465309143066,-0.3483752069641221
10,LH,Mean,2,1.8754687309265137,4.661200046539307,2.785731315612793,0.5976425143308428
20,MLP-E2E,Mean,2,6.405456066131592,4.105693817138672,-2.29976224899292,-0.5601397355528239
20,MLP,Mean,2,6.2619853019714355,4.105693817138672,-2.1562914848327637,-0.5251953947056676
20,LH-E2E,Mean,2,2.587413787841797,4.105693817138672,1.518280029296875,0.36979864961167275
20,LH,Mean,2,1.784403681755066,4.105693817138672,2.321290135383606,0.565383157821874
50,MLP,Mean,2,6.246004104614258,0.8741381168365479,-5.37186598777771,-6.1453286206282405
50,MLP-E2E,Mean,2,5.574376106262207,0.8741381168365479,-4.700237989425659,-5.376996951506396
20,LH-E2E,Gaussian,2,4.99892520904541,4.105693817138672,-0.8932313919067383,-0.21755918285432363
5,MLP-E2E,Gaussian,2,6.239057540893555,5.372191905975342,-0.8668656349182129,-0.1613616285661765
5,MLP,Gaussian,2,6.169707298278809,5.372191905975342,-0.7975153923034668,-0.14845251365953854
5,MLP-E2E,Gaussian,2,6.414638042449951,5.372191905975342,-1.0424461364746094,-0.19404484328177576
5,LH,Gaussian,2,3.7078495025634766,5.372191905975342,1.6643424034118652,0.30980695264453656
50,MLP,Gaussian,2,5.925386905670166,0.8741381168365479,-5.051248788833618,-5.77854768204569
5,LH,Gaussian,2,3.9461510181427,5.372191905975342,1.4260408878326416,0.26544861255728697
5,LH-E2E,Gaussian,2,5.697869777679443,5.372191905975342,-0.32567787170410156,-0.06062290353809941
50,MLP,Gaussian,2,6.09948205947876,0.8741381168365479,-5.225343942642212,-5.977709748606331
50,MLP-E2E,Gaussian,2,5.444083213806152,0.8741381168365479,-4.5699450969696045,-5.227943970122199
5,LH-E2E,Gaussian,2,6.080711364746094,5.372191905975342,-0.708519458770752,-0.13188647598063002
5,LH,Gaussian,2,3.2775657176971436,5.372191905975342,2.0946261882781982,0.38990159416092396
50,MLP-E2E,Gaussian,2,5.733835697174072,0.8741381168365479,-4.859697580337524,-5.559416168607853
10,MLP,Gaussian,2,5.85934591293335,4.661200046539307,-1.198145866394043,-0.25704665202764737
5,LH-E2E,Gaussian,2,5.099264144897461,5.372191905975342,0.27292776107788086,0.050803799613768595
10,MLP,Gaussian,2,5.957021713256836,4.661200046539307,-1.2958216667175293,-0.2780017278339315
50,LH,Gaussian,2,3.742919445037842,0.8741381168365479,-2.868781328201294,-3.2818398751254976
10,MLP-E2E,Gaussian,2,6.0854387283325195,4.661200046539307,-1.424238681793213,-0.30555193245795886
10,MLP-E2E,Gaussian,2,6.199306964874268,4.661200046539307,-1.538106918334961,-0.3299808853895734
50,LH,Gaussian,2,3.0773537158966064,0.8741381168365479,-2.2032155990600586,-2.5204433448496224
50,LH-E2E,Gaussian,2,4.96225643157959,0.8741381168365479,-4.088118314743042,-4.676741851205037
10,MLP,Gaussian,2,6.136119842529297,4.661200046539307,-1.4749197959899902,-0.3164249080202082
10,LH,Gaussian,2,3.599838972091675,4.661200046539307,1.0613610744476318,0.22770124943159992
50,LH-E2E,Gaussian,2,3.8330283164978027,0.8741381168365479,-2.958890199661255,-3.384922980328666
10,MLP-E2E,Gaussian,2,6.37760591506958,4.661200046539307,-1.7164058685302734,-0.3682326120726386
10,LH,Gaussian,2,3.859074354171753,4.661200046539307,0.8021256923675537,0.17208566128010092
10,LH-E2E,Gaussian,2,5.617173194885254,4.661200046539307,-0.9559731483459473,-0.20509163708940287
75,MLP,Gaussian,2,5.923031330108643,1.1268813610076904,-4.796149969100952,-4.256126807184115
10,LH-E2E,Gaussian,2,6.022831439971924,4.661200046539307,-1.3616313934326172,-0.2921203509477256
10,LH,Gaussian,2,3.2009782791137695,4.661200046539307,1.460221767425537,0.31327163666997604
75,MLP,Gaussian,2,6.095738410949707,1.1268813610076904,-4.968857049942017,-4.409387910630378
20,MLP,Gaussian,2,5.835002422332764,4.105693817138672,-1.7293086051940918,-0.4211976543344083
10,LH-E2E,Gaussian,2,5.0464959144592285,4.661200046539307,-0.3852958679199219,-0.0826602299993504
20,MLP,Gaussian,2,5.94136905670166,4.105693817138672,-1.8356752395629883,-0.44710475776352504
20,MLP-E2E,Gaussian,2,6.0644850730896,4.105693817138672,-1.9587912559509277,-0.4770914109021512
75,MLP-E2E,Gaussian,2,1.364784598350525,1.1268813610076904,-0.23790323734283447,-0.21111648978743813
20,MLP-E2E,Gaussian,2,6.180431365966797,4.105693817138672,-2.074737548828125,-0.5053317761220795
20,MLP,Gaussian,2,6.111896991729736,4.105693817138672,-2.0062031745910645,-0.4886392565895773
75,MLP-E2E,Gaussian,2,1.445189356803894,1.1268813610076904,-0.3183079957962036,-0.2824680634628327
20,LH,Gaussian,2,3.5336198806762695,4.105693817138672,0.5720739364624023,0.13933672649293913
20,MLP-E2E,Gaussian,2,6.356816291809082,4.105693817138672,-2.25112247467041,-0.5482928281873819
75,LH,Gaussian,2,3.744905471801758,1.1268813610076904,-2.6180241107940674,-2.3232473278757166
20,LH,Gaussian,2,3.797595977783203,4.105693817138672,0.30809783935546875,0.07504160151187002
20,LH-E2E,Gaussian,2,5.576114177703857,4.105693817138672,-1.4704203605651855,-0.3581417480346712
20,LH-E2E,Gaussian,2,5.992709636688232,4.105693817138672,-1.8870158195495605,-0.4596094846801445
75,LH,Gaussian,2,3.08024263381958,1.1268813610076904,-1.9533612728118896,-1.733422293066536
20,LH,Gaussian,2,3.1317412853240967,4.105693817138672,0.9739525318145752,0.23721996212891963
5,LH-E2E,Gaussian,2,6.408508777618408,5.372191905975342,-1.0363168716430664,-0.19290391888093192
75,LH-E2E,Gaussian,2,1.3147202730178833,1.1268813610076904,-0.18783891201019287,-0.1666891640147653
50,MLP,Gaussian,2,5.81532621383667,0.8741381168365479,-4.941188097000122,-5.652640014008288
50,MLP-E2E,Gaussian,2,5.625603199005127,0.8741381168365479,-4.751465082168579,-5.4355999248309175
50,MLP-E2E,Gaussian,2,5.30561637878418,0.8741381168365479,-4.431478261947632,-5.069540129407558
75,LH-E2E,Gaussian,2,1.1223387718200684,1.1268813610076904,0.00454258918762207,0.0040311157365846865
10,MLP,Gaussian,2,6.07077169418335,4.661200046539307,-1.409571647644043,-0.3024053105574336
10,MLP-E2E,Gaussian,2,6.290065288543701,4.661200046539307,-1.6288652420043945,-0.34945190632050654
50,LH,Gaussian,2,4.043661594390869,0.8741381168365479,-3.1695234775543213,-3.6258840754189188
5,MLP,Gaussian,2,5.894981861114502,5.372191905975342,-0.5227899551391602,-0.0973140878600549
50,LH,Gaussian,2,3.4760992527008057,0.8741381168365479,-2.601961135864258,-2.9766018501522336
5,MLP-E2E,Gaussian,2,6.1216721534729,5.372191905975342,-0.7494802474975586,-0.13951107120055264
50,LH-E2E,Gaussian,2,5.381840705871582,0.8741381168365479,-4.507702589035034,-5.156739538310185
10,LH,Gaussian,2,4.16378927230835,4.661200046539307,0.49741077423095703,0.10671302867600761
50,LH-E2E,Gaussian,2,4.449502944946289,0.8741381168365479,-3.575364828109741,-4.090160077962012
5,MLP,Gaussian,2,5.987438678741455,5.372191905975342,-0.6152467727661133,-0.11452434751666096
10,LH-E2E,Gaussian,2,6.359705448150635,4.661200046539307,-1.6985054016113281,-0.36439229911884563
10,MLP,Gaussian,2,6.146681785583496,4.661200046539307,-1.4854817390441895,-0.3186908358818628
75,MLP,Gaussian,2,6.037509441375732,1.1268813610076904,-4.910628080368042,-4.357715239851704
10,MLP-E2E,Gaussian,2,6.385814666748047,4.661200046539307,-1.7246146202087402,-0.3699936932527011
75,MLP,Gaussian,2,5.812380313873291,1.1268813610076904,-4.685498952865601,-4.157934557259595
50,LH,Gaussian,2,3.126530647277832,0.8741381168365479,-2.252392530441284,-2.5767009664245673
20,MLP,Gaussian,2,6.052420616149902,4.105693817138672,-1.9467267990112305,-0.4741529411874015
20,MLP-E2E,Gaussian,2,6.270236492156982,4.105693817138672,-2.1645426750183105,-0.5272050891819345
50,LH-E2E,Gaussian,2,3.9255380630493164,0.8741381168365479,-3.0513999462127686,-3.4907526481691447
10,LH,Gaussian,2,3.2557995319366455,4.661200046539307,1.4054005146026611,0.30151044807572597
75,MLP-E2E,Gaussian,2,1.4815771579742432,1.1268813610076904,-0.35469579696655273,-0.3147587751823079
10,LH-E2E,Gaussian,2,5.112684726715088,4.661200046539307,-0.45148468017578125,-0.09686018099802102
75,MLP-E2E,Gaussian,2,1.2898916006088257,1.1268813610076904,-0.16301023960113525,-0.14465607937233668
20,LH,Gaussian,2,4.092450141906738,4.105693817138672,0.013243675231933594,0.0032256850661025026
75,MLP,Gaussian,2,6.109982967376709,1.1268813610076904,-4.9831016063690186,-4.42202859927773
20,LH-E2E,Gaussian,2,6.329366207122803,4.105693817138672,-2.223672389984131,-0.541606970471521
20,MLP,Gaussian,2,6.128889083862305,4.105693817138672,-2.023195266723633,-0.4927779217919451
75,LH,Gaussian,2,4.044697284698486,1.1268813610076904,-2.917815923690796,-2.58928404058578
75,LH,Gaussian,2,3.4715397357940674,1.1268813610076904,-2.344658374786377,-2.0806612443121026
20,MLP-E2E,Gaussian,2,6.367708206176758,4.105693817138672,-2.262014389038086,-0.5509457085171837
75,MLP-E2E,Gaussian,2,1.4772807359695435,1.1268813610076904,-0.350399374961853,-0.31094610940100703
75,LH-E2E,Gaussian,2,1.5242570638656616,1.1268813610076904,-0.3973757028579712,-0.35263313123098083
75,LH-E2E,Gaussian,2,1.1604647636413574,1.1268813610076904,-0.03358340263366699,-0.029802074819691514
20,LH,Gaussian,2,3.182934522628784,4.105693817138672,0.9227592945098877,0.224751122613662
75,LH,Gaussian,2,3.1313726902008057,1.1268813610076904,-2.0044913291931152,-1.7787953537545782
20,LH-E2E,Gaussian,2,5.071950435638428,4.105693817138672,-0.9662566184997559,-0.23534551321539038
50,MLP,Gaussian,2,6.1133222579956055,0.8741381168365479,-5.239184141159058,-5.9935427139584565
5,MLP,Gaussian,2,6.176169395446777,5.372191905975342,-0.8039774894714355,-0.14965539272288345
5,MLP,Gaussian,2,6.102607250213623,5.372191905975342,-0.7304153442382812,-0.1359622584267439
75,LH-E2E,Gaussian,2,1.1210416555404663,1.1268813610076904,0.005839705467224121,0.005182183031230621
5,MLP-E2E,Gaussian,2,6.422261714935303,5.372191905975342,-1.050069808959961,-0.19546394234204423
5,MLP-E2E,Gaussian,2,6.3237175941467285,5.372191905975342,-0.9515256881713867,-0.17712056918760308
50,MLP-E2E,Gaussian,2,5.70869255065918,0.8741381168365479,-4.834554433822632,-5.53065281184464
10,MLP,Gaussian,2,6.171374797821045,4.661200046539307,-1.5101747512817383,-0.32398840131372664
5,LH,Gaussian,2,3.3474507331848145,5.372191905975342,2.0247411727905273,0.3768929346210554
5,LH,Gaussian,2,4.246206283569336,5.372191905975342,1.1259856224060059,0.20959519728876455
10,MLP-E2E,Gaussian,2,6.437605381011963,4.661200046539307,-1.7764053344726562,-0.381104719114457
5,LH-E2E,Gaussian,2,5.170526027679443,5.372191905975342,0.20166587829589844,0.03753884481892596
5,MLP,Gaussian,2,6.208601951599121,5.372191905975342,-0.8364100456237793,-0.15569251066654252
50,LH-E2E,Gaussian,2,5.8488969802856445,0.8741381168365479,-4.974758863449097,-5.691044432946642
10,MLP-E2E,Gaussian,2,6.403367519378662,4.661200046539307,-1.7421674728393555,-0.3737594300705507
5,MLP-E2E,Gaussian,2,6.473151683807373,5.372191905975342,-1.1009597778320312,-0.20493679248640836
10,LH,Gaussian,2,4.422026634216309,4.661200046539307,0.23917341232299805,0.05131155280507036
10,LH-E2E,Gaussian,2,6.708866119384766,4.661200046539307,-2.047666072845459,-0.4393001914530019
75,MLP,Gaussian,2,6.139784336090088,1.1268813610076904,-5.0129029750823975,-4.448474478803796
10,LH,Gaussian,2,3.2742133140563965,4.661200046539307,1.3869867324829102,0.2975600100048643
5,LH,Gaussian,2,4.510406970977783,5.372191905975342,0.8617849349975586,0.16041588798028955
10,LH-E2E,Gaussian,2,5.160091400146484,4.661200046539307,-0.49889135360717773,-0.1070306677735443
5,LH-E2E,Gaussian,2,6.749497413635254,5.372191905975342,-1.377305507659912,-0.2563768256543429
20,MLP,Gaussian,2,6.1535563468933105,4.105693817138672,-2.0478625297546387,-0.49878598379794165
20,MLP-E2E,Gaussian,2,6.419949054718018,4.105693817138672,-2.3142552375793457,-0.5636697086175291
75,MLP-E2E,Gaussian,2,1.4854848384857178,1.1268813610076904,-0.35860347747802734,-0.3182264698719957
20,MLP,Gaussian,2,6.055459976196289,4.105693817138672,-1.9497661590576172,-0.4748932204633911
20,MLP-E2E,Gaussian,2,6.379848957061768,4.105693817138672,-2.2741551399230957,-0.5539027607051306
75,MLP,Gaussian,2,6.034583568572998,1.1268813610076904,-4.907702207565308,-4.355118806097472
20,LH,Gaussian,2,4.369204998016357,4.105693817138672,-0.26351118087768555,-0.06418188803502424
75,LH,Gaussian,2,4.308679103851318,1.1268813610076904,-3.181797742843628,-2.823542790696592
20,LH-E2E,Gaussian,2,6.687565326690674,4.105693817138672,-2.581871509552002,-0.628851449851015
20,LH,Gaussian,2,3.216027021408081,4.105693817138672,0.8896667957305908,0.21669097486441763
20,LH-E2E,Gaussian,2,5.122229099273682,4.105693817138672,-1.0165352821350098,-0.2475915953331977
75,MLP-E2E,Gaussian,2,1.3450881242752075,1.1268813610076904,-0.2182067632675171,-0.19363774290524266
50,MLP,Gaussian,2,6.14261531829834,0.8741381168365479,-5.268477201461792,-6.027053505603997
75,LH-E2E,Gaussian,2,1.960111379623413,1.1268813610076904,-0.8332300186157227,-0.7394123706781555
50,MLP-E2E,Gaussian,2,5.7963666915893555,0.8741381168365479,-4.922228574752808,-5.630950624331599
50,MLP,Gaussian,2,6.0389404296875,0.8741381168365479,-5.164802312850952,-5.908451094138366
75,LH,Gaussian,2,3.159360885620117,1.1268813610076904,-2.0324795246124268,-1.803632214481677
50,LH,Gaussian,2,4.3147292137146,0.8741381168365479,-3.4405910968780518,-3.9359810888116167
50,MLP-E2E,Gaussian,2,5.712292194366455,0.8741381168365479,-4.838154077529907,-5.534770746571366
5,MLP,Gaussian,2,6.1243720054626465,5.372191905975342,-0.7521800994873047,-0.14001363180095547
75,LH-E2E,Gaussian,2,1.133195161819458,1.1268813610076904,-0.006313800811767578,-0.005602897545595742
5,MLP-E2E,Gaussian,2,6.435056209564209,5.372191905975342,-1.0628643035888672,-0.19784555767761616
10,LH,Gaussian,2,3.906540632247925,4.661200046539307,0.7546594142913818,0.16190238710129515
50,LH,Gaussian,2,3.158135175704956,0.8741381168365479,-2.283997058868408,-2.612856040569485
10,LH-E2E,Gaussian,2,6.058899402618408,4.661200046539307,-1.3976993560791016,-0.299858264422017
50,LH-E2E,Gaussian,2,3.9645609855651855,0.8741381168365479,-3.0904228687286377,-3.5353942462922086
5,LH,Gaussian,2,3.366117477416992,5.372191905975342,2.0060744285583496,0.3734182366655681
5,LH-E2E,Gaussian,2,5.21152400970459,5.372191905975342,0.16066789627075195,0.029907326298609226
75,MLP,Gaussian,2,6.108241558074951,1.1268813610076904,-4.981360197067261,-4.42048326419454
20,MLP,Gaussian,2,6.131929874420166,4.105693817138672,-2.026236057281494,-0.4935185494893072
5,MLP,Gaussian,2,6.184060096740723,5.372191905975342,-0.8118681907653809,-0.15112419752957115
20,MLP-E2E,Gaussian,2,6.412591457366943,4.105693817138672,-2.3068976402282715,-0.5618776613585832
5,MLP-E2E,Gaussian,2,6.456816673278809,5.372191905975342,-1.0846247673034668,-0.20189613220947458
10,MLP,Gaussian,2,6.083657264709473,4.661200046539307,-1.422457218170166,-0.30516974254865226
10,LH-E2E,Gaussian,2,3.799057722091675,4.661200046539307,0.8621423244476318,0.18496145109406464
75,MLP-E2E,Gaussian,2,1.3707926273345947,1.1268813610076904,-0.2439112663269043,-0.21644804392610742
20,LH,Gaussian,2,3.8401379585266113,4.105693817138672,0.26555585861206055,0.06467989831670666
5,LH,Gaussian,2,3.9806177616119385,5.372191905975342,1.3915741443634033,0.2590328433382273
20,LH-E2E,Gaussian,2,6.028835773468018,4.105693817138672,-1.9231419563293457,-0.4684085180198888
5,LH-E2E,Gaussian,2,6.095868110656738,5.372191905975342,-0.7236762046813965,-0.13470780965148904
20,MLP,Gaussian,2,6.314484119415283,4.105693817138672,-2.2087903022766113,-0.5379822267935106
75,LH,Gaussian,2,3.7862699031829834,1.1268813610076904,-2.659388542175293,-2.3599543254466377
20,MLP-E2E,Gaussian,2,6.58514928817749,4.105693817138672,-2.4794554710388184,-0.6039065701121359
50,MLP,Gaussian,2,6.112371921539307,0.8741381168365479,-5.238233804702759,-5.992455544278981
10,MLP,Gaussian,2,6.149423122406006,4.661200046539307,-1.4882230758666992,-0.3192789541336304
10,MLP-E2E,Gaussian,2,6.429970741271973,4.661200046539307,-1.768770694732666,-0.37946680620281126
20,LH,Gaussian,2,2.369612693786621,4.105693817138672,1.7360811233520508,0.42284719725202385
50,MLP-E2E,Gaussian,2,5.758938312530518,0.8741381168365479,-4.88480019569397,-5.588133158375202
75,LH-E2E,Gaussian,2,1.3246469497680664,1.1268813610076904,-0.19776558876037598,-0.1754981452382247
20,LH-E2E,Gaussian,2,3.7535808086395264,4.105693817138672,0.3521130084991455,0.08576212065042373
50,LH,Gaussian,2,3.78600811958313,0.8741381168365479,-2.911870002746582,-3.331132628427714
75,MLP-E2E,Gaussian,2,1.6927129030227661,1.1268813610076904,-0.5658315420150757,-0.5021216621322874
50,MLP,Gaussian,2,6.300716400146484,0.8741381168365479,-5.4265782833099365,-6.207918610102932
50,LH-E2E,Gaussian,2,5.004595756530762,0.8741381168365479,-4.130457639694214,-4.725177360577852
5,MLP,Gaussian,2,6.361884593963623,5.372191905975342,-0.9896926879882812,-0.1842251180356147
50,MLP-E2E,Gaussian,2,6.097208499908447,0.8741381168365479,-5.223070383071899,-5.975108832885438
75,LH,Gaussian,2,2.2864158153533936,1.1268813610076904,-1.1595344543457031,-1.028976513826454
5,MLP-E2E,Gaussian,2,6.621654510498047,5.372191905975342,-1.249462604522705,-0.23257966699457666
20,MLP,Gaussian,2,5.584990501403809,4.105693817138672,-1.4792966842651367,-0.3603037026506969
50,LH,Gaussian,2,2.284656524658203,0.8741381168365479,-1.4105184078216553,-1.6136104588668834
5,LH,Gaussian,2,2.548844337463379,5.372191905975342,2.823347568511963,0.525548531758821
20,MLP-E2E,Gaussian,2,5.739782333374023,4.105693817138672,-1.6340885162353516,-0.3980054502393887
75,LH-E2E,Gaussian,2,1.0440489053726196,1.1268813610076904,0.0828324556350708,0.07350592396079707
50,LH-E2E,Gaussian,2,2.584235429763794,0.8741381168365479,-1.710097312927246,-1.9563239263790295
5,LH-E2E,Gaussian,2,3.883967876434326,5.372191905975342,1.4882240295410156,0.2770236163540072
20,LH,Gaussian,2,3.4588828086853027,4.105693817138672,0.6468110084533691,0.15754000109636593
20,LH-E2E,Gaussian,2,5.4584784507751465,4.105693817138672,-1.3527846336364746,-0.32948989717388455
10,MLP,Gaussian,2,6.332448482513428,4.661200046539307,-1.671248435974121,-0.3585446707473828
75,MLP,Gaussian,2,6.297019004821777,1.1268813610076904,-5.170137643814087,-4.588005288498869
10,MLP-E2E,Gaussian,2,6.598776817321777,4.661200046539307,-1.9375767707824707,-0.41568195988949636
5,MLP,Gaussian,2,5.630731105804443,5.372191905975342,-0.25853919982910156,-0.048125458724126276
50,MLP,Gaussian,2,5.571374416351318,0.8741381168365479,-4.6972362995147705,-5.373563066342171
5,MLP-E2E,Gaussian,2,5.795292854309082,5.372191905975342,-0.42310094833374023,-0.07875760131784136
75,LH,Gaussian,2,3.4070918560028076,1.1268813610076904,-2.280210494995117,-2.0234698823628476
10,LH,Gaussian,2,2.4465491771698,4.661200046539307,2.214650869369507,0.4751246132449877
50,MLP-E2E,Gaussian,2,4.984674453735352,0.8741381168365479,-4.110536336898804,-4.702387709364033
5,LH,Gaussian,2,3.603214740753174,5.372191905975342,1.768977165222168,0.32928406061864307
5,LH-E2E,Gaussian,2,5.5532965660095215,5.372191905975342,-0.1811046600341797,-0.033711502344646684
50,LH,Gaussian,2,3.4085354804992676,0.8741381168365479,-2.5343973636627197,-2.8993099772774444
75,LH-E2E,Gaussian,2,1.164299726486206,1.1268813610076904,-0.037418365478515625,-0.03320523949837543
50,LH-E2E,Gaussian,2,4.339707851409912,0.8741381168365479,-3.4655697345733643,-3.9645562501210314
10,MLP,Gaussian,2,5.6035051345825195,4.661200046539307,-0.9423050880432129,-0.2021593320678919
10,MLP-E2E,Gaussian,2,5.760075092315674,4.661200046539307,-1.0988750457763672,-0.23574938530952422
75,MLP,Gaussian,2,5.56858491897583,1.1268813610076904,-4.44170355796814,-3.9415893382034803
10,LH,Gaussian,2,3.5139403343200684,4.661200046539307,1.1472597122192383,0.24612968779810634
10,LH-E2E,Gaussian,2,5.496307373046875,4.661200046539307,-0.8351073265075684,-0.1791614430124258
75,MLP-E2E,Gaussian,2,1.3052653074264526,1.1268813610076904,-0.1783839464187622,-0.15829878156760535
50,MLP,Gaussian,2,6.039911270141602,0.8741381168365479,-5.165773153305054,-5.9095617200628086
