AATS1i,AATS2i,AATS2s,AATS3d,AATS3i,AATS3v,AATS4i,AATS5d,AATS6i,AATS7s,AATS8s,AATSC0c,AATSC0v,AETA_alpha,AETA_beta_ns_d,AMID_C,ATSC0i,ATSC1d,ATSC1dv,ATSC7d,ATSC8d,ATSC8dv,AXp-0d,AXp-1d,Ali_Log_S,BCUTi-1h,BCUTi-1l,BCUTs-1h,BCUTs-1l,CIC1,CIC2,ESOL_Solubility_(mg/ml),EState_VSA1,EState_VSA2,EState_VSA3,EState_VSA4,EState_VSA5,EState_VSA6,ETA_dAlpha_B,ETA_dEpsilon_C,ETA_dEpsilon_D,ETA_epsilon_5,GATS1c,GATS1d,GATS1dv,GATS1i,GATS1v,GATS2c,GATS2d,GATS2dv,GATS2i,GATS2s,GATS2v,GATS3c,GATS3d,GATS3dv,GATS3i,GATS3p,GATS3s,GATS4dv,GATS4i,GATS4s,GATS5c,GATS5d,GATS5dv,GATS5i,GATS5p,GATS6d,GATS6dv,GATS6i,GATS6p,GATS6s,GATS6v,GATS7c,GATS7d,GATS7dv,GATS7i,GATS7p,GATS8c,GATS8d,GATS8dv,GATS8i,GGI5,GGI6,GGI7,GGI8,GGI9,IC1,IC2,JGI3,JGI4,MATS1c,MATS2s,MATS6s,MATS7s,MATS8s,MAXaaCH,MINaasC,MLOGP,MOMI-Z,Mor02m,Mor03m,Mor10m,Mor11m,Mor12m,Mor13m,Mor16m,Mor21m,Mor22m,Mor23m,Mor26m,Mor30m,Mor31m,PEOE_VSA1,PEOE_VSA11,PEOE_VSA2,PEOE_VSA3,PEOE_VSA4,PEOE_VSA6,PEOE_VSA7,PEOE_VSA9,RNCG,RNCS,RPCG,SMR_VSA1,SMR_VSA3,SMR_VSA4,SMR_VSA5,SMR_VSA6,SMR_VSA9,SaaNH,SaaS,SdCH2,SdO,SdS,SddssS,SdsCH,SdsN,SdssC,Silicos-IT_Log_P,SlogP_VSA10,SlogP_VSA2,SlogP_VSA3,SlogP_VSA4,SpDiam_A,SsCH3,SsNH2,SsOH,SssO,SssS,SsssCH,TASA,TSRW10,TopoPSA(NO),VSA_EState7,VSA_EState8,VSA_EState9,Xc-3dv,Xc-4dv,Xc-5d,Xc-5dv,Xc-6dv,Xch-6d,ZMIC2,iLOGP
147.5978611,157.8321886,3.272713911141844,3.587033504244681,157.1610552,222.28522649609928,160.7924871,3.30075188,161.2686912,2.445249597,2.30734127,0.016601520787276593,50.93265931,0.48,0.0,1.659158216,86.76923015042554,17.59183673,95.75510204,-23.42091837,-4.059880343654929,-134.0714286,0.6888187153,0.432423611443617,-3.99,15.242407685106382,10.701758785141843,5.70477858691844,1.1150805523631204,2.315494246,0.9627883386,0.0144,2.4164533223333335,4.9659163038191485,12.502109570932625,70.99110724,0.0,16.626085250723403,0.02,-0.09328502273886526,0.0,0.78,1.4557518449503546,0.6028183716,0.4872254059,1.418977275,0.9924155931,1.635793006,1.086986778,0.8630156722989362,1.047773367,0.8086185044,0.7696552482,1.101169241,1.0853830795439714,0.9891450263,1.078228218,0.9492245377014187,1.092232767,0.9209003747,0.8969788832,0.9377631241,1.0527459188042554,1.045489507,1.0446875290514184,1.176815358,1.028415375,1.0877841560173758,1.128760745,0.9820830857031915,0.8508560912,1.183776933,0.9836227129929077,0.9953989918386523,1.097887927582624,1.149116523,1.135099677,1.148701918,1.092100555,0.9800191619141844,1.230211318,1.091952783,0.8774714342312057,0.8187301587,0.6345663265,0.28152588031453896,0.1991174152756383,3.491860676,4.644136198432625,0.041280412057765954,0.03414251208,-0.43850480901382977,0.07284758476946951,-0.09325959212,0.07908645055,-0.2040327227,2.251293462,0.4161539874454255,2.3,2137.502982,25.76288881,-2.833120026,0.8889980275676952,0.6845995323817021,1.3907987367042554,-1.712049124,0.3949605066559954,-0.16740066906518794,-0.21229562357010498,-0.7422368534921986,-0.3516320659,0.3456944555,-0.1783070703,9.467009379,4.169084296134752,9.019891914145392,9.344086562957447,5.098681808,18.20875424,45.646522313333335,35.29333391,0.1662440571,3.860452175,0.05993567359,0.0,29.21545116,0.0,16.123639934297874,6.838650666432625,22.51475897,1.3870471091808512,0.0,0.0,0.0,0.5120103576595745,0.0,1.7097681279748227,0.9415251031170212,0.0,4.272978723404255,0.0,49.85555154,13.08951281,6.9237372,4.945982674,2.5526396382127663,0.0,0.9490765134113476,0.0,0.0,0.033668482947943265,556.093109458156,79.05367202301419,51.77,4.3393117083241135,4.838045859,4.220524565,1.067258904,0.013554159652021275,0.39325319552705673,0.1288113406,0.0,0.5490650829230498,27.46169931,2.4160638297872343
146.2472804,155.0665108,3.272713911141844,3.587033504244681,160.0276797,222.28522649609928,159.9665408,3.226027397,160.4586872,2.301198257,2.331757289,0.016601520787276593,50.61721457,0.4754901961,0.0,1.669179994,86.76923015042554,14.48652053,93.66565886,-5.41723356,-4.059880343654929,-42.11413454,0.6737412396,0.432423611443617,-5.02,15.242407685106382,10.701758785141843,5.70477858691844,1.1150805523631204,2.454275736,1.022323364,0.00361,2.4164533223333335,4.9659163038191485,12.502109570932625,83.89487604,6.420821623,16.626085250723403,0.02450980392,-0.09328502273886526,0.0,0.8039215686,1.4557518449503546,0.6592034203,0.4998098034,1.341906357,0.9885089361,1.385687364,0.9870040283,0.8630156722989362,1.169470853,1.02202004,0.9218194606,1.201758997,1.0853830795439714,1.102617453,0.9743470307,0.9492245377014187,1.170926028,1.167587636,0.950950482,1.211932411,1.0527459188042554,1.059541571,1.0446875290514184,1.16071508,1.03738592,1.0877841560173758,0.951149575,0.9820830857031915,0.9557179295,0.9964098172,0.9836227129929077,0.9953989918386523,1.097887927582624,0.9101594863,1.019900356,1.014957504,1.075495661,0.9800191619141844,1.057963164,1.041049839,0.8774714342312057,0.7340136054,0.5217191043,0.28152588031453896,0.1991174152756383,3.523004188,4.644136198432625,0.041280412057765954,0.03283333333,-0.43850480901382977,0.07284758476946951,0.01987775498,0.1411001885,-0.04150680153,2.176777181,0.4161539874454255,2.52,2336.466524,28.28447932,-5.251998152,0.8889980275676952,0.6845995323817021,1.3907987367042554,-1.940031414,0.3949605066559954,-0.16740066906518794,-0.21229562357010498,-0.7422368534921986,-0.2424870751,0.3372714553,-0.08202178319,14.04082556,4.169084296134752,9.019891914145392,9.344086562957447,5.098681808,18.20875424,45.646522313333335,41.90021587,0.1456046687,17.84970761,0.06484728411,9.473725908,24.31554143,0.0,16.123639934297874,6.838650666432625,22.51475897,1.3870471091808512,0.0,0.0,0.0,0.5120103576595745,0.0,1.7097681279748227,0.9415251031170212,0.0,4.272978723404255,0.0,43.81933209,22.56323872,6.9237372,4.942378428,2.5526396382127663,0.0,0.9490765134113476,11.54632504,0.0,0.033668482947943265,556.093109458156,79.05367202301419,66.99,4.3393117083241135,5.186592111,0.0,0.8190725202,0.013554159652021275,0.39325319552705673,0.1288113406,0.0,0.5490650829230498,30.02085899,2.4160638297872343
146.6934932,151.7346049,3.272713911141844,3.587033504244681,156.4534982,222.28522649609928,154.8694075,3.780487805,157.2106152,2.585518102,2.42440225,0.016601520787276593,48.68718614,0.4791666667,0.0,1.676679689,86.76923015042554,10.82117028,54.62984878,-16.59434583,-4.059880343654929,-45.90664037,0.6706519733,0.432423611443617,-3.86,15.242407685106382,10.701758785141843,5.70477858691844,1.1150805523631204,1.738216665,0.6770864604,0.0234,2.4164533223333335,4.9659163038191485,12.502109570932625,51.4807728,0.0,16.626085250723403,0.02083333333,-0.09328502273886526,0.01933333333,0.764,1.4557518449503546,0.5582902205,0.453322684,1.134124049,0.8087763166,1.145238383,1.000269978,0.8630156722989362,1.171483515,0.811582298,0.8306297425,1.034833562,1.0853830795439714,1.119566292,0.9641591692,0.9492245377014187,1.148448627,1.047057063,1.046496374,0.9849907897,1.0527459188042554,1.200323974,1.0446875290514184,1.131839,0.9908930956,1.0877841560173758,1.139602858,0.9820830857031915,0.987697696,1.247896255,0.9836227129929077,0.9953989918386523,1.097887927582624,1.113357116,0.978669644,1.10844714,0.9778018234,0.9800191619141844,1.084651032,1.071483421,0.8774714342312057,0.5689795918,0.3315972222,0.28152588031453896,0.1991174152756383,3.547185554,4.644136198432625,0.041280412057765954,0.03904320988,-0.43850480901382977,0.07284758476946951,-0.1814485991,0.1143808457,-0.1888823613,2.114904573,0.4161539874454255,2.02,1782.335708,21.23321958,-3.052922224,0.8889980275676952,0.6845995323817021,1.3907987367042554,-1.151841564,0.3949605066559954,-0.16740066906518794,-0.21229562357010498,-0.7422368534921986,-0.2127517232,0.3868126365,-0.2556954959,4.983978521,4.169084296134752,9.019891914145392,9.344086562957447,5.098681808,18.20875424,45.646522313333335,35.29333391,0.2097399158,41.20627215,0.1019598315,0.0,24.73242031,0.0,16.123639934297874,6.838650666432625,22.51475897,1.3870471091808512,0.0,0.0,0.0,0.5120103576595745,0.0,1.7097681279748227,0.9415251031170212,0.0,4.272978723404255,0.0,24.73242031,6.544756406,6.9237372,4.929552615,2.5526396382127663,0.0,0.9490765134113476,0.0,0.0,0.033668482947943265,556.093109458156,79.05367202301419,59.39,4.3393117083241135,2.806967831,0.0,0.6673631067,0.013554159652021275,0.39325319552705673,0.1044262599,0.0,0.5490650829230498,25.00643644,2.4160638297872343
144.775219,147.1915212,3.272713911141844,3.587033504244681,155.8267923,222.28522649609928,158.771623,3.202380952,157.4010174,3.14172163,3.324057208,0.016601520787276593,47.09045049,0.4820512821,0.07692307692,1.625955818,86.76923015042554,6.147928994,20.81425475,4.351742275,-4.059880343654929,46.83666529,0.6959864369,0.432423611443617,-5.65,15.242407685106382,10.701758785141843,5.70477858691844,1.1150805523631204,1.861104431,0.7315211542,0.00116,2.4164533223333335,4.9659163038191485,12.502109570932625,0.0,18.19910121,16.626085250723403,0.01794871795,-0.09328502273886526,0.03891941392,0.805952381,1.4557518449503546,0.7240049367,0.5499137854,0.9203991109,0.7143467684,0.7765750213,1.139701551,0.8630156722989362,1.116963593,0.6167583804,0.9105186018,1.212874598,1.0853830795439714,1.008740849,1.108215123,0.9492245377014187,0.952594945,1.076988932,0.9821725007,1.027062828,1.0527459188042554,0.9526380747,1.0446875290514184,0.9704861299,0.987686915,1.0877841560173758,0.9183002771,0.9820830857031915,0.995896079,0.7314889713,0.9836227129929077,0.9953989918386523,1.097887927582624,1.024197882,0.9065594642,0.9632520521,0.7863925804,0.9800191619141844,0.8072723091,0.8693869923,0.8774714342312057,0.386122449,0.2864583333,0.28152588031453896,0.1991174152756383,3.424297788,4.644136198432625,0.041280412057765954,0.03749287749,-0.43850480901382977,0.07284758476946951,0.0360866479,-0.1164609041,0.06598173248,1.819003949,0.4161539874454255,3.26,951.9338672,22.01041359,-4.02754587,0.8889980275676952,0.6845995323817021,1.3907987367042554,-1.308588109,0.3949605066559954,-0.16740066906518794,-0.21229562357010498,-0.7422368534921986,-0.4286383181,0.4802769356,-0.240679363,10.423316,4.169084296134752,9.019891914145392,9.344086562957447,0.0,17.66730696,45.646522313333335,22.2842392,0.2637362504,78.43899978,0.1524323098,9.496942443,9.967957042,0.0,16.123639934297874,6.838650666432625,17.00689132,1.3870471091808512,0.0,0.0,0.0,0.5120103576595745,0.0,1.7097681279748227,0.9415251031170212,0.0,4.272978723404255,15.7651876,15.07448444,0.0,5.817220841,4.864588,2.5526396382127663,0.0,0.9490765134113476,0.0,0.0,0.033668482947943265,556.093109458156,79.05367202301419,58.04,4.3393117083241135,0.0,0.0,0.727356777,0.013554159652021275,0.39325319552705673,0.08469947665,0.0,0.5490650829230498,28.6523244,2.4160638297872343
149.9215863,153.2231385,3.272713911141844,3.587033504244681,156.0873279,222.28522649609928,156.7402181,3.455357143,159.811369,3.03894081,2.917866941,0.016601520787276593,46.90235383,0.4808080808,0.01515151515,1.464208038,86.76923015042554,10.8792772,61.56200607,-10.59207997,-4.059880343654929,13.88222479,0.6954248033,0.432423611443617,-5.21,15.242407685106382,10.701758785141843,5.70477858691844,1.1150805523631204,1.878696814,0.7310629905,0.0183,2.4164533223333335,4.9659163038191485,12.502109570932625,28.16193619,6.327320075,16.626085250723403,0.01919191919,-0.09328502273886526,0.04402356902,0.7842592593,1.4557518449503546,0.6951708023,0.4712530987,1.100146157,0.7696251407,0.8132428522,1.152706687,0.8630156722989362,1.182124876,0.5108919971,0.8483334008,0.992438935,1.0853830795439714,1.122740841,1.020155448,0.9492245377014187,0.9676971736,1.001590804,1.12448727,1.006810245,1.0527459188042554,1.038069374,1.0446875290514184,1.095328816,0.9767755275,1.0877841560173758,1.038395451,0.9820830857031915,0.9580830047,0.4895083172,0.9836227129929077,0.9953989918386523,1.097887927582624,1.033784504,0.9975627089,1.165863699,0.6330643064,0.9800191619141844,0.9177407739,1.054195681,0.8774714342312057,0.734829932,0.7387329932,0.28152588031453896,0.1991174152756383,3.793728528,4.644136198432625,0.041280412057765954,0.044138322,-0.43850480901382977,0.07284758476946951,0.04857823646,-0.08990521132,0.06739460723,1.945794737,0.4161539874454255,2.01,2624.044637,30.06621847,-4.158371024,0.8889980275676952,0.6845995323817021,1.3907987367042554,-1.377038032,0.3949605066559954,-0.16740066906518794,-0.21229562357010498,-0.7422368534921986,-0.299926762,0.3267209139,-0.3304276365,11.05045608,4.169084296134752,9.019891914145392,9.344086562957447,10.19736362,6.066367068,45.646522313333335,5.693927995,0.140427677,128.4215519,0.09533335505,4.794537184,29.36252149,5.733667477,16.123639934297874,6.838650666432625,22.51475897,1.3870471091808512,0.0,0.0,11.30015538,0.5120103576595745,0.0,1.7097681279748227,0.9415251031170212,-0.1191489073,4.272978723404255,5.687386275,40.3821381,0.0,6.9237372,4.859076679,2.5526396382127663,5.309393804,0.9490765134113476,0.0,0.0,0.033668482947943265,556.093109458156,79.05367202301419,116.02,4.3393117083241135,1.934878506,0.0,0.9407809356,0.013554159652021275,0.39325319552705673,0.1245317625,0.0,0.5490650829230498,29.89809159,2.4160638297872343
147.1820149,153.4795538,3.272713911141844,3.587033504244681,155.7123705,222.28522649609928,156.9596397,3.034782609,157.6497143,3.005393743,2.876068376,0.016601520787276593,48.91808,0.4722222222,0.0,1.600638701,86.76923015042554,11.08304498,49.33564014,-0.9134948097,-4.059880343654929,-19.85813149,0.6920312592,0.432423611443617,-3.77,15.242407685106382,10.701758785141843,5.70477858691844,1.1150805523631204,2.062752147,0.809494363,0.0734,2.4164533223333335,4.9659163038191485,12.502109570932625,33.77213846,0.0,16.626085250723403,0.02777777778,-0.09328502273886526,0.03236111111,0.7854166667,1.4557518449503546,0.6268436578,0.5452365016,1.1614955,0.8870558559,1.273009574,1.079168343,0.8630156722989362,1.060724935,0.8017522325,0.8786172393,0.8510924523,1.0853830795439714,0.9846160342,0.9995415387,0.9492245377014187,0.9048572102,1.047161619,1.149799635,1.364320662,1.0527459188042554,0.9484417083,1.0446875290514184,0.9614227774,0.8809349247,1.0877841560173758,0.8751369113,0.9820830857031915,1.068306732,0.6045779587,0.9836227129929077,0.9953989918386523,1.097887927582624,0.9805971459,0.950632126,1.015685971,0.9485205852,0.9800191619141844,1.024096386,1.118169519,0.8774714342312057,0.4806802721,0.3420493197,0.28152588031453896,0.1991174152756383,3.609673195,4.644136198432625,0.041280412057765954,0.02398989899,-0.43850480901382977,0.07284758476946951,0.04176275362,0.0340408739,-0.04858408434,2.004919144,0.4161539874454255,0.95,1359.879051,26.65185095,-3.348389093,0.8889980275676952,0.6845995323817021,1.3907987367042554,-1.299248066,0.3949605066559954,-0.16740066906518794,-0.21229562357010498,-0.7422368534921986,-0.1422831748,0.2972729381,-0.337707163,10.05365156,4.169084296134752,9.019891914145392,9.344086562957447,5.098681808,18.19910121,45.646522313333335,17.99473795,0.1606839127,120.9183069,0.10528379,9.531400138,25.48210926,0.0,16.123639934297874,6.838650666432625,33.77213846,1.3870471091808512,0.0,0.0,12.15042233,0.5120103576595745,0.0,1.7097681279748227,0.9415251031170212,-0.1261945102,4.272978723404255,0.0,46.3339363,4.736862954,0.0,4.824033268,2.5526396382127663,0.0,0.9490765134113476,4.949871137,0.0,0.033668482947943265,556.093109458156,79.05367202301419,92.79,4.3393117083241135,0.9573687972,1.602107478,0.5582009643,0.013554159652021275,0.39325319552705673,0.09315436814,0.0,0.5490650829230498,28.73446707,2.4160638297872343
147.9609889,153.6858859,3.272713911141844,3.587033504244681,157.3442561,222.28522649609928,157.7077439,3.283333333,161.6377542,2.564246914,2.661155203,0.016601520787276593,50.24069857,0.488172043,0.03225806452,1.551484447,86.76923015042554,13.75,76.74556213,-1.9375,-4.059880343654929,-56.00460224,0.6841461785,0.432423611443617,-4.85,15.242407685106382,10.701758785141843,5.70477858691844,1.1150805523631204,1.948806929,0.8614228369,0.0132,2.4164533223333335,4.9659163038191485,12.502109570932625,46.02638289,4.895483476,16.626085250723403,0.01182795699,-0.09328502273886526,0.0302378625,0.7686868687,1.4557518449503546,0.5969387755,0.4810350213,1.202428832,0.8419519833,1.174959601,1.080745342,0.8630156722989362,1.170031011,0.7813184696,0.8883641275,1.020395464,1.0853830795439714,1.158207059,1.012033715,0.9492245377014187,1.097053819,1.072603217,1.127195336,1.056067791,1.0527459188042554,1.05,1.0446875290514184,1.14152256,1.089909807,1.0877841560173758,0.9047576196,0.9820830857031915,0.8544840436,0.9661400282,0.9836227129929077,0.9953989918386523,1.097887927582624,1.059640339,0.8774295087,0.7841151186,1.186186566,0.9800191619141844,1.112932764,0.9531486201,0.8774714342312057,0.5331972789,0.5538548753,0.28152588031453896,0.1991174152756383,3.751632789,4.644136198432625,0.041280412057765954,0.0390617284,-0.43850480901382977,0.07284758476946951,0.05878208115,0.04017452146,-0.1093473555,2.107141054,0.4161539874454255,2.51,2334.442946,29.21401461,-4.352685478,0.8889980275676952,0.6845995323817021,1.3907987367042554,-1.739690349,0.3949605066559954,-0.16740066906518794,-0.21229562357010498,-0.7422368534921986,-0.01357394355,0.4967982155,-0.2431900401,10.30076712,4.169084296134752,9.019891914145392,9.344086562957447,5.425791397,24.27512131,45.646522313333335,23.62654039,0.1566820121,20.34371107,0.09185342235,0.0,25.38663948,4.992404733,16.123639934297874,6.838650666432625,11.38785599,1.3870471091808512,0.0,0.0,0.0,0.5120103576595745,0.0,1.7097681279748227,0.9415251031170212,0.947518529,4.272978723404255,5.687386275,32.55515263,6.544756406,13.08951281,4.849116668,2.5526396382127663,0.0,0.9490765134113476,0.0,1.71746793,0.033668482947943265,556.093109458156,79.05367202301419,83.3,4.3393117083241135,2.56029826,0.0,0.8388566744,0.013554159652021275,0.39325319552705673,0.1146849114,0.0,0.5490650829230498,30.72059456,2.4160638297872343
145.7399843,151.6176975,3.272713911141844,3.587033504244681,157.2517157,222.28522649609928,158.6214866,3.369747899,159.0802236,2.819333333,2.881018519,0.016601520787276593,48.7992792,0.4739583333,0.015625,1.640540121,86.76923015042554,11.41046636,65.85938056,-7.743681025,-4.059880343654929,-52.67141331,0.6848636974,0.432423611443617,-5.95,15.242407685106382,10.701758785141843,5.70477858691844,1.1150805523631204,2.018262017,0.9429088387,0.00229,2.4164533223333335,4.9659163038191485,12.502109570932625,52.0212877,0.0,16.626085250723403,0.02604166667,-0.09328502273886526,0.0300245098,0.7803921569,1.4557518449503546,0.6426382412,0.4849390068,1.181960564,0.8535014844,1.191630292,1.083304464,0.8630156722989362,1.120570244,0.6428460608,0.894064931,0.8516917766,1.0853830795439714,1.043200668,0.9958436832,0.9492245377014187,0.7215789145,1.083811977,1.149643081,1.059323526,1.0527459188042554,1.165312201,1.0446875290514184,1.153994611,1.028010687,1.0877841560173758,0.9866575168,0.9820830857031915,0.9930206748,0.9117261125,0.9836227129929077,0.9953989918386523,1.097887927582624,1.066937327,0.979682613,0.9284735004,0.9522513535,0.9800191619141844,1.074240463,0.9246652909,0.8774714342312057,0.614829932,0.5538548753,0.28152588031453896,0.1991174152756383,3.709658437,4.644136198432625,0.041280412057765954,0.04082125604,-0.43850480901382977,0.07284758476946951,-0.08789543262,-0.04911403994,0.08541488505,2.018617256,0.4161539874454255,1.5,3260.296642,30.53157844,-3.154877816,0.8889980275676952,0.6845995323817021,1.3907987367042554,-1.840477807,0.3949605066559954,-0.16740066906518794,-0.21229562357010498,-0.7422368534921986,-0.5391049505,0.4722204238,-0.3878206079,19.77449303,4.169084296134752,9.019891914145392,9.344086562957447,5.261891555,19.05647134,45.646522313333335,35.25921319,0.1656998431,155.2055286,0.08431228547,9.473725908,14.95193556,0.0,16.123639934297874,6.838650666432625,40.21348046,1.3870471091808512,0.0,0.0,0.0,0.5120103576595745,0.0,1.7097681279748227,0.9415251031170212,0.0,4.272978723404255,5.687386275,21.74487787,12.96557803,11.33111287,4.852763733,2.5526396382127663,0.0,0.9490765134113476,11.0125403,0.0,0.033668482947943265,556.093109458156,79.05367202301419,95.85,4.3393117083241135,2.783400981,0.0,0.7211465865,0.013554159652021275,0.39325319552705673,0.06263564417,0.0,0.5490650829230498,31.0661429,2.4160638297872343
147.1267119,155.4926101,3.272713911141844,3.587033504244681,153.8604697,222.28522649609928,154.7423056,3.255813953,160.5518811,2.519444444,2.7,0.016601520787276593,49.5433796,0.4818181818,0.04545454545,1.516857384,86.76923015042554,17.56826446,82.06887052,6.114049587,-4.059880343654929,3.831037649,0.6904812668,0.432423611443617,-5.61,15.242407685106382,10.701758785141843,5.70477858691844,1.1150805523631204,1.964143932,0.950266591,0.00456,2.4164533223333335,4.9659163038191485,12.502109570932625,44.39282129,0.0,16.626085250723403,0.01818181818,-0.09328502273886526,0.01550802139,0.8117647059,1.4557518449503546,0.5502299156,0.5032986119,1.246454741,0.8848085675,1.327952892,0.9868649161,0.8630156722989362,0.9825257012,1.102670439,0.720369697,0.9690716316,1.0853830795439714,1.046754328,1.083243039,0.9492245377014187,0.9181392224,1.188428787,1.223509617,1.130769684,1.0527459188042554,1.038885702,1.0446875290514184,1.115057542,1.119548288,1.0877841560173758,0.8343994904,0.9820830857031915,1.050322085,1.02427245,0.9836227129929077,0.9953989918386523,1.097887927582624,0.7392863864,0.9748046223,1.146020669,0.9042829602,0.9800191619141844,0.918081473,1.041018816,0.8774714342312057,0.614829932,0.5538548753,0.28152588031453896,0.1991174152756383,3.817215782,4.644136198432625,0.041280412057765954,0.0405664488,-0.43850480901382977,0.07284758476946951,-0.08323872643,0.2263720605,0.02008862009,2.004500121,0.4161539874454255,2.2,2428.673969,27.34525962,-4.56770909,0.8889980275676952,0.6845995323817021,1.3907987367042554,-1.563893355,0.3949605066559954,-0.16740066906518794,-0.21229562357010498,-0.7422368534921986,-0.261842053,0.2409274504,0.09389796053,14.79051451,4.169084296134752,9.019891914145392,9.344086562957447,5.425791397,35.61190719,45.646522313333335,24.79067027,0.1700935143,51.01493161,0.07625739634,9.473725908,20.40266096,4.992404733,16.123639934297874,6.838650666432625,22.88687966,1.3870471091808512,1.571304065,0.0,0.0,0.5120103576595745,0.0,1.7097681279748227,0.9415251031170212,0.9961268768,4.272978723404255,5.13155848,35.53500001,6.544756406,13.08951281,4.849748974,2.5526396382127663,0.0,0.9490765134113476,10.98224063,0.0,0.033668482947943265,556.093109458156,79.05367202301419,85.97,4.3393117083241135,2.515238238,3.277664584,0.9503966762,0.013554159652021275,0.39325319552705673,0.1474660367,0.0,0.5490650829230498,32.34373128,2.4160638297872343
150.0679784,153.9194824,3.272713911141844,3.587033504244681,159.3868522,222.28522649609928,155.9591169,3.414285714,162.4927314,2.847457627,2.833333333,0.016601520787276593,45.70914731,0.4727272727,0.0,1.526241476,86.76923015042554,6.211072664,29.15570934,-0.339100346,-4.059880343654929,16.01384083,0.6717186416,0.432423611443617,-2.83,15.242407685106382,10.701758785141843,5.70477858691844,1.1150805523631204,1.95054148,0.7136665443,0.166,2.4164533223333335,4.9659163038191485,12.502109570932625,28.33262175,0.0,16.626085250723403,0.02727272727,-0.09328502273886526,0.02213438735,0.7869565217,1.4557518449503546,0.5791103604,0.5180527014,1.114878099,0.8034947067,1.226162554,1.041127874,0.8630156722989362,1.242668863,1.033672035,0.9247869939,0.9584354375,1.0853830795439714,1.089809913,0.9090941507,0.9492245377014187,0.9545454545,1.003955125,1.234467219,0.8673197492,1.0527459188042554,1.071354167,1.0446875290514184,1.094298239,0.9921028173,1.0877841560173758,1.040182868,0.9820830857031915,1.016326401,1.050470219,0.9836227129929077,0.9953989918386523,1.097887927582624,0.8854137779,0.83990913,1.067674364,0.9076725832,0.9800191619141844,0.9641825932,1.122448978,0.8774714342312057,0.2087528345,0.1927437642,0.28152588031453896,0.1991174152756383,3.136921362,4.644136198432625,0.041280412057765954,0.02385416667,-0.43850480901382977,0.07284758476946951,-0.06332288401,0.1633156387,0.1832896168,1.976481481,0.4161539874454255,1.07,921.8420309,20.79991367,-2.494540355,0.8889980275676952,0.6845995323817021,1.3907987367042554,-1.096020032,0.3949605066559954,-0.16740066906518794,-0.21229562357010498,-0.7422368534921986,-0.0157224321,0.5093656477,-0.3064979401,0.0,4.169084296134752,9.019891914145392,9.344086562957447,10.19736362,6.066367068,45.646522313333335,5.693927995,0.182185791,56.12759645,0.1212804598,0.0,29.9458054,0.0,16.123639934297874,6.838650666432625,28.33262175,1.3870471091808512,0.0,0.0,0.0,0.5120103576595745,0.0,1.7097681279748227,0.9415251031170212,0.0,4.272978723404255,0.0,29.9458054,0.0,0.0,4.797866366,2.5526396382127663,0.0,0.9490765134113476,0.0,0.0,0.033668482947943265,556.093109458156,79.05367202301419,72.28,4.3393117083241135,0.0,0.0,0.3914235927,0.013554159652021275,0.39325319552705673,0.06953456841,0.0,0.5490650829230498,25.94615458,2.4160638297872343
143.1073484,148.5630816,3.272713911141844,3.587033504244681,156.2282466,222.28522649609928,159.4922955,3.530612245,152.0573617,2.572892852,2.180371503,0.016601520787276593,52.6718837,0.5037037037,0.0,1.570395305,86.76923015042554,9.197530864,58.83544582,-15.66666667,-4.059880343654929,-20.63533608,0.6807446078,0.432423611443617,-5.94,15.242407685106382,10.701758785141843,5.70477858691844,1.1150805523631204,1.603088122,0.7002172223,0.00547,2.4164533223333335,4.9659163038191485,12.502109570932625,56.53552755,0.0,16.626085250723403,0.0,-0.09328502273886526,0.01812169312,0.7892857143,1.4557518449503546,0.7111836735,0.4776343016,1.064889858,0.799338894,0.9161994799,1.114325581,0.8630156722989362,1.154575111,0.6185304277,0.9009137659,1.019279271,1.0853830795439714,1.132702586,0.998971234,0.9492245377014187,1.262830874,1.083286102,1.017156935,1.145185725,1.0527459188042554,1.107183673,1.0446875290514184,0.9309585878,0.7666573462,1.0877841560173758,1.190040756,0.9820830857031915,1.080293227,0.5796535401,0.9836227129929077,0.9953989918386523,1.097887927582624,1.126390836,1.067321304,1.167652913,0.5987414776,0.9800191619141844,0.8920549413,1.019620465,0.8774714342312057,0.5764172336,0.4175878685,0.28152588031453896,0.1991174152756383,3.888764974,4.644136198432625,0.041280412057765954,0.03962962963,-0.43850480901382977,0.07284758476946951,0.1072929272,-0.07268125226,-0.006720706816,2.16533074,0.4161539874454255,1.74,2877.676418,28.07042095,-4.266136945,0.8889980275676952,0.6845995323817021,1.3907987367042554,-1.042451766,0.3949605066559954,-0.16740066906518794,-0.21229562357010498,-0.7422368534921986,-0.1742769619,-0.03938169315,0.3845302451,4.983978521,4.169084296134752,9.019891914145392,9.344086562957447,0.0,6.066367068,45.646522313333335,21.4210879,0.1884912493,6.809623619,0.09272645569,4.794537184,19.93591408,0.0,16.123639934297874,6.838650666432625,21.95893118,1.3870471091808512,3.260796266,0.0,11.61305256,0.5120103576595745,0.0,1.7097681279748227,0.9415251031170212,0.3652299085,4.272978723404255,0.0,25.71915903,4.794537184,6.9237372,4.847452889,2.5526396382127663,0.0,0.9490765134113476,0.0,0.0,0.033668482947943265,556.093109458156,79.05367202301419,71.53,4.3393117083241135,2.003334106,0.0,1.020040897,0.013554159652021275,0.39325319552705673,0.1433457877,0.0,0.5490650829230498,31.8231755,2.4160638297872343
143.8726478,149.5000864,3.272713911141844,3.587033504244681,154.5685514,222.28522649609928,152.9375133,3.7,154.1866516,2.368285101,2.052408618,0.016601520787276593,51.8213122,0.5126984127,0.0,1.499561742,86.76923015042554,9.917355372,49.35047444,-7.950413223,-4.059880343654929,30.98836853,0.6855703213,0.432423611443617,-5.73,15.242407685106382,10.701758785141843,5.70477858691844,1.1150805523631204,1.291793651,0.6746867426,0.00697,2.4164533223333335,4.9659163038191485,12.502109570932625,38.99396439,4.699919916,16.626085250723403,0.0,-0.09328502273886526,0.0227994228,0.7787878788,1.4557518449503546,0.5951690821,0.4843804974,1.055363266,0.7366999171,0.9990935483,1.024613117,0.8630156722989362,1.115515568,0.8161906091,0.7415862613,1.295347656,1.0853830795439714,1.249672509,0.8787143251,0.9492245377014187,1.361337442,0.980423144,1.08998115,0.8285287195,1.0527459188042554,1.237101449,1.0446875290514184,1.108303255,0.9572247846,1.0877841560173758,1.258661257,0.9820830857031915,1.321295438,1.307866288,0.9836227129929077,0.9953989918386523,1.097887927582624,1.095207972,0.9649527905,0.9111080556,0.4239261481,0.9800191619141844,0.7689507446,0.9901672174,0.8774714342312057,0.5258956916,0.2395833333,0.28152588031453896,0.1991174152756383,3.752600468,4.644136198432625,0.041280412057765954,0.04252873563,-0.43850480901382977,0.07284758476946951,-0.1776278867,-0.08011290272,0.09433505833,2.156663832,0.4161539874454255,1.45,1363.706046,22.38909565,-4.565095883,0.8889980275676952,0.6845995323817021,1.3907987367042554,-0.4387439456,0.3949605066559954,-0.16740066906518794,-0.21229562357010498,-0.7422368534921986,-0.2175322567,0.1221352753,0.1041704129,4.983978521,4.169084296134752,9.019891914145392,9.344086562957447,0.0,6.066367068,45.646522313333335,21.4210879,0.2364748214,22.4351938,0.1161568039,0.0,19.93591408,0.0,16.123639934297874,6.838650666432625,21.95893118,1.3870471091808512,3.277053125,0.0,0.0,0.5120103576595745,0.0,1.7097681279748227,0.9415251031170212,0.0,4.272978723404255,0.0,19.93591408,0.0,13.8474744,4.824530955,2.5526396382127663,0.0,0.9490765134113476,0.0,0.0,0.033668482947943265,556.093109458156,79.05367202301419,54.46,4.3393117083241135,3.973463276,0.0,0.8208949336,0.013554159652021275,0.39325319552705673,0.1110709264,0.0,0.5490650829230498,29.96628288,2.4160638297872343
145.817401,151.454821,3.272713911141844,3.587033504244681,156.37978,222.28522649609928,158.4971748,3.390909091,159.5717647,2.801690821,2.878185525,0.016601520787276593,48.00479604,0.4731182796,0.01612903226,1.629104529,86.76923015042554,9.9336,56.6336,-8.894,-4.059880343654929,-31.4544,0.6841461785,0.432423611443617,-5.51,15.242407685106382,10.701758785141843,5.70477858691844,1.1150805523631204,1.961800927,0.919483369,0.00417,2.4164533223333335,4.9659163038191485,12.502109570932625,45.60046608,0.0,16.626085250723403,0.02688172043,-0.09328502273886526,0.0311502118,0.7828282828,1.4557518449503546,0.6667444211,0.4979332692,1.169962633,0.8296626622,1.193766716,1.146201083,0.8630156722989362,1.106385139,0.639184295,0.8657354966,0.8665076443,1.0853830795439714,1.103095554,1.006789333,0.9492245377014187,0.763072638,1.044833316,1.146620997,1.028728037,1.0527459188042554,1.137795025,1.0446875290514184,1.171247205,1.006796422,1.0877841560173758,0.9733196061,0.9820830857031915,0.9415522302,0.603465499,0.9836227129929077,0.9953989918386523,1.097887927582624,1.108686691,0.9506436683,0.9762147202,0.9730941466,0.9800191619141844,1.028422971,1.054031506,0.8774714342312057,0.5723809524,0.5755385488,0.28152588031453896,0.1991174152756383,3.682055263,4.644136198432625,0.041280412057765954,0.04273901809,-0.43850480901382977,0.07284758476946951,0.03947820925,-0.09407240204,-0.02998873392,1.982741402,0.4161539874454255,1.29,2576.189981,30.81824387,-2.924066127,0.8889980275676952,0.6845995323817021,1.3907987367042554,-1.877329191,0.3949605066559954,-0.16740066906518794,-0.21229562357010498,-0.7422368534921986,-0.5710128707,0.4713133612,-0.4117141428,19.77449303,4.169084296134752,9.019891914145392,9.344086562957447,5.261891555,6.066367068,45.646522313333335,35.25921319,0.1689938919,151.4360865,0.08598838109,9.473725908,14.95193556,0.0,16.123639934297874,6.838650666432625,40.21348046,1.3870471091808512,0.0,0.0,0.0,0.5120103576595745,0.0,1.7097681279748227,0.9415251031170212,0.0,4.272978723404255,5.687386275,21.74487787,6.544756406,18.25485007,4.848604167,2.5526396382127663,0.0,0.9490765134113476,10.98149734,0.0,0.033668482947943265,556.093109458156,79.05367202301419,95.85,4.3393117083241135,2.688647868,0.0,0.7589589384,0.013554159652021275,0.39325319552705673,0.06263564417,0.0,0.5490650829230498,30.3948269,2.4160638297872343
148.3230437,153.6196862,3.272713911141844,3.587033504244681,158.2335831,222.28522649609928,159.0367467,3.324786325,161.5850396,2.633242999,2.739921337,0.016601520787276593,48.96478823,0.4774193548,0.01612903226,1.612747941,86.76923015042554,12.0,65.47633136,-3.5625,-4.059880343654929,-25.18786982,0.6841461785,0.432423611443617,-4.58,15.242407685106382,10.701758785141843,5.70477858691844,1.1150805523631204,2.132438035,0.8456570856,0.0115,2.4164533223333335,4.9659163038191485,12.502109570932625,51.58983439,0.0,16.626085250723403,0.02258064516,-0.09328502273886526,0.02971652004,0.7606060606,1.4557518449503546,0.6428571429,0.5037471091,1.238129516,0.8585909922,1.14261408,1.139717425,0.8630156722989362,1.191183018,0.7953667954,0.900011591,1.056694826,1.0853830795439714,1.114508656,0.9893753369,0.9492245377014187,1.051190186,1.029734892,1.106422981,1.067098576,1.0527459188042554,1.128205128,1.0446875290514184,1.143922242,1.043999223,1.0877841560173758,0.9905473011,0.9820830857031915,0.9497406268,1.093573869,0.9836227129929077,0.9953989918386523,1.097887927582624,1.027032773,0.9426768748,0.9047231493,1.063615802,0.9800191619141844,1.032676137,1.047450283,0.8774714342312057,0.614829932,0.5130385488,0.28152588031453896,0.1991174152756383,3.568001683,4.644136198432625,0.041280412057765954,0.04176767677,-0.43850480901382977,0.07284758476946951,-0.0650879799,0.01834894948,0.0631322927,2.054083455,0.4161539874454255,2.38,1978.727963,30.16194004,-2.914043676,0.8889980275676952,0.6845995323817021,1.3907987367042554,-1.855129128,0.3949605066559954,-0.16740066906518794,-0.21229562357010498,-0.7422368534921986,-0.2290486959,0.4462532875,-0.2151664385,10.30076712,4.169084296134752,9.019891914145392,9.344086562957447,5.425791397,36.9300771,45.646522313333335,23.62654039,0.1554784522,32.88446216,0.09093358166,0.0,25.38663948,4.992404733,16.123639934297874,6.838650666432625,11.38785599,1.3870471091808512,0.0,0.0,0.0,0.5120103576595745,0.0,1.7097681279748227,0.9415251031170212,0.9374637514,4.272978723404255,5.687386275,26.29938345,6.544756406,13.08951281,4.848683342,2.5526396382127663,0.0,0.9490765134113476,0.0,0.0,0.033668482947943265,556.093109458156,79.05367202301419,83.3,4.3393117083241135,6.3612173,0.0,0.7694695736,0.013554159652021275,0.39325319552705673,0.06365387513,0.0,0.5490650829230498,28.45934377,2.4160638297872343
144.1317178,150.6909405,3.272713911141844,3.587033504244681,151.30043,222.28522649609928,160.8580615,3.172131148,150.8226569,2.529392765,2.49870801,0.016601520787276593,51.69127177,0.484,0.0,1.735377145,86.76923015042554,16.64592593,76.25333333,-19.9362963,-4.059880343654929,-43.30666667,0.7041633411,0.432423611443617,-4.52,15.242407685106382,10.701758785141843,5.70477858691844,1.1150805523631204,2.045313334,1.11198,0.0088,2.4164533223333335,4.9659163038191485,12.502109570932625,28.92903888,5.693927995,16.626085250723403,0.016,-0.09328502273886526,0.0,0.764,1.4557518449503546,0.7241924157,0.4318467337,1.09643337,0.9165081855,1.23783485,1.464937801,0.8630156722989362,0.9903265774,0.4547948313,0.7857167175,0.9140068045,1.0853830795439714,0.9100683598,1.198465298,0.9492245377014187,0.5890807537,0.9743463695,1.01203861,0.6806217052,1.0527459188042554,1.179602597,1.0446875290514184,0.8068454077,0.7065690325,1.0877841560173758,1.228364042,0.9820830857031915,1.172647092,0.8634210964,0.9836227129929077,0.9953989918386523,1.097887927582624,0.9962603716,1.219763578,1.333426757,1.005345059,0.9800191619141844,1.028397803,1.045609261,0.8774714342312057,0.7552834467,0.5260416667,0.28152588031453896,0.1991174152756383,3.446539763,4.644136198432625,0.041280412057765954,0.04186507937,-0.43850480901382977,0.07284758476946951,-0.05079685259,-0.04012927864,-0.09966269817,2.022203326,0.4161539874454255,2.5,1588.803392,13.94363753,-2.286157193,0.8889980275676952,0.6845995323817021,1.3907987367042554,-0.7564583901,0.3949605066559954,-0.16740066906518794,-0.21229562357010498,-0.7422368534921986,-0.163705367,0.2886096115,-0.06481507017,0.0,4.169084296134752,9.019891914145392,9.344086562957447,10.36057336,38.9703128,45.646522313333335,17.3266008,0.1944231464,3.080868168,0.07395948859,0.0,14.76446326,5.414990469,16.123639934297874,6.838650666432625,28.45350378,1.3870471091808512,0.0,0.0,0.0,0.5120103576595745,0.0,1.7097681279748227,0.9415251031170212,0.0,4.272978723404255,0.0,14.76446326,6.544756406,16.74610334,5.006229029,2.5526396382127663,0.0,0.9490765134113476,0.0,0.0,0.033668482947943265,556.093109458156,79.05367202301419,54.5,4.3393117083241135,7.720865772,0.0,1.676147384,0.013554159652021275,0.39325319552705673,0.489065941,0.1020620726,0.5490650829230498,27.92704578,2.4160638297872343
148.0103313,152.3722909,3.272713911141844,3.587033504244681,154.4269117,222.28522649609928,157.515908,3.467889908,158.6717354,2.822416552,2.890273451,0.016601520787276593,48.38728898,0.4833333333,0.015625,1.512636097,86.76923015042554,10.85274894,55.63018497,-6.093425606,-4.059880343654929,-2.323379897,0.6899617195,0.432423611443617,-5.01,15.242407685106382,10.701758785141843,5.70477858691844,1.1150805523631204,1.75887232,0.809494363,0.0221,2.4164533223333335,4.9659163038191485,12.502109570932625,44.39282129,17.67532124,16.626085250723403,0.01666666667,-0.09328502273886526,0.04455357143,0.7752380952,1.4557518449503546,0.6826911885,0.5078511369,1.110554208,0.7856332165,0.8104667601,1.109748378,0.8630156722989362,1.064475138,0.5446149243,0.8393745447,0.9755157886,1.0853830795439714,1.089866148,1.139410328,0.9492245377014187,0.9689674695,1.032431477,1.011680714,1.020690408,1.0527459188042554,1.123295234,1.0446875290514184,1.177260175,1.239492011,1.0877841560173758,1.01916061,0.9820830857031915,1.351042941,1.078624449,0.9836227129929077,0.9953989918386523,1.097887927582624,1.087785984,0.966006522,0.9435333642,0.6649973381,0.9800191619141844,0.9409478723,0.9986526776,0.8774714342312057,0.614829932,0.5755385488,0.28152588031453896,0.1991174152756383,3.913553022,4.644136198432625,0.041280412057765954,0.04256038647,-0.43850480901382977,0.07284758476946951,-0.0674455178,-0.08773079389,0.05935970433,1.990290858,0.4161539874454255,2.06,2650.995469,30.0460976,-5.389817459,0.8889980275676952,0.6845995323817021,1.3907987367042554,-1.673764192,0.3949605066559954,-0.16740066906518794,-0.21229562357010498,-0.7422368534921986,-0.2951343705,0.1437584533,0.1172464586,11.05045608,4.169084296134752,9.019891914145392,9.344086562957447,5.425791397,35.61190719,45.646522313333335,16.26500318,0.1373791195,133.4514031,0.09326709456,4.794537184,20.40266096,10.72607221,16.123639934297874,6.838650666432625,10.57107519,1.3870471091808512,1.531695746,0.0,11.46331847,0.5120103576595745,0.0,1.7097681279748227,0.9415251031170212,0.4731742973,4.272978723404255,5.13155848,27.22258466,6.544756406,13.08951281,4.84878054,2.5526396382127663,5.397661056,0.9490765134113476,0.0,0.0,0.033668482947943265,556.093109458156,79.05367202301419,110.6,4.3393117083241135,2.479594771,0.0,0.9984880308,0.013554159652021275,0.39325319552705673,0.1269440053,0.0,0.5490650829230498,30.95894759,2.4160638297872343
144.3174032,148.2158062,3.272713911141844,3.587033504244681,155.5005704,222.28522649609928,160.1483726,3.685714286,150.6606291,2.659451998,2.451205173,0.016601520787276593,48.70120046,0.4922619048,0.04166666667,1.668598938,86.76923015042554,4.756026297,25.58788518,-9.604821037,-4.059880343654929,-1.629665702,0.681465016,0.432423611443617,-4.26,15.242407685106382,10.701758785141843,5.70477858691844,1.1150805523631204,2.168617053,1.005926512,0.00759,2.4164533223333335,4.9659163038191485,12.502109570932625,28.66745114,0.0,16.626085250723403,0.007738095238,-0.09328502273886526,0.01980952381,0.7754285714,1.4557518449503546,0.7089972527,0.5698652577,1.132512957,0.7501828975,0.8817985326,1.103610675,0.8630156722989362,1.140049471,0.869590542,0.929009831,1.403654175,1.0853830795439714,0.9912602227,1.228018363,0.9492245377014187,1.003693386,1.127954012,1.046167488,1.164775022,1.0527459188042554,1.254631083,1.0446875290514184,0.8716138248,0.650734107,1.0877841560173758,1.165705981,0.9820830857031915,0.9815847903,0.9397280068,0.9836227129929077,0.9953989918386523,1.097887927582624,1.023766761,1.040063116,1.084202037,0.4955967438,0.9800191619141844,0.9505280413,0.9511288463,0.8774714342312057,0.3844897959,0.2725694444,0.28152588031453896,0.1991174152756383,3.040836313,4.644136198432625,0.041280412057765954,0.0375,-0.43850480901382977,0.07284758476946951,-0.08592558512,-0.08702436199,0.0002973963039,2.004462449,0.4161539874454255,3.58,1372.303956,21.92741253,-3.326694307,0.8889980275676952,0.6845995323817021,1.3907987367042554,-1.232877387,0.3949605066559954,-0.16740066906518794,-0.21229562357010498,-0.7422368534921986,-0.44083332,0.4441419449,-0.1631997952,5.316788604,4.169084296134752,9.019891914145392,9.344086562957447,0.0,29.8000411,45.646522313333335,5.687386275,0.2216261846,29.63332311,0.1305005678,0.0,10.30076712,4.992404733,16.123639934297874,6.838650666432625,0.0,1.3870471091808512,0.0,0.0,0.0,0.5120103576595745,0.0,1.7097681279748227,0.9415251031170212,0.6545581381,4.272978723404255,11.37477255,10.81959831,0.0,6.165775612,4.8884035,2.5526396382127663,0.0,0.9490765134113476,0.0,0.0,0.033668482947943265,556.093109458156,79.05367202301419,51.38,4.3393117083241135,0.0,0.0,0.5982691087,0.013554159652021275,0.39325319552705673,0.05143799709,0.0,0.5490650829230498,29.99218522,2.4160638297872343
149.7946163,155.2232052,3.272713911141844,3.587033504244681,161.5337457,222.28522649609928,162.7564201,3.495145631,162.6691366,2.949449449,2.887270766,0.016601520787276593,46.83435575,0.4695238095,0.03333333333,1.540249265,86.76923015042554,9.715277778,59.44444444,-5.932291667,-4.059880343654929,-1.888888889,0.6833808251,0.432423611443617,-3.89,15.242407685106382,10.701758785141843,5.70477858691844,1.1150805523631204,1.81140835,0.834147917,0.0278,2.4164533223333335,4.9659163038191485,12.502109570932625,34.51459212,12.40490243,16.626085250723403,0.03047619048,-0.09328502273886526,0.0331547619,0.7973214286,1.4557518449503546,0.6637198622,0.4527049508,1.13746691,0.8399818365,1.164451458,1.119086918,0.8630156722989362,1.141041115,0.6243708906,0.9079924669,0.9567080656,1.0853830795439714,1.097750865,0.9765147666,0.9492245377014187,0.9392887769,1.152983613,1.08147425,1.211116299,1.0527459188042554,1.111491088,1.0446875290514184,1.075910287,1.025956037,1.0877841560173758,0.8807808757,0.9820830857031915,0.9245521587,0.5255980233,0.9836227129929077,0.9953989918386523,1.097887927582624,1.03951183,0.8842050004,0.9039894258,1.001091511,0.9800191619141844,0.9130160916,0.9793040106,0.8774714342312057,0.5331972789,0.5538548753,0.28152588031453896,0.1991174152756383,3.773554151,4.644136198432625,0.041280412057765954,0.0408994709,-0.43850480901382977,0.07284758476946951,0.1186795255,-0.05564743422,0.001308756523,1.958504393,0.4161539874454255,2.4,2265.696798,29.33314297,-3.616464109,0.8889980275676952,0.6845995323817021,1.3907987367042554,-1.643035383,0.3949605066559954,-0.16740066906518794,-0.21229562357010498,-0.7422368534921986,-0.2715606337,0.2960426579,-0.1066938453,10.30076712,4.169084296134752,9.019891914145392,9.344086562957447,5.425791397,24.27512131,45.646522313333335,29.31392667,0.1537670096,40.62400469,0.09049494295,4.390415048,25.38663948,4.992404733,16.123639934297874,6.838650666432625,11.38785599,1.3870471091808512,0.0,0.0,0.0,0.5120103576595745,0.0,1.7097681279748227,0.9415251031170212,0.8747201751,4.272978723404255,10.07780132,26.29938345,6.544756406,18.90673365,4.848957738,2.5526396382127663,0.0,0.9490765134113476,0.0,0.0,0.033668482947943265,556.093109458156,79.05367202301419,83.3,4.3393117083241135,2.284696408,0.0,0.7166344516,0.013554159652021275,0.39325319552705673,0.07940239484,0.0,0.5490650829230498,30.18565182,2.4160638297872343
145.3060659,150.536627,3.272713911141844,3.587033504244681,155.4378872,222.28522649609928,152.5198341,3.141414141,159.2498459,2.587950417,2.725641917,0.016601520787276593,49.89302047,0.4869488536,0.01851851852,1.633045039,86.76923015042554,7.6875,42.99112335,-1.375,-4.059880343654929,-25.07988981,0.684314101,0.432423611443617,-4.65,15.242407685106382,10.701758785141843,5.70477858691844,1.1150805523631204,2.006903694,0.7393028412,0.00767,2.4164533223333335,4.9659163038191485,12.502109570932625,39.52165029,0.0,16.626085250723403,0.01305114638,-0.09328502273886526,0.01832325523,0.7947278912,1.4557518449503546,0.6373416208,0.5389835044,1.078834063,0.8176181131,1.32162892,1.055292726,0.8630156722989362,1.13643675,1.058251962,0.9498956353,1.109659352,1.0853830795439714,1.144177349,0.9165013551,0.9492245377014187,1.09059253,1.065819581,1.204108586,0.974167798,1.0527459188042554,0.9760526614,1.0446875290514184,1.09810322,0.9310344298,1.0877841560173758,0.9031135833,0.9820830857031915,0.9851201698,0.8107369257,0.9836227129929077,0.9953989918386523,1.097887927582624,0.9168741958,1.012336858,1.048258938,1.047577748,0.9800191619141844,1.111016793,1.132074456,0.8774714342312057,0.399047619,0.2951743197,0.28152588031453896,0.1991174152756383,3.452527925,4.644136198432625,0.041280412057765954,0.02398860399,-0.43850480901382977,0.07284758476946951,0.1041346337,0.09534433828,-0.04970975294,2.047539761,0.4161539874454255,2.01,1545.703886,21.94890216,-3.451564021,0.8889980275676952,0.6845995323817021,1.3907987367042554,-1.278169321,0.3949605066559954,-0.16740066906518794,-0.21229562357010498,-0.7422368534921986,-0.1985229533,0.2738299012,-0.3028221479,4.736862954,4.169084296134752,9.019891914145392,9.344086562957447,5.098681808,6.066367068,45.646522313333335,17.26785943,0.2549245197,58.45783306,0.09803129249,4.736862954,20.16532066,0.0,16.123639934297874,6.838650666432625,39.52165029,1.3870471091808512,0.0,0.0,0.0,0.5120103576595745,0.0,1.7097681279748227,0.9415251031170212,0.0,4.272978723404255,0.0,32.65220607,0.0,0.0,4.817898533,2.5526396382127663,0.0,0.9490765134113476,5.521680599,0.0,0.033668482947943265,556.093109458156,79.05367202301419,63.69,4.3393117083241135,0.4914931722,0.0,0.4918779764,0.013554159652021275,0.39325319552705673,0.0761440227,0.0,0.5490650829230498,27.73185171,2.4160638297872343
145.817401,151.454821,3.272713911141844,3.587033504244681,156.37978,222.28522649609928,158.4776418,3.427272727,159.5420573,2.864942529,2.993569959,0.016601520787276593,48.00479604,0.4731182796,0.01612903226,1.629061707,86.76923015042554,9.9336,56.6336,-7.0656,-4.059880343654929,-22.4928,0.6841461785,0.432423611443617,-5.51,15.242407685106382,10.701758785141843,5.70477858691844,1.1150805523631204,1.961800927,0.959483369,0.00417,2.4164533223333335,4.9659163038191485,12.502109570932625,45.60046608,0.0,16.626085250723403,0.02688172043,-0.09328502273886526,0.0311502118,0.7828282828,1.4557518449503546,0.6667444211,0.4979332692,1.169962633,0.8296626622,1.194764311,1.1269372,0.8630156722989362,1.106385139,0.6376763403,0.8657354966,0.8824120773,1.0853830795439714,1.086578615,1.006789333,0.9492245377014187,0.7756154388,1.034689303,1.158187527,1.004462757,1.0527459188042554,1.145588142,1.0446875290514184,1.157114002,1.020508794,1.0877841560173758,1.002944024,0.9820830857031915,0.9589293484,0.9369932415,0.9836227129929077,0.9953989918386523,1.097887927582624,1.06648165,0.9809719636,0.9574142706,0.941498962,0.9800191619141844,0.9993731107,0.960657298,0.8774714342312057,0.614829932,0.5130385488,0.28152588031453896,0.1991174152756383,3.682055263,4.644136198432625,0.041280412057765954,0.04176767677,-0.43850480901382977,0.07284758476946951,-0.1041976237,-0.05203226847,0.09083916499,1.97940729,0.4161539874454255,1.29,2452.50927,28.84626541,-3.322802922,0.8889980275676952,0.6845995323817021,1.3907987367042554,-1.754984888,0.3949605066559954,-0.16740066906518794,-0.21229562357010498,-0.7422368534921986,-0.4622425229,0.5825388497,-0.4711483017,19.77449303,4.169084296134752,9.019891914145392,9.344086562957447,5.261891555,12.13273414,45.646522313333335,35.25921319,0.1687985428,152.9772102,0.0858889825,9.473725908,14.95193556,0.0,16.123639934297874,6.838650666432625,40.21348046,1.3870471091808512,0.0,0.0,0.0,0.5120103576595745,0.0,1.7097681279748227,0.9415251031170212,0.0,4.272978723404255,5.687386275,21.74487787,6.544756406,18.25485007,4.848683342,2.5526396382127663,0.0,0.9490765134113476,10.98059471,0.0,0.033668482947943265,556.093109458156,79.05367202301419,95.85,4.3393117083241135,2.658324812,0.0,0.7589589384,0.013554159652021275,0.39325319552705673,0.06263564417,0.0,0.5490650829230498,31.26935238,2.4160638297872343
144.6252425,147.4703935,3.272713911141844,3.587033504244681,153.5929674,222.28522649609928,152.4666005,3.204545455,158.5428397,2.924360981,2.519774011,0.016601520787276593,51.26066079,0.496969697,0.0,1.639544887,86.76923015042554,7.259259259,20.89300412,-5.049382716,-4.059880343654929,-27.86145405,0.6791339464,0.432423611443617,-3.07,15.242407685106382,10.701758785141843,5.70477858691844,1.1150805523631204,1.811646693,0.9654135417,0.154,2.4164533223333335,4.9659163038191485,12.502109570932625,16.59685293,5.563451492,16.626085250723403,0.00303030303,-0.09328502273886526,0.0404040404,0.7444444444,1.4557518449503546,0.7100591716,0.6279884018,1.007313194,0.7551895461,0.8099416975,1.0546875,0.8630156722989362,1.136143654,0.9177053744,0.9548308776,0.9793066176,1.0853830795439714,1.117177656,0.9597849765,0.9492245377014187,0.9101022896,1.066953661,1.094180032,1.074253422,1.0527459188042554,1.121066434,1.0446875290514184,1.049792322,1.14065945,1.0877841560173758,1.03942159,0.9820830857031915,1.165639571,1.12347592,0.9836227129929077,0.9953989918386523,1.097887927582624,1.047897528,1.004972536,1.000927053,1.156366118,0.9800191619141844,1.135178568,0.8666418206,0.8774714342312057,0.3780498866,0.1770833333,0.28152588031453896,0.1991174152756383,3.358278308,4.644136198432625,0.041280412057765954,0.03416666667,-0.43850480901382977,0.07284758476946951,0.05753451655,0.0778234517,-0.1865687411,2.099423658,0.4161539874454255,1.52,1302.496189,11.36528137,-4.31583401,0.8889980275676952,0.6845995323817021,1.3907987367042554,-0.8783368353,0.3949605066559954,-0.16740066906518794,-0.21229562357010498,-0.7422368534921986,0.01906417934,0.2406349677,-0.009328250805,0.0,4.169084296134752,9.019891914145392,9.344086562957447,5.316788604,24.26546827,45.646522313333335,22.50240757,0.1959327131,124.359745,0.1140791687,0.0,15.28474565,5.733667477,16.123639934297874,6.838650666432625,0.0,1.3870471091808512,0.0,0.0,0.0,0.5120103576595745,0.0,1.7097681279748227,0.9415251031170212,0.0,4.272978723404255,0.0,9.967957042,0.0,5.497807596,4.90972599,2.5526396382127663,6.003839601,0.9490765134113476,0.0,1.596391723,0.033668482947943265,556.093109458156,79.05367202301419,65.9,4.3393117083241135,0.0,0.0,0.7313610662,0.013554159652021275,0.39325319552705673,0.1665042816,0.0,0.5490650829230498,29.88755348,2.4160638297872343
145.965132,148.7197258,3.272713911141844,3.587033504244681,156.2312563,222.28522649609928,153.4077307,3.762711864,156.927851,3.022092268,2.872962963,0.016601520787276593,47.44714678,0.4924242424,0.02272727273,1.544872639,86.76923015042554,6.887052342,24.59014386,-4.085399449,-4.059880343654929,5.312723192,0.6791339464,0.432423611443617,-4.08,15.242407685106382,10.701758785141843,5.70477858691844,1.1150805523631204,2.066085135,1.042617332,0.0601,2.4164533223333335,4.9659163038191485,12.502109570932625,32.99233261,11.33678588,16.626085250723403,0.007575757576,-0.09328502273886526,0.04191919192,0.7611111111,1.4557518449503546,0.6090808416,0.5423185858,1.04927032,0.7039576171,0.8193750239,0.9084005695,0.8630156722989362,1.200461358,0.8915563402,0.864309327,0.9897271524,1.0853830795439714,1.032053912,0.9692374843,0.9492245377014187,0.9338551708,1.146320962,1.092060965,0.9701733084,1.0527459188042554,1.263584661,1.0446875290514184,0.9571189891,1.145186648,1.0877841560173758,1.17883387,0.9820830857031915,1.276874688,1.374195297,0.9836227129929077,0.9953989918386523,1.097887927582624,0.9949820346,1.063535324,1.106021644,0.754210114,0.9800191619141844,0.9758640492,0.8469217936,0.8774714342312057,0.3257142857,0.2951743197,0.28152588031453896,0.1991174152756383,2.978308984,4.644136198432625,0.041280412057765954,0.04279569892,-0.43850480901382977,0.07284758476946951,-0.1978008921,-0.074507349,0.132535663,1.954145881,0.4161539874454255,0.8,1287.918955,21.21627301,-3.710514406,0.8889980275676952,0.6845995323817021,1.3907987367042554,-0.8750101132,0.3949605066559954,-0.16740066906518794,-0.21229562357010498,-0.7422368534921986,0.01203561213,0.1600318658,0.2848917983,5.733667477,4.169084296134752,9.019891914145392,9.344086562957447,0.0,17.40315295,45.646522313333335,27.29840462,0.2183749109,98.84426499,0.1052572446,0.0,19.93591408,0.0,16.123639934297874,6.838650666432625,21.95893118,1.3870471091808512,1.414607663,0.0,0.0,0.5120103576595745,0.0,1.7097681279748227,0.9415251031170212,0.0,4.272978723404255,5.13155848,19.93591408,0.0,0.0,4.858476049,2.5526396382127663,5.906248583,0.9490765134113476,0.0,0.0,0.033668482947943265,556.093109458156,79.05367202301419,77.58,4.3393117083241135,0.0,0.0,0.6253075811,0.013554159652021275,0.39325319552705673,0.104861554,0.0,0.5490650829230498,33.1876727,2.4160638297872343
145.817401,151.6956697,3.272713911141844,3.587033504244681,154.9312634,222.28522649609928,159.4511839,3.390909091,159.8611656,2.957093254,2.795616718,0.016601520787276593,48.00479604,0.4731182796,0.01612903226,1.62882504,86.76923015042554,9.9336,56.6336,-8.3792,-4.059880343654929,-32.0544,0.6841461785,0.432423611443617,-5.81,15.242407685106382,10.701758785141843,5.70477858691844,1.1150805523631204,1.921800927,0.919483369,0.00274,2.4164533223333335,4.9659163038191485,12.502109570932625,39.6521268,0.0,16.626085250723403,0.02688172043,-0.09328502273886526,0.0311502118,0.7828282828,1.4557518449503546,0.6667444211,0.4979332692,1.169962633,0.8296626622,1.052138131,1.146201083,0.8630156722989362,0.9637660562,0.6188269067,0.8543536252,0.9569433776,1.0853830795439714,1.066522332,1.163531034,0.9492245377014187,0.7522544724,1.036704142,1.152525708,1.034024883,1.0527459188042554,1.153381258,1.0446875290514184,1.131815708,0.9536000239,1.0877841560173758,1.035630388,0.9820830857031915,0.9276053034,0.6974253849,0.9836227129929077,0.9953989918386523,1.097887927582624,1.128239643,0.8948269672,0.9602099302,0.9595148514,0.9800191619141844,1.01336723,0.983333486,0.8774714342312057,0.5723809524,0.5755385488,0.28152588031453896,0.1991174152756383,3.722055263,4.644136198432625,0.041280412057765954,0.04273901809,-0.43850480901382977,0.07284758476946951,-0.04874419023,-0.08189938511,0.002947625096,1.977958239,0.4161539874454255,1.7,3436.069107,31.32674132,-2.745339574,0.8889980275676952,0.6845995323817021,1.3907987367042554,-1.684852272,0.3949605066559954,-0.16740066906518794,-0.21229562357010498,-0.7422368534921986,-0.411534874,0.4527151931,-0.2987425721,19.77449303,4.169084296134752,9.019891914145392,9.344086562957447,5.261891555,18.19910121,45.646522313333335,23.02052879,0.1684908076,153.256611,0.08573239903,9.473725908,14.95193556,0.0,16.123639934297874,6.838650666432625,40.21348046,1.3870471091808512,0.0,0.0,0.0,0.5120103576595745,0.0,1.7097681279748227,0.9415251031170212,0.0,4.272978723404255,5.948339281,21.74487787,6.544756406,18.25485007,4.848604167,2.5526396382127663,0.0,0.9490765134113476,10.97587234,0.0,0.033668482947943265,556.093109458156,79.05367202301419,95.85,4.3393117083241135,2.757644992,0.0,0.7703214932,0.013554159652021275,0.39325319552705673,0.06263564417,0.0,0.5490650829230498,30.3948269,2.4160638297872343
150.6227588,156.2364618,3.272713911141844,3.587033504244681,163.3449994,222.28522649609928,163.4525293,3.553398058,164.4285678,3.353853854,3.257281553,0.016601520787276593,45.31563466,0.46359447,0.04838709677,1.493656184,86.76923015042554,7.703125,58.5,-5.22265625,-4.059880343654929,-7.75,0.6894086529,0.432423611443617,-3.99,15.242407685106382,10.701758785141843,5.70477858691844,1.1150805523631204,1.741329353,0.7240601563,0.0201,2.4164533223333335,4.9659163038191485,12.502109570932625,34.8870312,18.4712695,16.626085250723403,0.03640552995,-0.09328502273886526,0.03407345343,0.8281385281,1.4557518449503546,0.7400360833,0.4239468864,1.066141587,0.8323516745,1.051252339,1.103524395,0.8630156722989362,1.095035408,0.562934599,0.8946434032,1.157188033,1.0853830795439714,1.116874711,0.9983393525,0.9492245377014187,1.076103525,0.8878481581,0.8528479536,0.504034136,1.0527459188042554,1.120831349,1.0446875290514184,0.9836531333,1.018994129,1.0877841560173758,1.020054945,0.9820830857031915,0.9199051196,0.8679392472,0.9836227129929077,0.9953989918386523,1.097887927582624,0.8740669241,0.6555403972,0.8922500697,1.016191495,0.9800191619141844,0.9245723532,0.987788197,0.8774714342312057,0.696462585,0.5130385488,0.28152588031453896,0.1991174152756383,3.843633148,4.644136198432625,0.041280412057765954,0.04419753086,-0.43850480901382977,0.07284758476946951,-0.1237997762,0.1377172351,-0.05519198601,1.926934145,0.4161539874454255,2.78,2306.778916,29.32968931,-3.09886858,0.8889980275676952,0.6845995323817021,1.3907987367042554,-1.755738297,0.3949605066559954,-0.16740066906518794,-0.21229562357010498,-0.7422368534921986,0.1233723003,0.3863099827,-0.05888017382,10.30076712,4.169084296134752,9.019891914145392,9.344086562957447,5.425791397,12.14238718,45.646522313333335,23.62654039,0.1523272844,30.05378148,0.08912626148,8.780830095,25.38663948,4.992404733,16.123639934297874,6.838650666432625,11.38785599,1.3870471091808512,0.0,0.0,0.0,0.5120103576595745,0.0,1.7097681279748227,0.9415251031170212,0.8292649282,4.272978723404255,14.46821637,26.29938345,6.544756406,24.72395449,4.84886367,2.5526396382127663,0.0,0.9490765134113476,0.0,0.0,0.033668482947943265,556.093109458156,79.05367202301419,83.3,4.3393117083241135,2.161954189,0.0,0.7992326864,0.013554159652021275,0.39325319552705673,0.06365387513,0.0,0.5490650829230498,30.43903568,2.4160638297872343
145.560325,150.7520497,3.272713911141844,3.587033504244681,156.5390026,222.28522649609928,155.8494569,3.446428571,157.8136342,2.713833492,2.589976983,0.016601520787276593,50.40263578,0.4916666667,0.015625,1.63637924,86.76923015042554,9.136094675,56.75805391,-6.461538462,-4.059880343654929,0.8027613412,0.6848636974,0.432423611443617,-5.59,15.242407685106382,10.701758785141843,5.70477858691844,1.1150805523631204,2.225408552,1.169396833,0.00305,2.4164533223333335,4.9659163038191485,12.502109570932625,44.92947468,0.0,16.626085250723403,0.008333333333,-0.09328502273886526,0.01464646465,0.7686868687,1.4557518449503546,0.7010103383,0.5338529013,1.106744432,0.8105966151,1.307613246,1.131203008,0.8630156722989362,1.255474299,0.8845624423,0.8869107625,1.182502241,1.0853830795439714,1.102882377,0.9948518972,0.9492245377014187,1.21797018,1.046089306,1.041741393,0.9211550059,1.0527459188042554,1.113827538,1.0446875290514184,1.142098622,1.108727882,1.0877841560173758,1.07260214,0.9820830857031915,0.9473605507,1.058993957,0.9836227129929077,0.9953989918386523,1.097887927582624,1.033053036,0.9807791387,0.9889785624,1.179218062,0.9800191619141844,0.9775824878,1.024371889,0.8774714342312057,0.7413151927,0.474029195,0.28152588031453896,0.1991174152756383,3.475031166,4.644136198432625,0.041280412057765954,0.0381678487,-0.43850480901382977,0.07284758476946951,-0.03525356625,0.09928470844,-0.0421398553,2.03988502,0.4161539874454255,2.13,3201.186331,28.00048187,-3.436424346,0.8889980275676952,0.6845995323817021,1.3907987367042554,-1.251029408,0.3949605066559954,-0.16740066906518794,-0.21229562357010498,-0.7422368534921986,-0.348939037,0.5026020939,-0.3174309568,5.316788604,4.169084296134752,9.019891914145392,9.344086562957447,5.098681808,42.54970879,45.646522313333335,23.27208584,0.1626234389,21.57365644,0.0779721243,0.0,24.73242031,0.0,16.123639934297874,6.838650666432625,22.51475897,1.3870471091808512,0.0,0.0,0.0,0.5120103576595745,0.0,1.7097681279748227,0.9415251031170212,0.6790551438,4.272978723404255,5.687386275,29.72092241,6.544756406,6.9237372,4.876664293,2.5526396382127663,0.0,0.9490765134113476,0.0,0.0,0.033668482947943265,556.093109458156,79.05367202301419,68.52,4.3393117083241135,2.431664893,0.0,0.915641771,0.013554159652021275,0.39325319552705673,0.07129411522,0.0,0.5490650829230498,36.57587505,2.4160638297872343
144.7680142,150.4389202,3.272713911141844,3.587033504244681,156.0683138,222.28522649609928,155.6795945,3.161764706,154.9829748,2.650879297,2.412470024,0.016601520787276593,50.43102803,0.4784313725,0.02941176471,1.711287884,86.76923015042554,12.16646849,71.95005945,-7.663495838,-4.059880343654929,15.45422117,0.6861721141,0.432423611443617,-6.32,15.242407685106382,10.701758785141843,5.70477858691844,1.1150805523631204,2.530535876,1.298003664,0.000357,2.4164533223333335,4.9659163038191485,12.502109570932625,39.7073943,0.0,16.626085250723403,0.02156862745,-0.09328502273886526,0.01406162465,0.7780952381,1.4557518449503546,0.6694428793,0.5290962746,1.239575284,0.8862713143,1.279293738,1.218094978,0.8630156722989362,1.250106768,0.8642353936,0.9136421318,1.336051257,1.0853830795439714,1.156406583,1.000537192,0.9492245377014187,1.195015165,0.9981005603,1.018772124,0.9160080046,1.0527459188042554,1.074789687,1.0446875290514184,0.9423487783,0.9023790653,1.0877841560173758,1.208969805,0.9820830857031915,1.009444288,1.176446598,0.9836227129929077,0.9953989918386523,1.097887927582624,1.085982714,1.00656217,1.07735736,0.6386113515,0.9800191619141844,0.887397536,0.9683847604,0.8774714342312057,0.7665306122,0.4305555556,0.28152588031453896,0.1991174152756383,3.327445119,4.644136198432625,0.041280412057765954,0.02920634921,-0.43850480901382977,0.07284758476946951,-0.1277507076,-0.1488620233,0.008210506092,2.069405377,0.4161539874454255,2.52,1933.406554,31.06062996,-4.526956905,0.8889980275676952,0.6845995323817021,1.3907987367042554,-2.150020148,0.3949605066559954,-0.16740066906518794,-0.21229562357010498,-0.7422368534921986,-0.5937147029,0.547376715,-0.2506254467,19.69042424,4.169084296134752,9.019891914145392,9.344086562957447,0.0,18.19910121,45.646522313333335,5.693927995,0.1808437435,134.2115193,0.06412910753,9.473725908,9.967957042,0.0,16.123639934297874,6.838650666432625,22.88687966,1.3870471091808512,0.0,0.0,0.0,0.5120103576595745,0.0,1.7097681279748227,0.9415251031170212,0.0,4.272978723404255,17.06215882,9.967957042,4.736862954,13.8474744,4.832276594,2.5526396382127663,0.0,0.9490765134113476,11.4329758,0.0,0.033668482947943265,556.093109458156,79.05367202301419,59.51,4.3393117083241135,4.021741318,0.0,0.8192972001,0.013554159652021275,0.39325319552705673,0.1170048358,0.0,0.5490650829230498,35.31202653,2.4160638297872343
150.1287662,155.577371,3.272713911141844,3.587033504244681,160.8336168,222.28522649609928,160.1316994,3.292682927,162.70947,2.714285714,2.789990421,0.016601520787276593,47.59726111,0.4707070707,0.0303030303,1.520040716,86.76923015042554,11.33190083,75.49586777,-7.836033058,-4.059880343654929,-30.43801653,0.6904812668,0.432423611443617,-3.54,15.242407685106382,10.701758785141843,5.70477858691844,1.1150805523631204,2.01541337,0.9461654549,0.0997,2.4164533223333335,4.9659163038191485,12.502109570932625,51.71376917,13.26227256,16.626085250723403,0.02929292929,-0.09328502273886526,0.04335016835,0.7768518519,1.4557518449503546,0.7054229688,0.4701755915,1.310822657,0.871503092,0.9914120486,1.158493597,0.8630156722989362,1.247799371,0.5717072487,0.9051268693,1.168480885,1.0853830795439714,1.19744908,0.9763069501,0.9492245377014187,1.302360769,0.9728418609,1.060873201,0.6744874859,1.0527459188042554,1.076028109,1.0446875290514184,1.137021822,1.105722788,1.0877841560173758,0.9851563148,0.9820830857031915,0.9531900847,0.8858995568,0.9836227129929077,0.9953989918386523,1.097887927582624,1.02001469,0.919064009,0.8993950898,0.8860151522,0.9800191619141844,0.9872794965,1.021017094,0.8774714342312057,0.6931972789,0.6067885488,0.28152588031453896,0.1991174152756383,3.765946344,4.644136198432625,0.041280412057765954,0.04250591017,-0.43850480901382977,0.07284758476946951,-0.06916580264,0.03184452403,-0.01353165484,1.98359253,0.4161539874454255,1.49,2114.754709,31.70917809,-3.795521347,0.8889980275676952,0.6845995323817021,1.3907987367042554,-1.560207532,0.3949605066559954,-0.16740066906518794,-0.21229562357010498,-0.7422368534921986,-0.2816104061,0.3924517219,-0.1512194368,15.61755573,4.169084296134752,9.019891914145392,9.344086562957447,5.425791397,12.14238718,45.646522313333335,23.62654039,0.134539768,33.07316149,0.07868413042,4.794537184,25.38663948,4.992404733,16.123639934297874,6.838650666432625,11.38785599,1.3870471091808512,0.0,0.0,11.20180083,0.5120103576595745,0.0,1.7097681279748227,0.9415251031170212,0.8135728293,4.272978723404255,11.37477255,32.20656318,11.33929359,13.08951281,4.84862861,2.5526396382127663,0.0,0.9490765134113476,0.0,0.0,0.033668482947943265,556.093109458156,79.05367202301419,112.4,4.3393117083241135,3.944364098,0.0,0.8586399347,0.013554159652021275,0.39325319552705673,0.06365387513,0.0,0.5490650829230498,30.46303494,2.4160638297872343
144.8696093,149.3817323,3.272713911141844,3.587033504244681,153.342874,222.28522649609928,160.951404,3.123809524,158.2377984,3.002777778,3.195876289,0.016601520787276593,49.74457372,0.4747795414,0.05555555556,1.69984788,86.76923015042554,12.68,56.1837037,-9.022222222,-4.059880343654929,-45.88987654,0.7024404018,0.432423611443617,-5.75,15.242407685106382,10.701758785141843,5.70477858691844,1.1150805523631204,1.838423466,0.9224394445,0.00114,2.4164533223333335,4.9659163038191485,12.502109570932625,22.50167553,6.066367068,16.626085250723403,0.02522045855,-0.09328502273886526,0.03545581707,0.7786535304,1.4557518449503546,0.6524884259,0.474816451,0.9674286216,0.8235378385,0.7902216974,1.214387464,0.8630156722989362,1.042684476,0.5806023064,0.8444741236,1.211084638,1.0853830795439714,1.001907234,1.239221963,0.9492245377014187,0.9388500824,1.044922847,0.9231420304,0.9644851598,1.0527459188042554,1.091269841,1.0446875290514184,0.9803891751,0.9576344103,1.0877841560173758,1.149825784,0.9820830857031915,0.9973742888,1.196611396,0.9836227129929077,0.9953989918386523,1.097887927582624,1.033611249,1.058263246,1.12850209,1.089477894,0.9800191619141844,1.159562895,0.9259644187,0.8774714342312057,0.6514285714,0.4149305556,0.28152588031453896,0.1991174152756383,3.653429631,4.644136198432625,0.041280412057765954,0.04227642276,-0.43850480901382977,0.07284758476946951,-0.1200301474,0.0001753766073,-0.1383046605,1.840467164,0.4161539874454255,3.21,1504.043571,23.84488667,-3.57313188,0.8889980275676952,0.6845995323817021,1.3907987367042554,-1.82399534,0.3949605066559954,-0.16740066906518794,-0.21229562357010498,-0.7422368534921986,-0.3260188385,0.3162115104,-0.346321809,10.423316,4.169084296134752,9.019891914145392,9.344086562957447,0.0,17.69618563,45.646522313333335,22.2842392,0.2553800312,71.23895027,0.1476026446,9.496942443,9.967957042,0.0,16.123639934297874,6.838650666432625,17.00689132,1.3870471091808512,0.0,0.0,0.0,0.5120103576595745,0.0,1.7097681279748227,0.9415251031170212,0.0,4.272978723404255,15.7651876,15.07448444,0.0,19.66469524,4.886982113,2.5526396382127663,0.0,0.9490765134113476,0.0,0.0,0.033668482947943265,556.093109458156,79.05367202301419,58.04,4.3393117083241135,3.844370475,0.0,0.8382142248,0.013554159652021275,0.39325319552705673,0.1263661433,0.0,0.5490650829230498,28.03580746,2.4160638297872343
148.1175792,151.9245659,3.272713911141844,3.587033504244681,158.2982398,222.28522649609928,158.696275,3.341463415,161.1531869,2.80839895,3.054613936,0.016601520787276593,47.983974,0.4737373737,0.01515151515,1.598107469,86.76923015042554,11.32441701,58.86419753,-3.121056241,-4.059880343654929,5.827160494,0.6904812668,0.432423611443617,-4.64,15.242407685106382,10.701758785141843,5.70477858691844,1.1150805523631204,2.122284425,0.9624846009,0.0228,2.4164533223333335,4.9659163038191485,12.502109570932625,50.88435568,0.0,16.626085250723403,0.02626262626,-0.09328502273886526,0.05492765493,0.7531531532,1.4557518449503546,0.688132401,0.4928064814,1.186259354,0.808654492,0.955881863,1.158783241,0.8630156722989362,1.227336624,0.5353549235,0.9098394126,0.9643030855,1.0853830795439714,1.151037647,0.9725137957,0.9492245377014187,0.9824538378,1.066814244,1.143224984,1.013548257,1.0527459188042554,1.122177974,1.0446875290514184,1.111315097,1.045308634,1.0877841560173758,1.04828938,0.9820830857031915,0.9447017455,0.9170307425,0.9836227129929077,0.9953989918386523,1.097887927582624,1.015392516,0.9664313761,0.9154061091,0.6810049159,0.9800191619141844,0.9283487331,0.9440686449,0.8774714342312057,0.6156462585,0.6198625283,0.28152588031453896,0.1991174152756383,3.632603077,4.644136198432625,0.041280412057765954,0.0446875,-0.43850480901382977,0.07284758476946951,-0.1184005841,-0.05952935236,0.1569820465,1.986135868,0.4161539874454255,0.81,2131.473555,28.93837283,-4.334610185,0.8889980275676952,0.6845995323817021,1.3907987367042554,-1.809740532,0.3949605066559954,-0.16740066906518794,-0.21229562357010498,-0.7422368534921986,-0.1644850658,0.3809179098,-0.3172304735,16.0344346,4.169084296134752,9.019891914145392,9.344086562957447,0.0,18.19910121,45.646522313333335,34.65994183,0.1360091594,32.24398834,0.08937926059,4.794537184,24.9198926,5.733667477,16.123639934297874,6.838650666432625,22.64523548,1.3870471091808512,0.0,0.0,11.46922204,0.5120103576595745,0.0,1.7097681279748227,0.9415251031170212,-0.4665311897,4.272978723404255,5.687386275,30.82707233,6.544756406,6.9237372,4.874959471,2.5526396382127663,5.391845875,0.9490765134113476,0.0,0.0,0.033668482947943265,556.093109458156,79.05367202301419,122.47,4.3393117083241135,2.382704181,0.0,0.8291328182,0.013554159652021275,0.39325319552705673,0.08505527698,0.0,0.5490650829230498,32.00740331,2.4160638297872343
146.1247147,151.1860971,3.272713911141844,3.587033504244681,158.7179693,222.28522649609928,158.6785616,3.371900826,159.4257582,2.744929453,2.780939476,0.016601520787276593,48.76662659,0.4787878788,0.01515151515,1.654040529,86.76923015042554,11.32441701,64.76680384,-8.49382716,-4.059880343654929,-53.96707819,0.6855377302,0.432423611443617,-5.56,15.242407685106382,10.701758785141843,5.70477858691844,1.1150805523631204,2.123059313,0.9254475639,0.0038,2.4164533223333335,4.9659163038191485,12.502109570932625,57.3051773,0.0,16.626085250723403,0.02121212121,-0.09328502273886526,0.02770562771,0.7571428571,1.4557518449503546,0.6424311093,0.4684334539,1.193380188,0.8329574266,1.15952663,1.120631709,0.8630156722989362,1.21712373,0.5735563184,0.9297753277,0.9908573102,1.0853830795439714,1.08262818,0.9367748703,0.9492245377014187,0.7354402211,1.136644661,1.095910684,1.106012103,1.0527459188042554,1.158449171,1.0446875290514184,1.129738505,1.046671151,1.0877841560173758,1.001028816,0.9820830857031915,0.979257006,0.6014069537,0.9836227129929077,0.9953989918386523,1.097887927582624,1.110977255,0.9470969825,0.9256106712,0.9957910982,0.9800191619141844,1.090981533,0.9988111824,0.8774714342312057,0.5731972789,0.6606788549,0.28152588031453896,0.1991174152756383,3.631828189,4.644136198432625,0.041280412057765954,0.04393617021,-0.43850480901382977,0.07284758476946951,0.04574526033,-0.08135202692,-0.02560021309,2.026312773,0.4161539874454255,1.13,3358.107916,31.66904098,-2.969454678,0.8889980275676952,0.6845995323817021,1.3907987367042554,-1.710474999,0.3949605066559954,-0.16740066906518794,-0.21229562357010498,-0.7422368534921986,-0.3975811033,0.4440482265,-0.2810697766,10.30076712,4.169084296134752,9.019891914145392,9.344086562957447,5.261891555,19.05647134,45.646522313333335,46.29261463,0.1593193784,26.0493072,0.0708162659,0.0,24.9198926,0.0,16.123639934297874,6.838650666432625,28.71445679,1.3870471091808512,0.0,0.0,0.0,0.5120103576595745,0.0,1.7097681279748227,0.9415251031170212,0.0,4.272978723404255,5.687386275,24.9198926,12.96557803,11.33111287,4.877336081,2.5526396382127663,0.0,0.9490765134113476,0.0,0.0,0.033668482947943265,556.093109458156,79.05367202301419,103.17,4.3393117083241135,2.591937797,0.0,0.7323949012,0.013554159652021275,0.39325319552705673,0.06541342195,0.0,0.5490650829230498,30.95983989,2.4160638297872343
151.5397617,157.5474193,3.272713911141844,3.587033504244681,163.9182458,222.28522649609928,164.7179547,3.53271028,165.1169809,3.143637227,3.385135135,0.016601520787276593,46.38335578,0.46359447,0.04838709677,1.493241297,86.76923015042554,8.5936,53.6384,-11.4772,-4.059880343654929,-30.0544,0.6894086529,0.432423611443617,-4.25,15.242407685106382,10.701758785141843,5.70477858691844,1.1150805523631204,1.662708558,0.6081274391,0.0196,2.4164533223333335,4.9659163038191485,12.502109570932625,5.57310453,18.19910121,16.626085250723403,0.03640552995,-0.09328502273886526,0.04960693955,0.812605042,1.4557518449503546,0.7566673934,0.4694502873,1.083167515,0.8474360554,1.175789659,1.139452075,0.8630156722989362,1.097325073,0.5823498062,0.9144217359,1.004889248,1.0853830795439714,1.080961164,0.9860373438,0.9492245377014187,0.9626907703,1.054019491,1.017239667,0.914501734,1.0527459188042554,1.10068275,1.0446875290514184,1.073344015,1.040100864,1.0877841560173758,0.8885699107,0.9820830857031915,0.9266635793,0.6829368466,0.9836227129929077,0.9953989918386523,1.097887927582624,1.047397192,0.9223260991,0.9385948302,0.9752887061,0.9800191619141844,1.006720808,1.007875642,0.8774714342312057,0.7112018141,0.6163548753,0.28152588031453896,0.1991174152756383,3.981147632,4.644136198432625,0.041280412057765954,0.04241975309,-0.43850480901382977,0.07284758476946951,0.06624173245,-0.02694792288,-0.06311020323,1.752997727,0.4161539874454255,2.78,2853.022347,30.56534244,-3.910720297,0.8889980275676952,0.6845995323817021,1.3907987367042554,-1.724644867,0.3949605066559954,-0.16740066906518794,-0.21229562357010498,-0.7422368534921986,-0.1041850566,0.3323877145,-0.1540221275,10.30076712,4.169084296134752,9.019891914145392,9.344086562957447,0.0,18.20875424,45.646522313333335,29.31392667,0.1391792811,36.58182932,0.07010002312,8.780830095,25.38663948,4.992404733,16.123639934297874,6.838650666432625,11.38785599,1.3870471091808512,0.0,0.0,0.0,0.5120103576595745,0.0,1.7097681279748227,0.9415251031170212,0.806811067,4.272978723404255,14.46821637,32.46515906,6.544756406,18.55817888,4.865265677,2.5526396382127663,0.0,0.9490765134113476,0.0,0.0,0.033668482947943265,556.093109458156,79.05367202301419,81.23,4.3393117083241135,1.992124129,0.0,0.8053607425,0.013554159652021275,0.39325319552705673,0.08374028396,0.0,0.5490650829230498,29.32088182,2.4160638297872343
145.6756489,152.3692317,3.272713911141844,3.587033504244681,156.7243031,222.28522649609928,158.5660927,3.369369369,159.4311695,2.820304818,2.793756146,0.016601520787276593,48.00479604,0.4731182796,0.01612903226,1.622721684,86.76923015042554,9.9336,59.6336,-10.1108,-4.059880343654929,-1.5408,0.6841461785,0.432423611443617,-5.23,15.242407685106382,10.701758785141843,5.70477858691844,1.1150805523631204,1.978490264,0.959483369,0.00449,2.4164533223333335,4.9659163038191485,12.502109570932625,40.03047287,0.0,16.626085250723403,0.02688172043,-0.09328502273886526,0.01606182796,0.7979166667,1.4557518449503546,0.6667444211,0.4928543905,1.253901445,0.8579165357,1.263143658,1.146201083,0.8630156722989362,1.126765514,0.6367795801,0.8542836326,0.9479241672,1.0853830795439714,1.104689293,1.036446104,0.9492245377014187,0.7493841166,1.034176102,1.105811125,0.9985451631,1.0527459188042554,1.127544619,1.0446875290514184,1.119860331,0.9749229542,1.0877841560173758,1.086820551,0.9820830857031915,0.8720432635,0.6671579862,0.9836227129929077,0.9953989918386523,1.097887927582624,1.022812614,1.096381135,1.135496843,0.89754036,0.9800191619141844,0.9796886227,0.9783350062,0.8774714342312057,0.5723809524,0.5755385488,0.28152588031453896,0.1991174152756383,3.665365926,4.644136198432625,0.041280412057765954,0.04273901809,-0.43850480901382977,0.07284758476946951,-0.01323283817,-0.06183612388,0.001028379954,1.993581034,0.4161539874454255,1.56,1801.206755,28.28848451,-3.062389242,0.8889980275676952,0.6845995323817021,1.3907987367042554,-1.966806931,0.3949605066559954,-0.16740066906518794,-0.21229562357010498,-0.7422368534921986,-0.6798670227,0.7196377646,-0.3665019633,14.79051451,4.169084296134752,9.019891914145392,9.344086562957447,5.261891555,6.066367068,45.646522313333335,29.55874348,0.1732788131,148.1751399,0.08816961431,9.473725908,14.53505669,0.0,16.123639934297874,6.838650666432625,34.77396375,1.3870471091808512,0.0,0.0,0.0,0.5120103576595745,0.0,1.7097681279748227,0.9415251031170212,0.0,4.272978723404255,5.687386275,21.327999,6.544756406,18.25485007,4.848604167,2.5526396382127663,0.0,0.9490765134113476,10.9890741,0.0,0.033668482947943265,556.093109458156,79.05367202301419,84.99,4.3393117083241135,2.72396651,0.0,0.7585393788,0.013554159652021275,0.39325319552705673,0.06274916425,0.0,0.5490650829230498,31.26935238,2.4160638297872343
144.0134583,150.126197,3.272713911141844,3.587033504244681,156.8461685,222.28522649609928,153.5723163,3.865979381,156.7137158,2.356688122,2.087254445,0.016601520787276593,51.04803271,0.4928571429,0.01923076923,1.710001269,86.76923015042554,12.73336939,67.91639792,-20.64196863,-4.059880343654929,-38.35570779,0.679730678,0.432423611443617,-4.76,15.242407685106382,10.701758785141843,5.70477858691844,1.1150805523631204,1.882225511,0.7536365571,0.00255,2.4164533223333335,4.9659163038191485,12.502109570932625,47.37110857,16.82083098,16.626085250723403,0.007142857143,-0.09328502273886526,0.0,0.7879120879,1.4557518449503546,0.5602350279,0.4318447912,1.098254068,0.8150876153,1.314057055,0.9656629185,0.8630156722989362,1.20195393,0.802777227,0.8248936248,1.162451852,1.0853830795439714,1.122979597,0.9005178782,0.9492245377014187,1.07024599,1.142759713,1.026477864,1.104286557,1.0527459188042554,1.277430991,1.0446875290514184,1.254770926,0.9894774431,1.0877841560173758,1.240392507,0.9820830857031915,0.9625365914,1.264429857,0.9836227129929077,0.9953989918386523,1.097887927582624,1.226162045,1.006670644,1.045596152,0.7989429637,0.9800191619141844,1.006643446,0.9886050964,0.8774714342312057,0.6131972789,0.4288548753,0.28152588031453896,0.1991174152756383,3.544039244,4.644136198432625,0.041280412057765954,0.04044973545,-0.43850480901382977,0.07284758476946951,-0.1398244797,-0.1165371515,-0.1514373106,2.125990226,0.4161539874454255,3.15,2177.837598,20.78246748,-2.909144122,0.8889980275676952,0.6845995323817021,1.3907987367042554,-1.147689069,0.3949605066559954,-0.16740066906518794,-0.21229562357010498,-0.7422368534921986,-0.4462850492,0.3119019792,-0.02368572528,0.0,4.169084296134752,9.019891914145392,9.344086562957447,5.098681808,29.8000411,45.646522313333335,21.92719002,0.1910926599,9.627587987,0.08464523789,0.0,19.74844179,0.0,16.123639934297874,6.838650666432625,22.51475897,1.3870471091808512,0.0,0.0,0.0,0.5120103576595745,0.0,1.7097681279748227,0.9415251031170212,0.0,4.272978723404255,0.0,19.74844179,12.96557803,6.9237372,5.000147947,2.5526396382127663,0.0,0.9490765134113476,0.0,0.0,0.033668482947943265,556.093109458156,79.05367202301419,43.6,4.3393117083241135,2.883960967,0.0,0.8170731478,0.013554159652021275,0.39325319552705673,0.2038753515,0.0,0.5490650829230498,27.68479521,2.4160638297872343
146.5993687,154.1669417,3.272713911141844,3.587033504244681,159.7211343,222.28522649609928,160.2334063,3.412371134,157.6714408,2.789948692,2.688571257,0.016601520787276593,51.66154758,0.4942528736,0.0,1.431447135,86.76923015042554,11.87,75.11964444,-5.64,-4.059880343654929,26.19964444,0.6971368173,0.432423611443617,-6.95,15.242407685106382,10.701758785141843,5.70477858691844,1.1150805523631204,1.648447688,0.5652932501,0.00457,2.4164533223333335,4.9659163038191485,12.502109570932625,50.71112305,0.0,16.626085250723403,0.005747126437,-0.09328502273886526,0.03485354097,0.8053763441,1.4557518449503546,0.6650115856,0.4779477044,1.228012266,0.8749425937,0.8909175888,0.9456140351,0.8630156722989362,1.106504655,0.5603797909,0.8701675144,1.07023076,1.0853830795439714,1.034606877,0.8681295929,0.9492245377014187,0.915101555,1.101335129,1.058849269,1.376825005,1.0527459188042554,1.107795261,1.0446875290514184,1.006497601,0.827745925,1.0877841560173758,1.173792156,0.9820830857031915,1.15118977,1.392880882,0.9836227129929077,0.9953989918386523,1.097887927582624,1.065235378,1.038845107,0.8922866148,0.8003754203,0.9800191619141844,0.8960468008,1.050911894,0.8774714342312057,0.6370068027,0.4930909864,0.28152588031453896,0.1991174152756383,3.995408502,4.644136198432625,0.041280412057765954,0.03995833333,-0.43850480901382977,0.07284758476946951,-0.1033774514,-0.1345191316,0.08512529267,2.097914513,0.4161539874454255,1.34,2421.485615,28.99992128,-5.985861375,0.8889980275676952,0.6845995323817021,1.3907987367042554,-0.7117091594,0.3949605066559954,-0.16740066906518794,-0.21229562357010498,-0.7422368534921986,-0.09575072774,0.2428381953,0.2028940593,15.03763008,4.169084296134752,9.019891914145392,9.344086562957447,0.0,19.41092589,45.646522313333335,34.57272627,0.1756174026,36.04326419,0.1589936585,9.531400138,25.25270269,0.0,16.123639934297874,6.838650666432625,21.95893118,1.3870471091808512,3.1530174,0.0,11.85223036,0.5120103576595745,0.0,1.7097681279748227,0.9415251031170212,-0.4359976129,4.272978723404255,4.794537184,32.63603612,11.28161936,6.9237372,4.831551496,2.5526396382127663,0.0,0.9490765134113476,5.145563254,0.0,0.033668482947943265,556.093109458156,79.05367202301419,92.79,4.3393117083241135,4.691401677,0.0,0.8298151429,0.013554159652021275,0.39325319552705673,0.1110709264,0.0,0.5490650829230498,29.79848615,2.4160638297872343
150.1287662,155.577371,3.272713911141844,3.587033504244681,160.8336168,222.28522649609928,160.1387595,3.341463415,162.5521344,2.748106061,2.791894353,0.016601520787276593,47.59726111,0.4707070707,0.0303030303,1.519969228,86.76923015042554,11.33190083,75.49586777,-3.483636364,-4.059880343654929,-2.421487603,0.6904812668,0.432423611443617,-3.54,15.242407685106382,10.701758785141843,5.70477858691844,1.1150805523631204,2.01541337,0.9098018185,0.0997,2.4164533223333335,4.9659163038191485,12.502109570932625,51.71376917,13.26227256,16.626085250723403,0.02929292929,-0.09328502273886526,0.04335016835,0.7768518519,1.4557518449503546,0.7054229688,0.4701755915,1.310822657,0.871503092,0.9983987644,1.141330729,0.8630156722989362,1.247799371,0.5704406583,0.9051268693,1.185920903,1.0853830795439714,1.182222662,0.9763069501,0.9492245377014187,1.312861561,0.9728418609,1.056870471,0.6390663656,1.0527459188042554,1.109865471,1.0446875290514184,1.169295384,1.094277983,1.0877841560173758,0.9583467224,0.9820830857031915,0.9608184825,0.7748292652,0.9836227129929077,0.9953989918386523,1.097887927582624,1.052699229,0.8864739701,0.9262473304,1.1312054,0.9800191619141844,0.9470689873,1.061783366,0.8774714342312057,0.7356462585,0.5130385488,0.28152588031453896,0.1991174152756383,3.765946344,4.644136198432625,0.041280412057765954,0.0399537037,-0.43850480901382977,0.07284758476946951,0.02791545152,-0.06188380767,-0.06019558339,1.980502618,0.4161539874454255,1.49,2410.562961,31.04069865,-3.435346892,0.8889980275676952,0.6845995323817021,1.3907987367042554,-1.670162037,0.3949605066559954,-0.16740066906518794,-0.21229562357010498,-0.7422368534921986,-0.2684374989,0.3533697405,-0.2098917096,15.61755573,4.169084296134752,9.019891914145392,9.344086562957447,5.425791397,18.20875424,45.646522313333335,23.62654039,0.1343410739,33.44055909,0.07858035979,4.794537184,25.38663948,4.992404733,16.123639934297874,6.838650666432625,11.38785599,1.3870471091808512,0.0,0.0,11.33939598,0.5120103576595745,0.0,1.7097681279748227,0.9415251031170212,0.7953104794,4.272978723404255,11.37477255,32.20656318,11.33929359,13.08951281,4.84872166,2.5526396382127663,0.0,0.9490765134113476,0.0,0.0,0.033668482947943265,556.093109458156,79.05367202301419,112.4,4.3393117083241135,3.918105847,0.0,0.8586399347,0.013554159652021275,0.39325319552705673,0.06365387513,0.0,0.5490650829230498,29.638011,2.4160638297872343
145.2099007,150.9997198,3.272713911141844,3.587033504244681,159.6007726,222.28522649609928,160.6028503,3.7,160.1861851,4.12394412,5.584929757,0.016601520787276593,47.18135908,0.4826190476,0.025,1.460883267,86.76923015042554,5.32,35.08,-6.591111111,-4.059880343654929,-28.30567901,0.6844934983,0.432423611443617,-4.23,15.242407685106382,10.701758785141843,5.70477858691844,1.1150805523631204,1.107309365,0.6,0.0436,2.4164533223333335,4.9659163038191485,12.502109570932625,29.69887896,23.46952001,16.626085250723403,0.01738095238,-0.09328502273886526,0.0,0.8673809524,1.4557518449503546,0.6997198007,0.4082961782,0.891441957,0.7736881998,0.9658537332,1.020738204,0.8630156722989362,1.17065636,0.5995147277,0.9814459381,0.8583093994,1.0853830795439714,0.8446876528,0.9941708864,0.9492245377014187,0.7924413668,1.115985009,0.9669628592,0.9613873454,1.0527459188042554,1.355650685,1.0446875290514184,0.9082043996,1.054480569,1.0877841560173758,1.218909838,0.9820830857031915,1.092971536,1.075988583,0.9836227129929077,0.9953989918386523,1.097887927582624,1.20279857,1.068597897,1.281192165,0.7148405057,0.9800191619141844,1.410596581,0.9389262985,0.8774714342312057,0.3673015873,0.3359552154,0.28152588031453896,0.1991174152756383,3.799581231,4.644136198432625,0.041280412057765954,0.04452674897,-0.43850480901382977,0.07284758476946951,-0.05662620013,-0.1550138167,0.1450244576,1.621602104,0.4161539874454255,2.25,539.8377532,19.17433041,-3.185761506,0.8889980275676952,0.6845995323817021,1.3907987367042554,-0.8106417495,0.3949605066559954,-0.16740066906518794,-0.21229562357010498,-0.7422368534921986,0.09260569599,0.02337361608,0.06641800929,0.0,4.169084296134752,9.019891914145392,9.344086562957447,9.614079702,11.33678588,45.646522313333335,0.0,0.2122845906,208.8221789,0.1526629909,9.184952232,14.59805822,0.0,16.123639934297874,6.838650666432625,11.25737949,1.3870471091808512,1.523836425,0.0,11.36712758,0.5120103576595745,0.0,1.7097681279748227,0.9415251031170212,0.0,4.272978723404255,4.390415048,20.88421875,0.0,5.817220841,4.850608614,2.5526396382127663,0.0,0.9490765134113476,0.0,0.0,0.033668482947943265,556.093109458156,79.05367202301419,47.26,4.3393117083241135,0.0,0.0,0.7417047715,0.013554159652021275,0.39325319552705673,0.1539444827,0.0,0.5490650829230498,27.16226232,2.4160638297872343
144.1851809,150.8419307,3.272713911141844,3.587033504244681,157.1409259,222.28522649609928,157.1307331,3.634782609,156.3895983,2.343209877,2.098566308,0.016601520787276593,52.07746353,0.4851851852,0.0,1.785102788,86.76923015042554,15.6122449,84.22907122,-22.40816327,-4.059880343654929,-138.755935,0.6807446078,0.432423611443617,-4.91,15.242407685106382,10.701758785141843,5.70477858691844,1.1150805523631204,2.273263854,1.066625765,0.00274,2.4164533223333335,4.9659163038191485,12.502109570932625,41.98488435,22.20705519,16.626085250723403,0.01481481481,-0.09328502273886526,0.0,0.7592592593,1.4557518449503546,0.5886792453,0.4237798681,1.131625525,0.9097212439,1.291044865,1.006451613,0.8630156722989362,1.189452481,0.7820508886,0.8877379939,1.145307783,1.0853830795439714,1.048971596,0.9769784468,0.9492245377014187,0.977530557,1.191190135,0.9299587479,1.294388551,1.0527459188042554,1.32173913,1.0446875290514184,1.228789108,1.07607442,1.0877841560173758,1.223242147,0.9820830857031915,1.069253308,1.169309747,0.9836227129929077,0.9953989918386523,1.097887927582624,1.309652846,0.9765857501,1.01391603,1.07729835,0.9800191619141844,1.242377808,0.9516078848,0.8774714342312057,0.5251247166,0.4453656463,0.28152588031453896,0.1991174152756383,3.34144599,4.644136198432625,0.041280412057765954,0.03528395062,-0.43850480901382977,0.07284758476946951,-0.0723920825,-0.1537992578,-0.1695336829,2.151216564,0.4161539874454255,3.09,2086.58422,14.69025353,-4.575509382,0.8889980275676952,0.6845995323817021,1.3907987367042554,-1.338907896,0.3949605066559954,-0.16740066906518794,-0.21229562357010498,-0.7422368534921986,-0.1111993468,0.2818209518,0.04606378681,0.0,4.169084296134752,9.019891914145392,9.344086562957447,5.098681808,38.11294267,45.646522313333335,11.21062871,0.1811246968,10.62986842,0.08022885623,0.0,19.74844179,0.0,16.123639934297874,6.838650666432625,22.51475897,1.3870471091808512,0.0,0.0,0.0,0.5120103576595745,0.0,1.7097681279748227,0.9415251031170212,0.0,4.272978723404255,0.0,19.74844179,12.96557803,0.0,4.998950662,2.5526396382127663,0.0,0.9490765134113476,0.0,0.0,0.033668482947943265,556.093109458156,79.05367202301419,43.6,4.3393117083241135,5.33564435,0.0,0.9048170651,0.013554159652021275,0.39325319552705673,0.2052184453,0.0,0.5490650829230498,29.28526947,2.4160638297872343
151.5257649,157.2635962,3.272713911141844,3.587033504244681,163.5218903,222.28522649609928,164.3794591,3.355555556,161.3458172,3.605429293,3.680365297,0.016601520787276593,43.49756155,0.4573129252,0.05357142857,1.426901074,86.76923015042554,9.346938776,49.0,3.859410431,-4.059880343654929,36.77777778,0.7026070582,0.432423611443617,-4.06,15.242407685106382,10.701758785141843,5.70477858691844,1.1150805523631204,1.62628006,0.8337988097,0.0316,2.4164533223333335,4.9659163038191485,12.502109570932625,18.19910121,24.12316206,16.626085250723403,0.04268707483,-0.09328502273886526,0.03951247166,0.8531746032,1.4557518449503546,0.6710431655,0.4052873563,1.054130241,0.8267878547,0.9874788557,1.032374101,0.8630156722989362,1.072343379,0.5953059769,0.8556774354,1.11485472,1.0853830795439714,1.012147335,1.026409886,0.9492245377014187,0.9977456833,1.090129795,1.029778526,1.131097181,1.0527459188042554,1.109802158,1.0446875290514184,0.8093704142,0.9731562305,1.0877841560173758,1.027356322,0.9820830857031915,1.13426717,0.8326726416,0.9836227129929077,0.9953989918386523,1.097887927582624,1.054320141,0.8210777852,0.945896658,0.9810562833,0.9800191619141844,0.9005668399,0.8904870432,0.8774714342312057,0.5968253968,0.3211805556,0.28152588031453896,0.1991174152756383,3.766037363,4.644136198432625,0.041280412057765954,0.03952020202,-0.43850480901382977,0.07284758476946951,-0.05537400896,-0.06680925073,-0.06967460441,1.686829229,0.4161539874454255,2.75,1859.334395,16.17687259,-2.922220665,0.8889980275676952,0.6845995323817021,1.3907987367042554,-1.904626993,0.3949605066559954,-0.16740066906518794,-0.21229562357010498,-0.7422368534921986,-0.1552706544,0.3627522401,-0.09845408509,10.63357721,4.169084296134752,9.019891914145392,9.344086562957447,9.780484743,0.0,45.646522313333335,17.57815784,0.1524828092,14.02949913,0.1475073878,13.57536728,25.06523039,0.0,16.123639934297874,6.838650666432625,11.25737949,1.3870471091808512,0.0,0.0,12.0483115,0.5120103576595745,0.0,1.7097681279748227,0.9415251031170212,-0.4136118403,4.272978723404255,24.95013983,32.82722828,0.0,11.63444168,4.877473763,2.5526396382127663,0.0,0.9490765134113476,0.0,0.0,0.033668482947943265,556.093109458156,79.05367202301419,84.73,4.3393117083241135,0.0,1.501980667,0.6258641428,0.013554159652021275,0.39325319552705673,0.08765981412,0.0,0.5490650829230498,33.15383706,2.4160638297872343
147.4612651,157.7221058,3.272713911141844,3.587033504244681,159.9476082,222.28522649609928,159.1225334,4.1,162.9607215,5.453186535,4.534979424,0.016601520787276593,43.86052541,0.4843253968,0.0,1.332445565,86.76923015042554,3.752066116,40.2265075,-11.12396694,-4.059880343654929,-81.96755433,0.7040406978,0.432423611443617,-6.27,15.242407685106382,10.701758785141843,5.70477858691844,1.1150805523631204,1.049369409,0.4928685608,0.00251,2.4164533223333335,4.9659163038191485,12.502109570932625,15.91054863,22.67357176,16.626085250723403,0.01567460317,-0.09328502273886526,0.02512698413,0.903047619,1.4557518449503546,0.9346405229,0.3964611406,0.8505278771,0.7117645346,1.066337923,0.9322033898,0.8630156722989362,0.7492637709,0.3591895554,0.7793836392,0.6916775797,1.0853830795439714,0.7824128347,0.5185500431,0.9492245377014187,0.4570906609,0.8466251836,0.9734528773,0.8341697233,1.0527459188042554,1.175490196,1.0446875290514184,0.9434064182,0.9520079746,1.0877841560173758,1.087901579,0.9820830857031915,1.339381988,1.049784255,0.9836227129929077,0.9953989918386523,1.097887927582624,1.329232471,1.424684863,0.9366503436,0.8996855229,0.9800191619141844,1.56203012,1.45619129,0.8774714342312057,0.7413151927,0.5721017574,0.28152588031453896,0.1991174152756383,3.995024711,4.644136198432625,0.041280412057765954,0.05052380952,-0.43850480901382977,0.07284758476946951,-0.02532760127,-0.2289025083,-0.337053202,1.810150227,0.4161539874454255,2.09,2275.114305,30.5186832,-6.198717848,0.8889980275676952,0.6845995323817021,1.3907987367042554,-0.5802035465,0.3949605066559954,-0.16740066906518794,-0.21229562357010498,-0.7422368534921986,-0.309865363,0.155164361,0.1592967637,4.983978521,4.169084296134752,9.019891914145392,9.344086562957447,13.17124514,6.066367068,45.646522313333335,21.4210879,0.1746651557,31.96666154,0.2350145504,13.17124514,19.93591408,0.0,16.123639934297874,6.838650666432625,21.95893118,1.3870471091808512,2.703659126,0.0,0.0,0.5120103576595745,0.0,1.7097681279748227,0.9415251031170212,0.0,4.272978723404255,13.17124514,19.93591408,6.176298517,6.9237372,4.853464981,2.5526396382127663,0.0,0.9490765134113476,0.0,0.0,0.033668482947943265,556.093109458156,79.05367202301419,54.46,4.3393117083241135,1.792035689,0.0,0.8991335537,0.013554159652021275,0.39325319552705673,0.1350287976,0.003018408053,0.5490650829230498,36.71808007,2.4160638297872343
146.2217091,150.9941239,3.272713911141844,3.587033504244681,157.9963401,222.28522649609928,158.5402442,3.428571429,159.9072869,2.784425451,2.87962963,0.016601520787276593,47.91974111,0.478125,0.015625,1.643342141,86.76923015042554,9.852748943,55.5171088,-7.83160323,-4.059880343654929,-23.45905421,0.6848636974,0.432423611443617,-5.11,15.242407685106382,10.701758785141843,5.70477858691844,1.1150805523631204,2.153891597,0.9798856559,0.00688,2.4164533223333335,4.9659163038191485,12.502109570932625,50.88435568,0.0,16.626085250723403,0.021875,-0.09328502273886526,0.02867647059,0.7588235294,1.4557518449503546,0.6668742217,0.4816028966,1.182217953,0.8091796514,1.161434476,1.167654302,0.8630156722989362,1.209208366,0.565111774,0.9053723345,1.029803856,1.0853830795439714,1.128865679,0.9438083753,0.9492245377014187,0.7913171568,1.08711971,1.101271972,1.048155457,1.0527459188042554,1.138392857,1.0446875290514184,1.132323358,1.04259701,1.0877841560173758,1.017586478,0.9820830857031915,0.945187391,0.6112380475,0.9836227129929077,0.9953989918386523,1.097887927582624,1.112031134,0.9473387046,0.956465875,0.9587730547,0.9800191619141844,1.008931429,1.040676543,0.8774714342312057,0.5731972789,0.6198625283,0.28152588031453896,0.1991174152756383,3.518533745,4.644136198432625,0.041280412057765954,0.045,-0.43850480901382977,0.07284758476946951,0.03965672389,-0.08469110507,-0.0283177358,2.004272784,0.4161539874454255,0.92,2240.776417,31.05677271,-3.032394041,0.8889980275676952,0.6845995323817021,1.3907987367042554,-1.691975118,0.3949605066559954,-0.16740066906518794,-0.21229562357010498,-0.7422368534921986,-0.296404184,0.4181105421,-0.3103246066,10.30076712,4.169084296134752,9.019891914145392,9.344086562957447,5.261891555,12.13273414,45.646522313333335,46.29261463,0.1627685423,26.81160078,0.07234939331,0.0,24.9198926,0.0,16.123639934297874,6.838650666432625,28.71445679,1.3870471091808512,0.0,0.0,0.0,0.5120103576595745,0.0,1.7097681279748227,0.9415251031170212,0.0,4.272978723404255,5.687386275,24.9198926,6.544756406,18.25485007,4.874762888,2.5526396382127663,0.0,0.9490765134113476,0.0,0.0,0.033668482947943265,556.093109458156,79.05367202301419,103.17,4.3393117083241135,2.468875052,0.0,0.7702072531,0.013554159652021275,0.39325319552705673,0.06541342195,0.0,0.5490650829230498,32.01951086,2.4160638297872343
145.045857,151.7808163,3.272713911141844,3.587033504244681,154.5847109,222.28522649609928,162.0658088,3.066666667,153.7869852,2.466666667,2.283702409,0.016601520787276593,52.22564214,0.4820512821,0.01923076923,1.737281155,86.76923015042554,18.88696655,91.43252595,-25.21607074,-4.059880343654929,-111.1868512,0.7105510391,0.432423611443617,-5.28,15.242407685106382,10.701758785141843,5.70477858691844,1.1150805523631204,2.368428181,1.346490872,0.0027,2.4164533223333335,4.9659163038191485,12.502109570932625,41.174265,5.693927995,16.626085250723403,0.01794871795,-0.09328502273886526,0.01761633428,0.7580246914,1.4557518449503546,0.7604015041,0.4745684031,1.151053834,0.9811979846,0.8204296587,1.435418941,0.8630156722989362,1.150658022,0.5303073254,0.847892995,0.923798806,1.0853830795439714,1.043212565,1.213894295,0.9492245377014187,0.8992749702,1.08311348,0.9923983499,0.7568720209,1.0527459188042554,1.159934498,1.0446875290514184,0.9381128886,0.8060504642,1.0877841560173758,1.36831172,0.9820830857031915,1.15128987,0.7937709652,0.9836227129929077,0.9953989918386523,1.097887927582624,1.206264518,1.083114681,1.17929948,0.9197600469,0.9800191619141844,1.110483351,0.9984535941,0.8774714342312057,0.8785034014,0.6823270975,0.28152588031453896,0.1991174152756383,3.303997161,4.644136198432625,0.041280412057765954,0.04949864499,-0.43850480901382977,0.07284758476946951,-0.09577186839,-0.004723994585,-0.001318857314,2.055152759,0.4161539874454255,3.06,1856.890625,18.79239773,-3.597444181,0.8889980275676952,0.6845995323817021,1.3907987367042554,-1.302169865,0.3949605066559954,-0.16740066906518794,-0.21229562357010498,-0.7422368534921986,-0.04458693,0.1663626326,0.09362744359,5.106527395,4.169084296134752,9.019891914145392,9.344086562957447,5.098681808,45.89405,45.646522313333335,11.38785599,0.2926393097,124.1941533,0.168850319,5.106527395,14.76446326,5.414990469,16.123639934297874,6.838650666432625,28.26427081,1.3870471091808512,0.0,0.0,0.0,0.5120103576595745,0.0,1.7097681279748227,0.9415251031170212,0.0,4.272978723404255,0.0,19.87099066,12.96557803,5.414990469,4.99633447,2.5526396382127663,0.0,0.9490765134113476,0.0,0.0,0.033668482947943265,556.093109458156,79.05367202301419,50.94,4.3393117083241135,9.890925645,0.0,1.762182231,0.013554159652021275,0.39325319552705673,0.4665289338,0.1020620726,0.5490650829230498,28.37327328,2.4160638297872343
149.6517217,156.7887235,3.272713911141844,3.587033504244681,165.1300249,222.28522649609928,161.1284905,3.280898876,163.1065269,2.793103448,2.854642314,0.016601520787276593,47.50931806,0.4686813187,0.03846153846,1.51914289,86.76923015042554,11.26608978,74.27852893,1.135208221,-4.059880343654929,75.41319632,0.6959864369,0.432423611443617,-3.57,15.242407685106382,10.701758785141843,5.70477858691844,1.1150805523631204,1.682895999,0.7237073367,0.0436,2.4164533223333335,4.9659163038191485,12.502109570932625,34.64685839,6.066367068,16.626085250723403,0.03131868132,-0.09328502273886526,0.01982091982,0.8153439153,1.4557518449503546,0.6450498108,0.3869798971,1.170095256,0.9001993602,1.31642711,1.044650369,0.8630156722989362,1.250283439,0.6101764648,0.853075442,1.322431658,1.0853830795439714,1.039052346,0.8916500422,0.9492245377014187,0.9604706502,1.026194743,1.005423611,0.9095742073,1.0527459188042554,1.297543257,1.0446875290514184,1.067359088,1.036944541,1.0877841560173758,1.266190829,0.9820830857031915,1.049558482,1.485893777,0.9836227129929077,0.9953989918386523,1.097887927582624,0.9712334693,0.9758674735,1.070124523,1.016702807,0.9800191619141844,0.7252172632,0.8242227403,0.8774714342312057,0.5111564626,0.2803996599,0.28152588031453896,0.1991174152756383,3.743368755,4.644136198432625,0.041280412057765954,0.04253753754,-0.43850480901382977,0.07284758476946951,-0.1940148838,-0.08331887009,0.08640454012,1.907275554,0.4161539874454255,1.75,1305.357101,24.2729562,-2.989518449,0.8889980275676952,0.6845995323817021,1.3907987367042554,-1.516796498,0.3949605066559954,-0.16740066906518794,-0.21229562357010498,-0.7422368534921986,-0.1333143151,0.3854469559,-0.08393550899,5.316788604,4.169084296134752,9.019891914145392,9.344086562957447,5.098681808,0.0,45.646522313333335,17.57815784,0.1832797149,32.21497008,0.08637282833,4.390415048,24.73242031,0.0,16.123639934297874,6.838650666432625,11.38785599,1.3870471091808512,0.0,0.0,0.0,0.5120103576595745,0.0,1.7097681279748227,0.9415251031170212,0.0,4.272978723404255,15.7651876,24.73242031,6.544756406,12.74095804,4.83287049,2.5526396382127663,0.0,0.9490765134113476,0.0,0.0,0.033668482947943265,556.093109458156,79.05367202301419,68.52,4.3393117083241135,4.618875901,0.0,0.6617085363,0.013554159652021275,0.39325319552705673,0.05720369498,0.0,0.5490650829230498,28.33828488,2.4160638297872343
144.7629259,147.7589175,3.272713911141844,3.587033504244681,153.50475,222.28522649609928,153.9041889,3.307692308,157.9388272,2.595588235,2.598870056,0.016601520787276593,49.22976446,0.4826086957,0.0,1.735372024,86.76923015042554,6.734842951,26.51862673,-1.685902118,-4.059880343654929,-0.1607012418,0.6732572563,0.432423611443617,-3.87,15.242407685106382,10.701758785141843,5.70477858691844,1.1150805523631204,2.434591481,1.11403462,0.0207,2.4164533223333335,4.9659163038191485,12.502109570932625,33.77213846,0.0,16.626085250723403,0.01739130435,-0.09328502273886526,0.01956521739,0.75,1.4557518449503546,0.5911242604,0.563096817,0.97878136,0.7846235028,1.233316744,1.079036348,0.8630156722989362,1.152129437,1.03106203,0.9533476093,0.8490926167,1.0853830795439714,1.017292389,0.975662232,0.9492245377014187,0.8978491903,1.040318302,1.155467498,0.9035789474,1.0527459188042554,1.086253983,1.0446875290514184,1.053043714,0.9340563371,1.0877841560173758,1.090552143,0.9820830857031915,1.007845284,1.115573061,0.9836227129929077,0.9953989918386523,1.097887927582624,0.9179279139,0.9989757454,1.090007646,0.9127689359,0.9800191619141844,1.025513645,1.077909055,0.8774714342312057,0.2586394558,0.1962159864,0.28152588031453896,0.1991174152756383,2.774861885,4.644136198432625,0.041280412057765954,0.02134680135,-0.43850480901382977,0.07284758476946951,-0.1005165051,0.09118856424,0.07486897859,2.076018519,0.4161539874454255,1.91,1329.437404,20.9493021,-2.789726047,0.8889980275676952,0.6845995323817021,1.3907987367042554,-1.178525788,0.3949605066559954,-0.16740066906518794,-0.21229562357010498,-0.7422368534921986,-0.09450641028,0.3661234005,-0.2843668516,0.0,4.169084296134752,9.019891914145392,9.344086562957447,5.098681808,36.39820241,45.646522313333335,11.38785599,0.1934537568,53.96419523,0.1287815026,0.0,20.16532066,0.0,16.123639934297874,6.838650666432625,33.77213846,1.3870471091808512,0.0,0.0,0.0,0.5120103576595745,0.0,1.7097681279748227,0.9415251031170212,0.0,4.272978723404255,0.0,20.16532066,0.0,0.0,4.808350992,2.5526396382127663,0.0,0.9490765134113476,0.0,0.0,0.033668482947943265,556.093109458156,79.05367202301419,54.46,4.3393117083241135,0.0,0.0,0.4238365946,0.013554159652021275,0.39325319552705673,0.0761440227,0.0,0.5490650829230498,30.60576651,2.4160638297872343
144.7227279,147.4050701,3.272713911141844,3.587033504244681,155.2240072,222.28522649609928,159.9378992,3.534883721,154.4561001,3.873677249,3.404320988,0.016601520787276593,46.23770573,0.4686067019,0.01851851852,1.639376376,86.76923015042554,6.431290898,25.69303986,-7.850684117,-4.059880343654929,26.10826889,0.6963983015,0.432423611443617,-4.98,15.242407685106382,10.701758785141843,5.70477858691844,1.1150805523631204,2.190931349,1.160085922,0.00673,2.4164533223333335,4.9659163038191485,12.502109570932625,11.12690298,24.26546827,16.626085250723403,0.03139329806,-0.09328502273886526,0.03741409718,0.805090312,1.4557518449503546,0.7253674469,0.495530168,0.9275797067,0.7567441633,0.7177619018,1.150452718,0.8630156722989362,1.073783433,0.4825250131,0.9711726078,0.7433106859,1.0853830795439714,1.036737698,1.104481501,0.9492245377014187,0.8028411052,1.161312321,1.004902277,0.9775436168,1.0527459188042554,1.094322982,1.0446875290514184,0.7977153753,0.7845234312,1.0877841560173758,0.9090909091,0.9820830857031915,0.9408536473,0.41702611,0.9836227129929077,0.9953989918386523,1.097887927582624,0.8598944628,0.8818053521,1.074461045,0.8252219138,0.9800191619141844,0.8661781211,0.9201523475,0.8774714342312057,0.4570521542,0.2795493197,0.28152588031453896,0.1991174152756383,3.166620655,4.644136198432625,0.041280412057765954,0.03757834758,-0.43850480901382977,0.07284758476946951,0.0584850184,0.08927022399,-0.03699110817,1.873950546,0.4161539874454255,2.78,1771.427832,25.04206361,-3.050304278,0.8889980275676952,0.6845995323817021,1.3907987367042554,-1.346285933,0.3949605066559954,-0.16740066906518794,-0.21229562357010498,-0.7422368534921986,-0.239957759,0.343601045,-0.205236377,10.09050592,4.169084296134752,9.019891914145392,9.344086562957447,0.0,18.19910121,45.646522313333335,22.64523548,0.2140199639,133.7769021,0.1501865618,14.29147963,14.95193556,0.0,16.123639934297874,6.838650666432625,34.03309147,1.3870471091808512,0.0,0.0,11.04215076,0.5120103576595745,0.0,1.7097681279748227,0.9415251031170212,-0.9841012049,4.272978723404255,4.390415048,26.02776825,0.0,5.817220841,4.814805348,2.5526396382127663,0.0,0.9490765134113476,0.0,0.0,0.033668482947943265,556.093109458156,79.05367202301419,78.87,4.3393117083241135,0.0,0.0,0.5974907466,0.013554159652021275,0.39325319552705673,0.08259517058,0.0,0.5490650829230498,33.70273077,2.4160638297872343
142.568784,147.0264186,3.272713911141844,3.587033504244681,150.228361,222.28522649609928,156.1724908,3.465517241,159.8089967,2.506858711,2.574133074,0.016601520787276593,51.19414657,0.5112554113,0.02272727273,1.613859381,86.76923015042554,6.387543253,37.25823401,-10.49134948,-4.059880343654929,-42.15075398,0.6865492513,0.432423611443617,-6.13,15.242407685106382,10.701758785141843,5.70477858691844,1.1150805523631204,1.743653309,0.9045555148,0.000727,2.4164533223333335,4.9659163038191485,12.502109570932625,31.81196091,5.563451492,16.626085250723403,0.0,-0.09328502273886526,0.0,0.7978354978,1.4557518449503546,0.702740662,0.5496909568,0.9601897125,0.7324090131,1.054521134,1.076825843,0.8630156722989362,1.168403169,0.9764116598,0.7950806361,0.9514008569,1.0853830795439714,0.9484975008,1.072127304,0.9492245377014187,1.01926616,0.9355006689,1.140327832,1.03888694,1.0527459188042554,1.046033514,1.0446875290514184,1.156503074,0.8949825732,1.0877841560173758,1.28728987,0.9820830857031915,1.429588173,1.590509625,0.9836227129929077,0.9953989918386523,1.097887927582624,1.498679609,0.9274549705,1.141796019,0.7659585896,0.9800191619141844,1.328864352,0.7764336092,0.8774714342312057,0.3788208617,0.3411635488,0.28152588031453896,0.1991174152756383,3.343809532,4.644136198432625,0.041280412057765954,0.04555555556,-0.43850480901382977,0.07284758476946951,-0.1232475129,-0.06048862328,-0.3969541693,2.137281307,0.4161539874454255,4.07,390.8279117,23.86903746,-4.431175036,0.8889980275676952,0.6845995323817021,1.3907987367042554,-0.4233779371,0.3949605066559954,-0.16740066906518794,-0.21229562357010498,-0.7422368534921986,-0.2706113907,0.3611107697,-0.1605658084,0.0,4.169084296134752,9.019891914145392,9.344086562957447,5.098681808,58.8330126,45.646522313333335,11.89077157,0.1752600273,98.50396462,0.1713114299,0.0,14.59805822,0.0,16.123639934297874,6.838650666432625,21.82845468,1.3870471091808512,1.592402954,0.0,0.0,0.5120103576595745,0.0,1.7097681279748227,0.9415251031170212,0.0,4.272978723404255,0.0,14.59805822,0.0,6.9237372,4.773957061,2.5526396382127663,0.0,0.9490765134113476,0.0,0.0,0.033668482947943265,556.093109458156,79.05367202301419,30.19,4.3393117083241135,2.084179544,0.0,0.9040054457,0.013554159652021275,0.39325319552705673,0.09878289721,0.0,0.5490650829230498,29.43827486,2.4160638297872343
145.9770422,152.953981,3.272713911141844,3.587033504244681,152.6842497,222.28522649609928,157.4450447,3.345132743,164.3073057,2.631858711,2.624958292,0.016601520787276593,51.38666017,0.4913978495,0.01612903226,1.606975805,86.76923015042554,13.71306515,79.47213322,-8.124599502,-4.059880343654929,-37.51675171,0.6894086529,0.432423611443617,-6.04,15.242407685106382,10.701758785141843,5.70477858691844,1.1150805523631204,2.104484741,1.194041746,0.00148,2.4164533223333335,4.9659163038191485,12.502109570932625,45.37412621,16.69035448,16.626085250723403,0.008602150538,-0.09328502273886526,0.01518817204,0.7708333333,1.4557518449503546,0.663694868,0.4977187343,1.160368181,0.8593066484,1.005233256,1.126869159,0.8630156722989362,1.018835717,0.786586176,0.7802333168,1.119522259,1.0853830795439714,1.033742759,1.129072193,0.9492245377014187,1.13598634,1.029176312,1.079834249,0.9583783785,1.0527459188042554,0.9829832107,1.0446875290514184,1.329678525,1.32374746,1.0877841560173758,0.8970563132,0.9820830857031915,0.8180613897,1.173372775,0.9836227129929077,0.9953989918386523,1.097887927582624,0.9653634742,1.146837014,1.260601618,1.156194186,0.9800191619141844,1.080027722,1.020986166,0.8774714342312057,0.696462585,0.5130385488,0.28152588031453896,0.1991174152756383,3.623435714,4.644136198432625,0.041280412057765954,0.04419753086,-0.43850480901382977,0.07284758476946951,-0.009400924818,0.204855339,-0.001069349544,2.204546418,0.4161539874454255,3.25,2128.759623,26.14319643,-4.681897176,0.8889980275676952,0.6845995323817021,1.3907987367042554,-1.321207125,0.3949605066559954,-0.16740066906518794,-0.21229562357010498,-0.7422368534921986,-0.3160646832,0.214884952,0.2585630642,5.316788604,4.169084296134752,9.019891914145392,9.344086562957447,5.425791397,52.80517724,45.646522313333335,10.57107519,0.1655533624,24.93919058,0.1023502624,0.0,20.40266096,4.992404733,16.123639934297874,6.838650666432625,11.38785599,1.3870471091808512,1.628356245,0.0,0.0,0.5120103576595745,0.0,1.7097681279748227,0.9415251031170212,1.035422336,4.272978723404255,5.13155848,21.31540493,6.544756406,26.93698721,4.84886367,2.5526396382127663,0.0,0.9490765134113476,0.0,0.0,0.033668482947943265,556.093109458156,79.05367202301419,67.51,4.3393117083241135,6.966363136,0.0,1.189562466,0.013554159652021275,0.39325319552705673,0.1146045727,0.0,0.5490650829230498,33.67938053,2.4160638297872343
143.9205754,148.497033,3.272713911141844,3.587033504244681,155.7072841,222.28522649609928,157.6903983,3.638554217,156.1471078,2.775983348,2.513594118,0.016601520787276593,49.36971113,0.4938271605,0.01851851852,1.645994822,86.76923015042554,8.611111111,47.5648778,-11.11111111,-4.059880343654929,-49.07432603,0.6747025075,0.432423611443617,-5.7,15.242407685106382,10.701758785141843,5.70477858691844,1.1150805523631204,1.971019137,1.017358475,0.00211,2.4164533223333335,4.9659163038191485,12.502109570932625,44.70847628,0.0,16.626085250723403,0.006172839506,-0.09328502273886526,0.01728395062,0.7666666667,1.4557518449503546,0.6357555488,0.4925806497,1.097914098,0.7586816813,0.928830155,1.046116046,0.8630156722989362,1.162316982,0.806176138,0.8736319481,1.359112878,1.0853830795439714,1.046212291,1.069299139,0.9492245377014187,1.059650804,1.096330246,1.153244123,1.134986036,1.0527459188042554,1.09849187,1.0446875290514184,1.001694662,0.9087220074,1.0877841560173758,1.262825586,0.9820830857031915,0.7062011674,1.36756626,0.9836227129929077,0.9953989918386523,1.097887927582624,1.087030257,0.9636005185,0.9363242298,0.8892957006,0.9800191619141844,1.06378838,0.945521376,0.8774714342312057,0.4734240363,0.3871527778,0.28152588031453896,0.1991174152756383,3.421298286,4.644136198432625,0.041280412057765954,0.03834795322,-0.43850480901382977,0.07284758476946951,-0.3256048181,0.007166955336,-0.2231714005,2.091736636,0.4161539874454255,2.83,2341.143937,30.25372769,-4.349804826,0.8889980275676952,0.6845995323817021,1.3907987367042554,-1.364894195,0.3949605066559954,-0.16740066906518794,-0.21229562357010498,-0.7422368534921986,-0.2638964467,0.3145197949,-0.1177401881,5.316788604,4.169084296134752,9.019891914145392,9.344086562957447,0.0,24.26546827,45.646522313333335,21.41454618,0.1884334693,20.66219208,0.1109721935,0.0,15.28474565,4.992404733,16.123639934297874,6.838650666432625,0.0,1.3870471091808512,1.623420283,0.0,0.0,0.5120103576595745,0.0,1.7097681279748227,0.9415251031170212,0.6099706843,4.272978723404255,11.37477255,15.80357683,0.0,13.08951281,4.903407469,2.5526396382127663,0.0,0.9490765134113476,0.0,0.0,0.033668482947943265,556.093109458156,79.05367202301419,64.27,4.3393117083241135,1.966259719,0.0,0.7609291239,0.013554159652021275,0.39325319552705673,0.09332482137,0.0,0.5490650829230498,31.3110809,2.4160638297872343
147.1889596,150.5716193,3.272713911141844,3.587033504244681,153.3000036,222.28522649609928,156.5291915,3.472727273,157.0717226,3.905328798,3.804257529,0.016601520787276593,45.48331132,0.4644444444,0.01666666667,1.557441303,86.76923015042554,10.59924386,39.74102079,-11.68809074,-4.059880343654929,-35.96030246,0.6888187153,0.432423611443617,-4.4,15.242407685106382,10.701758785141843,5.70477858691844,1.1150805523631204,2.017017473,0.9830278467,0.0292,2.4164533223333335,4.9659163038191485,12.502109570932625,0.0,4.681802935,16.626085250723403,0.03555555556,-0.09328502273886526,0.05050505051,0.8050505051,1.4557518449503546,0.6291793313,0.4916131253,1.035286165,0.7707667714,1.060415245,1.077760892,0.8630156722989362,1.106167404,0.5904261633,0.8555152636,0.7549113867,1.0853830795439714,1.000354625,1.142212589,0.9492245377014187,0.8753185132,1.047029998,1.19186736,1.101000288,1.0527459188042554,1.029566179,1.0446875290514184,0.9991903616,0.8821284576,1.0877841560173758,0.9582893529,0.9820830857031915,0.8639818236,1.008770503,0.9836227129929077,0.9953989918386523,1.097887927582624,0.9766345731,0.9850828399,1.070424328,0.922099812,0.9800191619141844,1.03765017,0.9372538201,0.8774714342312057,0.6815419501,0.454010771,0.28152588031453896,0.1991174152756383,3.506544483,4.644136198432625,0.041280412057765954,0.04024305556,-0.43850480901382977,0.07284758476946951,-0.0008832956259,0.005339956495,0.08903173059,1.850266211,0.4161539874454255,1.9,2079.53101,28.59171415,-3.363356727,0.8889980275676952,0.6845995323817021,1.3907987367042554,-1.700926633,0.3949605066559954,-0.16740066906518794,-0.21229562357010498,-0.7422368534921986,-0.4891252624,0.2840054021,-0.4165042679,15.20739338,4.169084296134752,9.019891914145392,9.344086562957447,0.0,12.13273414,45.646522313333335,22.63869376,0.1536183472,166.0474505,0.09459016054,14.26826309,14.76446326,5.733667477,16.123639934297874,6.838650666432625,39.70116891,1.3870471091808512,0.0,0.0,24.77564615,0.5120103576595745,0.0,1.7097681279748227,0.9415251031170212,-0.5318461614,4.272978723404255,0.0,27.4645853,0.0,0.0,4.91143227,2.5526396382127663,5.31165637,0.9490765134113476,10.84841365,0.0,0.033668482947943265,556.093109458156,79.05367202301419,112.23,4.3393117083241135,0.1482791863,0.0,0.7090739295,0.013554159652021275,0.39325319552705673,0.1275821809,0.0,0.5490650829230498,33.15744284,2.4160638297872343
144.1027622,150.3402747,3.272713911141844,3.587033504244681,157.2832898,222.28522649609928,158.2228931,3.753846154,154.7643358,2.794797178,2.942307692,0.016601520787276593,50.02006968,0.49138322,0.02380952381,1.606288741,86.76923015042554,6.644628099,38.23385369,-3.049586777,-4.059880343654929,35.15559637,0.6778019067,0.432423611443617,-3.8,15.242407685106382,10.701758785141843,5.70477858691844,1.1150805523631204,1.68640862,0.7167116501,0.0287,2.4164533223333335,4.9659163038191485,12.502109570932625,40.09928197,12.13273414,16.626085250723403,0.008616780045,-0.09328502273886526,0.0,0.8229024943,1.4557518449503546,0.6111111111,0.449132869,0.9994501054,0.7963795128,1.176492564,0.9166666667,0.8630156722989362,1.080802063,0.5735961645,0.9313135829,1.021465435,1.0853830795439714,1.051293869,0.9801829355,0.9492245377014187,0.9090066247,1.258961491,0.8785771904,0.9275138058,1.0527459188042554,1.379881657,1.0446875290514184,0.8789046908,0.8808674439,1.0877841560173758,1.02689219,0.9820830857031915,1.207712225,0.6093650198,0.9836227129929077,0.9953989918386523,1.097887927582624,0.8366360391,0.999384296,1.335756738,0.3819553817,0.9800191619141844,0.9559527936,1.171450206,0.8774714342312057,0.2719274376,0.2777777778,0.28152588031453896,0.1991174152756383,3.3579855,4.644136198432625,0.041280412057765954,0.04094444444,-0.43850480901382977,0.07284758476946951,-0.02647993937,0.0763616943,-0.01540645135,1.954116119,0.4161539874454255,2.52,1654.378846,19.98217491,-3.695747383,0.8889980275676952,0.6845995323817021,1.3907987367042554,-0.7633718554,0.3949605066559954,-0.16740066906518794,-0.21229562357010498,-0.7422368534921986,0.00284819115,0.07937513201,0.00896802514,4.567099648,4.169084296134752,9.019891914145392,9.344086562957447,0.0,17.82825202,45.646522313333335,11.38785599,0.2313117594,4.069284137,0.1229123691,4.390415048,14.53505669,0.0,16.123639934297874,6.838650666432625,22.64523548,1.3870471091808512,0.0,0.0,0.0,0.5120103576595745,0.0,1.7097681279748227,0.9415251031170212,0.0,4.272978723404255,4.390415048,20.2879103,6.544756406,5.817220841,4.88992845,2.5526396382127663,0.0,0.9490765134113476,0.0,1.745355463,0.033668482947943265,556.093109458156,79.05367202301419,30.71,4.3393117083241135,0.9231580688,0.0,0.5242119621,0.013554159652021275,0.39325319552705673,0.1086331621,0.0,0.5490650829230498,26.16116463,2.4160638297872343
146.3467283,151.2254929,3.272713911141844,3.587033504244681,157.186806,222.28522649609928,159.0318735,3.0234375,156.633458,2.528490028,2.638383838,0.016601520787276593,49.47834402,0.4739583333,0.015625,1.646727263,86.76923015042554,8.479338843,50.20297521,1.247933884,-4.059880343654929,43.61818182,0.6797656753,0.432423611443617,-4.15,15.242407685106382,10.701758785141843,5.70477858691844,1.1150805523631204,2.087874319,0.8823513639,0.0256,2.4164533223333335,4.9659163038191485,12.502109570932625,52.30116798,0.0,16.626085250723403,0.02604166667,-0.09328502273886526,0.0300245098,0.7803921569,1.4557518449503546,0.7281739687,0.5436466395,1.131669773,0.8795727074,1.098436452,1.186132075,0.8630156722989362,1.171715426,0.7414861039,0.9889053603,1.016168077,1.0853830795439714,1.043135494,1.015878179,0.9492245377014187,1.053732652,1.043135494,1.08278471,1.393481191,1.0527459188042554,0.9923349057,1.0446875290514184,0.8995710157,0.8184946154,1.0877841560173758,0.9738463563,0.9820830857031915,1.048252812,0.8417966211,0.9836227129929077,0.9953989918386523,1.097887927582624,0.777126301,1.089856057,1.146973605,0.7786952573,0.9800191619141844,0.8916458408,1.026381936,0.8774714342312057,0.3786394558,0.3785076531,0.28152588031453896,0.1991174152756383,3.693485395,4.644136198432625,0.041280412057765954,0.02737588652,-0.43850480901382977,0.07284758476946951,-0.07109127655,0.0355086687,0.144729708,2.034631883,0.4161539874454255,1.37,1432.418675,29.60938638,-4.556060394,0.8889980275676952,0.6845995323817021,1.3907987367042554,-1.438365411,0.3949605066559954,-0.16740066906518794,-0.21229562357010498,-0.7422368534921986,-0.2568511041,0.2918328058,-0.2183428283,10.05365156,4.169084296134752,9.019891914145392,9.344086562957447,5.098681808,18.19910121,45.646522313333335,11.38785599,0.1606741544,142.3191854,0.09569664158,9.531400138,20.16532066,5.917906046,16.123639934297874,6.838650666432625,33.77213846,1.3870471091808512,0.0,0.0,12.45432442,0.5120103576595745,0.0,1.7097681279748227,0.9415251031170212,0.0585009185,4.272978723404255,5.687386275,39.28626432,9.531400138,5.917906046,4.821864782,2.5526396382127663,0.0,0.9490765134113476,5.337351856,0.0,0.033668482947943265,556.093109458156,79.05367202301419,92.79,4.3393117083241135,1.301084642,0.0,0.7104330604,0.013554159652021275,0.39325319552705673,0.1056068053,0.0,0.5490650829230498,29.45497848,2.4160638297872343
