AATS1i,AATS2i,AATS3i,AATS4i,AATS5d,AATS6i,AATS7s,AATS8dv,AATS8s,AATSC0v,AETA_alpha,AETA_beta_ns_d,AETA_beta_s,AETA_eta_F,AETA_eta_L,AMID_C,ATSC0i,ATSC0p,ATSC1d,ATSC1dv,ATSC7d,ATSC8d,ATSC8dv,AXp-0d,AXp-1d,Ali_Log_S,Ali_Solubility_(mg/ml),BCUTc-1h,BCUTd-1l,BCUTs-1h,CIC1,CIC2,ESOL_Log_S,ESOL_Solubility_(mg/ml),EState_VSA1,EState_VSA2,EState_VSA3,EState_VSA4,EState_VSA5,EState_VSA6,EState_VSA9,ETA_dAlpha_B,ETA_dEpsilon_D,ETA_epsilon_5,FPSA3,GATS1d,GATS1dv,GATS1i,GATS1p,GATS1v,GATS2c,GATS2d,GATS2i,GATS2s,GATS2v,GATS3c,GATS3dv,GATS3i,GATS3s,GATS3v,GATS4c,GATS4dv,GATS4i,GATS4s,GATS5d,GATS5dv,GATS5i,GATS5p,GATS6d,GATS6dv,GATS6i,GATS6p,GATS6s,GATS7d,GATS7dv,GATS7i,GATS7p,GATS8c,GATS8dv,GATS8i,GGI3,GGI5,GGI6,GGI7,GGI8,GGI9,IC1,IC2,JGI2,JGI4,JGI5,MATS1c,MATS2s,MATS3s,MATS6s,MATS7s,MATS8s,MAXaaCH,MDEC-33,MLOGP,MOMI-Z,Mor02m,Mor03m,Mor06m,Mor08m,Mor11m,Mor13m,Mor16m,Mor23m,Mor26m,Mor30m,Mor31m,PEOE_VSA1,PEOE_VSA2,PEOE_VSA4,PEOE_VSA6,PEOE_VSA9,RNCG,RNCS,RPCG,RPCS,SMR_VSA1,SMR_VSA3,SMR_VSA4,SMR_VSA9,SaaS,SaaaC,SaasC,SdO,SdS,SddssS,SdssC,Silicos-IT_Log_P,Silicos-IT_Solubility_(mg/ml),SlogP_VSA1,SlogP_VSA10,SlogP_VSA2,SlogP_VSA3,SlogP_VSA4,SpDiam_A,SpMax_A,SsNH2,SsOH,SssNH,SssO,SssS,SssssC,TopoPSA(NO),VE1_A,VSA_EState3,VSA_EState7,VSA_EState8,VSA_EState9,XLOGP3,Xc-3dv,Xc-5d,Xc-5dv,Xc-6dv,Xch-5d,Xch-7d,ZMIC1,ZMIC2
147.897182,153.2500106,159.8000222,158.4352573,3.571428571,156.5160676,2.631991051,1.8751910432001946,2.365774534,49.76772029,0.4752688172,0.0,0.6783040596057356,1.0704453564098357,0.23590740701151885,1.636943219,101.24444966698114,9.316009091111166,14.57487603,72.73256198,-10.73586777,-10.412160162452665,-2.237024793,0.6841461785,0.43847693508514163,-3.5,0.08861554163153954,0.44128888790467,1.07696682851428,8.039164564469917,2.122002445,1.00293199,-5.07133613936995,0.109,-2.7179234329985147,-11.225007083092205,6.4198415894441485,59.22490518,5.693927995,13.094635863816293,7.208561650208695,0.0247311828,0.04430740038,0.7578431373,0.04629900369614896,0.5839789217,0.4693557578,1.168735181,0.8429013792941842,0.8880320811,1.052637781,0.9204824621,1.184679694,0.6404486558,0.9492248359,0.963340124,0.9446395246,0.9198820902,0.8226436839,0.938373664853741,0.9829948719315748,1.147607674,0.9564230304,1.345580498,1.298889625,1.114917889867336,1.080397992,0.969858803,1.1311016876890632,1.182902024,0.8845454090900396,1.093431052,0.8846520018,1.177046222776039,1.122437907,1.075039646,1.163814925,0.9363942786,0.9319946198,1.010904983,1.956462487459422,1.3743672950056005,0.5683446712,0.4010416667,0.25526442938781735,0.20128138595544298,3.659357268,4.908206424093345,0.06736730437860412,0.03583877996,0.03265994515330119,-0.48545402254542397,-0.020228171097911543,-0.04347408463949744,0.0274089292,-0.08780878329,-0.05223775724,2.033670292,14.41403734691956,1.47,2401.104149,24.3618497,-3.285621319,1.154736505496096,-2.492030717377819,0.8566911842571863,-1.615521938,0.22970586699621107,-0.7312675463223078,0.04160494237,0.3046910244,-0.1291054674,11.05045608,5.125419253959823,5.098681808,12.13273414,11.21062871,0.1554476511,15.27572621,0.110785658,-8.33103804614315,4.794537184,25.06523039,5.733667477,22.51475897,0.0,0.46642182710535635,3.3216682385276646,12.46795355,-0.665884323912878,0.0,-0.1081919926,5.352049235922976,-0.005860685899951371,-1.9529567547250908,0.0,38.74513433,12.96557803,0.0,5.015108728,2.487015335028953,5.51115406,2.657366344669454,-0.021706878230047577,0.0,0.0,-0.25989542920626124,98.72,4.136661484040727,10.461671543160723,9.054868561547364,2.041327498,0.0,2.4576636837868215,0.6759707009,0.5208788173577131,0.1476931915,0.0,0.3293775289738254,0.6264936000260615,45.734368763098175,29.99511672
149.6332189,153.5084168,157.7599988,157.2192571,3.483050847,160.7445904,2.94782104,2.956404453098786,3.083008447,47.8684679,0.481372549,0.01470588235,0.6698317338338653,1.2853090405893064,0.18985176230114964,1.476522243,87.051955840859,12.251347493990579,13.19753086,82.18396586,-7.111111111,-6.704113870005459,1.973479652,0.7005665294,0.42807621394716217,-5.63,0.10348981351258944,0.41213405335193676,1.155893282864537,3.381148001709936,1.918567089,0.9266500003,-5.352579743278102,0.009,10.663763869405868,7.872821717799658,18.426205216904208,28.16193619,0.0,25.072600225752815,4.603426001917292,0.01862745098,0.04252782194,0.781981982,0.05302585510250038,0.6982758621,0.4336304974,1.114434772,0.9455637659572478,0.7954671425,0.793187053,1.10106383,1.231462965,0.4684992733,0.8361767842,1.084199053,1.183528418,1.007970944,1.059406173,1.1022340142940092,1.2263304599055056,1.05674659,1.117036366,0.9981567466,1.036016949,0.9220514919089692,1.124706416,1.033486127,1.1520799986931327,1.05378825,0.9696162449461836,0.8988694408,0.9169378448,0.9967516729448304,0.9454974802,1.000424952,1.249862736,0.7390117862,0.9128850839,1.118805803,0.9031663797934787,0.5416455900255543,0.8736507937,0.7170493197,0.40046199726271603,0.3251547139006879,3.836320413,4.56822262237421,0.07294558662348932,0.04313034188,0.015891374964135858,-0.17566642257984233,0.04457487214221771,0.0084135415697799,-0.11615908,0.02239802629,0.1495119544,1.952955596,9.832185552568282,2.22,2398.000947,33.09550291,-4.48738988,1.54469872680346,-3.157373660796791,0.6550968699594306,-1.433660259,0.16351513713418944,-0.5815833451535852,-0.3981594592,0.2868187101,-0.2885717592,11.05045608,8.66400167341608,10.19736362,12.13273414,5.693927995,0.1405155554,128.9502109,0.09542225169,178.83655923477681,4.794537184,29.36252149,5.733667477,22.51475897,0.0,0.13845759710224004,4.266299269121767,11.51864932,3.555536096708433,0.0,-0.1768189317,4.411048672570262,-0.03031545199106111,9.992142411776612,5.687386275,40.3821381,0.0,13.8474744,4.864593247,2.527003315137439,5.394398156,-6.046423052869867,2.6332499529418074,0.0,0.0,-0.5744656984312244,116.02,4.498621102720385,7.886739100268977,6.503510684154763,3.784963637,0.0,4.401522134532875,1.040780936,0.475617009891498,0.1245317625,0.0,0.1624506858690156,0.5331185626042243,37.86127666494286,31.50827223
145.2236585,149.1514683,154.0889835,152.6440717,3.3125,161.9569224,2.633499171,2.9481912950756177,2.324404762,49.49423033,0.4818181818,0.0,0.6556046118086165,0.9542963685505281,0.2457908777474656,1.72006025,67.87327981435686,12.795452622683085,9.592592593,43.41666667,-5.24691358,-4.8288918789776085,-3.444444444,0.6791339464,0.44091259663462246,-3.95,-0.004075446856169274,0.4228701211408675,0.8497288857959397,8.993300271760432,1.964695999,0.9308270835,-4.199223739609619,0.0195,-1.8838137764592235,-1.8138994938955966,16.597636022758735,39.1116119,0.0,9.10745814149357,5.637830112884181,0.01818181818,0.02055335968,0.752173913,0.048602548242295124,0.5547337278,0.481025641,1.001194482,0.8204319321012306,0.7998243965,1.165050455,1.016483516,1.144084148,0.8941783768,0.8655335382,0.9818617667,1.077631579,0.9261065715,1.054548473,1.0815521574981064,1.215347526428172,1.042631579,1.117415903,0.867221107,1.092548077,1.0229678890107294,1.225300192,1.097782018,0.8773905430868791,1.166075949,0.9915694245303697,0.9568820966,1.147146907,1.2104716905505624,1.174328358,0.9251387058,1.042223191,0.8532268875,1.0,0.830404064,1.7927163056846946,1.1663930877250799,0.3192290249,0.1518920068,0.20391137901397777,0.058012424806442475,3.205229003,4.8451775165408915,0.07639502549950401,0.03140522876,0.019200984988354406,-0.4048199579725555,-0.04056603106308519,-0.01185453107515494,-0.009073121504,-0.1330254378,0.005526650006,2.081466837,10.853611078396307,1.98,1298.743643,12.03307684,-2.806878962,0.3457347550516401,-1.6564839685350647,1.1125421421781996,-1.118763185,0.40684318434897454,-0.8234658607410055,-0.2748183316,0.330003265,-0.1698428165,0.0,2.852318417800036,5.098681808,24.26546827,11.21062871,0.2077652636,48.49656944,0.138308809,59.502661681201026,0.0,20.16532066,0.0,22.51475897,0.0,1.1199551202631708,3.9148242120310104,0.0,0.5913945865908223,0.0,0.0,3.7503061985720434,-0.004779176614164625,4.073570022733129,0.0,20.16532066,0.0,6.9237372,4.899567567,2.526270523414892,0.0,0.4326501973943251,0.23620165662713233,0.0,0.0,-0.2948429604962591,54.46,4.542704947770799,13.734175031165776,4.365226279378137,1.983792569,0.0,2.958147657245237,0.5306069401,0.21003346181312924,0.09087175382,0.0,0.1732347456031259,0.5144880100899348,54.64101297844984,27.50802119
146.5154789,153.69586,154.4824564,156.3614444,3.768292683,155.9861939,2.549450549,2.729653005987159,2.420833333,48.68718614,0.4791666667,0.0,0.6594426371775324,0.986631553017023,0.17181910521419164,1.673129435,78.70651904146892,14.183026653389536,11.82117028,54.62984878,-9.504273504,-6.418470835910256,-60.50558843,0.6706519733,0.42375812582994,-3.16,0.07448164146648988,0.40332584210609096,1.081695728247082,8.709295618542445,1.858471946,0.6770864604,-3.7018028265079472,0.045,3.468583484401377,-6.241945339074994,16.071109743221818,45.78684481,0.0,-7.5281769009508395,0.7033884571355813,0.02083333333,0.0,0.7833333333,0.04285729132513678,0.5210708725,0.4655770391,1.233982263,0.9914474986829487,0.843559247,1.479755545,1.011384089,1.058187476,0.9112127984,0.7578813484,0.8994308687,1.059872436,1.042088171,0.9309523064,1.1256270302965508,0.8009819007595043,1.148423363,1.018556236,1.154399846,1.249117632,1.0439845684028952,1.098173712,0.9871552647,1.1914741763042886,1.058623428,0.8672579507630733,1.075194469,1.148325263,1.0184720945925725,0.9591910251,1.048833616,1.135618409,1.141602007,1.229550162,0.9354415781,1.8411634984420018,0.9206962576921657,0.4170521542,0.4244614512,0.29969572227029334,0.07497491011927776,3.426930273,4.56690856146969,0.06166670983114689,0.03484567901,0.015057827508371455,-0.36562982971705216,0.18208476289943748,-0.14570556516026156,-0.2011455542,0.1363277034,-0.03075848675,2.179351852,10.030833773526709,2.02,1675.99095,23.38320668,-2.644903442,0.006775810206608668,-2.8539792000652584,0.8227723088492886,-1.225903154,0.5212475172033032,-0.2112146504242297,-0.1097559832,0.3438174447,-0.3340264312,4.567099648,-5.536403861021508,5.098681808,18.20875424,35.29333391,0.2065253099,6.629331589,0.07374049156,7.0485624607814685,0.0,24.31554143,7.047671983,22.51475897,0.0,1.0656234943754481,7.324321187244285,0.0,1.7498081692425886,0.0,0.0,2.8421298679871514,0.01409401442121895,12.721096687945941,0.0,24.31554143,13.59242839,0.0,4.933105502,2.418717414789069,0.0,1.4047410690126996,2.0277004891926245,0.0,0.0,-0.49271499636531646,48.53,4.670059356477373,12.555447533122855,3.6380704508789634,0.8086522896,2.014978899,3.4925523617804934,0.6597440455,0.20831034368493603,0.1397268263,0.0,0.13535570227228522,0.591152620797607,34.74215804377612,25.00643644
143.0263923,147.2379897,153.7283912,156.6873333,3.518181818,157.9621341,2.851364522,4.994089215305453,2.794001967,49.59300473,0.4838709677,0.0,0.6466002453621184,1.0248074704614412,0.24748744391796523,1.764174135,100.36405516099447,15.134966263476647,9.9336,54.56,-10.3024,3.4983946528234258,-27.08,0.6841461785,0.43457937651174633,-6.06,0.12093019273459243,0.3591601684394182,0.9666751953549408,7.155758615955296,2.284893636,1.11548875,-4.8716649192769745,0.00087,6.215496575630818,-10.769822841410036,13.314728166585908,50.62994439,0.0,14.658685057742256,10.18260400823115,0.01612903226,0.01451612903,0.75,0.03918603321848267,0.6667444211,0.480081826,1.063024221,0.9831298667487185,0.8006899081,1.002611425,1.178708887,1.122396289,0.5120748762,0.9096887762,1.157469684,1.092054264,1.04526311,0.7913634388,0.9488412927106146,1.050012621100239,1.084749553,1.068405771,0.9574627346,1.075450092,1.1092341546334952,1.164393103,1.019252084,1.171700450427942,1.092894629,1.2271018320226856,0.8713394097,1.067443475,1.1297214254000367,1.064565483,0.8596356559,0.9366248321,0.8636708116,0.9542344104,1.004579115,2.1904787112263167,1.078762065250829,0.7356462585,0.4462514172,0.21821831461153157,-0.004066869550815033,3.358962553,4.628300397251168,0.051898233802328005,0.03880434783,0.025359282087557184,-0.3410062858896239,0.19988411344992446,0.01825627448704479,-0.1119247403,0.1267220834,-0.08504151787,2.109014669,8.469223605622195,2.2,2090.993894,31.31991702,-3.097626129,1.2169889144720338,-2.5687763473718013,0.6046595017731808,-1.657906649,0.2805647707273873,-0.7021937160055284,-0.3905481873,0.4828985212,-0.3199275181,4.983978521,10.18797774768025,5.261891555,30.33183534,34.23115751,0.1793978374,25.51876313,0.0886063362,81.92950612023714,0.0,19.93591408,0.0,28.71445679,0.0,1.8501232605146152,4.739497809285948,0.0,-0.4672073692522708,0.0,0.0,3.292900731310685,0.014633986092545834,7.506618366831705,0.0,19.93591408,6.420821623,18.25485007,4.87862781,2.5478846941439524,0.0,3.6554127476090748,-0.5298388697353145,0.0,0.0,-1.4084065752066055,78.25,4.4665284029716545,1.1986523757146603,4.56533279210108,1.981682321,0.0,4.284996336823692,0.8235086609,0.435273932897406,0.07026332943,0.0,0.16628179155163905,0.7041839931550272,48.27901658290892,31.44058453
146.8104866,154.9455879,161.3904776,160.9577363,3.082644628,159.608501,2.497516397,3.6844765331465004,2.308666088,51.13517741,0.4811111111,0.0,0.6638171455211321,1.0743680065083414,0.19954216203171485,1.518409135,88.86682281327641,9.524306603998447,12.66836735,88.99589002,-6.530612245,-2.3595829353388034,7.893424036,0.6974691495,0.43478098823024636,-5.98,0.14701673585028036,0.44147448997069116,1.139631611505894,9.219293707546065,2.03479173,0.8531149556,-4.82281757055857,0.0101,-0.32126491621095177,9.48820322436578,12.123255970300281,77.20433024,0.0,13.556921360001823,-1.7812388861097812,0.01888888889,0.03368055556,0.8052083333,0.026773888131777352,0.6948367859,0.4705006297,1.313549791,1.1167260216276917,0.9773250885,1.078827989,0.9854656339,1.174396416,0.6455485653,0.9440614041,0.9543023615,1.020392696,0.9605082762,1.121669844,0.9826449170807959,0.9036340827764584,1.035828361,1.05234692,1.237345569,1.148989899,1.1167308281180472,1.028396791,0.8819080523,0.9484851720139782,1.118439868,1.136143940587668,1.100297595,1.33869002,1.2010396064521704,0.872814873,0.9848130722,1.152231848,0.855673272,0.8935884108,1.056761062,2.270798594730445,0.8529669789636602,0.6630839002,0.3680909864,0.2564310133989907,0.13386849490298802,3.772563192,4.774780107696308,0.06749025024867049,0.03703252033,0.02883284286119213,-0.3767799630166495,-0.15370005882143473,0.01966760191810881,-0.1396544643,0.1485603848,-0.02193898849,2.029786661,6.302866166472845,1.53,2440.144633,26.87280381,-4.113241296,0.8759783159200343,-2.143204034702966,0.3805542186185829,-1.666890384,0.5511038252628417,-0.8029301587917188,-0.08270949534,0.3802555449,0.2006403332,19.77449303,12.568006392798573,0.0,6.9237372,5.693927995,0.1646906487,156.0293329,0.08379878171,98.0395978370963,14.26826309,20.26872417,0.0,33.45795484,1.587612778,-0.3336474493891851,7.053792920660487,11.77331419,1.0966104289388645,0.0,0.1215681455,2.472744273497998,-0.04361748711288099,9.842322226965173,0.0,34.196814,11.21535881,6.9237372,4.830967851,2.4223577737748374,0.0,3.1560905512372703,-1.52232665699788,10.97043888,0.0,-0.8150669704655188,89.13,4.509811535294699,10.670774387530235,2.8294467103319603,5.025525567,0.0,3.0336801720508633,0.7368419724,0.4141434743346346,0.07931626887,0.0,0.32164921809443436,1.169698868524449,58.03621056342942,29.65311583
146.94792,152.5312104,159.9369804,161.5140242,3.572815534,157.7866144,2.636087768,3.5940096782577893,2.748248248,49.30967614,0.4743589744,0.01923076923,0.6746276383377117,1.0600860902650864,0.20265444336443816,1.63025785,98.34547747831826,9.965779522421597,10.88345679,68.16345679,-17.80049383,-2.4962875022101745,-11.20296296,0.679730678,0.42847891911867914,-3.68,0.01341583927038741,0.505733921524327,0.6780679067529258,2.4371666898038136,1.821553217,0.7949875002,-3.6898897002496165,0.0326,6.506277368090252,5.68048471956683,36.38096260036334,35.95872634,12.7481417,12.005336836297495,12.166577840771511,0.02564102564,0.01875593542,0.787654321,0.04126795626771978,0.6977861788,0.4227900943,1.21486115,0.8842254235841577,0.8924210639,0.7991332812,1.05397066,1.172509348,0.5312802104,0.9502477462,1.064684973,1.025702555,1.103003927,0.8352204022,0.8479071187810631,0.7985335209351212,1.178381933,0.9960623896,1.011175076,1.169392328,0.9655477740236587,1.092462978,1.037942051,1.0543419152225577,1.045881552,1.0432564086002925,1.040636805,0.8109808117,1.0936614172077173,0.9651116528,1.057080007,1.164158622,0.8392189399,0.996175354,1.022566517,1.6080422448547913,0.6750751397786491,0.6661678005,0.5043579932,0.1359516694969871,0.21420239519537732,3.670299879,4.72113577915879,0.07001228954001996,0.04253387534,0.028742005747777424,-0.31567483318321554,-0.04121366510434622,-0.108787522956257,-0.09617441852,0.04674258288,0.0004611167629,2.044765684,8.484507380425116,3.06,1935.60158,24.49081827,-3.660197484,1.6325739796038055,-2.8400318931280695,0.9560921673341696,-1.241504586,0.48392201716184147,-0.9280724556650113,-0.3071880361,0.4700211901,-0.04538118536,4.983978521,10.546965095788103,0.0,18.55355576,23.27208584,0.168103657,43.01328283,0.1387698918,-25.516691654682802,0.0,20.37772696,5.917906046,0.0,0.0,1.4390027267399121,6.320197101602723,12.21552075,1.0128836583426635,0.0,0.0,4.286385278502562,-0.0011101147590018017,1.823490605893845,5.817862778,20.99377639,0.0,18.88348407,4.976090825,2.5363850655917632,0.0,2.8047869911437817,1.1255612850452192,0.0,0.0,0.34278466602065216,75.98,4.365642706409465,6.891662967542933,-1.8703676619774008,1.987411367,0.0,3.4145590243383057,0.7957274555,0.30509290134448297,0.1458456799,0.0,-0.033986891384486406,0.736207291942065,52.227134175404174,25.81328012
147.6606619,154.64466,163.5888857,162.2767769,3.305882353,160.4872522,3.010198604,1.3680061681662266,3.040196078,50.76727958,0.4820952381,0.02,0.628740694702454,1.1702982212951227,0.16320974887210157,1.477486721,125.9192247599538,9.0001599528922,9.641528926,67.47658402,-13.37603306,-0.8220711755711299,-23.52800735,0.7124476124,0.4345279274969751,-4.67,-0.12159450728572717,0.42788181794789715,0.992833611064824,4.670329134846801,1.514299784,0.5343130683,-4.327396954261189,0.0431,-3.4807074397206015,3.712222330247092,24.34226280676908,28.3797528,23.46952001,15.301365854492543,10.476650234152826,0.0179047619,0.04073368607,0.8091710758,0.040310091675201276,0.7402756041,0.42622798,1.11394938,0.981194104504337,0.908847825,0.9750356332,1.054163571,1.135942566,0.5430004698,0.9386461188,1.06810565,1.118561244,0.8984430075,1.130821924,1.0704725366968864,0.9979431818379614,1.04507822,1.041720081,1.085026067,1.123689511,1.0535261831394973,0.9137359688,0.8489467275,1.0823985397161346,1.048897097,0.9894018036803022,1.17975814,0.7125822492,1.1550679493988945,1.016955088,1.049935806,1.117044226,0.8995354701,0.9930200821,0.9524929355,1.7663991739535652,1.057870272929242,0.5406349206,0.521789966,0.2602650839801427,0.20871317112018778,3.945131835,4.115924907147973,0.06965880088294041,0.0427124183,0.02663930289017036,-0.528877360991578,-0.11079308541373903,-0.04643276769904982,-0.0203974743,0.01715333706,0.01985879814,1.959476488,7.141882283283104,1.68,2157.481791,21.45729,-2.730995998,1.0672223754404357,-2.9731105456243907,0.04710492949632594,-0.8155418155,0.10509781921285233,-0.4982434853869634,-0.06155549106,0.07431723209,0.1671958509,10.30076712,-2.3402777521887206,0.0,6.9237372,12.2386844,0.1706753545,15.79293262,0.1075556018,115.96373924543879,9.184952232,20.26872417,0.0,21.95893118,1.505444365,1.3133926915070915,9.005682339804679,11.68415648,-2.530241273629331,0.0,-0.005671073105,2.9604986928675108,-0.031227441825495257,4.00593719693493,4.390415048,20.85911529,11.33929359,12.74095804,4.782522541,2.5403689379176217,0.0,-1.5990372229199772,1.6120122944210902,0.0,0.0,0.1557975008170763,70.67,4.501791559963228,8.266536803665876,10.364385004255762,4.203868702,0.0,3.4400712521677894,0.681984921,0.4134919507538482,0.06542737998,0.0,0.30876094751557936,0.8592409768446329,65.84456210599143,25.40060836
145.4483366,151.8452865,157.7991108,154.8832424,3.801801802,155.2950731,2.743405276,4.745736808258829,2.565118397,48.50866702,0.47,0.0,0.6656452675837007,0.7695899899861498,0.19757582823227418,1.625579303,55.78421033942011,11.212657414093371,12.7904,60.96,-7.3536,-9.986080878264707,40.68,0.6833808251,0.4387679802885591,-3.81,-0.02432829038288716,0.43715586812822144,0.9146554187604432,4.254426856374987,1.948001808,0.8330296891,-4.373373064018031,0.0527,9.383168085552846,12.683010176789487,19.728905582024147,47.28738284,5.693927995,19.679807807009723,11.839510621639919,0.03,0.01709677419,0.8129032258,0.044663351499176135,0.5764779202,0.4763888889,1.150889609,0.9156552919142544,0.8740111102,1.107962755,0.9053616221,1.159598231,0.710762688,0.9003036372,0.8795490602,0.9810560345,0.8919580082,0.6923643735,0.8738442634122866,0.9804305899958593,1.195779817,1.034431385,1.149771598,1.341606029,1.0939797528551767,1.167634127,1.016925607,1.0693563244813913,1.041724806,0.9605233234475563,1.132918464,0.6301484994,1.032951042609989,1.016133094,1.043516976,1.129528642,0.8382428825,0.871557377,0.9482045186,1.4902461166377143,1.034699929572247,0.5683446712,0.4010416667,0.2628518815041695,0.2130496370183088,3.695854381,4.347346335398712,0.06504315403342364,0.03655555556,0.019936810202799263,-0.5202462327560304,-0.0069175321125413275,0.003794398105981457,-0.01789490347,-0.05492856553,0.005818675611,1.994744098,13.199795372776812,1.66,2353.989797,24.61592899,-3.584926957,1.2953212103842293,-3.2556405706143927,0.9043831232057589,-1.219345458,0.5455943017852037,-0.549396820786895,-0.3702908775,0.2236858134,-0.2867259117,9.843390349,6.975479051137198,5.098681808,12.13273414,23.38096217,0.1932632161,38.82563308,0.142022543,22.093084398236513,14.63792753,19.74844179,0.0,22.51475897,0.0,0.6605894271820294,3.0278613889436747,12.17061795,3.756513990126653,0.0,-0.4733771778,3.981717011003607,0.023605981513509355,4.78052531734734,0.0,44.0380384,17.70244098,0.0,5.015075563,2.446539068031354,0.0,-5.1286335335496585,1.0976561976499073,5.027775736,0.0,0.011887001745494424,90.13,4.375626836430084,4.401088598529183,4.797569776849531,0.6707660241,0.0,4.048231091968492,0.6666063312,0.6213083514563706,0.1445717349,0.0,0.22327897565131719,0.8981868129156064,58.68688498248817,29.76070055
148.0204164,152.3036628,155.6241958,156.38011,3.673267327,158.8298829,3.069279636,2.3465404158971594,3.01016703,46.40783287,0.4854166667,0.015625,0.6778365076889724,0.7738516475037436,0.1835677834044384,1.505162424,118.80351647732974,12.726577547499096,9.277777778,57.61651235,-9.638888889,1.3473955196684972,9.116898148,0.6899617195,0.4214317308937889,-5.68,0.0015600957021718598,0.4581129538663268,1.0753001107509723,7.127862853096525,1.797995053,0.7767544274,-5.452539396067421,0.00554,2.4843361758934432,8.5067428995165,13.619873334501259,28.16193619,6.327320075,14.891425553325513,6.863982170664129,0.01458333333,0.0154040404,0.7929292929,0.041355945870895826,0.6778846154,0.4601794321,1.094092438,1.0532375208607028,0.7739194071,0.9978933536,1.125945643,1.163808843,0.5263290549,0.8461781675,1.126749375,1.063892821,0.9937935412,0.7653077486,0.9767826846796328,1.5041286384382104,0.991449361,1.105641658,1.009087887,1.120078287,1.2016168857382536,1.096946365,1.012838732,1.133527370235478,1.12475115,0.8853711715254373,0.9224867734,1.002180955,1.0731838307515476,1.016003688,1.013083517,1.293880102,0.8043402298,0.9313135294,0.9865388069,1.3278574783447046,1.1110102607519843,0.7772789116,0.6137329932,0.3336118700497662,0.0674788382519384,3.786967448,4.890148240439829,0.06865997883343372,0.04255787037,0.019146503811857424,-0.5995793044878457,0.06260882422475442,-0.06567497412056386,-0.1418998546,0.002369970634,0.1431020664,1.953568543,9.64023090303971,2.39,1979.218291,26.70073695,-4.59435954,-0.16816240363584023,-1.9806817323759325,0.3106165866834455,-1.107443043,0.645689664521689,-0.8528355912401038,-0.335460334,0.4681407602,-0.3277556437,5.316788604,-3.9065041591938297,15.45925517,12.13273414,17.3266008,0.1536834849,33.40773965,0.09195694048,209.8736024560268,0.0,29.36252149,0.0,28.58398029,0.0,1.089067948956995,7.3553698318360485,0.0,2.5898907522274226,0.0,0.3785173112,5.775680342185007,0.020784430986231478,12.576221812391514,5.687386275,34.47495837,0.0,18.25485007,4.859112107,2.4753163621805863,0.0,-0.302945506951524,-0.37875649820872215,0.0,0.0,-1.0778100640321808,96.72,4.574410740100523,16.203790556804922,5.513972565521364,1.941264622,0.0,3.967785150465466,0.8818553705,0.49308161777500636,0.1048899075,0.0,0.08261691387595753,0.8510778520181893,45.66981620501154,30.77061433
146.6826228,153.8360163,154.393322,155.5745751,3.354545455,158.4971807,2.765855725,4.009235043505674,2.653451178,49.79497264,0.4860215054,0.03225806452,0.6518749757187353,0.978072765849664,0.19391581247358983,1.551471636,88.83634738304784,13.852706591533611,12.51557093,65.71322995,-10.23529412,-4.454138596563591,-9.547396301,0.6841461785,0.4349164226616034,-5.44,0.012587862620482539,0.37015026607588875,1.0811637483359255,3.633425029594518,1.908587457,0.7850803925,-4.212546317883755,0.00508,-0.4449043783463815,13.945700596418622,22.571629244740553,50.14233313,0.0,2.0200028697035552,33.627953963115445,0.01397849462,0.01596102151,0.7947916667,0.04034428824335716,0.6231671554,0.5229137409,1.192605992,0.8218245065222283,0.850069437,1.154989437,1.066308244,1.032417708,0.9945878704,0.7856842935,1.051754668,1.086841448,1.062812281,1.036202292,0.8790840646089746,1.1223917456107118,0.9933038209,1.204043191,1.124858731,1.074963343,1.120629322493171,1.08234411,1.094985792,1.2839002642137107,1.074392778,0.9899548620917585,1.042817834,1.179787543,1.0720027555328975,0.9371297311,1.216995818,1.444234896,0.8145217849,0.9601867527,0.9243527456,1.9730108768381571,0.8742749662842384,0.5723809524,0.5755385488,0.30305108272609427,0.27404433892595476,3.763837885,4.609160038727548,0.0798022239675992,0.04273901809,0.012989238959891115,-0.37415706861461295,-0.1050398963926002,0.034118593697607426,-0.09346467055,0.08357969071,0.05190511898,2.043666788,9.188616753926729,2.51,2348.487522,29.51563794,-4.40313787,2.642670886937931,-2.548120372548178,1.110726614182303,-1.630922844,0.4447473642041692,-0.6140489962861738,-0.1549428418,0.3293047376,0.1962706546,10.05365156,17.001191933228846,5.425791397,35.61190719,17.68087273,0.202199992,91.84114925,0.08993796578,129.05662011225104,4.736862954,20.40266096,4.992404733,17.13736782,1.602924671,1.7046239786030994,7.177141494465327,0.0,-0.12745650189986424,0.0,1.019725553,5.5883476537384205,-0.019581667516977336,17.44015412793746,5.13155848,28.42520247,6.544756406,13.08951281,4.848604167,2.4459154919347634,0.0,4.139653551550448,1.0934892233359261,5.234125561,0.0,-0.31558465112558204,76.74,4.370183552577542,12.82892852161672,4.168465458538024,2.652372549,1.66852335,3.2632040682024215,0.9242705142,0.22945585014982037,0.1146045727,0.0,0.09460782274259354,0.8146189245855924,50.95113878537033,28.80703149
145.0869966,151.630624,153.5821454,162.0972247,3.095238095,153.8110988,2.49173028,4.287518587043834,2.312396352,52.02985719,0.4813333333,0.02,0.6733719292881489,1.1501255270855377,0.20517794244706927,1.726902799,68.96581580918114,11.554335069122072,17.62630208,86.00520833,-25.73480903,-0.5708681869982182,-66.89236111,0.7106888094,0.42006097064098574,-4.82,0.01725735981710163,0.5033839014426535,0.8983896743897777,7.19890238677241,2.180441986,1.186160354,-5.27892051819212,0.00493,0.9810916625796444,-2.771795622272186,17.681001792239663,34.75344337,5.693927995,22.24413941693405,20.86135116617441,0.01866666667,0.01841025641,0.7602564103,0.03147821425995696,0.7772133273,0.4774777405,1.135304618,0.9899638789942619,0.9584479136,0.8136231018,1.470557872,1.13458482,0.5107568841,0.8125377887,0.9565816542,1.057402812,1.234656487,0.9459305761,0.916885064943183,0.7757274930365631,1.01343373,0.9911808129,0.6861882481,1.135710031,1.1297433469596714,0.9233410433,0.7802471478,1.2360004506110427,1.383259482,1.0082699310983334,1.128724974,0.8074267202,1.004011689480967,1.156994298,1.099788169,1.233874327,0.8559290985,0.9869634458,1.02037886,1.2625671865052404,0.7333628723005409,0.8785034014,0.641510771,0.16599592890976445,0.22147245075133215,3.404520514,4.505506089690152,0.07071892197257659,0.05101139601,0.030467410473059835,-0.32446006824089135,-0.040274797116148855,0.13458165192073435,-0.1134696196,0.007532301879,-0.003017361532,2.023902759,11.605225190407186,2.84,1844.765861,19.71787636,-3.256377732,0.9997224648240666,-0.9919427943563643,0.7394865404124797,-1.21846473,0.7296368658245149,-1.0777006505269642,-0.05172541729,0.1774534813,0.009248698229,5.106527395,2.6914108984366427,5.098681808,38.9703128,11.38785599,0.3013639207,119.4858903,0.1738843431,66.15912880968594,5.106527395,14.76446326,5.414990469,28.26427081,0.0,1.5645922093996258,3.8275182511981036,0.0,-1.2625950837037698,0.0,0.0,4.237578040681719,-0.0164145751055839,2.7267105605069712,0.0,19.87099066,6.544756406,12.33872767,4.993807265,2.4836046223321535,0.0,5.387757381288812,2.3499337552857393,0.0,0.0,-2.1850331004504535,50.94,4.524038846069761,4.3458036378011835,2.1704837219922655,9.756531676,0.0,3.50977483541492,1.799994583,0.3772455586724452,0.4665289338,0.1020620726,0.3451251380993636,0.6191564165758885,50.37212540190187,27.20665253
147.0512604,153.298533,156.1439246,155.2239887,3.094827586,159.1124828,2.709876543,5.673894076035991,2.687134503,48.51601673,0.4752688172,0.01612903226,0.7140992376617198,0.8625446725093479,0.23140005570610966,1.62492247,60.417933944154285,11.027134474442017,7.98615917,42.68319877,-3.813148789,-9.637555253431064,-22.8769704,0.6736212297,0.4276354564608701,-4.12,0.10310339277523609,0.43612763280210565,0.8976838307926727,8.408097113903814,2.169459979,0.7946926473,-5.414804393406478,0.0199,6.2973438448463455,4.773961133318239,12.764103700001156,46.0664067,0.0,-5.8996627807990585,1.4917595938795163,0.0247311828,0.0156922043,0.7864583333,0.036579233788400084,0.6499575191,0.5717269661,1.228519539,0.882027728057502,0.8670340307,1.411693982,1.171505828,1.067066962,1.094830353,0.8997839579,0.9917209535,1.142848717,0.9167204453,1.065979522,0.8984174351031395,0.9313595000977839,1.003537061,1.137439012,0.9966995856,0.9330688044,1.0537235622225427,0.9905744916,0.9596107075,0.9079928372702198,0.9344976561,0.8559241264552615,0.9400515136,0.8165135332,1.0756599946352225,0.9230159947,1.028564315,1.081529766,0.8696566776,1.032606284,1.097846121,1.6479472515203835,0.502969426175853,0.4251247166,0.2830569728,0.3860470698646661,0.26750461299070727,3.502965363,4.284525721699213,0.06466903176257871,0.02094315245,0.023079725661143413,-0.3714819032727523,-0.05034907444540285,-0.11055413078367085,0.08922032047,0.05678877165,-0.0753821893,2.061706428,7.670583911860552,1.06,1149.515575,29.97570609,-3.466205219,1.689523731528841,-2.7494148972413845,0.9037819667221081,-1.430672584,0.04148205291754209,-0.7011041857216715,-0.1871286353,0.5062090867,-0.2306665933,9.303962602,16.33517609997774,5.098681808,6.066367068,24.25993247,0.2060016448,58.60524924,0.07931789153,42.65289907986749,4.736862954,29.71639883,0.0,39.52165029,0.0,-0.23130385952662824,6.957015343288013,0.0,1.071569155680947,0.0,0.0,4.177465854341599,-0.009100999034019513,13.880969883561665,0.0,36.32328079,6.544756406,0.0,4.818141123,2.479664992755041,0.0,3.212444742340791,1.7600306316997434,5.829180599,0.0,0.021645545960958884,81.51,4.440310130168894,1.5106515050048053,3.7907754522781985,1.342149728,0.0,3.131417148033112,0.5972872317,0.27769632495658375,0.0761440227,0.0,0.10642541354375849,1.0818633219987512,38.47302693641972,29.22376832
146.1688725,151.1695634,155.9816185,156.2738726,3.556701031,159.5404864,2.517883928,2.2575155007446757,2.569122942,50.00811246,0.4908045977,0.01724137931,0.6578620110902464,0.7068198722209202,0.2134368785988275,1.59041542,83.02307034300193,12.046545202447902,9.372566772,57.96463961,-7.666817565,-12.145249381536729,-33.80609627,0.676937285,0.4405016743691409,-4.6,0.11332104827918532,0.5002161757995389,0.9910377844339036,7.076033834759277,1.970284233,1.020726988,-4.892682253669747,0.0148,-0.3875434283903263,-4.016164365773107,9.467084905745844,46.09185023,4.895483476,-7.066591803427258,12.47855143643839,0.009195402299,0.01639846743,0.7755555556,0.04518768361626108,0.6449464654,0.5024945333,1.134596526,0.8970182706324257,0.8116679997,1.085861772,1.092481769,1.145732023,0.8100988907,0.9145821361,1.131873591,1.151672822,1.062753712,1.236683476,0.915471832519995,1.2350549163608713,1.003643475,1.068967495,0.9958685381,1.145593123,1.1967269935675664,1.108388903,0.9387321305,1.1730159408213232,1.055282235,1.0160343560505098,0.8387443913,1.175910264,0.9031615993594406,1.097894316,0.91735586,1.039280464,0.8441832097,1.033015977,1.071286097,1.387479225518868,1.0743276661889216,0.5331972789,0.5130385488,0.3017999621540668,0.022540175991811434,3.584304619,4.358333224962091,0.06365287329127321,0.04016666667,0.018549056593583604,-0.193340980349589,0.0982815755507689,-0.15686419429190093,-0.09904078106,0.01009912212,-0.04888084602,2.107324195,8.364974420029686,2.82,2095.79571,27.75600964,-3.69040188,0.461979144656807,-2.7167430290255496,0.7124986857738591,-1.233064282,0.5308319344640915,-0.6415555607860426,-0.06830118077,0.3851617765,-0.07690604354,4.983978521,14.531510005858824,5.425791397,30.34148838,22.83463759,0.1629102135,34.53587682,0.1060377931,86.23845965278285,0.0,25.38663948,4.992404733,11.38785599,0.0,1.5181141237832656,5.89675618883054,0.0,0.6515898122047421,0.0,0.9662196607,6.334789326080096,-0.05209116785349901,-5.360371874306224,0.0,26.29938345,5.752853607,13.08951281,4.84846034,2.5256854516095686,0.0,2.3166897783769773,2.18697424341666,0.0,1.751307897,1.193006315085029,71.27,4.678355498313459,6.033524959850533,-0.3794107015302979,1.993228855,0.0,2.1705223595788925,0.7940353407,0.3375969786207863,0.06365387513,0.0,0.08750317427281959,1.1441590074998989,43.44862482322014,33.13142796
144.0045363,147.7747661,155.5795112,157.6498391,3.276785714,155.7594502,2.87818131,0.06818541889637597,3.141809965,49.39955762,0.483908046,0.06896551724,0.6674497032656489,1.0933079506807188,0.21583312302976992,1.67021113,105.02558310958074,9.913284827780034,8.457466919,38.35884151,-11.5789225,0.19621131100733002,-54.25517515,0.6881880924,0.42953890183020316,-6.59,0.018320667967485993,0.39419353279418773,0.8690543913978827,6.264464227224356,1.670193944,0.7391304348,-5.051206804992582,0.000263,-1.1786831330466496,3.691521818791004,11.693101083415593,29.77986729,12.13273414,25.167603064348263,6.225374281167101,0.01609195402,0.03418613274,0.7956989247,0.05271834582047987,0.7233457249,0.5171957672,0.9288813643,0.9149299318557571,0.752621618,0.7677063324,1.178025609,1.115667879,0.5770754322,0.9577350448,1.160137759,0.9384873776,1.097724395,0.8900018521,0.920583423711328,1.4393606761114495,1.096778897,1.086304733,1.001125687,0.8382235794,1.0888576252134967,0.8726850884,0.8837474269,1.2698655302590616,0.8772146561,0.9663092558681149,0.8844301758,0.6639485891,1.0361292838650513,0.9902101532,0.9914276941,1.043044699,0.8102176049,1.091935568,1.126830927,2.0805942535900117,0.9793118158071302,0.5958730159,0.5060586735,0.3006518349343213,0.22817663706265293,3.853368012,4.108972148030933,0.0662996047113786,0.03634751773,0.027130157650452465,-0.43932412678086413,0.0813569008977271,-0.025740762746050017,0.03454116419,-0.05917795006,-0.0356814356,1.848569016,9.99865426949183,3.9,2694.911394,29.76021085,-2.824601186,1.3777092428246007,-2.5571759949060024,0.08830065821136901,-1.625411953,0.055164444949282354,-0.3625708995774109,-0.6112468738,0.1035064018,-0.1314452058,10.423316,3.7721179598753594,0.0,17.66730696,22.2842392,0.252464457,125.5267452,0.1459175228,135.10428485662845,9.496942443,9.967957042,0.0,17.00689132,0.0,0.7296133942510842,5.00615273732686,0.0,1.0846216054139202,0.0,0.0,4.844134118158985,0.010029770087123859,0.4211006408735889,15.7651876,15.07448444,0.0,5.817220841,4.928988037,2.5481372220163765,0.0,2.158372698319662,0.5861450399668242,0.0,0.0,-1.5265234059429758,58.04,4.435750188143284,9.942683496088877,11.057439928776311,0.0,0.0,3.6783058914212945,0.943863128,0.3338766462222179,0.1504224045,0.0,0.2960470304664079,0.5339378757826958,46.391895749563766,29.43115146
146.3467283,151.6706787,157.5246072,159.0887603,3.0546875,156.2370048,2.701804368,4.167822952446138,2.62020202,49.47834402,0.4739583333,0.0,0.6456529093861078,1.0579377138644575,0.18223374502845635,1.646846023,84.24269461257396,16.235203729927196,8.479338843,50.20297521,1.520661157,-2.1011400331007253,25.18181818,0.6797656753,0.4266030418420073,-4.35,0.10176259438586806,0.5085641114789108,1.138888658038645,3.756244565054411,2.146876364,0.9550786366,-4.809665262210032,0.0192,1.3536040189684175,3.584664878009887,-19.195687260443812,46.61378171,0.0,22.484901490269245,3.2026257695954845,0.02604166667,0.0300245098,0.7803921569,0.041698552525399155,0.7281739687,0.5436466395,1.131669773,0.9333638995015009,0.8795727074,1.162093307,1.158113208,1.157715442,0.7356711113,0.9765367908,1.035300433,0.9945705051,1.005190273,0.8808421902,0.9199034332667605,0.7358324953150326,1.006711752,1.046851478,1.226623115,1.043410967,0.9518671554806338,0.93290954,0.8537520352,1.1407820197778433,1.014282883,0.7882558530631194,1.054601361,1.206086573,1.0620671195337037,0.763532255,1.045864103,1.148281322,0.880162933,0.9494823277,1.02673886,2.64220255430927,0.6454400300001188,0.4602721088,0.3472576531,0.280640663515898,0.08830988252529055,3.634483349,4.61732749524301,0.08077404205882742,0.02737588652,0.016282118441536975,-0.3405937874963645,-0.01571758530016909,0.006769897445332393,-0.05760841597,0.1440999415,0.0249056187,2.022221248,11.878403494465342,1.37,1806.87265,27.83450739,-4.071949123,0.08839355903261992,-2.194835207909093,0.39171061451045097,-1.993741757,0.07148216861346351,-0.9136470018975592,-0.1973009995,0.2819381163,-0.3055767151,10.05365156,2.4191112747437664,5.098681808,18.19910121,11.38785599,0.1589628302,148.4661771,0.1046423742,91.64911280956484,9.531400138,25.48210926,0.0,33.77213846,0.0,0.8521976571047839,4.063660466621207,12.55856009,0.8204414768769566,0.0,-0.05225932502,3.9134468414458476,-0.004579538722132834,1.8163221961735472,0.0,45.32810515,4.736862954,0.0,4.82631455,2.551749448158696,0.0,-0.8223724953341424,4.04427793875388,5.352960322,0.0,-0.6944507645965793,92.79,4.08101679043242,9.016616807778762,0.6971093140898166,1.398029086,0.0,5.09865536441122,0.7025385316,0.32468483885576965,0.09315436814,0.0,0.22332717218403242,0.6491031098917353,34.95290064682135,31.10502635
150.0319234,156.206539,159.1603498,163.8868928,3.333333333,157.2446397,3.113809302,6.2368140139022845,3.277798354,46.3161155,0.4735632184,0.05172413793,0.6633642471944085,0.9138890180801449,0.18737627697236886,1.441695765,116.70269126069155,8.243428901984537,12.7037037,65.18427069,-6.987654321,-8.75392929623214,-23.33912513,0.7083876247,0.43144215647098705,-4.99,0.05309485779771887,0.46180857490566407,0.9509121629931581,4.034404612215258,1.374984511,0.5137647884,-5.618388580774949,0.00626,-3.2301683884276726,8.447234839174557,14.607688812556209,5.563451492,36.12541969,15.962859507196027,0.7813521278111111,0.02643678161,0.03685576567,0.8344086022,0.044283219178134624,0.6464552239,0.417852205,1.139013548,0.8910407510265983,0.8172758043,1.015335711,1.079793341,1.067534446,0.5895628167,0.7600882234,1.096622441,0.9684074836,1.107127807,0.9125290559,1.0226223499086633,0.6795527325739685,1.133037745,1.009989936,1.227973926,1.122695347,1.195962820860804,0.8945610523,0.9168437758,1.2372628485661379,1.040555871,0.8946706813672259,1.101681489,0.828845394,1.0656753787543227,1.076374292,0.9597458825,1.015941578,0.9533240156,1.101915485,0.9918291265,1.2500036248716402,0.7480779232645272,0.7918367347,0.5303996599,0.23161192354564183,0.16205082346106667,4.116868586,4.485731561488972,0.0661918563698435,0.04369565217,0.022785725958371937,-0.5983416414893046,0.0945454589350527,-0.06735228826448993,-0.05211959135,-0.04499306922,-0.0777105292,1.739051451,10.847083602767094,3.08,1938.84303,23.58636935,-3.649761866,1.4930121067415723,-2.5145168637803272,0.9134001747397575,-1.558879283,0.21176701184608657,-1.0265093868576247,-0.2902369734,0.1614657941,-0.3975945656,10.63357721,11.061512380905342,9.780484743,11.60093989,17.57815784,0.1566042528,18.57797643,0.1515873498,78.60035986073055,9.184952232,25.06523039,0.0,11.25737949,0.0,0.8524853920635654,4.2293008386258615,12.1382594,1.327035919272039,0.0,-0.3850112797,2.7089492117582,0.025248447823919523,-0.5172180248627916,20.55972478,32.82722828,0.0,12.74095804,4.901125933,2.4689125728129837,0.0,0.5347851782699085,-0.36400417536328633,0.0,0.0,0.16275629616878842,84.73,4.706350959204279,13.844477710653392,1.294683487131865,1.87686333,1.525937163,2.6865756337817137,0.8850253181,0.21307238157075767,0.1293264808,0.0,0.1071156210646209,0.7792339198815279,51.107591685217976,28.00929632
144.8592369,153.1948839,157.8095517,156.4750018,3.357142857,156.9958077,2.261235955,5.518127688745835,2.130630631,50.88332424,0.4787878788,0.02272727273,0.6687398387707173,0.9251925592016242,0.2515361154298833,1.712429814,58.02385784421754,12.117839539685278,11.34122288,56.72583826,-5.509533202,-8.585387844897628,0.9381985536,0.6791339464,0.44267712384337154,-3.12,0.03383627690511558,0.45185070638867514,0.5570492444920843,8.169593508550863,1.953354089,0.779650563,-4.026785088187425,0.0613,11.150738516768566,5.21905855053892,7.618344160784286,53.60555146,0.0,0.5011355979679877,13.961011104340429,0.02121212121,0.0,0.7893939394,0.04807916977603191,0.5371361659,0.4872848997,1.317071019,0.9290534475399082,0.9277488374,1.376667884,0.9640905543,1.105142608,0.9835220199,0.8639504346,1.064883491,1.121568314,0.9891393624,0.9332383528,0.8785219766290564,1.3977210798893496,1.199617979,1.069699868,1.128096604,1.332510873,1.1199175278796307,1.140732324,1.02407872,1.3634917199056948,1.105640973,0.9400620675891148,1.091268175,1.10130052,1.0675215610323918,0.9005321662,1.023197291,1.197610234,0.9347662102,0.9831514515,0.8590729933,1.0025990234204065,0.7653316018414239,0.2719274376,0.2777777778,0.3025229256080596,0.2489687276531572,3.33204813,4.388283275898922,0.0675018711477349,0.03963541667,0.020054640715445562,-0.4951803981317149,0.005763899791072141,0.06371385196281507,-0.181512605,-0.02067321311,0.13761072,2.091157407,10.351346426134487,1.75,1554.327602,20.22086225,-2.562244436,0.8462615673014856,-2.0293797184123763,0.7413091735549199,-1.184396756,0.12142926024689565,-0.9413568530629591,-0.1617551175,0.1009398481,-0.1232613423,9.303962602,4.0999839017885495,0.0,6.066367068,18.49765353,0.3083900449,61.30429595,0.0735038836,97.35869945984311,4.736862954,14.53505669,0.0,28.39474731,0.0,0.6533745530866741,8.604599330534489,0.0,2.842108404617384,0.0,0.0,4.704971367579496,-0.02439011238112089,-1.8867693813028827,0.0,21.64485423,12.96557803,0.0,4.893937783,2.483845754123241,0.0,6.2656956244808,2.759738125676804,5.259278072,0.0,1.028114858404568,39.94,4.259718818461781,11.636689321142754,3.040407258347936,1.024334766,1.685364964,2.7827572990421334,0.477495456,0.3749277424047244,0.09033189192,0.0,0.21222676507976806,0.6595054152407707,48.80836968588857,23.98816943
148.087398,153.20103,159.5577868,157.1947602,3.677966102,156.3306909,2.608391608,4.200854225157144,2.384582257,49.27242716,0.4744444444,0.0,0.6636260940122419,0.9268984102387956,0.19086152918343374,1.625579303,86.52976823757278,16.092685675901762,14.13609467,67.12130178,-9.403846154,1.796598640784973,16.65236686,0.6833808251,0.4233413932176135,-3.13,0.08915322085598858,0.4375486111881284,0.9500407388539791,7.242008094125026,2.017497412,0.9454088357,-3.914786466061578,0.18,-0.30089497708107427,8.429420282197448,28.425564094310015,52.80408356,5.693927995,8.445899283196248,5.679726454010569,0.02555555556,0.04595959596,0.7595959596,0.0373635845796499,0.5723827699,0.4675295088,1.155189703,1.0856569015494708,0.8639795699,1.067828771,0.9225906489,1.17255152,0.648737338,0.9242434666,0.9119356312,0.9755859758,0.8687431111,0.8237364881,0.9770626677684842,1.11409252168584,1.187727825,0.9979421523,1.364435217,1.329602795,0.9969299063237239,1.11790151,1.018456598,1.2280458517995658,1.172312798,1.1738661998859188,1.119506915,0.8589733477,1.09012157491636,1.059096432,1.06176533,1.162356148,0.8453713461,0.9138338655,0.9438691875,1.7779418981316468,0.5211811588663233,0.5683446712,0.4010416667,0.32737457019449,0.20761560786397357,3.682942306,4.626104131628581,0.06379616206636071,0.03655555556,0.023879832123463746,-0.3366705479389842,0.039512502044362956,-0.15356142078446705,-0.06444748699,-0.0653762998,-0.008564166544,2.026898024,10.018309751256727,1.25,2365.439318,25.4450337,-3.401003974,1.1545443411141625,-2.7423490784853075,1.086466774822256,-1.592536725,0.2358475519416481,-1.0394550897130774,-0.1695724603,0.1604839975,-0.1950265088,11.05045608,9.617073789696285,5.098681808,12.13273414,11.21062871,0.1571462582,29.94895596,0.1124055485,52.27336824810655,4.794537184,25.06523039,5.733667477,22.51475897,0.0,1.8492074893108774,5.366677243653481,12.33728461,1.426631345676824,0.0,-0.1433771778,5.182565242296762,-0.012888971069897155,9.94650218473473,0.0,38.74513433,12.96557803,0.0,5.015075563,2.4214715381200524,5.486146944,-2.0533280175824236,4.063378584778947,0.0,0.0,-0.565450121502902,98.72,4.311634902578138,12.49294240292,8.139544103803193,1.772567902,0.0,2.697864259052419,0.6759707009,0.31277523070127794,0.1476931915,0.0,0.09911977567897759,0.9166313217861368,37.76971191524125,29.75240743
151.0770598,157.4928608,161.5167312,165.4801252,3.333333333,158.8700586,3.438155136,3.3033415380713578,3.588333333,44.83319919,0.4587848933,0.05172413793,0.6402268839385549,1.0435614254782295,0.24812356682080183,1.441695765,61.961402896765954,11.733207283344107,12.7037037,67.92,-6.987654321,-10.249280076881245,-31.28888889,0.7083876247,0.42721079352433355,-4.44,0.03434514838552252,0.4159148124029648,0.8470313029786991,5.627814407528193,1.4638734,0.6026536773,-5.95421922179503,0.0164,6.406237996733756,8.874064847642158,12.69551086071648,23.7625527,17.92631849,13.589944494949872,17.94408006517421,0.04121510673,0.037809206,0.8482334869,0.04452023078021018,0.6464552239,0.3797743056,1.070157862,1.0175818081766883,0.8555334806,0.9861077441,1.079793341,1.042659927,0.5793952149,0.7990447809,1.086937327,1.005097518,1.102853439,0.9776988473,1.0512183332750378,0.8732459407570003,1.084983498,0.9836083728,1.090092615,1.122695347,0.9930009174607499,0.7726364,0.9164786116,1.1219427184052768,1.014309764,1.0386271283662705,1.159803855,0.809851389,1.1581738524507135,1.030856918,0.8841697273,1.030931222,0.9465385515,1.095833333,0.9702446254,1.8410165685446316,0.681021437882954,0.7918367347,0.5303996599,0.11311791924049744,0.11967659563675154,4.027979697,4.740478135351761,0.0764655302853915,0.04369565217,0.02056882202855946,-0.3141870633788023,0.2781986411131136,0.004540705119334028,-0.06034190564,-0.0343190535,-0.07778711337,1.700162562,10.648582836394066,2.97,1662.438993,26.45511908,-3.176556581,1.6898335312082184,-2.922954587326668,0.8218257998257251,-1.753879269,0.3327810382641961,-0.444998857675913,-0.09593108939,0.3915319689,-0.2395620815,10.63357721,6.206437330377755,9.780484743,0.0,17.57815784,0.1508001707,7.093020615,0.1459692046,70.01892619550354,13.57536728,25.06523039,0.0,11.25737949,0.0,0.712656040396447,6.601477371102469,12.11524822,-1.1778884861136274,0.0,-0.4120174526,3.580195361429539,-0.034183424947975743,6.230035853721153,24.95013983,32.82722828,0.0,18.55817888,4.901125933,2.4586015190770127,0.0,6.09275905388984,2.7472482825522535,0.0,0.0,-0.7940541524210368,84.73,4.323607100556035,9.42961005881359,4.382117863241938,1.828852356,1.506095893,4.0840895695276584,0.7590371604,-0.02728347421713012,0.1293264808,0.0,0.2927246674031212,0.7008178030877367,53.87317838581971,29.36086894
149.9187909,154.9079963,160.477258,159.4589013,3.724489796,160.5607472,3.538748319,4.965482984622307,3.300925926,44.95577929,0.4751488095,0.046875,0.6638480266834753,0.9639864183883313,0.20264576451297556,1.444096076,93.97217182049353,11.307725267300725,7.216387506,56.75755747,-8.440470801,4.488175716344997,14.69070972,0.6950597415,0.43984848076574645,-5.68,0.1647846760661516,0.48087902098775936,0.7550394598872221,4.880471528238138,1.761885858,0.7394656915,-4.0137583753168995,0.00242,3.4214120285203435,16.93819507469003,0.6148981829263462,35.01993218,11.00912301,-1.8150896164999288,18.137103767939962,0.02485119048,0.01713564214,0.8483405483,0.037791411604945604,0.7527016488,0.4196733267,0.9714820571,1.0042239174952285,0.7834514229,0.9310370561,1.086093404,1.087356342,0.567462287,0.8487908568,1.269298388,1.100561952,0.9920579794,1.09194033,0.9225109861026096,1.141857966568732,0.8355193208,0.8708348326,0.4943941141,1.08895959,1.0766566840780818,0.9667770923,0.9687750631,1.2309750466122653,0.9801524505,0.8464023690021578,0.9717390284,0.6241314525,1.2078514343675135,0.8671020997,0.8104514615,1.217840469,0.8798634497,0.8950373773,0.9609871952,1.9320772038934542,0.605066194276274,0.8180952381,0.6137329932,0.2295871099726688,0.1997026428408104,3.792702994,5.198199427852446,0.08336270108992923,0.04314058957,0.014027647485958663,-0.481544754106931,0.23733696248661348,-0.09653599809104771,-0.04252493146,0.1042595449,-0.03503188778,1.897102744,10.260025096488768,3.78,2524.927034,25.29917495,-4.041443852,0.144664701876406,-3.109663746721547,0.35565021508995354,-1.553313578,0.638031930409833,-0.39785956216673474,-0.0619121021,0.2079029875,-0.0663329461,5.316788604,-1.358985351794873,10.19736362,6.066367068,5.693927995,0.149199604,20.79042573,0.08931774965,-48.618378600012164,8.780830095,29.36252149,0.0,22.51475897,0.0,-0.2103865406910712,4.115862314615569,0.0,2.705676176357531,0.0,0.151582315,4.592364359140923,-0.022131604233764198,9.7474018599257,14.46821637,34.47495837,0.0,18.55817888,4.859423894,2.533520902608279,0.0,-0.07670522544537761,1.4640702520478142,0.0,0.0,-1.9900451310057152,72.93,4.729534332177165,1.2499943625511118,0.692318595535919,1.895940263,0.0,3.844171757855909,0.9245101949,0.6879673583688173,0.1048899075,0.0,0.2891330704866353,1.2067327710737297,56.28942607182765,32.54089629
146.4327135,154.0555887,156.2294845,157.4069102,2.953846154,156.5939366,2.394249513,2.686596828558704,2.440262843,50.39199382,0.4777777778,0.0,0.688042852804414,1.084979986372917,0.20852062310848601,1.6827229,104.33699151577908,10.945863791853577,8.848700605,46.83588466,2.772872909,-8.746483671060357,-10.09398362,0.6725050447,0.44163484778589407,-2.3,-0.06489651779768874,0.43334944452593016,0.816164744237078,1.7089671816645016,2.127701056,0.9533834908,-5.200257042674276,0.143,-2.3069708933801345,3.2142019699634923,12.003409672815335,67.322539,5.563451492,8.086321968910536,20.96396386169807,0.02222222222,0.0158781362,0.776344086,0.04754651935494151,0.6649098063,0.6043859649,1.217379077,0.8520668595566843,0.9129480585,1.61561772,1.212234452,1.078604923,1.159798776,0.8991088707,0.9490094055,1.017966174,0.9865035396,0.9231515999,0.9072903470542704,0.5348381521631053,0.8247991968,1.08985028,0.6607882871,0.98674189,1.0946162125471353,0.9260445303,0.8635399839,1.1076356981326754,0.9126674766,1.031462840255209,1.129918689,0.9081300893,1.0161851626572052,0.9041516945,0.939231614,1.010022727,0.9123744911,1.062197176,1.079012138,1.6337276062472614,0.7783724433326081,0.4170068027,0.3785076531,0.2569479391813729,0.05623930780218023,3.600219399,4.243945181109635,0.07127078031335628,0.02527131783,0.0212248936801715,-0.4489877149771174,-0.08662538810772424,0.08442426103725875,-0.01342839177,0.07618278179,0.03860514118,2.190791814,7.850163145315026,1.54,1760.410372,25.22661253,-4.398098724,0.5833185702138346,-3.3002881177918857,0.4137148293081338,-1.534311961,0.3017105915397222,-0.6710289756436546,-0.367143291,0.3026446117,-0.05553001206,4.736862954,-3.977129365987537,0.0,30.33183534,37.06428237,0.183220843,131.0975158,0.06935744629,159.67719033680785,4.736862954,25.71944957,0.0,11.25737949,0.0,0.436577844288455,4.13331728815779,0.0,3.1533271104375324,0.0,0.0,3.87421845797246,-0.02639555754303036,11.59101956538537,0.0,41.17114351,11.28161936,18.50450328,4.821039433,2.56105339382038,0.0,5.1710801942653335,0.8524156478907166,5.432232248,0.0,-0.048650781709087446,64.38,4.006296621040583,6.938988578154313,8.040008166980279,6.503998578,0.0,3.316709501353371,0.6998016078,0.5495513980063959,0.0761440227,0.0,0.24093930706293207,1.036334575226144,52.499543553562354,28.84727671
144.8518441,149.9881012,155.3636532,157.6931515,3.032520325,154.5679094,2.82893139,4.542172716394881,2.695365392,50.36298046,0.4822916667,0.03125,0.6685156629773719,0.7233434767618117,0.23409561712658114,1.560052763,78.43464013868132,11.32857874561148,10.00411523,39.47919524,-8.141289438,-0.737849651218343,27.95488493,0.7099052407,0.4319107577803684,-6.0,-0.00424507574065516,0.3388692516712035,1.0251931841382937,3.5925722100367192,2.284998682,1.269061574,-4.094328326570612,0.00274,2.3878848663422287,-0.26218531287884517,2.043030451028031,28.32608003,12.13273414,24.164015761394687,4.408033144279174,0.01770833333,0.04544642857,0.7847619048,0.04321123032494696,0.8966165414,0.6036328946,1.168977784,0.8022510468004275,0.8681259562,0.9734439353,1.25262605,1.189421644,0.4713705458,0.9195295294,1.380123951,1.159431485,1.084104458,0.9958271232,0.9435269660863363,1.0401408941095027,1.073288732,1.041194715,0.9550015946,0.9471075015,1.0659545118787859,0.8686346981,0.7333420852,1.091059187883839,1.116942927,0.8248818790141139,0.9046024589,0.4150866558,0.9465950719726726,1.088137734,0.9808866168,0.9483155915,0.6461930756,0.8244531911,1.040606778,1.7439548486999619,0.6999977336210363,0.747755102,0.5451388889,0.30622178494456637,0.30642674531758146,3.46988882,4.9510208915113205,0.06832364105867493,0.03555555556,0.025813804342913478,-0.6607379656135699,0.17466491762401104,0.10568101313176878,0.03678436028,-0.09808841692,0.08083754567,1.956776304,9.955621527466445,1.72,1583.778718,27.70344158,-6.23262373,1.4972193231479056,-2.53596781717499,0.7196202618078745,-2.17389194,-0.06543277126117347,-0.4706524718638073,-0.6929963442,0.2609508786,-0.2832484972,10.05365156,10.340789580596454,0.0,12.13273414,10.58941147,0.1853540001,59.70582193,0.09678598997,113.7272809655839,13.15465994,9.967957042,5.138973738,22.88687966,0.0,0.9464960553063158,7.075291549518709,22.8538944,5.586682034882433,-3.726252327,0.0,4.071135492949732,0.02586752105881345,9.07300656079787,11.37477255,18.38575403,10.02329115,13.8474744,4.832039031,2.440472544906238,5.152395327,-3.5321625539252737,3.789625401015864,6.203574971,0.0,1.7674711159449776,107.2,5.092853934346323,12.924386549484467,6.495995674512571,3.942310562,-3.726252327,2.6567713111591096,1.382938484,0.3392333882430593,0.2224053718,0.01964185503,0.22543095859103868,0.8653301388527013,48.22693549389123,34.67418752
147.9609889,153.6858859,157.3723122,158.2847916,3.313559322,161.3962539,2.541629027,4.579430527754951,2.600173273,50.24069857,0.488172043,0.03225806452,0.678405860886139,0.9390899863874859,0.23892116568847682,1.551691863,35.18409308747413,14.686023954776681,12.75,75.74556213,-2.8125,-5.769928072562983,-19.08481262,0.6841461785,0.4262798891604362,-4.85,0.02128706926281846,0.3769711809641237,1.2144177116515802,9.474963454885467,1.948806929,0.8084442311,-4.7080903893457355,0.0132,6.17780389336762,6.333099206173728,17.2352190432366,46.02638289,4.895483476,33.11915329289452,14.281888865431133,0.01182795699,0.0302378625,0.7686868687,0.044104810067153645,0.6275510204,0.4858885136,1.202428832,1.0141188181497587,0.8419519833,1.14525196,1.099378882,1.170031011,0.7677770956,0.8883641275,1.104223281,1.134299115,0.9967102316,1.101451631,1.048375729332601,1.102261253603569,1.036806387,1.115373092,1.093347265,1.140435835,1.0782448314167128,1.130021224,0.9966874993,1.0396357756387293,0.9887735485,1.0920810830968999,0.920388143,1.081734953,0.9668592019176449,1.027397085,0.9392508828,0.818590741,1.038133593,1.009299348,1.026507014,1.9988606843153587,0.4865799192739501,0.614829932,0.5130385488,0.39656599085520206,0.17996631121147716,3.751632789,4.901713269933096,0.06795516811185781,0.04176767677,0.020730810928941735,-0.4907777509940433,0.17241490464936943,-0.10904982874853236,-0.01507438131,-0.02037667222,0.08008636736,2.135101973,7.764625392025609,2.51,2480.208982,28.83810036,-4.27403285,2.8105808150386533,-2.438679746243667,-0.10282337742606318,-1.305590239,0.7259841338934825,-0.7124479772814531,-0.005907292768,0.4375679667,-0.2402819089,10.30076712,5.7476737444593775,5.425791397,18.20875424,23.62654039,0.1590730809,31.87239538,0.09303964791,40.727014310128595,0.0,25.38663948,4.992404733,11.38785599,0.0,1.8826308159099554,3.2330717228429404,0.0,-1.2967652546526174,0.0,0.9473948809,1.5443828724562878,-0.014788019165783399,11.397158513626074,5.687386275,32.55515263,6.544756406,13.08951281,4.848683342,2.4676307366733297,0.0,2.8154034847971863,-0.8273863821172676,0.0,1.723645122,0.114278315477878,83.3,4.663933766999907,7.626165214009647,5.927865803237175,2.559945921,0.0,3.5347372992850175,0.877368674,0.3959547620479762,0.06365387513,0.0,0.3528449470820429,1.0077347677602755,55.32473618994945,29.27400652
148.829875,154.0428157,159.3427908,160.0952576,3.495145631,161.423908,2.689671153,5.289382167998065,2.671920572,48.24675953,0.4838095238,0.03333333333,0.6553060146433499,0.9100179345156774,0.20581244391111994,1.540249265,90.71006142847168,6.937403329789737,9.715277778,57.22153635,-5.932291667,-0.9210449684457149,-25.06138546,0.6833808251,0.4428156475514175,-4.44,0.058468065522074404,0.41872500797573386,1.056819163796859,3.179139782546342,1.81140835,0.834147917,-4.643610391912399,0.0106,1.5132462178214166,0.5086364699081072,15.410990337036836,46.02638289,6.338535363,11.779353718754653,15.45008126164274,0.01619047619,0.03226190476,0.7839285714,0.037535528501498654,0.6637198622,0.5092463032,1.250822375,1.0050155695944323,0.8057494171,1.166012637,1.119086918,1.212996507,0.8298341201,0.8696137268,0.9965119889,1.134631669,0.9902942471,1.107256873,0.975097377109389,1.216461035217719,1.056744435,1.070346036,1.098467501,1.111491088,1.2279332542536032,1.150244392,1.097795047,1.3019923850528845,1.003663173,0.9342183065155175,0.915574141,1.032407196,1.0366260685347837,1.105024224,0.9060656806,0.866330618,1.004129039,1.023400634,1.048712911,2.300772935550862,1.3634031909365687,0.5331972789,0.5538548753,0.20712687772511928,0.30346779985969785,3.773554151,4.43791268150948,0.04855737168197218,0.0408994709,0.024523117417778746,-0.308143070137352,-0.06805700441653567,-0.09215419880212708,0.04257371511,-0.06369898415,-0.01242118056,1.990643971,10.024110848295448,2.51,2276.262954,27.98519088,-3.310886543,1.0206604477610481,-2.5867735682096566,1.2540383336268053,-1.496468881,0.15190776799151684,-0.7633872218923387,-0.2755620822,0.430755816,-0.2040060005,10.30076712,5.797016688577458,5.425791397,35.8760612,34.33655998,0.1609121365,36.29417231,0.09440808459,222.65285571256848,0.0,25.38663948,4.992404733,11.38785599,0.0,1.3246854634572183,4.709500188165009,0.0,0.9030396369061485,0.0,0.922731149,4.029733103743572,0.004947514460213116,7.086660942625945,5.687386275,26.29938345,6.544756406,13.08951281,4.848957738,2.4915807193480415,0.0,-1.3978156469407241,0.022863170661167276,0.0,0.0,-0.16642295172887764,83.3,4.49233660559259,10.269589571552345,6.450954989360863,2.467258137,0.0,2.0949167690432566,0.8257433967,0.22505649046312717,0.1108994343,0.0,0.19247650863948756,1.0215333593912297,56.01301901224568,31.11647891
147.5978611,157.8321886,157.1610552,160.7924871,3.30075188,161.2686912,2.445249597,7.464325304729698,2.30734127,50.93265931,0.48,0.0,0.6743198063715429,1.003941236226967,0.19916940065066488,1.659158216,95.42029311690052,15.033140978208166,17.59183673,95.75510204,-23.42091837,-6.8913124822824,-134.0714286,0.6888187153,0.44032949892641926,-3.99,0.1128961427842014,0.4409546980271503,0.9140838596965007,6.078518683770678,2.315494246,0.9627883386,-4.785456231416808,0.0144,8.14056065793553,13.199343067976347,22.078554046614933,70.99110724,0.0,25.367602106899998,7.2205885010504485,0.02,0.0,0.78,0.04658765510211558,0.6028183716,0.4872254059,1.418977275,1.0735450010288954,0.9924155931,1.635793006,1.086986778,1.047773367,0.8086185044,0.7696552482,1.101169241,0.9891450263,1.078228218,1.092232767,0.9211713953140106,0.8453678541103122,0.9209003747,0.8969788832,0.9377631241,1.045489507,1.1601937793570458,1.176815358,1.028415375,0.9756486455121487,1.128760745,0.9725699441584176,0.8508560912,1.183776933,1.0536366449443177,1.149116523,1.135099677,1.148701918,1.092100555,1.230211318,1.091952783,0.9568221529154878,1.1783971029973808,0.8187301587,0.6345663265,0.23352030120027437,0.14999686922729483,3.491860676,4.697932147491905,0.07363062049506955,0.03414251208,0.015939042167192732,-0.3542885646121486,0.17332064583309734,0.017511637025383976,-0.09325959212,0.07908645055,-0.2040327227,2.251293462,8.92499973622261,2.3,2137.502982,25.76288881,-2.833120026,1.6043212880738935,-1.7465647698641393,0.8349171108873502,-1.712049124,0.37791077682380586,-0.8162957989985736,-0.3516320659,0.3456944555,-0.1783070703,9.467009379,13.0747167523545,5.098681808,18.20875424,35.29333391,0.1662440571,3.860452175,0.05993567359,99.30896517133289,0.0,29.21545116,0.0,22.51475897,0.0,0.029333208714966252,5.419366545644955,0.0,-2.840076298195346,0.0,0.0,5.336164512173504,-0.0071692019546030755,0.4637496016346576,0.0,49.85555154,13.08951281,6.9237372,4.945982674,2.504551591250995,0.0,-3.5590859588071173,1.0978851237396572,0.0,0.0,0.15617575321148394,51.77,4.435028976932812,6.3525028264590215,11.403439605103717,4.838045859,4.220524565,3.5790961178580063,1.067258904,0.6366824982068924,0.1288113406,0.0,0.08490636308889518,0.7295509176308496,53.12263187076839,27.46169931
146.2472804,155.0665108,160.0276797,159.9665408,3.226027397,160.4586872,2.301198257,4.434744647070467,2.331757289,50.61721457,0.4754901961,0.0,0.665252630617173,0.9735187284749102,0.20712682961110848,1.669179994,94.77763556438904,8.640518618827121,14.48652053,93.66565886,-5.41723356,-4.907013599558387,-42.11413454,0.6737412396,0.43579010403050006,-5.02,0.027995772812043945,0.42451986409701165,1.0789692254227705,7.691914766848963,2.454275736,1.022323364,-3.8587819051216132,0.00361,7.317300114405034,3.392423245427398,4.5949032714523605,83.89487604,6.420821623,-5.491622543868154,5.0075266973206025,0.02450980392,0.0,0.8039215686,0.05495948625945467,0.6592034203,0.4998098034,1.341906357,0.8350166132175003,0.9885089361,1.385687364,0.9870040283,1.169470853,1.02202004,0.9218194606,1.201758997,1.102617453,0.9743470307,1.170926028,0.9966410232606551,1.0559007889673269,1.167587636,0.950950482,1.211932411,1.059541571,1.065236960286076,1.16071508,1.03738592,1.2977387241295963,0.951149575,1.1167798449101296,0.9557179295,0.9964098172,1.0010670990886439,0.9101594863,1.019900356,1.014957504,1.075495661,1.057963164,1.041049839,1.6684453708877194,0.6903103027843196,0.7340136054,0.5217191043,0.23211547476914646,0.1502726086312828,3.523004188,4.523002046656454,0.06873540643845773,0.03283333333,0.02074474621358354,-0.3652019246948023,0.261568819073993,-0.07951345844435917,0.01987775498,0.1411001885,-0.04150680153,2.176777181,14.834146818544422,2.52,2336.466524,28.28447932,-5.251998152,1.0455613446451029,-1.753455322924715,1.1021348624297245,-1.940031414,0.5246143116254869,-0.811259775231229,-0.2424870751,0.3372714553,-0.08202178319,14.04082556,15.857584322031247,5.098681808,18.20875424,41.90021587,0.1456046687,17.84970761,0.06484728411,22.842930030724588,9.473725908,24.31554143,0.0,22.51475897,0.0,3.0018497782753983,5.541583188749468,0.0,1.4025559897932554,0.0,0.0,3.5804684258289674,-0.02849484040085977,13.768160359609075,0.0,43.81933209,22.56323872,6.9237372,4.942378428,2.4584435563496445,0.0,1.6451902751949232,4.1680757493717255,11.54632504,0.0,-0.1559429592664163,66.99,4.505176272894001,2.9633978891294364,10.786035489461959,5.186592111,0.0,4.211764115493314,0.8190725202,0.6656182558765389,0.1288113406,0.0,0.23342550614362928,0.6854401103335181,44.34629976437481,30.02085899
146.6934932,151.7346049,156.4534982,154.8694075,3.780487805,157.2106152,2.585518102,3.2811660142518293,2.42440225,48.68718614,0.4791666667,0.0,0.6415520837448551,1.1177862089566926,0.21655819531405912,1.676679689,111.24801616981337,11.142119879998344,10.82117028,54.62984878,-16.59434583,-3.846947267403633,-45.90664037,0.6706519733,0.42839539343166533,-3.86,-0.0638334875199349,0.4817056833375373,0.9369623289943687,3.229502241085237,1.738216665,0.6770864604,-5.484819505360501,0.0234,6.825061307549454,1.8237065344328358,12.842121233297947,51.4807728,0.0,24.246300561549553,22.71605443370474,0.02083333333,0.01933333333,0.764,0.03616635536614199,0.5582902205,0.453322684,1.134124049,0.8780246301245264,0.8087763166,1.145238383,1.000269978,1.171483515,0.811582298,0.8306297425,1.034833562,1.119566292,0.9641591692,1.148448627,0.8787130979159329,0.8623071174825094,1.047057063,1.046496374,0.9849907897,1.200323974,1.146155449713965,1.131839,0.9908930956,1.1562721269688316,1.139602858,0.8513113255098405,0.987697696,1.247896255,0.9349116543696284,1.113357116,0.978669644,1.10844714,0.9778018234,1.084651032,1.071483421,1.9299009746316895,0.9429212746582232,0.5689795918,0.3315972222,0.20425530951696366,0.12782584220886306,3.547185554,4.693287410054818,0.07109234482855425,0.03904320988,0.01792408583033097,-0.4312174021118914,-0.06490106252777017,-0.05291935598901608,-0.1814485991,0.1143808457,-0.1888823613,2.114904573,9.787401094982279,2.02,1782.335708,21.23321958,-3.052922224,2.685738920618319,-2.4538373417432595,0.14675162679842102,-1.151841564,0.4529182544665439,-1.0864278534130474,-0.2127517232,0.3868126365,-0.2556954959,4.983978521,7.431763542451542,5.098681808,18.20875424,35.29333391,0.2097399158,41.20627215,0.1019598315,151.7124569131094,0.0,24.73242031,0.0,22.51475897,0.0,1.0232038107387413,5.082604869922813,0.0,-0.37056783203239185,0.0,0.0,4.330588643672471,-0.002070856938822616,4.007241666341153,0.0,24.73242031,6.544756406,6.9237372,4.929552615,2.5106400074742665,0.0,4.164626806726829,2.5573520656477573,0.0,0.0,-0.9071862756015471,59.39,4.553713727513392,7.283847891291333,2.313283391353279,2.806967831,0.0,2.3672602518873176,0.6673631067,0.4157473456623653,0.1044262599,0.0,0.38242034606146436,0.841824116600922,52.8838228057986,25.00643644
144.775219,147.1915212,155.8267923,158.771623,3.202380952,157.4010174,3.14172163,3.8998039197526646,3.324057208,47.09045049,0.4820512821,0.07692307692,0.666008879781924,0.8308282244624355,0.22980800944542792,1.625955818,65.5534414678353,10.790664868402866,6.147928994,20.81425475,4.351742275,-9.275011290851966,46.83666529,0.6959864369,0.43218050422693277,-5.65,0.08494681026075415,0.3395851211735751,0.9004112324016244,6.0691113706915365,1.861104431,0.7315211542,-4.259560759220188,0.00116,0.21119294763313912,2.347396599692549,-1.1453268134591283,0.0,18.19910121,7.336148956608037,12.438600882324096,0.01794871795,0.03891941392,0.805952381,0.04022655745162667,0.7240049367,0.5499137854,0.9203991109,0.7160765730946606,0.7143467684,0.7765750213,1.139701551,1.116963593,0.6167583804,0.9105186018,1.212874598,1.008740849,1.108215123,0.952594945,1.0113234100709576,1.0883919409158331,1.076988932,0.9821725007,1.027062828,0.9526380747,0.9333873315757942,0.9704861299,0.987686915,0.896060773401093,0.9183002771,0.8401402831529908,0.995896079,0.7314889713,1.0405343924827632,1.024197882,0.9065594642,0.9632520521,0.7863925804,0.8072723091,0.8693869923,1.4221147863325654,0.9777683413328022,0.386122449,0.2864583333,0.24805566795786252,0.2808563552347018,3.424297788,5.043598662081126,0.06196022080103759,0.03749287749,0.02439046836127447,-0.43747068608961637,-0.03974014605701674,-0.047409418116409384,0.0360866479,-0.1164609041,0.06598173248,1.819003949,7.11785227668987,3.26,951.9338672,22.01041359,-4.02754587,-0.26728229634122447,-3.107739562743572,1.1081001624739637,-1.308588109,0.7126602679317107,-0.6834734345325023,-0.4286383181,0.4802769356,-0.240679363,10.423316,7.035210401683761,0.0,17.66730696,22.2842392,0.2637362504,78.43899978,0.1524323098,120.48436543029234,9.496942443,9.967957042,0.0,17.00689132,0.0,1.9237789259768632,5.991051074782065,0.0,3.6086728608433907,0.0,0.0,3.443866385755051,0.0163440645541633,1.9537170218465434,15.7651876,15.07448444,0.0,5.817220841,4.864588,2.4726497666466294,0.0,-1.7423822488811718,0.02676566086809995,0.0,0.0,0.6256991955431039,58.04,4.579282382700393,9.34473292178634,9.130288074966305,0.0,0.0,2.1228128542664906,0.727356777,0.5401860194252264,0.08469947665,0.0,0.10012060394336013,0.9788223518931537,60.0077471324947,28.6523244
149.9215863,153.2231385,156.0873279,156.7402181,3.455357143,159.811369,3.03894081,1.6684840635082132,2.917866941,46.90235383,0.4808080808,0.01515151515,0.6407663043792681,1.0365371193778083,0.2085671222418529,1.464208038,100.24317774608662,12.990710987643919,10.8792772,61.56200607,-10.59207997,-0.2048171536802963,13.88222479,0.6954248033,0.4316284815825233,-5.21,0.07919495443432664,0.4334941650727785,0.8290562496108939,7.554773175099166,1.878696814,0.7310629905,-3.932266482711596,0.0183,-2.7642247502122133,8.957275163128637,19.51562792087816,28.16193619,6.327320075,20.177583266252785,15.476209724359162,0.01919191919,0.04402356902,0.7842592593,0.043698613200963556,0.6951708023,0.4712530987,1.100146157,0.8593110264147044,0.7696251407,0.8132428522,1.152706687,1.182124876,0.5108919971,0.8483334008,0.992438935,1.122740841,1.020155448,0.9676971736,0.9910449243374747,0.868066094201853,1.001590804,1.12448727,1.006810245,1.038069374,1.0875817991875976,1.095328816,0.9767755275,1.1381569531493378,1.038395451,0.9227912342115715,0.9580830047,0.4895083172,1.1207008696760097,1.033784504,0.9975627089,1.165863699,0.6330643064,0.9177407739,1.054195681,2.6106795193004277,1.163632433651252,0.734829932,0.7387329932,0.3558343985063337,0.1329340369800666,3.793728528,4.804438356124047,0.06458019094852581,0.044138322,0.021017040193312627,-0.5351829757688809,0.1977258877863517,-0.19878262675319844,0.04857823646,-0.08990521132,0.06739460723,1.945794737,9.602916537059121,2.01,2624.044637,30.06621847,-4.158371024,1.2069144426268295,-2.557764028038271,1.4439339770327875,-1.377038032,0.5340411398582074,-0.7512060710451222,-0.299926762,0.3267209139,-0.3304276365,11.05045608,11.93424423336986,10.19736362,6.066367068,5.693927995,0.140427677,128.4215519,0.09533335505,120.24824425158975,4.794537184,29.36252149,5.733667477,22.51475897,0.0,0.6520633257731422,6.460411087362059,11.30015538,-0.7350854214443534,0.0,-0.1191489073,4.668304289174366,-0.027014122059125744,6.444286770508878,5.687386275,40.3821381,0.0,6.9237372,4.859076679,2.492086472346052,5.309393804,-3.825857532086602,1.2617014330411767,0.0,0.0,0.06594214605760862,116.02,4.560818545759745,4.7465661626643065,5.469779536840741,1.934878506,0.0,4.826893303168539,0.9407809356,0.41841646891519746,0.1245317625,0.0,0.15959722554946096,0.852475860562894,46.1138158807499,29.89809159
147.1820149,153.4795538,155.7123705,156.9596397,3.034782609,157.6497143,3.005393743,3.0434452336219153,2.876068376,48.91808,0.4722222222,0.0,0.6476792395070577,1.091920993171727,0.22328500442944121,1.600638701,110.39081688118966,8.264043141478712,11.08304498,49.33564014,-0.9134948097,-6.730514402769448,-19.85813149,0.6920312592,0.43406410545040236,-3.77,-0.09797004967607371,0.3455532696382563,0.7363296686835341,5.729432915543505,2.062752147,0.809494363,-4.187601130847936,0.0734,-0.5273093156510642,4.089511029559834,17.689764046836128,33.77213846,0.0,13.76320979752643,4.633439642857604,0.02777777778,0.03236111111,0.7854166667,0.047069990782088844,0.6268436578,0.5452365016,1.1614955,1.0188591687271344,0.8870558559,1.273009574,1.079168343,1.060724935,0.8017522325,0.8786172393,0.8510924523,0.9846160342,0.9995415387,0.9048572102,0.9377810936352603,0.9613571063107209,1.047161619,1.149799635,1.364320662,0.9484417083,1.2397204511282918,0.9614227774,0.8809349247,0.800052855404902,0.8751369113,1.087579103000124,1.068306732,0.6045779587,1.1727081096454193,0.9805971459,0.950632126,1.015685971,0.9485205852,1.024096386,1.118169519,1.5488908426349666,0.6807997739805914,0.4806802721,0.3420493197,0.17993178516563996,0.25925221892844497,3.609673195,4.778763312977002,0.06436732738215721,0.02398989899,0.0241221593381219,-0.3361887592878065,0.10616305833073944,-0.05046217016154641,0.04176275362,0.0340408739,-0.04858408434,2.004919144,10.881664885280472,0.95,1359.879051,26.65185095,-3.348389093,-0.16989245450769186,-2.572605055981335,0.23513104845126015,-1.299248066,0.14487554713166556,-0.5764879227740605,-0.1422831748,0.2972729381,-0.337707163,10.05365156,1.1129771662363384,5.098681808,18.19910121,17.99473795,0.1606839127,120.9183069,0.10528379,64.39884867329405,9.531400138,25.48210926,0.0,33.77213846,0.0,1.2625431287429278,6.52643238774535,12.15042233,-2.207499486995749,0.0,-0.1261945102,4.03550020413665,0.021383533897986255,2.0887602441966786,0.0,46.3339363,4.736862954,0.0,4.824033268,2.5158112814607465,0.0,0.6565161246683198,0.6908973891309447,4.949871137,0.0,-0.12905178815387824,92.79,4.464797123673054,6.7482780730589385,5.811802845560721,0.9573687972,1.602107478,2.922890135087876,0.5582009643,0.20135972890116227,0.09315436814,0.0,0.23041862377584327,0.5524135168349329,67.00436062487638,28.73446707
147.9609889,153.6858859,157.3442561,157.7077439,3.283333333,161.6377542,2.564246914,3.4087372273238667,2.661155203,50.24069857,0.488172043,0.03225806452,0.6635198609819691,1.232130024665482,0.24769618593815232,1.551484447,51.53837379584461,12.717529824623318,13.75,76.74556213,-1.9375,-5.249456691012751,-56.00460224,0.6841461785,0.4396182609126804,-4.85,0.029348705670134072,0.46111622608616,0.9476969669231531,11.36256963256928,1.948806929,0.8614228369,-3.1208990167006787,0.0132,3.357943574301571,1.4009658118389825,17.45914945572138,46.02638289,4.895483476,31.88398216057341,1.6795914393052822,0.01182795699,0.0302378625,0.7686868687,0.03889096338852571,0.5969387755,0.4810350213,1.202428832,0.8508084479977664,0.8419519833,1.174959601,1.080745342,1.170031011,0.7813184696,0.8883641275,1.020395464,1.158207059,1.012033715,1.097053819,0.8983190458449731,0.8488296686720305,1.072603217,1.127195336,1.056067791,1.05,1.021183423109649,1.14152256,1.089909807,1.173486995753235,0.9047576196,0.8277223148716313,0.8544840436,0.9661400282,1.0277964502454509,1.059640339,0.8774295087,0.7841151186,1.186186566,1.112932764,0.9531486201,1.815447239822209,1.1398524939384918,0.5331972789,0.5538548753,0.3227689553090911,0.16343813695029225,3.751632789,4.530234609005866,0.07584571813108738,0.0390617284,0.025996958938904587,-0.37686981039861606,0.1405198153193693,-0.10306289162091184,0.05878208115,0.04017452146,-0.1093473555,2.107141054,13.139651543517408,2.51,2334.442946,29.21401461,-4.352685478,-0.8750601182526687,-2.5982900700890927,0.9470921334945235,-1.739690349,1.0275154508324398,-0.7214396488220722,-0.01357394355,0.4967982155,-0.2431900401,10.30076712,10.320213181437524,5.425791397,24.27512131,23.62654039,0.1566820121,20.34371107,0.09185342235,124.0550523732595,0.0,25.38663948,4.992404733,11.38785599,0.0,1.5353218480863546,3.807884991685587,0.0,-0.24670338351785437,0.0,0.947518529,3.2428364898981954,-0.018422490479423587,5.0247562914676465,5.687386275,32.55515263,6.544756406,13.08951281,4.849116668,2.492969675912312,0.0,0.6705618483441411,0.5116555308785158,0.0,1.71746793,-1.0592778003523928,83.3,4.4056791536090145,3.3940217282399994,-0.653424597666235,2.56029826,0.0,4.441530304123907,0.8388566744,0.3341339391639511,0.1146849114,0.0,0.18759752793966722,0.6877819179852995,46.66425264104793,30.72059456
145.7399843,151.6176975,157.2517157,158.6214866,3.369747899,159.0802236,2.819333333,3.261809447711915,2.881018519,48.7992792,0.4739583333,0.015625,0.6655989635442033,0.9795967905266681,0.21759625629392484,1.640540121,93.1010001817122,16.094206136580176,11.41046636,65.85938056,-7.743681025,-9.234223891792102,-52.67141331,0.6848636974,0.4367841152872609,-5.95,-0.07486432779350029,0.4228220677588697,1.032742877611392,2.4135444882062598,2.018262017,0.9429088387,-5.013505201835786,0.00229,5.0349327726391655,14.218221319131896,12.518296585324789,52.0212877,0.0,6.5216415854728655,6.512099446055789,0.02604166667,0.0300245098,0.7803921569,0.02507555163214693,0.6426382412,0.4849390068,1.181960564,0.9779578656612271,0.8535014844,1.191630292,1.083304464,1.120570244,0.6428460608,0.894064931,0.8516917766,1.043200668,0.9958436832,0.7215789145,0.8947432863359345,1.164165142002862,1.083811977,1.149643081,1.059323526,1.165312201,0.9533174180834965,1.153994611,1.028010687,1.2090725326238034,0.9866575168,0.6943450066075121,0.9930206748,0.9117261125,1.0459567644747303,1.066937327,0.979682613,0.9284735004,0.9522513535,1.074240463,0.9246652909,2.0834382668219464,0.745835978389763,0.614829932,0.5538548753,0.11745547478048754,0.014778279301740915,3.709658437,4.251310839799738,0.06462583571409784,0.04082125604,0.024129443311814595,-0.3664679206131234,0.11464164375243024,-0.08776223341902578,-0.08789543262,-0.04911403994,0.08541488505,2.018617256,8.712107267949234,1.5,3260.296642,30.53157844,-3.154877816,1.3692668255392257,-2.6164777199401237,0.68497722435751,-1.840477807,0.4513860677536158,-0.778417944992993,-0.5391049505,0.4722204238,-0.3878206079,19.77449303,12.235752288953632,5.261891555,19.05647134,35.25921319,0.1656998431,155.2055286,0.08431228547,75.5639754793742,9.473725908,14.95193556,0.0,40.21348046,0.0,1.87281065797964,4.916591935373305,0.0,-2.6684374215735316,0.0,0.0,5.734495794045708,-0.009622125697987446,9.537882538703116,5.687386275,21.74487787,12.96557803,11.33111287,4.852763733,2.4742344255323605,0.0,2.69568237117959,3.682233149374528,11.0125403,0.0,1.0755782633755657,95.85,4.4151706003438775,13.206334779527158,3.8366195972442863,2.783400981,0.0,3.3206544794232866,0.7211465865,0.4121920996224746,0.06263564417,0.0,0.10307541447082114,0.8152257783100072,50.990628886417646,31.0661429
147.1267119,155.4926101,153.8604697,154.7423056,3.255813953,160.5518811,2.519444444,4.127516313840043,2.7,49.5433796,0.4818181818,0.04545454545,0.6369605914138471,1.066663730364181,0.2159283327725771,1.516857384,76.7822678198468,8.771905956274967,17.56826446,82.06887052,6.114049587,-17.393618941099337,3.831037649,0.6904812668,0.4270815469793374,-5.61,-0.014065043423717425,0.44586877320996815,0.9932170521987366,7.793071159441753,1.964143932,0.950266591,-4.027787540507255,0.00456,-8.001929824877353,0.20923729388452372,16.64899327636173,44.39282129,0.0,23.878319865939844,9.824536091105323,0.01818181818,0.01550802139,0.8117647059,0.05055065608407966,0.5502299156,0.5032986119,1.246454741,0.8825094812562214,0.8848085675,1.327952892,0.9868649161,0.9825257012,1.102670439,0.720369697,0.9690716316,1.046754328,1.083243039,0.9181392224,1.0004283435713472,1.2038589209400483,1.188428787,1.223509617,1.130769684,1.038885702,0.9743960599395538,1.115057542,1.119548288,1.0066235854606234,0.8343994904,0.9362467681745185,1.050322085,1.02427245,0.9813630491249227,0.7392863864,0.9748046223,1.146020669,0.9042829602,0.918081473,1.041018816,1.568687989612857,0.5565275500161947,0.614829932,0.5538548753,0.22741057856953073,0.14591237725935416,3.817215782,4.5889552868781,0.08434676084386517,0.0405664488,0.022156275848535485,-0.515522007462053,0.1207902898740026,0.06296450749262836,-0.08323872643,0.2263720605,0.02008862009,2.004500121,6.769199560740439,2.2,2428.673969,27.34525962,-4.56770909,1.2428334493186564,-2.5966444374069537,0.15905958581735624,-1.563893355,0.35217963496999494,-0.9359676317693923,-0.261842053,0.2409274504,0.09389796053,14.79051451,12.983618996707907,5.425791397,35.61190719,24.79067027,0.1700935143,51.01493161,0.07625739634,131.23391945954006,9.473725908,20.40266096,4.992404733,22.88687966,1.571304065,1.7294957474974626,7.253497264329229,0.0,1.7212471987457454,0.0,0.9961268768,5.291813663882404,0.014702226387090594,9.56329535737408,5.13155848,35.53500001,6.544756406,13.08951281,4.849748974,2.4880603491467292,0.0,3.9738951730083714,-0.731196147645987,10.98224063,0.0,0.4771436195270031,85.97,4.40617986945647,6.468287173770204,1.94122401812978,2.515238238,3.277664584,3.3137402501432724,0.9503966762,0.3280006500455254,0.1474660367,0.0,0.2946398422237419,0.8149297929281278,45.52571264688759,32.34373128
150.0679784,153.9194824,159.3868522,155.9591169,3.414285714,162.4927314,2.847457627,2.8800070568537253,2.833333333,45.70914731,0.4727272727,0.0,0.6801783000786253,0.8368190485426547,0.17209568271884404,1.526241476,85.15440183861662,12.128573032488465,6.211072664,29.15570934,-0.339100346,-5.053940677141262,16.01384083,0.6717186416,0.4392488351774093,-2.83,-0.029710608613277265,0.38832727273487905,0.9436550661024261,5.3639352313854225,1.95054148,0.7136665443,-4.733056886705183,0.166,2.3775292313472,5.163513077010506,28.5422314158663,28.33262175,0.0,13.396267913954635,2.832731233589171,0.02727272727,0.02213438735,0.7869565217,0.04691260219240372,0.5791103604,0.5180527014,1.114878099,0.9416129037449615,0.8034947067,1.226162554,1.041127874,1.242668863,1.033672035,0.9247869939,0.9584354375,1.089809913,0.9090941507,0.9545454545,1.0520377447782767,0.9945727038950549,1.003955125,1.234467219,0.8673197492,1.071354167,0.9272312921373475,1.094298239,0.9921028173,1.1047118181756628,1.040182868,1.0381382113576556,1.016326401,1.050470219,1.0939347041098322,0.8854137779,0.83990913,1.067674364,0.9076725832,0.9641825932,1.122448978,1.0054908299130263,1.0514468371793328,0.2087528345,0.1927437642,0.24976175065280545,0.08911750309746462,3.136921362,4.96352176662988,0.07111253804726943,0.02385416667,0.016162136030208545,-0.753777535333221,-0.08992519751585365,-0.14717212448082292,-0.06332288401,0.1633156387,0.1832896168,1.976481481,11.46372634824157,1.07,921.8420309,20.79991367,-2.494540355,0.903199192289269,-2.4770239525186994,0.8523180892647024,-1.096020032,0.67484041986223,-0.7261918413729257,-0.0157224321,0.5093656477,-0.3064979401,0.0,-2.265639137163042,10.19736362,6.066367068,5.693927995,0.182185791,56.12759645,0.1212804598,-36.306038663339535,0.0,29.9458054,0.0,28.33262175,0.0,1.5644867191812983,6.779270878793848,0.0,-2.812681844485137,0.0,0.0,3.6095285054726514,-0.013952328212629912,2.1775479972496354,0.0,29.9458054,0.0,0.0,4.797866366,2.4889593049277585,0.0,0.7598166393599017,4.864885258020092,0.0,0.0,-0.6635298601786651,72.28,4.679946126570176,14.795929044449892,6.78234814865468,0.0,0.0,3.835419212005234,0.3914235927,0.36186444943466123,0.06953456841,0.0,0.4037233046589414,1.1730706180393478,52.47036465003128,25.94615458
143.1073484,148.5630816,156.2282466,159.4922955,3.530612245,152.0573617,2.572892852,5.367220106110172,2.180371503,52.6718837,0.5037037037,0.0,0.6708925119332338,0.7733088365506582,0.14547328912623747,1.570395305,93.65612195128502,10.287584732556498,9.197530864,58.83544582,-15.66666667,8.494762279692647,-20.63533608,0.6807446078,0.4339762466965453,-5.94,0.08276253397926353,0.48441775412839355,0.8614334899168572,7.227355036334871,1.603088122,0.7002172223,-3.844670573747513,0.00547,3.1749059881089483,8.589976428405404,9.651747950647835,56.53552755,0.0,14.79680394513395,10.673612383444947,0.0,0.01812169312,0.7892857143,0.031699720590903396,0.7111836735,0.4776343016,1.064889858,0.772564890182168,0.799338894,0.9161994799,1.114325581,1.154575111,0.6185304277,0.9009137659,1.019279271,1.132702586,0.998971234,1.262830874,0.9132835962798788,1.0468158802019891,1.083286102,1.017156935,1.145185725,1.107183673,0.9600946638910514,0.9309585878,0.7666573462,1.3555294715959256,1.190040756,1.104025895099777,1.080293227,0.5796535401,0.991204832841585,1.126390836,1.067321304,1.167652913,0.5987414776,0.8920549413,1.019620465,1.6416536219432802,1.1875789879196545,0.5764172336,0.4175878685,0.44298927163090074,0.2022802264427823,3.888764974,4.239899436362606,0.05743968028074221,0.03962962963,0.02085542593720641,-0.27786976875559555,0.20136503598837469,0.01390193219994753,0.1072929272,-0.07268125226,-0.006720706816,2.16533074,7.164109214927836,1.74,2877.676418,28.07042095,-4.266136945,1.0461835534724189,-2.5886128033695983,0.9682580291331091,-1.042451766,0.46738966707258583,-0.578072003277588,-0.1742769619,-0.03938169315,0.3845302451,4.983978521,4.58344603883872,0.0,6.066367068,21.4210879,0.1884912493,6.809623619,0.09272645569,63.846175491198466,4.794537184,19.93591408,0.0,21.95893118,3.260796266,0.5064797320348926,3.196280819665438,11.61305256,0.5578258024297336,0.0,0.3652299085,4.818943460552148,0.0028694070875737365,4.608254067136931,0.0,25.71915903,4.794537184,6.9237372,4.847452889,2.4770427514497513,0.0,6.859557911245199,3.399361784399378,0.0,0.0,0.7929606371008021,71.53,4.568638381867735,15.158127196120533,7.49933928842867,2.003334106,0.0,2.6863325793568986,1.020040897,0.3801323425617346,0.1433457877,0.0,0.21036102005193164,0.5858124506126059,37.232224973780895,31.8231755
143.8726478,149.5000864,154.5685514,152.9375133,3.7,154.1866516,2.368285101,3.932798726816939,2.052408618,51.8213122,0.5126984127,0.0,0.6462950171303989,1.1228544039646144,0.21776545370310602,1.499561742,77.1180441708936,12.63909607890709,9.917355372,49.35047444,-7.950413223,0.02300263349211118,30.98836853,0.6855703213,0.4358303603506023,-5.73,0.037273668421635715,0.4737593925797014,1.1026126615234972,6.57523633041198,1.291793651,0.6746867426,-4.667794561648419,0.00697,1.0849003297564939,-4.097399301753486,13.88827888414443,38.99396439,4.699919916,14.501582081632488,-1.8097773518900073,0.0,0.0227994228,0.7787878788,0.0385991422455937,0.5951690821,0.4843804974,1.055363266,0.9141783855829684,0.7366999171,0.9990935483,1.024613117,1.115515568,0.8161906091,0.7415862613,1.295347656,1.249672509,0.8787143251,1.361337442,0.994745905515316,0.7621383916751612,0.980423144,1.08998115,0.8285287195,1.237101449,1.004748865744445,1.108303255,0.9572247846,1.0184901940280637,1.258661257,0.9350273516444061,1.321295438,1.307866288,1.1699541525245138,1.095207972,0.9649527905,0.9111080556,0.4239261481,0.7689507446,0.9901672174,2.2958420151991277,1.4992222637836963,0.5258956916,0.2395833333,0.2550338029277082,0.08806336206376174,3.752600468,4.364857199699186,0.06663054934960404,0.04252873563,0.018355118120684813,-0.5086117988604064,0.21636919607006638,-0.07109537288807596,-0.1776278867,-0.08011290272,0.09433505833,2.156663832,9.012056078172673,1.45,1363.706046,22.38909565,-4.565095883,3.6110355212586134,-2.2104362339815435,0.48004819033081453,-0.4387439456,0.5108781381623273,-0.996485848775595,-0.2175322567,0.1221352753,0.1041704129,4.983978521,3.902218812073256,0.0,6.066367068,21.4210879,0.2364748214,22.4351938,0.1161568039,210.6310930510758,0.0,19.93591408,0.0,21.95893118,3.277053125,0.27776663090233733,5.920987618653042,0.0,-2.833174605978236,0.0,0.0,4.862401972823527,-0.005583698528488154,13.866063281037494,0.0,19.93591408,0.0,13.8474744,4.824530955,2.4817482660346304,0.0,1.6633491723479985,3.892466335664209,0.0,0.0,-0.6116778126020327,54.46,3.8404900129301236,7.4854511103390635,-1.781081746039665,3.973463276,0.0,3.5695991846012123,0.8208949336,0.38164269206873297,0.1110709264,0.0,0.11019801372629852,0.9165655215507676,46.50601056955985,29.96628288
145.817401,151.454821,156.37978,158.4971748,3.390909091,159.5717647,2.801690821,3.9206312476598204,2.878185525,48.00479604,0.4731182796,0.01612903226,0.6302492561872605,1.0310238647329897,0.2061952827258306,1.629104529,73.38457904376105,11.759898267244944,9.9336,56.6336,-8.894,-4.160106505764775,-31.4544,0.6841461785,0.4396953116206733,-5.51,-0.05485713393426897,0.45321827015281885,0.8037945063614332,4.258662233473078,1.961800927,0.919483369,-4.919943547328239,0.00417,8.611499717467238,7.6341311110267345,1.6430598303676547,45.60046608,0.0,6.854003954860467,2.4175695987213945,0.02688172043,0.0311502118,0.7828282828,0.051820655543083814,0.6667444211,0.4979332692,1.169962633,0.5608231001273667,0.8296626622,1.193766716,1.146201083,1.106385139,0.639184295,0.8657354966,0.8665076443,1.103095554,1.006789333,0.763072638,0.8055003730072497,0.9821166677196853,1.044833316,1.146620997,1.028728037,1.137795025,0.8931754078643521,1.171247205,1.006796422,0.9426998648705347,0.9733196061,0.9402834396317014,0.9415522302,0.603465499,0.8733295422617854,1.108686691,0.9506436683,0.9762147202,0.9730941466,1.028422971,1.054031506,1.6828223600073378,0.5892347974582942,0.5723809524,0.5755385488,0.06931691613427277,0.2855023445951441,3.682055263,4.677558890397314,0.062439235472723155,0.04273901809,0.019246350393272483,-0.5648245255912687,0.04469880663419552,-0.07115741745282365,0.03947820925,-0.09407240204,-0.02998873392,1.982741402,9.361386868440531,1.29,2576.189981,30.81824387,-2.924066127,0.9245390916956355,-2.1422968894828545,1.081337603389668,-1.877329191,1.1185769032557094,-0.7227849550085196,-0.5710128707,0.4713133612,-0.4117141428,19.77449303,9.601936965198764,5.261891555,6.066367068,35.25921319,0.1689938919,151.4360865,0.08598838109,41.161943195538136,9.473725908,14.95193556,0.0,40.21348046,0.0,1.0836501379070718,2.2397148724567244,0.0,-0.0036549154816339913,0.0,0.0,4.977442485023725,0.005072111454452058,10.440800187032146,5.687386275,21.74487787,6.544756406,18.25485007,4.848604167,2.560336844920567,0.0,-0.1544232233689059,0.9751276562983882,10.98149734,0.0,-0.8781351890303738,95.85,4.58148400250674,3.0652197918194997,4.274301862704516,2.688647868,0.0,3.1229794611589528,0.7589589384,0.40075515711958176,0.06263564417,0.0,0.05148654326989863,1.0885402852001418,42.272346959054616,30.3948269
148.3230437,153.6196862,158.2335831,159.0367467,3.324786325,161.5850396,2.633242999,3.5128966040756024,2.739921337,48.96478823,0.4774193548,0.01612903226,0.6570805501400718,1.1588959420086422,0.19613942305428714,1.612747941,87.44573263222735,10.33188679466692,12.0,65.47633136,-3.5625,-5.427897964738859,-25.18786982,0.6841461785,0.42691194891743545,-4.58,0.08741375961864573,0.42125032512692884,1.1286523388120449,6.156463274739146,2.132438035,0.8456570856,-3.796476656927937,0.0115,4.439995540549865,-0.896014699613108,3.8212692516317173,51.58983439,0.0,16.463166221732866,15.736067706455898,0.02258064516,0.02971652004,0.7606060606,0.0510890989061855,0.6428571429,0.5037471091,1.238129516,0.8829237826131641,0.8585909922,1.14261408,1.139717425,1.191183018,0.7953667954,0.900011591,1.056694826,1.114508656,0.9893753369,1.051190186,0.917200975258124,1.0298821146328108,1.029734892,1.106422981,1.067098576,1.128205128,1.0463710965183721,1.143922242,1.043999223,1.2907915639272904,0.9905473011,1.0993157621011076,0.9497406268,1.093573869,1.0526673811844858,1.027032773,0.9426768748,0.9047231493,1.063615802,1.032676137,1.047450283,1.4542127049149405,1.0453884276162875,0.614829932,0.5130385488,0.0888247322804896,0.19062087821623178,3.568001683,4.383501023153159,0.05007904739482716,0.04176767677,0.01910268784784896,-0.336971985241756,0.06751248278320139,0.012124945539081416,-0.0650879799,0.01834894948,0.0631322927,2.054083455,9.729212083148784,2.38,1978.727963,30.16194004,-2.914043676,1.5394801011732573,-2.711900360301995,0.11743328389981422,-1.855129128,0.31507781073423985,-0.6904141335934572,-0.2290486959,0.4462532875,-0.2151664385,10.30076712,11.821208714018503,5.425791397,36.9300771,23.62654039,0.1554784522,32.88446216,0.09093358166,52.27477301724228,0.0,25.38663948,4.992404733,11.38785599,0.0,1.6187833447445619,5.4397622574379145,0.0,3.1577763716139238,0.0,0.9374637514,2.414751124608044,-0.05516140331187735,19.79715075143198,5.687386275,26.29938345,6.544756406,13.08951281,4.848683342,2.5164304979968226,0.0,-4.184376400085404,1.5627983927253313,0.0,0.0,-0.8572441298011723,83.3,4.486463790211285,-2.070169729207696,7.649159376052371,6.3612173,0.0,2.307048163408745,0.7694695736,0.24099815721269957,0.06365387513,0.0,0.21599139151405336,1.2253363130773276,51.788638560929755,28.45934377
144.1317178,150.6909405,151.30043,160.8580615,3.172131148,150.8226569,2.529392765,4.1311455638853385,2.49870801,51.69127177,0.484,0.0,0.6512807481353866,0.88330588071076,0.21429714321674376,1.735377145,65.23269979419175,12.773081480060016,16.64592593,76.25333333,-19.9362963,-3.94297349934689,-43.30666667,0.7041633411,0.432245973796923,-4.52,-0.06459397392501534,0.453052973931617,0.8526692126787585,2.040154755669776,2.045313334,1.11198,-4.9887106910299055,0.0088,8.702261500152662,9.537104632882173,13.48004318306338,28.92903888,5.693927995,15.902160703091084,15.236923140226766,0.016,0.0,0.764,0.04799507878505712,0.7241924157,0.4318467337,1.09643337,0.7171115855374035,0.9165081855,1.23783485,1.464937801,0.9903265774,0.4547948313,0.7857167175,0.9140068045,0.9100683598,1.198465298,0.5890807537,0.9583567718776856,1.5412877368841353,0.9743463695,1.01203861,0.6806217052,1.179602597,1.1419478707026984,0.8068454077,0.7065690325,1.356684459341778,1.228364042,0.7921232242342924,1.172647092,0.8634210964,1.135749760033449,0.9962603716,1.219763578,1.333426757,1.005345059,1.028397803,1.045609261,2.2492853477932173,0.7790157830138231,0.7552834467,0.5260416667,0.28480647301462364,0.18254934833429057,3.446539763,4.434357613358262,0.08047544225077108,0.04186507937,0.01624835509162699,-0.49589970538563277,-0.11503621832728125,-0.022920975462530652,-0.05079685259,-0.04012927864,-0.09966269817,2.022203326,11.213915581156835,2.5,1588.803392,13.94363753,-2.286157193,0.6114338795817369,-1.7341691817290998,0.17596391407867218,-0.7564583901,0.30269725753864424,-0.9019158736315042,-0.163705367,0.2886096115,-0.06481507017,0.0,17.741279913874607,10.36057336,38.9703128,17.3266008,0.1944231464,3.080868168,0.07395948859,62.88705663851594,0.0,14.76446326,5.414990469,28.45350378,0.0,0.5887885374056204,8.364346006748594,0.0,1.092637482825413,0.0,0.0,5.377005606295535,-0.04193801644060781,14.493084680805381,0.0,14.76446326,6.544756406,16.74610334,5.006229029,2.480196152115396,0.0,0.11240637845941626,-0.8464939957647573,0.0,0.0,-1.8046943492937078,54.5,4.442484730732314,0.855642925565121,3.788549492679318,7.720865772,0.0,3.7477172925832476,1.676147384,0.290322024711148,0.489065941,0.1020620726,0.2930028829072228,0.7574491574517626,58.44916927766087,27.92704578
148.0103313,152.3722909,154.4269117,157.515908,3.467889908,158.6717354,2.822416552,4.988488105565887,2.890273451,48.38728898,0.4833333333,0.015625,0.66205203040614,1.0877703438774278,0.20701947793854114,1.512636097,65.26084367233342,15.618742811324136,10.85274894,55.63018497,-6.093425606,-1.212810354010737,-2.323379897,0.6899617195,0.42978844575371106,-5.01,0.05128514446768124,0.3953654593278659,0.8914352767116018,6.894656104410733,1.75887232,0.809494363,-5.599648607062307,0.0221,1.3803559410787163,-0.3823471420739084,23.539195500026842,44.39282129,17.67532124,19.413710051295666,7.832624494669455,0.01666666667,0.04455357143,0.7752380952,0.04122099805168778,0.6826911885,0.5078511369,1.110554208,1.042914035555774,0.7856332165,0.8104667601,1.109748378,1.064475138,0.5446149243,0.8393745447,0.9755157886,1.089866148,1.139410328,0.9689674695,0.893033104874932,0.8265905641833455,1.032431477,1.011680714,1.020690408,1.123295234,0.9468365817126716,1.177260175,1.239492011,1.0882905117531456,1.01916061,0.9426105999349293,1.351042941,1.078624449,1.1210036433083337,1.087785984,0.966006522,0.9435333642,0.6649973381,0.9409478723,0.9986526776,1.6855682604466944,1.0656750894165725,0.614829932,0.5755385488,0.3406959263008746,0.2603060972610107,3.913553022,4.532010921334639,0.07329404936098875,0.04256038647,0.011639994496359619,-0.2833186422218369,0.13595232376391914,-0.0049776542143248476,-0.0674455178,-0.08773079389,0.05935970433,1.990290858,8.527826093398339,2.06,2650.995469,30.0460976,-5.389817459,1.3674823684353334,-2.7430096104988215,0.7310808938592207,-1.673764192,0.4288095815360127,-0.872960878527138,-0.2951343705,0.1437584533,0.1172464586,11.05045608,6.135709390066753,5.425791397,35.61190719,16.26500318,0.1373791195,133.4514031,0.09326709456,10.679376081562538,4.794537184,20.40266096,10.72607221,10.57107519,1.531695746,1.7364497105170391,3.8677900262610834,11.46331847,-0.878176085560302,0.0,0.4731742973,3.6481437510623618,0.01674873189404811,14.28069901111674,5.13155848,27.22258466,6.544756406,13.08951281,4.84878054,2.5221861484116945,5.397661056,-0.12244341731274455,0.8592398637543824,0.0,0.0,0.29619040153819565,110.6,4.366287647803824,1.3236991658357153,6.490280963195814,2.479594771,0.0,3.2256713238205603,0.9984880308,0.20884484901909023,0.1269440053,0.0,0.23576469193841348,0.9140896015762198,55.74776216439448,30.95894759
144.3174032,148.2158062,155.5005704,160.1483726,3.685714286,150.6606291,2.659451998,2.8227871819838013,2.451205173,48.70120046,0.4922619048,0.04166666667,0.6528764891897035,1.233444348073081,0.23547041527835885,1.668598938,100.2264828368881,11.305856030715443,4.756026297,25.58788518,-9.604821037,-10.2045326444185,-1.629665702,0.681465016,0.424649533013482,-4.26,-0.023877086649037916,0.4654130716770747,0.7805683597748739,6.292882234254034,2.168617053,1.005926512,-5.005480271809765,0.00759,6.914117864891125,8.81477870941524,9.939823564049007,28.66745114,0.0,17.602575042394605,3.1781999105357857,0.007738095238,0.01980952381,0.7754285714,0.04279548511402296,0.7089972527,0.5698652577,1.132512957,0.9936856431294825,0.7501828975,0.8817985326,1.103610675,1.140049471,0.869590542,0.929009831,1.403654175,0.9912602227,1.228018363,1.003693386,0.8910388809538491,1.3198349636929658,1.127954012,1.046167488,1.164775022,1.254631083,1.2084576850208484,0.8716138248,0.650734107,1.2263679184789904,1.165705981,1.001429552520734,0.9815847903,0.9397280068,1.4365153075852466,1.023766761,1.040063116,1.084202037,0.4955967438,0.9505280413,0.9511288463,1.6050850418925378,0.5241830814809348,0.3844897959,0.2725694444,0.3177213759984331,0.2890410345030495,3.040836313,4.282661357723859,0.07193252649221896,0.0375,0.017718364481832075,-0.3481684552063453,0.14304535178429062,0.025963113450043297,-0.08592558512,-0.08702436199,0.0002973963039,2.004462449,9.329867616904098,3.58,1372.303956,21.92741253,-3.326694307,0.9405000852720693,-3.028811350096591,0.6932376347155772,-1.232877387,0.7060797902400628,-0.6909549702908928,-0.44083332,0.4441419449,-0.1631997952,5.316788604,6.120518198187662,0.0,29.8000411,5.687386275,0.2216261846,29.63332311,0.1305005678,-56.957526245381615,0.0,10.30076712,4.992404733,0.0,0.0,2.0817077759118083,4.047246614386671,0.0,0.4617741230715517,0.0,0.6545581381,3.880519861013666,0.026856357833451763,-0.7267870417173432,11.37477255,10.81959831,0.0,6.165775612,4.8884035,2.478574018546053,0.0,4.008011299147149,2.771180946206486,0.0,0.0,-1.8609740337091198,51.38,4.67795628164789,14.441863959485508,5.375361344616226,0.0,0.0,3.3180240783160007,0.5982691087,0.5336233942926127,0.05143799709,0.0,0.19228621815669153,0.9277862074676098,32.35229845839816,29.99218522
149.7946163,155.2232052,161.5337457,162.7564201,3.495145631,162.6691366,2.949449449,3.09028133307792,2.887270766,46.83435575,0.4695238095,0.03333333333,0.6211967290384478,1.0769497789664544,0.21052775418392497,1.540249265,64.01353456499763,13.274319737306783,9.715277778,59.44444444,-5.932291667,1.7387689224838043,-1.888888889,0.6833808251,0.43414273913759555,-3.89,0.0055757865746633856,0.5010062940030817,0.9303955435417538,6.9645059380744145,1.81140835,0.834147917,-4.252137553521686,0.0278,10.260887141996381,11.109665692223297,10.143425016150548,34.51459212,12.40490243,25.847222320148305,3.106517501324052,0.03047619048,0.0331547619,0.7973214286,0.041495586252831076,0.6637198622,0.4527049508,1.13746691,0.9579938322320458,0.8399818365,1.164451458,1.119086918,1.141041115,0.6243708906,0.9079924669,0.9567080656,1.097750865,0.9765147666,0.9392887769,0.9110180888090165,1.2303593007947087,1.152983613,1.08147425,1.211116299,1.111491088,1.0997480076784796,1.075910287,1.025956037,1.2715840311663997,0.8807808757,1.0277222914172437,0.9245521587,0.5255980233,1.1418724746117181,1.03951183,0.8842050004,0.9039894258,1.001091511,0.9130160916,0.9793040106,1.9010285144550654,0.574088214958526,0.5331972789,0.5538548753,0.2976803307460753,0.19724238726495885,3.773554151,4.386289060492253,0.06898567958016256,0.0408994709,0.02178031811228417,-0.33842285636013825,0.06521606002494232,-0.07516912523115582,0.1186795255,-0.05564743422,0.001308756523,1.958504393,9.837538407757036,2.4,2265.696798,29.33314297,-3.616464109,0.8026046504216584,-2.133150458752466,0.4407639072800044,-1.643035383,-0.042468161088168255,-0.9942803483622575,-0.2715606337,0.2960426579,-0.1066938453,10.30076712,15.719074133492285,5.425791397,24.27512131,29.31392667,0.1537670096,40.62400469,0.09049494295,77.68619391201374,4.390415048,25.38663948,4.992404733,11.38785599,0.0,-0.029289397900662206,6.572876392802034,0.0,0.5410167233366359,0.0,0.8747201751,7.166157189536654,-0.01988065001883019,12.02596983015091,10.07780132,26.29938345,6.544756406,18.90673365,4.848957738,2.5423329508856085,0.0,2.4222621633938775,4.277742111120565,0.0,0.0,-1.2963618577016112,83.3,4.641571736146314,8.423784927757076,5.347317881146035,2.284696408,0.0,2.4029196795699974,0.7166344516,0.09097729098548374,0.07940239484,0.0,0.13885733461187677,0.8623414527674257,66.5712121546154,30.18565182
145.3060659,150.536627,155.4378872,152.5198341,3.141414141,159.2498459,2.587950417,3.5438275037496596,2.725641917,49.89302047,0.4869488536,0.01851851852,0.6523904041759566,1.0614933192846707,0.19058084116320698,1.633045039,99.96777050788933,8.923002316653191,7.6875,42.99112335,-1.375,-0.33721626950225847,-25.07988981,0.684314101,0.44487692026573,-4.65,0.06272622973036837,0.47505440383499387,1.1595812455136651,7.791867558982562,2.006903694,0.7393028412,-3.7394615827617224,0.00767,8.709465330251376,9.751855781319872,8.434086255315474,39.52165029,0.0,27.297586124389394,7.97100710230383,0.01305114638,0.01832325523,0.7947278912,0.04914723061716524,0.6373416208,0.5389835044,1.078834063,1.0790969206708063,0.8176181131,1.32162892,1.055292726,1.13643675,1.058251962,0.9498956353,1.109659352,1.144177349,0.9165013551,1.09059253,0.9823897737527754,1.0932269681201325,1.065819581,1.204108586,0.974167798,0.9760526614,1.1557782479225507,1.09810322,0.9310344298,0.9860540335002919,0.9031135833,0.9302883330749363,0.9851201698,0.8107369257,0.971636116453886,0.9168741958,1.012336858,1.048258938,1.047577748,1.111016793,1.132074456,2.17977810140267,0.6910657994632587,0.399047619,0.2951743197,0.3935725068099656,0.1271715461952133,3.452527925,4.83033146321953,0.05658772383370273,0.02398860399,0.014512102820015544,-0.6384955197955038,0.21081816157381877,-0.097032199616849,0.1041346337,0.09534433828,-0.04970975294,2.047539761,10.158171675770006,2.01,1545.703886,21.94890216,-3.451564021,2.5870128805321233,-2.6701163200529145,0.9600883253151422,-1.278169321,-0.1757471426604939,-0.6644228773033416,-0.1985229533,0.2738299012,-0.3028221479,4.736862954,10.748056921769276,5.098681808,6.066367068,17.26785943,0.2549245197,58.45783306,0.09803129249,102.63424925764063,4.736862954,20.16532066,0.0,39.52165029,0.0,0.041465368067949426,2.9277476588447677,0.0,1.2729242725605499,0.0,0.0,4.604067698053059,-0.0038880540247138843,7.1840106648452275,0.0,32.65220607,0.0,0.0,4.817898533,2.508337541273517,0.0,-2.807661186279657,-0.23442224117527188,5.521680599,0.0,-2.089969102869304,63.69,4.287092723426962,9.728687924920369,3.538846371434074,0.4914931722,0.0,4.837287889693556,0.4918779764,0.5588567245744207,0.0761440227,0.0,0.09307367330523142,0.810876708060041,53.028639372243525,27.73185171
145.817401,151.454821,156.37978,158.4776418,3.427272727,159.5420573,2.864942529,2.210098526179319,2.993569959,48.00479604,0.4731182796,0.01612903226,0.6539842335582373,1.032548340126504,0.23217526260024182,1.629061707,95.93239283972368,9.651099874935035,9.9336,56.6336,-7.0656,-0.3226228252458143,-22.4928,0.6841461785,0.4232997649610159,-5.51,0.0638547658151513,0.39434732997696487,1.0882383572879326,6.429891550395817,1.961800927,0.959483369,-4.588991371152556,0.00417,-2.8232314268775345,6.3621727108392,7.1556325616069065,45.60046608,0.0,4.485724563277284,15.539797471415199,0.02688172043,0.0311502118,0.7828282828,0.03696890845342471,0.6667444211,0.4979332692,1.169962633,0.795396575500993,0.8296626622,1.194764311,1.1269372,1.106385139,0.6376763403,0.8657354966,0.8824120773,1.086578615,1.006789333,0.7756154388,0.9467384580079776,1.3762108754723996,1.034689303,1.158187527,1.004462757,1.145588142,0.9737767099411864,1.157114002,1.020508794,1.0212908623868249,1.002944024,0.9855821839013844,0.9589293484,0.9369932415,1.0858840643156813,1.06648165,0.9809719636,0.9574142706,0.941498962,0.9993731107,0.960657298,2.9025523015820163,0.8964427200844213,0.614829932,0.5130385488,0.22950705758345807,0.033622425416265506,3.682055263,4.298079328968775,0.0637857178603813,0.04176767677,0.020942501515250914,-0.261063082991852,0.031852618328660404,-0.13383642163597206,-0.1041976237,-0.05203226847,0.09083916499,1.97940729,10.056874266693093,1.29,2452.50927,28.84626541,-3.322802922,2.073390275942102,-2.15980931492779,0.8652522484827022,-1.754984888,0.2244890499925388,-0.941340489159907,-0.4622425229,0.5825388497,-0.4711483017,19.77449303,16.406545085335033,5.261891555,12.13273414,35.25921319,0.1687985428,152.9772102,0.0858889825,89.81017678320981,9.473725908,14.95193556,0.0,40.21348046,0.0,0.6621680187936807,4.365753375829932,0.0,-1.6885710427225158,0.0,0.0,3.849267590034058,0.009039944811447601,4.233230552676491,5.687386275,21.74487787,6.544756406,18.25485007,4.848683342,2.4881579864314394,0.0,1.497772028240222,1.1580640192712433,10.98059471,0.0,-0.2261822864666581,95.85,4.530210255074031,-2.7113402952581085,0.7500120309900242,2.658324812,0.0,4.2162737026340205,0.7589589384,0.5922704237913707,0.06263564417,0.0,0.2685014494423601,0.9043931419979743,44.719312777092874,31.26935238
144.6252425,147.4703935,153.5929674,152.4666005,3.204545455,158.5428397,2.924360981,2.8840538529933255,2.519774011,51.26066079,0.496969697,0.0,0.6720803485992457,0.8619794970498063,0.20326665853595663,1.639544887,52.58387458821785,12.73965054482404,7.259259259,20.89300412,-5.049382716,-1.7781631041604538,-27.86145405,0.6791339464,0.432263551174175,-3.07,0.11742960003157597,0.4432598825913164,1.1600638628922504,5.996878050288853,1.811646693,0.9654135417,-3.788435157039511,0.154,1.1994108777126378,3.680862465247349,15.451223050647705,16.59685293,5.563451492,26.665089043402546,17.64974017083483,0.00303030303,0.0404040404,0.7444444444,0.03739454129358928,0.7100591716,0.6279884018,1.007313194,1.105096742239125,0.7551895461,0.8099416975,1.0546875,1.136143654,0.9177053744,0.9548308776,0.9793066176,1.117177656,0.9597849765,0.9101022896,0.7942586947355972,1.1107401975608098,1.066953661,1.094180032,1.074253422,1.121066434,1.1368004827520395,1.049792322,1.14065945,1.2564301818034034,1.03942159,0.7292768721922003,1.165639571,1.12347592,0.874539200017158,1.047897528,1.004972536,1.000927053,1.156366118,1.135178568,0.8666418206,2.2051210432411708,0.7234502482630673,0.3780498866,0.1770833333,0.3677989547921738,0.13511530579622444,3.358278308,4.221184225561405,0.07440482039081073,0.03416666667,0.0298280520439433,-0.40025490163752947,0.14213096848405699,-0.11362231779287177,0.05753451655,0.0778234517,-0.1865687411,2.099423658,10.718572123620255,1.52,1302.496189,11.36528137,-4.31583401,1.240631451022366,-3.380997244597482,0.9766070935957782,-0.8783368353,-0.07945608723108538,-0.5058857050626581,0.01906417934,0.2406349677,-0.009328250805,0.0,10.702320878431623,5.316788604,24.26546827,22.50240757,0.1959327131,124.359745,0.1140791687,83.5212825350554,0.0,15.28474565,5.733667477,0.0,0.0,1.0613768455801986,6.308061977222986,0.0,1.4660174123288123,0.0,0.0,1.8542538562742021,0.018602467485182392,8.494546074812861,0.0,9.967957042,0.0,5.497807596,4.90972599,2.511640889796854,6.003839601,3.0881578434871324,1.5602477395239294,0.0,1.596391723,-0.28637260107419016,65.9,4.246135481990005,2.1619315040369003,1.0304416500521278,0.0,0.0,4.2922546524279435,0.7313610662,0.34987369611998,0.1665042816,0.0,0.27569551608611265,0.3853826695888035,51.95756951490842,29.88755348
145.965132,148.7197258,156.2312563,153.4077307,3.762711864,156.927851,3.022092268,3.3230699352778004,2.872962963,47.44714678,0.4924242424,0.02272727273,0.646420799850186,1.17801728145665,0.22107370286684447,1.544872639,73.34780342281628,14.926537125964176,6.887052342,24.59014386,-4.085399449,-3.957800200833021,5.312723192,0.6791339464,0.43559968127142024,-4.08,0.024195031731573703,0.36908277022169,1.089249399304707,3.966912447109164,2.066085135,1.042617332,-5.563469184668916,0.0601,0.7604828382926341,1.7634642090944168,-2.467415847695012,32.99233261,11.33678588,2.9175069024784683,7.05435582552397,0.007575757576,0.04191919192,0.7611111111,0.04843038468459546,0.6090808416,0.5423185858,1.04927032,1.0114644721491572,0.7039576171,0.8193750239,0.9084005695,1.200461358,0.8915563402,0.864309327,0.9897271524,1.032053912,0.9692374843,0.9338551708,0.8029968545710017,1.1140054080952069,1.146320962,1.092060965,0.9701733084,1.263584661,0.926983272201654,0.9571189891,1.145186648,1.3186533132384226,1.17883387,0.9152071224407634,1.276874688,1.374195297,1.087753155671571,0.9949820346,1.063535324,1.106021644,0.754210114,0.9758640492,0.8469217936,2.3543469658123803,1.0358106916160181,0.3257142857,0.2951743197,0.1241929035424198,0.14153721008365228,2.978308984,4.477370471501506,0.05923807731962096,0.04279569892,0.025692125315208054,-0.4925709818389817,-0.05227649274685489,0.18012618504628083,-0.1978008921,-0.074507349,0.132535663,1.954145881,11.51656084211713,0.8,1287.918955,21.21627301,-3.710514406,-0.7130930232716619,-1.6797681077737538,0.6426986664245393,-0.8750101132,0.27160888854444715,-0.2223644796416805,0.01203561213,0.1600318658,0.2848917983,5.733667477,2.277329730754289,0.0,17.40315295,27.29840462,0.2183749109,98.84426499,0.1052572446,96.31505482215351,0.0,19.93591408,0.0,21.95893118,1.414607663,0.3198085962356612,4.363334461203222,0.0,-3.841940339594444,0.0,0.0,5.797245556779781,-0.04668919307064961,13.100792751709177,5.13155848,19.93591408,0.0,0.0,4.858476049,2.4262340474738253,5.906248583,5.816435602969188,-0.7763438405598719,0.0,0.0,-0.45160194343506443,77.58,4.16207746183967,12.099778207301757,6.432126869138191,0.0,0.0,3.1890571977528945,0.6253075811,0.01956015030030267,0.104861554,0.0,0.051780672101893466,0.9474241005965598,52.105353311583926,33.1876727
145.817401,151.6956697,154.9312634,159.4511839,3.390909091,159.8611656,2.957093254,5.051570238765292,2.795616718,48.00479604,0.4731182796,0.01612903226,0.6922135191868498,0.9656557412265788,0.197034290817548,1.62882504,110.42254766411747,12.487193860242535,9.9336,56.6336,-8.3792,-0.5584800471170315,-32.0544,0.6841461785,0.4330338827327615,-5.81,0.0497306296497795,0.4527182148660044,0.8369237644373845,4.2999563980913145,1.921800927,0.919483369,-4.956677985729222,0.00274,4.763712634995863,13.138640341011453,25.30889510606398,39.6521268,0.0,23.418988440626904,2.1688551960373843,0.02688172043,0.0311502118,0.7828282828,0.04202161684323566,0.6667444211,0.4979332692,1.169962633,0.8772198341533225,0.8296626622,1.052138131,1.146201083,0.9637660562,0.6188269067,0.8543536252,0.9569433776,1.066522332,1.163531034,0.7522544724,0.915546929805449,1.0293237924791807,1.036704142,1.152525708,1.034024883,1.153381258,1.140651140457187,1.131815708,0.9536000239,1.164906250142248,1.035630388,1.0281581410040488,0.9276053034,0.6974253849,0.9931378111059794,1.128239643,0.8948269672,0.9602099302,0.9595148514,1.01336723,0.983333486,1.60696699613447,1.1241851275238173,0.5723809524,0.5755385488,0.19428517087865677,0.20910488740391547,3.722055263,4.837882629800462,0.04737590030525869,0.04273901809,0.02861762187538982,-0.4175111843548955,0.0699574757013773,0.047481158813516354,-0.04874419023,-0.08189938511,0.002947625096,1.977958239,10.633708876370918,1.7,3436.069107,31.32674132,-2.745339574,0.842231480882756,-2.002508173700997,0.8896455446749817,-1.684852272,0.5408634655104347,-0.9336468847451129,-0.411534874,0.4527151931,-0.2987425721,19.77449303,1.2517027055876655,5.261891555,18.19910121,23.02052879,0.1684908076,153.256611,0.08573239903,163.0210127183698,9.473725908,14.95193556,0.0,40.21348046,0.0,1.9922272403894827,4.992731413744107,0.0,-0.5020758619197234,0.0,0.0,2.797578376636701,-0.01929402325911728,10.467064416296841,5.948339281,21.74487787,6.544756406,18.25485007,4.848604167,2.445024323083351,0.0,3.7761130635918922,2.9546070099113715,10.97587234,0.0,-1.1222418950122515,95.85,4.317208211244175,9.238572710578426,4.396719740752365,2.757644992,0.0,1.951924543081137,0.7703214932,0.34138529936226425,0.06263564417,0.0,0.3372451928712136,0.8502232827588901,45.569414441286106,30.3948269
150.6227588,156.2364618,163.3449994,163.4525293,3.553398058,164.4285678,3.353853854,4.268557685267237,3.257281553,45.31563466,0.46359447,0.04838709677,0.6230427203503981,1.0861052061328127,0.19290580398635415,1.493656184,67.33397590796616,11.041810472709365,7.703125,58.5,-5.22265625,-0.9802287414937321,-7.75,0.6894086529,0.4318626770009767,-3.99,0.0008418536904337796,0.44725826982924183,0.9568746223562581,8.045557193446035,1.741329353,0.7240601563,-4.85408496729265,0.0201,5.709319628693805,1.0796847720598497,5.849242552322693,34.8870312,18.4712695,23.78740769805197,12.738647780342498,0.03640552995,0.03407345343,0.8281385281,0.05066780297885972,0.7400360833,0.4239468864,1.066141587,1.0348306925054973,0.8323516745,1.051252339,1.103524395,1.095035408,0.562934599,0.8946434032,1.157188033,1.116874711,0.9983393525,1.076103525,0.994693853423524,1.2737666103514749,0.8878481581,0.8528479536,0.504034136,1.120831349,1.063210831405736,0.9836531333,1.018994129,0.9672379975244734,1.020054945,0.8822851089563812,0.9199051196,0.8679392472,1.2129909115663629,0.8740669241,0.6555403972,0.8922500697,1.016191495,0.9245723532,0.987788197,1.3737080014496594,1.0215212588051157,0.696462585,0.5130385488,0.10731962495280359,0.16691839727942392,3.843633148,4.5920115850823935,0.06584088784295032,0.04419753086,0.02271267325407658,-0.6985648855082399,0.05145239141680398,-0.154531779223743,-0.1237997762,0.1377172351,-0.05519198601,1.926934145,10.752969574401838,2.78,2306.778916,29.32968931,-3.09886858,3.2946629572026236,-2.97623269652552,0.5329536482239479,-1.755738297,0.13632772381135494,-0.6234428533396317,0.1233723003,0.3863099827,-0.05888017382,10.30076712,-0.020828483774199213,5.425791397,12.14238718,23.62654039,0.1523272844,30.05378148,0.08912626148,80.4189860019073,8.780830095,25.38663948,4.992404733,11.38785599,0.0,1.1651509873292472,6.541519875989781,0.0,-0.2740888936285466,0.0,0.8292649282,3.1724260450301007,-0.006012959215922332,2.2922677197567403,14.46821637,26.29938345,6.544756406,24.72395449,4.84886367,2.4421828820430522,0.0,3.3726615111081766,0.484991812565128,0.0,0.0,-1.243704085642307,83.3,4.624030591232963,7.170119431654893,3.930656604458054,2.161954189,0.0,5.1514218422715,0.7992326864,0.38403924563578795,0.06365387513,0.0,0.2447689380700656,0.7892593499107351,52.27379795921128,30.43903568
145.560325,150.7520497,156.5390026,155.8494569,3.446428571,157.8136342,2.713833492,4.18028859831857,2.589976983,50.40263578,0.4916666667,0.015625,0.6851331478751055,0.8628269375844245,0.2104812379246292,1.63637924,77.57015555719077,11.716977228446847,9.136094675,56.75805391,-6.461538462,-5.902218977554948,0.8027613412,0.6848636974,0.4259815735008414,-5.59,0.04155427707769025,0.3432293103452918,0.8871263283200906,8.5378830841752,2.225408552,1.169396833,-4.738673592555127,0.00305,-1.6082383264095568,-0.7957797870556664,19.71967336822602,44.92947468,0.0,-5.459924045569718,4.622590068098134,0.008333333333,0.01464646465,0.7686868687,0.03821057359579237,0.7010103383,0.5338529013,1.106744432,0.7773199344921194,0.8105966151,1.307613246,1.131203008,1.255474299,0.8845624423,0.8869107625,1.182502241,1.102882377,0.9948518972,1.21797018,0.7563953978717313,1.2494313311830425,1.046089306,1.041741393,0.9211550059,1.113827538,1.1043248602817786,1.142098622,1.108727882,1.3600377089999531,1.07260214,0.9880756966418233,0.9473605507,1.058993957,1.0287876464085841,1.033053036,0.9807791387,0.9889785624,1.179218062,0.9775824878,1.024371889,1.8619391612482867,1.2663887292840215,0.7413151927,0.474029195,0.2550296579436832,0.2632952113323116,3.475031166,4.5211629771681086,0.06652470058432809,0.0381678487,0.02637320152056781,-0.3786736112957724,0.10049535554338207,-0.15230472493811048,-0.03525356625,0.09928470844,-0.0421398553,2.03988502,6.76960029732216,2.13,3201.186331,28.00048187,-3.436424346,0.9465606625643972,-2.96650812237443,1.3834729518326032,-1.251029408,-0.019324757450882246,-0.9038454407856608,-0.348939037,0.5026020939,-0.3174309568,5.316788604,12.877692927712307,5.098681808,42.54970879,23.27208584,0.1626234389,21.57365644,0.0779721243,54.300576870750696,0.0,24.73242031,0.0,22.51475897,0.0,0.8224102934864344,6.031702371812602,0.0,1.531638485383187,0.0,0.6790551438,3.909557832531105,0.018840573980445852,11.899128881099333,5.687386275,29.72092241,6.544756406,6.9237372,4.876664293,2.4987458834592053,0.0,1.140473182235217,1.4774644573644036,0.0,0.0,0.2894711658939033,68.52,4.642725290842961,10.563914852373387,3.0887014841938356,2.431664893,0.0,3.4013784630396184,0.915641771,0.24817688430551438,0.07129411522,0.0,0.3199252067917148,1.1860658976917295,46.02975011312488,36.57587505
144.7680142,150.4389202,156.0683138,155.6795945,3.161764706,154.9829748,2.650879297,5.021506358923803,2.412470024,50.43102803,0.4784313725,0.02941176471,0.6555505572071588,0.9042504705563156,0.20877301921115238,1.711287884,95.92188650741902,9.015658716264735,12.16646849,71.95005945,-7.663495838,-7.044759409886218,15.45422117,0.6861721141,0.4335778618616293,-6.32,0.05847025691646368,0.37497179302504763,1.2147178796841664,5.235116873310623,2.530535876,1.298003664,-4.606921622308275,0.000357,2.741917006638021,8.662550192122163,-0.19528846642436548,39.7073943,0.0,17.70049657004401,6.892827915762668,0.02156862745,0.01406162465,0.7780952381,0.041958315835131606,0.6694428793,0.5290962746,1.239575284,0.8096856832479248,0.8862713143,1.279293738,1.218094978,1.250106768,0.8642353936,0.9136421318,1.336051257,1.156406583,1.000537192,1.195015165,0.9235121655828632,0.91969858350022,0.9981005603,1.018772124,0.9160080046,1.074789687,0.9179651245527853,0.9423487783,0.9023790653,1.0150341471683666,1.208969805,1.0274839228137769,1.009444288,1.176446598,1.0832055503557059,1.085982714,1.00656217,1.07735736,0.6386113515,0.887397536,0.9683847604,1.8820564152993964,0.977374697621938,0.7665306122,0.4305555556,0.277066107864916,0.14193173444913212,3.327445119,4.655877839405263,0.06874659922103456,0.02920634921,0.017455173347113835,-0.5892159469311803,0.027502548826542926,-0.011884329326374413,-0.1277507076,-0.1488620233,0.008210506092,2.069405377,9.96373865459574,2.52,1933.406554,31.06062996,-4.526956905,2.014187345037079,-1.5543715735364172,0.4081064594700057,-2.150020148,0.41509285127384193,-0.5107555912523335,-0.5937147029,0.547376715,-0.2506254467,19.69042424,15.94589043584768,0.0,18.19910121,5.693927995,0.1808437435,134.2115193,0.06412910753,74.24543447102954,9.473725908,9.967957042,0.0,22.88687966,0.0,-0.4923028797144814,5.787210137166681,0.0,0.5484450277127098,0.0,0.0,5.82647220028664,0.061921063834488366,3.7199400883397975,17.06215882,9.967957042,4.736862954,13.8474744,4.832276594,2.566000803985495,0.0,2.185997442795587,0.9957621886972938,11.4329758,0.0,-0.6613106621446212,59.51,4.552057749879157,15.66835380184457,3.4389077064804088,4.021741318,0.0,2.8038114630628606,0.8192972001,0.31929107826502007,0.1170048358,0.0,0.07031675363044096,0.7101442890362398,47.604430758747405,35.31202653
150.1287662,155.577371,160.8336168,160.1316994,3.292682927,162.70947,2.714285714,3.7567263742061217,2.789990421,47.59726111,0.4707070707,0.0303030303,0.6764329839634103,1.186604319388323,0.21995524537232986,1.520040716,102.28689076509448,13.025214171318629,11.33190083,75.49586777,-7.836033058,-3.5298458530780956,-30.43801653,0.6904812668,0.42867127088601165,-3.54,0.0231402374911335,0.4143631658641423,0.822471749424625,5.795516857110532,2.01541337,0.9461654549,-4.204466334590632,0.0997,-7.274398578641666,0.5427667826603129,19.18914794903036,51.71376917,13.26227256,11.21243063379962,20.602264260530646,0.02929292929,0.04335016835,0.7768518519,0.03668591032621181,0.7054229688,0.4701755915,1.310822657,0.8344872029403486,0.871503092,0.9914120486,1.158493597,1.247799371,0.5717072487,0.9051268693,1.168480885,1.19744908,0.9763069501,1.302360769,0.9215406383226672,0.786903430271638,0.9728418609,1.060873201,0.6744874859,1.076028109,0.9482040966974431,1.137021822,1.105722788,1.0418658643627272,0.9851563148,0.9472811669398548,0.9531900847,0.8858995568,1.0179716274065658,1.02001469,0.919064009,0.8993950898,0.8860151522,0.9872794965,1.021017094,1.35008847906878,0.5851093199248986,0.6931972789,0.6067885488,0.29252573551858546,0.19379600094917235,3.765946344,4.18205266443485,0.07349736296104334,0.04250591017,0.017830591143250214,-0.6365503896288397,0.05671444504116008,-0.006794713359482604,-0.06916580264,0.03184452403,-0.01353165484,1.98359253,10.803689957145526,1.49,2114.754709,31.70917809,-3.795521347,2.2853000934222902,-2.634251754315894,1.4009901371554303,-1.560207532,0.6454037358069084,-1.023597571347914,-0.2816104061,0.3924517219,-0.1512194368,15.61755573,19.79619486948034,5.425791397,12.14238718,23.62654039,0.134539768,33.07316149,0.07868413042,132.8273799006542,4.794537184,25.38663948,4.992404733,11.38785599,0.0,-0.3852855103706635,4.8297357996814325,11.20180083,-1.750883879572315,0.0,0.8135728293,5.121053614045983,-0.0035035688222294875,8.782987776382024,11.37477255,32.20656318,11.33929359,13.08951281,4.84862861,2.58710444535074,0.0,4.929223254860229,0.3622973792614661,0.0,0.0,0.1508135026715752,112.4,4.595741221793628,6.818193118434006,7.428033931607165,3.944364098,0.0,3.8166405989839665,0.8586399347,0.612920191294796,0.06365387513,0.0,0.06815941505630285,0.7576802177524055,45.418773606281924,30.46303494
144.8696093,149.3817323,153.342874,160.951404,3.123809524,158.2377984,3.002777778,4.432247622301606,3.195876289,49.74457372,0.4747795414,0.05555555556,0.661409723742098,0.9941179818663853,0.2020331451145666,1.69984788,81.78666396053784,13.62573806505154,12.68,56.1837037,-9.022222222,4.000830138492513,-45.88987654,0.7024404018,0.4215650977178792,-5.75,-0.08889715686144244,0.41356870545409175,1.1469146557224024,3.9204689863218674,1.838423466,0.9224394445,-4.957701587915216,0.00114,9.334363327373314,-0.31241386138413585,19.22018639557208,22.50167553,6.066367068,7.858257888569767,16.897683054469713,0.02522045855,0.03545581707,0.7786535304,0.04233593189800476,0.6524884259,0.474816451,0.9674286216,0.8436316007574217,0.8235378385,0.7902216974,1.214387464,1.042684476,0.5806023064,0.8444741236,1.211084638,1.001907234,1.239221963,0.9388500824,1.0638855839880987,1.000630679665995,1.044922847,0.9231420304,0.9644851598,1.091269841,1.109065330284418,0.9803891751,0.9576344103,1.1346889498414816,1.149825784,0.9994016673710495,0.9973742888,1.196611396,1.3165345361889902,1.033611249,1.058263246,1.12850209,1.089477894,1.159562895,0.9259644187,1.7553260232229628,1.2050256438092786,0.6514285714,0.4149305556,0.28749169117306855,0.30957251446438827,3.653429631,4.775083304735874,0.07276896836626957,0.04227642276,0.00795391326742828,-0.6613946825435799,0.17421269717907029,-0.006668712737845715,-0.1200301474,0.0001753766073,-0.1383046605,1.840467164,11.29174481670479,3.21,1504.043571,23.84488667,-3.57313188,1.3064375202812477,-2.677634786556916,0.696471202942344,-1.82399534,-0.09718235783566326,-0.6353667988280801,-0.3260188385,0.3162115104,-0.346321809,10.423316,13.932698487314756,0.0,17.69618563,22.2842392,0.2553800312,71.23895027,0.1476026446,189.51720526418495,9.496942443,9.967957042,0.0,17.00689132,0.0,1.0376701263800996,5.95034863889729,0.0,-1.0737849305767433,0.0,0.0,4.099865548703937,-0.03179463699259108,5.700881668335068,15.7651876,15.07448444,0.0,19.66469524,4.886982113,2.5196939447215434,0.0,-3.2963246952253074,1.8310922101094094,0.0,0.0,-0.9748556007691583,58.04,4.552695016686304,8.202369917180958,3.3502352155942114,3.844370475,0.0,4.468617492565173,0.8382142248,0.48870673783047563,0.1263661433,0.0,0.17894278847500594,1.1763948218653317,39.632118235969806,28.03580746
148.1175792,151.9245659,158.2982398,158.696275,3.341463415,161.1531869,2.80839895,3.8004313255224376,3.054613936,47.983974,0.4737373737,0.01515151515,0.6818268820612889,1.1885685117963725,0.16449440161649276,1.598107469,74.93354883291681,10.741281713280513,11.32441701,58.86419753,-3.121056241,-10.507881283852829,5.827160494,0.6904812668,0.4383468807521127,-4.64,0.05137429832102751,0.3728336183784702,1.1467992151739808,8.017986685331062,2.122284425,0.9624846009,-4.570487879206443,0.0228,-0.041725645408138945,-3.054410699532931,16.343347384145098,50.88435568,0.0,32.23570878509525,11.921602457521207,0.02626262626,0.05492765493,0.7531531532,0.03330641897095271,0.688132401,0.4928064814,1.186259354,0.783032697532556,0.808654492,0.955881863,1.158783241,1.227336624,0.5353549235,0.9098394126,0.9643030855,1.151037647,0.9725137957,0.9824538378,0.9320404630939562,0.8863143027721443,1.066814244,1.143224984,1.013548257,1.122177974,0.9424610142122369,1.111315097,1.045308634,1.3007246106179968,1.04828938,0.8842724925272175,0.9447017455,0.9170307425,1.0574942267201861,1.015392516,0.9664313761,0.9154061091,0.6810049159,0.9283487331,0.9440686449,2.0131312867855926,0.7320813160526807,0.6156462585,0.6198625283,0.19210590750029521,0.23100655238562778,3.632603077,4.745630303936492,0.06973373015071722,0.0446875,0.026461065912316166,-0.275595179391093,0.01925178838548483,-0.06922703238526497,-0.1184005841,-0.05952935236,0.1569820465,1.986135868,8.51077095143269,0.81,2131.473555,28.93837283,-4.334610185,0.4573929274280991,-3.319324554803688,0.21654068983395708,-1.809740532,0.6331185290049773,-0.9363670016424843,-0.1644850658,0.3809179098,-0.3172304735,16.0344346,15.79579616742148,0.0,18.19910121,34.65994183,0.1360091594,32.24398834,0.08937926059,50.6200304421421,4.794537184,24.9198926,5.733667477,22.64523548,0.0,-1.1131306942083832,5.170082672045353,11.46922204,0.8318763696641649,0.0,-0.4665311897,4.61110758723036,0.011620728581573949,6.201596029104712,5.687386275,30.82707233,6.544756406,6.9237372,4.874959471,2.513888720853859,5.391845875,-0.16402020095178427,1.4395018564897855,0.0,0.0,0.024068192535193406,122.47,4.314166100710781,8.78970087699128,0.38274497114213357,2.382704181,0.0,3.434438703369756,0.8291328182,0.26052750043210404,0.08505527698,0.0,0.2382789351353396,0.6826696859243845,51.87002877329308,32.00740331
146.1247147,151.1860971,158.7179693,158.6785616,3.371900826,159.4257582,2.744929453,4.2721424095125835,2.780939476,48.76662659,0.4787878788,0.01515151515,0.6524093806214092,1.0231759442827089,0.1981031147240507,1.654040529,114.94400699650166,10.702477517567008,11.32441701,64.76680384,-8.49382716,-11.696511978852644,-53.96707819,0.6855377302,0.437175674293923,-5.56,0.05354815438846174,0.44449551464346393,1.2921695730909184,7.017282190368142,2.123059313,0.9254475639,-4.69262161744885,0.0038,2.684467502358375,2.2829823951949995,2.559850747258917,57.3051773,0.0,9.07256880356158,1.288173724985187,0.02121212121,0.02770562771,0.7571428571,0.03932796045084986,0.6424311093,0.4684334539,1.193380188,1.0448768611919281,0.8329574266,1.15952663,1.120631709,1.21712373,0.5735563184,0.9297753277,0.9908573102,1.08262818,0.9367748703,0.7354402211,0.989140262188256,1.0273317937655528,1.136644661,1.095910684,1.106012103,1.158449171,1.0946185297831694,1.129738505,1.046671151,1.2047901164325863,1.001028816,0.9610920311231035,0.979257006,0.6014069537,1.3283172752133887,1.110977255,0.9470969825,0.9256106712,0.9957910982,1.090981533,0.9988111824,1.9956675667990609,1.0962014835525193,0.5731972789,0.6606788549,0.26318587702793395,0.19351646683622456,3.631828189,4.5357934700663,0.07723907415884672,0.04393617021,0.028130966195768634,-0.5306357854002477,-0.12429717165755308,-0.059148656003050956,0.04574526033,-0.08135202692,-0.02560021309,2.026312773,8.57594996540392,1.13,3358.107916,31.66904098,-2.969454678,-0.8180247716790143,-2.4609966186033905,1.1501295708272201,-1.710474999,0.6322688957636167,-0.7882648681298512,-0.3975811033,0.4440482265,-0.2810697766,10.30076712,5.640114865701661,5.261891555,19.05647134,46.29261463,0.1593193784,26.0493072,0.0708162659,100.12030918782177,0.0,24.9198926,0.0,28.71445679,0.0,1.6896353510465276,6.088997693627157,0.0,0.38471544067405583,0.0,0.0,3.614487130102038,0.03366687910553636,12.04009104077289,5.687386275,24.9198926,12.96557803,11.33111287,4.877336081,2.4164950454420775,0.0,-1.5118477984257557,1.1461379273742751,0.0,0.0,1.0753628973967866,103.17,4.535334623348166,19.273123325620716,6.533320580502174,2.591937797,0.0,4.5654638468865905,0.7323949012,0.16391003049376807,0.06541342195,0.0,0.35604709576659155,0.7319695576736565,55.27711273099943,30.95983989
151.5397617,157.5474193,163.9182458,164.7179547,3.53271028,165.1169809,3.143637227,3.1867237030606756,3.385135135,46.38335578,0.46359447,0.04838709677,0.6387063175668313,0.8327115213713533,0.2274737363656175,1.493241297,121.21393493818655,12.293224663283484,8.5936,53.6384,-11.4772,-3.20250644911864,-30.0544,0.6894086529,0.432679767371451,-4.25,-0.015084772192157637,0.43833089094321354,0.9446297724222628,9.533739307061325,1.662708558,0.6081274391,-5.276767403643441,0.0196,0.9308704146381102,4.506371013517184,14.997082950691329,5.57310453,18.19910121,7.308086529262653,12.318878071229957,0.03640552995,0.04960693955,0.812605042,0.033563423728343283,0.7566673934,0.4694502873,1.083167515,0.8746585127099494,0.8474360554,1.175789659,1.139452075,1.097325073,0.5823498062,0.9144217359,1.004889248,1.080961164,0.9860373438,0.9626907703,0.9711680672293563,1.2764221025533475,1.054019491,1.017239667,0.914501734,1.10068275,0.897317858174488,1.073344015,1.040100864,1.1446261956599437,0.8885699107,1.0440791245464893,0.9266635793,0.6829368466,1.2002609806261317,1.047397192,0.9223260991,0.9385948302,0.9752887061,1.006720808,1.007875642,2.0602272005462785,1.255564545173724,0.7112018141,0.6163548753,0.137165835506846,0.1429615553278819,3.981147632,4.910401406792566,0.05549046121804099,0.04241975309,0.01826041156784308,-0.21395046048215982,0.2875408556275114,-0.02386823593166672,0.06624173245,-0.02694792288,-0.06311020323,1.752997727,8.742145251692053,2.78,2853.022347,30.56534244,-3.910720297,1.678779455895311,-2.4058480433132954,0.7274412565542926,-1.724644867,0.6719832401538794,-0.9715101856904557,-0.1041850566,0.3323877145,-0.1540221275,10.30076712,2.2814133302641393,0.0,18.20875424,29.31392667,0.1391792811,36.58182932,0.07010002312,116.42054847342062,8.780830095,25.38663948,4.992404733,11.38785599,0.0,0.6463250667244466,4.5803734644768,0.0,-0.42035379828584263,0.0,0.806811067,4.426148230346793,0.004559695237299922,1.3337943732153876,14.46821637,32.46515906,6.544756406,18.55817888,4.865265677,2.4697373751847667,0.0,2.156822916930936,0.47659674424632326,0.0,0.0,0.4035699703768646,81.23,4.6112591685134285,-2.13431573393044,3.7348604947236033,1.992124129,0.0,4.395522136421665,0.8053607425,0.3463082621115533,0.08374028396,0.0,0.2567870169652798,0.8024521211168536,54.731190324042565,29.32088182
145.6756489,152.3692317,156.7243031,158.5660927,3.369369369,159.4311695,2.820304818,0.8113543863753305,2.793756146,48.00479604,0.4731182796,0.01612903226,0.6872396239357973,1.127961760413158,0.20134520055652005,1.622721684,106.15877705198098,10.774506412210043,9.9336,59.6336,-10.1108,-3.795073567986283,-1.5408,0.6841461785,0.43355945599935886,-5.23,-0.054778040553276675,0.41834737137203415,1.1187652232126888,3.97232734320685,1.978490264,0.959483369,-4.738081507064534,0.00449,7.914662751498112,6.316476979442406,0.6739584934785938,40.03047287,0.0,17.500769692600898,18.649294578249176,0.02688172043,0.01606182796,0.7979166667,0.04650799411533689,0.6667444211,0.4928543905,1.253901445,0.9448804919488222,0.8579165357,1.263143658,1.146201083,1.126765514,0.6367795801,0.8542836326,0.9479241672,1.104689293,1.036446104,0.7493841166,0.8022633163161637,0.9519368159794479,1.034176102,1.105811125,0.9985451631,1.127544619,1.1361158795632225,1.119860331,0.9749229542,1.1512607887379747,1.086820551,0.9980310436081706,0.8720432635,0.6671579862,1.1585039514546533,1.022812614,1.096381135,1.135496843,0.89754036,0.9796886227,0.9783350062,1.9645177280412305,0.9871917344513925,0.5723809524,0.5755385488,0.4129467850179237,0.14004277125346154,3.665365926,4.3456913547170455,0.07170317864691618,0.04273901809,0.019671216583274087,-0.5169519464686096,0.24236725969408546,-0.04270068632514821,-0.01323283817,-0.06183612388,0.001028379954,1.993581034,10.915035888063908,1.56,1801.206755,28.28848451,-3.062389242,0.47905604872702034,-1.9831482795923556,0.9742200387502473,-1.966806931,0.7487515039934951,-0.5593673960289591,-0.6798670227,0.7196377646,-0.3665019633,14.79051451,13.973336248921855,5.261891555,6.066367068,29.55874348,0.1732788131,148.1751399,0.08816961431,25.808924090099694,9.473725908,14.53505669,0.0,34.77396375,0.0,3.677228968983915,5.0771127755566345,0.0,-0.2621107380591815,0.0,0.0,4.353413068342785,-0.019788548065027445,19.027444080713305,5.687386275,21.327999,6.544756406,18.25485007,4.848604167,2.459366752563219,0.0,4.867800466320532,2.4442429145726354,10.9890741,0.0,-0.5319024568210605,84.99,4.60175678933738,11.12814638385672,4.431939480884175,2.72396651,0.0,2.519165283010717,0.7585393788,0.3626104321194875,0.06274916425,0.0,0.17041118104783698,0.9751675803836347,57.09612801888835,31.26935238
144.0134583,150.126197,156.8461685,153.5723163,3.865979381,156.7137158,2.356688122,3.7606842933190836,2.087254445,51.04803271,0.4928571429,0.01923076923,0.6576859617617126,0.9679198578128841,0.2025662147050195,1.710001269,88.4592403878618,11.57555829733832,12.73336939,67.91639792,-20.64196863,-3.1578540080809634,-38.35570779,0.679730678,0.4377505127937242,-4.76,0.1265551730572366,0.393173224483986,1.3623247589095449,4.9591756626622425,1.882225511,0.7536365571,-4.757973477708995,0.00255,-11.196835756879477,10.251150879217867,9.974992087684807,47.37110857,16.82083098,24.54834114467895,7.9534166129377315,0.007142857143,0.0,0.7879120879,0.04664573055618619,0.5602350279,0.4318447912,1.098254068,0.8388793382972628,0.8150876153,1.314057055,0.9656629185,1.20195393,0.802777227,0.8248936248,1.162451852,1.122979597,0.9005178782,1.07024599,1.017780333070059,1.031295371349641,1.142759713,1.026477864,1.104286557,1.277430991,0.9118285338665315,1.254770926,0.9894774431,1.0937462389524653,1.240392507,0.9224933580249285,0.9625365914,1.264429857,1.1442531629178914,1.226162045,1.006670644,1.045596152,0.7989429637,1.006643446,0.9886050964,1.606499286295057,0.5180159847768661,0.6131972789,0.4288548753,0.2522550726074771,0.11976305069522898,3.544039244,4.942690334034098,0.07268029584514442,0.04044973545,0.017314211521637566,-0.688480506393986,-0.08572732218593834,-0.22210092870643597,-0.1398244797,-0.1165371515,-0.1514373106,2.125990226,11.88840602406881,3.15,2177.837598,20.78246748,-2.909144122,1.272169953041505,-2.9307912375078335,1.101053221714436,-1.147689069,1.0343247680103962,-0.9283596183482059,-0.4462850492,0.3119019792,-0.02368572528,0.0,11.45373341225768,5.098681808,29.8000411,21.92719002,0.1910926599,9.627587987,0.08464523789,94.77480691740762,0.0,19.74844179,0.0,22.51475897,0.0,2.8438784590429536,3.8013210933902215,0.0,1.6328099863883583,0.0,0.0,5.335507094291652,0.024956144384751102,-3.294358488575562,0.0,19.74844179,12.96557803,6.9237372,5.000147947,2.4664298352169998,0.0,-0.952512876657334,4.949067843697723,0.0,0.0,0.0953928423569897,43.6,4.691308069500186,7.324560298843597,9.082178172133116,2.883960967,0.0,2.8689898351857566,0.8170731478,0.4644850127955064,0.2038753515,0.0,0.09906364687150679,0.8644958107635792,53.2539388519524,27.68479521
146.5993687,154.1669417,159.7211343,160.2334063,3.412371134,157.6714408,2.789948692,5.753355789538521,2.688571257,51.66154758,0.4942528736,0.0,0.6641408054430257,1.1070781261777582,0.23208451785072,1.431447135,70.75883302884144,16.257215194771106,11.87,75.11964444,-5.64,-2.7904093831665584,26.19964444,0.6971368173,0.4335359778066765,-6.95,0.06188368726908508,0.4740724300346528,0.9123552003405772,6.161294858378481,1.648447688,0.5652932501,-4.772180421429987,0.00457,2.3367631448985553,7.893237700636936,22.794142896419793,50.71112305,0.0,14.989280803970859,20.79440903401475,0.005747126437,0.03485354097,0.8053763441,0.03177680304879853,0.6650115856,0.4779477044,1.228012266,0.6952728609073285,0.8749425937,0.8909175888,0.9456140351,1.106504655,0.5603797909,0.8701675144,1.07023076,1.034606877,0.8681295929,0.915101555,0.9766801549331826,1.0506039879800895,1.101335129,1.058849269,1.376825005,1.107795261,1.104222317465996,1.006497601,0.827745925,1.1642566233174245,1.173792156,1.004862765433858,1.15118977,1.392880882,1.1474047788313304,1.065235378,1.038845107,0.8922866148,0.8003754203,0.8960468008,1.050911894,1.6034071387945605,0.6568689392934588,0.6370068027,0.4930909864,0.23439523884954552,0.14864646867463818,3.995408502,4.685030209442007,0.057729077110099086,0.03995833333,0.022672718038700943,-0.6019760800949324,0.15748235094929508,-0.0672692696323611,-0.1033774514,-0.1345191316,0.08512529267,2.097914513,9.068202863112827,1.34,2421.485615,28.99992128,-5.985861375,0.1308339000874894,-2.9851106356850847,0.7995990476202159,-0.7117091594,0.2915676411114731,-0.6194942902962864,-0.09575072774,0.2428381953,0.2028940593,15.03763008,9.645974336204645,0.0,19.41092589,34.57272627,0.1756174026,36.04326419,0.1589936585,-6.3999884879546585,9.531400138,25.25270269,0.0,21.95893118,3.1530174,0.6255663297553132,5.310281178486354,11.85223036,-0.32145174607844496,0.0,-0.4359976129,5.333761267715483,0.017890446939475696,3.9565350671080712,4.794537184,32.63603612,11.28161936,6.9237372,4.831551496,2.485583770080202,0.0,-6.664948956899176,2.106964727482433,5.145563254,0.0,-0.3710078044738534,92.79,4.592281342754699,10.573110696202903,4.278651535474837,4.691401677,0.0,4.2865034294697315,0.8298151429,0.31640586642724744,0.1110709264,0.0,0.3044852358515226,0.6021374334607709,46.6092496536891,29.79848615
150.1287662,155.577371,160.8336168,160.1387595,3.341463415,162.5521344,2.748106061,5.117897036317904,2.791894353,47.59726111,0.4707070707,0.0303030303,0.6836609297989004,1.0343469473100957,0.19141771653073408,1.519969228,70.31951023730579,11.18454431096437,11.33190083,75.49586777,-3.483636364,-5.22136862502885,-2.421487603,0.6904812668,0.43690609454078316,-3.54,0.014549341779299002,0.5012719779902551,0.7699751936507191,6.979949002884119,2.01541337,0.9098018185,-4.641631402913325,0.0997,1.9087747088850202,3.905474978735218,20.467505364207817,51.71376917,13.26227256,30.103950081482356,20.36034834278371,0.02929292929,0.04335016835,0.7768518519,0.05039689133094339,0.7054229688,0.4701755915,1.310822657,0.9354103919528948,0.871503092,0.9983987644,1.141330729,1.247799371,0.5704406583,0.9051268693,1.185920903,1.182222662,0.9763069501,1.312861561,0.9984545103216749,1.2019403853234782,0.9728418609,1.056870471,0.6390663656,1.109865471,1.1121269812750072,1.169295384,1.094277983,0.7412010969557645,0.9583467224,1.0546851872960286,0.9608184825,0.7748292652,0.8554985643238406,1.052699229,0.8864739701,0.9262473304,1.1312054,0.9470689873,1.061783366,1.296052516535702,1.1952637051277264,0.7356462585,0.5130385488,0.4347062918910729,0.26961406255990616,3.765946344,4.555051734919595,0.055619447960560904,0.0399537037,0.026172455831848723,-0.2575686027731313,0.011127024589886209,-0.11564543289089313,0.02791545152,-0.06188380767,-0.06019558339,1.980502618,11.642026858927979,1.49,2410.562961,31.04069865,-3.435346892,0.9188863991075309,-2.1016973220359594,0.48307181898097795,-1.670162037,0.42677508856094115,-0.8187553476981563,-0.2684374989,0.3533697405,-0.2098917096,15.61755573,11.277120143348995,5.425791397,18.20875424,23.62654039,0.1343410739,33.44055909,0.07858035979,-27.054207770548004,4.794537184,25.38663948,4.992404733,11.38785599,0.0,0.6924998598896291,4.0840990514786295,11.33939598,0.37018735803172576,0.0,0.7953104794,4.814763708166852,-0.02265449235594631,9.692914248630075,11.37477255,32.20656318,11.33929359,13.08951281,4.84872166,2.472723757225416,0.0,-0.3640028143604225,3.7145808050063804,0.0,0.0,-0.13816975517864324,112.4,4.518753366026487,4.738535823928105,5.192495369521798,3.918105847,0.0,1.097390349424881,0.8586399347,0.4666814582347666,0.06365387513,0.0,0.10467756360344037,0.7351076441021043,57.249158223375105,29.638011
145.2099007,150.9997198,159.6007726,160.6028503,3.7,160.1861851,4.12394412,5.168041962323032,5.584929757,47.18135908,0.4826190476,0.025,0.6399906850055451,0.8649777427974477,0.17152358193981626,1.460883267,97.11936390340739,10.943929767491774,5.32,35.08,-6.591111111,3.6929935133546365,-28.30567901,0.6844934983,0.4309485748913933,-4.23,-0.045097741523170864,0.4053778289776306,0.716435977364523,5.2793842455816975,1.107309365,0.6,-4.612506530220876,0.0436,0.24007648983029206,3.8647875686997972,12.653908057332378,29.69887896,23.46952001,22.761715327242943,23.119204236642787,0.01738095238,0.0,0.8673809524,0.05746737762146902,0.6997198007,0.4082961782,0.891441957,0.684745563315698,0.7736881998,0.9658537332,1.020738204,1.17065636,0.5995147277,0.9814459381,0.8583093994,0.8446876528,0.9941708864,0.7924413668,1.2525724835634342,0.6092913701468652,1.115985009,0.9669628592,0.9613873454,1.355650685,0.969579494533559,0.9082043996,1.054480569,1.0471450261499389,1.218909838,0.7738155151818784,1.092971536,1.075988583,1.06282057794247,1.20279857,1.068597897,1.281192165,0.7148405057,1.410596581,0.9389262985,2.634730101296825,0.836839336591733,0.3673015873,0.3359552154,0.16176818275837804,0.17841728779098207,3.799581231,4.638875706616233,0.06168396720704102,0.04452674897,0.012651644965785169,-0.46132999079642184,0.10518037655655064,-0.03574953636178047,-0.05662620013,-0.1550138167,0.1450244576,1.621602104,10.107067546867187,2.25,539.8377532,19.17433041,-3.185761506,1.1581689584733967,-1.852630742269827,1.0166152784390847,-0.8106417495,0.27404580748379775,-0.7676925457624131,0.09260569599,0.02337361608,0.06641800929,0.0,10.903105910904763,9.614079702,11.33678588,0.0,0.2122845906,208.8221789,0.1526629909,118.35330210354113,9.184952232,14.59805822,0.0,11.25737949,1.523836425,1.674436577336336,3.6052429787733438,11.36712758,4.0055121161570995,0.0,0.0,3.8755628233739317,0.011120584744683162,10.96184467717287,4.390415048,20.88421875,0.0,5.817220841,4.850608614,2.408953608256873,0.0,3.858836607856337,-0.7658910021747152,0.0,0.0,-0.45058536127068805,47.26,4.666837634062037,7.638356787903906,0.8611130613178171,0.0,0.0,3.3246011474058546,0.7417047715,0.6710540111639087,0.1539444827,0.0,0.3407620583575636,0.7219609654315019,40.21477287418257,27.16226232
144.1851809,150.8419307,157.1409259,157.1307331,3.634782609,156.3895983,2.343209877,5.514524265794156,2.098566308,52.07746353,0.4851851852,0.0,0.6713449652078555,1.049367091490239,0.2046195438791894,1.785102788,95.05700172360629,10.318798681108522,15.6122449,84.22907122,-22.40816327,-12.390581185578277,-138.755935,0.6807446078,0.4389289551738804,-4.91,-0.024389773889643456,0.3996121956704514,1.1188257308182596,3.9829036115682808,2.273263854,1.066625765,-4.949403555850586,0.00274,10.698239273231833,7.800231656804042,2.7560302214554877,41.98488435,22.20705519,-8.543992859680323,13.016769786813823,0.01481481481,0.0,0.7592592593,0.04257076033732892,0.5886792453,0.4237798681,1.131625525,0.8965076090887091,0.9097212439,1.291044865,1.006451613,1.189452481,0.7820508886,0.8877379939,1.145307783,1.048971596,0.9769784468,0.977530557,0.8057170279450734,0.9233320350553017,1.191190135,0.9299587479,1.294388551,1.32173913,1.1074266788486045,1.228789108,1.07607442,1.1208484406570833,1.223242147,1.0998413561889397,1.069253308,1.169309747,1.2041597626875236,1.309652846,0.9765857501,1.01391603,1.07729835,1.242377808,0.9516078848,1.8400082368428359,0.8965891512246349,0.5251247166,0.4453656463,0.1730146327200528,0.0731960475132821,3.34144599,4.6157435358785275,0.06236018640651032,0.03528395062,0.02279900533047576,-0.518780007717999,0.10895213538372164,0.18294067080321233,-0.0723920825,-0.1537992578,-0.1695336829,2.151216564,9.622276500824071,3.09,2086.58422,14.69025353,-4.575509382,1.3461607225474008,-3.0079059812677,0.684856616456729,-1.338907896,0.3955344920758681,-0.7093797644778052,-0.1111993468,0.2818209518,0.04606378681,0.0,16.50074118176231,5.098681808,38.11294267,11.21062871,0.1811246968,10.62986842,0.08022885623,67.25014627745759,0.0,19.74844179,0.0,22.51475897,0.0,2.3049820011523967,5.774320499020972,0.0,-1.7800556053812628,0.0,0.0,5.086595287523366,0.025898521729454442,6.903266977707425,0.0,19.74844179,12.96557803,0.0,4.998950662,2.524342094764285,0.0,2.6616315463064617,2.1405244354013515,0.0,0.0,-0.2995016574371663,43.6,4.440875011113344,11.2624952994512,3.6912170714836128,5.33564435,0.0,2.211172078200619,0.9048170651,0.5103223510040295,0.2052184453,0.0,0.16661447486087266,0.8146578152062012,43.756625847320336,29.28526947
151.5257649,157.2635962,163.5218903,164.3794591,3.355555556,161.3458172,3.605429293,4.045997026079883,3.680365297,43.49756155,0.4573129252,0.05357142857,0.6485073959396034,1.2688019625217595,0.19687234564359635,1.426901074,114.53256277396952,13.32713572615923,9.346938776,49.0,3.859410431,-8.371170061627875,36.77777778,0.7026070582,0.4340141962577416,-4.06,0.11517112366844523,0.4490786379497012,0.7159486231970651,7.443313767621563,1.62628006,0.8337988097,-3.818600130196417,0.0316,-1.840619809087062,12.036017929908631,18.956671147869624,18.19910121,24.12316206,10.507888771057306,15.114973000901234,0.04268707483,0.03951247166,0.8531746032,0.038395294557138374,0.6710431655,0.4052873563,1.054130241,0.7472236095976357,0.8267878547,0.9874788557,1.032374101,1.072343379,0.5953059769,0.8556774354,1.11485472,1.012147335,1.026409886,0.9977456833,1.0888930761717037,1.079948271985078,1.090129795,1.029778526,1.131097181,1.109802158,1.0727617220468448,0.8093704142,0.9731562305,0.9300800612850364,1.027356322,0.9479206644508215,1.13426717,0.8326726416,1.091739499009002,1.054320141,0.8210777852,0.945896658,0.9810562833,0.9005668399,0.8904870432,1.7330911135753495,1.059780671171148,0.5968253968,0.3211805556,0.17584571250964842,0.36407128853638926,3.766037363,4.96714142980181,0.07369686860209076,0.03952020202,0.019564094770678993,-0.41507640759209197,0.04408315841438965,-0.020786223890804638,-0.05537400896,-0.06680925073,-0.06967460441,1.686829229,9.451855133605301,2.75,1859.334395,16.17687259,-2.922220665,0.23888538273434468,-1.819116366231017,0.9179832294244978,-1.904626993,0.8400369113966009,-0.9116469399686064,-0.1552706544,0.3627522401,-0.09845408509,10.63357721,16.565821763405516,9.780484743,0.0,17.57815784,0.1524828092,14.02949913,0.1475073878,107.15626662346813,13.57536728,25.06523039,0.0,11.25737949,0.0,-0.6724147376651995,5.701758056849702,12.0483115,-2.4693743863709274,0.0,-0.4136118403,4.1721094612571195,0.03032884304161889,7.158621057563379,24.95013983,32.82722828,0.0,11.63444168,4.877473763,2.447310101802189,0.0,2.3130120193812185,-0.21604385167754203,0.0,0.0,0.05313776274942966,84.73,4.264634544913012,22.708637371683643,6.137607086614424,0.0,1.501980667,3.0403749078501856,0.6258641428,0.38634985538839184,0.08765981412,0.0,0.33731284474342527,0.9026215510065135,43.26409839122121,33.15383706
147.4612651,157.7221058,159.9476082,159.1225334,4.1,162.9607215,5.453186535,4.18505684327736,4.534979424,43.86052541,0.4843253968,0.0,0.6573259061947735,1.0848636277453119,0.1853291747353902,1.332445565,99.65356262976474,11.326779252829887,3.752066116,40.2265075,-11.12396694,-4.597192093060942,-81.96755433,0.7040406978,0.4333857991274781,-6.27,0.038642192667056534,0.4110056789206549,0.9504292043396223,7.12718440567258,1.049369409,0.4928685608,-5.438322608998746,0.00251,6.119241205967608,5.667688397162259,12.695882453842456,15.91054863,22.67357176,10.133781497504863,21.263454069234946,0.01567460317,0.02512698413,0.903047619,0.05945396373472217,0.9346405229,0.3964611406,0.8505278771,1.132653614047906,0.7117645346,1.066337923,0.9322033898,0.7492637709,0.3591895554,0.7793836392,0.6916775797,0.7824128347,0.5185500431,0.4570906609,0.9392948825806852,1.2692690848829378,0.8466251836,0.9734528773,0.8341697233,1.175490196,0.9866034451890596,0.9434064182,0.9520079746,1.1407155405907776,1.087901579,1.0253115213678032,1.339381988,1.049784255,0.9211965766375113,1.329232471,1.424684863,0.9366503436,0.8996855229,1.56203012,1.45619129,1.417262094217467,1.044764535172135,0.7413151927,0.5721017574,0.2749827987419445,0.22896721404500686,3.995024711,4.35914245501454,0.0627367722211226,0.05052380952,0.021403200155897466,-0.3650383816316992,-0.02332911983241337,-0.07378550918315621,-0.02532760127,-0.2289025083,-0.337053202,1.810150227,11.326319191380554,2.09,2275.114305,30.5186832,-6.198717848,2.089178803065982,-2.286971406545965,-0.048271902641671915,-0.5802035465,0.004429737345700069,-0.6954566529781451,-0.309865363,0.155164361,0.1592967637,4.983978521,12.191084435087898,13.17124514,6.066367068,21.4210879,0.1746651557,31.96666154,0.2350145504,92.1664718362586,13.17124514,19.93591408,0.0,21.95893118,2.703659126,-0.804608527542639,6.602652577999004,0.0,1.7735549976971432,0.0,0.0,3.0863556493873627,0.00037321035173031383,9.931988603167262,13.17124514,19.93591408,6.176298517,6.9237372,4.853464981,2.5028205040124543,0.0,0.05719171371715559,-0.928680183495713,0.0,0.0,-1.0761333905507602,54.46,4.4127405828422654,11.723036891551585,-0.24953468973851667,1.792035689,0.0,3.1948135409146006,0.8991335537,0.36696105072121205,0.1350287976,0.003018408053,0.25431547703532764,0.9012860201022231,59.112879294212654,36.71808007
146.2217091,150.9941239,157.9963401,158.5402442,3.428571429,159.9072869,2.784425451,3.14206760711633,2.87962963,47.91974111,0.478125,0.015625,0.6612647953462594,1.0254128016052282,0.2042664204991361,1.643342141,56.995713975634644,10.314840334175573,9.852748943,55.5171088,-7.83160323,-12.610620798149874,-23.45905421,0.6848636974,0.4261261370942132,-5.11,-0.006571709154448251,0.420807387459086,1.0760839060566836,3.897470722254991,2.153891597,0.9798856559,-5.140859685530353,0.00688,4.125620261014636,2.3595352084390777,-10.696318193852132,50.88435568,0.0,22.165287316014215,14.073876984250637,0.021875,0.02867647059,0.7588235294,0.03427613849980049,0.6668742217,0.4816028966,1.182217953,1.009072029027601,0.8091796514,1.161434476,1.167654302,1.209208366,0.565111774,0.9053723345,1.029803856,1.128865679,0.9438083753,0.7913171568,0.9820281598664388,0.9453119357992195,1.08711971,1.101271972,1.048155457,1.138392857,0.9359710769488122,1.132323358,1.04259701,1.0597689047156444,1.017586478,1.1037195982742922,0.945187391,0.6112380475,1.091298488305695,1.112031134,0.9473387046,0.956465875,0.9587730547,1.008931429,1.040676543,3.151084775229823,0.9444537030832842,0.5731972789,0.6198625283,0.32313695248241614,0.06786258335188741,3.518533745,4.442299637429403,0.06079938999297262,0.045,0.023032652188693034,-0.27490551982272743,-0.011889430029979178,0.02235337295584313,0.03965672389,-0.08469110507,-0.0283177358,2.004272784,10.502503030749159,0.92,2240.776417,31.05677271,-3.032394041,0.6534304919025593,-1.8145043523524709,0.8366984700856623,-1.691975118,0.144951012406911,-0.4019300604336343,-0.296404184,0.4181105421,-0.3103246066,10.30076712,13.94841715604196,5.261891555,12.13273414,46.29261463,0.1627685423,26.81160078,0.07234939331,26.910338182682352,0.0,24.9198926,0.0,28.71445679,0.0,0.23295353201047064,4.684357228835206,0.0,-0.5805749008434233,0.0,0.0,3.8306603540493422,-0.006624868809068747,6.129270574659783,5.687386275,24.9198926,6.544756406,18.25485007,4.874762888,2.580452560744521,0.0,-3.1251212061022913,0.4561130810907017,0.0,0.0,-1.0972303144760998,103.17,4.292856810112939,3.8296455394543054,4.93186850805637,2.468875052,0.0,3.143177833647581,0.7702072531,0.3420510247748841,0.06541342195,0.0,0.18003289401474146,0.5176145602398545,58.04866663844055,32.01951086
145.045857,151.7808163,154.5847109,162.0658088,3.066666667,153.7869852,2.466666667,3.528026129709739,2.283702409,52.22564214,0.4820512821,0.01923076923,0.630969088263198,1.1477543389725304,0.22023488847512598,1.737281155,107.60655958294899,14.574606772772098,18.88696655,91.43252595,-25.21607074,-4.97498234524551,-111.1868512,0.7105510391,0.43384645413042733,-5.28,0.06308219212770509,0.4602169354077015,1.0369522118573975,8.378326200053278,2.368428181,1.346490872,-2.8189565531492677,0.0027,8.468748398464014,-0.5502145416577751,20.326813032054982,41.174265,5.693927995,-13.704695668458623,7.019386544706846,0.01794871795,0.01761633428,0.7580246914,0.04241337279615452,0.7604015041,0.4745684031,1.151053834,0.9165381504050157,0.9811979846,0.8204296587,1.435418941,1.150658022,0.5303073254,0.847892995,0.923798806,1.043212565,1.213894295,0.8992749702,0.9572822020411283,0.680198294957459,1.08311348,0.9923983499,0.7568720209,1.159934498,0.8331276549336322,0.9381128886,0.8060504642,1.3283074560945476,1.36831172,0.8427253628964115,1.15128987,0.7937709652,1.312165526090131,1.206264518,1.083114681,1.17929948,0.9197600469,1.110483351,0.9984535941,1.3524146487286446,0.8273383985507862,0.8785034014,0.6823270975,0.35283365104140074,0.15789698902428312,3.303997161,4.918442473153896,0.0627600474893105,0.04949864499,0.019981214843619532,-0.22642883306700398,-0.03957928346792129,-0.011820371268204108,-0.09577186839,-0.004723994585,-0.001318857314,2.055152759,14.318459045174219,3.06,1856.890625,18.79239773,-3.597444181,-0.20905198985780493,-2.335264922088712,0.46730154917308436,-1.302169865,0.7948309445124273,-0.9152649921946832,-0.04458693,0.1663626326,0.09362744359,5.106527395,12.015353797435209,5.098681808,45.89405,11.38785599,0.2926393097,124.1941533,0.168850319,90.30381735607317,5.106527395,14.76446326,5.414990469,28.26427081,0.0,1.3065449336505963,6.010381096660341,0.0,-0.0003379611326255194,0.0,0.0,4.365686309361204,0.031417890015230626,15.755796810052583,0.0,19.87099066,12.96557803,5.414990469,4.99633447,2.453798710005685,0.0,2.590484253342293,4.082169553811196,0.0,0.0,-1.446342828471044,50.94,4.307223100771239,5.851992640022284,4.6366773771661185,9.890925645,0.0,2.974590228975807,1.762182231,0.5627399659152347,0.4665289338,0.1020620726,0.14521883225523305,1.0141965122929832,54.51737985116799,28.37327328
149.6517217,156.7887235,165.1300249,161.1284905,3.280898876,163.1065269,2.793103448,4.720592882598891,2.854642314,47.50931806,0.4686813187,0.03846153846,0.6448672451266929,1.0543751453952313,0.20824342511845234,1.51914289,66.9993122052724,14.7870873811616,11.26608978,74.27852893,1.135208221,4.58599167274969,75.41319632,0.6959864369,0.42829844392266353,-3.57,-0.02390254430695447,0.3414566660485583,1.0742419456028327,8.012940881420565,1.682895999,0.7237073367,-5.351115771913994,0.0436,-0.7844690611586671,-3.0633054928319856,12.259830612634532,34.64685839,6.066367068,46.08088281394292,7.411226182362553,0.03131868132,0.01982091982,0.8153439153,0.04338271171983268,0.6450498108,0.3869798971,1.170095256,1.0495429716389597,0.9001993602,1.31642711,1.044650369,1.250283439,0.6101764648,0.853075442,1.322431658,1.039052346,0.8916500422,0.9604706502,0.929124955499347,1.158148357626346,1.026194743,1.005423611,0.9095742073,1.297543257,1.0823778131977353,1.067359088,1.036944541,1.3033085838167557,1.266190829,0.9100061166954152,1.049558482,1.485893777,1.2546745583722327,0.9712334693,0.9758674735,1.070124523,1.016702807,0.7252172632,0.8242227403,1.6415668517597326,0.8023521516376767,0.5111564626,0.2803996599,0.5294768538369925,0.20946209121318357,3.743368755,4.486499883040355,0.0766229581008935,0.04253753754,0.020380165055684768,-0.49117883541039764,-0.029226188444887474,-0.016691663478149966,-0.1940148838,-0.08331887009,0.08640454012,1.907275554,8.197953416028355,1.75,1305.357101,24.2729562,-2.989518449,1.0439189795646409,-3.434151882353306,1.247187732169372,-1.516796498,0.6911325156003939,-0.4816566109625223,-0.1333143151,0.3854469559,-0.08393550899,5.316788604,6.332638490372949,5.098681808,0.0,17.57815784,0.1832797149,32.21497008,0.08637282833,9.433819811679783,4.390415048,24.73242031,0.0,11.38785599,0.0,1.230030195182608,6.235938509998993,0.0,-0.745616798660494,0.0,0.0,5.271286059423503,-0.027071740046935987,12.473372769730352,15.7651876,24.73242031,6.544756406,12.74095804,4.83287049,2.3856412719628204,0.0,-1.7084272913218452,3.628021291410322,0.0,0.0,-1.6446907794141556,68.52,4.416562348064011,5.710652298283149,4.461122812456422,4.618875901,0.0,2.5011241008288176,0.6617085363,0.3031992859479452,0.05720369498,0.0,0.16146855801804005,0.8723234606762217,59.049878251825206,28.33828488
144.7629259,147.7589175,153.50475,153.9041889,3.307692308,157.9388272,2.595588235,5.473255720068174,2.598870056,49.22976446,0.4826086957,0.0,0.6859019628261223,1.054252655498101,0.21581646742451882,1.735372024,79.16339906958208,10.420648294092606,6.734842951,26.51862673,-1.685902118,-3.9511923224048506,-0.1607012418,0.6732572563,0.4292587486400042,-3.87,0.12819515276863463,0.4861589104855426,1.0427123439883246,5.969672154818441,2.434591481,1.11403462,-5.560537571105286,0.0207,-1.1000558789392483,8.667554475885446,24.524171758630086,33.77213846,0.0,22.762298099345422,12.520841925837434,0.01739130435,0.01956521739,0.75,0.05046532701787869,0.5911242604,0.563096817,0.97878136,0.8071814823728145,0.7846235028,1.233316744,1.079036348,1.152129437,1.03106203,0.9533476093,0.8490926167,1.017292389,0.975662232,0.8978491903,0.9183001905968144,0.9178442145290414,1.040318302,1.155467498,0.9035789474,1.086253983,0.8760107004879474,1.053043714,0.9340563371,1.023962655790324,1.090552143,0.9527674479846182,1.007845284,1.115573061,1.0900914207947203,0.9179279139,0.9989757454,1.090007646,0.9127689359,1.025513645,1.077909055,2.020542800373637,1.0835835161292344,0.2586394558,0.1962159864,0.06467129932124668,0.35814012267289136,2.774861885,4.882504609440431,0.06776496730932306,0.02134680135,0.019860171651075606,-0.6326525526744643,0.06460406653254537,-0.002157485822323113,-0.1005165051,0.09118856424,0.07486897859,2.076018519,10.87920528830966,1.91,1329.437404,20.9493021,-2.789726047,1.1586942192274763,-2.371899761665435,0.8966236937829622,-1.178525788,0.28952366334561663,-0.40909871937711206,-0.09450641028,0.3661234005,-0.2843668516,0.0,13.428422812294194,5.098681808,36.39820241,11.38785599,0.1934537568,53.96419523,0.1287815026,188.0837891591268,0.0,20.16532066,0.0,33.77213846,0.0,1.7405483868959397,6.06840555221871,0.0,0.09374364257917922,0.0,0.0,4.071688519565982,0.012492066707789842,12.671772091965117,0.0,20.16532066,0.0,0.0,4.808350992,2.4805970865377467,0.0,7.906252504846435,2.3005729208407457,0.0,0.0,-1.285906068660447,54.46,4.283066158684595,-0.6867439056537323,7.399259792038039,0.0,0.0,5.445984710535324,0.4238365946,0.399745136315973,0.0761440227,0.0,0.23149933700128683,1.0702536896077661,43.92244813922713,30.60576651
144.7227279,147.4050701,155.2240072,159.9378992,3.534883721,154.4561001,3.873677249,3.75407146142465,3.404320988,46.23770573,0.4686067019,0.01851851852,0.6769455796642522,0.9137360167600521,0.2518876906239784,1.639376376,91.72527932427813,7.683842671646057,6.431290898,25.69303986,-7.850684117,-2.85937097186108,26.10826889,0.6963983015,0.42838065071512405,-4.98,0.11846963369754356,0.4303152469909369,1.2066926429774647,5.861781652479393,2.190931349,1.160085922,-4.175572460430889,0.00673,7.6749846454085695,8.17702954446347,1.5516362673652875,11.12690298,24.26546827,18.346414563812075,1.1495390090366726,0.03139329806,0.03741409718,0.805090312,0.04447723730429059,0.7253674469,0.495530168,0.9275797067,0.9668162007351305,0.7567441633,0.7177619018,1.150452718,1.073783433,0.4825250131,0.9711726078,0.7433106859,1.036737698,1.104481501,0.8028411052,0.985164131257413,0.8117137152797735,1.161312321,1.004902277,0.9775436168,1.094322982,1.0549650908489887,0.7977153753,0.7845234312,1.067117402158622,0.9090909091,0.9024561991001858,0.9408536473,0.41702611,1.2175250417430739,0.8598944628,0.8818053521,1.074461045,0.8252219138,0.8661781211,0.9201523475,2.1032649254971765,1.0104677330487857,0.4570521542,0.2795493197,0.3402105057936282,0.09574075178773071,3.166620655,5.093971818107608,0.06622430248353076,0.03757834758,0.025443462198270764,-0.499040586842108,-0.014984072141716445,0.11066396892009359,0.0584850184,0.08927022399,-0.03699110817,1.873950546,8.829998274841394,2.78,1771.427832,25.04206361,-3.050304278,1.2597150333563765,-1.8286934287176269,0.7662183256240673,-1.346285933,0.6430398208822727,-0.9237285961635473,-0.239957759,0.343601045,-0.205236377,10.09050592,0.8941165478979496,0.0,18.19910121,22.64523548,0.2140199639,133.7769021,0.1501865618,1.0687534983935336,14.29147963,14.95193556,0.0,34.03309147,0.0,-0.28181069902613853,4.060945467479417,11.04215076,3.085585888073461,0.0,-0.9841012049,2.9467526066968093,-0.030907950269513942,1.7725930593676456,4.390415048,26.02776825,0.0,5.817220841,4.814805348,2.539279643577254,0.0,2.7663582263698445,-1.0334016957865317,0.0,0.0,0.003833025712746796,78.87,4.382885921543783,6.298444633775319,5.326011522551978,0.0,0.0,5.077166870389853,0.5974907466,0.4006029044427451,0.08259517058,0.0,0.1995294506341231,0.9058309696208968,53.44198317097178,33.70273077
142.568784,147.0264186,150.228361,156.1724908,3.465517241,159.8089967,2.506858711,3.356384986787088,2.574133074,51.19414657,0.5112554113,0.02272727273,0.6586654627543023,1.056878385148159,0.20025564133808965,1.613859381,126.30007771526964,13.896325389479923,6.387543253,37.25823401,-10.49134948,-10.617460193119559,-42.15075398,0.6865492513,0.42713678926336823,-6.13,-0.0010525506808301173,0.40860879369414393,0.8604137780473191,6.797631660687099,1.743653309,0.9045555148,-6.0402906893775885,0.000727,4.456985050252654,8.173612756726234,-19.258455240486335,31.81196091,5.563451492,30.279559294127132,9.681475849623043,0.0,0.0,0.7978354978,0.0392611132291338,0.702740662,0.5496909568,0.9601897125,0.9273416874587845,0.7324090131,1.054521134,1.076825843,1.168403169,0.9764116598,0.7950806361,0.9514008569,0.9484975008,1.072127304,1.01926616,0.8478676292303233,0.9199535968281709,0.9355006689,1.140327832,1.03888694,1.046033514,1.0162893114659663,1.156503074,0.8949825732,1.077652365227067,1.28728987,1.1583471716231732,1.429588173,1.590509625,1.0518026098534878,1.498679609,0.9274549705,1.141796019,0.7659585896,1.328864352,0.7764336092,2.263759038077178,0.8156545424996116,0.3788208617,0.3411635488,0.22781619161146965,0.29017300466400653,3.343809532,4.53778225704636,0.06677909839755529,0.04555555556,0.02284295451848596,-0.40039692375276537,0.15654290714375085,-0.13739594596638965,-0.1232475129,-0.06048862328,-0.3969541693,2.137281307,8.164568345429482,4.07,390.8279117,23.86903746,-4.431175036,2.2214207847061793,-2.7043270610826706,0.850081095874283,-0.4233779371,0.49403400144829623,-1.0658033322983231,-0.2706113907,0.3611107697,-0.1605658084,0.0,15.160957741898741,5.098681808,58.8330126,11.89077157,0.1752600273,98.50396462,0.1713114299,80.05549491853219,0.0,14.59805822,0.0,21.82845468,1.592402954,-1.2766933809643195,5.601614301592882,0.0,1.8034016343060866,0.0,0.0,4.33521192097113,0.027532932911084388,7.028246086752713,0.0,14.59805822,0.0,6.9237372,4.773957061,2.575555794074575,0.0,-0.9005084286179571,1.4757928746222995,0.0,0.0,-0.9819179990750834,30.19,4.056171547376266,11.364581187261148,8.700093145785928,2.084179544,0.0,2.4447111043767316,0.9040054457,0.3212196234438832,0.09878289721,0.0,0.13844403181168724,1.0207329632166449,49.768925936913554,29.43827486
145.9770422,152.953981,152.6842497,157.4450447,3.345132743,164.3073057,2.631858711,3.933209404397906,2.624958292,51.38666017,0.4913978495,0.01612903226,0.6645562751548952,1.143445403538997,0.21513086678149143,1.606975805,148.3715346454676,10.238630141189319,13.71306515,79.47213322,-8.124599502,-7.267269774824901,-37.51675171,0.6894086529,0.44295908373528087,-6.04,-0.011701313695000676,0.4230562950200989,0.903143559381231,4.005109530551322,2.104484741,1.194041746,-4.818734329615889,0.00148,-4.995575211855762,4.251114568430275,15.292379451924589,45.37412621,16.69035448,43.70791842214011,18.90131692250529,0.008602150538,0.01518817204,0.7708333333,0.03651107358346658,0.663694868,0.4977187343,1.160368181,0.9347169380436305,0.8593066484,1.005233256,1.126869159,1.018835717,0.786586176,0.7802333168,1.119522259,1.033742759,1.129072193,1.13598634,1.0164697290170281,1.0041642408482592,1.029176312,1.079834249,0.9583783785,0.9829832107,1.117895253116858,1.329678525,1.32374746,1.025900856908603,0.8970563132,0.8950377423382399,0.8180613897,1.173372775,0.8836397438242272,0.9653634742,1.146837014,1.260601618,1.156194186,1.080027722,1.020986166,2.6449745567519547,1.137451300275158,0.696462585,0.5130385488,0.22499303747993285,0.3296765804025557,3.623435714,4.824490767514749,0.07801246512784167,0.04419753086,0.021908581431117694,-0.5796095542808941,0.25534911607221067,-0.012525134085539964,-0.009400924818,0.204855339,-0.001069349544,2.204546418,9.844197317202525,3.25,2128.759623,26.14319643,-4.681897176,0.9419286561342564,-2.4776618266413504,0.34485008110954274,-1.321207125,0.8305717244011122,-0.6750885658170256,-0.3160646832,0.214884952,0.2585630642,5.316788604,2.0593616870227764,5.425791397,52.80517724,10.57107519,0.1655533624,24.93919058,0.1023502624,22.4257276103572,0.0,20.40266096,4.992404733,11.38785599,1.628356245,1.55184820140353,5.940992883980711,0.0,1.9001520073008409,0.0,1.035422336,4.397415147312575,-0.004224415376360646,5.717975115959739,5.13155848,21.31540493,6.544756406,26.93698721,4.84886367,2.44067560273647,0.0,-0.99841724894887,2.410776229044235,0.0,0.0,0.3356036577555944,67.51,4.490287455040769,1.7984303343822043,1.4079071393873277,6.966363136,0.0,4.829221051858102,1.189562466,0.19622906166336931,0.1146045727,0.0,0.1774258584041686,0.9097384673950022,57.305120044351,33.67938053
143.9205754,148.497033,155.7072841,157.6903983,3.638554217,156.1471078,2.775983348,4.701953475024364,2.513594118,49.36971113,0.4938271605,0.01851851852,0.654203414559533,0.941335138356994,0.19627277963744844,1.645994822,98.78740296105978,13.42750549840241,8.611111111,47.5648778,-11.11111111,-6.012307749342126,-49.07432603,0.6747025075,0.4390249266620319,-5.7,-0.14239729951630392,0.4253724712654462,0.888296485186395,5.764014276814432,1.971019137,1.017358475,-3.2395325321126975,0.00211,-0.170929372784705,12.782516067434228,15.41715220457272,44.70847628,0.0,26.687901044318835,-5.548477316043096,0.006172839506,0.01728395062,0.7666666667,0.04021402223899037,0.6357555488,0.4925806497,1.097914098,1.0505361632342372,0.7586816813,0.928830155,1.046116046,1.162316982,0.806176138,0.8736319481,1.359112878,1.046212291,1.069299139,1.059650804,0.9297228539983411,0.9237064720269821,1.096330246,1.153244123,1.134986036,1.09849187,1.012128744092549,1.001694662,0.9087220074,1.1145051483962247,1.262825586,0.9256412845239114,0.7062011674,1.36756626,0.9816437455477302,1.087030257,0.9636005185,0.9363242298,0.8892957006,1.06378838,0.945521376,2.0610661052449397,0.8464707039338564,0.4734240363,0.3871527778,0.2217772868714125,0.14046977165286786,3.421298286,4.338757303623087,0.06165809161563058,0.03834795322,0.01487620902322499,-0.5786420698529455,0.0016686448156859879,-0.12148029199952351,-0.3256048181,0.007166955336,-0.2231714005,2.091736636,10.134211535739668,2.83,2341.143937,30.25372769,-4.349804826,1.0354378590644653,-2.3827297829431124,1.236961315547704,-1.364894195,0.41659468929552385,-0.8639661164311917,-0.2638964467,0.3145197949,-0.1177401881,5.316788604,10.685278446726654,0.0,24.26546827,21.41454618,0.1884334693,20.66219208,0.1109721935,132.21971565764014,0.0,15.28474565,4.992404733,0.0,1.623420283,0.04923984398725689,5.376941311521345,0.0,-1.7680524501756825,0.0,0.6099706843,4.4768018954163695,0.032409166905331396,1.5388145102057198,11.37477255,15.80357683,0.0,13.08951281,4.903407469,2.5137133349066425,0.0,0.6530139842603552,2.1738974845374126,0.0,0.0,-0.11303199066617231,64.27,4.44658793945376,12.86906428879337,4.740332342218785,1.966259719,0.0,3.1073594613654323,0.7609291239,0.4396177632449337,0.09332482137,0.0,0.19965877706439197,1.0635556158418773,49.84606816547737,31.3110809
147.1889596,150.5716193,153.3000036,156.5291915,3.472727273,157.0717226,3.905328798,2.0846994980391176,3.804257529,45.48331132,0.4644444444,0.01666666667,0.686008127663387,1.185460498782447,0.18819984644833915,1.557441303,83.14041039658244,7.459981599369437,10.59924386,39.74102079,-11.68809074,-5.713189636169592,-35.96030246,0.6888187153,0.4419455668784112,-4.4,-0.06773250629724606,0.34944369373782413,1.1370585609378114,1.4593025819205003,2.017017473,0.9830278467,-5.687333555029951,0.0292,4.270172025941536,2.276267390546431,-4.401161543096425,0.0,4.681802935,27.58998922736295,22.158028730086766,0.03555555556,0.05050505051,0.8050505051,0.036172336928431616,0.6291793313,0.4916131253,1.035286165,0.9885265862583922,0.7707667714,1.060415245,1.077760892,1.106167404,0.5904261633,0.8555152636,0.7549113867,1.000354625,1.142212589,0.8753185132,0.8766479291314933,0.617203378481896,1.047029998,1.19186736,1.101000288,1.029566179,1.0091749336015055,0.9991903616,0.8821284576,0.9838895217748169,0.9582893529,1.002848366883682,0.8639818236,1.008770503,1.294408652887337,0.9766345731,0.9850828399,1.070424328,0.922099812,1.03765017,0.9372538201,1.3601752184683131,0.6728577214588973,0.6815419501,0.454010771,0.1939167299199806,0.173227956334528,3.506544483,4.843911844129269,0.07820033041170457,0.04024305556,0.01908361346617325,-0.3881705395894869,0.10222516143471595,-0.006152829638676513,-0.0008832956259,0.005339956495,0.08903173059,1.850266211,15.575310834918305,1.9,2079.53101,28.59171415,-3.363356727,0.248200193234433,-3.603209773752918,1.3622230540829845,-1.700926633,0.6927572242716034,-0.3267078679853386,-0.4891252624,0.2840054021,-0.4165042679,15.20739338,4.095147919400655,0.0,12.13273414,22.63869376,0.1536183472,166.0474505,0.09459016054,70.82055155373762,14.26826309,14.76446326,5.733667477,39.70116891,0.0,-1.0114474940962803,2.0686603323597605,24.77564615,-1.3412961514056456,0.0,-0.5318461614,5.281876282700692,0.013759879266427147,9.63336401831888,0.0,27.4645853,0.0,0.0,4.91143227,2.473010624709725,5.31165637,0.1861721070605762,-1.6174942558570515,10.84841365,0.0,-1.9896526770635383,112.23,4.2779833180671885,10.19659187816321,4.588515549206898,0.1482791863,0.0,3.566723303998159,0.7090739295,0.3844957773641152,0.1275821809,0.0,-0.0012964752327235818,0.9194788614544761,47.75498387411482,33.15744284
144.1027622,150.3402747,157.2832898,158.2228931,3.753846154,154.7643358,2.794797178,0.9938990987401111,2.942307692,50.02006968,0.49138322,0.02380952381,0.6560122923060024,1.0217206936775842,0.19446028800179316,1.606288741,97.35689639282151,13.647925068173995,6.644628099,38.23385369,-3.049586777,2.609470963875948,35.15559637,0.6778019067,0.42636000545953434,-3.8,-0.058396651723860216,0.494077843745821,1.1479546334113504,7.433546408874323,1.68640862,0.7167116501,-5.977181369415187,0.0287,6.4357310803492584,10.27316833917197,2.719108047358448,40.09928197,12.13273414,18.13625926103231,19.09338064479836,0.008616780045,0.0,0.8229024943,0.042581813552995486,0.6111111111,0.449132869,0.9994501054,0.9375544416059373,0.7963795128,1.176492564,0.9166666667,1.080802063,0.5735961645,0.9313135829,1.021465435,1.051293869,0.9801829355,0.9090066247,0.9272085314299485,1.2112524013140182,1.258961491,0.8785771904,0.9275138058,1.379881657,1.1235790236072525,0.8789046908,0.8808674439,0.9328749586197833,1.02689219,0.859948484182823,1.207712225,0.6093650198,1.063435495487303,0.8366360391,0.999384296,1.335756738,0.3819553817,0.9559527936,1.171450206,1.7186926977818497,0.6951270525409224,0.2719274376,0.2777777778,0.44392103314455295,0.10243932855554654,3.3579855,4.696923130809796,0.0693469622921028,0.04094444444,0.025105656789775627,-0.44562804023720726,0.13416446729915843,-0.12088146309620237,-0.02647993937,0.0763616943,-0.01540645135,1.954116119,9.505151232860667,2.52,1654.378846,19.98217491,-3.695747383,1.7879451983242431,-1.5547831215391592,0.8183001409070397,-0.7633718554,1.1620800851131383,-0.7344965575087833,0.00284819115,0.07937513201,0.00896802514,4.567099648,12.244510392213833,0.0,17.82825202,11.38785599,0.2313117594,4.069284137,0.1229123691,58.0733525276255,4.390415048,14.53505669,0.0,22.64523548,0.0,0.9165269744472686,5.619195222605038,0.0,-4.058780486601258,0.0,0.0,5.3905143272439995,-0.027385126380191836,4.312269947009241,4.390415048,20.2879103,6.544756406,5.817220841,4.88992845,2.488215265387125,0.0,4.506615431348694,0.17270366263753245,0.0,1.745355463,0.4680311853804716,30.71,4.582173197538689,4.372198364561957,1.1846714276485861,0.9231580688,0.0,3.3994872728403203,0.5242119621,0.4650651585786987,0.1086331621,0.0,0.2342170327791661,0.8110393159659235,54.93295725936419,26.16116463
146.3467283,151.2254929,157.186806,159.0318735,3.0234375,156.633458,2.528490028,3.227960923928957,2.638383838,49.47834402,0.4739583333,0.015625,0.6643389290235265,0.9357510843719123,0.19700201632751477,1.646727263,104.35220502472383,9.100469853766246,8.479338843,50.20297521,1.247933884,-1.1577966137255427,43.61818182,0.6797656753,0.4327769162305684,-4.15,0.03847982312773491,0.4289095458059533,1.078243065173031,2.624806142208295,2.087874319,0.8823513639,-5.656987928332844,0.0256,-0.8422399791079873,4.7506698578121025,40.04867256981309,52.30116798,0.0,14.990700182887544,7.3277752078378455,0.02604166667,0.0300245098,0.7803921569,0.038862707105224305,0.7281739687,0.5436466395,1.131669773,0.7143073217811069,0.8795727074,1.098436452,1.186132075,1.171715426,0.7414861039,0.9889053603,1.016168077,1.043135494,1.015878179,1.053732652,1.0541320225396036,1.283590002568503,1.043135494,1.08278471,1.393481191,0.9923349057,1.080804876722935,0.8995710157,0.8184946154,1.173103798272355,0.9738463563,0.9418831729540779,1.048252812,0.8417966211,1.0672843445778142,0.777126301,1.089856057,1.146973605,0.7786952573,0.8916458408,1.026381936,1.9720855581464793,0.6423267930878682,0.3786394558,0.3785076531,0.36272682217001184,0.18013636894088916,3.693485395,4.769348016302224,0.06637518181548215,0.02737588652,0.021046295919530143,-0.43370297366142163,0.1307674771235916,-0.08186656910592566,-0.07109127655,0.0355086687,0.144729708,2.034631883,7.654093978816977,1.37,1432.418675,29.60938638,-4.556060394,1.2787000434827975,-2.707746285382173,1.2257820552796266,-1.438365411,0.5686211816413844,-0.9206252362032015,-0.2568511041,0.2918328058,-0.2183428283,10.05365156,8.822208343012447,5.098681808,18.19910121,11.38785599,0.1606741544,142.3191854,0.09569664158,151.47173035777044,9.531400138,20.16532066,5.917906046,33.77213846,0.0,1.4940695999421587,8.861718911729724,12.45432442,-0.7910569012080928,0.0,0.0585009185,3.621259555612382,0.03615367184463139,11.383175260571765,5.687386275,39.28626432,9.531400138,5.917906046,4.821864782,2.6045803377988004,0.0,1.5428826762689933,1.7240103433555012,5.337351856,0.0,0.614006703723453,92.79,4.639520294850441,7.19717094423214,7.160685620171389,1.301084642,0.0,2.881190922642235,0.7104330604,0.3166522649115998,0.1056068053,0.0,0.10331051405764619,1.2255085415841678,57.53217781988823,29.45497848
