AATS1i,AATS2i,AATS3i,AATS3p,AATS4i,AATS5d,AATS6i,AATS6s,AATS7d,AATS7s,AATS8s,AATSC0c,AATSC0v,AETA_alpha,AETA_beta_ns_d,AETA_beta_s,AETA_eta_L,AMID_C,ATSC1d,ATSC1dv,ATSC7d,ATSC8dv,AXp-0d,Ali_Log_S,BCUTc-1l,BCUTd-1l,BCUTs-1h,BCUTs-1l,CIC1,CIC2,ESOL_Solubility_(mg/ml),EState_VSA1,EState_VSA4,EState_VSA5,ETA_dAlpha_B,ETA_dEpsilon_D,ETA_epsilon_5,ETA_shape_y,FNSA1,GATS1c,GATS1d,GATS1dv,GATS1i,GATS1s,GATS1v,GATS2c,GATS2d,GATS2i,GATS2s,GATS2v,GATS3c,GATS3d,GATS3dv,GATS3i,GATS3s,GATS3v,GATS4d,GATS4dv,GATS4i,GATS4p,GATS4s,GATS5d,GATS5dv,GATS5i,GATS5p,GATS6c,GATS6d,GATS6dv,GATS6p,GATS6s,GATS7c,GATS7dv,GATS7i,GATS7p,GATS7v,GATS8c,GATS8dv,GATS8i,GATS8s,GGI10,GGI3,GGI4,GGI6,GGI7,GGI8,GGI9,IC1,JGI2,JGI4,MATS1c,MATS5s,MATS6s,MATS7s,MATS8s,MAXaaCH,MAXaasC,MDEC-22,MDEC-23,MINaaCH,MLOGP,MOMI-Z,Mor02m,Mor03m,Mor08m,Mor10m,Mor12m,Mor13m,Mor23m,Mor24m,Mor26m,Mor30m,Mor31m,PEOE_VSA1,PEOE_VSA10,PEOE_VSA3,PEOE_VSA4,PEOE_VSA6,PEOE_VSA7,PEOE_VSA8,PEOE_VSA9,RASA,RNCG,RNCS,RPCG,SMR_VSA1,SMR_VSA3,SMR_VSA4,SMR_VSA9,SaaS,SaaaC,SdCH2,SdO,SdS,SddssS,SdsCH,SdssC,Silicos-IT_Log_P,SlogP_VSA1,SlogP_VSA10,SlogP_VSA2,SlogP_VSA3,SlogP_VSA4,SlogP_VSA5,SpDiam_A,SpMax_A,SsCH3,SsCl,SsNH2,SsOH,SssNH,SssO,SssS,SsssCH,SsssN,SssssC,TopoPSA(NO),VE1_A,VSA_EState1,VSA_EState8,VSA_EState9,Xc-3dv,Xc-5dv,Xc-6dv,ZMIC2,fMF
147.1796749,152.27942352428573,157.7127406,1.593661858,157.5471253,3.4309047647714284,159.3377075,2.863984674,2.941176471,2.7961807550428572,2.760162602,0.01397489853,49.02064596857142,0.48069877946999995,0.018859852175714283,0.6666666667,0.1705503255,1.6046717415428573,5.948242188,58.00176269057143,-8.048844056195716,-15.089078130157143,0.68682556727,-4.719285714285714,-0.3951118671,1.734391607,3.05962641,1.43179288,1.9507554346857143,0.8789481886714284,0.147,0.0,41.8666451816,6.448020180071429,0.019749238125485714,0.02251082251,0.7868459064728571,0.3,0.3655091099,1.182327592,0.656724165282857,0.4987709497,1.1348176423885719,0.7844495892,0.8395543497,1.1180255929571428,1.08409351083,1.1279751734385712,1.028766213,0.9234438227,1.0487113150085714,1.230805161,1.039106145,1.00186403834,0.9625558532314287,0.8775167219,1.258317277,1.0591462997471426,1.0541421759200003,0.9952632364,1.0243551266000002,1.1390753082442857,1.126852886,1.0625243417542856,0.9885241671057142,1.129314406,1.071025181,1.048661144,1.0352609673042859,0.9437166964214285,0.9915227988,1.032126486255714,0.9941615067285716,1.0629880281214283,1.011986906,0.8785709376557143,1.0000366677842858,0.8725859419,0.9733404636,0.01632486481,0.8055555556,1.006666667,0.2277097506,0.4505446226242857,0.06701152683,0.026875,3.585559589014286,0.06734006734,0.038673363947,-0.2495754875,-0.1489715073,-0.06752133943,0.0172003215,-0.006168074024560002,2.0183213696,0.9300491308,10.2543515,17.20232731,1.75548947,2.126285714285714,1055.345577,18.1625912,-3.6788834832285717,-1.096148384,0.5432375962,1.737758926,-1.40387260699,-0.6661725059,0.1547938535,-0.24821750480797142,0.32700071754399995,-0.13498761280071428,8.551568232771428,5.693927995,4.983978521,5.098681808,6.066367068,36.39820241,24.15398221,21.0894968215,0.8861928707,0.1909963421,57.25170822525714,0.1271728419,0.0,20.759931868514283,1.9059206056857143,22.64523548,0.42280435137142863,1.742872103,0.0,3.591622254285715,0.0,-0.0532321761,0.0,0.1671880880499286,3.42,0.0,0.0,25.14929918,6.616532068714286,0.0,0.0,4.878658717842858,2.443940753,0.0,0.0,0.7151996025571428,0.0,0.0,0.0,0.049557151214285715,0.0,0.0,0.0,67.35,4.178208277,0.0,0.0,0.0,0.8012119198542856,0.06587175382,0.0,32.27661356,0.65625
148.4885439,152.27942352428573,156.9974297,1.559693289,159.1825006,3.4309047647714284,162.2429162,2.793582375,3.071428571,2.7961807550428572,2.642655367,0.01425164682,49.02064596857142,0.48069877946999995,0.018859852175714283,0.6693548387,0.219804709,1.6046717415428573,14.91975309,58.00176269057143,-8.048844056195716,-15.089078130157143,0.68682556727,-4.719285714285714,-0.3832819307,0.9925253549,3.057290442,1.434148518,1.9507554346857143,0.8789481886714284,0.0102,0.0,41.8666451816,6.448020180071429,0.019749238125485714,0.02971652004,0.7868459064728571,0.3648648649,0.360995578,1.611680411,0.656724165282857,0.4638192268,1.1348176423885719,0.9224042748,0.8395543497,1.1180255929571428,1.08409351083,1.1279751734385712,0.7223819476,0.8342492746,1.0487113150085714,1.151004193,1.159156785,1.00186403834,0.9625558532314287,1.042052105,0.9995704803,1.0591462997471426,1.0541421759200003,1.145912559,1.0243551266000002,1.1390753082442857,0.8658313908,1.0625243417542856,0.9885241671057142,1.423719337,0.9045160161,0.964559387,1.0352609673042859,0.9437166964214285,1.191607552,1.032126486255714,0.9941615067285716,1.0629880281214283,0.9176672295,0.8785709376557143,1.0000366677842858,1.040191426,0.9892888929,0.2356881951,1.791666667,1.988888889,0.6540136054,0.4505446226242857,0.2902730537,0.291882716,3.585559589014286,0.07111111111,0.038673363947,-0.5025169592,0.1832141975,0.0005662273498,0.03522916934,-0.006168074024560002,2.0183213696,1.279765107,10.00791679,24.46744655,1.989285604,2.126285714285714,2149.026985,29.42344251,-3.6788834832285717,-2.414231418,0.8716442058,1.432149594,-1.40387260699,-0.7600180486,0.1129777564,-0.24821750480797142,0.32700071754399995,-0.13498761280071428,8.551568232771428,12.16293986,14.98529578,5.425791397,18.20875424,62.23960296,23.15437369,21.0894968215,0.8960762815,0.1597759284,57.25170822525714,0.09344475674,0.0,20.759931868514283,1.9059206056857143,11.38785599,0.42280435137142863,0.0,0.0,3.591622254285715,0.0,-0.0532321761,7.445865085,0.1671880880499286,3.76,10.74258,5.687386275,26.29938345,6.616532068714286,26.93698721,28.33916347,4.878658717842858,2.479157266,6.223711232,0.0,0.7151996025571428,0.0,3.467632958,0.0,0.049557151214285715,0.0,1.754432169,0.0,83.3,4.547174271,0.0,6.799987372,0.0,0.8012119198542856,0.1469872085,0.0,30.15823057,0.5185185185
147.0960267,152.27942352428573,159.3784206,1.434364884,157.5531245,3.4309047647714284,158.8478566,2.901766004,2.898089172,2.7961807550428572,2.304340278,0.01574823075,49.02064596857142,0.48069877946999995,0.018859852175714283,0.6857142857,0.2333987871,1.6046717415428573,15.40816327,58.00176269057143,-8.048844056195716,-15.089078130157143,0.68682556727,-4.719285714285714,-0.5138731373,0.9779932935,7.008272534,1.343850104,1.9507554346857143,0.8789481886714284,0.0222,0.0,41.8666451816,6.448020180071429,0.019749238125485714,0.0,0.7868459064728571,0.3440643863,0.2608416274,1.323837456,0.656724165282857,0.4862824265,1.1348176423885719,0.5579710145,0.8395543497,1.1180255929571428,1.08409351083,1.1279751734385712,0.6749311295,0.8483989624,1.0487113150085714,1.166666667,1.05437614,1.00186403834,0.9625558532314287,0.9219519721,1.003033367,1.0591462997471426,1.0541421759200003,1.065670079,1.0243551266000002,1.1390753082442857,1.03404136,1.0625243417542856,0.9885241671057142,1.292941829,1.230992351,1.276869149,1.0352609673042859,0.9437166964214285,0.8634870136,1.032126486255714,0.9941615067285716,1.0629880281214283,1.230163811,0.8785709376557143,1.0000366677842858,0.9929475273,0.6579408213,0.1396816651,2.131944444,2.01,0.6679365079,0.4505446226242857,0.3522297808,0.204382716,3.585559589014286,0.0701754386,0.038673363947,-0.2751540405,-0.01091529971,-0.07990210193,-0.09930677768,-0.006168074024560002,2.0183213696,1.246530291,21.96773029,32.49749527,1.806829999,2.126285714285714,2724.205579,22.92103684,-3.6788834832285717,-3.467645881,1.32652771,1.896691312,-1.40387260699,-0.712726534,0.2370313316,-0.24821750480797142,0.32700071754399995,-0.13498761280071428,8.551568232771428,11.44343983,0.0,5.098681808,6.066367068,55.78460206,67.82743994,21.0894968215,0.8845708178,0.1835222894,57.25170822525714,0.09868344179,9.531400138,20.759931868514283,1.9059206056857143,28.26427081,0.42280435137142863,1.863045777,0.0,3.591622254285715,0.0,-0.0532321761,0.0,0.1671880880499286,3.31,4.736862954,0.0,75.28902055,6.616532068714286,0.0,12.11474962,4.878658717842858,2.553610548,2.075821541,0.0,0.7151996025571428,0.0,0.0,5.882335879,0.049557151214285715,0.0,4.101026672,0.0,76.38,4.432197729,8.000447108,4.250004265,2.075821541,0.8012119198542856,0.1629577072,0.0,32.60149878,0.5238095238
147.8576336,152.27942352428573,158.8206985,1.662757373,159.1756787,3.4309047647714284,159.3611707,3.154388821,3.5625,2.7961807550428572,3.126075571,0.01549032751,49.02064596857142,0.48069877946999995,0.018859852175714283,0.6693548387,0.2165514338,1.6046717415428573,7.349932096,58.00176269057143,-8.048844056195716,-15.089078130157143,0.68682556727,-4.719285714285714,-0.3836349988,0.9929188504,8.002961739,0.6049847703,1.9507554346857143,0.8789481886714284,0.00291,11.63444168,41.8666451816,6.448020180071429,0.019749238125485714,0.01743471582,0.7868459064728571,0.3647475072,0.4585695509,1.543132941,0.656724165282857,0.4474048177,1.1348176423885719,0.537076783,0.8395543497,1.1180255929571428,1.08409351083,1.1279751734385712,0.5778282529,0.8361368736,1.0487113150085714,1.005928527,1.054996823,1.00186403834,0.9625558532314287,0.9995091245,1.094448329,1.0591462997471426,1.0541421759200003,1.26868805,1.0243551266000002,1.1390753082442857,1.156148328,1.0625243417542856,0.9885241671057142,1.451303718,1.023757817,1.012158678,1.0352609673042859,0.9437166964214285,1.003565555,1.032126486255714,0.9941615067285716,1.0629880281214283,1.170841337,0.8785709376557143,1.0000366677842858,0.8781389542,0.5528812127,0.2026303438,2.166666667,1.988888889,0.696462585,0.4505446226242857,0.3023904006,0.324691358,3.585559589014286,0.05777777778,0.038673363947,-0.5376742661,-0.08282610616,-0.09491617076,0.05164021434,-0.006168074024560002,2.0183213696,0.905947027,9.781768621,24.43877474,0.8539603229,2.126285714285714,2190.410097,27.48782268,-3.6788834832285717,-2.541873193,0.02029542686,1.683786806,-1.40387260699,-0.5396658437,0.318773892,-0.24821750480797142,0.32700071754399995,-0.13498761280071428,8.551568232771428,23.66690504,23.76612587,5.425791397,23.47917305,42.82867707,30.07811089,21.0894968215,0.7625616717,0.1578605564,57.25170822525714,0.09759523029,8.780830095,20.759931868514283,1.9059206056857143,11.38785599,0.42280435137142863,0.0,0.0,3.591622254285715,0.0,-0.0532321761,7.237568955,0.1671880880499286,4.67,10.74258,13.91238858,21.31540493,6.616532068714286,24.72395449,16.13452668,4.878658717842858,2.47919456,1.925263429,0.0,0.7151996025571428,0.0,3.174007937,0.0,0.049557151214285715,0.0,1.699533457,0.0,67.51,4.548122311,27.00228176,2.165769906,0.0,0.8012119198542856,0.1146045727,0.0,31.83179984,0.5957446809
146.1688725,152.27942352428573,154.9795386,1.673123576,156.3238166,3.4309047647714284,157.2717485,2.770858771,3.4375,2.7961807550428572,2.677141788,0.01349493528,49.02064596857142,0.48069877946999995,0.018859852175714283,0.6637931034,0.2218733688,1.6046717415428573,9.372566772,58.00176269057143,-8.048844056195716,-15.089078130157143,0.68682556727,-4.719285714285714,-0.383634338,0.9938424863,3.05728196,0.6049850547,1.9507554346857143,0.8789481886714284,0.0056,0.0,41.8666451816,6.448020180071429,0.019749238125485714,0.01639846743,0.7868459064728571,0.3091334895,0.4116347779,1.605557444,0.656724165282857,0.5385371777,1.1348176423885719,0.8482306971,0.8395543497,1.1180255929571428,1.08409351083,1.1279751734385712,0.9153877665,0.8623184619,1.0487113150085714,1.023674242,1.030801425,1.00186403834,0.9625558532314287,0.9781826456,1.03714364,1.0591462997471426,1.0541421759200003,1.279473385,1.0243551266000002,1.1390753082442857,0.9958392936,1.0625243417542856,0.9885241671057142,1.375803697,1.094129555,1.107449855,1.0352609673042859,0.9437166964214285,1.249043924,1.032126486255714,0.9941615067285716,1.0629880281214283,1.160426864,0.8785709376557143,1.0000366677842858,0.9772727927,0.8602140184,0.1365146414,1.416666667,1.606666667,0.5331972789,0.4505446226242857,0.2398904006,0.164691358,3.585559589014286,0.05797101449,0.038673363947,-0.5367914382,0.1077965309,-0.1557494756,0.1425932307,-0.006168074024560002,2.0183213696,1.21158855,14.31861096,22.53967696,1.991639716,2.126285714285714,2090.935854,27.64460032,-3.6788834832285717,-2.790862041,0.02180851767,0.742252457,-1.40387260699,-0.5864022038,0.3037120292,-0.24821750480797142,0.32700071754399995,-0.13498761280071428,8.551568232771428,12.03246336,14.98529578,5.425791397,53.8110084,30.69594294,24.01174382,21.0894968215,0.911608274,0.1690279862,57.25170822525714,0.1044982807,0.0,20.759931868514283,1.9059206056857143,11.38785599,0.42280435137142863,0.0,0.0,3.591622254285715,0.0,-0.0532321761,7.557686138,0.1671880880499286,3.84,10.74258,5.13155848,21.31540493,6.616532068714286,13.08951281,16.13452668,4.878658717842858,2.478793984,1.991639716,0.0,0.7151996025571428,0.0,3.452896825,0.0,0.049557151214285715,0.0,1.777357148,0.0,67.51,4.473770881,0.0,2.710479527,0.0,0.8012119198542856,0.1146045727,0.0,33.13142796,0.5957446809
145.2487057,152.27942352428573,159.4887652,1.598306035,159.1539262,3.4309047647714284,157.7594281,2.913837449,3.17,2.7961807550428572,2.984889403,0.01444978724,49.02064596857142,0.48069877946999995,0.018859852175714283,0.6517857143,0.2480447407,1.6046717415428573,9.655047533,58.00176269057143,-8.048844056195716,-15.089078130157143,0.68682556727,-4.719285714285714,-0.3761913255,0.9715724923,7.014207891,0.2980105395,1.9507554346857143,0.8789481886714284,0.0123,10.02329115,41.8666451816,6.448020180071429,0.019749238125485714,0.03698412698,0.7868459064728571,0.2823529412,0.3954750013,1.614372904,0.656724165282857,0.5942320026,1.1348176423885719,0.7869075941,0.8395543497,1.1180255929571428,1.08409351083,1.1279751734385712,0.5549929326,0.8799382887,1.0487113150085714,1.000684215,1.098187506,1.00186403834,0.9625558532314287,0.8872348941,1.028155618,1.0591462997471426,1.0541421759200003,1.033409374,1.0243551266000002,1.1390753082442857,1.113730073,1.0625243417542856,0.9885241671057142,1.25927266,0.984142107,1.095390632,1.0352609673042859,0.9437166964214285,1.266936745,1.032126486255714,0.9941615067285716,1.0629880281214283,0.9783675089,0.8785709376557143,1.0000366677842858,1.033896445,0.9223070414,0.1810039792,1.826388889,1.678333333,0.7741950113,0.4505446226242857,0.377196712,0.3087654321,3.585559589014286,0.07407407407,0.038673363947,-0.586122949,0.01203836282,-0.06774345629,-0.00825629086,-0.006168074024560002,2.0183213696,0.9673781442,5.243799591,15.77250798,1.819881272,2.126285714285714,3010.037212,31.92182127,-3.6788834832285717,-3.176877805,-0.0630462131,0.3952347066,-1.40387260699,-0.7572712575,0.7093295999,-0.24821750480797142,0.32700071754399995,-0.13498761280071428,8.551568232771428,16.52595619,28.09182741,0.0,12.99010427,25.47729296,16.63744226,21.0894968215,0.8240972707,0.1565948713,57.25170822525714,0.09732883382,8.417796984,20.759931868514283,1.9059206056857143,21.95893118,0.42280435137142863,2.033356859,0.0,3.591622254285715,0.0,-0.0532321761,0.0,0.1671880880499286,5.4,4.722094864,0.0,34.10656467,6.616532068714286,6.9237372,24.86289132,4.878658717842858,2.484687723,3.775986215,0.0,0.7151996025571428,0.0,2.603917549,0.0,0.049557151214285715,0.0,0.0,0.0,100.63,4.465964913,27.66019284,3.889570084,-3.309492663,0.8012119198542856,0.1110709264,0.0,32.01007426,0.4042553191
147.1889596,152.27942352428573,153.1917434,1.594751004,157.0609274,3.4309047647714284,157.4430247,3.658333333,3.469387755,2.7961807550428572,3.900830737,0.02916173558,49.02064596857142,0.48069877946999995,0.018859852175714283,0.6666666667,0.189290737,1.6046717415428573,10.59924386,58.00176269057143,-8.048844056195716,-15.089078130157143,0.68682556727,-4.719285714285714,-0.4868825717,0.9727749776,7.009368063,1.401734117,1.9507554346857143,0.8789481886714284,0.0292,5.907179729,41.8666451816,6.448020180071429,0.019749238125485714,0.05050505051,0.7868459064728571,0.3875598086,0.4312565481,1.486387289,0.656724165282857,0.4916131253,1.1348176423885719,0.6659007353,0.8395543497,1.1180255929571428,1.08409351083,1.1279751734385712,0.5904261633,0.8555152636,1.0487113150085714,1.255180989,1.000354625,1.00186403834,0.9625558532314287,1.007327983,0.9982172083,1.0591462997471426,1.0541421759200003,1.047185198,1.0243551266000002,1.1390753082442857,1.002873503,1.0625243417542856,0.9885241671057142,0.8574464152,1.179711246,1.086536255,1.0352609673042859,0.9437166964214285,0.9311638669,1.032126486255714,0.9941615067285716,1.0629880281214283,1.056386871,0.8785709376557143,1.0000366677842858,0.9634348594,0.6637502907,0.1231527395,2.361111111,2.011666667,0.6538321995,0.4505446226242857,0.3908100277,0.2493904321,3.585559589014286,0.07709750567,0.038673363947,-0.4949766607,-0.07445867041,-0.1244186777,-0.01119422128,-0.006168074024560002,2.0183213696,0.7541751701,13.16622083,28.475568,1.575034909,2.126285714285714,2093.279906,27.90289226,-3.6788834832285717,-2.275622193,1.42947192,2.106107968,-1.40387260699,-0.6818815627,0.2657156898,-0.24821750480797142,0.32700071754399995,-0.13498761280071428,8.551568232771428,0.0,4.681802935,0.0,6.066367068,54.59730362,17.32374656,21.0894968215,0.7294992951,0.1538786109,57.25170822525714,0.0952698347,14.26826309,20.759931868514283,1.9059206056857143,39.70116891,0.42280435137142863,0.0,0.0,3.591622254285715,0.0,-0.0532321761,0.0,0.1671880880499286,3.13,20.76666028,0.0,27.4645853,6.616532068714286,0.0,10.35798868,4.878658717842858,2.526633439,0.0,0.0,0.7151996025571428,0.0,0.0,10.86650503,0.049557151214285715,0.0,0.0,0.0,112.23,4.574682887,12.27791707,0.1623294823,0.0,0.8012119198542856,0.1275821809,0.0,33.15744284,0.5652173913
144.8388578,152.27942352428573,154.6968957,1.545664457,156.6866838,3.4309047647714284,155.9839035,2.691767068,2.975903614,2.7961807550428572,2.68132716,0.01411582004,49.02064596857142,0.48069877946999995,0.018859852175714283,0.6597222222,0.2050367286,1.6046717415428573,17.22037087,58.00176269057143,-8.048844056195716,-15.089078130157143,0.68682556727,-4.719285714285714,-0.4947199896,0.9777394418,7.008273069,1.343837143,1.9507554346857143,0.8789481886714284,0.0014,0.0,41.8666451816,6.448020180071429,0.019749238125485714,0.0,0.7868459064728571,0.3669902913,0.3018993667,1.358289805,0.656724165282857,0.4383071664,1.1348176423885719,0.5938469604,0.8395543497,1.1180255929571428,1.08409351083,1.1279751734385712,0.6296649041,0.8105015071,1.0487113150085714,1.142888526,1.081396737,1.00186403834,0.9625558532314287,0.9293953632,1.161394259,1.0591462997471426,1.0541421759200003,0.8469560856,1.0243551266000002,1.1390753082442857,0.9947445943,1.0625243417542856,0.9885241671057142,0.8010119468,0.959038262,0.9166275128,1.0352609673042859,0.9437166964214285,0.8002199202,1.032126486255714,0.9941615067285716,1.0629880281214283,1.03340031,0.8785709376557143,1.0000366677842858,0.9385346693,0.8159634066,0.1913151719,2.381944444,2.13,0.8368707483,0.4505446226242857,0.3275384228,0.279691358,3.585559589014286,0.06779661017,0.038673363947,-0.3566992165,-0.07926246142,0.03940090273,0.06080921197,-0.006168074024560002,2.0183213696,1.232057947,21.32644375,38.03017578,1.778768932,2.126285714285714,2891.606548,26.52293225,-3.6788834832285717,-3.256283525,1.678773877,2.497010411,-1.40387260699,-0.6498553789,0.1006502127,-0.24821750480797142,0.32700071754399995,-0.13498761280071428,8.551568232771428,17.19295166,0.0,5.098681808,6.066367068,79.06876542,55.24084271,21.0894968215,0.8885019249,0.1891213531,57.25170822525714,0.1045499747,9.531400138,20.759931868514283,1.9059206056857143,34.01378264,0.42280435137142863,1.880539113,0.0,3.591622254285715,0.0,-0.0532321761,0.0,0.1671880880499286,4.64,4.736862954,0.0,44.65087521,6.616532068714286,0.0,22.47273829,4.878658717842858,2.554864625,3.47790223,0.0,0.7151996025571428,0.0,0.0,6.175691526,0.049557151214285715,0.0,1.555977941,0.0,73.14,4.505469282,8.289318585,0.9155404988,3.47790223,0.8012119198542856,0.191540908,0.0,34.81406799,0.5081967213
145.4544747,152.27942352428573,155.7660774,1.58666081,157.7326513,3.4309047647714284,157.6249401,3.063838498,3.306930693,2.7961807550428572,2.96941358,0.02566272021,49.02064596857142,0.48069877946999995,0.018859852175714283,0.675,0.2096745819,1.6046717415428573,9.715277778,58.00176269057143,-8.048844056195716,-15.089078130157143,0.68682556727,-4.719285714285714,-0.4868813938,0.9779936759,7.008272213,0.6101356715,1.9507554346857143,0.8789481886714284,0.00715,0.0,41.8666451816,6.448020180071429,0.019749238125485714,0.03368055556,0.7868459064728571,0.3464203233,0.4022984508,1.56315811,0.656724165282857,0.5126343013,1.1348176423885719,0.6734931658,0.8395543497,1.1180255929571428,1.08409351083,1.1279751734385712,0.7036757073,0.8494276874,1.0487113150085714,1.130891,1.106078644,1.00186403834,0.9625558532314287,0.9891210266,1.086972902,1.0591462997471426,1.0541421759200003,1.125734453,1.0243551266000002,1.1390753082442857,0.9620575943,1.0625243417542856,0.9885241671057142,0.9921658912,1.056533658,1.018016407,1.0352609673042859,0.9437166964214285,1.186500644,1.032126486255714,0.9941615067285716,1.0629880281214283,1.045773347,0.8785709376557143,1.0000366677842858,0.9397990846,0.9228350905,0.1391735537,1.763888889,1.549444444,0.6157823129,0.4505446226242857,0.3817476064,0.2340740741,3.585559589014286,0.06944444444,0.038673363947,-0.5423423379,0.06089404376,-0.05855874559,-0.02112203811,-0.006168074024560002,2.0183213696,0.9384880154,9.949004298,22.40598613,1.777071801,2.126285714285714,3118.226529,32.99708002,-3.6788834832285717,-3.022810595,1.143065544,0.6041077112,-1.40387260699,-0.8539439372,0.4690717346,-0.24821750480797142,0.32700071754399995,-0.13498761280071428,8.551568232771428,16.52595619,9.967957042,0.0,18.19910121,37.25557254,22.20089375,21.0894968215,0.8275515626,0.1605274627,57.25170822525714,0.08888261617,14.26826309,20.759931868514283,1.9059206056857143,33.45795484,0.42280435137142863,0.0,0.0,3.591622254285715,0.0,-0.0532321761,0.0,0.1671880880499286,5.51,14.79051451,0.0,27.6520576,6.616532068714286,6.9237372,21.87632117,4.878658717842858,2.483893655,1.952277995,0.0,0.7151996025571428,0.0,2.911211787,10.93236962,0.049557151214285715,0.0,0.0,0.0,89.13,4.469239665,10.93236962,2.445035208,0.0,0.8012119198542856,0.0963266143,0.0,33.97362214,0.5833333333
145.2372638,152.27942352428573,154.6452864,1.549490554,155.3612222,3.4309047647714284,157.6523044,3.028333333,2.824175824,2.7961807550428572,2.718706048,0.0170240073,49.02064596857142,0.48069877946999995,0.018859852175714283,0.6339285714,0.1842839566,1.6046717415428573,8.595463138,58.00176269057143,-8.048844056195716,-15.089078130157143,0.68682556727,-4.719285714285714,-0.5164392479,0.9729522094,7.008271862,1.427567332,1.9507554346857143,0.8789481886714284,0.0294,0.0,41.8666451816,6.448020180071429,0.019749238125485714,0.01765188834,0.7868459064728571,0.3015075377,0.3658323715,1.189782636,0.656724165282857,0.5009480565,1.1348176423885719,0.6118234099,0.8395543497,1.1180255929571428,1.08409351083,1.1279751734385712,0.7564420335,0.9013067383,1.0487113150085714,1.133281192,1.168054304,1.00186403834,0.9625558532314287,0.9820213868,1.046082823,1.0591462997471426,1.0541421759200003,0.963823597,1.0243551266000002,1.1390753082442857,0.9552872861,1.0625243417542856,0.9885241671057142,0.7325301143,0.9861451049,0.9717359413,1.0352609673042859,0.9437166964214285,0.8070235967,1.032126486255714,0.9941615067285716,1.0629880281214283,1.060068008,0.8785709376557143,1.0000366677842858,1.042534085,0.5789217613,0.1066238139,0.9930555556,1.095555556,0.4194557823,0.4505446226242857,0.2262692114,0.112183642,3.585559589014286,0.06878306878,0.038673363947,-0.269653478,0.0005546047637,-0.02482699162,-0.04657048201,-0.006168074024560002,2.0183213696,0.9965826584,15.74333193,25.40670504,1.751492282,2.126285714285714,1228.460929,24.84350472,-3.6788834832285717,-1.744620654,1.258085386,1.450149492,-1.40387260699,-0.713038085,0.1946882698,-0.24821750480797142,0.32700071754399995,-0.13498761280071428,8.551568232771428,18.05032179,0.0,5.098681808,6.066367068,61.01812524,29.7174337,21.0894968215,0.8731880815,0.2313568702,57.25170822525714,0.09015818944,9.531400138,20.759931868514283,1.9059206056857143,39.52165029,0.42280435137142863,0.0,0.0,3.591622254285715,0.0,-0.0532321761,0.0,0.1671880880499286,4.79,4.736862954,0.0,32.55544757,6.616532068714286,0.0,6.9237372,4.878658717842858,2.434987024,1.498885423,0.0,0.7151996025571428,0.0,0.0,5.416356525,0.049557151214285715,0.0,0.0,0.0,80.76,4.391028702,5.416356525,1.572168719,0.0,0.8012119198542856,0.0761440227,0.0,26.92233453,0.5
147.9609889,152.27942352428573,157.3723122,1.620130942,158.3109128,3.4309047647714284,161.9162416,2.779320988,3.189655172,2.7961807550428572,2.575975529,0.01506305891,49.02064596857142,0.48069877946999995,0.018859852175714283,0.6693548387,0.2293193753,1.6046717415428573,12.75,58.00176269057143,-8.048844056195716,-15.089078130157143,0.68682556727,-4.719285714285714,-0.3832820281,0.9878601675,3.057289002,0.6294009932,1.9507554346857143,0.8789481886714284,0.0132,0.0,41.8666451816,6.448020180071429,0.019749238125485714,0.0302378625,0.7868459064728571,0.3237885463,0.4013392221,1.593991991,0.656724165282857,0.4858885136,1.1348176423885719,0.9254716345,0.8395543497,1.1180255929571428,1.08409351083,1.1279751734385712,0.7708239048,0.8883641275,1.0487113150085714,1.134920635,1.143526743,1.00186403834,0.9625558532314287,0.9783077638,1.034482759,1.0591462997471426,1.0541421759200003,1.034991223,1.0243551266000002,1.1390753082442857,0.8903736318,1.0625243417542856,0.9885241671057142,1.252090456,1.015037594,1.004001189,1.0352609673042859,0.9437166964214285,1.424769528,1.032126486255714,0.9941615067285716,1.0629880281214283,0.9497716005,0.8785709376557143,1.0000366677842858,1.097062228,0.8855244135,0.2226303438,1.479166667,1.837777778,0.5723809524,0.4505446226242857,0.2590230537,0.211882716,3.585559589014286,0.06349206349,0.038673363947,-0.4995143091,0.1056842352,0.1012664571,-0.09900995601,-0.006168074024560002,2.0183213696,1.23809844,11.91630315,24.29046293,1.987821129,2.126285714285714,2180.156366,30.21533539,-3.6788834832285717,-2.036631265,0.2683412712,1.69991549,-1.40387260699,-0.7394638663,0.05764286323,-0.24821750480797142,0.32700071754399995,-0.13498761280071428,8.551568232771428,12.16293986,14.98529578,5.425791397,12.14238718,55.6537289,28.04985716,21.0894968215,0.8972192971,0.1592768708,57.25170822525714,0.09315111428,0.0,20.759931868514283,1.9059206056857143,11.38785599,0.42280435137142863,0.0,0.0,3.591622254285715,0.0,-0.0532321761,7.43851296,0.1671880880499286,3.33,10.74258,5.687386275,32.55515263,6.616532068714286,13.08951281,17.21226049,4.878658717842858,2.478936865,4.061561316,0.0,0.7151996025571428,0.0,3.441633335,0.0,0.049557151214285715,0.0,1.752663542,0.0,83.3,4.51049676,0.0,2.560241685,0.0,0.8012119198542856,0.06365387513,0.0,28.42005889,0.5384615385
150.6227588,152.27942352428573,163.5217372,1.50055205,164.1776681,3.4309047647714284,164.0833098,3.498397436,3.288288288,2.7961807550428572,3.170981661,0.01874242464,49.02064596857142,0.48069877946999995,0.018859852175714283,0.685483871,0.206097908,1.6046717415428573,9.703125,58.00176269057143,-8.048844056195716,-15.089078130157143,0.68682556727,-4.719285714285714,-0.3832828006,0.9925445055,8.003004674,1.425951198,1.9507554346857143,0.8789481886714284,0.0201,11.63444168,41.8666451816,6.448020180071429,0.019749238125485714,0.03407345343,0.7868459064728571,0.3757455268,0.4440634475,1.526630217,0.656724165282857,0.4153388278,1.1348176423885719,0.5459221697,0.8395543497,1.1180255929571428,1.08409351083,1.1279751734385712,0.608092821,0.8946434032,1.0487113150085714,1.089697145,1.014748035,1.00186403834,0.9625558532314287,0.9581582932,1.111799493,1.0591462997471426,1.0541421759200003,1.011181547,1.0243551266000002,1.1390753082442857,1.054946833,1.0625243417542856,0.9885241671057142,1.095024845,0.9250451041,0.9016941392,1.0352609673042859,0.9437166964214285,1.037366544,1.032126486255714,0.9941615067285716,1.0629880281214283,0.952414314,0.8785709376557143,1.0000366677842858,0.9614630423,0.6813870094,0.2275257627,2.041666667,1.908888889,0.614829932,0.4505446226242857,0.3699058327,0.284691358,3.585559589014286,0.07555555556,0.038673363947,-0.4735516832,-0.1144686999,0.009471852089,0.03749536636,-0.006168074024560002,2.0183213696,0.8669307239,9.857598928,23.997636,1.076691804,2.126285714285714,2186.707631,30.97009812,-3.6788834832285717,-2.573080398,0.9142737892,2.216510363,-1.40387260699,-0.915551887,0.02388477495,-0.24821750480797142,0.32700071754399995,-0.13498761280071428,8.551568232771428,12.16293986,23.76612587,5.425791397,18.20875424,37.26522558,17.46698741,21.0894968215,0.7714694921,0.1455668877,57.25170822525714,0.08568957784,8.780830095,20.759931868514283,1.9059206056857143,11.38785599,0.42280435137142863,0.0,0.0,3.591622254285715,0.0,-0.0532321761,7.073676348,0.1671880880499286,3.55,10.74258,14.46821637,26.29938345,6.616532068714286,24.72395449,17.21226049,4.878658717842858,2.479665346,1.912898413,0.0,0.7151996025571428,0.0,2.893697772,0.0,0.049557151214285715,0.0,1.664197244,0.0,83.3,4.592143098,27.48193107,2.084286042,0.0,0.8012119198542856,0.08760231951,0.0,30.43903568,0.5833333333
145.0431459,152.27942352428573,156.7504081,1.550107122,156.9724815,3.4309047647714284,158.1541802,2.961538462,3.223140496,2.7961807550428572,2.997704316,0.01228273946,49.02064596857142,0.48069877946999995,0.018859852175714283,0.640625,0.1838961498,1.6046717415428573,9.410466358,58.00176269057143,-8.048844056195716,-15.089078130157143,0.68682556727,-4.719285714285714,-0.425173532,0.97795332,7.008272423,1.420015394,1.9507554346857143,0.8789481886714284,0.00215,0.0,41.8666451816,6.448020180071429,0.019749238125485714,0.01474116162,0.7868459064728571,0.3195652174,0.3983098011,1.374355166,0.656724165282857,0.5020611259,1.1348176423885719,0.6111970808,0.8395543497,1.1180255929571428,1.08409351083,1.1279751734385712,0.6260982147,0.9291826201,1.0487113150085714,1.036146273,1.127461322,1.00186403834,0.9625558532314287,0.9673682524,1.179970216,1.0591462997471426,1.0541421759200003,1.014842903,1.0243551266000002,1.1390753082442857,1.111519675,1.0625243417542856,0.9885241671057142,1.240074768,1.11814346,1.100672468,1.0352609673042859,0.9437166964214285,0.9457194813,1.032126486255714,0.9941615067285716,1.0629880281214283,0.9825273825,0.8785709376557143,1.0000366677842858,1.027583128,1.383005849,0.1281501888,1.972222222,1.793888889,0.7413151927,0.4505446226242857,0.4323664651,0.264066358,3.585559589014286,0.05333333333,0.038673363947,-0.3650620415,-0.1031824582,-0.08316251675,0.1068993061,-0.006168074024560002,2.0183213696,0.9986330181,20.45493089,30.13109509,1.785197815,2.126285714285714,2381.375993,29.8329492,-3.6788834832285717,-2.921958736,1.743008987,1.855895035,-1.40387260699,-0.7829290354,0.2419674918,-0.24821750480797142,0.32700071754399995,-0.13498761280071428,8.551568232771428,12.2386844,0.0,5.098681808,36.39820241,54.95175817,34.72467712,21.0894968215,0.8912352026,0.1480344716,57.25170822525714,0.1120478328,4.794537184,20.759931868514283,1.9059206056857143,22.51475897,0.42280435137142863,1.975771616,0.0,3.591622254285715,0.0,-0.0532321761,0.0,0.1671880880499286,4.44,5.316788604,5.687386275,25.65562151,6.616532068714286,6.9237372,5.693927995,4.878658717842858,2.477060554,1.953539736,0.0,0.7151996025571428,0.0,2.908301157,0.0,0.049557151214285715,0.0,0.0,0.0,72.7,4.55375734,1.667057351,2.053586189,0.0,0.8012119198542856,0.0761440227,0.0,33.51495759,0.5660377358
145.4446603,152.27942352428573,157.0115152,1.510056558,157.9188001,3.4309047647714284,159.4725839,2.724369297,2.839506173,2.7961807550428572,3.0208762,0.01719890356,49.02064596857142,0.48069877946999995,0.018859852175714283,0.6153846154,0.1871033944,1.6046717415428573,7.222222222,58.00176269057143,-8.048844056195716,-15.089078130157143,0.68682556727,-4.719285714285714,-0.4923873591,0.9684575887,7.014213094,0.3002092232,1.9507554346857143,0.8789481886714284,0.0152,10.02329115,41.8666451816,6.448020180071429,0.019749238125485714,0.05636604775,0.7868459064728571,0.2792553191,0.422690096,1.592977371,0.656724165282857,0.6286803578,1.1348176423885719,0.914622751,0.8395543497,1.1180255929571428,1.08409351083,1.1279751734385712,0.4426392357,0.9359687193,1.0487113150085714,1.096140351,1.298230192,1.00186403834,0.9625558532314287,1.023310233,1.037037037,1.0591462997471426,1.0541421759200003,0.9808297977,1.0243551266000002,1.1390753082442857,0.9431134218,1.0625243417542856,0.9885241671057142,0.6843921966,0.7731884058,0.7908882928,1.0352609673042859,0.9437166964214285,1.064051865,1.032126486255714,0.9941615067285716,1.0629880281214283,0.9886731182,0.8785709376557143,1.0000366677842858,1.038862585,0.6718932183,0.1442709928,1.8125,1.297777778,0.5053061224,0.4505446226242857,0.3124212648,0.20125,3.585559589014286,0.07222222222,0.038673363947,-0.5716861687,-0.1061594259,0.1080888137,-0.04694719601,-0.006168074024560002,2.0183213696,0.9381553766,10.92424127,18.35520524,1.457688207,2.126285714285714,806.1259064,28.97317221,-3.6788834832285717,-2.676872075,0.668891496,1.085422478,-1.40387260699,-0.494476765,0.4493182363,-0.24821750480797142,0.32700071754399995,-0.13498761280071428,8.551568232771428,11.49902367,13.55677072,0.0,6.066367068,62.37841095,23.13506761,21.0894968215,0.7947419917,0.2203425021,57.25170822525714,0.1149386659,13.15465994,20.759931868514283,1.9059206056857143,11.49902367,0.42280435137142863,0.0,0.0,3.591622254285715,0.0,-0.0532321761,0.0,0.1671880880499286,2.36,15.1926253,11.37477255,13.40177551,6.616532068714286,13.8474744,11.38785599,4.878658717842858,2.355558733,3.83331744,0.0,0.7151996025571428,0.0,3.201210921,5.907962727,0.049557151214285715,0.0,0.0,0.0,94.31,4.827861254,28.51788288,3.83331744,-3.694652026,0.8012119198542856,0.1565980496,0.01964185503,33.06112178,0.4444444444
147.3089717,152.27942352428573,159.9675702,1.418283712,158.8347426,3.4309047647714284,161.2775098,2.391577061,3.124183007,2.7961807550428572,2.356851852,0.01185756757,49.02064596857142,0.48069877946999995,0.018859852175714283,0.6893939394,0.2455859152,1.6046717415428573,15.04192421,58.00176269057143,-8.048844056195716,-15.089078130157143,0.68682556727,-4.719285714285714,-0.4411416984,0.993840093,3.510026325,1.347835869,1.9507554346857143,0.8789481886714284,0.0165,0.0,41.8666451816,6.448020180071429,0.019749238125485714,0.0,0.7868459064728571,0.3305084746,0.2787603221,1.304826068,0.656724165282857,0.523310367,1.1348176423885719,0.7651775263,0.8395543497,1.1180255929571428,1.08409351083,1.1279751734385712,1.032345239,0.861293852,1.0487113150085714,1.081049149,1.079327632,1.00186403834,0.9625558532314287,0.92777316,1.082444051,1.0591462997471426,1.0541421759200003,1.014972819,1.0243551266000002,1.1390753082442857,0.9080881519,1.0625243417542856,0.9885241671057142,1.140524309,1.032227575,1.060178271,1.0352609673042859,0.9437166964214285,0.9385998467,1.032126486255714,0.9941615067285716,1.0629880281214283,0.9981319023,0.8785709376557143,1.0000366677842858,1.166991385,1.093549356,0.1313151719,2.111111111,1.561666667,0.7975056689,0.4505446226242857,0.2653533636,0.186257716,3.585559589014286,0.06172839506,0.038673363947,-0.2256811218,0.07631905469,-0.09549743874,0.04486605515,-0.006168074024560002,2.0183213696,1.156051296,23.73959916,28.03955089,1.971336136,2.126285714285714,2391.414006,30.89935649,-3.6788834832285717,-2.894746311,1.258737129,1.090251058,-1.40387260699,-0.7191453266,0.2433123961,-0.24821750480797142,0.32700071754399995,-0.13498761280071428,8.551568232771428,5.693927995,4.983978521,5.098681808,18.20875424,49.24949869,37.43640511,21.0894968215,0.9164128697,0.1626992483,57.25170822525714,0.05118396501,4.736862954,20.759931868514283,1.9059206056857143,22.51475897,0.42280435137142863,2.193763306,0.0,3.591622254285715,0.0,-0.0532321761,4.332501179,0.1671880880499286,3.59,0.0,0.0,62.06348431,6.616532068714286,6.9237372,17.80867761,4.878658717842858,2.54695347,2.022195826,0.0,0.7151996025571428,0.0,0.0,5.464938818,0.049557151214285715,0.0,2.483801233,0.0,61.0,4.500490354,9.81409874,8.628129919,0.0,0.8012119198542856,0.1288113406,0.0,29.67202721,0.5245901639
144.1659287,152.27942352428573,153.5028767,1.757127915,153.116545,3.4309047647714284,155.7051317,3.017304189,2.949152542,2.7961807550428572,2.660027952,0.01503772994,49.02064596857142,0.48069877946999995,0.018859852175714283,0.6477272727,0.1853179454,1.6046717415428573,7.211072664,58.00176269057143,-8.048844056195716,-15.089078130157143,0.68682556727,-4.719285714285714,-0.3869134947,0.9938486659,4.005274287,0.6050205064,1.9507554346857143,0.8789481886714284,0.0044,0.0,41.8666451816,6.448020180071429,0.019749238125485714,0.0404040404,0.7868459064728571,0.3201219512,0.4236990573,1.602572835,0.656724165282857,0.5702390063,1.1348176423885719,1.123309368,0.8395543497,1.1180255929571428,1.08409351083,1.1279751734385712,0.8584584357,0.8845688677,1.0487113150085714,1.045341615,1.011240874,1.00186403834,0.9625558532314287,0.8952842616,1.267080745,1.0591462997471426,1.0541421759200003,1.043218567,1.0243551266000002,1.1390753082442857,1.074027301,1.0625243417542856,0.9885241671057142,1.53759601,1.142449852,1.216279096,1.0352609673042859,0.9437166964214285,1.204616384,1.032126486255714,0.9941615067285716,1.0629880281214283,1.151639504,0.8785709376557143,1.0000366677842858,0.9577689896,1.059909411,0.01632486481,1.222222222,1.326666667,0.3257142857,0.4505446226242857,0.09448223734,0.0425,3.585559589014286,0.06349206349,0.038673363947,-0.6047044758,0.2746456076,-0.1651971555,-0.08863812657,-0.006168074024560002,2.0183213696,0.9462528345,10.68920501,18.26135118,1.752450922,2.126285714285714,1319.279635,20.73935905,-3.6788834832285717,-1.720318506,0.0749972144,1.337042018,-1.40387260699,-0.6070092993,0.04929411398,-0.24821750480797142,0.32700071754399995,-0.13498761280071428,8.551568232771428,5.693927995,9.967957042,0.0,41.66862122,24.26546827,11.58306779,21.0894968215,0.9080704063,0.2314290308,57.25170822525714,0.1115493625,0.0,20.759931868514283,1.9059206056857143,21.95893118,0.42280435137142863,2.07135708,0.0,3.591622254285715,0.0,-0.0532321761,0.0,0.1671880880499286,4.34,5.733667477,5.13155848,14.95193556,6.616532068714286,0.0,0.0,4.878658717842858,2.462826447,0.0,0.0,0.7151996025571428,0.0,0.0,0.0,0.049557151214285715,0.0,0.0,0.0,64.69,4.212044087,0.0,0.0,0.0,0.8012119198542856,0.1097114615,0.0,31.00404986,0.6176470588
144.000306,152.27942352428573,156.6712328,1.581122307,159.1303121,3.4309047647714284,151.9834538,2.44028298,3.3125,2.7961807550428572,2.134100612,0.01412150388,49.02064596857142,0.48069877946999995,0.018859852175714283,0.6730769231,0.2643470353,1.6046717415428573,9.842975207,58.00176269057143,-8.048844056195716,-15.089078130157143,0.68682556727,-4.719285714285714,-0.4173607762,0.993844579,3.51001883,0.6094207542,1.9507554346857143,0.8789481886714284,0.0047,0.0,41.8666451816,6.448020180071429,0.019749238125485714,0.01894586895,0.7868459064728571,0.3435114504,0.3466355334,1.415651066,0.656724165282857,0.5442672477,1.1348176423885719,0.8806539687,0.8395543497,1.1180255929571428,1.08409351083,1.1279751734385712,1.054924927,0.8553382836,1.0487113150085714,1.04254277,1.086818633,1.00186403834,0.9625558532314287,0.9181363196,0.9471142521,1.0591462997471426,1.0541421759200003,0.9384426978,1.0243551266000002,1.1390753082442857,1.077433294,1.0625243417542856,0.9885241671057142,1.131708532,1.446023742,1.254144744,1.0352609673042859,0.9437166964214285,1.004260681,1.032126486255714,0.9941615067285716,1.0629880281214283,1.189600371,0.8785709376557143,1.0000366677842858,1.035341044,0.8934831902,0.05163350679,1.388888889,1.354444444,0.5275283447,0.4505446226242857,0.2693609851,0.136257716,3.585559589014286,0.06718346253,0.038673363947,-0.4356589511,0.04138601147,-0.08288693757,-0.1037634672,-0.006168074024560002,2.0183213696,1.134641204,7.444584377,20.57191057,1.888847156,2.126285714285714,2649.880063,27.72436245,-3.6788834832285717,-2.447051409,0.5062432875,0.5947064721,-1.40387260699,-0.9189985796,0.5889239454,-0.24821750480797142,0.32700071754399995,-0.13498761280071428,8.551568232771428,16.52595619,14.95193556,0.0,6.066367068,31.89811458,35.76911223,21.0894968215,0.8685072019,0.2052808217,57.25170822525714,0.09032972377,4.736862954,20.759931868514283,1.9059206056857143,21.95893118,0.42280435137142863,2.22272854,0.0,3.591622254285715,0.0,-0.0532321761,0.0,0.1671880880499286,6.71,0.0,0.0,33.14967801,6.616532068714286,6.9237372,30.27788178,4.878658717842858,2.497208695,2.022904813,0.0,0.7151996025571428,0.0,0.0,5.512646588,0.049557151214285715,0.4207821817,0.0,0.0,63.69,4.513463657,6.698744471,3.632463227,0.0,0.8012119198542856,0.1433457877,0.0,31.58237972,0.5681818182
148.2991478,152.27942352428573,159.5748317,1.488319459,156.2513714,3.4309047647714284,157.4374748,2.94921875,2.748148148,2.7961807550428572,2.440442561,0.01512459924,49.02064596857142,0.48069877946999995,0.018859852175714283,0.6637931034,0.2132966268,1.6046717415428573,12.64806331,58.00176269057143,-8.048844056195716,-15.089078130157143,0.68682556727,-4.719285714285714,-0.4356902908,0.9776566619,7.008271822,1.343850114,1.9507554346857143,0.8789481886714284,0.193,0.0,41.8666451816,6.448020180071429,0.019749238125485714,0.04773706897,0.7868459064728571,0.3567961165,0.3066670127,1.44723382,0.656724165282857,0.4671563858,1.1348176423885719,0.6956622272,0.8395543497,1.1180255929571428,1.08409351083,1.1279751734385712,0.6434882595,0.9271276023,1.0487113150085714,1.077186126,1.063826204,1.00186403834,0.9625558532314287,0.8266972972,1.250128853,1.0591462997471426,1.0541421759200003,0.9249455163,1.0243551266000002,1.1390753082442857,1.112418374,1.0625243417542856,0.9885241671057142,0.8922264573,1.154889396,1.121284621,1.0352609673042859,0.9437166964214285,0.7563912677,1.032126486255714,0.9941615067285716,1.0629880281214283,1.160061971,0.8785709376557143,1.0000366677842858,0.9437620712,0.7378904952,0.1439669421,2.006944444,1.707777778,0.6271201814,0.4505446226242857,0.2454018644,0.162816358,3.585559589014286,0.06146572104,0.038673363947,-0.4214781845,-0.05766824959,-0.03286935977,0.0008746537024,-0.006168074024560002,2.0183213696,1.234874181,15.49921546,29.36794629,1.792292877,2.126285714285714,2195.54859,24.63086343,-3.6788834832285717,-2.453202462,1.193902105,1.423674917,-1.40387260699,-0.4850896078,0.08778305287,-0.24821750480797142,0.32700071754399995,-0.13498761280071428,8.551568232771428,5.693927995,0.0,5.098681808,12.13273414,48.73693008,41.26943352,21.0894968215,0.8644540784,0.1489909272,57.25170822525714,0.1089572074,4.794537184,20.759931868514283,1.9059206056857143,22.51475897,0.42280435137142863,1.819785,0.0,3.591622254285715,0.0,-0.0532321761,0.0,0.1671880880499286,2.77,11.05045608,5.687386275,32.20037792,6.616532068714286,0.0,12.11474962,4.878658717842858,2.55375461,0.0,0.0,0.7151996025571428,0.0,2.786465574,0.0,0.049557151214285715,0.0,0.0,0.0,98.72,4.413009073,2.09865947,0.8699774822,0.0,0.8012119198542856,0.130682846,0.0,27.95485275,0.4897959184
146.0803651,152.27942352428573,155.0367744,1.508126524,154.99188,3.4309047647714284,158.3510474,2.625706215,2.363636364,2.7961807550428572,2.631421744,0.02876418127,49.02064596857142,0.48069877946999995,0.018859852175714283,0.6481481481,0.1887004935,1.6046717415428573,15.7392753,58.00176269057143,-8.048844056195716,-15.089078130157143,0.68682556727,-4.719285714285714,-0.5277847106,0.9871941861,3.517547361,1.419941378,1.9507554346857143,0.8789481886714284,0.00562,0.0,41.8666451816,6.448020180071429,0.019749238125485714,0.01940035273,0.7868459064728571,0.3166226913,0.2289653391,1.347063237,0.656724165282857,0.5088812892,1.1348176423885719,0.9035966836,0.8395543497,1.1180255929571428,1.08409351083,1.1279751734385712,1.156934711,0.7482852695,1.0487113150085714,1.381131342,1.15075789,1.00186403834,0.9625558532314287,0.9737389541,1.440846039,1.0591462997471426,1.0541421759200003,1.14262739,1.0243551266000002,1.1390753082442857,1.34535056,1.0625243417542856,0.9885241671057142,0.9091318487,0.8911566344,0.9340192528,1.0352609673042859,0.9437166964214285,0.8142249699,1.032126486255714,0.9941615067285716,1.0629880281214283,0.8409217734,0.8785709376557143,1.0000366677842858,0.9110015727,0.8441031007,0.1691664116,2.125,1.568888889,0.4644897959,0.4505446226242857,0.2421264802,0.156875,3.585559589014286,0.06267806268,0.038673363947,-0.3449783119,-0.27194359,-0.1521256224,0.1076273212,-0.006168074024560002,2.0183213696,0.8641817838,8.77705093,18.04410385,1.740695932,2.126285714285714,977.4533353,23.42228331,-3.6788834832285717,-2.331147937,1.235871091,1.802496101,-1.40387260699,-0.7020800298,0.3359794071,-0.24821750480797142,0.32700071754399995,-0.13498761280071428,8.551568232771428,11.49902367,0.0,0.0,6.066367068,31.18920547,35.77071733,21.0894968215,0.8902199566,0.1803403222,57.25170822525714,0.07428232473,18.94745182,20.759931868514283,1.9059206056857143,28.74755917,0.42280435137142863,0.0,0.0,3.591622254285715,0.0,-0.0532321761,0.0,0.1671880880499286,3.9,24.26424042,11.37477255,26.31337114,6.616532068714286,6.9237372,5.693927995,4.878658717842858,2.390735094,6.666256248,0.0,0.7151996025571428,0.0,3.334270676,22.09108738,0.049557151214285715,0.0,0.0,0.0,61.84,4.331820604,22.09108738,1.910063424,4.756192824,0.8012119198542856,0.05040857505,0.0,35.45468631,0.4081632653
150.5752208,152.27942352428573,158.9065809,1.531139663,160.4429129,3.4309047647714284,162.5301929,3.01984127,3.213675214,2.7961807550428572,2.8726647,0.02082809754,49.02064596857142,0.48069877946999995,0.018859852175714283,0.6796875,0.2076933912,1.6046717415428573,11.13609467,58.00176269057143,-8.048844056195716,-15.089078130157143,0.68682556727,-4.719285714285714,-0.3832848054,0.972936617,7.008276699,1.434202279,1.9507554346857143,0.8789481886714284,0.152,5.907179729,41.8666451816,6.448020180071429,0.019749238125485714,0.05821759259,0.7868459064728571,0.3592017738,0.406701482,1.661689804,0.656724165282857,0.4800952104,1.1348176423885719,0.7603600283,0.8395543497,1.1180255929571428,1.08409351083,1.1279751734385712,0.5161077978,0.8958724057,1.0487113150085714,1.096025829,1.155423759,1.00186403834,0.9625558532314287,0.999197121,1.003329298,1.0591462997471426,1.0541421759200003,1.082118277,1.0243551266000002,1.1390753082442857,0.9103608847,1.0625243417542856,0.9885241671057142,0.8885460281,0.9914672766,0.9647846333,1.0352609673042859,0.9437166964214285,1.181247582,1.032126486255714,0.9941615067285716,1.0629880281214283,0.9779132523,0.8785709376557143,1.0000366677842858,1.079807087,0.837741801,0.2426303438,1.729166667,1.877777778,0.6131972789,0.4505446226242857,0.3084057697,0.211882716,3.585559589014286,0.0697167756,0.038673363947,-0.5901936955,-0.02521585881,0.07628768031,-0.09643419108,-0.006168074024560002,2.0183213696,0.9203648175,11.91630315,25.92287692,1.688159573,2.126285714285714,2146.50863,30.89542096,-3.6788834832285717,-2.201926963,1.506587814,1.714414083,-1.40387260699,-0.8992168894,0.1397019522,-0.24821750480797142,0.32700071754399995,-0.13498761280071428,8.551568232771428,12.16293986,14.98529578,5.425791397,12.14238718,49.39795972,28.71782518,21.0894968215,0.7986980535,0.1318109077,57.25170822525714,0.08658969209,4.794537184,20.759931868514283,1.9059206056857143,11.38785599,0.42280435137142863,0.0,0.0,3.591622254285715,0.0,-0.0532321761,7.296656436,0.1671880880499286,1.92,16.47624748,5.687386275,32.20656318,6.616532068714286,13.08951281,27.57024916,4.878658717842858,2.478998053,1.957560358,0.0,0.7151996025571428,0.0,3.313609904,0.0,0.049557151214285715,0.0,1.717935449,0.0,126.39,4.531737251,0.0,2.416194775,0.0,0.8012119198542856,0.08329573016,0.0,28.81366083,0.5384615385
144.3883249,152.27942352428573,155.5053319,1.62478383,155.116866,3.4309047647714284,156.3815423,3.21959755,2.975409836,2.7961807550428572,3.2031893,0.01720817351,49.02064596857142,0.48069877946999995,0.018859852175714283,0.640625,0.1749900716,1.6046717415428573,11.06843522,58.00176269057143,-8.048844056195716,-15.089078130157143,0.68682556727,-4.719285714285714,-0.3874078304,0.9929418699,8.001919866,1.381898438,1.9507554346857143,0.8789481886714284,0.000394,0.0,41.8666451816,6.448020180071429,0.019749238125485714,0.02992822129,0.7868459064728571,0.3613892365,0.4004752971,1.340356809,0.656724165282857,0.4965534265,1.1348176423885719,0.7085794272,0.8395543497,1.1180255929571428,1.08409351083,1.1279751734385712,0.587489822,0.9083046084,1.0487113150085714,1.155768076,1.085881823,1.00186403834,0.9625558532314287,0.9186291024,1.238226741,1.0591462997471426,1.0541421759200003,1.007473866,1.0243551266000002,1.1390753082442857,0.983004827,1.0625243417542856,0.9885241671057142,0.8016714219,1.002651557,0.9197371422,1.0352609673042859,0.9437166964214285,0.9039943173,1.032126486255714,0.9941615067285716,1.0629880281214283,1.062189693,0.8785709376557143,1.0000366677842858,0.9832881022,1.214158301,0.2191613101,2.5625,1.764444444,0.6506122449,0.4505446226242857,0.3247669438,0.205625,3.585559589014286,0.06535947712,0.038673363947,-0.4513845054,-0.02085196524,0.04592782758,-0.03139278588,-0.006168074024560002,2.0183213696,0.880115219,16.45984242,34.31422992,1.427411386,2.126285714285714,2293.991248,27.49003623,-3.6788834832285717,-3.087580778,1.345271041,2.322007198,-1.40387260699,-0.9175478109,-0.1534966717,-0.24821750480797142,0.32700071754399995,-0.13498761280071428,8.551568232771428,11.56673267,4.390415048,0.0,12.13273414,67.58740788,34.9019044,21.0894968215,0.8121013622,0.2259155236,57.25170822525714,0.1305729684,9.496942443,20.759931868514283,1.9059206056857143,28.26427081,0.42280435137142863,1.311097861,0.0,3.591622254285715,0.0,-0.0532321761,0.0,0.1671880880499286,5.58,5.316788604,15.7651876,20.05846296,6.616532068714286,12.74095804,5.693927995,4.878658717842858,2.447406335,1.92057956,0.0,0.7151996025571428,10.33705855,3.331488778,0.0,0.049557151214285715,0.0,0.0,0.0,70.93,5.223103586,14.19562262,1.92057956,0.0,0.8012119198542856,0.1084181901,0.0,30.28035517,0.568627451
146.2974315,152.27942352428573,155.869144,1.596867947,157.2207366,3.4309047647714284,159.3880929,2.959259259,3.305785124,2.7961807550428572,2.986590038,0.01644958013,49.02064596857142,0.48069877946999995,0.018859852175714283,0.65625,0.1833480856,1.6046717415428573,11.13609467,58.00176269057143,-8.048844056195716,-15.089078130157143,0.68682556727,-4.719285714285714,-0.3955862763,0.9729366222,7.008276683,1.400923668,1.9507554346857143,0.8789481886714284,0.0119,5.907179729,41.8666451816,6.448020180071429,0.019749238125485714,0.04276785714,0.7868459064728571,0.3610503282,0.3752888672,1.572180471,0.656724165282857,0.4738571716,1.1348176423885719,0.7493249814,0.8395543497,1.1180255929571428,1.08409351083,1.1279751734385712,0.5164457739,0.9004041639,1.0487113150085714,1.033273028,1.136397454,1.00186403834,0.9625558532314287,0.9880281126,1.136299261,1.0591462997471426,1.0541421759200003,1.033286222,1.0243551266000002,1.1390753082442857,1.00914102,1.0625243417542856,0.9885241671057142,1.237765032,0.9866071429,1.017880129,1.0352609673042859,0.9437166964214285,0.5859573319,1.032126486255714,0.9941615067285716,1.0629880281214283,0.9051181789,0.8785709376557143,1.0000366677842858,1.016730109,0.8838404341,0.1940618304,2.034722222,1.905,0.8172789116,0.4505446226242857,0.3754251701,0.353125,3.585559589014286,0.06100217865,0.038673363947,-0.573278819,-0.04010397014,-0.1358616789,0.1894116657,-0.006168074024560002,2.0183213696,0.939564403,14.29069945,31.47405198,1.677417319,2.126285714285714,2274.612598,33.97575706,-3.6788834832285717,-2.285408488,0.8745756098,2.161813599,-1.40387260699,-1.066570371,0.06637453892,-0.24821750480797142,0.32700071754399995,-0.13498761280071428,8.551568232771428,5.824404498,4.983978521,0.0,24.26546827,48.8853911,35.63533974,21.0894968215,0.8043082238,0.1472043396,57.25170822525714,0.09993708231,4.794537184,20.759931868514283,1.9059206056857143,22.64523548,0.42280435137142863,1.622562232,0.0,3.591622254285715,0.0,-0.0532321761,0.0,0.1671880880499286,4.97,5.733667477,0.0,30.82707233,6.616532068714286,6.9237372,27.43977266,4.878658717842858,2.479390399,1.959717879,0.0,0.7151996025571428,0.0,0.0,0.0,0.049557151214285715,0.0,0.0,0.0,110.44,4.67741432,0.0,1.959717879,0.0,0.8012119198542856,0.08505527698,0.0,31.96357891,0.5384615385
149.0315359,152.27942352428573,155.6355357,1.679226015,157.8815434,3.4309047647714284,162.8657156,3.488953062,3.529411765,2.7961807550428572,3.494360269,0.02316642297,49.02064596857142,0.48069877946999995,0.018859852175714283,0.6764705882,0.2197295168,1.6046717415428573,4.183391003,58.00176269057143,-8.048844056195716,-15.089078130157143,0.68682556727,-4.719285714285714,-0.43831478,0.9893221672,8.007392488,0.60498389,1.9507554346857143,0.8789481886714284,0.000579,6.362358859,41.8666451816,6.448020180071429,0.019749238125485714,0.01712284914,0.7868459064728571,0.307715311,0.5132030109,1.925320653,0.656724165282857,0.4244423789,1.1348176423885719,0.6014635279,0.8395543497,1.1180255929571428,1.08409351083,1.1279751734385712,0.2529257445,0.832824665,1.0487113150085714,1.000050785,0.8438556305,1.00186403834,0.9625558532314287,1.022126234,1.008787098,1.0591462997471426,1.0541421759200003,1.286477174,1.0243551266000002,1.1390753082442857,1.05840778,1.0625243417542856,0.9885241671057142,0.873435467,0.9704887742,1.141306024,1.0352609673042859,0.9437166964214285,1.151685731,1.032126486255714,0.9941615067285716,1.0629880281214283,1.261425532,0.8785709376557143,1.0000366677842858,0.7004801479,0.7684677267,0.2487460463,1.979166667,2.157777778,0.7740136054,0.4505446226242857,0.2837144117,0.291882716,3.585559589014286,0.06060606061,0.038673363947,-0.6984026067,-0.05168574114,-0.155376727,0.03039864361,-0.006168074024560002,2.0183213696,0.9091899358,11.96691268,24.04739053,1.284936311,2.126285714285714,2292.158454,35.42207038,-3.6788834832285717,-3.132514591,0.9644639617,1.869081269,-1.40387260699,-0.9415403323,0.3561136138,-0.24821750480797142,0.32700071754399995,-0.13498761280071428,8.551568232771428,17.78197519,14.98529578,5.425791397,35.61190719,42.82867707,24.01174382,21.0894968215,0.8969753491,0.1469248199,57.25170822525714,0.2073156125,17.9081081,20.759931868514283,1.9059206056857143,17.13736782,0.42280435137142863,0.0,0.0,3.591622254285715,0.0,-0.0532321761,7.220510286,0.1671880880499286,4.43,15.47944295,18.30280362,27.67776379,6.616532068714286,13.08951281,16.13452668,4.878658717842858,2.478994092,1.918979875,0.0,0.7151996025571428,0.0,3.257575468,3.921625561,0.049557151214285715,0.0,1.694622754,-4.715741119,76.74,4.543847834,41.02748194,2.296012004,0.0,0.8012119198542856,0.1146045727,0.0,34.57756726,0.5490196078
144.7227279,152.27942352428573,153.9030889,1.604016094,158.3535104,3.4309047647714284,153.0522818,3.274431058,3.139534884,2.7961807550428572,3.28427896,0.02252518381,49.02064596857142,0.48069877946999995,0.018859852175714283,0.6388888889,0.1724691728,1.6046717415428573,6.431290898,58.00176269057143,-8.048844056195716,-15.089078130157143,0.68682556727,-4.719285714285714,-0.3752358812,0.9729411994,8.001919869,1.432397384,1.9507554346857143,0.8789481886714284,0.00713,5.969305288,41.8666451816,6.448020180071429,0.019749238125485714,0.03741409718,0.7868459064728571,0.355664283,0.4823677858,1.517919242,0.656724165282857,0.5066034678,1.1348176423885719,0.649373523,0.8395543497,1.1180255929571428,1.08409351083,1.1279751734385712,0.4849171343,0.9483186681,1.0487113150085714,1.153148249,1.053347648,1.00186403834,0.9625558532314287,1.040034385,0.9365713018,1.0591462997471426,1.0541421759200003,0.9790051332,1.0243551266000002,1.1390753082442857,1.006932066,1.0625243417542856,0.9885241671057142,0.8009377975,1.271914003,0.8482414507,1.0352609673042859,0.9437166964214285,0.2821001767,1.032126486255714,0.9941615067285716,1.0629880281214283,1.210683433,0.8785709376557143,1.0000366677842858,1.030131259,0.8501782227,0.1363126212,1.409722222,1.465555556,0.4570521542,0.4505446226242857,0.3567806752,0.275,3.585559589014286,0.07936507937,0.038673363947,-0.6120048039,-0.07123047824,0.06761422848,0.114627386,-0.006168074024560002,2.0183213696,0.8937325208,14.19850435,27.927141,1.390545196,2.126285714285714,1747.697749,24.50755053,-3.6788834832285717,-1.753416567,1.356765458,1.623002601,-1.40387260699,-0.7048237197,0.2450649676,-0.24821750480797142,0.32700071754399995,-0.13498761280071428,8.551568232771428,11.64162534,14.16893075,0.0,12.13273414,48.53093655,29.08404162,21.0894968215,0.6806937978,0.2195557195,57.25170822525714,0.1540712279,14.29147963,20.759931868514283,1.9059206056857143,33.90261496,0.42280435137142863,0.0,0.0,3.591622254285715,0.0,-0.0532321761,0.0,0.1671880880499286,4.86,0.0,4.390415048,26.02776825,6.616532068714286,5.817220841,10.35798868,4.878658717842858,2.475845804,0.0,0.0,0.7151996025571428,9.054265439,0.0,0.0,0.049557151214285715,0.0,0.0,0.0,78.87,4.356319718,13.31466888,0.0,0.0,0.8012119198542856,0.0872910733,0.0,33.19656922,0.5609756098
148.2300298,152.27942352428573,156.6360981,1.668655312,156.3308786,3.4309047647714284,158.5773313,3.043016975,3.425742574,2.7961807550428572,2.716481481,0.01271383553,49.02064596857142,0.48069877946999995,0.018859852175714283,0.6666666667,0.1849101569,1.6046717415428573,9.401991852,58.00176269057143,-8.048844056195716,-15.089078130157143,0.68682556727,-4.719285714285714,-0.4158682752,0.9779950878,3.066005337,1.197964042,1.9507554346857143,0.8789481886714284,0.00453,0.0,41.8666451816,6.448020180071429,0.019749238125485714,0.01620071685,0.7868459064728571,0.3280182232,0.4255575349,1.519419663,0.656724165282857,0.4926652888,1.1348176423885719,0.8382377497,0.8395543497,1.1180255929571428,1.08409351083,1.1279751734385712,0.8122685379,0.8735508074,1.0487113150085714,1.030594557,1.071554802,1.00186403834,0.9625558532314287,0.9419397731,1.0686273,1.0591462997471426,1.0541421759200003,1.000953469,1.0243551266000002,1.1390753082442857,1.013915069,1.0625243417542856,0.9885241671057142,1.025211676,1.124284971,1.128479257,1.0352609673042859,0.9437166964214285,1.273352267,1.032126486255714,0.9941615067285716,1.0629880281214283,1.100368409,0.8785709376557143,1.0000366677842858,1.021839375,0.8100384187,0.1365146414,1.666666667,1.891666667,0.654829932,0.4505446226242857,0.3169721592,0.189382716,3.585559589014286,0.06481481481,0.038673363947,-0.4467240567,0.05917792667,-0.05129025634,-0.04503994143,-0.006168074024560002,2.0183213696,0.9607104014,14.24582729,23.31571702,1.532206719,2.126285714285714,2267.077433,24.61839711,-3.6788834832285717,-1.89324875,0.8525387862,1.255657603,-1.40387260699,-1.074762671,0.570637933,-0.24821750480797142,0.32700071754399995,-0.13498761280071428,8.551568232771428,12.02124807,14.18117935,10.19736362,24.26546827,61.10326455,29.3384529,21.0894968215,0.9465810684,0.1608051927,57.25170822525714,0.09620444119,0.0,20.759931868514283,1.9059206056857143,22.51475897,0.42280435137142863,0.7577671333,0.0,3.591622254285715,5.60688723,-0.0532321761,0.0,0.1671880880499286,3.36,5.316788604,5.687386275,34.47495837,6.616532068714286,6.9237372,5.693927995,4.878658717842858,2.489034642,1.96231655,0.0,0.7151996025571428,0.0,3.223587176,0.0,0.049557151214285715,0.0,0.0,0.0,72.93,4.578097402,3.39397765,1.96231655,0.0,0.8012119198542856,0.1048899075,0.0,33.84052441,0.5957446809
144.7140155,152.27942352428573,154.7185566,1.582108434,153.5657036,3.4309047647714284,157.094209,2.645663957,2.571428571,2.7961807550428572,2.287760417,0.0146557676,49.02064596857142,0.48069877946999995,0.018859852175714283,0.6477272727,0.1978735067,1.6046717415428573,10.8531775,58.00176269057143,-8.048844056195716,-15.089078130157143,0.68682556727,-4.719285714285714,-0.5293598993,0.9879813945,3.513557274,1.399905568,1.9507554346857143,0.8789481886714284,0.0388,0.0,41.8666451816,6.448020180071429,0.019749238125485714,0.0,0.7868459064728571,0.3227848101,0.3141452669,1.176481269,0.656724165282857,0.500481336,1.1348176423885719,0.7851711603,0.8395543497,1.1180255929571428,1.08409351083,1.1279751734385712,1.088774751,0.8278441546,1.0487113150085714,1.213155675,1.08584186,1.00186403834,0.9625558532314287,0.8982076281,1.280103896,1.0591462997471426,1.0541421759200003,1.015614611,1.0243551266000002,1.1390753082442857,1.040133297,1.0625243417542856,0.9885241671057142,1.038810084,1.075894837,1.132924433,1.0352609673042859,0.9437166964214285,0.7141105896,1.032126486255714,0.9941615067285716,1.0629880281214283,1.199491124,0.8785709376557143,1.0000366677842858,0.987313464,0.7760290442,0.02061014182,1.381944444,1.268333333,0.2719274376,0.4505446226242857,0.1441326531,0.05469135802,3.585559589014286,0.06349206349,0.038673363947,-0.2117518127,0.02075064838,-0.1842691178,0.02450654465,-0.006168074024560002,2.0183213696,1.130388794,13.26955239,20.42153318,1.79904153,2.126285714285714,1510.737134,20.31861007,-3.6788834832285717,-1.587926779,0.877796797,1.089260755,-1.40387260699,-0.740441615,0.148210926,-0.24821750480797142,0.32700071754399995,-0.13498761280071428,8.551568232771428,11.44343983,0.0,5.098681808,24.27512131,35.90493987,11.76029506,21.0894968215,0.9500679145,0.3163476781,57.25170822525714,0.07587720504,4.736862954,20.759931868514283,1.9059206056857143,28.26427081,0.42280435137142863,0.0,0.0,3.591622254285715,0.0,-0.0532321761,4.246591317,0.1671880880499286,3.2,4.736862954,0.0,21.87426081,6.616532068714286,0.0,5.693927995,4.878658717842858,2.527684553,1.675285231,0.0,0.7151996025571428,0.0,0.0,5.24688712,0.049557151214285715,0.0,0.0,0.0,39.94,3.951139256,7.264326415,0.810834908,1.675285231,0.8012119198542856,0.08579236005,0.0,24.72911526,0.5405405405
148.6684509,152.27942352428573,162.2122103,1.402129323,164.832373,3.4309047647714284,159.8351457,2.878986626,3.163636364,2.7961807550428572,2.759344109,0.01300006041,49.02064596857142,0.48069877946999995,0.018859852175714283,0.6693548387,0.2300787639,1.6046717415428573,6.826272695,58.00176269057143,-8.048844056195716,-15.089078130157143,0.68682556727,-4.719285714285714,-0.4302141194,0.9929434613,8.001919149,1.216307925,1.9507554346857143,0.8789481886714284,0.00388,0.0,41.8666451816,6.448020180071429,0.019749238125485714,0.03245356794,0.7868459064728571,0.3288590604,0.3713143709,1.329498302,0.656724165282857,0.5129172249,1.1348176423885719,0.5450569083,0.8395543497,1.1180255929571428,1.08409351083,1.1279751734385712,0.5965329162,0.954629469,1.0487113150085714,0.9668872326,0.8562680205,1.00186403834,0.9625558532314287,0.9727023369,1.004215673,1.0591462997471426,1.0541421759200003,0.884376339,1.0243551266000002,1.1390753082442857,1.127243629,1.0625243417542856,0.9885241671057142,0.9888948197,1.080201477,1.090938477,1.0352609673042859,0.9437166964214285,1.279091278,1.032126486255714,0.9941615067285716,1.0629880281214283,0.9687290533,0.8785709376557143,1.0000366677842858,0.967006602,0.6995564288,0.1474380165,2.131944444,1.565,0.6727891156,0.4505446226242857,0.2439058957,0.2025,3.585559589014286,0.05442176871,0.038673363947,-0.2749013998,-0.05838386525,-0.008824186874,-0.09328952318,-0.006168074024560002,2.0183213696,0.8451637517,15.70955687,26.67161381,1.348087593,2.126285714285714,2405.953157,29.47250363,-3.6788834832285717,-3.145420253,0.8118178495,1.228229738,-1.40387260699,-0.8006874655,0.5428562026,-0.24821750480797142,0.32700071754399995,-0.13498761280071428,8.551568232771428,16.85062228,4.390415048,5.098681808,11.60093989,68.24726451,35.21191463,21.0894968215,0.8687147249,0.1640906909,57.25170822525714,0.077329588,4.390415048,20.759931868514283,1.9059206056857143,11.25737949,0.42280435137142863,1.650770798,0.0,3.591622254285715,0.0,-0.0532321761,0.0,0.1671880880499286,4.18,10.63357721,15.7651876,32.8379546,6.616532068714286,11.73512689,12.84164325,4.878658717842858,2.450829886,0.0,6.042657061,0.7151996025571428,0.0,6.785258101,0.0,0.049557151214285715,0.6271483954,0.0,0.0,67.66,4.557563262,16.27157836,3.020975377,0.0,0.8012119198542856,0.06495360686,0.0,29.99488542,0.5471698113
146.1153623,152.27942352428573,155.6193201,1.537814722,166.5220706,3.4309047647714284,154.8812123,2.787598204,2.762711864,2.7961807550428572,2.239957265,0.01097656346,49.02064596857142,0.48069877946999995,0.018859852175714283,0.6538461538,0.2119902115,1.6046717415428573,14.49705749,58.00176269057143,-8.048844056195716,-15.089078130157143,0.68682556727,-4.719285714285714,-0.3955876574,0.9893395914,3.046653978,1.183765089,1.9507554346857143,0.8789481886714284,0.00647,0.0,41.8666451816,6.448020180071429,0.019749238125485714,0.01766381766,0.7868459064728571,0.32,0.3036030983,1.525196161,0.656724165282857,0.4190755467,1.1348176423885719,0.9809938994,0.8395543497,1.1180255929571428,1.08409351083,1.1279751734385712,0.6691494638,0.7806310964,1.0487113150085714,0.9588035478,1.057922702,1.00186403834,0.9625558532314287,1.140699459,0.7939709379,1.0591462997471426,1.0541421759200003,0.642241497,1.0243551266000002,1.1390753082442857,1.080948831,1.0625243417542856,0.9885241671057142,1.08964441,1.456853876,1.19937446,1.0352609673042859,0.9437166964214285,0.9988864666,1.032126486255714,0.9941615067285716,1.0629880281214283,1.209015552,0.8785709376557143,1.0000366677842858,1.068576417,0.7431731189,0.06999285787,1.465277778,2.052777778,0.74861678,0.4505446226242857,0.3527336861,0.156875,3.585559589014286,0.07751937984,0.038673363947,-0.5004129183,0.05538556734,0.1316900579,-0.307108869,-0.006168074024560002,2.0183213696,1.002829743,6.605905283,17.50419298,1.704717007,2.126285714285714,2052.598179,26.02241899,-3.6788834832285717,-2.011281618,0.6830322579,1.535383668,-1.40387260699,-0.8496291209,0.06983122726,-0.24821750480797142,0.32700071754399995,-0.13498761280071428,8.551568232771428,5.824404498,4.983978521,0.0,32.90394574,31.18920547,29.0660571,21.0894968215,0.9008795567,0.1938480386,57.25170822525714,0.09579455114,0.0,20.759931868514283,1.9059206056857143,22.64523548,0.42280435137142863,1.728260385,0.0,3.591622254285715,0.0,-0.0532321761,0.0,0.1671880880499286,5.2,0.0,0.0,24.9198926,6.616532068714286,6.9237372,32.28954409,4.878658717842858,2.497512609,8.439110204,0.0,0.7151996025571428,0.0,0.0,0.0,0.049557151214285715,0.0,0.0,-0.08980268959,67.35,4.437620321,0.0,8.439110204,0.0,0.8012119198542856,0.2331185203,0.05590169944,31.98519802,0.4468085106
151.6958674,152.27942352428573,164.6616636,1.479592746,164.6938987,3.4309047647714284,161.3620473,3.884313725,3.097560976,2.7961807550428572,3.807189542,0.02225064749,49.02064596857142,0.48069877946999995,0.018859852175714283,0.6696428571,0.1772239607,1.6046717415428573,5.537414966,58.00176269057143,-8.048844056195716,-15.089078130157143,0.68682556727,-4.719285714285714,-0.422871105,0.9728356617,8.002961619,1.420165358,1.9507554346857143,0.8789481886714284,0.0824,17.54162141,41.8666451816,6.448020180071429,0.019749238125485714,0.05735681369,0.7868459064728571,0.3826701376,0.4395094374,1.435372209,0.656724165282857,0.4403169014,1.1348176423885719,0.5933138284,0.8395543497,1.1180255929571428,1.08409351083,1.1279751734385712,0.562716927,0.9231713684,1.0487113150085714,0.9807553957,1.130868545,1.00186403834,0.9625558532314287,0.98311287,1.109802158,1.0591462997471426,1.0541421759200003,0.9616749573,1.0243551266000002,1.1390753082442857,0.9935791218,1.0625243417542856,0.9885241671057142,0.7673201844,1.002010157,0.8827568351,1.0352609673042859,0.9437166964214285,0.8241117144,1.032126486255714,0.9941615067285716,1.0629880281214283,0.9771372177,0.8785709376557143,1.0000366677842858,0.8922417666,1.076064071,0.1763126212,2.194444444,1.573888889,0.6041269841,0.4505446226242857,0.2431342908,0.210316358,3.585559589014286,0.06060606061,0.038673363947,-0.4354855026,0.09316356098,0.01844566421,-0.002019496567,-0.006168074024560002,2.0183213696,0.6297079449,9.0878341,22.45569324,1.052625436,2.126285714285714,1192.135491,26.18100388,-3.6788834832285717,-2.279288312,0.8397485586,2.093177045,-1.40387260699,-0.8186525216,0.3487734146,-0.24821750480797142,0.32700071754399995,-0.13498761280071428,8.551568232771428,29.21259952,8.780830095,5.098681808,0.0,36.39820241,23.64452491,21.0894968215,0.687528448,0.1498875907,57.25170822525714,0.09718800562,13.57536728,20.759931868514283,1.9059206056857143,11.25737949,0.42280435137142863,1.121067445,0.0,3.591622254285715,0.0,-0.0532321761,0.0,0.1671880880499286,2.49,11.05045608,20.15560264,25.65562151,6.616532068714286,11.63444168,0.0,4.878658717842858,2.447549256,0.0,0.0,0.7151996025571428,0.0,3.16958853,0.0,0.049557151214285715,0.0,0.0,0.0,98.72,4.422793308,28.93828445,-0.06145509195,0.0,0.8012119198542856,0.06495360686,0.0,29.54628285,0.5238095238
145.6443485,152.27942352428573,158.09036,1.642605648,158.2644884,3.4309047647714284,154.3311969,2.986064347,3.2,2.7961807550428572,2.539760349,0.01585094849,49.02064596857142,0.48069877946999995,0.018859852175714283,0.6739130435,0.2047969837,1.6046717415428573,7.252314815,58.00176269057143,-8.048844056195716,-15.089078130157143,0.68682556727,-4.719285714285714,-0.3737444639,0.9938462057,3.048003442,0.6101412682,1.9507554346857143,0.8789481886714284,0.0318,0.0,41.8666451816,6.448020180071429,0.019749238125485714,0.02077294686,0.7868459064728571,0.3088235294,0.3769491871,1.591127058,0.656724165282857,0.5001464504,1.1348176423885719,0.9081429748,0.8395543497,1.1180255929571428,1.08409351083,1.1279751734385712,0.8324883492,0.8762256574,1.0487113150085714,0.9653465347,1.063868396,1.00186403834,0.9625558532314287,0.9142544134,1.129549575,1.0591462997471426,1.0541421759200003,1.101457604,1.0243551266000002,1.1390753082442857,1.215827285,1.0625243417542856,0.9885241671057142,1.07815449,1.255625563,1.255084159,1.0352609673042859,0.9437166964214285,0.7829927359,1.032126486255714,0.9941615067285716,1.0629880281214283,1.227956504,0.8785709376557143,1.0000366677842858,0.9716109063,1.072449271,0.02479338843,1.159722222,1.227777778,0.4212698413,0.4505446226242857,0.1360701688,0.07625771605,3.585559589014286,0.05555555556,0.038673363947,-0.5674684133,-0.1339368546,-0.1804791235,-0.05985811902,-0.006168074024560002,2.0183213696,0.9772236616,8.447215278,16.08430033,1.746835895,2.126285714285714,2031.481801,26.06868342,-3.6788834832285717,-1.952125455,0.9084227058,1.836569155,-1.40387260699,-0.7785318988,0.4264946864,-0.24821750480797142,0.32700071754399995,-0.13498761280071428,8.551568232771428,0.0,15.29317186,0.0,18.19910121,25.12283841,34.71851567,21.0894968215,0.8866100904,0.2079717352,57.25170822525714,0.1225138149,0.0,20.759931868514283,1.9059206056857143,0.0,0.42280435137142863,0.0,0.0,3.591622254285715,0.0,-0.0532321761,0.0,0.1671880880499286,4.01,10.63357721,11.37477255,15.80357683,6.616532068714286,13.08951281,16.26500318,4.878658717842858,2.450618565,1.969422057,0.0,0.7151996025571428,0.0,3.349606718,0.0,0.049557151214285715,0.0,0.0,0.0,64.27,4.190498528,0.0,1.969422057,0.0,0.8012119198542856,0.0621574583,0.0,27.08446216,0.6111111111
148.0103313,152.27942352428573,154.5546233,1.682029091,156.7303088,3.4309047647714284,157.3441764,2.809016087,3.403846154,2.7961807550428572,2.79533356,0.01850997732,49.02064596857142,0.48069877946999995,0.018859852175714283,0.6640625,0.2179363445,1.6046717415428573,10.85274894,58.00176269057143,-8.048844056195716,-15.089078130157143,0.68682556727,-4.719285714285714,-0.383636506,0.972936617,7.00827662,0.6049843589,1.9507554346857143,0.8789481886714284,0.0221,5.907179729,41.8666451816,6.448020180071429,0.019749238125485714,0.04455357143,0.7868459064728571,0.349137931,0.4366480821,1.681414535,0.656724165282857,0.5078511369,1.1348176423885719,0.7437343872,0.8395543497,1.1180255929571428,1.08409351083,1.1279751734385712,0.5458088391,0.8393745447,1.0487113150085714,1.060376704,1.080971481,1.00186403834,0.9625558532314287,1.006611013,0.9451445515,1.0591462997471426,1.0541421759200003,1.301735037,1.0243551266000002,1.1390753082442857,0.9885072594,1.0625243417542856,0.9885241671057142,1.076433913,1.088348271,1.051359349,1.0352609673042859,0.9437166964214285,1.002224369,1.032126486255714,0.9941615067285716,1.0629880281214283,1.188697824,0.8785709376557143,1.0000366677842858,0.9321528286,0.656480306,0.2426303438,1.729166667,1.877777778,0.6131972789,0.4505446226242857,0.3084057697,0.211882716,3.585559589014286,0.0697167756,0.038673363947,-0.6302646196,-0.03632539316,-0.05169907773,0.005767519995,-0.006168074024560002,2.0183213696,1.01945892,11.96691268,25.72835324,1.724265015,2.126285714285714,2405.546696,30.12978517,-3.6788834832285717,-2.442619558,0.3288324493,1.321220577,-1.40387260699,-0.7717788264,0.4192112857,-0.24821750480797142,0.32700071754399995,-0.13498761280071428,8.551568232771428,12.03246336,14.98529578,5.425791397,35.61190719,42.82867707,29.57519531,21.0894968215,0.8085480801,0.1374346587,57.25170822525714,0.09330061666,4.794537184,20.759931868514283,1.9059206056857143,11.38785599,0.42280435137142863,0.0,0.0,3.591622254285715,0.0,-0.0532321761,7.4293965,0.1671880880499286,3.04,16.47624748,5.13155848,27.22258466,6.616532068714286,13.08951281,26.49251536,4.878658717842858,2.478998053,1.964201672,0.0,0.7151996025571428,0.0,3.385412887,0.0,0.049557151214285715,0.0,1.745930064,0.0,110.6,4.531737251,0.0,2.52847988,0.0,0.8012119198542856,0.1342464278,0.0,30.09484751,0.5490196078
150.9427908,152.27942352428573,157.2124529,1.674972571,157.9020027,3.4309047647714284,164.1289162,3.668137084,3.547169811,2.7961807550428572,3.248371056,0.02245942756,49.02064596857142,0.48069877946999995,0.018859852175714283,0.6785714286,0.1881080167,1.6046717415428573,4.019992311,58.00176269057143,-8.048844056195716,-15.089078130157143,0.68682556727,-4.719285714285714,-0.4382318797,0.9778299933,8.00739318,1.197958066,1.9507554346857143,0.8789481886714284,0.000497,6.362358859,41.8666451816,6.448020180071429,0.019749238125485714,0.01680650038,0.7868459064728571,0.3246791132,0.5290454121,1.887420931,0.656724165282857,0.4031347679,1.1348176423885719,0.6061565275,0.8395543497,1.1180255929571428,1.08409351083,1.1279751734385712,0.2389714991,0.8436156063,1.0487113150085714,1.010103751,0.8959332676,1.00186403834,0.9625558532314287,0.9864553424,1.037154536,1.0591462997471426,1.0541421759200003,1.037587701,1.0243551266000002,1.1390753082442857,1.055717632,1.0625243417542856,0.9885241671057142,0.9247043698,0.9774692278,1.123589503,1.0352609673042859,0.9437166964214285,0.7954251957,1.032126486255714,0.9941615067285716,1.0629880281214283,1.147834853,0.8785709376557143,1.0000366677842858,0.8264999508,0.5694032273,0.2487460463,2.229166667,2.442777778,0.936462585,0.4505446226242857,0.4348702444,0.3165740741,3.585559589014286,0.06627680312,0.038673363947,-0.6536291568,-0.06235534849,-0.1523244448,0.0668815408,-0.006168074024560002,2.0183213696,0.8393597026,11.99634369,24.65421357,1.197252734,2.126285714285714,2678.901008,35.31762793,-3.6788834832285717,-2.184634642,1.653231091,1.534696123,-1.40387260699,-1.605944026,0.6486684757,-0.24821750480797142,0.32700071754399995,-0.13498761280071428,8.551568232771428,17.7707599,14.18117935,10.19736362,6.066367068,73.23599868,29.3384529,21.0894968215,0.9325525532,0.1499911517,57.25170822525714,0.2116435251,17.9081081,20.759931868514283,1.9059206056857143,28.26427081,0.42280435137142863,0.6669152278,0.0,3.591622254285715,5.516129509,-0.0532321761,0.0,0.1671880880499286,3.97,10.05365156,18.85863142,40.83731723,6.616532068714286,6.9237372,5.693927995,4.878658717842858,2.489372579,1.889656709,0.0,0.7151996025571428,0.0,2.976840435,3.901256179,0.049557151214285715,0.0,0.0,-4.758526534,82.16,4.663815541,44.24145001,1.889656709,0.0,0.8012119198542856,0.1048899075,0.0,35.24491142,0.5490196078
144.9101629,152.27942352428573,155.8896455,1.594328635,156.9936431,3.4309047647714284,158.3734211,3.165972222,3.268292683,2.7961807550428572,3.167562724,0.01278863019,49.02064596857142,0.48069877946999995,0.018859852175714283,0.6397058824,0.179459215,1.6046717415428573,9.419753086,58.00176269057143,-8.048844056195716,-15.089078130157143,0.68682556727,-4.719285714285714,-0.4251734506,0.9113304311,7.008273932,1.420015222,1.9507554346857143,0.8789481886714284,0.00261,0.0,41.8666451816,6.448020180071429,0.019749238125485714,0.01408963585,0.7868459064728571,0.3326488706,0.4134430785,1.349563057,0.656724165282857,0.467766953,1.1348176423885719,0.526293281,0.8395543497,1.1180255929571428,1.08409351083,1.1279751734385712,0.5242962607,0.9023353477,1.0487113150085714,1.023422135,1.107526319,1.00186403834,0.9625558532314287,0.9855938316,1.168915413,1.0591462997471426,1.0541421759200003,1.027994062,1.0243551266000002,1.1390753082442857,1.106768635,1.0625243417542856,0.9885241671057142,1.304144584,1.120611702,1.080564591,1.0352609673042859,0.9437166964214285,0.9409701102,1.032126486255714,0.9941615067285716,1.0629880281214283,1.030469576,0.8785709376557143,1.0000366677842858,0.9862002432,1.190114117,0.2142658912,2.284722222,1.945,0.7821315193,0.4505446226242857,0.4323664651,0.288757716,3.585559589014286,0.05450733753,0.038673363947,-0.3691494043,-0.1064648377,-0.05429088354,0.2031939835,-0.006168074024560002,2.0183213696,0.9649867065,19.92357471,32.74940545,1.636535142,2.126285714285714,2605.424084,33.12812966,-3.6788834832285717,-2.518367903,1.227185169,2.24563283,-1.40387260699,-0.8249018884,0.1895863155,-0.24821750480797142,0.32700071754399995,-0.13498761280071428,8.551568232771428,12.2386844,0.0,10.36057336,24.26546827,61.01812524,34.72467712,21.0894968215,0.9024531628,0.1418617894,57.25170822525714,0.1073913263,4.794537184,20.759931868514283,1.9059206056857143,28.58398029,0.42280435137142863,1.929508048,0.0,3.591622254285715,0.0,-0.0532321761,0.0,0.1671880880499286,4.48,5.316788604,5.687386275,25.65562151,6.616532068714286,18.25485007,11.25737949,4.878658717842858,2.477181776,1.935183324,0.0,0.7151996025571428,0.0,2.831912268,0.0,0.049557151214285715,0.0,0.0,0.0,96.49,4.590853691,1.616664856,1.953768374,0.0,0.8012119198542856,0.0761440227,0.0,31.41548497,0.5555555556
148.0907525,152.27942352428573,156.313344,1.74671223,155.935428,3.4309047647714284,158.4078371,3.045974794,3.485148515,2.7961807550428572,2.698004115,0.0128045106,49.02064596857142,0.48069877946999995,0.018859852175714283,0.6693548387,0.1867741161,1.6046717415428573,9.349932096,58.00176269057143,-8.048844056195716,-15.089078130157143,0.68682556727,-4.719285714285714,-0.4158683153,0.9779546959,3.066006625,1.197958333,1.9507554346857143,0.8789481886714284,0.00126,0.0,41.8666451816,6.448020180071429,0.019749238125485714,0.01628264209,0.7868459064728571,0.3453304375,0.4672145584,1.527393829,0.656724165282857,0.4978792783,1.1348176423885719,0.8367350204,0.8395543497,1.1180255929571428,1.08409351083,1.1279751734385712,0.8207385016,0.8269778698,1.0487113150085714,1.054602488,1.085667127,1.00186403834,0.9625558532314287,0.9293751307,1.057574331,1.0591462997471426,1.0541421759200003,1.058010639,1.0243551266000002,1.1390753082442857,1.004651851,1.0625243417542856,0.9885241671057142,0.989617618,1.079192979,1.123216775,1.0352609673042859,0.9437166964214285,1.288477371,1.032126486255714,0.9941615067285716,1.0629880281214283,1.095216661,0.8785709376557143,1.0000366677842858,1.018935918,0.8376785217,0.1944679114,1.854166667,2.082777778,0.654829932,0.4505446226242857,0.4157375913,0.229382716,3.585559589014286,0.07555555556,0.038673363947,-0.4572122123,0.03804372011,-0.02960373967,-0.05264030584,-0.006168074024560002,2.0183213696,0.9357404083,11.87733662,24.10551714,1.522029752,2.126285714285714,2105.430495,24.17296101,-3.6788834832285717,-2.194956531,0.6083393922,1.263741638,-1.40387260699,-0.7275748455,0.4310077448,-0.24821750480797142,0.32700071754399995,-0.13498761280071428,8.551568232771428,12.02124807,14.18117935,10.19736362,29.8000411,61.10326455,23.65106663,21.0894968215,0.9479180566,0.1586211913,57.25170822525714,0.0952834448,0.0,20.759931868514283,1.9059206056857143,22.51475897,0.42280435137142863,0.7408984465,0.0,3.591622254285715,5.607874885,-0.0532321761,0.0,0.1671880880499286,4.0,5.316788604,5.687386275,34.47495837,6.616532068714286,6.9237372,5.693927995,4.878658717842858,2.489906793,1.950410878,6.269200269,0.7151996025571428,0.0,3.159929768,0.0,0.049557151214285715,0.0,0.0,0.0,72.93,4.649301453,3.336763335,1.950410878,0.0,0.8012119198542856,0.1521354666,0.0,33.21853575,0.5957446809
143.9190223,152.27942352428573,154.0845471,1.581604828,156.1793365,3.4309047647714284,155.8224009,2.726337449,2.917808219,2.7961807550428572,2.93715847,0.01916955502,49.02064596857142,0.48069877946999995,0.018859852175714283,0.6354166667,0.1709410777,1.6046717415428573,7.159763314,58.00176269057143,-8.048844056195716,-15.089078130157143,0.68682556727,-4.719285714285714,-0.3817039373,0.9938724285,6.002807773,1.381899691,1.9507554346857143,0.8789481886714284,0.00243,0.0,41.8666451816,6.448020180071429,0.019749238125485714,0.03707264957,0.7868459064728571,0.3034682081,0.3873180096,1.346208543,0.656724165282857,0.6142379454,1.1348176423885719,0.9751172708,0.8395543497,1.1180255929571428,1.08409351083,1.1279751734385712,0.6888466757,0.9810364011,1.0487113150085714,1.245981532,1.037207473,1.00186403834,0.9625558532314287,0.9549870422,1.256540698,1.0591462997471426,1.0541421759200003,1.018108806,1.0243551266000002,1.1390753082442857,1.16427588,1.0625243417542856,0.9885241671057142,0.8115451639,0.930510167,0.9374872512,1.0352609673042859,0.9437166964214285,1.108161458,1.032126486255714,0.9941615067285716,1.0629880281214283,0.9668589742,0.8785709376557143,1.0000366677842858,0.8595394201,0.8783606557,0.04530149985,1.6875,0.92,0.2832653061,0.4505446226242857,0.1809019904,0.085625,3.585559589014286,0.06006006006,0.038673363947,-0.4448537678,-0.1995735608,0.02385848535,-0.07506031486,-0.006168074024560002,2.0183213696,1.058873719,16.4813494,23.35162424,1.663829733,2.126285714285714,803.7253948,21.70862663,-3.6788834832285717,-2.069038732,1.037471582,1.434996066,-1.40387260699,-0.7471076458,0.1962147475,-0.24821750480797142,0.32700071754399995,-0.13498761280071428,8.551568232771428,5.749511833,0.0,0.0,36.39820241,30.33183534,23.64452491,21.0894968215,0.8569505963,0.2774640505,57.25170822525714,0.1603666013,5.106527395,20.759931868514283,1.9059206056857143,17.00689132,0.42280435137142863,1.454085483,0.0,3.591622254285715,0.0,-0.0532321761,0.0,0.1671880880499286,3.7,5.316788604,11.37477255,15.07448444,6.616532068714286,0.0,0.0,4.878658717842858,2.427611449,0.0,0.0,0.7151996025571428,10.17030951,3.357896589,0.0,0.049557151214285715,0.0,0.0,0.0,58.04,4.188333736,0.0,0.0,0.0,0.8012119198542856,0.07183363128,0.0,34.60446232,0.5897435897
147.0871539,152.27942352428573,155.3161335,1.653870001,157.6064265,3.4309047647714284,158.3069203,2.882839506,3.461538462,2.7961807550428572,2.80226722,0.01524651028,49.02064596857142,0.48069877946999995,0.018859852175714283,0.6612903226,0.2145569101,1.6046717415428573,9.1536,58.00176269057143,-8.048844056195716,-15.089078130157143,0.68682556727,-4.719285714285714,-0.3983578406,0.9113366495,6.027276297,0.6049844314,1.9507554346857143,0.8789481886714284,0.0065,0.0,41.8666451816,6.448020180071429,0.019749238125485714,0.0302378625,0.7868459064728571,0.3237885463,0.4112052996,1.512611824,0.656724165282857,0.5630011431,1.1348176423885719,0.5985608202,0.8395543497,1.1180255929571428,1.08409351083,1.1279751734385712,0.6109231788,0.8523468135,1.0487113150085714,1.005312043,1.024738686,1.00186403834,0.9625558532314287,1.017468009,1.067793697,1.0591462997471426,1.0541421759200003,1.219850234,1.0243551266000002,1.1390753082442857,1.052115352,1.0625243417542856,0.9885241671057142,1.270352014,1.054408677,1.16340185,1.0352609673042859,0.9437166964214285,1.173037282,1.032126486255714,0.9941615067285716,1.0629880281214283,1.164211678,0.8785709376557143,1.0000366677842858,0.9457989088,0.6972699424,0.1695724926,1.729166667,1.837777778,0.614829932,0.4505446226242857,0.2711404006,0.269382716,3.585559589014286,0.0589569161,0.038673363947,-0.4581291007,0.02884153779,-0.1556879175,-0.01165692595,-0.006168074024560002,2.0183213696,1.036829229,13.77113205,25.27831061,1.803335734,2.126285714285714,2164.998956,26.0884089,-3.6788834832285717,-2.791245547,-0.2129104467,1.096332069,-1.40387260699,-0.4318516379,0.3335204723,-0.24821750480797142,0.32700071754399995,-0.13498761280071428,8.551568232771428,12.03246336,9.976383254,5.261891555,35.61190719,42.82867707,24.01174382,21.0894968215,0.9263071946,0.1499062506,57.25170822525714,0.07931505811,0.0,20.759931868514283,1.9059206056857143,17.4570773,0.42280435137142863,0.0,0.0,3.591622254285715,0.0,-0.0532321761,7.884040334,0.1671880880499286,3.87,10.74258,5.13155848,27.48118054,6.616532068714286,18.25485007,21.69797817,4.878658717842858,2.479015615,1.978921121,0.0,0.7151996025571428,0.0,6.539359984,0.0,0.049557151214285715,-0.01183121803,1.961304441,0.0,89.23,4.520309251,0.0,2.563882331,0.0,0.8012119198542856,0.1189424619,0.0,28.95208964,0.56
148.3867578,152.27942352428573,157.8299594,1.549324375,158.049454,3.4309047647714284,159.9553103,3.865497076,2.987341772,2.7961807550428572,3.575036075,0.03115705194,49.02064596857142,0.48069877946999995,0.018859852175714283,0.6979166667,0.1904836376,1.6046717415428573,9.869806094,58.00176269057143,-8.048844056195716,-15.089078130157143,0.68682556727,-4.719285714285714,-0.4868152398,0.9729436343,7.00827491,1.454781307,1.9507554346857143,0.8789481886714284,0.182,5.907179729,41.8666451816,6.448020180071429,0.019749238125485714,0.04326923077,0.7868459064728571,0.3963963964,0.396989851,1.562736294,0.656724165282857,0.4450403915,1.1348176423885719,0.7710620376,0.8395543497,1.1180255929571428,1.08409351083,1.1279751734385712,0.570451943,0.7861405245,1.0487113150085714,1.081168831,1.104697452,1.00186403834,0.9625558532314287,0.9663289302,1.049742452,1.0591462997471426,1.0541421759200003,1.013488276,1.0243551266000002,1.1390753082442857,0.8969234096,1.0625243417542856,0.9885241671057142,0.9466987591,1.201298701,1.056090764,1.0352609673042859,0.9437166964214285,1.048937394,1.032126486255714,0.9941615067285716,1.0629880281214283,1.273279703,0.8785709376557143,1.0000366677842858,1.028884916,1.191468567,0.02469135802,1.479166667,1.580555556,0.5845351474,0.4505446226242857,0.2524644117,0.120632716,3.585559589014286,0.07407407407,0.038673363947,-0.5437894286,0.02542635541,0.0983560962,-0.1813356503,-0.006168074024560002,2.0183213696,0.8549645167,6.8747513,18.05252325,1.596443689,2.126285714285714,1961.065231,25.45196233,-3.6788834832285717,-1.930380805,1.131927804,1.385145633,-1.40387260699,-0.6276550115,0.2567953493,-0.24821750480797142,0.32700071754399995,-0.13498761280071428,8.551568232771428,11.38785599,9.967957042,0.0,6.066367068,31.18920547,17.95713863,21.0894968215,0.7109178541,0.180786494,57.25170822525714,0.1069876433,14.26826309,20.759931868514283,1.9059206056857143,28.70474243,0.42280435137142863,0.0,0.0,3.591622254285715,0.0,-0.0532321761,0.0,0.1671880880499286,1.99,15.20739338,0.0,27.23517873,6.616532068714286,6.9237372,16.18239317,4.878658717842858,2.48420259,1.89518923,0.0,0.7151996025571428,0.0,0.0,10.74611593,0.049557151214285715,0.0,0.0,0.0,92.26,4.366523009,12.51380111,2.091165262,0.0,0.8012119198542856,0.07796367974,0.0,28.0838837,0.5263157895
145.8395111,152.27942352428573,155.9424091,1.605624101,155.8651756,3.4309047647714284,159.236814,3.20248538,2.941176471,2.7961807550428572,3.126177024,0.01186379532,49.02064596857142,0.48069877946999995,0.018859852175714283,0.6354166667,0.1723326249,1.6046717415428573,5.756026297,58.00176269057143,-8.048844056195716,-15.089078130157143,0.68682556727,-4.719285714285714,-0.3788322463,0.9938435771,8.001918079,1.427567903,1.9507554346857143,0.8789481886714284,0.0157,0.0,41.8666451816,6.448020180071429,0.019749238125485714,0.02052380952,0.7868459064728571,0.3074027604,0.3986933839,1.15227982,0.656724165282857,0.4943965517,1.1348176423885719,0.5457404046,0.8395543497,1.1180255929571428,1.08409351083,1.1279751734385712,0.649900382,0.9394095453,1.0487113150085714,1.243237532,1.086118479,1.00186403834,0.9625558532314287,0.960059429,1.134395604,1.0591462997471426,1.0541421759200003,1.041253662,1.0243551266000002,1.1390753082442857,0.9879752431,1.0625243417542856,0.9885241671057142,0.9959521469,1.011133603,0.9333938294,1.0352609673042859,0.9437166964214285,0.8060641106,1.032126486255714,0.9941615067285716,1.0629880281214283,1.084547215,0.8785709376557143,1.0000366677842858,1.07666844,0.9738554047,0.06938271605,0.9930555556,0.8955555556,0.3386394558,0.4505446226242857,0.1645408163,0.06655864198,3.585559589014286,0.07207207207,0.038673363947,-0.254495542,-0.0432516831,0.08250262369,0.002589759106,-0.006168074024560002,2.0183213696,0.9710445011,14.27102878,23.22645939,1.431404059,2.126285714285714,1050.000952,21.48029924,-3.6788834832285717,-1.590183518,0.9028826661,1.348122637,-1.40387260699,-0.8292339329,0.1400684308,-0.24821750480797142,0.32700071754399995,-0.13498761280071428,8.551568232771428,11.51114884,4.390415048,5.098681808,6.066367068,54.09438804,29.7174337,21.0894968215,0.8630577381,0.1850120332,57.25170822525714,0.1231618762,4.390415048,20.759931868514283,1.9059206056857143,33.77213846,0.42280435137142863,0.0,0.0,3.591622254285715,0.0,-0.0532321761,0.0,0.1671880880499286,4.88,0.0,4.390415048,20.16532066,6.616532068714286,5.817220841,0.0,4.878658717842858,2.434221777,0.0,0.0,0.7151996025571428,0.0,0.0,0.0,0.049557151214285715,0.0,0.0,0.0,54.46,4.302585104,13.10584627,0.0,0.0,0.8012119198542856,0.0761440227,0.0,26.28829917,0.6216216216
146.8786299,152.27942352428573,158.6528003,1.421654982,156.2904256,3.4309047647714284,161.2481328,2.643405601,3.037383178,2.7961807550428572,2.501001001,0.01620044691,49.02064596857142,0.48069877946999995,0.018859852175714283,0.6640625,0.2176551115,1.6046717415428573,9.12773161,58.00176269057143,-8.048844056195716,-15.089078130157143,0.68682556727,-4.719285714285714,-0.5233661825,1.734391199,3.511592327,1.370797007,1.9507554346857143,0.8789481886714284,0.0234,0.0,41.8666451816,6.448020180071429,0.019749238125485714,0.01546717172,0.7868459064728571,0.2571428571,0.2807401512,1.211696035,0.656724165282857,0.5912875909,1.1348176423885719,0.7727894609,0.8395543497,1.1180255929571428,1.08409351083,1.1279751734385712,1.184949384,0.9154022444,1.0487113150085714,1.247401128,1.103346646,1.00186403834,0.9625558532314287,0.9326848435,0.9798994975,1.0591462997471426,1.0541421759200003,1.153592627,1.0243551266000002,1.1390753082442857,0.9350690234,1.0625243417542856,0.9885241671057142,1.030231666,1.075867141,1.052657083,1.0352609673042859,0.9437166964214285,0.7985112327,1.032126486255714,0.9941615067285716,1.0629880281214283,1.095604133,0.8785709376557143,1.0000366677842858,1.156320629,0.9125578873,0.09825732068,1.055555556,0.9266666667,0.4594557823,0.4505446226242857,0.2091364324,0.154683642,3.585559589014286,0.06018518519,0.038673363947,-0.2306819413,-0.03210203901,0.06174106542,0.008211280229,-0.006168074024560002,2.0183213696,1.037278043,24.85851024,25.64220074,1.774155775,2.126285714285714,1542.281613,29.37696883,-3.6788834832285717,-2.772017007,1.512481377,1.036960535,-1.40387260699,-0.7893227442,0.2882455991,-0.24821750480797142,0.32700071754399995,-0.13498761280071428,8.551568232771428,18.05032179,0.0,5.098681808,6.066367068,54.09438804,49.35170292,21.0894968215,0.905937107,0.1982969523,57.25170822525714,0.0762695301,9.473725908,20.759931868514283,1.9059206056857143,39.52165029,0.42280435137142863,0.0,0.0,3.591622254285715,0.0,-0.0532321761,0.0,0.1671880880499286,4.61,4.736862954,0.0,64.5201455,6.616532068714286,0.0,0.0,4.878658717842858,2.434970856,0.0,0.0,0.7151996025571428,0.0,0.0,11.30849591,0.049557151214285715,0.0,2.363468757,0.0,76.16,4.409315887,11.30849591,5.152574264,0.0,0.8012119198542856,0.0761440227,0.0,31.85410782,0.5614035088
145.6016788,152.27942352428573,153.5691813,1.630506124,156.2608888,3.4309047647714284,153.0057518,2.950171468,3.652631579,2.7961807550428572,2.851563401,0.02608007179,49.02064596857142,0.48069877946999995,0.018859852175714283,0.6666666667,0.2176646508,1.6046717415428573,12.71527778,58.00176269057143,-8.048844056195716,-15.089078130157143,0.68682556727,-4.719285714285714,-0.4868808309,0.9729256188,7.008276203,0.6101347224,1.9507554346857143,0.8789481886714284,0.0048,5.907179729,41.8666451816,6.448020180071429,0.019749238125485714,0.04898989899,0.7868459064728571,0.3810623557,0.4016414823,1.596394061,0.656724165282857,0.4754457172,1.1348176423885719,0.7748421953,0.8395543497,1.1180255929571428,1.08409351083,1.1279751734385712,0.5864162261,0.8231498296,1.0487113150085714,1.131142061,1.065607886,1.00186403834,0.9625558532314287,0.9462658541,0.8610456396,1.0591462997471426,1.0541421759200003,1.089541422,1.0243551266000002,1.1390753082442857,0.9050781394,1.0625243417542856,0.9885241671057142,0.9537626929,1.274280409,0.9673508262,1.0352609673042859,0.9437166964214285,0.7817706475,1.032126486255714,0.9941615067285716,1.0629880281214283,1.072576695,0.8785709376557143,1.0000366677842858,0.9880345329,0.8430475024,0.1631527395,1.701388889,1.750555556,0.6580498866,0.4505446226242857,0.4306264172,0.284066358,3.585559589014286,0.07709750567,0.038673363947,-0.5825456676,-0.05505363268,0.04083244293,0.09690111473,-0.006168074024560002,2.0183213696,1.029627583,8.640809102,26.3913575,1.693143191,2.126285714285714,3088.005551,27.98266268,-3.6788834832285717,-2.584315429,0.8175392811,1.385204446,-1.40387260699,-0.882198599,0.5471235464,-0.24821750480797142,0.32700071754399995,-0.13498761280071428,8.551568232771428,16.52595619,9.967957042,0.0,19.05647134,36.75265697,22.07041725,21.0894968215,0.7694905067,0.1616503696,57.25170822525714,0.08845103879,14.26826309,20.759931868514283,1.9059206056857143,44.84581083,0.42280435137142863,0.0,0.0,3.591622254285715,0.0,-0.0532321761,0.0,0.1671880880499286,5.58,15.20739338,0.0,27.6520576,6.616532068714286,0.0,22.97565387,4.878658717842858,2.501030012,2.077230178,0.0,0.7151996025571428,0.0,0.0,10.97242517,0.049557151214285715,0.0,0.0,0.0,103.12,4.686156221,10.97242517,2.297886851,0.0,0.8012119198542856,0.1175920237,0.0,33.6282067,0.5208333333
143.6624423,152.27942352428573,150.8696316,1.584443642,161.1126952,3.4309047647714284,149.3672499,2.822822823,2.540740741,2.7961807550428572,2.62470024,0.01272129728,49.02064596857142,0.48069877946999995,0.018859852175714283,0.6057692308,0.2308798789,1.6046717415428573,17.09280217,58.00176269057143,-8.048844056195716,-15.089078130157143,0.68682556727,-4.719285714285714,-0.4357037485,0.9113269412,6.027325397,1.13463699,1.9507554346857143,0.8789481886714284,0.00273,0.0,41.8666451816,6.448020180071429,0.019749238125485714,0.01761633428,0.7868459064728571,0.3510638298,0.3964931973,1.264289143,0.656724165282857,0.4676081425,1.1348176423885719,0.7204704328,0.8395543497,1.1180255929571428,1.08409351083,1.1279751734385712,0.422989731,0.8109354851,1.0487113150085714,1.177897904,0.926282595,1.00186403834,0.9625558532314287,1.121122127,0.9504417567,1.0591462997471426,1.0541421759200003,0.8859539877,1.0243551266000002,1.1390753082442857,1.171203401,1.0625243417542856,0.9885241671057142,0.7801175113,1.477768814,1.209288678,1.0352609673042859,0.9437166964214285,0.4976994327,1.032126486255714,0.9941615067285716,1.0629880281214283,1.27854466,0.8785709376557143,1.0000366677842858,1.04696394,1.252128353,0.01234567901,2.958333333,1.949444444,0.8989115646,0.4505446226242857,0.4248000126,0.096875,3.585559589014286,0.08585858586,0.038673363947,-0.3692118452,0.02385354987,-0.05293269713,0.02218484337,-0.006168074024560002,2.0183213696,1.197622827,11.00912057,23.4353437,1.698543635,2.126285714285714,2243.956395,19.52432222,-3.6788834832285717,-2.389147457,1.220001916,0.8849342834,-1.40387260699,-0.4868170984,0.08261218547,-0.24821750480797142,0.32700071754399995,-0.13498761280071428,8.551568232771428,11.44343983,0.0,10.36057336,51.10304694,29.17754317,23.58956544,21.0894968215,0.9060538209,0.3004823133,57.25170822525714,0.1733756634,5.106527395,20.759931868514283,1.9059206056857143,34.20301562,0.42280435137142863,0.0,0.0,3.591622254285715,0.0,-0.0532321761,0.0,0.1671880880499286,4.33,0.0,0.0,14.88701214,6.616532068714286,16.74610334,37.94649713,4.878658717842858,2.601884439,6.760015931,0.0,0.7151996025571428,9.687315431,0.0,0.0,0.049557151214285715,0.3350009448,0.0,0.1262688177,61.84,4.17682568,2.093595994,7.610515978,0.0,0.8012119198542856,0.489065941,0.1020620726,29.96240415,0.4255319149
149.0744103,152.27942352428573,158.5566781,1.66347221,157.8224854,3.4309047647714284,159.5690393,3.266010802,3.495049505,2.7961807550428572,3.008703704,0.01371086196,49.02064596857142,0.48069877946999995,0.018859852175714283,0.6693548387,0.1834415511,1.6046717415428573,8.349932096,58.00176269057143,-8.048844056195716,-15.089078130157143,0.68682556727,-4.719285714285714,-0.4158683421,0.977954765,8.001919364,1.197963628,1.9507554346857143,0.8789481886714284,0.00332,0.0,41.8666451816,6.448020180071429,0.019749238125485714,0.01671466974,0.7868459064728571,0.3552505586,0.4630700109,1.492300585,0.656724165282857,0.4495960808,1.1348176423885719,0.5759313814,0.8395543497,1.1180255929571428,1.08409351083,1.1279751734385712,0.5962254378,0.8611268577,1.0487113150085714,1.022153181,1.096762073,1.00186403834,0.9625558532314287,0.9521990572,1.057574331,1.0591462997471426,1.0541421759200003,0.9962552911,1.0243551266000002,1.1390753082442857,1.03194324,1.0625243417542856,0.9885241671057142,0.9512601783,1.087558816,1.040039487,1.0352609673042859,0.9437166964214285,1.16562728,1.032126486255714,0.9941615067285716,1.0629880281214283,1.112418377,0.8785709376557143,1.0000366677842858,0.9825488431,0.7768477698,0.1695724926,1.979166667,2.002777778,0.736462585,0.4505446226242857,0.3482221592,0.269382716,3.585559589014286,0.06666666667,0.038673363947,-0.4557487778,-0.06804428936,-0.04351163641,0.07788052116,-0.006168074024560002,2.0183213696,0.9014922944,11.91980475,24.4497476,1.373967523,2.126285714285714,2454.161904,25.75921783,-3.6788834832285717,-2.016407447,0.828802466,1.521057397,-1.40387260699,-1.077738551,0.5579302165,-0.24821750480797142,0.32700071754399995,-0.13498761280071428,8.551568232771428,17.83846891,18.5715944,10.19736362,12.13273414,67.16963161,29.3384529,21.0894968215,0.879047746,0.1553439994,57.25170822525714,0.09296755541,4.390415048,20.759931868514283,1.9059206056857143,22.51475897,0.42280435137142863,0.7165404728,0.0,3.591622254285715,5.527711115,-0.0532321761,0.0,0.1671880880499286,3.78,5.316788604,10.07780132,34.47495837,6.616532068714286,12.74095804,5.693927995,4.878658717842858,2.489329897,1.929128407,0.0,0.7151996025571428,0.0,3.024420509,0.0,0.049557151214285715,0.0,0.0,0.0,72.93,4.617412528,16.7904264,1.929128407,0.0,0.8012119198542856,0.1048899075,0.0,30.74707046,0.5957446809
147.1801679,152.27942352428573,159.7729878,1.407733137,158.1152527,3.4309047647714284,159.0643186,2.553774929,2.81595092,2.7961807550428572,2.157921811,0.01272969071,49.02064596857142,0.48069877946999995,0.018859852175714283,0.6838235294,0.2438745908,1.6046717415428573,15.42578125,58.00176269057143,-8.048844056195716,-15.089078130157143,0.68682556727,-4.719285714285714,-0.5231632193,0.9939076817,3.510572827,1.343850105,1.9507554346857143,0.8789481886714284,0.0122,0.0,41.8666451816,6.448020180071429,0.019749238125485714,0.0,0.7868459064728571,0.3203285421,0.2115241872,1.225738034,0.656724165282857,0.5344158388,1.1348176423885719,0.7252958107,0.8395543497,1.1180255929571428,1.08409351083,1.1279751734385712,0.9547128547,0.860581164,1.0487113150085714,1.128933566,1.046560197,1.00186403834,0.9625558532314287,0.9268628333,0.9702797203,1.0591462997471426,1.0541421759200003,1.062122701,1.0243551266000002,1.1390753082442857,0.9860769861,1.0625243417542856,0.9885241671057142,1.300912118,1.208714363,1.254205254,1.0352609673042859,0.9437166964214285,0.9043788679,1.032126486255714,0.9941615067285716,1.0629880281214283,1.179539241,0.8785709376557143,1.0000366677842858,1.009442669,1.095654337,0.1100948883,1.881944444,1.81,0.6067120181,0.4505446226242857,0.3313177123,0.188757716,3.585559589014286,0.06060606061,0.038673363947,-0.1742732839,0.08949700763,-0.09873475847,-0.1166428946,-0.006168074024560002,2.0183213696,1.292274092,25.03403413,30.55536272,1.833326397,2.126285714285714,2459.311533,27.00613119,-3.6788834832285717,-3.072592389,1.94067192,1.250292826,-1.40387260699,-0.6622731412,0.2309271543,-0.24821750480797142,0.32700071754399995,-0.13498761280071428,8.551568232771428,18.05032179,0.0,5.098681808,6.066367068,55.78460206,74.37219635,21.0894968215,0.9461760507,0.2108306089,57.25170822525714,0.05185672424,4.736862954,20.759931868514283,1.9059206056857143,28.26427081,0.42280435137142863,2.063253638,0.0,3.591622254285715,0.0,-0.0532321761,0.0,0.1671880880499286,3.77,4.736862954,0.0,75.92659722,6.616532068714286,0.0,12.11474962,4.878658717842858,2.553529065,2.182491987,0.0,0.7151996025571428,0.0,0.0,6.119604398,0.049557151214285715,0.0,4.84380445,0.0,59.31,4.407593632,8.273815259,7.07555044,2.182491987,0.8012119198542856,0.130682846,0.0,34.99906791,0.515625
146.2974315,152.27942352428573,156.8978237,1.576975634,158.005839,3.4309047647714284,160.2658384,3.006591337,3.36440678,2.7961807550428572,3.011111111,0.01649094823,49.02064596857142,0.48069877946999995,0.018859852175714283,0.65625,0.183334878,1.6046717415428573,11.13609467,58.00176269057143,-8.048844056195716,-15.089078130157143,0.68682556727,-4.719285714285714,-0.3941166727,0.9729366222,7.008276683,1.400923906,1.9507554346857143,0.8789481886714284,0.0112,5.907179729,41.8666451816,6.448020180071429,0.019749238125485714,0.04276785714,0.7868459064728571,0.3610503282,0.3866782306,1.589265426,0.656724165282857,0.4643324043,1.1348176423885719,0.7552039613,0.8395543497,1.1180255929571428,1.08409351083,1.1279751734385712,0.5122249678,0.9170460431,1.0487113150085714,1.004370286,1.117516499,1.00186403834,0.9625558532314287,0.9678428972,1.141719546,1.0591462997471426,1.0541421759200003,1.012733397,1.0243551266000002,1.1390753082442857,1.030828291,1.0625243417542856,0.9885241671057142,1.325139587,1.017168323,1.097285477,1.0352609673042859,0.9437166964214285,0.636261338,1.032126486255714,0.9941615067285716,1.0629880281214283,0.9238167275,0.8785709376557143,1.0000366677842858,0.9387813281,0.9283846511,0.1940618304,2.034722222,1.905,0.8172789116,0.4505446226242857,0.3754251701,0.353125,3.585559589014286,0.06100217865,0.038673363947,-0.5838248969,-0.04777966888,-0.1661838947,0.1741626069,-0.006168074024560002,2.0183213696,0.9315019188,14.10146271,30.58174811,1.702905134,2.126285714285714,2108.434666,33.13182658,-3.6788834832285717,-2.463374475,1.136184898,2.000184237,-1.40387260699,-0.9230841149,0.2010118966,-0.24821750480797142,0.32700071754399995,-0.13498761280071428,8.551568232771428,11.51833249,9.967957042,0.0,18.19910121,61.01812524,23.87504468,21.0894968215,0.8307614798,0.1459812191,57.25170822525714,0.09910670533,4.794537184,20.759931868514283,1.9059206056857143,22.77571198,0.42280435137142863,1.622562232,0.0,3.591622254285715,0.0,-0.0532321761,0.0,0.1671880880499286,4.97,5.733667477,0.0,30.82707233,6.616532068714286,6.9237372,27.43977266,4.878658717842858,2.479390399,1.954092879,0.0,0.7151996025571428,0.0,0.0,0.0,0.049557151214285715,0.0,0.0,0.0,110.44,4.67741432,0.0,1.954092879,0.0,0.8012119198542856,0.0808551339,0.0,31.35595088,0.5384615385
146.638395,152.27942352428573,154.5215311,1.70280329,155.860498,3.4309047647714284,157.8766556,3.034307992,3.48,2.7961807550428572,2.949163105,0.0183251519,49.02064596857142,0.48069877946999995,0.018859852175714283,0.671875,0.2122861542,1.6046717415428573,9.257392753,58.00176269057143,-8.048844056195716,-15.089078130157143,0.68682556727,-4.719285714285714,-0.4344124384,0.9110327857,6.027292383,0.604984483,1.9507554346857143,0.8789481886714284,0.00427,0.0,41.8666451816,6.448020180071429,0.019749238125485714,0.01575126263,0.7868459064728571,0.3168103448,0.45203055,1.621342601,0.656724165282857,0.482965531,1.1348176423885719,0.5662876615,0.8395543497,1.1180255929571428,1.08409351083,1.1279751734385712,0.48491251,0.8472927869,1.0487113150085714,1.058296752,1.032910691,1.00186403834,0.9625558532314287,0.988472387,0.9995024876,1.0591462997471426,1.0541421759200003,1.296686333,1.0243551266000002,1.1390753082442857,0.9992378577,1.0625243417542856,0.9885241671057142,1.058042047,1.09932443,1.140859215,1.0352609673042859,0.9437166964214285,1.230134059,1.032126486255714,0.9941615067285716,1.0629880281214283,1.223288292,0.8785709376557143,1.0000366677842858,0.9290011136,0.7866250181,0.2226303438,1.479166667,1.837777778,0.6123809524,0.4505446226242857,0.2590230537,0.211882716,3.585559589014286,0.06222222222,0.038673363947,-0.6073493088,0.007591300423,-0.1814411939,0.03600768055,-0.006168074024560002,2.0183213696,1.047505027,13.40077596,24.86183046,1.766811311,2.126285714285714,1993.885075,29.00652177,-3.6788834832285717,-2.771538024,-0.03787055683,1.269469573,-1.40387260699,-0.5899337688,0.2714361101,-0.24821750480797142,0.32700071754399995,-0.13498761280071428,8.551568232771428,17.78197519,14.98529578,5.425791397,35.61190719,42.82867707,24.01174382,21.0894968215,0.8506200377,0.1555886582,57.25170822525714,0.1169798303,4.736862954,20.759931868514283,1.9059206056857143,23.39264948,0.42280435137142863,0.0,0.0,3.591622254285715,0.0,-0.0532321761,7.447979295,0.1671880880499286,3.4,15.47944295,5.13155848,21.31540493,6.616532068714286,24.60668602,16.13452668,4.878658717842858,2.478945707,1.96811182,0.0,0.7151996025571428,0.0,3.398538045,4.831347783,0.049557151214285715,0.0,1.750467425,0.0,100.53,4.515688836,4.831347783,2.554008745,0.0,0.8012119198542856,0.1146045727,0.0,29.67963356,0.5714285714
144.6031258,152.27942352428573,151.4412212,1.950049806,155.6142638,3.4309047647714284,160.0871451,3.423392013,3.594594595,2.7961807550428572,3.213566056,0.02970790271,49.02064596857142,0.48069877946999995,0.018859852175714283,0.65625,0.1949327965,1.6046717415428573,4.661157025,58.00176269057143,-8.048844056195716,-15.089078130157143,0.68682556727,-4.719285714285714,-0.404541236,0.992888764,6.003871347,0.604990524,1.9507554346857143,0.8789481886714284,0.00086,0.0,41.8666451816,6.448020180071429,0.019749238125485714,0.04478021978,0.7868459064728571,0.4040047114,0.6106815023,1.371180885,0.656724165282857,0.6551820499,1.1348176423885719,1.006984081,0.8395543497,1.1180255929571428,1.08409351083,1.1279751734385712,0.632382985,0.7867307198,1.0487113150085714,1.066352941,1.00091472,1.00186403834,0.9625558532314287,1.000328989,0.8448,1.0591462997471426,1.0541421759200003,1.098469552,1.0243551266000002,1.1390753082442857,1.174688725,1.0625243417542856,0.9885241671057142,0.7231703618,0.9826666667,1.167381041,1.0352609673042859,0.9437166964214285,1.246120719,1.032126486255714,0.9941615067285716,1.0629880281214283,1.117174463,0.8785709376557143,1.0000366677842858,0.754209804,0.7834288033,0.09896949291,2.263888889,1.326666667,0.3313378685,0.4505446226242857,0.1728395062,0.1625,3.585559589014286,0.07777777778,0.038673363947,-0.5204572624,-0.1806318424,0.1203590285,-0.1282772725,-0.006168074024560002,2.0183213696,0.782960476,4.419932764,16.71521575,1.272933332,2.126285714285714,668.3132118,21.59854889,-3.6788834832285717,-1.643032656,0.2389899888,1.666393126,-1.40387260699,-0.4758484065,-0.140866951,-0.24821750480797142,0.32700071754399995,-0.13498761280071428,8.551568232771428,16.50664736,9.499376415,5.098681808,34.53866566,30.33183534,22.21590337,21.0894968215,0.7964511754,0.2515016012,57.25170822525714,0.1451746004,10.21305479,20.759931868514283,1.9059206056857143,33.32747834,0.42280435137142863,0.6652700617,0.0,3.591622254285715,0.0,-0.0532321761,0.0,0.1671880880499286,4.34,0.0,0.0,24.81111301,6.616532068714286,0.0,0.0,4.878658717842858,2.499718172,0.0,12.13325533,0.7151996025571428,19.32053784,0.0,0.0,0.049557151214285715,0.0,0.0,0.0,70.65,4.249168262,1.631514393,0.0,0.0,0.8012119198542856,0.1556646061,0.0,37.0193354,0.6060606061
143.157357,152.27942352428573,155.3535475,1.574551904,153.7786958,3.4309047647714284,153.9652992,2.867078189,3.082758621,2.7961807550428572,2.620646766,0.01231527101,49.02064596857142,0.48069877946999995,0.018859852175714283,0.6515151515,0.1965683472,1.6046717415428573,10.95747041,58.00176269057143,-8.048844056195716,-15.089078130157143,0.68682556727,-4.719285714285714,-0.4947074941,0.9113411747,6.027277092,1.343837243,1.9507554346857143,0.8789481886714284,0.0011,0.0,41.8666451816,6.448020180071429,0.019749238125485714,0.0,0.7868459064728571,0.3410526316,0.3592072783,1.20619869,0.656724165282857,0.4377221532,1.1348176423885719,0.5162420615,0.8395543497,1.1180255929571428,1.08409351083,1.1279751734385712,0.5444007194,0.9133850057,1.0487113150085714,1.114572068,1.105456922,1.00186403834,0.9625558532314287,0.8596552421,1.242666061,1.0591462997471426,1.0541421759200003,0.9367326159,1.0243551266000002,1.1390753082442857,1.024282077,1.0625243417542856,0.9885241671057142,1.099269731,1.141969664,1.062941868,1.0352609673042859,0.9437166964214285,0.8061246274,1.032126486255714,0.9941615067285716,1.0629880281214283,1.113521895,0.8785709376557143,1.0000366677842858,0.9454402929,0.7257465039,0.129382716,1.881944444,1.93,0.7160544218,0.4505446226242857,0.2534643487,0.249691358,3.585559589014286,0.05761316872,0.038673363947,-0.2810992081,-0.03916393839,0.01234215064,0.0329606264,-0.006168074024560002,2.0183213696,1.237561817,23.3351397,37.60678778,1.748676339,2.126285714285714,3042.258681,18.21230984,-3.6788834832285717,-3.362104407,1.59271099,2.008634896,-1.40387260699,-0.6096982865,0.05812579024,-0.24821750480797142,0.32700071754399995,-0.13498761280071428,8.551568232771428,17.19295166,0.0,10.36057336,6.066367068,79.06876542,35.58204725,21.0894968215,0.9364626359,0.2303232499,57.25170822525714,0.0643116103,4.736862954,20.759931868514283,1.9059206056857143,40.08300395,0.42280435137142863,1.896409603,0.0,3.591622254285715,0.0,-0.0532321761,0.0,0.1671880880499286,5.06,4.736862954,0.0,19.74844179,6.616532068714286,11.33111287,17.67820111,4.878658717842858,2.554836249,0.0,0.0,0.7151996025571428,0.0,0.0,6.095464296,0.049557151214285715,0.0,0.0,0.0,76.62,4.485121551,8.20926243,0.9218617148,0.0,0.8012119198542856,0.130682846,0.0,33.5458927,0.5961538462
145.5755682,152.27942352428573,152.0973202,1.959243724,156.5923552,3.4309047647714284,161.0993913,2.909245923,3.461538462,2.7961807550428572,2.544983681,0.01448261576,49.02064596857142,0.48069877946999995,0.018859852175714283,0.652173913,0.197465579,1.6046717415428573,4.983471074,58.00176269057143,-8.048844056195716,-15.089078130157143,0.68682556727,-4.719285714285714,-0.4045538748,0.992923626,4.005253878,0.6049906405,1.9507554346857143,0.8789481886714284,0.000942,0.0,41.8666451816,6.448020180071429,0.019749238125485714,0.04326293996,0.7868459064728571,0.3709353673,0.5847145897,1.613884563,0.656724165282857,0.6122834445,1.1348176423885719,1.166596288,0.8395543497,1.1180255929571428,1.08409351083,1.1279751734385712,0.8050139277,0.7874453459,1.0487113150085714,0.9733222867,0.9724236721,1.00186403834,0.9625558532314287,1.010788212,0.8695124594,1.0591462997471426,1.0541421759200003,1.074070288,1.0243551266000002,1.1390753082442857,1.125654872,1.0625243417542856,0.9885241671057142,1.424735867,0.9450704225,1.329238321,1.0352609673042859,0.9437166964214285,1.001591411,1.032126486255714,0.9941615067285716,1.0629880281214283,0.9623419828,0.8785709376557143,1.0000366677842858,0.8673873143,0.8745320996,0.1156004489,1.826388889,1.295555556,0.3992290249,0.4505446226242857,0.1562106324,0.095625,3.585559589014286,0.0701754386,0.038673363947,-0.5526897356,0.1497763499,-0.2041831647,-0.04575885976,-0.006168074024560002,2.0183213696,0.9664586451,6.202229591,16.61138079,1.709108489,2.126285714285714,639.6217811,20.83398635,-3.6788834832285717,-2.196777473,0.1068867063,0.4162296359,-1.40387260699,-0.5415171661,-0.05351594732,-0.24821750480797142,0.32700071754399995,-0.13498761280071428,8.551568232771428,5.007623697,9.499376415,5.098681808,46.6713998,30.33183534,21.83692257,21.0894968215,0.9122550072,0.2624090304,57.25170822525714,0.1398715266,0.0,20.759931868514283,1.9059206056857143,21.82845468,0.42280435137142863,0.7948529227,0.0,3.591622254285715,0.0,-0.0532321761,0.0,0.1671880880499286,4.59,5.733667477,5.687386275,14.59805822,6.616532068714286,0.0,0.0,4.878658717842858,2.492910199,0.0,12.17601682,0.7151996025571428,0.0,0.0,0.0,0.049557151214285715,0.0,0.0,0.0,56.21,4.14043611,1.753432382,0.0,0.0,0.8012119198542856,0.1399133806,0.0,34.80616962,0.6060606061
145.965132,152.27942352428573,153.2484731,1.827852483,151.2583652,3.4309047647714284,157.2887678,3.27169707,2.682539683,2.7961807550428572,2.648484848,0.01721664399,49.02064596857142,0.48069877946999995,0.018859852175714283,0.6704545455,0.1818084169,1.6046717415428573,7.887052342,58.00176269057143,-8.048844056195716,-15.089078130157143,0.68682556727,-4.719285714285714,-0.3889681743,0.9938487239,4.005275089,0.6050173749,1.9507554346857143,0.8789481886714284,0.0443,0.0,41.8666451816,6.448020180071429,0.019749238125485714,0.04191919192,0.7868459064728571,0.3230769231,0.3944196669,1.598124771,0.656724165282857,0.5500537162,1.1348176423885719,1.075287742,0.8395543497,1.1180255929571428,1.08409351083,1.1279751734385712,0.8899131241,0.8279794913,1.0487113150085714,1.11627907,0.9504834456,1.00186403834,0.9625558532314287,0.8489371073,1.370431894,1.0591462997471426,1.0541421759200003,1.053787407,1.0243551266000002,1.1390753082442857,1.095056458,1.0625243417542856,0.9885241671057142,1.414046374,1.256706501,1.081071058,1.0352609673042859,0.9437166964214285,0.9487835419,1.032126486255714,0.9941615067285716,1.0629880281214283,1.202946332,0.8785709376557143,1.0000366677842858,0.8657461099,1.164472597,0.0,1.472222222,1.161666667,0.3780498866,0.4505446226242857,0.07306626354,0.0225,3.585559589014286,0.06349206349,0.038673363947,-0.6162560328,-0.007799284142,-0.01463977084,0.1385377579,-0.006168074024560002,2.0183213696,1.021252834,8.634808095,17.27515275,1.735921674,2.126285714285714,1504.871383,14.649564,-3.6788834832285717,-2.105002186,-0.04925927465,1.683119366,-1.40387260699,-0.5220689081,-0.02049630033,-0.24821750480797142,0.32700071754399995,-0.13498761280071428,8.551568232771428,5.693927995,14.95193556,0.0,17.40315295,30.33183534,29.54020642,21.0894968215,0.8411852554,0.2232543014,57.25170822525714,0.1075765583,0.0,20.759931868514283,1.9059206056857143,21.82845468,0.42280435137142863,1.684975382,0.0,3.591622254285715,0.0,-0.0532321761,0.0,0.1671880880499286,3.79,5.733667477,5.13155848,19.93591408,6.616532068714286,0.0,0.0,4.878658717842858,2.484898405,0.0,0.0,0.7151996025571428,0.0,0.0,0.0,0.049557151214285715,0.0,0.0,0.0,77.58,4.193045613,0.0,0.0,0.0,0.8012119198542856,0.1281276805,0.0,31.8952241,0.6363636364
146.328402,152.27942352428573,158.662316,1.392957269,157.406043,3.4309047647714284,160.6475041,2.549074074,3.009433962,2.7961807550428572,2.418450561,0.01368819019,49.02064596857142,0.48069877946999995,0.018859852175714283,0.6532258065,0.2246163215,1.6046717415428573,9.225765306,58.00176269057143,-8.048844056195716,-15.089078130157143,0.68682556727,-4.719285714285714,-0.5233653236,1.734391235,3.510571743,1.338814635,1.9507554346857143,0.8789481886714284,0.00782,0.0,41.8666451816,6.448020180071429,0.019749238125485714,0.01528897849,0.7868459064728571,0.2629213483,0.2973126298,1.229940193,0.656724165282857,0.5654174284,1.1348176423885719,0.7351932862,0.8395543497,1.1180255929571428,1.08409351083,1.1279751734385712,0.9807370472,0.9551000222,1.0487113150085714,1.212315587,1.029098111,1.00186403834,0.9625558532314287,0.9511299171,0.9415089801,1.0591462997471426,1.0541421759200003,1.04001012,1.0243551266000002,1.1390753082442857,0.9853747715,1.0625243417542856,0.9885241671057142,1.104752373,1.070130425,1.065143205,1.0352609673042859,0.9437166964214285,0.8702972969,1.032126486255714,0.9941615067285716,1.0629880281214283,1.083762508,0.8785709376557143,1.0000366677842858,1.137339254,1.019788301,0.08652178349,1.090277778,0.9005555556,0.4251247166,0.4505446226242857,0.2061287478,0.138742284,3.585559589014286,0.06146572104,0.038673363947,-0.2344338595,-0.04210693844,0.04626458178,0.009595526771,-0.006168074024560002,2.0183213696,1.052429558,25.10408871,25.64220074,1.7783109,2.126285714285714,1574.137085,28.77571467,-3.6788834832285717,-2.197095679,1.776673561,1.232350314,-1.40387260699,-0.764341013,0.09042284315,-0.24821750480797142,0.32700071754399995,-0.13498761280071428,8.551568232771428,18.05032179,0.0,5.098681808,6.066367068,80.0255441,36.2621901,21.0894968215,0.9302304769,0.2247783093,57.25170822525714,0.08645485876,4.736862954,20.759931868514283,1.9059206056857143,39.52165029,0.42280435137142863,0.0,0.0,3.591622254285715,0.0,-0.0532321761,0.0,0.1671880880499286,5.03,4.736862954,0.0,51.30638157,6.616532068714286,0.0,12.84164325,4.878658717842858,2.434977084,0.0,0.0,0.7151996025571428,0.0,0.0,5.924736155,0.049557151214285715,0.0,2.457218757,0.0,66.93,4.410912534,5.924736155,4.115641778,0.0,0.8012119198542856,0.0761440227,0.0,29.3787587,0.5535714286
152.173094,152.27942352428573,161.3589707,1.477664203,162.7599018,3.4309047647714284,165.637776,3.425849403,3.186046512,2.7961807550428572,3.32943067,0.02290345345,49.02064596857142,0.48069877946999995,0.018859852175714283,0.6818181818,0.2056796817,1.6046717415428573,11.04663923,58.00176269057143,-8.048844056195716,-15.089078130157143,0.68682556727,-4.719285714285714,-0.3757915094,0.9728800211,8.001920628,1.297042875,1.9507554346857143,0.8789481886714284,0.107,11.72440057,41.8666451816,6.448020180071429,0.019749238125485714,0.07289055973,0.7868459064728571,0.3851414361,0.3865233449,1.588712068,0.656724165282857,0.4894009097,1.1348176423885719,0.6509371467,0.8395543497,1.1180255929571428,1.08409351083,1.1279751734385712,0.5398933786,0.9031922897,1.0487113150085714,1.023633133,1.065944091,1.00186403834,0.9625558532314287,1.017631264,1.061821448,1.0591462997471426,1.0541421759200003,1.045797572,1.0243551266000002,1.1390753082442857,0.958151992,1.0625243417542856,0.9885241671057142,1.254865681,0.9828429933,1.219466172,1.0352609673042859,0.9437166964214285,1.063490342,1.032126486255714,0.9941615067285716,1.0629880281214283,0.9813100877,0.8785709376557143,1.0000366677842858,1.00283175,0.7920649302,0.2523191511,2.041666667,2.183888889,0.696462585,0.4505446226242857,0.377196712,0.3387654321,3.585559589014286,0.071278826,0.038673363947,-0.5185708697,0.067314727,-0.1623035497,-0.1093070911,-0.006168074024560002,2.0183213696,0.7117557307,9.70370472,25.55428919,1.395362087,2.126285714285714,2684.020059,27.69541695,-3.6788834832285717,-2.366666077,1.161979206,2.040656886,-1.40387260699,-0.7882961459,0.2636786666,-0.24821750480797142,0.32700071754399995,-0.13498761280071428,8.551568232771428,17.85686786,19.35077682,0.0,12.14238718,43.33159265,28.71782518,21.0894968215,0.7659390357,0.1189959443,57.25170822525714,0.07819892105,9.184952232,20.759931868514283,1.9059206056857143,11.38785599,0.42280435137142863,0.0,0.0,3.591622254285715,0.0,-0.0532321761,7.33315014,0.1671880880499286,2.34,16.47624748,10.07780132,38.37233879,6.616532068714286,12.74095804,27.57024916,4.878658717842858,2.490706047,1.808571318,0.0,0.7151996025571428,0.0,6.260327211,0.0,0.049557151214285715,-0.1216279328,1.834398105,0.0,124.32,4.620469972,14.74765701,2.121413265,0.0,0.8012119198542856,0.09767036445,0.0,27.30672217,0.5185185185
147.0894303,152.27942352428573,160.896256,1.410723378,160.3959673,3.4309047647714284,158.7162361,2.905151947,2.954545455,2.7961807550428572,2.706252124,0.02391700865,49.02064596857142,0.48069877946999995,0.018859852175714283,0.6696428571,0.2542886346,1.6046717415428573,12.1472,58.00176269057143,-8.048844056195716,-15.089078130157143,0.68682556727,-4.719285714285714,-0.4868801914,0.9778942015,7.008271469,0.6101358035,1.9507554346857143,0.8789481886714284,0.0277,0.0,41.8666451816,6.448020180071429,0.019749238125485714,0.03658730159,0.7868459064728571,0.3349875931,0.3064268272,1.587539271,0.656724165282857,0.4622641509,1.1348176423885719,0.6633791199,0.8395543497,1.1180255929571428,1.08409351083,1.1279751734385712,0.6593134562,0.8888264994,1.0487113150085714,0.9751922231,1.089411468,1.00186403834,0.9625558532314287,0.8792207831,1.005437571,1.0591462997471426,1.0541421759200003,1.021817047,1.0243551266000002,1.1390753082442857,0.9330119543,1.0625243417542856,0.9885241671057142,1.129346349,1.068579533,1.071683992,1.0352609673042859,0.9437166964214285,0.9628846016,1.032126486255714,0.9941615067285716,1.0629880281214283,1.084034244,0.8785709376557143,1.0000366677842858,1.057369849,0.8620690799,0.1356004489,1.576388889,1.598333333,0.6370068027,0.4505446226242857,0.2849899219,0.2500154321,3.585559589014286,0.06718346253,0.038673363947,-0.5446602296,0.1350137652,-0.1289186064,-0.006207897104,-0.006168074024560002,2.0183213696,0.9584537715,6.689475064,19.05880226,1.89608594,2.126285714285714,2150.663284,26.25728492,-3.6788834832285717,-2.53167326,0.7720652238,1.031172559,-1.40387260699,-0.6396500628,0.4060889637,-0.24821750480797142,0.32700071754399995,-0.13498761280071428,8.551568232771428,16.52595619,9.967957042,0.0,6.9237372,31.54366003,36.02384191,21.0894968215,0.8091801777,0.1702456728,57.25170822525714,0.08662531897,14.26826309,20.759931868514283,1.9059206056857143,33.45795484,0.42280435137142863,0.0,0.0,3.591622254285715,0.0,-0.0532321761,0.0,0.1671880880499286,5.64,14.79051451,0.0,34.196814,6.616532068714286,6.9237372,31.28371294,4.878658717842858,2.483395363,3.998637429,0.0,0.7151996025571428,0.0,2.897630052,10.91816041,0.049557151214285715,0.0,0.0,0.0,89.13,4.386364923,10.91816041,4.930674447,0.0,0.8012119198542856,0.07931626887,0.0,28.07245217,0.38
144.4949818,152.27942352428573,155.8926008,1.552372241,160.4675738,3.4309047647714284,150.9225805,2.935714286,2.974683544,2.7961807550428572,2.456709957,0.01327024697,49.02064596857142,0.48069877946999995,0.018859852175714283,0.652173913,0.1836231201,1.6046717415428573,5.734842951,58.00176269057143,-8.048844056195716,-15.089078130157143,0.68682556727,-4.719285714285714,-0.3737343026,1.734223195,3.046910785,1.443403308,1.9507554346857143,0.8789481886714284,0.0263,0.0,41.8666451816,6.448020180071429,0.019749238125485714,0.01956521739,0.7868459064728571,0.2702702703,0.3852632079,1.584388826,0.656724165282857,0.5557360743,1.1348176423885719,0.8681003289,0.8395543497,1.1180255929571428,1.08409351083,1.1279751734385712,0.8832706767,0.9885639883,1.0487113150085714,1.083727811,0.9771385942,1.00186403834,0.9625558532314287,0.9577570423,1.114839614,1.0591462997471426,1.0541421759200003,0.8949761642,1.0243551266000002,1.1390753082442857,1.276563092,1.0625243417542856,0.9885241671057142,0.9657593596,1.435587489,1.196646457,1.0352609673042859,0.9437166964214285,0.7379295538,1.032126486255714,0.9941615067285716,1.0629880281214283,1.195319277,0.8785709376557143,1.0000366677842858,0.9491015781,0.9450743336,0.01632486481,1.0,1.008888889,0.306122449,0.4505446226242857,0.07306626354,0.0225,3.585559589014286,0.05079365079,0.038673363947,-0.5649659201,-0.1634719612,-0.1185549812,-0.07084027315,-0.006168074024560002,2.0183213696,0.9963253758,16.50120121,21.02090433,1.753790627,2.126285714285714,1274.145052,21.50704852,-3.6788834832285717,-1.64655331,0.6931333376,1.566361844,-1.40387260699,-0.5671370622,0.1300458485,-0.24821750480797142,0.32700071754399995,-0.13498761280071428,8.551568232771428,0.0,10.30919334,0.0,48.53093655,18.19910121,29.2079764,21.0894968215,0.9013922896,0.2191094953,57.25170822525714,0.1290186608,0.0,20.759931868514283,1.9059206056857143,0.0,0.42280435137142863,0.0,0.0,3.591622254285715,0.0,-0.0532321761,0.0,0.1671880880499286,3.43,10.63357721,11.37477255,10.81959831,6.616532068714286,6.165775612,11.12690298,4.878658717842858,2.441492375,0.0,0.0,0.7151996025571428,0.0,3.365952145,0.0,0.049557151214285715,0.0,0.0,0.0,51.38,4.128881734,0.0,0.0,0.0,0.8012119198542856,0.05143799709,0.0,34.66167566,0.6216216216
141.7851802,152.27942352428573,150.3493614,2.225187997,153.125529,3.4309047647714284,156.9660705,2.755672045,3.787878788,2.7961807550428572,2.484929127,0.00904939681,49.02064596857142,0.48069877946999995,0.018859852175714283,0.65625,0.2022214977,1.6046717415428573,1.648283039,58.00176269057143,-8.048844056195716,-15.089078130157143,0.68682556727,-4.719285714285714,-0.4045491344,0.992888764,3.041832401,0.6049894753,1.9507554346857143,0.8789481886714284,3.25e-05,0.0,41.8666451816,6.448020180071429,0.019749238125485714,0.0,0.7868459064728571,0.3801256003,0.7104232121,1.510492261,0.656724165282857,0.6365624317,1.1348176423885719,0.8375284972,0.8395543497,1.1180255929571428,1.08409351083,1.1279751734385712,1.10849702,0.7439936355,1.0487113150085714,1.073076923,0.985188197,1.00186403834,0.9625558532314287,1.047725877,0.8032388664,1.0591462997471426,1.0541421759200003,1.246951861,1.0243551266000002,1.1390753082442857,1.153933692,1.0625243417542856,0.9885241671057142,1.294380303,0.9368131868,1.349796424,1.0352609673042859,0.9437166964214285,1.481569251,1.032126486255714,0.9941615067285716,1.0629880281214283,1.122147629,0.8785709376557143,1.0000366677842858,0.7100875226,0.6977716568,0.09896949291,2.263888889,1.326666667,0.3313378685,0.4505446226242857,0.1728395062,0.1625,3.585559589014286,0.07777777778,0.038673363947,-0.5138705267,-0.04363509887,-0.1125027034,-0.2680479268,-0.006168074024560002,2.0183213696,0.8218907439,4.419932764,16.71521575,1.692686418,2.126285714285714,864.54982,18.85621371,-3.6788834832285717,-1.557533857,-0.9013315129,0.7836797161,-1.40387260699,-0.3425198847,-0.3356758345,-0.24821750480797142,0.32700071754399995,-0.13498761280071428,8.551568232771428,5.007623697,9.499376415,5.098681808,57.74054544,36.39820241,21.17216961,21.0894968215,0.9516778523,0.1775619387,57.25170822525714,0.1736077036,0.0,20.759931868514283,1.9059206056857143,21.82845468,0.42280435137142863,0.7472530864,0.0,3.591622254285715,0.0,-0.0532321761,0.0,0.1671880880499286,6.58,0.0,0.0,14.59805822,6.616532068714286,0.0,0.0,4.878658717842858,2.499718172,0.0,24.35462047,0.7151996025571428,0.0,0.0,0.0,0.049557151214285715,0.0,0.0,0.0,30.19,4.249168262,1.713497417,0.0,0.0,0.8012119198542856,0.1842762654,0.0,55.8047709,0.6451612903
145.8395111,152.27942352428573,155.8277695,1.604211985,157.1804689,3.4309047647714284,159.7563551,3.171783626,2.970588235,2.7961807550428572,3.533898305,0.012062995,49.02064596857142,0.48069877946999995,0.018859852175714283,0.6354166667,0.1723870095,1.6046717415428573,6.756026297,58.00176269057143,-8.048844056195716,-15.089078130157143,0.68682556727,-4.719285714285714,-0.3776230982,0.9938719867,8.001917987,1.425802462,1.9507554346857143,0.8789481886714284,0.0157,0.0,41.8666451816,6.448020180071429,0.019749238125485714,0.02052380952,0.7868459064728571,0.3074027604,0.3823464208,1.139358911,0.656724165282857,0.4880172414,1.1348176423885719,0.5438213174,0.8395543497,1.1180255929571428,1.08409351083,1.1279751734385712,0.6779251465,0.9394095453,1.0487113150085714,1.290152156,0.9945181256,1.00186403834,0.9625558532314287,0.9293592126,1.21978022,1.0591462997471426,1.0541421759200003,1.051045417,1.0243551266000002,1.1390753082442857,1.174447392,1.0625243417542856,0.9885241671057142,1.104868086,1.011133603,1.03915608,1.0352609673042859,0.9437166964214285,0.9475381678,1.032126486255714,0.9941615067285716,1.0629880281214283,1.084547215,0.8785709376557143,1.0000366677842858,1.013810398,1.061027498,0.03295582083,1.368055556,0.8955555556,0.3394557823,0.4505446226242857,0.1839490426,0.05530864198,3.585559589014286,0.07207207207,0.038673363947,-0.2319565314,-0.1339572546,-0.05978758705,-0.003180045358,-0.006168074024560002,2.0183213696,0.9006075208,14.00357629,22.72753512,1.431404059,2.126285714285714,1061.393602,20.71401969,-3.6788834832285717,-1.65460158,0.7143287378,1.533920999,-1.40387260699,-0.8307165736,0.2340560347,-0.24821750480797142,0.32700071754399995,-0.13498761280071428,8.551568232771428,11.51114884,4.390415048,5.098681808,18.19910121,41.9616539,29.7174337,21.0894968215,0.8906604399,0.1798547815,57.25170822525714,0.1197287114,4.390415048,20.759931868514283,1.9059206056857143,33.77213846,0.42280435137142863,0.0,0.0,3.591622254285715,0.0,-0.0532321761,0.0,0.1671880880499286,4.88,0.0,4.390415048,20.16532066,6.616532068714286,5.817220841,0.0,4.878658717842858,2.438964785,0.0,0.0,0.7151996025571428,0.0,0.0,0.0,0.049557151214285715,0.0,0.0,0.0,54.46,4.376840904,14.02519779,0.0,0.0,0.8012119198542856,0.08900986808,0.0,29.04376798,0.6216216216
150.3940387,152.27942352428573,162.5512898,1.534694559,164.5912769,3.4309047647714284,161.3424918,3.776923077,3.129032258,2.7961807550428572,3.848699764,0.0182639437,49.02064596857142,0.48069877946999995,0.018859852175714283,0.6666666667,0.1708787285,1.6046717415428573,4.346938776,58.00176269057143,-8.048844056195716,-15.089078130157143,0.68682556727,-4.719285714285714,-0.3753149849,0.9929434621,8.002958195,1.417758105,1.9507554346857143,0.8789481886714284,0.0241,11.63444168,41.8666451816,6.448020180071429,0.019749238125485714,0.04432234432,0.7868459064728571,0.3612903226,0.4496971453,1.275091863,0.656724165282857,0.4601770353,1.1348176423885719,0.5313604033,0.8395543497,1.1180255929571428,1.08409351083,1.1279751734385712,0.6202766102,0.9444248896,1.0487113150085714,1.177769319,1.085488219,1.00186403834,0.9625558532314287,1.014361302,1.102064441,1.0591462997471426,1.0541421759200003,1.001398231,1.0243551266000002,1.1390753082442857,0.9315510049,1.0625243417542856,0.9885241671057142,0.8386330049,0.9153846154,0.9181616639,1.0352609673042859,0.9437166964214285,0.9095661276,1.032126486255714,0.9941615067285716,1.0629880281214283,1.033095719,0.8785709376557143,1.0000366677842858,0.9369920743,1.029567991,0.1025425977,1.5,1.208888889,0.373968254,0.4505446226242857,0.1597222222,0.14,3.585559589014286,0.0701754386,0.038673363947,-0.3324012605,0.2193988027,-0.01968392072,-0.0715585851,-0.006168074024560002,2.0183213696,0.7725594188,7.83022589,20.03385019,1.076265074,2.126285714285714,752.8986437,21.3750784,-3.6788834832285717,-2.136900752,0.7019382687,1.579665978,-1.40387260699,-0.7740210525,0.05233259757,-0.24821750480797142,0.32700071754399995,-0.13498761280071428,8.551568232771428,22.66784312,8.780830095,5.098681808,0.0,36.39820241,23.64452491,21.0894968215,0.7565182884,0.1920508422,57.25170822525714,0.1033284893,8.780830095,20.759931868514283,1.9059206056857143,11.25737949,0.42280435137142863,1.484493371,0.0,3.591622254285715,0.0,-0.0532321761,0.0,0.1671880880499286,3.97,5.316788604,20.15560264,20.16532066,6.616532068714286,11.63444168,0.0,4.878658717842858,2.418348561,0.0,0.0,0.7151996025571428,0.0,3.209803949,0.0,0.049557151214285715,0.0,0.0,0.0,66.49,4.527285573,27.32307035,0.0,0.0,0.8012119198542856,0.06856204604,0.0,28.92622508,0.6285714286
142.8976294,152.27942352428573,155.3082346,1.610260143,153.6443467,3.4309047647714284,157.3703611,2.683061197,2.977777778,2.7961807550428572,3.208608907,0.009568442372,49.02064596857142,0.48069877946999995,0.018859852175714283,0.63,0.2024891453,1.6046717415428573,10.3962585,58.00176269057143,-8.048844056195716,-15.089078130157143,0.68682556727,-4.719285714285714,-0.4286567014,0.9685373377,7.014207244,0.2964151701,1.9507554346857143,0.8789481886714284,0.0373,9.837253136,41.8666451816,6.448020180071429,0.019749238125485714,0.0,0.7868459064728571,0.3196721311,0.396162501,1.203662336,0.656724165282857,0.5248710988,1.1348176423885719,0.7545850053,0.8395543497,1.1180255929571428,1.08409351083,1.1279751734385712,0.5528026341,0.8571149249,1.0487113150085714,1.061201071,1.197808492,1.00186403834,0.9625558532314287,0.925310936,1.102328579,1.0591462997471426,1.0541421759200003,0.9900246842,1.0243551266000002,1.1390753082442857,1.095719662,1.0625243417542856,0.9885241671057142,1.081917619,0.9441030218,1.102387125,1.0352609673042859,0.9437166964214285,1.067385681,1.032126486255714,0.9941615067285716,1.0629880281214283,1.114947315,0.8785709376557143,1.0000366677842858,1.141077507,0.8269399724,0.1116212631,2.069444444,1.539444444,0.5723809524,0.4505446226242857,0.4238000756,0.1996990741,3.585559589014286,0.07936507937,0.038673363947,-0.2456306312,-0.08413046519,-0.03983422946,-0.01338615685,-0.006168074024560002,2.0183213696,1.018899754,10.99723661,21.16131431,1.639726474,2.126285714285714,1853.028796,27.86921957,-3.6788834832285717,-2.170402474,0.5688866725,0.6889240391,-1.40387260699,-0.1030529687,0.355075048,-0.24821750480797142,0.32700071754399995,-0.13498761280071428,8.551568232771428,5.693927995,8.417796984,5.098681808,24.27512131,42.82867707,17.51314867,21.0894968215,0.8536184566,0.1637947843,57.25170822525714,0.1101141885,8.417796984,20.759931868514283,1.9059206056857143,22.51475897,0.42280435137142863,0.0,0.0,3.591622254285715,0.0,-0.0532321761,4.107403169,0.1671880880499286,2.97,0.0,0.0,29.43802943,6.616532068714286,6.9237372,11.38785599,4.878658717842858,2.533386305,3.164892644,0.0,0.7151996025571428,0.0,0.0,0.0,0.049557151214285715,0.0,0.0,0.0,64.85,4.178865078,25.35594006,2.683848503,-3.21497177,0.8012119198542856,0.2864797176,0.03402069087,28.55705665,0.4761904762
144.6883738,152.27942352428573,155.1948001,1.582928217,153.6483872,3.4309047647714284,158.2651642,2.601953602,2.744186047,2.7961807550428572,2.346856725,0.01343118756,49.02064596857142,0.48069877946999995,0.018859852175714283,0.6413043478,0.2042675015,1.6046717415428573,12.976875,58.00176269057143,-8.048844056195716,-15.089078130157143,0.68682556727,-4.719285714285714,-0.5293606965,0.9878632894,3.513557971,1.399863887,1.9507554346857143,0.8789481886714284,0.0197,0.0,41.8666451816,6.448020180071429,0.019749238125485714,0.0,0.7868459064728571,0.3534743202,0.3148038056,1.206294218,0.656724165282857,0.4655813953,1.1348176423885719,0.8409590385,0.8395543497,1.1180255929571428,1.08409351083,1.1279751734385712,0.9741131281,0.7986610069,1.0487113150085714,1.146525623,1.154337349,1.00186403834,0.9625558532314287,0.9090461351,1.249068971,1.0591462997471426,1.0541421759200003,1.02671882,1.0243551266000002,1.1390753082442857,1.008977273,1.0625243417542856,0.9885241671057142,1.04384194,1.081483688,1.165714286,1.0352609673042859,0.9437166964214285,0.7886743822,1.032126486255714,0.9941615067285716,1.0629880281214283,1.143500945,0.8785709376557143,1.0000366677842858,1.156196877,0.8383679434,0.03713906744,1.569444444,1.459444444,0.4907482993,0.4505446226242857,0.1768864953,0.09031635802,3.585559589014286,0.06606606607,0.038673363947,-0.2284308993,0.05142454982,-0.2045825682,0.03891696362,-0.006168074024560002,2.0183213696,1.132845333,10.99723661,21.16131431,1.977689437,2.126285714285714,1762.835961,19.85100612,-3.6788834832285717,-1.715121593,0.8834135875,1.13761624,-1.40387260699,-0.7134927165,0.1912395931,-0.24821750480797142,0.32700071754399995,-0.13498761280071428,8.551568232771428,11.44343983,0.0,5.098681808,24.27512131,42.82867707,11.25737949,21.0894968215,0.9546408044,0.3131896757,57.25170822525714,0.0751275622,4.736862954,20.759931868514283,1.9059206056857143,28.26427081,0.42280435137142863,0.0,0.0,3.591622254285715,0.0,-0.0532321761,4.258602372,0.1671880880499286,3.7,4.736862954,0.0,21.87426081,6.616532068714286,6.9237372,11.38785599,4.878658717842858,2.530454796,3.678265004,0.0,0.7151996025571428,0.0,0.0,5.262617148,0.049557151214285715,0.0,0.0,0.0,39.94,4.024228194,7.289315702,2.810050081,1.678040052,0.8012119198542856,0.08579236005,0.0,24.98785342,0.5
150.7422912,152.27942352428573,162.2205903,1.455194872,163.0500826,3.4309047647714284,164.9364602,3.343272171,3.230769231,2.7961807550428572,3.002252252,0.01851781404,49.02064596857142,0.48069877946999995,0.018859852175714283,0.6833333333,0.2082598057,1.6046717415428573,9.5504,58.00176269057143,-8.048844056195716,-15.089078130157143,0.68682556727,-4.719285714285714,-0.3757882448,0.992943462,8.001919069,1.297044177,1.9507554346857143,0.8789481886714284,0.0272,5.817220841,41.8666451816,6.448020180071429,0.019749238125485714,0.04822510823,0.7868459064728571,0.3478701826,0.3592769664,1.504461933,0.656724165282857,0.5115740741,1.1348176423885719,0.6096643519,0.8395543497,1.1180255929571428,1.08409351083,1.1279751734385712,0.6401148504,0.9278108045,1.0487113150085714,1.021634615,1.0390625,1.00186403834,0.9625558532314287,0.9903619376,1.077513495,1.0591462997471426,1.0541421759200003,0.9988715118,1.0243551266000002,1.1390753082442857,0.9509345794,1.0625243417542856,0.9885241671057142,1.254853251,1.080628088,1.219036697,1.0352609673042859,0.9437166964214285,1.163893019,1.032126486255714,0.9941615067285716,1.0629880281214283,0.985976529,0.8785709376557143,1.0000366677842858,1.059105987,1.096812197,0.1531455974,1.604166667,1.832777778,0.614829932,0.4505446226242857,0.345946712,0.229382716,3.585559589014286,0.06481481481,0.038673363947,-0.4202252355,0.0882278936,-0.1122882851,-0.1037721893,-0.006168074024560002,2.0183213696,0.9813853603,12.00682005,22.70892798,1.431712569,2.126285714285714,2402.054046,28.21357374,-3.6788834832285717,-2.151474605,1.337103164,2.054124056,-1.40387260699,-0.6294296932,0.1401140513,-0.24821750480797142,0.32700071754399995,-0.13498761280071428,8.551568232771428,17.85686786,19.35077682,0.0,24.27512131,37.26522558,23.15437369,21.0894968215,0.8579965795,0.1438542817,57.25170822525714,0.07200113532,4.390415048,20.759931868514283,1.9059206056857143,11.38785599,0.42280435137142863,0.0,0.0,3.591622254285715,0.0,-0.0532321761,7.481984581,0.1671880880499286,3.13,10.74258,10.07780132,32.46515906,6.616532068714286,12.74095804,17.21226049,4.878658717842858,2.490442419,1.839998403,0.0,0.7151996025571428,0.0,6.396193674,0.0,0.049557151214285715,-0.07945335418,1.870748588,0.0,81.23,4.555414393,14.67133491,2.307401952,0.0,0.8012119198542856,0.07802850942,0.0,29.07485563,0.56
146.7345417,152.27942352428573,159.0164246,1.572750983,159.3037088,3.4309047647714284,156.7590167,2.755653021,3.079207921,2.7961807550428572,2.919687418,0.02193815016,49.02064596857142,0.48069877946999995,0.018859852175714283,0.6696428571,0.2405056069,1.6046717415428573,11.54866455,58.00176269057143,-8.048844056195716,-15.089078130157143,0.68682556727,-4.719285714285714,-0.4776858709,0.9778532218,7.008273877,0.6094207541,1.9507554346857143,0.8789481886714284,0.00736,6.093240071,41.8666451816,6.448020180071429,0.019749238125485714,0.03634920635,0.7868459064728571,0.3614457831,0.3734668358,1.772247193,0.656724165282857,0.461425221,1.1348176423885719,0.6972307365,0.8395543497,1.1180255929571428,1.08409351083,1.1279751734385712,0.5278331227,0.8073625475,1.0487113150085714,0.9468733338,1.211046317,1.00186403834,0.9625558532314287,0.8840345331,1.055969609,1.0591462997471426,1.0541421759200003,0.978295621,1.0243551266000002,1.1390753082442857,1.150491068,1.0625243417542856,0.9885241671057142,1.026447631,0.9880417397,0.9340591517,1.0352609673042859,0.9437166964214285,1.142651396,1.032126486255714,0.9941615067285716,1.0629880281214283,0.9531398069,0.8785709376557143,1.0000366677842858,0.959770983,1.010372979,0.1651872258,1.826388889,1.598333333,0.7186394558,0.4505446226242857,0.3162399219,0.3053240741,3.585559589014286,0.06565656566,0.038673363947,-0.7136435401,-0.0959214034,-0.0504215878,0.03401200358,-0.006168074024560002,2.0183213696,1.002879635,3.464144285,15.46788441,1.835502452,2.126285714285714,2726.359613,26.96809765,-3.6788834832285717,-2.230653121,0.5163215703,0.9484925938,-1.40387260699,-0.9379002644,0.7542299195,-0.24821750480797142,0.32700071754399995,-0.13498761280071428,8.551568232771428,16.52595619,19.74647275,0.0,6.066367068,32.90394574,16.63744226,21.0894968215,0.8460799461,0.1804790733,57.25170822525714,0.164494661,9.531400138,20.759931868514283,1.9059206056857143,21.95893118,0.42280435137142863,2.075726759,0.0,3.591622254285715,0.0,-0.0532321761,0.0,0.1671880880499286,5.86,5.316788604,4.794537184,32.13312054,6.616532068714286,6.9237372,25.36580689,4.878658717842858,2.483449667,5.575590134,0.0,0.7151996025571428,0.0,2.724611993,5.113341032,0.049557151214285715,-0.17393551,0.0,0.0,92.79,4.396690103,6.21848502,5.817368447,0.0,0.8012119198542856,0.1110709264,0.0,31.38312842,0.4042553191
144.5853473,152.27942352428573,153.1026674,1.702870641,153.5807316,3.4309047647714284,157.7247293,2.764701105,2.941176471,2.7961807550428572,2.599846551,0.01059569142,49.02064596857142,0.48069877946999995,0.018859852175714283,0.6354166667,0.1765597879,1.6046717415428573,5.756026297,58.00176269057143,-8.048844056195716,-15.089078130157143,0.68682556727,-4.719285714285714,-0.3789345633,0.9938435771,3.059383876,1.304720641,1.9507554346857143,0.8789481886714284,0.00607,0.0,41.8666451816,6.448020180071429,0.019749238125485714,0.01980952381,0.7868459064728571,0.2962515115,0.4227228896,1.155687114,0.656724165282857,0.5772477584,1.1348176423885719,0.787980181,0.8395543497,1.1180255929571428,1.08409351083,1.1279751734385712,1.022431489,0.8934112415,1.0487113150085714,1.243237532,1.031820743,1.00186403834,0.9625558532314287,0.9740305481,1.134395604,1.0591462997471426,1.0541421759200003,1.092931846,1.0243551266000002,1.1390753082442857,1.145958551,1.0625243417542856,0.9885241671057142,1.106213601,1.011133603,1.085549004,1.0352609673042859,0.9437166964214285,0.8117615668,1.032126486255714,0.9941615067285716,1.0629880281214283,1.068063616,0.8785709376557143,1.0000366677842858,1.072104687,0.9647692799,0.06938271605,0.9930555556,0.8955555556,0.3386394558,0.4505446226242857,0.1645408163,0.06655864198,3.585559589014286,0.07207207207,0.038673363947,-0.2274929273,-0.1639687472,-0.07875068644,0.09425447814,-0.006168074024560002,2.0183213696,1.03180839,14.27102878,23.22645939,1.763374988,2.126285714285714,1075.726667,20.78580455,-3.6788834832285717,-1.552496346,0.3805497678,1.010153343,-1.40387260699,-0.8018663157,0.2031554007,-0.24821750480797142,0.32700071754399995,-0.13498761280071428,8.551568232771428,5.693927995,0.0,5.098681808,29.8000411,41.9616539,34.74006701,21.0894968215,0.9505140753,0.1958948138,57.25170822525714,0.1304065059,0.0,20.759931868514283,1.9059206056857143,33.77213846,0.42280435137142863,0.0,0.0,3.591622254285715,0.0,-0.0532321761,0.0,0.1671880880499286,5.11,0.0,0.0,20.16532066,6.616532068714286,0.0,0.0,4.878658717842858,2.434221777,0.0,5.960493907,0.7151996025571428,0.0,0.0,0.0,0.049557151214285715,0.0,0.0,0.0,54.46,4.302585104,0.0,0.0,0.0,0.8012119198542856,0.0761440227,0.0,27.41466746,0.6216216216
149.2712213,152.27942352428573,158.8721414,1.529342206,159.3910426,3.4309047647714284,162.626687,2.841861598,3.189655172,2.7961807550428572,2.716021825,0.01999122412,49.02064596857142,0.48069877946999995,0.018859852175714283,0.685483871,0.2114118318,1.6046717415428573,12.75,58.00176269057143,-8.048844056195716,-15.089078130157143,0.68682556727,-4.719285714285714,-0.529345944,0.9878601675,3.513572536,1.434202554,1.9507554346857143,0.8789481886714284,0.035,0.0,41.8666451816,6.448020180071429,0.019749238125485714,0.0312153796,0.7868459064728571,0.3348519362,0.359313175,1.503246492,0.656724165282857,0.4944376026,1.1348176423885719,0.876613779,0.8395543497,1.1180255929571428,1.08409351083,1.1279751734385712,0.9183986976,0.8419023279,1.0487113150085714,1.134920635,1.160743934,1.00186403834,0.9625558532314287,0.9742927238,1.034482759,1.0591462997471426,1.0541421759200003,1.080558625,1.0243551266000002,1.1390753082442857,0.824498344,1.0625243417542856,0.9885241671057142,1.103741742,1.015037594,0.9938092357,1.0352609673042859,0.9437166964214285,1.290744082,1.032126486255714,0.9941615067285716,1.0629880281214283,0.9460447433,0.8785709376557143,1.0000366677842858,1.066050342,0.7091238839,0.2226303438,1.479166667,1.837777778,0.5723809524,0.4505446226242857,0.2590230537,0.211882716,3.585559589014286,0.06349206349,0.038673363947,-0.4506544149,0.1515275869,0.03628957905,-0.1641522989,-0.006168074024560002,2.0183213696,0.9842737348,11.91630315,24.29046293,1.921955869,2.126285714285714,1827.899299,28.10094457,-3.6788834832285717,-2.322690933,0.7916645007,1.543411854,-1.40387260699,-1.025139433,0.029394677,-0.24821750480797142,0.32700071754399995,-0.13498761280071428,8.551568232771428,17.91245169,14.98529578,5.425791397,12.14238718,49.39795972,23.15437369,21.0894968215,0.8571948402,0.1865275199,57.25170822525714,0.08296766566,4.736862954,20.759931868514283,1.9059206056857143,17.13736782,0.42280435137142863,0.0,0.0,3.591622254285715,0.0,-0.0532321761,7.398095471,0.1671880880499286,2.77,15.47944295,5.687386275,33.40918099,6.616532068714286,13.08951281,17.21226049,4.878658717842858,2.478936865,3.636391248,0.0,0.7151996025571428,0.0,3.395337039,5.218525494,0.049557151214285715,0.0,1.742801609,0.0,92.53,4.51049676,5.218525494,2.517724679,1.65707352,0.8012119198542856,0.06365387513,0.0,27.54306817,0.5384615385
144.1755027,152.27942352428573,158.017984,1.50240302,154.4333074,3.4309047647714284,156.6073003,2.575925926,2.785714286,2.7961807550428572,2.083333333,0.007402612772,49.02064596857142,0.48069877946999995,0.018859852175714283,0.6442307692,0.2302750424,1.6046717415428573,14.1852552,58.00176269057143,-8.048844056195716,-15.089078130157143,0.68682556727,-4.719285714285714,-0.4357096678,0.9879793438,3.042105136,1.343864516,1.9507554346857143,0.8789481886714284,0.00493,0.0,41.8666451816,6.448020180071429,0.019749238125485714,0.0,0.7868459064728571,0.3492063492,0.2970809456,1.172263988,0.656724165282857,0.4224489796,1.1348176423885719,0.7457312058,0.8395543497,1.1180255929571428,1.08409351083,1.1279751734385712,0.8214472094,0.9066266955,1.0487113150085714,1.111429832,1.071691822,1.00186403834,0.9625558532314287,0.788504403,1.305325528,1.0591462997471426,1.0541421759200003,0.9363896442,1.0243551266000002,1.1390753082442857,1.136368367,1.0625243417542856,0.9885241671057142,1.203762243,1.200242718,1.245225455,1.0352609673042859,0.9437166964214285,1.056462585,1.032126486255714,0.9941615067285716,1.0629880281214283,1.100348041,0.8785709376557143,1.0000366677842858,0.9758442718,1.078178977,0.03295582083,1.756944444,1.547777778,0.5251247166,0.4505446226242857,0.1652730537,0.0825,3.585559589014286,0.06201550388,0.038673363947,-0.1642638889,-0.02342428465,-0.1072791578,-0.1395201278,-0.006168074024560002,2.0183213696,1.319494992,16.37303072,28.26905539,1.899158951,2.126285714285714,2140.13226,15.03298775,-3.6788834832285717,-2.350826154,1.236992538,1.416519324,-1.40387260699,-0.6533995773,-0.1546358883,-0.24821750480797142,0.32700071754399995,-0.13498761280071428,8.551568232771428,5.693927995,0.0,5.098681808,31.18920547,49.09138463,35.07913167,21.0894968215,0.9634107722,0.1868248023,57.25170822525714,0.08275355392,0.0,20.759931868514283,1.9059206056857143,22.51475897,0.42280435137142863,2.189593648,0.0,3.591622254285715,0.0,-0.0532321761,0.0,0.1671880880499286,4.89,0.0,0.0,19.74844179,6.616532068714286,0.0,24.73241481,4.878658717842858,2.553040383,2.13547063,0.0,0.7151996025571428,0.0,0.0,0.0,0.049557151214285715,0.0,0.0,0.0,43.6,4.346112611,2.166832955,3.120409059,0.0,0.8012119198542856,0.130682846,0.0,28.08857777,0.5217391304
150.4984338,152.27942352428573,161.2261068,1.503021051,162.8661206,3.4309047647714284,164.7062174,3.473958333,3.283333333,2.7961807550428572,3.288839725,0.01893057271,49.02064596857142,0.48069877946999995,0.018859852175714283,0.6796875,0.202022834,1.6046717415428573,9.499807766,58.00176269057143,-8.048844056195716,-15.089078130157143,0.68682556727,-4.719285714285714,-0.3981345302,0.9113317266,8.001919845,1.29704352,1.9507554346857143,0.8789481886714284,0.0322,5.817220841,41.8666451816,6.448020180071429,0.019749238125485714,0.04584183673,0.7868459064728571,0.360343184,0.3940349295,1.482583345,0.656724165282857,0.4798855102,1.1348176423885719,0.5414841282,0.8395543497,1.1180255929571428,1.08409351083,1.1279751734385712,0.5540216954,0.8955665018,1.0487113150085714,1.009586225,1.027319164,1.00186403834,0.9625558532314287,1.006614275,1.086042449,1.0591462997471426,1.0541421759200003,1.007997674,1.0243551266000002,1.1390753082442857,0.992135392,1.0625243417542856,0.9885241671057142,1.278740997,1.034902597,1.242959272,1.0352609673042859,0.9437166964214285,1.154289488,1.032126486255714,0.9941615067285716,1.0629880281214283,0.9965619403,0.8785709376557143,1.0000366677842858,1.006185222,0.9123720535,0.2027323742,1.916666667,2.063888889,0.696462585,0.4505446226242857,0.377196712,0.3140740741,3.585559589014286,0.06535947712,0.038673363947,-0.42133715,0.05590577402,-0.1681219488,-0.1102973051,-0.006168074024560002,2.0183213696,0.7930057307,11.49572378,25.28980124,1.407326529,2.126285714285714,2472.979898,28.20007841,-3.6788834832285717,-2.45339229,1.07618617,2.030228997,-1.40387260699,-0.8206579485,0.1579998792,-0.24821750480797142,0.32700071754399995,-0.13498761280071428,8.551568232771428,17.85686786,19.35077682,5.261891555,12.14238718,43.33159265,23.15437369,21.0894968215,0.8559193304,0.1388167936,57.25170822525714,0.06948652881,4.390415048,20.759931868514283,1.9059206056857143,17.4570773,0.42280435137142863,0.0,0.0,3.591622254285715,0.0,-0.0532321761,7.382088777,0.1671880880499286,3.17,10.74258,10.07780132,32.46515906,6.616532068714286,24.07207091,22.77571198,4.878658717842858,2.490628178,1.818946474,0.0,0.7151996025571428,0.0,6.304262458,0.0,0.049557151214285715,-0.1078514162,1.846362548,0.0,105.02,4.596945263,14.7241185,2.180068844,0.0,0.8012119198542856,0.07802850942,0.0,27.19754195,0.5490196078
145.2967564,152.27942352428573,153.4703315,1.654814688,152.4166073,3.4309047647714284,161.0598867,2.85,2.655172414,2.7961807550428572,2.488636364,0.0115294807,49.02064596857142,0.48069877946999995,0.018859852175714283,0.6428571429,0.1744849237,1.6046717415428573,7.280991736,58.00176269057143,-8.048844056195716,-15.089078130157143,0.68682556727,-4.719285714285714,-0.387978746,1.734391618,3.059378604,1.390175303,1.9507554346857143,0.8789481886714284,0.0374,0.0,41.8666451816,6.448020180071429,0.019749238125485714,0.02164502165,0.7868459064728571,0.297029703,0.3475038432,1.135785536,0.656724165282857,0.5326779538,1.1348176423885719,0.7647478804,0.8395543497,1.1180255929571428,1.08409351083,1.1279751734385712,1.038540125,0.9146174555,1.0487113150085714,1.311213518,1.003105251,1.00186403834,0.9625558532314287,0.881612631,1.369924571,1.0591462997471426,1.0541421759200003,1.049961289,1.0243551266000002,1.1390753082442857,1.1250375,1.0625243417542856,0.9885241671057142,1.17177776,1.02734255,1.112272763,1.0352609673042859,0.9437166964214285,1.091682146,1.032126486255714,0.9941615067285716,1.0629880281214283,1.02094209,0.8785709376557143,1.0000366677842858,0.8932934114,1.102811245,0.0,1.055555556,0.8766666667,0.2228571429,0.4505446226242857,0.05265810028,0.0225,3.585559589014286,0.06734006734,0.038673363947,-0.204644982,-0.1404208383,-0.02003442341,0.005857914416,-0.006168074024560002,2.0183213696,1.106484316,13.01793638,20.14478228,1.776239449,2.126285714285714,1098.115324,13.86810706,-3.6788834832285717,-1.733820714,0.8748819942,1.485429159,-1.40387260699,-0.6547522796,0.09241541856,-0.24821750480797142,0.32700071754399995,-0.13498761280071428,8.551568232771428,5.693927995,0.0,5.098681808,24.26546827,29.82891977,29.54020642,21.0894968215,0.932608777,0.2101965513,57.25170822525714,0.1399273102,0.0,20.759931868514283,1.9059206056857143,22.51475897,0.42280435137142863,2.084955541,0.0,3.591622254285715,0.0,-0.0532321761,0.0,0.1671880880499286,3.97,0.0,0.0,20.16532066,6.616532068714286,0.0,0.0,4.878658717842858,2.468628887,0.0,0.0,0.7151996025571428,0.0,0.0,0.0,0.049557151214285715,0.0,0.0,0.0,54.46,4.132437192,0.0,0.0,0.0,0.8012119198542856,0.09087175382,0.0,29.94070558,0.6363636364
145.0869966,152.27942352428573,153.5821454,1.525601798,162.0972247,3.4309047647714284,153.8110988,2.630704365,2.572519084,2.7961807550428572,2.312396352,0.01284793601,49.02064596857142,0.48069877946999995,0.018859852175714283,0.62,0.2419431816,1.6046717415428573,17.62630208,58.00176269057143,-8.048844056195716,-15.089078130157143,0.68682556727,-4.719285714285714,-0.4349781178,0.991510793,6.002808208,1.134637098,1.9507554346857143,0.8789481886714284,0.00493,0.0,41.8666451816,6.448020180071429,0.019749238125485714,0.01841025641,0.7868459064728571,0.3656509695,0.3225774031,1.314854586,0.656724165282857,0.4774777405,1.1348176423885719,0.9949710566,0.8395543497,1.1180255929571428,1.08409351083,1.1279751734385712,0.5107568841,0.8125377887,1.0487113150085714,1.148424734,1.057402812,1.00186403834,0.9625558532314287,1.137579186,0.9915261547,1.0591462997471426,1.0541421759200003,0.9040648674,1.0243551266000002,1.1390753082442857,1.188467447,1.0625243417542856,0.9885241671057142,0.9539838686,1.385646218,1.383259482,1.0352609673042859,0.9437166964214285,0.7070326311,1.032126486255714,0.9941615067285716,1.0629880281214283,1.239652506,0.8785709376557143,1.0000366677842858,1.02037886,1.024501253,0.01234567901,2.833333333,1.989444444,0.8785034014,0.4505446226242857,0.3797004913,0.096875,3.585559589014286,0.0826873385,0.038673363947,-0.3860697834,0.01533050976,-0.1134696196,0.007532301879,-0.006168074024560002,2.0183213696,1.258329554,7.015426052,18.96324038,1.7337363,2.126285714285714,1852.844609,20.00470256,-3.6788834832285717,-2.468484815,1.191478187,0.9054046876,-1.40387260699,-0.5149506722,-0.120552008,-0.24821750480797142,0.32700071754399995,-0.13498761280071428,8.551568232771428,11.44343983,0.0,5.098681808,38.9703128,42.16764743,23.72004194,21.0894968215,0.8978706103,0.3013639207,57.25170822525714,0.1738843431,5.106527395,20.759931868514283,1.9059206056857143,28.26427081,0.42280435137142863,0.0,0.0,3.591622254285715,0.0,-0.0532321761,0.0,0.1671880880499286,4.26,0.0,0.0,19.87099066,6.616532068714286,12.33872767,38.07697363,4.878658717842858,2.597850078,8.853357781,0.0,0.7151996025571428,9.67224571,0.0,0.0,0.049557151214285715,0.3910761527,0.0,0.1731802327,50.94,4.101665835,2.145043462,9.756531676,0.0,0.8012119198542856,0.4665289338,0.1020620726,27.20665253,0.4166666667
148.1880842,152.27942352428573,156.6762634,1.457857962,161.7812134,3.4309047647714284,163.4394797,2.655838041,2.969387755,2.7961807550428572,2.757309942,0.01537181689,49.02064596857142,0.48069877946999995,0.018859852175714283,0.6583333333,0.2046388653,1.6046717415428573,11.66666667,58.00176269057143,-8.048844056195716,-15.089078130157143,0.68682556727,-4.719285714285714,-0.5082116703,0.9888932787,3.510694751,1.353642494,1.9507554346857143,0.8789481886714284,0.0351,0.0,41.8666451816,6.448020180071429,0.019749238125485714,0.01630824373,0.7868459064728571,0.2740046838,0.2589018402,1.318138821,0.656724165282857,0.5347430272,1.1348176423885719,0.7987861163,0.8395543497,1.1180255929571428,1.08409351083,1.1279751734385712,0.9682289691,0.8280126981,1.0487113150085714,1.086335404,0.9459419758,1.00186403834,0.9625558532314287,1.035312916,0.9013605442,1.0591462997471426,1.0541421759200003,0.8635677563,1.0243551266000002,1.1390753082442857,0.9065277268,1.0625243417542856,0.9885241671057142,1.15925914,0.914346247,1.043252862,1.0352609673042859,0.9437166964214285,0.9934224119,1.032126486255714,0.9941615067285716,1.0629880281214283,1.050880246,0.8785709376557143,1.0000366677842858,0.9738365478,1.25345406,0.1230507091,1.118055556,1.015555556,0.4806802721,0.4505446226242857,0.2219860166,0.123433642,3.585559589014286,0.06565656566,0.038673363947,-0.3018627239,-0.005432252056,-0.01504795827,0.09060525831,-0.006168074024560002,2.0183213696,1.012421326,16.34728313,23.19568192,1.765452935,2.126285714285714,1445.598246,27.98986524,-3.6788834832285717,-1.950112645,1.345390583,1.375318711,-1.40387260699,-0.6005447192,0.1066261733,-0.24821750480797142,0.32700071754399995,-0.13498761280071428,8.551568232771428,5.693927995,4.983978521,5.098681808,6.066367068,56.41145242,48.52540074,21.0894968215,0.9156865486,0.2107263855,57.25170822525714,0.09384094428,4.736862954,20.759931868514283,1.9059206056857143,39.6521268,0.42280435137142863,0.0,0.0,3.591622254285715,0.0,-0.0532321761,0.0,0.1671880880499286,4.23,4.736862954,0.0,57.29619125,6.616532068714286,0.0,6.420821623,4.878658717842858,2.434934798,4.105194738,0.0,0.7151996025571428,0.0,0.0,5.717097266,0.049557151214285715,0.0,2.136737195,0.0,79.82,4.385913417,5.717097266,1.637248623,4.105194738,0.8012119198542856,0.0761440227,0.0,27.38642147,0.4259259259
147.4070993,152.27942352428573,159.4282346,1.447267104,159.5753832,3.4309047647714284,159.0692396,2.855638284,3.089108911,2.7961807550428572,2.593325999,0.02597623644,49.02064596857142,0.48069877946999995,0.018859852175714283,0.6666666667,0.2488892211,1.6046717415428573,10.13852422,58.00176269057143,-8.048844056195716,-15.089078130157143,0.68682556727,-4.719285714285714,-0.4868779013,0.9728907128,7.008275244,0.6101363001,1.9507554346857143,0.8789481886714284,0.0627,0.0,41.8666451816,6.448020180071429,0.019749238125485714,0.05543209877,0.7868459064728571,0.3479381443,0.3354667202,1.605467593,0.656724165282857,0.4761126836,1.1348176423885719,0.7504039609,0.8395543497,1.1180255929571428,1.08409351083,1.1279751734385712,0.5531366355,0.9073389021,1.0487113150085714,0.9491930844,1.092965953,1.00186403834,0.9625558532314287,0.9437998209,0.976001165,1.0591462997471426,1.0541421759200003,1.053284437,1.0243551266000002,1.1390753082442857,1.044678273,1.0625243417542856,0.9885241671057142,1.088203779,1.175777925,1.121040945,1.0352609673042859,0.9437166964214285,0.6876452399,1.032126486255714,0.9941615067285716,1.0629880281214283,1.157068894,0.8785709376557143,1.0000366677842858,1.045629855,0.8723137687,0.1267258443,1.576388889,1.438333333,0.6630839002,0.4505446226242857,0.2734158478,0.230632716,3.585559589014286,0.06349206349,0.038673363947,-0.5775844303,-0.07837074117,-0.1041934066,0.144789106,-0.006168074024560002,2.0183213696,0.9703602135,7.716486024,19.69235798,1.90468281,2.126285714285714,2049.650148,26.29075162,-3.6788834832285717,-2.316018587,0.293582343,0.5926671147,-1.40387260699,-0.5834331711,0.300244724,-0.24821750480797142,0.32700071754399995,-0.13498761280071428,8.551568232771428,16.52595619,9.967957042,0.0,0.0,37.96448165,29.4790855,21.0894968215,0.7728724866,0.1701557516,57.25170822525714,0.08657956477,14.26826309,20.759931868514283,1.9059206056857143,33.45795484,0.42280435137142863,0.0,0.0,3.591622254285715,0.0,-0.0532321761,0.0,0.1671880880499286,5.19,15.20739338,0.0,27.6520576,6.616532068714286,6.9237372,30.78079736,4.878658717842858,2.482821465,1.969884762,0.0,0.7151996025571428,0.0,0.0,10.90706604,0.049557151214285715,0.0,0.0,0.0,103.12,4.350846645,10.90706604,2.211360909,0.0,0.8012119198542856,0.07931626887,0.0,29.48648364,0.4042553191
146.2371118,152.27942352428573,159.6814892,1.466463745,158.7182556,3.4309047647714284,159.3119219,2.901475694,3.053030303,2.7961807550428572,2.850331675,0.01211140675,49.02064596857142,0.48069877946999995,0.018859852175714283,0.6515151515,0.2002335208,1.6046717415428573,9.108418367,58.00176269057143,-8.048844056195716,-15.089078130157143,0.68682556727,-4.719285714285714,-0.4324510555,0.9929796051,7.00214461,1.269246097,1.9507554346857143,0.8789481886714284,0.00473,6.227901171,41.8666451816,6.448020180071429,0.019749238125485714,0.01458704694,0.7868459064728571,0.311440678,0.3636252832,1.347610444,0.656724165282857,0.5041466608,1.1348176423885719,0.6420414758,0.8395543497,1.1180255929571428,1.08409351083,1.1279751734385712,0.8310504904,0.9474767049,1.0487113150085714,1.034377907,1.14537887,1.00186403834,0.9625558532314287,0.9165954269,1.181147746,1.0591462997471426,1.0541421759200003,1.001831439,1.0243551266000002,1.1390753082442857,1.080805755,1.0625243417542856,0.9885241671057142,1.123100306,1.088706772,1.117525098,1.0352609673042859,0.9437166964214285,0.8847044885,1.032126486255714,0.9941615067285716,1.0629880281214283,1.059053412,0.8785709376557143,1.0000366677842858,1.063932438,0.7585689396,0.1809019488,1.722222222,2.033888889,0.7152380952,0.4505446226242857,0.2885015117,0.348757716,3.585559589014286,0.05664488017,0.038673363947,-0.3160717297,0.05832555545,-0.1226103676,0.004947148333,-0.006168074024560002,2.0183213696,0.9802223593,19.80125865,28.71285941,1.685472104,2.126285714285714,3569.713311,32.70441676,-3.6788834832285717,-2.367162953,0.7868557918,1.976594455,-1.40387260699,-0.8427190641,0.1301393751,-0.24821750480797142,0.32700071754399995,-0.13498761280071428,8.551568232771428,5.693927995,5.106527395,5.098681808,30.33183534,48.8853911,48.5008745,21.0894968215,0.8843739382,0.1550874149,57.25170822525714,0.0711208106,5.106527395,20.759931868514283,1.9059206056857143,22.51475897,0.42280435137142863,1.655222388,0.0,3.591622254285715,0.0,-0.0532321761,0.0,0.1671880880499286,3.93,5.316788604,5.687386275,30.96032148,6.616532068714286,6.9237372,12.11474962,4.878658717842858,2.474740486,1.961369464,0.0,0.7151996025571428,0.0,3.000267704,0.0,0.049557151214285715,-0.9337611023,0.0,0.0,88.42,4.498005413,1.826510299,2.447681743,0.0,0.8012119198542856,0.07129411522,0.0,35.89326767,0.5535714286
143.3032368,152.27942352428573,157.175487,1.517425653,160.3100729,3.4309047647714284,153.0315294,2.360414178,3.254901961,2.7961807550428572,1.979451674,0.01029213076,49.02064596857142,0.48069877946999995,0.018859852175714283,0.6538461538,0.2839350358,1.6046717415428573,10.44612476,58.00176269057143,-8.048844056195716,-15.089078130157143,0.68682556727,-4.719285714285714,-0.3637164681,0.993844579,3.040427984,0.6094207479,1.9507554346857143,0.8789481886714284,0.000369,0.0,41.8666451816,6.448020180071429,0.019749238125485714,0.01785375119,0.7868459064728571,0.3391959799,0.3210047396,1.558769959,0.656724165282857,0.5126350962,1.1348176423885719,0.8710554987,0.8395543497,1.1180255929571428,1.08409351083,1.1279751734385712,0.7823306164,0.9241295955,1.0487113150085714,0.9633559584,0.9278198238,1.00186403834,0.9625558532314287,0.9099142368,0.9247572816,1.0591462997471426,1.0541421759200003,0.8876316398,1.0243551266000002,1.1390753082442857,1.215894993,1.0625243417542856,0.9885241671057142,1.397056959,1.422643282,1.421821589,1.0352609673042859,0.9437166964214285,1.089542371,1.032126486255714,0.9941615067285716,1.0629880281214283,1.15947854,0.8785709376557143,1.0000366677842858,1.036562165,1.006664352,0.05163350679,1.388888889,1.354444444,0.5275283447,0.4505446226242857,0.2693609851,0.136257716,3.585559589014286,0.06718346253,0.038673363947,-0.5247115456,-0.06716653569,-0.1415036022,-0.1207308503,-0.006168074024560002,2.0183213696,1.165891204,9.695575596,21.78580178,1.902736045,2.126285714285714,2317.872662,26.5061711,-3.6788834832285717,-2.465995537,0.6331751419,0.3223980589,-1.40387260699,-0.8807086271,0.5787999279,-0.24821750480797142,0.32700071754399995,-0.13498761280071428,8.551568232771428,16.52595619,14.95193556,0.0,25.32883194,31.89811458,22.5553483,21.0894968215,0.9150418702,0.2027589878,57.25170822525714,0.09974522888,0.0,20.759931868514283,1.9059206056857143,21.95893118,0.42280435137142863,2.259257465,0.0,3.591622254285715,0.0,-0.0532321761,0.0,0.1671880880499286,7.34,0.0,0.0,19.93591408,6.616532068714286,6.9237372,49.54034665,4.878658717842858,2.497208695,2.039433738,0.0,0.7151996025571428,0.0,0.0,0.0,0.049557151214285715,0.5457821817,0.0,0.0,54.46,4.513463657,1.206097884,2.039433738,0.0,0.8012119198542856,0.1433457877,0.0,34.25414256,0.5434782609
148.5354983,152.27942352428573,157.6605555,1.624156942,159.3045716,3.4309047647714284,161.8383904,3.265015015,3.318965517,2.7961807550428572,3.180041152,0.01734393257,49.02064596857142,0.48069877946999995,0.018859852175714283,0.6742424242,0.1982620778,1.6046717415428573,11.5496,58.00176269057143,-8.048844056195716,-15.089078130157143,0.68682556727,-4.719285714285714,-0.3996313397,0.9108416499,6.028466039,1.421355598,1.9507554346857143,0.8789481886714284,0.0244,0.0,41.8666451816,6.448020180071429,0.019749238125485714,0.02909090909,0.7868459064728571,0.3461538462,0.451816328,1.511438313,0.656724165282857,0.4306389723,1.1348176423885719,0.4992319944,0.8395543497,1.1180255929571428,1.08409351083,1.1279751734385712,0.4735693428,0.8600512025,1.0487113150085714,1.145639159,1.037544554,1.00186403834,0.9625558532314287,0.9362959552,1.148442072,1.0591462997471426,1.0541421759200003,1.068880855,1.0243551266000002,1.1390753082442857,1.048704955,1.0625243417542856,0.9885241671057142,1.22740737,0.9165394121,1.048683819,1.0352609673042859,0.9437166964214285,1.113552969,1.032126486255714,0.9941615067285716,1.0629880281214283,0.9482935911,0.8785709376557143,1.0000366677842858,0.9584468995,0.6742873691,0.2275257627,2.166666667,2.068888889,0.614829932,0.4505446226242857,0.4011558327,0.309382716,3.585559589014286,0.07264957265,0.038673363947,-0.4667300645,0.06772113045,-0.1465676907,0.02792896134,-0.006168074024560002,2.0183213696,0.8948460956,13.25552767,27.86004267,1.621552915,2.126285714285714,2901.74754,30.1106621,-3.6788834832285717,-2.266704577,0.5975371706,1.971512741,-1.40387260699,-0.6792424211,0.1330264511,-0.24821750480797142,0.32700071754399995,-0.13498761280071428,8.551568232771428,24.30138249,14.98529578,15.94957451,18.20875424,37.26522558,17.46698741,21.0894968215,0.899975212,0.1458524996,57.25170822525714,0.08555061277,0.0,20.759931868514283,1.9059206056857143,23.52629862,0.42280435137142863,0.0,0.0,3.591622254285715,0.0,-0.0532321761,7.207536416,0.1671880880499286,2.79,10.74258,5.687386275,26.29938345,6.616532068714286,35.75173855,28.33916347,4.878658717842858,2.480066464,1.939560434,0.0,0.7151996025571428,0.0,3.22022555,0.0,0.049557151214285715,0.0,1.696399817,0.0,130.88,4.664261695,0.0,2.266889106,0.0,0.8012119198542856,0.09973826696,0.0,31.07264911,0.56
145.7653998,152.27942352428573,151.5107178,1.687868017,155.851185,3.4309047647714284,153.1581378,2.977213839,3.6125,2.7961807550428572,3.025265576,0.02980478062,49.02064596857142,0.48069877946999995,0.018859852175714283,0.6785714286,0.1994588156,1.6046717415428573,8.653061224,58.00176269057143,-8.048844056195716,-15.089078130157143,0.68682556727,-4.719285714285714,-0.4868774002,0.9730025181,7.008275784,0.6101848837,1.9507554346857143,0.8789481886714284,0.0178,5.907179729,41.8666451816,6.448020180071429,0.019749238125485714,0.05311059908,0.7868459064728571,0.3722084367,0.4205560062,1.562381458,0.656724165282857,0.5305959149,1.1348176423885719,0.7717873141,0.8395543497,1.1180255929571428,1.08409351083,1.1279751734385712,0.6261114289,0.8214741451,1.0487113150085714,1.246991979,1.083992231,1.00186403834,0.9625558532314287,1.041559954,0.8794688458,1.0591462997471426,1.0541421759200003,0.9322902463,1.0243551266000002,1.1390753082442857,0.9556283104,1.0625243417542856,0.9885241671057142,0.8950641294,1.228044332,0.8959249672,1.0352609673042859,0.9437166964214285,0.6867823244,1.032126486255714,0.9941615067285716,1.0629880281214283,1.11766699,0.8785709376557143,1.0000366677842858,0.9818215117,0.9030999491,0.1067258443,1.381944444,1.500555556,0.506122449,0.4505446226242857,0.3442066641,0.208441358,3.585559589014286,0.07729468599,0.038673363947,-0.5685004066,-0.09227384407,0.06234065606,0.1342905211,-0.006168074024560002,2.0183213696,0.9184778912,8.982056596,24.8194172,1.684027965,2.126285714285714,1950.192093,26.52607008,-3.6788834832285717,-2.25801377,0.8550668442,1.422660723,-1.40387260699,-0.8652572053,0.5217735195,-0.24821750480797142,0.32700071754399995,-0.13498761280071428,8.551568232771428,16.52595619,9.967957042,0.0,12.13273414,30.33183534,28.26726082,21.0894968215,0.7315065138,0.1656905879,57.25170822525714,0.0906617452,14.26826309,20.759931868514283,1.9059206056857143,44.84581083,0.42280435137142863,0.0,0.0,3.591622254285715,0.0,-0.0532321761,0.0,0.1671880880499286,4.68,15.20739338,0.0,27.6520576,6.616532068714286,0.0,10.35798868,4.878658717842858,2.494860584,0.0,0.0,0.7151996025571428,0.0,0.0,10.90563433,0.049557151214285715,0.0,0.0,0.0,103.12,4.585936561,10.90563433,0.2207955615,0.0,0.8012119198542856,0.1175920237,0.0,34.18958283,0.5952380952
149.7946163,152.27942352428573,161.4990051,1.505878609,161.8595455,3.4309047647714284,162.5143437,3.069444444,3.207207207,2.7961807550428572,3.049622438,0.01703470662,49.02064596857142,0.48069877946999995,0.018859852175714283,0.6833333333,0.2081978856,1.6046717415428573,8.715277778,58.00176269057143,-8.048844056195716,-15.089078130157143,0.68682556727,-4.719285714285714,-0.383282185,0.9929414619,8.001919186,1.434202656,1.9507554346857143,0.8789481886714284,0.0278,0.0,41.8666451816,6.448020180071429,0.019749238125485714,0.0331547619,0.7868459064728571,0.3478701826,0.4187898409,1.569670841,0.656724165282857,0.4573961938,1.1348176423885719,0.5925677984,0.8395543497,1.1180255929571428,1.08409351083,1.1279751734385712,0.5971022839,0.9079924669,1.0487113150085714,1.054281988,1.149855545,1.00186403834,0.9625558532314287,0.9777729186,1.056209518,1.0591462997471426,1.0541421759200003,1.010743696,1.0243551266000002,1.1390753082442857,0.8360432694,1.0625243417542856,0.9885241671057142,1.206257633,0.9874856487,1.005098816,1.0352609673042859,0.9437166964214285,1.234580138,1.032126486255714,0.9941615067285716,1.0629880281214283,0.9613096148,0.8785709376557143,1.0000366677842858,0.8714015927,0.4847016895,0.2026303438,1.479166667,1.797777778,0.5723809524,0.4505446226242857,0.2590230537,0.211882716,3.585559589014286,0.06481481481,0.038673363947,-0.5083152447,0.1013058521,-0.04823469523,-0.09620798389,-0.006168074024560002,2.0183213696,0.9220051186,11.91630315,24.29046293,1.421955869,2.126285714285714,2067.529251,29.50962124,-3.6788834832285717,-2.376581412,0.97251529,1.900150409,-1.40387260699,-0.9082457213,0.07949335836,-0.24821750480797142,0.32700071754399995,-0.13498761280071428,8.551568232771428,17.9801607,19.37571083,5.425791397,12.14238718,49.39795972,23.15437369,21.0894968215,0.8205171341,0.1582343463,57.25170822525714,0.09254182119,4.390415048,20.759931868514283,1.9059206056857143,11.38785599,0.42280435137142863,0.0,0.0,3.591622254285715,0.0,-0.0532321761,7.288968252,0.1671880880499286,3.13,10.74258,10.07780132,26.29938345,6.616532068714286,18.90673365,17.21226049,4.878658717842858,2.478903901,1.956358544,0.0,0.7151996025571428,0.0,3.260132958,0.0,0.049557151214285715,0.0,1.71617439,0.0,83.3,4.498947703,13.13701162,2.41074126,0.0,0.8012119198542856,0.06365387513,0.0,27.78001276,0.5833333333
146.6826228,152.27942352428573,154.393322,1.684515081,155.5741658,3.4309047647714284,157.7762571,2.712488129,3.263636364,2.7961807550428572,2.687435099,0.01766001006,49.02064596857142,0.48069877946999995,0.018859852175714283,0.6693548387,0.221985203,1.6046717415428573,12.51557093,58.00176269057143,-8.048844056195716,-15.089078130157143,0.68682556727,-4.719285714285714,-0.5293500557,0.9878600702,3.513570969,0.604984461,1.9507554346857143,0.8789481886714284,0.00508,0.0,41.8666451816,6.448020180071429,0.019749238125485714,0.01596102151,0.7868459064728571,0.3252212389,0.3795420362,1.500129729,0.656724165282857,0.5229137409,1.1348176423885719,0.8498054809,0.8395543497,1.1180255929571428,1.08409351083,1.1279751734385712,0.9918576159,0.7856842935,1.0487113150085714,1.079307537,1.06957477,1.00186403834,0.9625558532314287,0.9803638036,1.063418059,1.0591462997471426,1.0541421759200003,1.296434957,1.0243551266000002,1.1390753082442857,1.013566451,1.0625243417542856,0.9885241671057142,1.240473746,0.9804396712,0.9973562045,1.0352609673042859,0.9437166964214285,0.9991037037,1.032126486255714,0.9941615067285716,1.0629880281214283,1.033646687,0.8785709376557143,1.0000366677842858,1.002171379,0.8015408946,0.1695724926,1.729166667,1.837777778,0.614829932,0.4505446226242857,0.2711404006,0.269382716,3.585559589014286,0.0589569161,0.038673363947,-0.4714963471,0.0651694672,-0.1501957655,0.1629870373,-0.006168074024560002,2.0183213696,1.12070892,11.86652881,23.88832352,1.937293656,2.126285714285714,2255.370748,26.31220509,-3.6788834832285717,-2.576392418,0.7529964995,1.601448951,-1.40387260699,-0.642422667,0.2769624433,-0.24821750480797142,0.32700071754399995,-0.13498761280071428,8.551568232771428,17.78197519,14.98529578,5.425791397,35.61190719,42.82867707,24.01174382,21.0894968215,0.8849481583,0.2021691202,57.25170822525714,0.08992630494,4.736862954,20.759931868514283,1.9059206056857143,17.13736782,0.42280435137142863,0.0,0.0,3.591622254285715,0.0,-0.0532321761,7.526216895,0.1671880880499286,3.89,15.47944295,5.13155848,28.42520247,6.616532068714286,13.08951281,16.13452668,4.878658717842858,2.479015615,3.658412682,0.0,0.7151996025571428,0.0,3.448656463,5.323047129,0.049557151214285715,0.0,1.769695302,0.0,76.74,4.520309251,5.323047129,2.630863047,1.673333891,0.8012119198542856,0.1146045727,0.0,29.67113157,0.5490196078
146.0676287,152.27942352428573,153.7663145,1.685800705,156.8715096,3.4309047647714284,156.1013165,2.768715524,3.295238095,2.7961807550428572,2.624514991,0.0126470027,49.02064596857142,0.48069877946999995,0.018859852175714283,0.6583333333,0.2262521845,1.6046717415428573,11.5904,58.00176269057143,-8.048844056195716,-15.089078130157143,0.68682556727,-4.719285714285714,-0.3836346575,0.9929414619,3.057284777,0.6049846518,1.9507554346857143,0.8789481886714284,0.00291,0.0,41.8666451816,6.448020180071429,0.019749238125485714,0.01577060932,0.7868459064728571,0.3325791855,0.3938420199,1.61799717,0.656724165282857,0.5158019987,1.1348176423885719,0.8760093448,0.8395543497,1.1180255929571428,1.08409351083,1.1279751734385712,0.8517694067,0.8173616901,1.0487113150085714,1.001602564,1.038130701,1.00186403834,0.9625558532314287,1.033535669,0.9299089069,1.0591462997471426,1.0541421759200003,1.256064283,1.0243551266000002,1.1390753082442857,0.9759848525,1.0625243417542856,0.9885241671057142,1.396014269,1.047207447,1.0794906,1.0352609673042859,0.9437166964214285,1.410917667,1.032126486255714,0.9941615067285716,1.0629880281214283,1.073842488,0.8785709376557143,1.0000366677842858,0.9825877972,0.8283418253,0.2026303438,1.479166667,1.797777778,0.5723809524,0.4505446226242857,0.2590230537,0.211882716,3.585559589014286,0.06481481481,0.038673363947,-0.5396822277,0.1496285497,-0.1430123923,0.1327928165,-0.006168074024560002,2.0183213696,1.256107699,11.96691268,24.04739053,1.993612103,2.126285714285714,1988.806325,26.91080039,-3.6788834832285717,-2.528190752,0.0126608859,0.8678933804,-1.40387260699,-0.5827358211,0.4171241241,-0.24821750480797142,0.32700071754399995,-0.13498761280071428,8.551568232771428,12.03246336,14.98529578,5.425791397,53.30809282,37.61968013,24.01174382,21.0894968215,0.8993123238,0.1672712213,57.25170822525714,0.1034121956,0.0,20.759931868514283,1.9059206056857143,11.38785599,0.42280435137142863,0.0,0.0,3.591622254285715,0.0,-0.0532321761,7.567211275,0.1671880880499286,4.35,10.74258,5.13155848,21.31540493,6.616532068714286,20.01325001,21.69797817,4.878658717842858,2.478903901,4.08824229,0.0,0.7151996025571428,0.0,3.472360166,0.0,0.049557151214285715,0.0,1.779671963,0.0,67.51,4.498947703,0.0,4.806526545,0.0,0.8012119198542856,0.1146045727,0.0,30.79327908,0.56
147.6171479,152.27942352428573,155.8783496,1.599325309,159.9053234,3.4309047647714284,159.694862,2.906944444,2.972222222,2.7961807550428572,2.988034188,0.01385282434,49.02064596857142,0.48069877946999995,0.018859852175714283,0.6770833333,0.1834707535,1.6046717415428573,11.92899408,58.00176269057143,-8.048844056195716,-15.089078130157143,0.68682556727,-4.719285714285714,-0.4341307323,0.9777466642,7.008279439,1.402655014,1.9507554346857143,0.8789481886714284,0.0638,0.0,41.8666451816,6.448020180071429,0.019749238125485714,0.0,0.7868459064728571,0.3794117647,0.3428917292,1.487265207,0.656724165282857,0.4051535598,1.1348176423885719,0.5771254188,0.8395543497,1.1180255929571428,1.08409351083,1.1279751734385712,0.6097928954,0.7432727622,1.0487113150085714,1.171409214,1.074382299,1.00186403834,0.9625558532314287,0.9723505488,1.091540404,1.0591462997471426,1.0541421759200003,0.9327323038,1.0243551266000002,1.1390753082442857,1.062608247,1.0625243417542856,0.9885241671057142,0.6854341935,1.067283951,0.9896091205,1.0352609673042859,0.9437166964214285,1.038003544,1.032126486255714,0.9941615067285716,1.0629880281214283,1.212423211,0.8785709376557143,1.0000366677842858,0.8110440485,0.7911671924,0.07846138149,1.493055556,1.54,0.4978684807,0.4505446226242857,0.2093726379,0.14125,3.585559589014286,0.08547008547,0.038673363947,-0.4756778122,-0.07999421271,-0.01507080647,0.06524310794,-0.006168074024560002,2.0183213696,0.9217876937,8.650847419,18.22527406,1.532993756,2.126285714285714,1056.630333,22.80247245,-3.6788834832285717,-1.795611318,0.6760388797,1.186857777,-1.40387260699,-0.6509966146,0.2852378323,-0.24821750480797142,0.32700071754399995,-0.13498761280071428,8.551568232771428,0.0,14.64975998,5.098681808,12.13273414,37.25557254,18.30505147,21.0894968215,0.860381884,0.1768194001,57.25170822525714,0.152548227,0.0,20.759931868514283,1.9059206056857143,17.07524226,0.42280435137142863,1.267636369,0.0,3.591622254285715,0.0,-0.0532321761,0.0,0.1671880880499286,2.43,5.559266895,0.0,24.31554143,6.616532068714286,6.9237372,5.693927995,4.878658717842858,2.470650007,3.639324927,0.0,0.7151996025571428,0.0,0.0,0.0,0.049557151214285715,0.0,0.0,0.0,65.6,4.448351521,3.250529415,1.942534874,1.696790052,0.8012119198542856,0.1070226459,0.0,25.55637877,0.5384615385
145.95912,152.27942352428573,158.1291007,1.550402108,161.5068162,3.4309047647714284,157.5506205,2.667882529,3.037383178,2.7961807550428572,2.712459058,0.01543810314,49.02064596857142,0.48069877946999995,0.018859852175714283,0.6517857143,0.2529558684,1.6046717415428573,11.95460225,58.00176269057143,-8.048844056195716,-15.089078130157143,0.68682556727,-4.719285714285714,-0.3635928517,0.9778532218,7.008271331,0.6094207478,1.9507554346857143,0.8789481886714284,0.0069,0.0,41.8666451816,6.448020180071429,0.019749238125485714,0.03452380952,0.7868459064728571,0.3571428571,0.3546420502,1.642630444,0.656724165282857,0.4854496698,1.1348176423885719,0.6653921038,0.8395543497,1.1180255929571428,1.08409351083,1.1279751734385712,0.6004542713,0.8474136424,1.0487113150085714,0.8794630872,1.033679297,1.00186403834,0.9625558532314287,0.9734071245,0.9321453367,1.0591462997471426,1.0541421759200003,0.8866068905,1.0243551266000002,1.1390753082442857,1.235129057,1.0625243417542856,0.9885241671057142,1.194228185,0.9885702664,1.047069995,1.0352609673042859,0.9437166964214285,1.251338282,1.032126486255714,0.9941615067285716,1.0629880281214283,0.9455494357,0.8785709376557143,1.0000366677842858,0.9606062444,1.027963121,0.1651872258,1.826388889,1.598333333,0.7186394558,0.4505446226242857,0.3162399219,0.3053240741,3.585559589014286,0.06565656566,0.038673363947,-0.5939157582,-0.1039876937,-0.06706319997,0.03600271282,-0.006168074024560002,2.0183213696,1.034129635,4.153180513,17.53684317,1.849391341,2.126285714285714,2139.026326,27.7310987,-3.6788834832285717,-2.286426813,-0.1440437261,0.6469772845,-1.40387260699,-0.8196187315,0.5575327574,-0.24821750480797142,0.32700071754399995,-0.13498761280071428,8.551568232771428,16.52595619,14.95193556,0.0,19.91384147,24.97437738,23.05826388,21.0894968215,0.8614739669,0.1570550408,57.25170822525714,0.09909604183,4.794537184,20.759931868514283,1.9059206056857143,21.95893118,0.42280435137142863,2.112255684,0.0,3.591622254285715,0.0,-0.0532321761,0.0,0.1671880880499286,6.7,5.316788604,0.0,25.84309381,6.616532068714286,12.84164325,31.78662852,4.878658717842858,2.483449667,6.036563504,0.0,0.7151996025571428,0.0,2.946834215,0.0,0.049557151214285715,0.32606449,0.0,0.0,83.56,4.396690103,1.125143988,6.403341818,0.0,0.8012119198542856,0.1110709264,0.0,30.62271913,0.387755102
146.5154789,152.27942352428573,154.4824564,1.627216969,156.3614444,3.4309047647714284,157.4680636,2.737726098,3.024096386,2.7961807550428572,2.390410959,0.01187001286,49.02064596857142,0.48069877946999995,0.018859852175714283,0.6875,0.1977619312,1.6046717415428573,11.82117028,58.00176269057143,-8.048844056195716,-15.089078130157143,0.68682556727,-4.719285714285714,-0.4454180085,0.9938723241,3.043383126,1.397986833,1.9507554346857143,0.8789481886714284,0.045,0.0,41.8666451816,6.448020180071429,0.019749238125485714,0.0,0.7868459064728571,0.3739130435,0.292451012,1.306920982,0.656724165282857,0.4655770391,1.1348176423885719,0.7665435035,0.8395543497,1.1180255929571428,1.08409351083,1.1279751734385712,0.9112127984,0.7578813484,1.0487113150085714,1.195616821,1.059872436,1.00186403834,0.9625558532314287,0.954156427,1.218933648,1.0591462997471426,1.0541421759200003,0.9863878311,1.0243551266000002,1.1390753082442857,1.056329954,1.0625243417542856,0.9885241671057142,1.049199832,0.9770078859,1.025821409,1.0352609673042859,0.9437166964214285,0.7505159706,1.032126486255714,0.9941615067285716,1.0629880281214283,1.130872382,0.8785709376557143,1.0000366677842858,1.025134269,1.010531633,0.02479338843,1.986111111,1.254444444,0.3796371882,0.4505446226242857,0.1962947216,0.08969907407,3.585559589014286,0.07046070461,0.038673363947,-0.2468319871,-0.07282163223,-0.06452640749,0.05654137247,-0.006168074024560002,2.0183213696,1.130494615,12.40239232,22.1591619,1.806904185,2.126285714285714,1590.665581,24.4890953,-3.6788834832285717,-1.691626989,0.7550408104,1.143461259,-1.40387260699,-0.8656018826,0.2597234279,-0.24821750480797142,0.32700071754399995,-0.13498761280071428,8.551568232771428,5.693927995,4.983978521,5.098681808,18.20875424,35.90493987,18.80796705,21.0894968215,0.9358492208,0.2065366127,57.25170822525714,0.07374070909,0.0,20.759931868514283,1.9059206056857143,22.51475897,0.42280435137142863,2.112397566,0.0,3.591622254285715,0.0,-0.0532321761,4.268576153,0.1671880880499286,2.59,0.0,0.0,24.31554143,6.616532068714286,0.0,5.693927995,4.878658717842858,2.542257615,2.008618565,0.0,0.7151996025571428,0.0,0.0,0.0,0.049557151214285715,0.0,0.0,0.0,48.53,4.314852378,4.058595679,0.8065458081,2.008618565,0.8012119198542856,0.1397268263,0.0,25.00643644,0.5897435897
145.1774373,152.27942352428573,153.4881586,1.609251384,156.6195585,3.4309047647714284,158.7192127,2.883879781,3.308943089,2.7961807550428572,2.822041554,0.01294858835,49.02064596857142,0.48069877946999995,0.018859852175714283,0.6328125,0.1861552394,1.6046717415428573,11.41046636,58.00176269057143,-8.048844056195716,-15.089078130157143,0.68682556727,-4.719285714285714,-0.4294256781,0.9729366222,7.00827661,1.416541753,1.9507554346857143,0.8789481886714284,0.00399,5.907179729,41.8666451816,6.448020180071429,0.019749238125485714,0.02861519608,0.7868459064728571,0.352173913,0.3780303178,1.445812892,0.656724165282857,0.4924980569,1.1348176423885719,0.728796103,0.8395543497,1.1180255929571428,1.08409351083,1.1279751734385712,0.5054553618,0.8760288337,1.0487113150085714,1.040859365,1.112319796,1.00186403834,0.9625558532314287,1.028528987,1.131169632,1.0591462997471426,1.0541421759200003,1.02503012,1.0243551266000002,1.1390753082442857,1.068966915,1.0625243417542856,0.9885241671057142,1.058275229,1.031697878,1.124816806,1.0352609673042859,0.9437166964214285,0.7553100092,1.032126486255714,0.9941615067285716,1.0629880281214283,0.9402414941,0.8785709376557143,1.0000366677842858,1.020487308,0.8124111886,0.1940618304,2.034722222,1.905,0.8172789116,0.4505446226242857,0.3754251701,0.353125,3.585559589014286,0.06100217865,0.038673363947,-0.4467305868,-0.04290641363,-0.1503974298,0.1485492303,-0.006168074024560002,2.0183213696,1.04253963,20.00390291,33.44786919,1.713849957,2.126285714285714,2987.064359,28.09302165,-3.6788834832285717,-2.801247928,1.134617224,1.577229734,-1.40387260699,-0.9679928285,0.4035800858,-0.24821750480797142,0.32700071754399995,-0.13498761280071428,8.551568232771428,5.693927995,0.0,5.098681808,30.33183534,60.51520966,34.60074234,21.0894968215,0.8659344189,0.1651711791,57.25170822525714,0.1121352122,4.794537184,20.759931868514283,1.9059206056857143,22.51475897,0.42280435137142863,2.01129617,0.0,3.591622254285715,0.0,-0.0532321761,0.0,0.1671880880499286,4.5,5.733667477,0.0,25.65562151,6.616532068714286,6.9237372,21.61536816,4.878658717842858,2.479390399,1.969434432,0.0,0.7151996025571428,0.0,0.0,0.0,0.049557151214285715,0.0,0.0,0.0,86.69,4.67741432,1.877209467,2.478434967,0.0,0.8012119198542856,0.09578587773,0.0,30.65052892,0.5283018868
145.516037,152.27942352428573,158.2229217,1.541975425,160.2204343,3.4309047647714284,153.3505109,2.399470899,3.282828283,2.7961807550428572,2.055357345,0.01293144357,49.02064596857142,0.48069877946999995,0.018859852175714283,0.6730769231,0.2665359764,1.6046717415428573,10.15012346,58.00176269057143,-8.048844056195716,-15.089078130157143,0.68682556727,-4.719285714285714,-0.3636977943,0.993844579,3.040434968,0.6094207528,1.9507554346857143,0.8789481886714284,0.00714,0.0,41.8666451816,6.448020180071429,0.019749238125485714,0.03553113553,0.7868459064728571,0.3417721519,0.3398227298,1.536527047,0.656724165282857,0.5535767957,1.1348176423885719,0.9265251942,0.8395543497,1.1180255929571428,1.08409351083,1.1279751734385712,0.8976604654,0.8823421276,1.0487113150085714,1.000252589,1.002648404,1.00186403834,0.9625558532314287,0.9037005482,0.9349662162,1.0591462997471426,1.0541421759200003,0.9169923201,1.0243551266000002,1.1390753082442857,1.160124318,1.0625243417542856,0.9885241671057142,1.286830601,1.433397683,1.348313767,1.0352609673042859,0.9437166964214285,0.9884551855,1.032126486255714,0.9941615067285716,1.0629880281214283,1.184768243,0.8785709376557143,1.0000366677842858,1.057599497,0.9500547803,0.05163350679,1.388888889,1.354444444,0.5275283447,0.4505446226242857,0.2693609851,0.136257716,3.585559589014286,0.06718346253,0.038673363947,-0.4835805216,-0.00747421647,-0.1166694751,-0.1171735827,-0.006168074024560002,2.0183213696,1.150266204,7.444584377,20.57191057,1.8957916,2.126285714285714,2804.061769,29.2468676,-3.6788834832285717,-2.427310966,0.4014269516,0.4079647642,-1.40387260699,-0.8389962404,0.657461109,-0.24821750480797142,0.32700071754399995,-0.13498761280071428,8.551568232771428,16.52595619,14.95193556,0.0,6.066367068,44.98762739,22.5553483,21.0894968215,0.9009012406,0.1870556795,57.25170822525714,0.09202052987,0.0,20.759931868514283,1.9059206056857143,21.95893118,0.42280435137142863,2.240993002,0.0,3.591622254285715,0.0,-0.0532321761,0.0,0.1671880880499286,6.39,5.316788604,0.0,33.0254269,6.616532068714286,6.9237372,30.27788178,4.878658717842858,2.497208695,2.031169275,0.0,0.7151996025571428,0.0,3.43223749,0.0,0.049557151214285715,0.4832821817,0.0,0.0,66.49,4.513463657,1.196097884,4.14072769,0.0,0.8012119198542856,0.1433457877,0.0,31.09092842,0.5555555556
147.4992284,152.27942352428573,158.9211017,1.469547508,160.3039297,3.4309047647714284,161.0080717,3.248015873,3.125,2.7961807550428572,3.069212963,0.02483359852,49.02064596857142,0.48069877946999995,0.018859852175714283,0.6875,0.1934419779,1.6046717415428573,9.410466358,58.00176269057143,-8.048844056195716,-15.089078130157143,0.68682556727,-4.719285714285714,-0.4868280483,0.9779517541,7.008273483,1.433689841,1.9507554346857143,0.8789481886714284,0.0141,0.0,41.8666451816,6.448020180071429,0.019749238125485714,0.03143382353,0.7868459064728571,0.3266666667,0.380029017,1.656320795,0.656724165282857,0.5111402888,1.1348176423885719,0.6754058364,0.8395543497,1.1180255929571428,1.08409351083,1.1279751734385712,0.6414036451,0.905860457,1.0487113150085714,1.095978492,1.118709643,1.00186403834,0.9625558532314287,0.9977960937,1.135301179,1.0591462997471426,1.0541421759200003,0.9854835172,1.0243551266000002,1.1390753082442857,1.01479526,1.0625243417542856,0.9885241671057142,1.067388569,1.051254521,1.113460153,1.0352609673042859,0.9437166964214285,0.934503928,1.032126486255714,0.9941615067285716,1.0629880281214283,1.11499351,0.8785709376557143,1.0000366677842858,1.092345955,0.7941069156,0.1650851954,1.791666667,1.846666667,0.7144217687,0.4505446226242857,0.2915485639,0.3365740741,3.585559589014286,0.05777777778,0.038673363947,-0.6058913888,0.06891933227,-0.1431076919,0.001662454005,-0.006168074024560002,2.0183213696,0.8931949608,15.24326266,25.20346136,1.828819387,2.126285714285714,2495.361022,29.61898403,-3.6788834832285717,-2.488839006,2.064262432,1.791436649,-1.40387260699,-0.9609658835,0.261794299,-0.24821750480797142,0.32700071754399995,-0.13498761280071428,8.551568232771428,5.693927995,14.76249423,0.0,24.26546827,43.32193961,23.64452491,21.0894968215,0.8224771622,0.1494980805,57.25170822525714,0.1051567388,14.26826309,20.759931868514283,1.9059206056857143,28.70474243,0.42280435137142863,0.0,0.0,3.591622254285715,0.0,-0.0532321761,0.0,0.1671880880499286,3.05,20.10730312,10.48192346,27.35911351,6.616532068714286,6.9237372,11.38785599,4.878658717842858,2.478540819,1.938233913,0.0,0.7151996025571428,0.0,5.658246704,10.95577139,0.049557151214285715,0.0,0.0,0.0,90.3,4.468967295,12.89609594,2.406228197,0.0,0.8012119198542856,0.06274916425,0.0,35.8316196,0.5660377358
146.886971,152.27942352428573,158.9458494,1.620824777,157.2915951,3.4309047647714284,156.8818744,2.953703704,3.164835165,2.7961807550428572,2.93856555,0.02374474647,49.02064596857142,0.48069877946999995,0.018859852175714283,0.6759259259,0.2349530978,1.6046717415428573,11.1875,58.00176269057143,-8.048844056195716,-15.089078130157143,0.68682556727,-4.719285714285714,-0.4694063616,0.9779111491,7.008273656,0.6094207635,1.9507554346857143,0.8789481886714284,0.0155,6.093240071,41.8666451816,6.448020180071429,0.019749238125485714,0.03797360579,0.7868459064728571,0.3375,0.3781348568,1.75056619,0.656724165282857,0.47565784,1.1348176423885719,0.6725037858,0.8395543497,1.1180255929571428,1.08409351083,1.1279751734385712,0.5699153882,0.8028640673,1.0487113150085714,0.9904761905,1.091708543,1.00186403834,0.9625558532314287,0.8399712747,1.076725522,1.0591462997471426,1.0541421759200003,1.026263622,1.0243551266000002,1.1390753082442857,1.098262314,1.0625243417542856,0.9885241671057142,1.101057092,1.038095238,1.04226689,1.0352609673042859,0.9437166964214285,1.224027729,1.032126486255714,0.9941615067285716,1.0629880281214283,0.9655855939,0.8785709376557143,1.0000366677842858,1.008800112,1.01551559,0.1356004489,1.576388889,1.518333333,0.6370068027,0.4505446226242857,0.2849899219,0.2253240741,3.585559589014286,0.06878306878,0.038673363947,-0.6908796473,-0.01361536979,-0.06824024877,-0.008727819754,-0.006168074024560002,2.0183213696,0.9920025773,3.993947608,16.13367148,1.831460703,2.126285714285714,2885.568206,28.67165337,-3.6788834832285717,-2.257303159,0.1974802041,0.9838493295,-1.40387260699,-0.935126368,0.6544685748,-0.24821750480797142,0.32700071754399995,-0.13498761280071428,8.551568232771428,16.52595619,19.74647275,0.0,6.066367068,25.98020854,23.18219866,21.0894968215,0.8339410735,0.1789567949,57.25170822525714,0.1650354368,9.531400138,20.759931868514283,1.9059206056857143,21.95893118,0.42280435137142863,2.067772926,0.0,3.591622254285715,0.0,-0.0532321761,0.0,0.1671880880499286,5.64,5.316788604,4.794537184,32.57391056,6.616532068714286,6.9237372,18.44206969,4.878658717842858,2.483385735,3.791212276,0.0,0.7151996025571428,0.0,2.602376379,5.202865016,0.049557151214285715,0.0,0.0,0.0,92.79,4.381949493,6.303321409,4.367339315,0.0,0.8012119198542856,0.1110709264,0.0,29.89947947,0.4318181818
144.9111147,152.27942352428573,152.6172049,1.636881127,156.1405262,3.4309047647714284,155.5196823,3.864994026,3.404255319,2.7961807550428572,3.483164983,0.02486893947,49.02064596857142,0.48069877946999995,0.018859852175714283,0.6637931034,0.1846961226,1.6046717415428573,8.86857761,58.00176269057143,-8.048844056195716,-15.089078130157143,0.68682556727,-4.719285714285714,-0.4868797365,0.9113369665,7.008281684,1.400028722,1.9507554346857143,0.8789481886714284,0.00874,0.0,41.8666451816,6.448020180071429,0.019749238125485714,0.01781609195,0.7868459064728571,0.3602941176,0.4598621671,1.3788412,0.656724165282857,0.4854359058,1.1348176423885719,0.5393963713,0.8395543497,1.1180255929571428,1.08409351083,1.1279751734385712,0.6183445102,0.8535901243,1.0487113150085714,1.256335341,0.9547893666,1.00186403834,0.9625558532314287,0.9995297414,1.060593808,1.0591462997471426,1.0541421759200003,1.045803144,1.0243551266000002,1.1390753082442857,1.05762211,1.0625243417542856,0.9885241671057142,0.9145547845,1.265309165,1.021094184,1.0352609673042859,0.9437166964214285,0.8270946931,1.032126486255714,0.9941615067285716,1.0629880281214283,1.107892757,0.8785709376557143,1.0000366677842858,0.9207229439,0.8764434866,0.07356596266,2.111111111,1.891666667,0.6407256236,0.4505446226242857,0.3283100277,0.1693904321,3.585559589014286,0.07092198582,0.038673363947,-0.412963751,-0.1025235361,-0.02943812098,0.02323929416,-0.006168074024560002,2.0183213696,0.6977296968,15.04576359,28.1838859,1.669942317,2.126285714285714,2017.878406,27.26252556,-3.6788834832285717,-2.743629645,1.179422552,1.737297385,-1.40387260699,-0.4795100704,0.3163503859,-0.24821750480797142,0.32700071754399995,-0.13498761280071428,8.551568232771428,0.0,4.681802935,5.261891555,12.13273414,54.09438804,6.196843572,21.0894968215,0.807430943,0.1815233018,57.25170822525714,0.1117725772,9.473725908,20.759931868514283,1.9059206056857143,45.77039023,0.42280435137142863,0.0,0.0,3.591622254285715,0.0,-0.0532321761,0.0,0.1671880880499286,3.96,15.0329928,0.0,21.55740557,6.616532068714286,11.33111287,5.563451492,4.878658717842858,2.527327576,0.0,0.0,0.7151996025571428,0.0,0.0,10.85422445,0.049557151214285715,0.0,0.0,0.0,92.93,4.526851821,12.30371282,0.1612053627,0.0,0.8012119198542856,0.1079403259,0.0,31.00835773,0.6046511628
146.0578528,152.27942352428573,159.2047685,1.548291537,159.1758292,3.4309047647714284,157.2777911,3.280274657,3.230769231,2.7961807550428572,2.622574956,0.01716509848,49.02064596857142,0.48069877946999995,0.018859852175714283,0.6574074074,0.2524777201,1.6046717415428573,12.63090737,58.00176269057143,-8.048844056195716,-15.089078130157143,0.68682556727,-4.719285714285714,-0.3616985329,0.9779389747,7.008271333,0.6094207568,1.9507554346857143,0.8789481886714284,0.00406,0.0,41.8666451816,6.448020180071429,0.019749238125485714,0.03601532567,0.7868459064728571,0.3333333333,0.3647941893,1.655945169,0.656724165282857,0.455768004,1.1348176423885719,0.6428946382,0.8395543497,1.1180255929571428,1.08409351083,1.1279751734385712,0.5980853029,0.8652005636,1.0487113150085714,0.8743203012,0.864155282,1.00186403834,0.9625558532314287,0.8301245627,0.924212167,1.0591462997471426,1.0541421759200003,0.9591797521,1.0243551266000002,1.1390753082442857,1.102380514,1.0625243417542856,0.9885241671057142,1.232386589,1.295218685,1.349246658,1.0352609673042859,0.9437166964214285,1.557350358,1.032126486255714,0.9941615067285716,1.0629880281214283,1.024172594,0.8785709376557143,1.0000366677842858,1.017558682,1.321427476,0.09713906744,1.576388889,1.563333333,0.6483446712,0.4505446226242857,0.2988394432,0.1753240741,3.585559589014286,0.07407407407,0.038673363947,-0.5913930955,-0.09918943808,-0.01603483539,-0.1848502774,-0.006168074024560002,2.0183213696,0.9673252341,5.304130703,16.64290775,1.832447167,2.126285714285714,2575.179953,26.45092961,-3.6788834832285717,-1.965204645,0.5079986835,0.7970417317,-1.40387260699,-1.034096218,0.4570928663,-0.24821750480797142,0.32700071754399995,-0.13498761280071428,8.551568232771428,10.70155169,14.95193556,0.0,19.41092589,25.47729296,23.18219866,21.0894968215,0.8532075354,0.1594659942,57.25170822525714,0.1308176126,4.794537184,20.759931868514283,1.9059206056857143,21.95893118,0.42280435137142863,2.059960334,0.0,3.591622254285715,0.0,-0.0532321761,0.0,0.1671880880499286,6.49,5.316788604,0.0,32.38785022,6.616532068714286,6.9237372,36.07825012,4.878658717842858,2.491958451,4.045336169,0.0,0.7151996025571428,0.0,2.916417549,0.0,0.049557151214285715,0.0,0.0,0.0,83.56,4.420120051,1.094737645,4.688078339,0.0,0.8012119198542856,0.1224818131,0.0,29.55684488,0.4130434783
144.2487615,152.27942352428573,155.1327327,1.529854629,156.5978243,3.4309047647714284,154.7861711,2.739247312,2.763779528,2.7961807550428572,2.312661499,0.01757093037,49.02064596857142,0.48069877946999995,0.018859852175714283,0.6333333333,0.1854955342,1.6046717415428573,14.19544322,58.00176269057143,-8.048844056195716,-15.089078130157143,0.68682556727,-4.719285714285714,-0.5266281431,0.9877912755,3.514126327,1.435688978,1.9507554346857143,0.8789481886714284,0.000584,0.0,41.8666451816,6.448020180071429,0.019749238125485714,0.01584229391,0.7868459064728571,0.313225058,0.313277165,1.389697027,0.656724165282857,0.4996493259,1.1348176423885719,0.9262575707,0.8395543497,1.1180255929571428,1.08409351083,1.1279751734385712,0.9407337415,0.8697371636,1.0487113150085714,1.219011799,1.15696032,1.00186403834,0.9625558532314287,0.9691679685,1.203348943,1.0591462997471426,1.0541421759200003,1.031463497,1.0243551266000002,1.1390753082442857,1.125665171,1.0625243417542856,0.9885241671057142,1.125498439,1.192188852,1.200278299,1.0352609673042859,0.9437166964214285,0.7163086915,1.032126486255714,0.9941615067285716,1.0629880281214283,1.176219238,0.8785709376557143,1.0000366677842858,1.011711655,0.8414828203,0.1775329048,1.8125,1.6,0.6881632653,0.4505446226242857,0.2947845805,0.176875,3.585559589014286,0.06419753086,0.038673363947,-0.3911565367,-0.05953769335,-0.113062138,-0.08881351592,-0.006168074024560002,2.0183213696,1.062946883,14.82745572,25.18324594,1.757710861,2.126285714285714,1834.854313,23.21922173,-3.6788834832285717,-2.529925213,1.019966261,1.911103468,-1.40387260699,-0.7858473616,0.09961090892,-0.24821750480797142,0.32700071754399995,-0.13498761280071428,8.551568232771428,17.19295166,4.983978521,0.0,24.26546827,61.87549537,23.64452491,21.0894968215,0.9464858197,0.2129165051,57.25170822525714,0.0717373049,9.473725908,20.759931868514283,1.9059206056857143,28.63639149,0.42280435137142863,0.0,0.0,3.591622254285715,0.0,-0.0532321761,0.0,0.1671880880499286,5.32,14.79051451,11.37477255,17.07775458,6.616532068714286,13.8474744,11.25737949,4.878658717842858,2.416226907,5.672929043,0.0,0.7151996025571428,0.0,3.383440595,11.68448586,0.049557151214285715,0.0,0.0,0.0,56.27,4.505158566,11.68448586,4.014281032,1.658648011,0.8012119198542856,0.1091699815,0.0,34.0894592,0.4905660377
147.0132531,152.27942352428573,156.9001186,1.667940475,157.678053,3.4309047647714284,158.3164596,2.962623796,3.5,2.7961807550428572,2.901608679,0.01444276483,49.02064596857142,0.48069877946999995,0.018859852175714283,0.6666666667,0.2191237024,1.6046717415428573,8.401991852,58.00176269057143,-8.048844056195716,-15.089078130157143,0.68682556727,-4.719285714285714,-0.3836346177,0.99294184,8.001919132,0.6049849127,1.9507554346857143,0.8789481886714284,0.00405,0.0,41.8666451816,6.448020180071429,0.019749238125485714,0.016968766,0.7868459064728571,0.3374877009,0.4312945699,1.581313348,0.656724165282857,0.4847586447,1.1348176423885719,0.5777208927,0.8395543497,1.1180255929571428,1.08409351083,1.1279751734385712,0.6225355015,0.8491981352,1.0487113150085714,1.013559936,1.053915892,1.00186403834,0.9625558532314287,0.9879303619,1.066417363,1.0591462997471426,1.0541421759200003,1.274207815,1.0243551266000002,1.1390753082442857,1.076305354,1.0625243417542856,0.9885241671057142,1.419282925,1.056333682,1.047257632,1.0352609673042859,0.9437166964214285,1.120064557,1.032126486255714,0.9941615067285716,1.0629880281214283,1.164805311,0.8785709376557143,1.0000366677842858,0.9148333759,0.5926583602,0.1695724926,1.729166667,1.797777778,0.614829932,0.4505446226242857,0.2711404006,0.244691358,3.585559589014286,0.06018518519,0.038673363947,-0.5477254325,-0.03427516813,-0.1024867316,0.06490874254,-0.006168074024560002,2.0183213696,0.978927994,11.86652881,23.88832352,1.437293656,2.126285714285714,2572.048501,25.40396062,-3.6788834832285717,-2.793950429,0.2944533067,1.813198141,-1.40387260699,-0.585039628,0.2487880678,-0.24821750480797142,0.32700071754399995,-0.13498761280071428,8.551568232771428,17.8496842,19.37571083,5.425791397,35.61190719,42.82867707,24.01174382,21.0894968215,0.8282324146,0.1638231171,57.25170822525714,0.1012809882,4.390415048,20.759931868514283,1.9059206056857143,11.38785599,0.42280435137142863,0.0,0.0,3.591622254285715,0.0,-0.0532321761,7.397627547,0.1671880880499286,4.25,10.74258,9.521973528,21.31540493,6.616532068714286,18.90673365,16.13452668,4.878658717842858,2.478964104,1.958451573,0.0,0.7151996025571428,0.0,3.313452381,0.0,0.049557151214285715,0.0,1.738445302,0.0,67.51,4.505698205,13.48030755,2.438124717,0.0,0.8012119198542856,0.1146045727,0.0,30.03797401,0.5957446809
150.4109527,152.27942352428573,161.0048466,1.597344164,162.5714088,3.4309047647714284,159.5578563,3.447553727,3.0,2.7961807550428572,3.346129996,0.01993550183,49.02064596857142,0.48069877946999995,0.018859852175714283,0.6785714286,0.1797058126,1.6046717415428573,9.346938776,58.00176269057143,-8.048844056195716,-15.089078130157143,0.68682556727,-4.719285714285714,-0.3865783902,0.9776445192,8.001919628,1.304328602,1.9507554346857143,0.8789481886714284,0.0121,5.817220841,41.8666451816,6.448020180071429,0.019749238125485714,0.03849206349,0.7868459064728571,0.3702770781,0.4123642394,1.569890389,0.656724165282857,0.4457377303,1.1348176423885719,0.5498493391,0.8395543497,1.1180255929571428,1.08409351083,1.1279751734385712,0.6052485204,0.812711915,1.0487113150085714,1.126226292,0.9643214542,1.00186403834,0.9625558532314287,0.9037582254,1.209269663,1.0591462997471426,1.0541421759200003,0.9284951057,1.0243551266000002,1.1390753082442857,1.15235137,1.0625243417542856,0.9885241671057142,1.002590506,1.049580336,1.046233163,1.0352609673042859,0.9437166964214285,1.018159849,1.032126486255714,0.9941615067285716,1.0629880281214283,1.03511525,0.8785709376557143,1.0000366677842858,0.9025845016,0.8650763447,0.1976349352,2.125,1.738888889,0.5968253968,0.4505446226242857,0.2380794911,0.24125,3.585559589014286,0.07575757576,0.038673363947,-0.5404631453,-0.04922749659,-0.03991920991,-0.09479822489,-0.006168074024560002,2.0183213696,0.6541964286,7.83022589,21.18674185,1.299373151,2.126285714285714,1399.028967,24.50168415,-3.6788834832285717,-2.010503948,0.2342358519,1.57792771,-1.40387260699,-0.6873477765,0.3363142826,-0.24821750480797142,0.32700071754399995,-0.13498761280071428,8.551568232771428,16.85062228,9.184952232,9.780484743,11.60093989,36.39820241,35.71483021,21.0894968215,0.8170086648,0.1584159042,57.25170822525714,0.1532468896,9.184952232,20.759931868514283,1.9059206056857143,11.25737949,0.42280435137142863,1.081401467,0.0,3.591622254285715,0.0,-0.0532321761,0.0,0.1671880880499286,2.78,10.63357721,20.55972478,32.82722828,6.616532068714286,5.817220841,0.0,4.878658717842858,2.475439514,1.521821937,5.98535589,0.7151996025571428,0.0,5.754883742,0.0,0.049557151214285715,0.0,0.0,0.0,84.73,4.23232078,15.4035518,0.0,1.521821937,0.8012119198542856,0.08765981412,0.0,31.75786126,0.5238095238
144.8464238,152.27942352428573,158.4877891,1.495942458,153.0409286,3.4309047647714284,159.2091834,2.526378897,2.788321168,2.7961807550428572,2.265065913,0.01224376414,49.02064596857142,0.48069877946999995,0.018859852175714283,0.6517857143,0.2283352175,1.6046717415428573,17.2336,58.00176269057143,-8.048844056195716,-15.089078130157143,0.68682556727,-4.719285714285714,-0.5229839381,0.9878157192,3.510570586,1.343863662,1.9507554346857143,0.8789481886714284,0.00519,0.0,41.8666451816,6.448020180071429,0.019749238125485714,0.0,0.7868459064728571,0.364764268,0.2755952698,1.222994644,0.656724165282857,0.4080596646,1.1348176423885719,0.8013125689,0.8395543497,1.1180255929571428,1.08409351083,1.1279751734385712,0.883936711,0.8546782519,1.0487113150085714,1.161540241,1.163432179,1.00186403834,0.9625558532314287,0.7581009069,1.382399229,1.0591462997471426,1.0541421759200003,0.9893831232,1.0243551266000002,1.1390753082442857,1.05447993,1.0625243417542856,0.9885241671057142,0.8302582398,1.043021965,1.060325802,1.0352609673042859,0.9437166964214285,0.7403840651,1.032126486255714,0.9941615067285716,1.0629880281214283,1.04052498,0.8785709376557143,1.0000366677842858,1.069451491,1.091964846,0.07835935109,1.944444444,1.818888889,0.6531972789,0.4505446226242857,0.2867220962,0.177191358,3.585559589014286,0.07246376812,0.038673363947,-0.2416839159,-0.06203098523,-0.05803984264,0.008073194133,-0.006168074024560002,2.0183213696,1.291380412,13.73277723,27.60406272,1.886233569,2.126285714285714,2193.977233,20.6437026,-3.6788834832285717,-2.599943524,1.564951289,1.751890485,-1.40387260699,-0.7743182072,-0.04093873715,-0.24821750480797142,0.32700071754399995,-0.13498761280071428,8.551568232771428,11.44343983,4.983978521,5.098681808,18.19910121,56.51803741,29.38520368,21.0894968215,0.9582446066,0.2712586037,57.25170822525714,0.07719803404,4.736862954,20.759931868514283,1.9059206056857143,28.26427081,0.42280435137142863,2.149387791,0.0,3.591622254285715,0.0,-0.0532321761,0.0,0.1671880880499286,4.93,4.736862954,0.0,26.35532375,6.616532068714286,6.9237372,24.73241481,4.878658717842858,2.555078771,3.9719429,0.0,0.7151996025571428,0.0,0.0,5.664938443,0.049557151214285715,0.0,0.0,0.0,52.83,4.432375033,7.811105378,5.565452274,0.0,0.8012119198542856,0.1570351599,0.0,26.3550291,0.48
145.5322426,152.27942352428573,154.5260803,1.541613285,161.4299729,3.4309047647714284,154.9897587,2.551318267,2.583941606,2.7961807550428572,2.09741784,0.006701377923,49.02064596857142,0.48069877946999995,0.018859852175714283,0.63,0.2463572446,1.6046717415428573,19.07830071,58.00176269057143,-8.048844056195716,-15.089078130157143,0.68682556727,-4.719285714285714,-0.4349775878,0.9915107246,3.042073608,1.134637089,1.9507554346857143,0.8789481886714284,0.00782,0.0,41.8666451816,6.448020180071429,0.019749238125485714,0.0,0.7868459064728571,0.3636363636,0.2767228595,1.217148304,0.656724165282857,0.4223354958,1.1348176423885719,0.9681448924,0.8395543497,1.1180255929571428,1.08409351083,1.1279751734385712,0.6281198108,0.772943613,1.0487113150085714,1.159317422,1.120173,1.00186403834,0.9625558532314287,1.122866966,1.038062284,1.0591462997471426,1.0541421759200003,0.9389028316,1.0243551266000002,1.1390753082442857,1.201633404,1.0625243417542856,0.9885241671057142,1.241258967,1.442613336,1.403659383,1.0352609673042859,0.9437166964214285,1.062233389,1.032126486255714,0.9941615067285716,1.0629880281214283,1.226628322,0.8785709376557143,1.0000366677842858,1.068351162,1.326857732,0.0,2.958333333,1.909444444,0.9389569161,0.4505446226242857,0.3038548753,0.0625,3.585559589014286,0.07751937984,0.038673363947,-0.1691533402,-0.006512383481,-0.1038867918,-0.1268038675,-0.006168074024560002,2.0183213696,1.313801965,5.189898142,16.6380053,1.881884448,2.126285714285714,1666.421116,18.4951808,-3.6788834832285717,-2.338647341,1.030150518,0.8763296799,-1.40387260699,-0.4940274022,-0.1527621895,-0.24821750480797142,0.32700071754399995,-0.13498761280071428,8.551568232771428,5.693927995,0.0,5.098681808,26.83757867,49.09138463,35.61081351,21.0894968215,0.9603202782,0.1928552892,57.25170822525714,0.08568810238,0.0,20.759931868514283,1.9059206056857143,22.51475897,0.42280435137142863,0.0,0.0,3.591622254285715,0.0,-0.0532321761,0.0,0.1671880880499286,4.69,0.0,0.0,19.74844179,6.616532068714286,19.26246487,43.77090163,4.878658717842858,2.598536944,11.00297337,0.0,0.7151996025571428,0.0,0.0,0.0,0.049557151214285715,0.4324357521,0.0,0.2060728458,43.6,4.112844703,2.189591837,11.93985971,0.0,0.8012119198542856,0.4665289338,0.1020620726,28.85512551,0.4081632653
147.0552359,152.27942352428573,156.1162666,1.56606309,160.0140535,3.4309047647714284,157.6679597,4.445011338,3.166666667,2.7961807550428572,4.375816993,0.01920828775,49.02064596857142,0.48069877946999995,0.018859852175714283,0.6206896552,0.1800091533,1.6046717415428573,9.21642562,58.00176269057143,-8.048844056195716,-15.089078130157143,0.68682556727,-4.719285714285714,-0.4023963473,0.9726938403,8.002963604,1.394802091,1.9507554346857143,0.8789481886714284,0.00395,23.10088831,41.8666451816,6.448020180071429,0.019749238125485714,0.05354064039,0.7868459064728571,0.4018426648,0.5256126869,1.50297978,0.656724165282857,0.4321890093,1.1348176423885719,0.57249479,0.8395543497,1.1180255929571428,1.08409351083,1.1279751734385712,0.5472337755,0.9512244273,1.0487113150085714,1.17371594,1.002205507,1.00186403834,0.9625558532314287,0.995102988,1.007446964,1.0591462997471426,1.0541421759200003,1.015850386,1.0243551266000002,1.1390753082442857,1.052315782,1.0625243417542856,0.9885241671057142,0.898234129,1.256477961,0.9896779382,1.0352609673042859,0.9437166964214285,0.675819152,1.032126486255714,0.9941615067285716,1.0629880281214283,1.111650088,0.8785709376557143,1.0000366677842858,1.087623399,1.011572101,0.1693704724,2.541666667,2.056666667,0.7779138322,0.4505446226242857,0.4142258755,0.290625,3.585559589014286,0.08695652174,0.038673363947,-0.5373378531,-0.1255792371,0.03696735665,0.05497175759,-0.006168074024560002,2.0183213696,0.4429714664,13.93683421,29.75833961,1.235017671,2.126285714285714,1789.43914,22.10739849,-3.6788834832285717,-2.284338899,1.255668883,2.084039715,-1.40387260699,-0.5608146339,0.299912011,-0.24821750480797142,0.32700071754399995,-0.13498761280071428,8.551568232771428,11.63444168,13.46263303,0.0,24.26546827,54.09438804,11.12690298,21.0894968215,0.6912728181,0.1555775557,57.25170822525714,0.118827496,13.57536728,20.759931868514283,1.9059206056857143,28.07166874,0.42280435137142863,0.0,0.0,3.591622254285715,0.0,-0.0532321761,0.0,0.1671880880499286,4.69,11.29293437,8.780830095,15.68766447,6.616532068714286,11.63444168,10.35798868,4.878658717842858,2.525338955,0.0,0.0,0.7151996025571428,0.0,0.0,0.0,0.049557151214285715,0.0,0.0,0.0,80.88,4.403136561,29.0938682,0.0,0.0,0.8012119198542856,0.131346577,0.0,37.8919591,0.5227272727
148.7144744,152.27942352428573,158.2270532,1.532004255,160.5793272,3.4309047647714284,162.0675059,2.913291796,3.11965812,2.7961807550428572,2.608134921,0.01512289503,49.02064596857142,0.48069877946999995,0.018859852175714283,0.675,0.2153263677,1.6046717415428573,11.82852749,58.00176269057143,-8.048844056195716,-15.089078130157143,0.68682556727,-4.719285714285714,-0.38328166,0.9929414619,3.057287549,1.434202526,1.9507554346857143,0.8789481886714284,0.02,0.0,41.8666451816,6.448020180071429,0.019749238125485714,0.03083333333,0.7868459064728571,0.3426573427,0.3673626516,1.600987535,0.656724165282857,0.48468849,1.1348176423885719,0.9030857354,0.8395543497,1.1180255929571428,1.08409351083,1.1279751734385712,0.7605897659,0.8739240173,1.0487113150085714,1.043017464,1.117846798,1.00186403834,0.9625558532314287,1.028429083,0.992012404,1.0591462997471426,1.0541421759200003,1.039393081,1.0243551266000002,1.1390753082442857,0.9063867099,1.0625243417542856,0.9885241671057142,1.419409606,0.9838084421,1.048145151,1.0352609673042859,0.9437166964214285,1.234855012,1.032126486255714,0.9941615067285716,1.0629880281214283,0.9539205299,0.8785709376557143,1.0000366677842858,1.077895103,0.8027623524,0.2026303438,1.479166667,1.797777778,0.5723809524,0.4505446226242857,0.2590230537,0.211882716,3.585559589014286,0.06481481481,0.038673363947,-0.5002492977,0.1872527403,-0.02174274371,-0.06618720033,-0.006168074024560002,2.0183213696,1.23346881,11.91630315,24.29046293,1.986970789,2.126285714285714,1775.101084,25.85935857,-3.6788834832285717,-2.484321492,0.8571832799,1.177150037,-1.40387260699,-0.8421257782,0.07559277016,-0.24821750480797142,0.32700071754399995,-0.13498761280071428,8.551568232771428,12.16293986,14.98529578,5.425791397,29.8385728,44.18896278,23.15437369,21.0894968215,0.8809788871,0.1612723038,57.25170822525714,0.09431792027,0.0,20.759931868514283,1.9059206056857143,11.38785599,0.42280435137142863,0.0,0.0,3.591622254285715,0.0,-0.0532321761,7.434471211,0.1671880880499286,3.24,10.74258,5.687386275,26.29938345,6.616532068714286,20.01325001,22.77571198,4.878658717842858,2.478903901,4.066000909,0.0,0.7151996025571428,0.0,3.426799624,0.0,0.049557151214285715,0.0,1.751677348,0.0,83.3,4.498947703,0.0,4.642832605,0.0,0.8012119198542856,0.06365387513,0.0,27.76419866,0.5490196078
147.5967449,152.27942352428573,157.5778633,1.485628527,158.8021311,3.4309047647714284,160.1577461,2.900858175,3.1640625,2.7961807550428572,2.772569444,0.02531805969,49.02064596857142,0.48069877946999995,0.018859852175714283,0.6666666667,0.2070298978,1.6046717415428573,12.84056122,58.00176269057143,-8.048844056195716,-15.089078130157143,0.68682556727,-4.719285714285714,-0.4868866713,0.9729224913,7.008276949,1.424213939,1.9507554346857143,0.8789481886714284,0.00756,5.907179729,41.8666451816,6.448020180071429,0.019749238125485714,0.05733005733,0.7868459064728571,0.3548387097,0.3863619115,1.612944642,0.656724165282857,0.4959842605,1.1348176423885719,0.7836193035,0.8395543497,1.1180255929571428,1.08409351083,1.1279751734385712,0.5940282103,0.9025015269,1.0487113150085714,1.134493685,1.100221619,1.00186403834,0.9625558532314287,0.9624173122,0.9926006136,1.0591462997471426,1.0541421759200003,1.068357346,1.0243551266000002,1.1390753082442857,0.8840556274,1.0625243417542856,0.9885241671057142,0.7662450433,1.010031649,0.9201953113,1.0352609673042859,0.9437166964214285,1.147745334,1.032126486255714,0.9941615067285716,1.0629880281214283,0.9709364693,0.8785709376557143,1.0000366677842858,1.016467124,0.8414811931,0.2549760229,1.729166667,1.917777778,0.6131972789,0.4505446226242857,0.3084057697,0.221882716,3.585559589014286,0.06837606838,0.038673363947,-0.5648609039,-0.0125664041,0.07890751009,-0.08917231483,-0.006168074024560002,2.0183213696,1.007363274,13.68110042,30.23940689,1.690914394,2.126285714285714,3171.239637,32.98258019,-3.6788834832285717,-2.841932038,1.166248501,1.913257985,-1.40387260699,-0.890832582,0.2383026139,-0.24821750480797142,0.32700071754399995,-0.13498761280071428,8.551568232771428,5.824404498,4.983978521,0.0,12.99010427,61.01812524,22.50821725,21.0894968215,0.7831370653,0.1422704829,57.25170822525714,0.07784742295,14.26826309,20.759931868514283,1.9059206056857143,34.14425914,0.42280435137142863,0.0,0.0,3.591622254285715,0.0,-0.0532321761,0.0,0.1671880880499286,4.55,20.52418199,5.687386275,27.6520576,6.616532068714286,0.0,28.80005837,4.878658717842858,2.480081368,2.080033024,0.0,0.7151996025571428,0.0,3.323818237,11.00887229,0.049557151214285715,0.0,0.0,0.0,115.15,4.57156931,11.00887229,2.757574476,0.0,0.8012119198542856,0.0822774992,0.0,31.09121391,0.5
143.0831174,152.27942352428573,152.9262545,1.642406372,156.3068326,3.4309047647714284,157.3923172,2.875,3.398230088,2.7961807550428572,2.743295019,0.008293624389,49.02064596857142,0.48069877946999995,0.018859852175714283,0.6290322581,0.1817506082,1.6046717415428573,9.9336,58.00176269057143,-8.048844056195716,-15.089078130157143,0.68682556727,-4.719285714285714,-0.4294243985,0.9113367049,6.027276355,1.417033027,1.9507554346857143,0.8789481886714284,0.0012,0.0,41.8666451816,6.448020180071429,0.019749238125485714,0.0,0.7868459064728571,0.3266666667,0.385977876,1.119614768,0.656724165282857,0.4797786292,1.1348176423885719,0.5350823045,0.8395543497,1.1180255929571428,1.08409351083,1.1279751734385712,0.5254419192,0.8704842323,1.0487113150085714,1.027146811,1.066816817,1.00186403834,0.9625558532314287,1.022110785,1.164971022,1.0591462997471426,1.0541421759200003,0.9992655869,1.0243551266000002,1.1390753082442857,1.108677643,1.0625243417542856,0.9885241671057142,1.293366728,1.102169349,1.15158046,1.0352609673042859,0.9437166964214285,0.8846832365,1.032126486255714,0.9941615067285716,1.0629880281214283,1.001904341,0.8785709376557143,1.0000366677842858,1.003481291,0.8094588123,0.1610039792,1.909722222,1.785,0.7356462585,0.4505446226242857,0.3441751701,0.273125,3.585559589014286,0.05442176871,0.038673363947,-0.1779764776,-0.07877877878,-0.137797619,0.1088355106,-0.006168074024560002,2.0183213696,1.065584898,22.25607564,32.77124234,1.803063462,2.126285714285714,2295.766178,26.95382491,-3.6788834832285717,-2.335577368,0.630870347,1.708844506,-1.40387260699,-1.048251297,0.2298074409,-0.24821750480797142,0.32700071754399995,-0.13498761280071428,8.551568232771428,5.693927995,0.0,10.36057336,30.33183534,60.51520966,29.03729084,21.0894968215,0.9635242893,0.1517475095,57.25170822525714,0.06735872175,0.0,20.759931868514283,1.9059206056857143,28.58398029,0.42280435137142863,2.041494094,0.0,3.591622254285715,0.0,-0.0532321761,0.0,0.1671880880499286,5.33,0.0,0.0,19.74844179,6.616532068714286,18.25485007,16.82083098,4.878658717842858,2.479001939,1.981398874,0.0,0.7151996025571428,0.0,0.0,0.0,0.049557151214285715,0.0,0.0,0.0,67.39,4.631280891,1.915285809,2.554288299,0.0,0.8012119198542856,0.0761440227,0.0,30.56605905,0.56
144.226992,152.27942352428573,156.5061101,1.609560206,157.7740327,3.4309047647714284,159.4458081,3.028034979,3.462962963,2.7961807550428572,2.929526749,0.0119572228,49.02064596857142,0.48069877946999995,0.018859852175714283,0.6532258065,0.1788392674,1.6046717415428573,9.635985006,58.00176269057143,-8.048844056195716,-15.089078130157143,0.68682556727,-4.719285714285714,-0.3984033315,0.9113367049,6.027276489,1.401259818,1.9507554346857143,0.8789481886714284,0.00336,0.0,41.8666451816,6.448020180071429,0.019749238125485714,0.01491935484,0.7868459064728571,0.3355704698,0.3988873239,1.422910132,0.656724165282857,0.4502277163,1.1348176423885719,0.5793055915,0.8395543497,1.1180255929571428,1.08409351083,1.1279751734385712,0.5326537114,0.9146784534,1.0487113150085714,0.9867521659,1.073799549,1.00186403834,0.9625558532314287,0.9587382348,1.178341075,1.0591462997471426,1.0541421759200003,0.9828998619,1.0243551266000002,1.1390753082442857,1.068965517,1.0625243417542856,0.9885241671057142,1.483774085,1.088888889,1.125159642,1.0352609673042859,0.9437166964214285,0.9086790903,1.032126486255714,0.9941615067285716,1.0629880281214283,0.9685689506,0.8785709376557143,1.0000366677842858,0.9394340769,0.942837815,0.1610039792,1.909722222,1.785,0.7356462585,0.4505446226242857,0.3441751701,0.273125,3.585559589014286,0.05442176871,0.038673363947,-0.4564159634,-0.08945088397,-0.1396992502,0.1177349343,-0.006168074024560002,2.0183213696,1.012751919,16.1175846,30.30889664,1.757726527,2.126285714285714,2500.570209,30.65739048,-3.6788834832285717,-2.362502928,0.6173880409,1.951043149,-1.40387260699,-0.9122324535,0.1370880277,-0.24821750480797142,0.32700071754399995,-0.13498761280071428,8.551568232771428,11.51833249,9.967957042,5.261891555,18.19910121,61.01812524,18.31159319,21.0894968215,0.9270493051,0.1657447437,57.25170822525714,0.0818752694,0.0,20.759931868514283,1.9059206056857143,28.84493329,0.42280435137142863,1.652760156,0.0,3.591622254285715,0.0,-0.0532321761,0.0,0.1671880880499286,5.8,0.0,0.0,24.9198926,6.616532068714286,18.25485007,22.64523548,4.878658717842858,2.479001939,1.966057321,0.0,0.7151996025571428,0.0,0.0,0.0,0.049557151214285715,0.0,0.0,0.0,91.14,4.631280891,0.0,1.966057321,0.0,0.8012119198542856,0.06121327886,0.0,31.93238853,0.5714285714
143.9739518,152.27942352428573,153.0548419,1.858157958,152.351071,3.4309047647714284,154.6114403,2.973381671,2.935483871,2.7961807550428572,2.701956674,0.01492122814,49.02064596857142,0.48069877946999995,0.018859852175714283,0.652173913,0.1877317429,1.6046717415428573,6.123702422,58.00176269057143,-8.048844056195716,-15.089078130157143,0.68682556727,-4.719285714285714,-0.3944131821,0.9929419474,4.005274654,0.6050198846,1.9507554346857143,0.8789481886714284,0.00399,0.0,41.8666451816,6.448020180071429,0.019749238125485714,0.04087784679,0.7868459064728571,0.343417825,0.5097904863,1.621491961,0.656724165282857,0.5861304209,1.1348176423885719,1.134996113,0.8395543497,1.1180255929571428,1.08409351083,1.1279751734385712,0.847816524,0.8270493719,1.0487113150085714,1.035227037,1.036789788,1.00186403834,0.9625558532314287,0.9325094015,1.208998549,1.0591462997471426,1.0541421759200003,1.030876361,1.0243551266000002,1.1390753082442857,1.068253418,1.0625243417542856,0.9885241671057142,1.413549912,0.9951620706,1.134772598,1.0352609673042859,0.9437166964214285,1.261908157,1.032126486255714,0.9941615067285716,1.0629880281214283,0.9862004227,0.8785709376557143,1.0000366677842858,0.9418063223,0.8261943039,0.06172839506,1.284722222,1.517777778,0.4301587302,0.4505446226242857,0.1352985639,0.0725,3.585559589014286,0.07207207207,0.038673363947,-0.6333730612,0.1514258902,-0.2006727667,-0.07218187571,-0.006168074024560002,2.0183213696,0.96336446,8.462470418,19.69219069,1.757452657,2.126285714285714,2051.322224,24.78872935,-3.6788834832285717,-2.272945135,-0.112705499,1.063136673,-1.40387260699,-0.5631071972,0.275493331,-0.24821750480797142,0.32700071754399995,-0.13498761280071428,8.551568232771428,0.0,9.967957042,0.0,35.07045991,36.39820241,16.78292838,21.0894968215,0.8814507007,0.2342784951,57.25170822525714,0.1128875401,0.0,20.759931868514283,1.9059206056857143,21.82845468,0.42280435137142863,1.709081227,0.0,3.591622254285715,0.0,-0.0532321761,0.0,0.1671880880499286,4.96,5.733667477,5.13155848,14.95193556,6.616532068714286,0.0,0.0,4.878658717842858,2.465643417,0.0,5.964692814,0.7151996025571428,0.0,0.0,0.0,0.049557151214285715,0.0,0.0,0.0,64.69,4.283921669,0.0,0.0,0.0,0.8012119198542856,0.1090616971,0.0,30.03943921,0.6176470588
147.8576336,152.27942352428573,158.8781108,1.661766559,160.684604,3.4309047647714284,159.362657,3.231040564,3.5625,2.7961807550428572,3.106995885,0.01595587589,49.02064596857142,0.48069877946999995,0.018859852175714283,0.6693548387,0.2166534607,1.6046717415428573,9.349932096,58.00176269057143,-8.048844056195716,-15.089078130157143,0.68682556727,-4.719285714285714,-0.3836349625,0.9925445055,8.003004566,0.6049847752,1.9507554346857143,0.8789481886714284,0.00291,11.63444168,41.8666451816,6.448020180071429,0.019749238125485714,0.01743471582,0.7868459064728571,0.3647475072,0.4678099884,1.529575001,0.656724165282857,0.4385985993,1.1348176423885719,0.5349663017,0.8395543497,1.1180255929571428,1.08409351083,1.1279751734385712,0.6209469118,0.8361368736,1.0487113150085714,1.078939469,0.9790098329,1.00186403834,0.9625558532314287,0.9623167871,1.055079684,1.0591462997471426,1.0541421759200003,1.267573593,1.0243551266000002,1.1390753082442857,1.094296231,1.0625243417542856,0.9885241671057142,1.257509889,0.9884558235,0.9776112059,1.0352609673042859,0.9437166964214285,1.081710314,1.032126486255714,0.9941615067285716,1.0629880281214283,1.168932448,0.8785709376557143,1.0000366677842858,0.8781389542,0.5561428657,0.2275257627,2.041666667,1.908888889,0.614829932,0.4505446226242857,0.3699058327,0.284691358,3.585559589014286,0.07555555556,0.038673363947,-0.5088455435,-0.0820878804,-0.05698237828,0.04028000862,-0.006168074024560002,2.0183213696,0.8867723818,9.823552408,23.86358443,1.099330693,2.126285714285714,2599.830376,28.29158396,-3.6788834832285717,-2.583451918,0.7429403579,1.892927879,-1.40387260699,-0.6130626846,0.3670265672,-0.24821750480797142,0.32700071754399995,-0.13498761280071428,8.551568232771428,12.03246336,23.76612587,5.425791397,35.61190719,31.19885851,29.57519531,21.0894968215,0.7885187336,0.1534625213,57.25170822525714,0.09490509593,8.780830095,20.759931868514283,1.9059206056857143,11.38785599,0.42280435137142863,0.0,0.0,3.591622254285715,0.0,-0.0532321761,7.206416412,0.1671880880499286,4.67,10.74258,13.91238858,21.31540493,6.616532068714286,24.72395449,16.13452668,4.878658717842858,2.479665346,1.919539727,0.0,0.7151996025571428,0.0,3.114285714,0.0,0.049557151214285715,0.0,1.692191859,0.0,67.51,4.592143098,27.5406754,2.029999908,0.0,0.8012119198542856,0.1442023177,0.0,31.83179984,0.5957446809
147.3991036,152.27942352428573,154.2576256,1.617923678,161.9265127,3.4309047647714284,160.0736553,2.733560091,2.888888889,2.7961807550428572,3.03480589,0.01285467479,49.02064596857142,0.48069877946999995,0.018859852175714283,0.67,0.1903330472,1.6046717415428573,15.08673469,58.00176269057143,-8.048844056195716,-15.089078130157143,0.68682556727,-4.719285714285714,-0.4341321577,0.9777152688,7.008279652,1.400895413,1.9507554346857143,0.8789481886714284,0.0339,0.0,41.8666451816,6.448020180071429,0.019749238125485714,0.0,0.7868459064728571,0.4056338028,0.3282079126,1.504656611,0.656724165282857,0.3833055092,1.1348176423885719,0.58868143,0.8395543497,1.1180255929571428,1.08409351083,1.1279751734385712,0.5910551455,0.7017415548,1.0487113150085714,1.176410592,1.064435043,1.00186403834,0.9625558532314287,1.026803091,1.173759526,1.0591462997471426,1.0541421759200003,0.8367400712,1.0243551266000002,1.1390753082442857,1.06883267,1.0625243417542856,0.9885241671057142,0.7304488471,1.063807911,0.9912652039,1.0352609673042859,0.9437166964214285,0.9027343364,1.032126486255714,0.9941615067285716,1.0629880281214283,1.206700908,0.8785709376557143,1.0000366677842858,0.8202981361,1.396988737,0.07846138149,2.0625,1.78,0.6970975057,0.4505446226242857,0.2297808012,0.14125,3.585559589014286,0.08672086721,0.038673363947,-0.480852615,-0.0779251144,-0.05781279077,0.1696048632,-0.006168074024560002,2.0183213696,1.017009637,6.471547555,18.20753213,1.538202089,2.126285714285714,1320.599449,22.8521175,-3.6788834832285717,-1.894601042,0.8496142056,1.153068004,-1.40387260699,-0.5375911895,0.289670415,-0.24821750480797142,0.32700071754399995,-0.13498761280071428,8.551568232771428,0.0,14.64975998,5.098681808,12.13273414,43.67639416,18.30505147,21.0894968215,0.8671669724,0.1743234778,57.25170822525714,0.1503949091,0.0,20.759931868514283,1.9059206056857143,17.07524226,0.42280435137142863,1.274166982,0.0,3.591622254285715,0.0,-0.0532321761,0.0,0.1671880880499286,2.94,5.559266895,0.0,24.31554143,6.616532068714286,13.8474744,11.25737949,4.878658717842858,2.492035489,5.651512663,0.0,0.7151996025571428,0.0,0.0,0.0,0.049557151214285715,0.0,0.0,0.0,65.6,4.487359145,3.294369174,3.949514277,1.701998386,0.8012119198542856,0.1344810761,0.0,26.04224331,0.5
146.0578528,152.27942352428573,159.9350345,1.561155083,157.6264411,3.4309047647714284,157.3129716,2.618634259,3.070707071,2.7961807550428572,2.634130658,0.01620156269,49.02064596857142,0.48069877946999995,0.018859852175714283,0.6574074074,0.2473579341,1.6046717415428573,11.63090737,58.00176269057143,-8.048844056195716,-15.089078130157143,0.68682556727,-4.719285714285714,-0.3640315676,0.9779111491,7.008271111,0.6094207569,1.9507554346857143,0.8789481886714284,0.0161,0.0,41.8666451816,6.448020180071429,0.019749238125485714,0.03601532567,0.7868459064728571,0.3333333333,0.3676936024,1.610225786,0.656724165282857,0.4769528305,1.1348176423885719,0.6434435879,0.8395543497,1.1180255929571428,1.08409351083,1.1279751734385712,0.6139651609,0.8652005636,1.0487113150085714,0.977774463,1.197549556,1.00186403834,0.9625558532314287,0.8218864025,1.044091233,1.0591462997471426,1.0541421759200003,0.9962458505,1.0243551266000002,1.1390753082442857,1.004620283,1.0625243417542856,0.9885241671057142,1.254295568,1.072121122,1.05908195,1.0352609673042859,0.9437166964214285,1.091604111,1.032126486255714,0.9941615067285716,1.0629880281214283,1.042686725,0.8785709376557143,1.0000366677842858,0.9885781782,0.8837289492,0.1356004489,1.576388889,1.518333333,0.6370068027,0.4505446226242857,0.2849899219,0.2253240741,3.585559589014286,0.06878306878,0.038673363947,-0.5778642928,0.06283080431,-0.05747209266,-0.0126992477,-0.006168074024560002,2.0183213696,1.047558133,5.488817875,18.33738983,1.851460703,2.126285714285714,3074.962331,29.63745681,-3.6788834832285717,-2.65206635,0.3596462012,0.5536116794,-1.40387260699,-0.660343363,0.6871010674,-0.24821750480797142,0.32700071754399995,-0.13498761280071428,8.551568232771428,16.52595619,14.95193556,0.0,6.066367068,25.98020854,36.02384191,21.0894968215,0.8713565536,0.1683340252,57.25170822525714,0.1038885657,4.794537184,20.759931868514283,1.9059206056857143,21.95893118,0.42280435137142863,2.123714284,0.0,3.591622254285715,0.0,-0.0532321761,0.0,0.1671880880499286,6.49,5.316788604,0.0,32.38785022,6.616532068714286,6.9237372,24.86289132,4.878658717842858,2.483385735,3.895903634,0.0,0.7151996025571428,0.0,2.824598601,0.0,0.049557151214285715,0.0,0.0,0.0,83.56,4.381949493,1.131706392,4.535530137,0.0,0.8012119198542856,0.1110709264,0.0,29.55684488,0.4130434783
143.7896721,152.27942352428573,152.3103804,1.677420942,158.0852997,3.4309047647714284,153.4832998,2.671010517,2.923076923,2.7961807550428572,2.805578938,0.01772725376,49.02064596857142,0.48069877946999995,0.018859852175714283,0.6346153846,0.1807095864,1.6046717415428573,9.503401361,58.00176269057143,-8.048844056195716,-15.089078130157143,0.68682556727,-4.719285714285714,-0.3818395905,0.9929531552,6.002808249,1.304464196,1.9507554346857143,0.8789481886714284,0.000836,0.0,41.8666451816,6.448020180071429,0.019749238125485714,0.03585818943,0.7868459064728571,0.3530070975,0.4395766336,1.367957858,0.656724165282857,0.581361142,1.1348176423885719,0.9859012343,0.8395543497,1.1180255929571428,1.08409351083,1.1279751734385712,0.6563158189,0.8577817207,1.0487113150085714,1.217674155,1.050609612,1.00186403834,0.9625558532314287,1.020153614,1.077801381,1.0591462997471426,1.0541421759200003,0.9317702452,1.0243551266000002,1.1390753082442857,1.118048297,1.0625243417542856,0.9885241671057142,0.8304140972,1.15582404,1.000082845,1.0352609673042859,0.9437166964214285,0.8928786477,1.032126486255714,0.9941615067285716,1.0629880281214283,1.088243416,0.8785709376557143,1.0000366677842858,0.8980867165,1.372269866,0.1115192327,1.9375,1.462222222,0.5706122449,0.4505446226242857,0.246409675,0.105625,3.585559589014286,0.07588075881,0.038673363947,-0.462831711,-0.1307629018,-0.01360294654,0.01542913591,-0.006168074024560002,2.0183213696,0.9964455782,11.26381934,25.06022617,1.658726781,2.126285714285714,1405.630399,24.12017924,-3.6788834832285717,-2.294812311,0.8353642376,1.365457277,-1.40387260699,-0.6872409346,0.2072383398,-0.24821750480797142,0.32700071754399995,-0.13498761280071428,8.551568232771428,5.749511833,0.0,0.0,29.8000411,48.8853911,28.66715822,21.0894968215,0.8823394762,0.2762402534,57.25170822525714,0.1596592802,5.106527395,20.759931868514283,1.9059206056857143,17.00689132,0.42280435137142863,1.42341819,0.0,3.591622254285715,0.0,-0.0532321761,0.0,0.1671880880499286,4.83,5.316788604,11.37477255,15.07448444,6.616532068714286,6.9237372,5.563451492,4.878658717842858,2.43849921,1.986431231,6.100206976,0.7151996025571428,10.25548433,3.407812736,0.0,0.049557151214285715,0.0,0.0,0.0,58.04,4.504189134,0.0,1.986431231,0.0,0.8012119198542856,0.1135002979,0.0,28.66751562,0.5476190476
147.7678113,152.27942352428573,156.7782015,1.526190147,158.6586773,3.4309047647714284,160.8911761,3.018126177,3.12,2.7961807550428572,3.056273946,0.026684431,49.02064596857142,0.48069877946999995,0.018859852175714283,0.671875,0.1947446665,1.6046717415428573,11.41046636,58.00176269057143,-8.048844056195716,-15.089078130157143,0.68682556727,-4.719285714285714,-0.4868851367,0.972936301,7.008276743,1.430639411,1.9507554346857143,0.8789481886714284,0.014,5.907179729,41.8666451816,6.448020180071429,0.019749238125485714,0.059375,0.7868459064728571,0.3666666667,0.3998106863,1.602021068,0.656724165282857,0.5073431032,1.1348176423885719,0.7907875008,0.8395543497,1.1180255929571428,1.08409351083,1.1279751734385712,0.5894675785,0.8740983212,1.0487113150085714,1.106635593,1.12712131,1.00186403834,0.9625558532314287,1.018115806,1.082947805,1.0591462997471426,1.0541421759200003,1.064892119,1.0243551266000002,1.1390753082442857,0.9102200954,1.0625243417542856,0.9885241671057142,1.043348349,0.921215594,1.005318746,1.0352609673042859,0.9437166964214285,1.01130255,1.032126486255714,0.9941615067285716,1.0629880281214283,0.9559684651,0.8785709376557143,1.0000366677842858,0.9486023576,0.5313304544,0.2356881951,1.854166667,1.957777778,0.614829932,0.4505446226242857,0.2711404006,0.2940740741,3.585559589014286,0.06535947712,0.038673363947,-0.5606011355,0.08652962401,-0.1131196355,-0.06756787684,-0.006168074024560002,2.0183213696,0.9135910722,11.82790416,28.28433715,1.680214706,2.126285714285714,2779.235079,31.44142638,-3.6788834832285717,-2.539933055,1.281219329,1.84296174,-1.40387260699,-0.9568408257,0.1989592035,-0.24821750480797142,0.32700071754399995,-0.13498761280071428,8.551568232771428,5.824404498,4.983978521,0.0,12.13273414,55.45467375,22.50821725,21.0894968215,0.7726923918,0.1444275508,57.25170822525714,0.07905164212,14.26826309,20.759931868514283,1.9059206056857143,34.14425914,0.42280435137142863,0.0,0.0,3.591622254285715,0.0,-0.0532321761,0.0,0.1671880880499286,4.16,20.52418199,5.687386275,27.6520576,6.616532068714286,6.9237372,21.87632117,4.878658717842858,2.479111826,1.952686545,0.0,0.7151996025571428,0.0,3.286112896,10.97545765,0.049557151214285715,0.0,0.0,0.0,115.15,4.547271052,10.97545765,2.588365377,0.0,0.8012119198542856,0.0822774992,0.0,31.28229084,0.5283018868
143.9739518,152.27942352428573,151.6380716,1.90698264,149.2113874,3.4309047647714284,155.4240932,3.09244562,2.772727273,2.7961807550428572,2.541861785,0.01503348894,49.02064596857142,0.48069877946999995,0.018859852175714283,0.652173913,0.1878159942,1.6046717415428573,7.123702422,58.00176269057143,-8.048844056195716,-15.089078130157143,0.68682556727,-4.719285714285714,-0.3876330503,0.9929419474,4.005274667,0.6050165637,1.9507554346857143,0.8789481886714284,0.00455,0.0,41.8666451816,6.448020180071429,0.019749238125485714,0.04087784679,0.7868459064728571,0.343417825,0.479912648,1.577655479,0.656724165282857,0.5940188589,1.1348176423885719,1.112719455,0.8395543497,1.1180255929571428,1.08409351083,1.1279751734385712,0.8886730673,0.8012615236,1.0487113150085714,1.07012233,0.9851330408,1.00186403834,0.9625558532314287,0.911781923,1.257256894,1.0591462997471426,1.0541421759200003,1.069827703,1.0243551266000002,1.1390753082442857,1.051737393,1.0625243417542856,0.9885241671057142,1.412509701,1.163176446,1.108162066,1.0352609673042859,0.9437166964214285,1.158347712,1.032126486255714,0.9941615067285716,1.0629880281214283,1.091177662,0.8785709376557143,1.0000366677842858,0.8638731236,1.213597965,0.03713906744,1.534722222,1.352777778,0.4824943311,0.4505446226242857,0.1385739481,0.0925,3.585559589014286,0.07207207207,0.038673363947,-0.5943088524,0.05640216116,0.02297515788,-0.01475592122,-0.006168074024560002,2.0183213696,1.052361111,8.857406552,20.15362571,1.611966333,2.126285714285714,2043.384683,20.25030454,-3.6788834832285717,-2.399473009,-0.1937372504,1.265458768,-1.40387260699,-0.6125296875,0.1655021392,-0.24821750480797142,0.32700071754399995,-0.13498761280071428,8.551568232771428,5.693927995,4.983978521,0.0,41.13682697,24.26546827,23.34336285,21.0894968215,0.8965942281,0.2347559593,57.25170822525714,0.1131187036,0.0,20.759931868514283,1.9059206056857143,21.82845468,0.42280435137142863,2.000787282,0.0,3.591622254285715,0.0,-0.0532321761,0.0,0.1671880880499286,4.96,5.733667477,5.13155848,14.95193556,6.616532068714286,0.0,0.0,4.878658717842858,2.487009195,0.0,5.925984915,0.7151996025571428,0.0,0.0,0.0,0.049557151214285715,0.0,0.0,0.0,64.69,4.261518188,0.0,0.0,0.0,0.8012119198542856,0.1323278235,0.0,30.99869023,0.6176470588
144.7481467,152.27942352428573,154.4154414,1.496981687,161.0072678,3.4309047647714284,153.6647655,2.518864013,2.64516129,2.7961807550428572,2.38121345,0.01206718801,49.02064596857142,0.48069877946999995,0.018859852175714283,0.6206896552,0.250606547,1.6046717415428573,20.921875,58.00176269057143,-8.048844056195716,-15.089078130157143,0.68682556727,-4.719285714285714,-0.4922512719,0.9778508232,7.008273305,1.134637091,1.9507554346857143,0.8789481886714284,0.00207,0.0,41.8666451816,6.448020180071429,0.019749238125485714,0.0,0.7868459064728571,0.3533653846,0.2988904237,1.456967563,0.656724165282857,0.405634448,1.1348176423885719,0.6543513407,0.8395543497,1.1180255929571428,1.08409351083,1.1279751734385712,0.5115007047,0.8035041759,1.0487113150085714,1.189074924,1.023915363,1.00186403834,0.9625558532314287,1.056713566,1.071884984,1.0591462997471426,1.0541421759200003,0.9303783243,1.0243551266000002,1.1390753082442857,1.269280056,1.0625243417542856,0.9885241671057142,0.7670059865,1.253635973,1.173520069,1.0352609673042859,0.9437166964214285,0.8412844679,1.032126486255714,0.9941615067285716,1.0629880281214283,1.176291255,0.8785709376557143,1.0000366677842858,0.9943278297,0.7398976579,0.1598857259,3.208333333,2.069444444,0.9389115646,0.4505446226242857,0.5590986395,0.2909490741,3.585559589014286,0.08796296296,0.038673363947,-0.4214670369,-0.1384942845,-0.09011862114,-0.02921096908,-0.006168074024560002,2.0183213696,1.233510041,7.980633221,21.73132837,1.828967782,2.126285714285714,2769.846445,24.98220183,-3.6788834832285717,-2.752842531,1.118010582,0.7651899355,-1.40387260699,-0.3828097265,-0.01671795604,-0.24821750480797142,0.32700071754399995,-0.13498761280071428,8.551568232771428,5.693927995,4.794537184,5.098681808,38.9703128,49.09138463,23.72004194,21.0894968215,0.9290552413,0.2338284567,57.25170822525714,0.170726223,9.531400138,20.759931868514283,1.9059206056857143,22.51475897,0.42280435137142863,0.0,0.0,3.591622254285715,0.0,-0.0532321761,0.0,0.1671880880499286,5.11,0.0,0.0,27.34065052,6.616532068714286,12.33872767,55.35869951,4.878658717842858,2.598599924,10.63799214,0.0,0.7151996025571428,0.0,0.0,5.117696379,0.049557151214285715,0.3549003585,0.0,0.1394037261,57.01,4.177615663,7.25520126,11.88452176,0.0,0.8012119198542856,0.4804178227,0.1020620726,31.02657594,0.3571428571
144.9227928,152.27942352428573,155.9805176,1.817681677,155.9530945,3.4309047647714284,154.302549,3.81210897,3.936708861,2.7961807550428572,3.611533507,0.02458257913,49.02064596857142,0.48069877946999995,0.018859852175714283,0.6666666667,0.2499033731,1.6046717415428573,6.077339102,58.00176269057143,-8.048844056195716,-15.089078130157143,0.68682556727,-4.719285714285714,-0.4060536366,0.972539243,8.001921173,0.6048934911,1.9507554346857143,0.8789481886714284,0.00327,18.42124142,41.8666451816,6.448020180071429,0.019749238125485714,0.01915514593,0.7868459064728571,0.4232245681,0.5880511798,1.572983981,0.656724165282857,0.4785085759,1.1348176423885719,0.5774933337,0.8395543497,1.1180255929571428,1.08409351083,1.1279751734385712,0.4874048489,0.8795546175,1.0487113150085714,0.8898063201,0.9895557351,1.00186403834,0.9625558532314287,0.8007173122,0.968100812,1.0591462997471426,1.0541421759200003,1.175511014,1.0243551266000002,1.1390753082442857,0.9998514131,1.0625243417542856,0.9885241671057142,0.8383571298,1.01029313,0.8735036841,1.0352609673042859,0.9437166964214285,0.8676798747,1.032126486255714,0.9941615067285716,1.0629880281214283,1.033608652,0.8785709376557143,1.0000366677842858,0.912414327,0.9366882819,0.2368207326,2.944444444,1.762222222,0.8344217687,0.4505446226242857,0.4694428697,0.3768904321,3.585559589014286,0.07523148148,0.038673363947,-0.6249518054,0.1017057132,0.07330546078,-0.03923340964,-0.006168074024560002,2.0183213696,0.9965113119,5.651091228,20.47702423,1.34915182,2.126285714285714,3814.583371,28.47501584,-3.6788834832285717,-1.436049127,0.9767480586,1.034924299,-1.40387260699,-0.1989210391,0.2702281808,-0.24821750480797142,0.32700071754399995,-0.13498761280071428,8.551568232771428,21.69013503,13.88979146,5.098681808,35.31654427,43.18313163,11.48135754,21.0894968215,0.6905775078,0.19178554,57.25170822525714,0.1291619787,19.08601681,20.759931868514283,1.9059206056857143,11.25737949,0.42280435137142863,0.6837866119,0.0,3.591622254285715,5.178010007,-0.0532321761,1.635157785,0.1671880880499286,4.8,0.0,4.390415048,47.34627086,6.616532068714286,5.817220841,29.46110098,4.878658717842858,2.557011231,0.0,0.0,0.7151996025571428,9.03394333,0.0,0.0,0.049557151214285715,0.4514792749,1.056189736,0.0,87.8,4.503481626,15.28635825,-0.4889180378,0.0,0.8012119198542856,0.3209421867,0.0,32.84089438,0.5348837209
146.3076746,152.27942352428573,156.5851931,1.56711025,154.6703335,3.4309047647714284,157.2926313,2.854912764,2.913385827,2.7961807550428572,2.390772128,0.01376833914,49.02064596857142,0.48069877946999995,0.018859852175714283,0.6517857143,0.211665326,1.6046717415428573,14.19782707,58.00176269057143,-8.048844056195716,-15.089078130157143,0.68682556727,-4.719285714285714,-0.4357126765,0.9729406777,7.008275627,1.343847059,1.9507554346857143,0.8789481886714284,0.0375,5.907179729,41.8666451816,6.448020180071429,0.019749238125485714,0.03325396825,0.7868459064728571,0.405,0.3432404149,1.460436184,0.656724165282857,0.4071275569,1.1348176423885719,0.6911987976,0.8395543497,1.1180255929571428,1.08409351083,1.1279751734385712,0.4530491683,0.8556843266,1.0487113150085714,1.081901585,1.107228212,1.00186403834,0.9625558532314287,0.8682646925,1.18991194,1.0591462997471426,1.0541421759200003,0.9985329959,1.0243551266000002,1.1390753082442857,1.025314991,1.0625243417542856,0.9885241671057142,0.9097463756,1.168277177,1.17652714,1.0352609673042859,0.9437166964214285,0.8135361603,1.032126486255714,0.9941615067285716,1.0629880281214283,1.187252743,0.8785709376557143,1.0000366677842858,1.050212806,0.7646017877,0.1101969187,2.069444444,1.938888889,0.6859410431,0.4505446226242857,0.3257668808,0.232816358,3.585559589014286,0.07092198582,0.038673363947,-0.4635751236,0.04459695183,-0.03512717053,-0.04755113074,-0.006168074024560002,2.0183213696,1.226651759,12.06427509,28.93790881,1.745528681,2.126285714285714,2289.359455,21.61537291,-3.6788834832285717,-2.397336997,1.744369273,1.843095046,-1.40387260699,-0.608403271,-0.01204879314,-0.24821750480797142,0.32700071754399995,-0.13498761280071428,8.551568232771428,5.693927995,0.0,5.098681808,12.13273414,55.66066728,40.64258317,21.0894968215,0.8483788421,0.1890085052,57.25170822525714,0.1283542617,4.794537184,20.759931868514283,1.9059206056857143,22.51475897,0.42280435137142863,1.721297609,0.0,3.591622254285715,0.0,-0.0532321761,0.0,0.1671880880499286,3.69,5.733667477,0.0,25.65562151,6.616532068714286,6.9237372,28.16666629,4.878658717842858,2.556275984,1.986246729,0.0,0.7151996025571428,0.0,0.0,0.0,0.049557151214285715,0.0,0.0,0.0,86.69,4.472411765,2.095952433,2.905878355,0.0,0.8012119198542856,0.1503247011,0.0,26.88249416,0.5106382979
145.143249,152.27942352428573,155.7533836,1.547426851,154.2609384,3.4309047647714284,155.047059,2.89084507,3.094594595,2.7961807550428572,2.679549114,0.01657996986,49.02064596857142,0.48069877946999995,0.018859852175714283,0.6544117647,0.2002780667,1.6046717415428573,12.6,58.00176269057143,-8.048844056195716,-15.089078130157143,0.68682556727,-4.719285714285714,-0.4947181511,0.9729968731,7.008277118,1.343837209,1.9507554346857143,0.8789481886714284,0.00364,5.907179729,41.8666451816,6.448020180071429,0.019749238125485714,0.0279956427,0.7868459064728571,0.3649484536,0.3554636761,1.420845698,0.656724165282857,0.4512286419,1.1348176423885719,0.7001354731,0.8395543497,1.1180255929571428,1.08409351083,1.1279751734385712,0.5168716132,0.9149077088,1.0487113150085714,1.125428735,1.138289645,1.00186403834,0.9625558532314287,0.8717581057,1.177870315,1.0591462997471426,1.0541421759200003,0.9679518636,1.0243551266000002,1.1390753082442857,0.9896855526,1.0625243417542856,0.9885241671057142,0.7826905548,1.078237719,1.016853277,1.0352609673042859,0.9437166964214285,0.8220894246,1.032126486255714,0.9941615067285716,1.0629880281214283,1.102337642,0.8785709376557143,1.0000366677842858,0.9808471242,0.6160515251,0.1747862463,2.131944444,1.97,0.7160544218,0.4505446226242857,0.2781557067,0.259691358,3.585559589014286,0.06349206349,0.038673363947,-0.4501459458,-0.06924801344,0.06876251255,0.005785772225,-0.006168074024560002,2.0183213696,1.223624988,21.32644375,38.03017578,1.653768932,2.126285714285714,2722.811531,28.57290575,-3.6788834832285717,-2.846926776,1.954525425,2.033173037,-1.40387260699,-0.8473032819,-0.07506329155,-0.24821750480797142,0.32700071754399995,-0.13498761280071428,8.551568232771428,17.19295166,0.0,5.098681808,6.066367068,79.06876542,41.14549874,21.0894968215,0.8523574758,0.1874700016,57.25170822525714,0.1017365183,9.531400138,20.759931868514283,1.9059206056857143,34.01378264,0.42280435137142863,1.854149459,0.0,3.591622254285715,0.0,-0.0532321761,0.0,0.1671880880499286,4.23,10.47053043,0.0,25.65562151,6.616532068714286,0.0,22.47273829,4.878658717842858,2.554852869,0.0,0.0,0.7151996025571428,0.0,0.0,6.0880002,0.049557151214285715,0.0,0.0,0.0,95.92,4.494754609,8.191423177,0.9105578599,0.0,0.8012119198542856,0.1503247011,0.0,33.49917118,0.5636363636
145.817401,152.27942352428573,154.9312634,1.560510262,159.4995637,3.4309047647714284,161.7514613,3.159067086,3.297297297,2.7961807550428572,2.938583078,0.02258793037,49.02064596857142,0.48069877946999995,0.018859852175714283,0.6693548387,0.1908421796,1.6046717415428573,9.9336,58.00176269057143,-8.048844056195716,-15.089078130157143,0.68682556727,-4.719285714285714,-0.4868809218,0.9113366024,6.027276618,1.424257628,1.9507554346857143,0.8789481886714284,0.00274,0.0,41.8666451816,6.448020180071429,0.019749238125485714,0.0311502118,0.7868459064728571,0.3409090909,0.4050689924,1.585180586,0.656724165282857,0.4979332692,1.1348176423885719,0.644322511,0.8395543497,1.1180255929571428,1.08409351083,1.1279751734385712,0.617318952,0.8543536252,1.0487113150085714,1.097591283,1.054724519,1.00186403834,0.9625558532314287,1.05282098,1.077243199,1.0591462997471426,1.0541421759200003,0.9897793665,1.0243551266000002,1.1390753082442857,0.9410364985,1.0625243417542856,0.9885241671057142,1.275879804,1.01089956,1.055147459,1.0352609673042859,0.9437166964214285,1.011352094,1.032126486255714,0.9941615067285716,1.0629880281214283,0.9999202382,0.8785709376557143,1.0000366677842858,0.8835238988,0.6350253144,0.1695724926,1.729166667,1.837777778,0.614829932,0.4505446226242857,0.2711404006,0.269382716,3.585559589014286,0.0589569161,0.038673363947,-0.5624663556,0.0536445929,-0.1207944057,-0.02892923188,-0.006168074024560002,2.0183213696,0.9956574797,13.77113205,27.69615003,1.787344336,2.126285714285714,3029.681154,28.80216785,-3.6788834832285717,-2.494571687,0.7746717938,1.843182456,-1.40387260699,-0.8544803651,0.1560738358,-0.24821750480797142,0.32700071754399995,-0.13498761280071428,8.551568232771428,5.693927995,4.983978521,5.261891555,18.19910121,54.95175817,17.80213589,21.0894968215,0.8596443832,0.1684706171,57.25170822525714,0.08572212558,9.473725908,20.759931868514283,1.9059206056857143,40.21348046,0.42280435137142863,0.0,0.0,3.591622254285715,0.0,-0.0532321761,0.0,0.1671880880499286,4.98,14.79051451,5.948339281,21.74487787,6.616532068714286,18.25485007,16.82083098,4.878658717842858,2.479015615,1.95978238,0.0,0.7151996025571428,0.0,3.319717734,10.97496971,0.049557151214285715,0.0,0.0,0.0,95.85,4.520309251,10.97496971,2.714256223,0.0,0.8012119198542856,0.06263564417,0.0,31.26935238,0.56
149.2095217,152.27942352428573,161.931559,1.383439851,162.7768334,3.4309047647714284,161.5089748,2.928928929,2.966666667,2.7961807550428572,3.057710728,0.02509886801,49.02064596857142,0.48069877946999995,0.018859852175714283,0.6896551724,0.2218058136,1.6046717415428573,12.24371302,58.00176269057143,-8.048844056195716,-15.089078130157143,0.68682556727,-4.719285714285714,-0.4868251128,0.9778527228,7.008272747,1.290860233,1.9507554346857143,0.8789481886714284,0.0796,0.0,41.8666451816,6.448020180071429,0.019749238125485714,0.03537263626,0.7868459064728571,0.362962963,0.3116041659,1.701095918,0.656724165282857,0.459382819,1.1348176423885719,0.6964604928,0.8395543497,1.1180255929571428,1.08409351083,1.1279751734385712,0.5949317614,0.8599770299,1.0487113150085714,0.9920380079,1.067373853,1.00186403834,0.9625558532314287,0.9683846078,1.049541284,1.0591462997471426,1.0541421759200003,0.906348589,1.0243551266000002,1.1390753082442857,1.110711629,1.0625243417542856,0.9885241671057142,0.9465038099,0.9936688983,0.9389412348,1.0352609673042859,0.9437166964214285,0.8742414081,1.032126486255714,0.9941615067285716,1.0629880281214283,1.059862407,0.8785709376557143,1.0000366677842858,1.122727261,0.8614494102,0.186305479,1.854166667,1.695555556,0.6956462585,0.4505446226242857,0.3366480852,0.315941358,3.585559589014286,0.06419753086,0.038673363947,-0.6238533342,-0.1135167899,-0.04109846094,0.05751814963,-0.006168074024560002,2.0183213696,0.9015952352,8.385600675,20.04794799,1.874131435,2.126285714285714,2228.272908,30.31560006,-3.6788834832285717,-2.278560387,1.376732141,1.236678969,-1.40387260699,-0.7097031476,0.4744898938,-0.24821750480797142,0.32700071754399995,-0.13498761280071428,8.551568232771428,5.693927995,14.76249423,0.0,6.066367068,45.03667987,23.99897946,21.0894968215,0.8197973812,0.1567782008,57.25170822525714,0.1088093443,14.26826309,20.759931868514283,1.9059206056857143,28.70474243,0.42280435137142863,0.0,0.0,3.591622254285715,0.0,-0.0532321761,0.0,0.1671880880499286,2.63,20.10730312,4.794537184,33.40095434,6.616532068714286,6.9237372,25.23533039,4.878658717842858,2.478465215,5.764854169,0.0,0.7151996025571428,0.0,5.641931511,10.9188931,0.049557151214285715,0.06318986797,0.0,0.0,90.3,4.435043518,12.86442598,6.282772406,0.0,0.8012119198542856,0.06274916425,0.0,29.45689899,0.3846153846
143.0831174,152.27942352428573,152.8296981,1.639479345,157.1594388,3.4309047647714284,157.2013021,2.8820059,3.377192982,2.7961807550428572,2.789577188,0.008210555968,49.02064596857142,0.48069877946999995,0.018859852175714283,0.6290322581,0.1817453097,1.6046717415428573,9.9336,58.00176269057143,-8.048844056195716,-15.089078130157143,0.68682556727,-4.719285714285714,-0.4301059315,0.9113367049,6.027276355,1.417501412,1.9507554346857143,0.8789481886714284,0.0012,0.0,41.8666451816,6.448020180071429,0.019749238125485714,0.0,0.7868459064728571,0.3266666667,0.3910206292,1.113091905,0.656724165282857,0.4797786292,1.1348176423885719,0.5350823045,0.8395543497,1.1180255929571428,1.08409351083,1.1279751734385712,0.5254419192,0.8704842323,1.0487113150085714,1.027146811,1.076964896,1.00186403834,0.9625558532314287,1.026527658,1.164971022,1.0591462997471426,1.0541421759200003,0.9562887887,1.0243551266000002,1.1390753082442857,1.062434692,1.0625243417542856,0.9885241671057142,1.148480435,1.062070759,1.077840505,1.0352609673042859,0.9437166964214285,0.93954972,1.032126486255714,0.9941615067285716,1.0629880281214283,0.923828783,0.8785709376557143,1.0000366677842858,1.004579115,0.84953294,0.1610039792,1.909722222,1.785,0.7356462585,0.4505446226242857,0.3441751701,0.273125,3.585559589014286,0.05442176871,0.038673363947,-0.1771816272,-0.07200577201,-0.08234302571,0.09188248399,-0.006168074024560002,2.0183213696,1.027373045,22.14961982,32.72977621,1.799784141,2.126285714285714,2962.280591,30.81402013,-3.6788834832285717,-2.734640926,0.7825085369,1.40817469,-1.40387260699,-0.8089308363,0.04295809357,-0.24821750480797142,0.32700071754399995,-0.13498761280071428,8.551568232771428,5.693927995,0.0,10.36057336,30.33183534,54.95175817,34.60074234,21.0894968215,0.9563319313,0.1527935287,57.25170822525714,0.05820905185,0.0,20.759931868514283,1.9059206056857143,28.58398029,0.42280435137142863,2.021902258,0.0,3.591622254285715,0.0,-0.0532321761,0.0,0.1671880880499286,5.33,0.0,0.0,19.74844179,6.616532068714286,18.25485007,16.82083098,4.878658717842858,2.479001939,1.988768489,0.0,0.7151996025571428,0.0,0.0,0.0,0.049557151214285715,0.0,0.0,0.0,67.39,4.631280891,1.915285809,2.561657913,0.0,0.8012119198542856,0.07492180438,0.0,31.44058453,0.56
149.0315359,152.27942352428573,155.6350949,1.680530251,157.6537758,3.4309047647714284,169.0764653,4.185185185,3.485981308,2.7961807550428572,3.384042921,0.02324637171,49.02064596857142,0.48069877946999995,0.018859852175714283,0.6764705882,0.2197679059,1.6046717415428573,5.183391003,58.00176269057143,-8.048844056195716,-15.089078130157143,0.68682556727,-4.719285714285714,-0.4380566303,0.9893222081,8.007392488,0.6049838896,1.9507554346857143,0.8789481886714284,0.000579,6.362358859,41.8666451816,6.448020180071429,0.019749238125485714,0.01712284914,0.7868459064728571,0.307715311,0.5049180159,1.921901401,0.656724165282857,0.4207064557,1.1348176423885719,0.600715868,0.8395543497,1.1180255929571428,1.08409351083,1.1279751734385712,0.2570378739,0.832824665,1.0487113150085714,1.028829225,0.8339769875,1.00186403834,0.9625558532314287,0.9936526418,1.082274899,1.0591462997471426,1.0541421759200003,1.269745209,1.0243551266000002,1.1390753082442857,1.029096212,1.0625243417542856,0.9885241671057142,0.8717386516,0.888534331,1.309908051,1.0352609673042859,0.9437166964214285,1.091142514,1.032126486255714,0.9941615067285716,1.0629880281214283,1.167044328,0.8785709376557143,1.0000366677842858,0.8058014839,0.5399728862,0.3266993164,2.104166667,2.237777778,0.6940136054,0.4505446226242857,0.4061712648,0.3187654321,3.585559589014286,0.06464646465,0.038673363947,-0.6938305658,-0.03421984228,-0.2014359679,-0.08735311021,-0.006168074024560002,2.0183213696,0.8452098818,11.78434065,23.61701469,1.284936311,2.126285714285714,2626.460646,31.47027505,-3.6788834832285717,-3.136195111,0.9400020275,1.688129724,-1.40387260699,-0.9415613491,0.3283243261,-0.24821750480797142,0.32700071754399995,-0.13498761280071428,8.551568232771428,17.78197519,14.98529578,5.425791397,41.67827426,31.19885851,29.57519531,21.0894968215,0.9091017067,0.1458259555,57.25170822525714,0.2059561938,17.9081081,20.759931868514283,1.9059206056857143,17.13736782,0.42280435137142863,0.0,0.0,3.591622254285715,0.0,-0.0532321761,7.105214987,0.1671880880499286,4.43,15.47944295,18.30280362,27.67776379,6.616532068714286,13.08951281,16.13452668,4.878658717842858,2.479730606,1.896579006,0.0,0.7151996025571428,0.0,3.131717687,4.152619427,0.049557151214285715,0.0,1.666993245,-4.769379377,76.74,4.635891784,42.44780141,1.995789187,0.0,0.8012119198542856,0.1386608339,0.0,36.90343662,0.5490196078
149.5353358,152.27942352428573,158.160379,1.546350209,158.4852696,3.4309047647714284,162.8713264,2.778829966,2.97080292,2.7961807550428572,2.73102981,0.02376259442,49.02064596857142,0.48069877946999995,0.018859852175714283,0.6893939394,0.2122072117,1.6046717415428573,16.76913265,58.00176269057143,-8.048844056195716,-15.089078130157143,0.68682556727,-4.719285714285714,-0.5282555269,0.9871954839,3.515319449,1.434182958,1.9507554346857143,0.8789481886714284,0.0315,0.0,41.8666451816,6.448020180071429,0.019749238125485714,0.03036075036,0.7868459064728571,0.349137931,0.3032386757,1.458021858,0.656724165282857,0.4826518935,1.1348176423885719,0.872403815,0.8395543497,1.1180255929571428,1.08409351083,1.1279751734385712,1.017775902,0.7736002982,1.0487113150085714,1.210094341,1.114425552,1.00186403834,0.9625558532314287,0.9635915905,1.171268724,1.0591462997471426,1.0541421759200003,1.124758851,1.0243551266000002,1.1390753082442857,1.047384799,1.0625243417542856,0.9885241671057142,1.093251539,0.9032665584,0.9394506866,1.0352609673042859,0.9437166964214285,0.899945112,1.032126486255714,0.9941615067285716,1.0629880281214283,0.8753088485,0.8785709376557143,1.0000366677842858,1.087101564,0.7061309918,0.2556881951,1.916666667,2.148888889,0.6540136054,0.4505446226242857,0.2902730537,0.3165740741,3.585559589014286,0.06837606838,0.038673363947,-0.4169562158,-0.0465686872,-0.08049793362,0.05683817435,-0.006168074024560002,2.0183213696,0.9349826101,10.00791679,24.46744655,1.865242906,2.126285714285714,2010.13957,31.98418839,-3.6788834832285717,-2.380471239,0.9228408803,1.821483912,-1.40387260699,-0.9617912734,0.2232312549,-0.24821750480797142,0.32700071754399995,-0.13498761280071428,8.551568232771428,12.16293986,14.98529578,5.425791397,12.14238718,37.26522558,29.22074076,21.0894968215,0.8634010828,0.1592655595,57.25170822525714,0.07140183623,9.473725908,20.759931868514283,1.9059206056857143,22.88687966,0.42280435137142863,0.0,0.0,3.591622254285715,0.0,-0.0532321761,7.366626229,0.1671880880499286,2.83,20.21630591,5.687386275,40.51897853,6.616532068714286,13.08951281,17.21226049,4.878658717842858,2.479313555,5.209230813,0.0,0.7151996025571428,0.0,3.390059261,10.71300781,0.049557151214285715,0.0,1.735139763,0.0,101.76,4.590769353,10.71300781,2.45873745,3.23647401,0.8012119198542856,0.07754276402,0.0,31.11015337,0.5
147.0796277,152.27942352428573,158.2650412,1.562045432,154.7856217,3.4309047647714284,157.4125923,3.017832647,2.790322581,2.7961807550428572,2.481416012,0.01662419247,49.02064596857142,0.48069877946999995,0.018859852175714283,0.6607142857,0.2268111235,1.6046717415428573,11.1020794,58.00176269057143,-8.048844056195716,-15.089078130157143,0.68682556727,-4.719285714285714,-0.4356902272,0.988898415,6.005360987,0.4229255669,1.9507554346857143,0.8789481886714284,0.0142,11.64276621,41.8666451816,6.448020180071429,0.019749238125485714,0.05184331797,0.7868459064728571,0.387654321,0.3185675475,1.390789151,0.656724165282857,0.6577259475,1.1348176423885719,1.157274509,0.8395543497,1.1180255929571428,1.08409351083,1.1279751734385712,0.3546563909,0.9523052932,1.0487113150085714,1.080643984,1.070270565,1.00186403834,0.9625558532314287,0.8273426716,1.251765325,1.0591462997471426,1.0541421759200003,0.9579527722,1.0243551266000002,1.1390753082442857,1.156416745,1.0625243417542856,0.9885241671057142,0.7964997766,1.165722656,1.135447036,1.0352609673042859,0.9437166964214285,0.7926397286,1.032126486255714,0.9941615067285716,1.0629880281214283,1.181947581,0.8785709376557143,1.0000366677842858,0.92977546,0.7389761838,0.1439669421,2.006944444,1.707777778,0.6067120181,0.4505446226242857,0.2330561854,0.147191358,3.585559589014286,0.05797101449,0.038673363947,-0.4759091001,-0.1141304964,0.004862127278,-0.003990743388,-0.006168074024560002,2.0183213696,1.224644896,14.37315563,26.71479523,1.778095238,2.126285714285714,2034.067016,25.18683755,-3.6788834832285717,-3.395538612,1.408176378,1.258756876,-1.40387260699,-0.7885491027,-0.02035841395,-0.24821750480797142,0.32700071754399995,-0.13498761280071428,8.551568232771428,5.693927995,0.0,5.098681808,12.13273414,48.73693008,41.26943352,21.0894968215,0.8094161348,0.1397907237,57.25170822525714,0.1074296711,9.105499747,20.759931868514283,1.9059206056857143,22.51475897,0.42280435137142863,1.765335045,0.0,3.591622254285715,0.0,-0.0532321761,0.0,0.1671880880499286,0.72,4.722094864,5.687386275,28.85394153,6.616532068714286,0.0,12.11474962,4.878658717842858,2.553695638,0.0,0.0,0.7151996025571428,18.36954844,2.602437796,0.0,0.049557151214285715,0.0,0.0,0.0,96.09,4.40138536,23.06005341,0.9182194579,0.0,0.8012119198542856,0.130682846,0.0,30.65183986,0.5217391304
148.9538979,152.27942352428573,157.8651086,1.545834205,160.1863854,3.4309047647714284,162.0283685,2.933654729,3.136,2.7961807550428572,2.897173489,0.02179707262,49.02064596857142,0.48069877946999995,0.018859852175714283,0.6818181818,0.2100980799,1.6046717415428573,13.08367627,58.00176269057143,-8.048844056195716,-15.089078130157143,0.68682556727,-4.719285714285714,-0.4964155048,0.9776679496,7.008274488,1.434202204,1.9507554346857143,0.8789481886714284,0.0367,0.0,41.8666451816,6.448020180071429,0.019749238125485714,0.03036075036,0.7868459064728571,0.349137931,0.3724141487,1.583719561,0.656724165282857,0.4644908296,1.1348176423885719,0.6498261063,0.8395543497,1.1180255929571428,1.08409351083,1.1279751734385712,0.6324599051,0.831777339,1.0487113150085714,1.15072736,1.075928444,1.00186403834,0.9625558532314287,0.9943804193,1.056405445,1.0591462997471426,1.0541421759200003,1.019883755,1.0243551266000002,1.1390753082442857,0.9310563778,1.0625243417542856,0.9885241671057142,0.8007920258,0.9414428475,0.8785589334,1.0352609673042859,0.9437166964214285,1.048534572,1.032126486255714,0.9941615067285716,1.0629880281214283,0.9504420005,0.8785709376557143,1.0000366677842858,1.083491173,0.8854896092,0.2426303438,1.729166667,1.877777778,0.6531972789,0.4505446226242857,0.3084057697,0.211882716,3.585559589014286,0.07264957265,0.038673363947,-0.52747036,-0.048120795,0.06580350134,-0.05217296947,-0.006168074024560002,2.0183213696,0.9214343564,11.91630315,25.92287692,1.719409573,2.126285714285714,2168.187824,32.19571938,-3.6788834832285717,-2.444472479,0.9088672675,1.73980864,-1.40387260699,-0.8739826095,0.1755999528,-0.24821750480797142,0.32700071754399995,-0.13498761280071428,8.551568232771428,12.16293986,19.77983296,5.425791397,12.14238718,49.39795972,23.15437369,21.0894968215,0.827937697,0.158350718,57.25170822525714,0.1147758045,9.531400138,20.759931868514283,1.9059206056857143,11.38785599,0.42280435137142863,0.0,0.0,3.591622254285715,0.0,-0.0532321761,7.307077741,0.1671880880499286,2.7,10.74258,5.687386275,39.37848628,6.616532068714286,13.08951281,27.57024916,4.878658717842858,2.479016573,3.32514212,0.0,0.7151996025571428,0.0,3.331626485,4.745046903,0.049557151214285715,0.0,1.72048647,0.0,109.6,4.541191139,4.745046903,2.420056658,1.365359539,0.8012119198542856,0.07754276402,0.0,29.15388612,0.5185185185
146.9424867,152.27942352428573,161.1625392,1.379042503,160.6330343,3.4309047647714284,158.8751732,2.596580356,2.882352941,2.7961807550428572,2.427093059,0.02260609255,49.02064596857142,0.48069877946999995,0.018859852175714283,0.6637931034,0.2627614403,1.6046717415428573,12.42150231,58.00176269057143,-8.048844056195716,-15.089078130157143,0.68682556727,-4.719285714285714,-0.4868818539,0.9779100867,7.008271675,0.6101352801,1.9507554346857143,0.8789481886714284,0.0167,0.0,41.8666451816,6.448020180071429,0.019749238125485714,0.03507601038,0.7868459064728571,0.3229665072,0.3341602653,1.598384854,0.656724165282857,0.4660149828,1.1348176423885719,0.6604398659,0.8395543497,1.1180255929571428,1.08409351083,1.1279751734385712,0.6517786151,0.9179178897,1.0487113150085714,0.9824429641,1.055569335,1.00186403834,0.9625558532314287,0.8809016128,1.040965208,1.0591462997471426,1.0541421759200003,1.028800744,1.0243551266000002,1.1390753082442857,1.107573591,1.0625243417542856,0.9885241671057142,1.086790109,1.100909538,0.9766518453,1.0352609673042859,0.9437166964214285,0.7712711091,1.032126486255714,0.9941615067285716,1.0629880281214283,1.103849575,0.8785709376557143,1.0000366677842858,1.068524368,0.8305503867,0.1467258443,1.701388889,1.438333333,0.6630839002,0.4505446226242857,0.2734158478,0.2553240741,3.585559589014286,0.06565656566,0.038673363947,-0.5503920265,-0.1350065963,-0.03889241924,0.1266125171,-0.006168074024560002,2.0183213696,0.9787978092,8.320894015,19.90571311,1.915002501,2.126285714285714,2753.129017,25.56783826,-3.6788834832285717,-2.274440466,0.8773543993,0.2874225123,-1.40387260699,-0.736507361,0.5284168965,-0.24821750480797142,0.32700071754399995,-0.13498761280071428,8.551568232771428,16.52595619,9.967957042,0.0,6.9237372,37.96448165,36.02384191,21.0894968215,0.8101370788,0.1678108657,57.25170822525714,0.08538642731,14.26826309,20.759931868514283,1.9059206056857143,33.45795484,0.42280435137142863,0.0,0.0,3.591622254285715,0.0,-0.0532321761,0.0,0.1671880880499286,6.04,14.79051451,0.0,34.196814,6.616532068714286,6.9237372,37.70453456,4.878658717842858,2.482833341,3.980892035,0.0,0.7151996025571428,0.0,2.948880052,10.95102414,0.049557151214285715,0.0,0.0,0.0,89.13,4.35821191,10.95102414,4.869662329,0.0,0.8012119198542856,0.07931626887,0.0,28.33507142,0.358490566
145.9171834,152.27942352428573,158.8759208,1.450814107,158.7963596,3.4309047647714284,158.2077626,2.987555818,3.132653061,2.7961807550428572,2.677702955,0.03015273606,49.02064596857142,0.48069877946999995,0.018859852175714283,0.6666666667,0.2479984837,1.6046717415428573,9.196124764,58.00176269057143,-8.048844056195716,-15.089078130157143,0.68682556727,-4.719285714285714,-0.4868784174,0.9728907128,7.008294022,0.610136352,1.9507554346857143,0.8789481886714284,0.0241,5.969305288,41.8666451816,6.448020180071429,0.019749238125485714,0.03916560238,0.7868459064728571,0.3497409326,0.3916162207,1.547741839,0.656724165282857,0.4830411671,1.1348176423885719,0.7477876702,0.8395543497,1.1180255929571428,1.08409351083,1.1279751734385712,0.473412435,0.9098436747,1.0487113150085714,0.9564619946,1.071256861,1.00186403834,0.9625558532314287,0.9362256082,0.9929102906,1.0591462997471426,1.0541421759200003,1.055113838,1.0243551266000002,1.1390753082442857,1.077016307,1.0625243417542856,0.9885241671057142,1.065969069,1.200045702,1.145357642,1.0352609673042859,0.9437166964214285,0.6493354434,1.032126486255714,0.9941615067285716,1.0629880281214283,1.178064383,0.8785709376557143,1.0000366677842858,1.053674785,0.8312457292,0.1267258443,1.576388889,1.438333333,0.6630839002,0.4505446226242857,0.2734158478,0.230632716,3.585559589014286,0.06349206349,0.038673363947,-0.5743181211,-0.09344949721,-0.1184032732,0.1449424046,-0.006168074024560002,2.0183213696,0.9561526571,7.716486024,19.69235798,1.890793921,2.126285714285714,1946.821534,26.05029045,-3.6788834832285717,-2.195081885,0.9284117739,0.4675061493,-1.40387260699,-0.7087175134,0.4366668293,-0.24821750480797142,0.32700071754399995,-0.13498761280071428,8.551568232771428,16.52595619,9.967957042,0.0,0.0,37.96448165,29.4790855,21.0894968215,0.7134431013,0.174824626,57.25170822525714,0.1100176771,19.37479049,20.759931868514283,1.9059206056857143,33.45795484,0.42280435137142863,0.0,0.0,3.591622254285715,0.0,-0.0532321761,0.0,0.1671880880499286,5.43,9.473725908,0.0,32.82071055,6.616532068714286,6.9237372,30.78079736,4.878658717842858,2.482821465,1.958050442,0.0,0.7151996025571428,8.783034591,0.0,10.88502764,0.049557151214285715,0.0,0.0,0.0,97.33,4.350846645,10.88502764,2.189322507,0.0,0.8012119198542856,0.07931626887,0.0,29.78408745,0.4130434783
146.5297484,152.27942352428573,157.4801269,1.470344702,157.9926932,3.4309047647714284,155.8748109,2.636846405,2.82,2.7961807550428572,2.202777778,0.01298473755,49.02064596857142,0.48069877946999995,0.018859852175714283,0.6666666667,0.2256444869,1.6046717415428573,15.70942149,58.00176269057143,-8.048844056195716,-15.089078130157143,0.68682556727,-4.719285714285714,-0.5233080116,0.9888943064,3.5105696,1.34383719,1.9507554346857143,0.8789481886714284,0.0157,0.0,41.8666451816,6.448020180071429,0.019749238125485714,0.0,0.7868459064728571,0.3348837209,0.2746703779,1.211396925,0.656724165282857,0.494094536,1.1348176423885719,0.7735069153,0.8395543497,1.1180255929571428,1.08409351083,1.1279751734385712,0.9453731548,0.8077723902,1.0487113150085714,1.038030684,1.007250786,1.00186403834,0.9625558532314287,0.93204654,1.003991939,1.0591462997471426,1.0541421759200003,0.9244790784,1.0243551266000002,1.1390753082442857,1.090694756,1.0625243417542856,0.9885241671057142,1.152413832,1.332057307,1.194094974,1.0352609673042859,0.9437166964214285,0.8784887136,1.032126486255714,0.9941615067285716,1.0629880281214283,1.221464778,0.8785709376557143,1.0000366677842858,0.9729545965,1.041099619,0.1148882767,1.756944444,1.627777778,0.5756462585,0.4505446226242857,0.2970600277,0.135007716,3.585559589014286,0.06018518519,0.038673363947,-0.1886345547,0.02701573597,-0.05336386051,-0.1140718563,-0.006168074024560002,2.0183213696,1.279705804,17.64299179,29.19467202,1.824327941,2.126285714285714,3151.171428,26.13009543,-3.6788834832285717,-2.561309316,1.71816289,1.382649129,-1.40387260699,-0.3064464358,0.2083781328,-0.24821750480797142,0.32700071754399995,-0.13498761280071428,8.551568232771428,18.05032179,0.0,5.098681808,6.066367068,68.89864111,42.12680366,21.0894968215,0.9326195251,0.2406744252,57.25170822525714,0.05849495718,4.736862954,20.759931868514283,1.9059206056857143,28.26427081,0.42280435137142863,2.038992189,0.0,3.591622254285715,0.0,-0.0532321761,0.0,0.1671880880499286,3.95,4.736862954,0.0,51.89533385,6.616532068714286,0.0,12.11474962,4.878658717842858,2.554302666,4.094378337,0.0,0.7151996025571428,0.0,0.0,6.002179149,0.049557151214285715,0.0,2.11441708,0.0,56.07,4.403790864,8.144086824,2.478399875,4.094378337,0.8012119198542856,0.130682846,0.0,30.32695086,0.4363636364
144.4024695,152.27942352428573,154.3209913,1.688724436,154.0857208,3.4309047647714284,157.1080646,2.887687097,3.353982301,2.7961807550428572,2.613897083,0.0103289282,49.02064596857142,0.48069877946999995,0.018859852175714283,0.6370967742,0.1844720873,1.6046717415428573,10.9336,58.00176269057143,-8.048844056195716,-15.089078130157143,0.68682556727,-4.719285714285714,-0.3991629065,0.977994598,3.042270034,1.197963627,1.9507554346857143,0.8789481886714284,0.000495,0.0,41.8666451816,6.448020180071429,0.019749238125485714,0.01478494624,0.7868459064728571,0.3195652174,0.4359306642,1.477402148,0.656724165282857,0.5241471735,1.1348176423885719,0.8868745233,0.8395543497,1.1180255929571428,1.08409351083,1.1279751734385712,0.8682793164,0.9038252204,1.0487113150085714,1.045993541,1.056422018,1.00186403834,0.9625558532314287,0.9037542876,1.168967492,1.0591462997471426,1.0541421759200003,0.9477659297,1.0243551266000002,1.1390753082442857,1.035064011,1.0625243417542856,0.9885241671057142,1.085318149,1.160691616,1.188911854,1.0352609673042859,0.9437166964214285,1.367831236,1.032126486255714,0.9941615067285716,1.0629880281214283,0.9915919533,0.8785709376557143,1.0000366677842858,1.008512802,0.957053134,0.0988674625,1.847222222,1.913888889,0.7079818594,0.4505446226242857,0.3474505543,0.195625,3.585559589014286,0.06349206349,0.038673363947,-0.4354420876,0.04282893273,-0.009093618448,-0.09146909397,-0.006168074024560002,2.0183213696,1.039506698,18.65478674,29.53173944,1.822419506,2.126285714285714,2157.209969,22.11064243,-3.6788834832285717,-2.538337838,1.282627205,1.938760387,-1.40387260699,-1.123923232,0.2971650538,-0.24821750480797142,0.32700071754399995,-0.13498761280071428,8.551568232771428,5.693927995,4.681802935,5.098681808,42.46456948,61.10326455,34.72467712,21.0894968215,0.9584866021,0.1726182589,57.25170822525714,0.1032718103,0.0,20.759931868514283,1.9059206056857143,22.51475897,0.42280435137142863,1.987294898,0.0,3.591622254285715,5.653641083,-0.0532321761,0.0,0.1671880880499286,5.5,5.316788604,5.687386275,24.86087867,6.616532068714286,6.9237372,5.693927995,4.878658717842858,2.503771792,1.975789347,0.0,0.7151996025571428,0.0,3.249375236,0.0,0.049557151214285715,0.0,0.0,0.0,55.63,4.578740877,1.700610355,1.975789347,0.0,0.8012119198542856,0.1262270929,0.0,39.47712607,0.58
146.7345417,152.27942352428573,159.2846612,1.553696454,159.9102956,3.4309047647714284,158.5079717,2.954775828,3.081632653,2.7961807550428572,2.768104875,0.02210128118,49.02064596857142,0.48069877946999995,0.018859852175714283,0.6696428571,0.2451999459,1.6046717415428573,11.54866455,58.00176269057143,-8.048844056195716,-15.089078130157143,0.68682556727,-4.719285714285714,-0.4783734741,0.9778943163,7.008273862,0.6094207521,1.9507554346857143,0.8789481886714284,0.00741,6.093240071,41.8666451816,6.448020180071429,0.019749238125485714,0.03634920635,0.7868459064728571,0.3253012048,0.3696740383,1.756282835,0.656724165282857,0.4760035426,1.1348176423885719,0.6677861696,0.8395543497,1.1180255929571428,1.08409351083,1.1279751734385712,0.5679803084,0.8386123347,1.0487113150085714,0.9541353383,1.097356013,1.00186403834,0.9625558532314287,0.853861581,1.055596465,1.0591462997471426,1.0541421759200003,0.9355383035,1.0243551266000002,1.1390753082442857,1.024363792,1.0625243417542856,0.9885241671057142,1.128068154,1.033646617,1.143203379,1.0352609673042859,0.9437166964214285,1.21747363,1.032126486255714,0.9941615067285716,1.0629880281214283,1.01910024,0.8785709376557143,1.0000366677842858,1.032746105,0.8691257596,0.1356004489,1.576388889,1.598333333,0.6370068027,0.4505446226242857,0.2849899219,0.2500154321,3.585559589014286,0.06718346253,0.038673363947,-0.6986215823,0.1119224581,-0.1739882364,-0.02020572712,-0.006168074024560002,2.0183213696,1.006400534,4.965747861,16.85516317,1.837067279,2.126285714285714,2841.61897,26.76798945,-3.6788834832285717,-2.382095152,0.463343972,0.662998506,-1.40387260699,-0.923090506,0.5028612995,-0.24821750480797142,0.32700071754399995,-0.13498761280071428,8.551568232771428,16.52595619,19.74647275,0.0,12.99010427,25.47729296,16.63744226,21.0894968215,0.8319511059,0.1793667469,57.25170822525714,0.1623840997,9.531400138,20.759931868514283,1.9059206056857143,21.95893118,0.42280435137142863,2.080236877,0.0,3.591622254285715,0.0,-0.0532321761,0.0,0.1671880880499286,6.03,5.316788604,4.794537184,32.63603612,6.616532068714286,6.9237372,24.86289132,4.878658717842858,2.483395363,3.912919577,0.0,0.7151996025571428,0.0,2.728084215,5.054313254,0.049557151214285715,0.0,0.0,0.0,92.79,4.386364923,6.161894482,4.562175867,0.0,0.8012119198542856,0.1110709264,0.0,29.61817405,0.4042553191
144.6129659,152.27942352428573,155.6097154,1.603248677,159.7779981,3.4309047647714284,156.2644334,4.262210012,3.097826087,2.7961807550428572,4.533096927,0.01396334015,49.02064596857142,0.48069877946999995,0.018859852175714283,0.6160714286,0.1749130942,1.6046717415428573,7.502082094,58.00176269057143,-8.048844056195716,-15.089078130157143,0.68682556727,-4.719285714285714,-0.4026846353,0.9113279368,8.002962042,1.391840221,1.9507554346857143,0.8789481886714284,0.00118,17.19370858,41.8666451816,6.448020180071429,0.019749238125485714,0.01895965283,0.7868459064728571,0.3739098837,0.5473219742,1.287461117,0.656724165282857,0.4206854094,1.1348176423885719,0.4958887731,0.8395543497,1.1180255929571428,1.08409351083,1.1279751734385712,0.5537042388,0.9591875676,1.0487113150085714,1.145722035,0.9632324075,1.00186403834,0.9625558532314287,0.9949783805,1.075065553,1.0591462997471426,1.0541421759200003,0.9869991563,1.0243551266000002,1.1390753082442857,1.03135056,1.0625243417542856,0.9885241671057142,1.100780405,1.303101435,1.179768313,1.0352609673042859,0.9437166964214285,0.8716504942,1.032126486255714,0.9941615067285716,1.0629880281214283,1.156973344,0.8785709376557143,1.0000366677842858,1.079935485,0.8953328648,0.0867258443,2.166666667,2.131666667,0.6799092971,0.4505446226242857,0.3829758755,0.230625,3.585559589014286,0.08080808081,0.038673363947,-0.3825789487,0.03117309186,-0.1003644071,-0.1076035428,-0.006168074024560002,2.0183213696,0.5455074746,15.8245699,29.43175027,1.275626839,2.126285714285714,1925.919805,22.08827572,-3.6788834832285717,-2.41505328,0.6353178882,2.269196782,-1.40387260699,-0.6840648613,0.2413534183,-0.24821750480797142,0.32700071754399995,-0.13498761280071428,8.551568232771428,11.63444168,13.46263303,5.261891555,18.19910121,54.59730362,11.12690298,21.0894968215,0.7999282716,0.1536964219,57.25170822525714,0.1482297567,8.780830095,20.759931868514283,1.9059206056857143,34.14089006,0.42280435137142863,0.0,0.0,3.591622254285715,0.0,-0.0532321761,0.0,0.1671880880499286,5.52,5.559266895,8.780830095,9.780484743,6.616532068714286,22.96555455,5.563451492,4.878658717842858,2.525465088,0.0,0.0,0.7151996025571428,0.0,0.0,0.0,0.049557151214285715,0.0,0.0,0.0,61.58,4.350539949,29.09427658,0.0,0.0,0.8012119198542856,0.111704722,0.0,34.16878189,0.5609756098
146.020388,152.27942352428573,161.0530484,1.54895523,158.2749666,3.4309047647714284,160.3634725,3.641289438,2.716049383,2.7961807550428572,3.723905724,0.01065996358,49.02064596857142,0.48069877946999995,0.018859852175714283,0.6413043478,0.1970244911,1.6046717415428573,9.030092593,58.00176269057143,-8.048844056195716,-15.089078130157143,0.68682556727,-4.719285714285714,-0.4286544868,0.9925253564,8.00300164,1.398650725,1.9507554346857143,0.8789481886714284,0.0114,11.63444168,41.8666451816,6.448020180071429,0.019749238125485714,0.0,0.7868459064728571,0.4084880637,0.442675887,1.160861069,0.656724165282857,0.3608720747,1.1348176423885719,0.5075915501,0.8395543497,1.1180255929571428,1.08409351083,1.1279751734385712,0.559823627,0.8580228331,1.0487113150085714,1.006056223,1.002728513,1.00186403834,0.9625558532314287,0.8989585114,1.230507829,1.0591462997471426,1.0541421759200003,0.9314764397,1.0243551266000002,1.1390753082442857,0.9595582052,1.0625243417542856,0.9885241671057142,1.278304376,1.078469774,0.9762013036,1.0352609673042859,0.9437166964214285,0.827341472,1.032126486255714,0.9941615067285716,1.0629880281214283,1.148699896,0.8785709376557143,1.0000366677842858,1.22532682,1.478696432,0.01234567901,1.756944444,1.530555556,0.6800907029,0.4505446226242857,0.1912399219,0.08125,3.585559589014286,0.07602339181,0.038673363947,-0.2144819564,-0.03539900703,-0.006471309683,0.08592141884,-0.006168074024560002,2.0183213696,0.8836243386,8.827326328,21.08468864,1.139726474,2.126285714285714,1829.96633,19.9957353,-3.6788834832285717,-1.652802073,0.9285368234,1.45090375,-1.40387260699,-0.6256470175,0.09927501499,-0.24821750480797142,0.32700071754399995,-0.13498761280071428,8.551568232771428,5.693927995,8.780830095,5.098681808,18.20875424,42.82867707,11.25737949,21.0894968215,0.8201499429,0.1803913284,57.25170822525714,0.1101334744,8.780830095,20.759931868514283,1.9059206056857143,22.51475897,0.42280435137142863,0.0,0.0,3.591622254285715,0.0,-0.0532321761,3.932597317,0.1671880880499286,4.49,0.0,8.780830095,14.76446326,6.616532068714286,18.55817888,11.38785599,4.878658717842858,2.534264182,1.907150095,0.0,0.7151996025571428,0.0,0.0,0.0,0.049557151214285715,0.0,0.0,0.0,30.71,4.087730639,28.79723995,2.57165989,0.0,0.8012119198542856,0.09769712196,0.0,28.4710263,0.5555555556
144.6843737,152.27942352428573,154.6070626,1.588523216,158.0460644,3.4309047647714284,159.258248,3.333829365,3.570175439,2.7961807550428572,3.501867414,0.02437159998,49.02064596857142,0.48069877946999995,0.018859852175714283,0.696969697,0.1926230028,1.6046717415428573,12.73087274,58.00176269057143,-8.048844056195716,-15.089078130157143,0.68682556727,-4.719285714285714,-0.486833122,0.9773367753,7.009363935,1.425532331,1.9507554346857143,0.8789481886714284,0.0085,0.0,41.8666451816,6.448020180071429,0.019749238125485714,0.0,0.7868459064728571,0.4082073434,0.3979392428,1.510719666,0.656724165282857,0.4305539398,1.1348176423885719,0.5682548435,0.8395543497,1.1180255929571428,1.08409351083,1.1279751734385712,0.6296353642,0.7929875258,1.0487113150085714,1.192926647,1.017672949,1.00186403834,0.9625558532314287,0.9814693794,1.161248931,1.0591462997471426,1.0541421759200003,0.9860622306,1.0243551266000002,1.1390753082442857,1.010462715,1.0625243417542856,0.9885241671057142,0.9731241061,0.9475245937,1.012522782,1.0352609673042859,0.9437166964214285,0.8870411761,1.032126486255714,0.9941615067285716,1.0629880281214283,1.03654789,0.8785709376557143,1.0000366677842858,0.9951247578,0.7666387506,0.2532476278,3.340277778,1.917777778,0.721723356,0.4505446226242857,0.5311712648,0.375941358,3.585559589014286,0.07142857143,0.038673363947,-0.5143645271,0.0114275453,-0.1099807628,0.02535291889,-0.006168074024560002,2.0183213696,0.8561432724,13.98330084,30.58512372,1.669521253,2.126285714285714,2820.701467,33.78394872,-3.6788834832285717,-2.919741901,1.896750345,1.866950841,-1.40387260699,-0.4914359993,0.3389484633,-0.24821750480797142,0.32700071754399995,-0.13498761280071428,8.551568232771428,5.693927995,9.967957042,0.0,18.19910121,43.32193961,17.95713863,21.0894968215,0.7717925932,0.1558016895,57.25170822525714,0.08979216402,19.06280028,20.759931868514283,1.9059206056857143,28.70474243,0.42280435137142863,0.0,0.0,3.591622254285715,0.0,-0.0532321761,0.0,0.1671880880499286,3.64,9.473725908,0.0,38.04226819,6.616532068714286,6.9237372,32.10383334,4.878658717842858,2.518129829,1.913744831,0.0,0.7151996025571428,0.0,0.0,10.9615947,0.049557151214285715,0.0,1.22662373,0.0,86.55,5.028129914,12.84773888,2.15254897,0.0,0.8012119198542856,0.1422096726,0.0,37.61787068,0.5882352941
146.3350095,152.27942352428573,160.2413681,1.401361092,156.1320816,3.4309047647714284,159.2282539,2.634259259,2.913907285,2.7961807550428572,2.208881579,0.01455572918,49.02064596857142,0.48069877946999995,0.018859852175714283,0.6818181818,0.2427400715,1.6046717415428573,13.06805556,58.00176269057143,-8.048844056195716,-15.089078130157143,0.68682556727,-4.719285714285714,-0.5231631068,1.734393607,3.511590511,1.343850133,1.9507554346857143,0.8789481886714284,0.0182,0.0,41.8666451816,6.448020180071429,0.019749238125485714,0.0,0.7868459064728571,0.3063829787,0.2263926621,1.188240928,0.656724165282857,0.5295542966,1.1348176423885719,0.7249284211,0.8395543497,1.1180255929571428,1.08409351083,1.1279751734385712,1.110422765,0.8975083591,1.0487113150085714,1.151972791,1.089474568,1.00186403834,0.9625558532314287,0.8566375674,1.099948213,1.0591462997471426,1.0541421759200003,1.074297949,1.0243551266000002,1.1390753082442857,0.9962260076,1.0625243417542856,0.9885241671057142,1.207831172,1.240497152,1.245962733,1.0352609673042859,0.9437166964214285,0.8117676166,1.032126486255714,0.9941615067285716,1.0629880281214283,1.208622603,0.8785709376557143,1.0000366677842858,1.06220994,0.8584678671,0.08530149985,1.819444444,1.618888889,0.5658956916,0.4505446226242857,0.2819349962,0.157507716,3.585559589014286,0.05450733753,0.038673363947,-0.1945202094,0.0141800585,-0.07730522005,-0.1455812197,-0.006168074024560002,2.0183213696,1.286102513,25.03403413,30.55536272,1.828136085,2.126285714285714,2529.470149,26.66698472,-3.6788834832285717,-3.193505563,1.852120142,1.508190372,-1.40387260699,-0.5590176676,0.08782264172,-0.24821750480797142,0.32700071754399995,-0.13498761280071428,8.551568232771428,18.05032179,0.0,5.098681808,6.066367068,48.73693008,61.28268354,21.0894968215,0.9113768023,0.2055775358,57.25170822525714,0.05056465908,9.473725908,20.759931868514283,1.9059206056857143,28.26427081,0.42280435137142863,2.04092658,0.0,3.591622254285715,0.0,-0.0532321761,0.0,0.1671880880499286,4.14,4.736862954,0.0,64.10326663,6.616532068714286,0.0,12.11474962,4.878658717842858,2.553527452,0.0,0.0,0.7151996025571428,0.0,0.0,11.48355778,0.049557151214285715,0.0,2.375686849,0.0,65.3,4.404687016,13.63110197,6.08412525,0.0,0.8012119198542856,0.130682846,0.0,33.57731045,0.55
146.2154412,152.27942352428573,158.4589318,1.542357022,157.2302657,3.4309047647714284,159.5563365,3.065789474,3.256410256,2.7961807550428572,3.089453861,0.01387505288,49.02064596857142,0.48069877946999995,0.018859852175714283,0.65625,0.1813610699,1.6046717415428573,9.136094675,58.00176269057143,-8.048844056195716,-15.089078130157143,0.68682556727,-4.719285714285714,-0.4251730531,0.97795332,7.008272485,1.422917668,1.9507554346857143,0.8789481886714284,0.00881,0.0,41.8666451816,6.448020180071429,0.019749238125485714,0.01511994949,0.7868459064728571,0.3216630197,0.3752368429,1.363452398,0.656724165282857,0.4830918733,1.1348176423885719,0.6125355183,0.8395543497,1.1180255929571428,1.08409351083,1.1279751734385712,0.6446208113,0.9171827735,1.0487113150085714,1.026769912,1.128138916,1.00186403834,0.9625558532314287,0.9455031897,1.186114958,1.0591462997471426,1.0541421759200003,1.03761177,1.0243551266000002,1.1390753082442857,1.09932858,1.0625243417542856,0.9885241671057142,1.175361155,1.109591413,1.074254107,1.0352609673042859,0.9437166964214285,0.8646626356,1.032126486255714,0.9941615067285716,1.0629880281214283,1.006305175,0.8785709376557143,1.0000366677842858,1.036370849,1.396696775,0.1281501888,1.972222222,1.793888889,0.7413151927,0.4505446226242857,0.4323664651,0.264066358,3.585559589014286,0.05333333333,0.038673363947,-0.3606633144,-0.1157129793,-0.08039852718,0.1219732764,-0.006168074024560002,2.0183213696,0.9361330181,17.80297453,28.03162653,1.673092003,2.126285714285714,2382.792496,29.99249432,-3.6788834832285717,-2.221219464,1.049737411,2.161708624,-1.40387260699,-0.9854023396,0.2293750915,-0.24821750480797142,0.32700071754399995,-0.13498761280071428,8.551568232771428,12.2386844,0.0,5.098681808,30.33183534,48.8853911,35.53529648,21.0894968215,0.8639575323,0.1395410934,57.25170822525714,0.1056191638,4.794537184,20.759931868514283,1.9059206056857143,22.51475897,0.42280435137142863,1.614660505,0.0,3.591622254285715,0.0,-0.0532321761,0.0,0.1671880880499286,3.87,5.316788604,5.687386275,30.63960004,6.616532068714286,6.9237372,5.693927995,4.878658717842858,2.477060554,1.943539736,0.0,0.7151996025571428,0.0,2.898301157,0.0,0.049557151214285715,0.0,0.0,0.0,85.59,4.55375734,1.646649187,2.027961189,0.0,0.8012119198542856,0.07129411522,0.0,35.69888432,0.5769230769
146.2990076,152.27942352428573,160.9631389,1.467863223,160.0145037,3.4309047647714284,161.5191261,2.723809524,2.764705882,2.7961807550428572,2.308823529,0.01173112616,49.02064596857142,0.48069877946999995,0.018859852175714283,0.6428571429,0.180923789,1.6046717415428573,7.156318481,58.00176269057143,-8.048844056195716,-15.089078130157143,0.68682556727,-4.719285714285714,-0.3869295,0.992942205,3.052002653,1.508548782,1.9507554346857143,0.8789481886714284,0.0174,0.0,41.8666451816,6.448020180071429,0.019749238125485714,0.02164502165,0.7868459064728571,0.297029703,0.3427191258,1.645613007,0.656724165282857,0.472582349,1.1348176423885719,0.9790408958,0.8395543497,1.1180255929571428,1.08409351083,1.1279751734385712,0.6244725738,0.9376176771,1.0487113150085714,0.9429032258,1.167740325,1.00186403834,0.9625558532314287,0.9613404239,1.35483871,1.0591462997471426,1.0541421759200003,0.9946715687,1.0243551266000002,1.1390753082442857,1.298138356,1.0625243417542856,0.9885241671057142,1.334694204,1.189285714,1.395666132,1.0352609673042859,0.9437166964214285,0.7075968458,1.032126486255714,0.9941615067285716,1.0629880281214283,1.254132803,0.8785709376557143,1.0000366677842858,0.9937036333,1.130249442,0.03295582083,1.25,0.9866666667,0.467755102,0.4505446226242857,0.07835726883,0.0625,3.585559589014286,0.04301075269,0.038673363947,-0.595629719,-0.08998045421,-0.3602780289,-0.03932815215,-0.006168074024560002,2.0183213696,0.9988439048,8.659591027,13.59017078,1.922913832,2.126285714285714,1104.750503,20.81984617,-3.6788834832285717,-1.852069708,0.7706046443,1.253962514,-1.40387260699,-0.5810361159,0.005163340598,-0.24821750480797142,0.32700071754399995,-0.13498761280071428,8.551568232771428,11.51179077,14.95193556,0.0,24.26546827,38.11294267,23.14160933,21.0894968215,0.9399139217,0.2319437888,57.25170822525714,0.1227023691,0.0,20.759931868514283,1.9059206056857143,11.51833249,0.42280435137142863,0.0,0.0,3.591622254285715,0.0,-0.0532321761,0.0,0.1671880880499286,3.63,5.316788604,11.50524905,14.95193556,6.616532068714286,13.8474744,11.38785599,4.878658717842858,2.371086539,3.916247927,0.0,0.7151996025571428,0.0,3.290613662,0.0,0.049557151214285715,0.0,0.0,0.0,50.7,4.081059337,0.0,3.916247927,0.0,0.8012119198542856,0.01290994449,0.0,30.41087843,0.5135135135
147.6335199,152.27942352428573,157.1044313,1.517766253,158.7412315,3.4309047647714284,160.5623519,2.981317601,3.239316239,2.7961807550428572,2.790509259,0.0258332345,49.02064596857142,0.48069877946999995,0.018859852175714283,0.6796875,0.1935504969,1.6046717415428573,11.41046636,58.00176269057143,-8.048844056195716,-15.089078130157143,0.68682556727,-4.719285714285714,-0.4868281371,0.9729364648,7.008276731,1.433524982,1.9507554346857143,0.8789481886714284,0.0151,5.907179729,41.8666451816,6.448020180071429,0.019749238125485714,0.04580357143,0.7868459064728571,0.36,0.3813082811,1.58856466,0.656724165282857,0.5025856396,1.1348176423885719,0.7780701089,0.8395543497,1.1180255929571428,1.08409351083,1.1279751734385712,0.5883352896,0.8632345486,1.0487113150085714,1.135567243,1.143521911,1.00186403834,0.9625558532314287,1.020361278,1.001215896,1.0591462997471426,1.0541421759200003,1.062672999,1.0243551266000002,1.1390753082442857,0.9232710313,1.0625243417542856,0.9885241671057142,0.815198301,1.041539382,1.033484897,1.0352609673042859,0.9437166964214285,1.010172969,1.032126486255714,0.9941615067285716,1.0629880281214283,1.123276256,0.8785709376557143,1.0000366677842858,0.9848063328,0.8226033288,0.2426303438,1.729166667,1.877777778,0.6131972789,0.4505446226242857,0.3084057697,0.211882716,3.585559589014286,0.0697167756,0.038673363947,-0.5433509142,-0.02521947284,0.0390755006,-0.06941331253,-0.006168074024560002,2.0183213696,0.9138447557,14.61310424,28.18942403,1.69243792,2.126285714285714,2467.262668,31.21286219,-3.6788834832285717,-2.484280882,1.847909091,1.541481263,-1.40387260699,-0.833710637,0.2679193157,-0.24821750480797142,0.32700071754399995,-0.13498761280071428,8.551568232771428,5.693927995,9.967957042,0.0,6.066367068,55.45467375,29.2079764,21.0894968215,0.7743999773,0.1476722118,57.25170822525714,0.08080349712,14.26826309,20.759931868514283,1.9059206056857143,28.70474243,0.42280435137142863,0.0,0.0,3.591622254285715,0.0,-0.0532321761,0.0,0.1671880880499286,3.11,20.52418199,5.687386275,27.23517873,6.616532068714286,6.9237372,21.74584467,4.878658717842858,2.478998053,1.9539356,0.0,0.7151996025571428,0.0,3.330562064,10.98450347,0.049557151214285715,0.0,0.0,0.0,104.29,4.531737251,12.9814619,2.667236009,0.0,0.8012119198542856,0.08239101928,0.0,31.28229084,0.5283018868
143.4371455,152.27942352428573,155.6270044,1.618496294,151.5303032,3.4309047647714284,156.5671024,2.512641975,2.738095238,2.7961807550428572,2.004106041,0.007561650348,49.02064596857142,0.48069877946999995,0.018859852175714283,0.6388888889,0.2419704787,1.6046717415428573,14.09053871,58.00176269057143,-8.048844056195716,-15.089078130157143,0.68682556727,-4.719285714285714,-0.4356903293,0.9879334422,3.043357927,0.6267117691,1.9507554346857143,0.8789481886714284,0.00395,0.0,41.8666451816,6.448020180071429,0.019749238125485714,0.0,0.7868459064728571,0.3275434243,0.3040399669,1.136174605,0.656724165282857,0.4558431839,1.1348176423885719,0.7418125712,0.8395543497,1.1180255929571428,1.08409351083,1.1279751734385712,0.8689230801,0.8905245383,1.0487113150085714,1.128049046,0.9793702659,1.00186403834,0.9625558532314287,0.833771628,1.332037915,1.0591462997471426,1.0541421759200003,0.938148306,1.0243551266000002,1.1390753082442857,1.151411847,1.0625243417542856,0.9885241671057142,1.243615551,1.215911532,1.251924194,1.0352609673042859,0.9437166964214285,1.08578364,1.032126486255714,0.9941615067285716,1.0629880281214283,1.13436716,0.8785709376557143,1.0000366677842858,0.9751458631,1.120850387,0.06479338843,1.756944444,1.627777778,0.5258956916,0.4505446226242857,0.2126480222,0.111882716,3.585559589014286,0.06060606061,0.038673363947,-0.1452545409,-0.05621926796,-0.07467164725,-0.1651505868,-0.006168074024560002,2.0183213696,1.31496554,15.84713486,27.96991219,1.835791227,2.126285714285714,2189.823013,23.81597393,-3.6788834832285717,-2.442864868,0.9463293392,1.43764226,-1.40387260699,-0.4901868677,-0.09675969436,-0.24821750480797142,0.32700071754399995,-0.13498761280071428,8.551568232771428,5.693927995,0.0,5.098681808,19.05647134,54.48978369,40.47753073,21.0894968215,0.96234705,0.1826995524,57.25170822525714,0.0809176922,0.0,20.759931868514283,1.9059206056857143,22.51475897,0.42280435137142863,2.216390726,0.0,3.591622254285715,0.0,-0.0532321761,0.0,0.1671880880499286,4.97,0.0,0.0,25.50129539,6.616532068714286,0.0,19.03848682,4.878658717842858,2.553461894,2.174618485,0.0,0.7151996025571428,0.0,0.0,0.0,0.049557151214285715,0.0,0.0,0.0,43.6,4.37582027,2.159635561,3.156236703,0.0,0.8012119198542856,0.130682846,0.0,28.32893244,0.5106382979
143.967415,152.27942352428573,151.8389005,1.707336408,165.5694275,3.4309047647714284,149.7898893,2.57337963,2.795918367,2.7961807550428572,1.920164609,0.01110859801,49.02064596857142,0.48069877946999995,0.018859852175714283,0.6458333333,0.2516027875,1.6046717415428573,14.10204082,58.00176269057143,-8.048844056195716,-15.089078130157143,0.68682556727,-4.719285714285714,-0.363815893,0.989342054,3.040426744,0.6094207801,1.9507554346857143,0.8789481886714284,0.000915,0.0,41.8666451816,6.448020180071429,0.019749238125485714,0.01955555556,0.7868459064728571,0.3260869565,0.3581584923,1.607335958,0.656724165282857,0.4748522104,1.1348176423885719,1.088480935,0.8395543497,1.1180255929571428,1.08409351083,1.1279751734385712,0.7374781853,0.7026543877,1.0487113150085714,0.9342644125,1.07350131,1.00186403834,0.9625558532314287,1.16482858,0.6885221963,1.0591462997471426,1.0541421759200003,0.6963153841,1.0243551266000002,1.1390753082442857,1.186460407,1.0625243417542856,0.9885241671057142,1.106351562,1.517143692,1.415367987,1.0352609673042859,0.9437166964214285,1.185986541,1.032126486255714,0.9941615067285716,1.0629880281214283,1.328064093,0.8785709376557143,1.0000366677842858,0.9551049612,0.8281191018,0.02,1.506944444,1.768333333,0.7413151927,0.4505446226242857,0.2690932855,0.1296990741,3.585559589014286,0.08130081301,0.038673363947,-0.5633719317,0.02633109072,-0.02350928107,-0.2026570666,-0.006168074024560002,2.0183213696,1.122780612,2.697679302,12.37803984,1.882028166,2.126285714285714,2144.425034,25.16776928,-3.6788834832285717,-2.184060443,0.1466665857,0.5879024305,-1.40387260699,-1.085867365,0.5851707422,-0.24821750480797142,0.32700071754399995,-0.13498761280071428,8.551568232771428,16.52595619,14.95193556,0.0,26.83757867,19.05647134,22.05243273,21.0894968215,0.9139522608,0.2136141494,57.25170822525714,0.1051563642,0.0,20.759931868514283,1.9059206056857143,21.95893118,0.42280435137142863,2.214473353,0.0,3.591622254285715,0.0,-0.0532321761,0.0,0.1671880880499286,7.02,0.0,0.0,19.93591408,6.616532068714286,6.9237372,32.28954409,4.878658717842858,2.504538822,8.510922688,0.0,0.7151996025571428,0.0,0.0,0.0,0.049557151214285715,0.0,0.0,-0.0477251433,54.46,4.397443284,1.181183338,8.510922688,0.0,0.8012119198542856,0.2787760247,0.05590169944,33.04100152,0.4523809524
145.3717835,152.27942352428573,154.0950641,1.561620276,155.2590416,3.4309047647714284,156.7499278,2.783587509,2.587878788,2.7961807550428572,2.49852833,0.02474201779,49.02064596857142,0.48069877946999995,0.018859852175714283,0.6470588235,0.1900338476,1.6046717415428573,20.76538565,58.00176269057143,-8.048844056195716,-15.089078130157143,0.68682556727,-4.719285714285714,-0.5277863299,0.9871941858,3.517584118,1.419940974,1.9507554346857143,0.8789481886714284,0.000495,0.0,41.8666451816,6.448020180071429,0.019749238125485714,0.0150140056,0.7868459064728571,0.343035343,0.249986277,1.343690779,0.656724165282857,0.4817926888,1.1348176423885719,0.9097182463,0.8395543497,1.1180255929571428,1.08409351083,1.1279751734385712,1.08600169,0.7453526176,1.0487113150085714,1.296782691,1.085107768,1.00186403834,0.9625558532314287,0.9699855798,1.346785578,1.0591462997471426,1.0541421759200003,1.12925125,1.0243551266000002,1.1390753082442857,1.365953999,1.0625243417542856,0.9885241671057142,1.100237281,1.068906023,1.155926024,1.0352609673042859,0.9437166964214285,0.8344720102,1.032126486255714,0.9941615067285716,1.0629880281214283,0.972437136,0.8785709376557143,1.0000366677842858,1.021873382,0.7246017198,0.1897765534,2.6875,2.062222222,0.7885714286,0.4505446226242857,0.3769211388,0.265,3.585559589014286,0.06535947712,0.038673363947,-0.3419204503,-0.2181709805,-0.2119645207,-0.03168351535,-0.006168074024560002,2.0183213696,1.042947794,11.26610896,25.58544504,1.74794445,2.126285714285714,2005.103684,22.83805174,-3.6788834832285717,-3.231787187,1.7915859,2.137854194,-1.40387260699,-1.045342877,0.0436918678,-0.24821750480797142,0.32700071754399995,-0.13498761280071428,8.551568232771428,11.44343983,4.983978521,0.0,12.13273414,49.74276123,41.46464532,21.0894968215,0.9070762218,0.1571313878,57.25170822525714,0.06472254585,18.94745182,20.759931868514283,1.9059206056857143,40.13541516,0.42280435137142863,0.0,0.0,3.591622254285715,0.0,-0.0532321761,0.0,0.1671880880499286,5.46,24.26424042,11.37477255,31.29734967,6.616532068714286,13.8474744,11.25737949,4.878658717842858,2.419257706,8.75109199,0.0,0.7151996025571428,0.0,3.37410764,22.60493744,0.049557151214285715,0.0,0.0,0.0,74.73,5.074247918,22.60493744,3.993373943,4.757718047,0.8012119198542856,0.1162158973,0.0,38.22799714,0.4262295082
146.8695189,152.27942352428573,156.0849088,1.601379823,154.934109,3.4309047647714284,155.840365,2.914862915,2.9,2.7961807550428572,2.396766169,0.01364147573,49.02064596857142,0.48069877946999995,0.018859852175714283,0.6847826087,0.1944538739,1.6046717415428573,8.299382716,58.00176269057143,-8.048844056195716,-15.089078130157143,0.68682556727,-4.719285714285714,-0.4286202732,1.734393935,3.043587707,1.398299046,1.9507554346857143,0.8789481886714284,0.046,0.0,41.8666451816,6.448020180071429,0.019749238125485714,0.02028985507,0.7868459064728571,0.3545454545,0.3281304733,1.354680584,0.656724165282857,0.4965277778,1.1348176423885719,0.781168716,0.8395543497,1.1180255929571428,1.08409351083,1.1279751734385712,0.9321997463,0.8703211496,1.0487113150085714,1.16729294,1.063642757,1.00186403834,0.9625558532314287,0.9156973972,1.257810478,1.0591462997471426,1.0541421759200003,0.9955780127,1.0243551266000002,1.1390753082442857,1.139649924,1.0625243417542856,0.9885241671057142,1.026783908,1.063300585,1.114718615,1.0352609673042859,0.9437166964214285,0.6816516811,1.032126486255714,0.9941615067285716,1.0629880281214283,1.173397912,0.8785709376557143,1.0000366677842858,0.9206124484,1.128402678,0.004691358025,1.513888889,1.214444444,0.3501587302,0.4505446226242857,0.06627928949,0.02500771605,3.585559589014286,0.06267806268,0.038673363947,-0.332085641,-0.03387244629,-0.1658707809,0.09887680303,-0.006168074024560002,2.0183213696,1.125498866,12.40239232,22.1591619,1.718682603,2.126285714285714,1534.117111,22.96291587,-3.6788834832285717,-1.479645967,0.772397197,1.095499675,-1.40387260699,-0.8309748068,0.1936438535,-0.24821750480797142,0.32700071754399995,-0.13498761280071428,8.551568232771428,5.693927995,4.983978521,5.098681808,18.20875424,35.90493987,11.76029506,21.0894968215,0.917963125,0.2117809562,57.25170822525714,0.1029520324,0.0,20.759931868514283,1.9059206056857143,22.51475897,0.42280435137142863,1.98971238,0.0,3.591622254285715,0.0,-0.0532321761,4.254590813,0.1671880880499286,3.14,0.0,0.0,24.73242031,6.616532068714286,0.0,5.693927995,4.878658717842858,2.538080078,0.0,0.0,0.7151996025571428,0.0,0.0,0.0,0.049557151214285715,0.0,0.0,0.0,59.39,4.197074624,2.021915391,0.8053729686,0.0,0.8012119198542856,0.1044262599,0.0,24.78957248,0.6388888889
145.532927,152.27942352428573,152.8590562,1.630146282,153.2016152,3.4309047647714284,159.2967969,2.735142119,3.0,2.7961807550428572,2.761437908,0.016116055,49.02064596857142,0.48069877946999995,0.018859852175714283,0.64,0.1777525287,1.6046717415428573,9.861392029,58.00176269057143,-8.048844056195716,-15.089078130157143,0.68682556727,-4.719285714285714,-0.5293588258,0.9879796335,3.513564372,1.427567371,1.9507554346857143,0.8789481886714284,0.0206,0.0,41.8666451816,6.448020180071429,0.019749238125485714,0.01902564103,0.7868459064728571,0.2932960894,0.3196594186,1.180386931,0.656724165282857,0.5378198326,1.1348176423885719,0.8029639343,0.8395543497,1.1180255929571428,1.08409351083,1.1279751734385712,1.112950036,0.8445739723,1.0487113150085714,1.341111051,1.089181629,1.00186403834,0.9625558532314287,0.9510718319,1.091296247,1.0591462997471426,1.0541421759200003,1.121464661,1.0243551266000002,1.1390753082442857,0.9491931997,1.0625243417542856,0.9885241671057142,0.7376189085,1.057034621,0.932155461,1.0352609673042859,0.9437166964214285,0.8748161358,1.032126486255714,0.9941615067285716,1.0629880281214283,1.066529,0.8785709376557143,1.0000366677842858,1.068089503,1.13429988,0.06938271605,0.9930555556,0.9355555556,0.3386394558,0.4505446226242857,0.1768864953,0.08218364198,3.585559589014286,0.0701754386,0.038673363947,-0.2470489091,-0.09124396121,0.1103988141,0.06848487419,-0.006168074024560002,2.0183213696,1.037241775,14.27102878,23.22645939,1.76699103,2.126285714285714,1042.898545,22.03047749,-3.6788834832285717,-1.51020846,1.191624178,1.37299001,-1.40387260699,-0.9241594051,0.1992186641,-0.24821750480797142,0.32700071754399995,-0.13498761280071428,8.551568232771428,11.44343983,0.0,5.098681808,6.066367068,54.09438804,29.7174337,21.0894968215,0.9180052151,0.2740296599,57.25170822525714,0.1044424965,4.736862954,20.759931868514283,1.9059206056857143,39.52165029,0.42280435137142863,0.0,0.0,3.591622254285715,0.0,-0.0532321761,0.0,0.1671880880499286,4.5,4.736862954,0.0,27.2751182,6.616532068714286,0.0,0.0,4.878658717842858,2.434728389,1.658658386,0.0,0.7151996025571428,0.0,0.0,5.212652821,0.049557151214285715,0.0,0.0,0.0,63.69,4.343468478,5.212652821,0.0,1.658658386,0.8012119198542856,0.0761440227,0.0,26.05754667,0.5609756098
144.6129659,152.27942352428573,155.6097154,1.603248677,159.9126236,3.4309047647714284,156.127673,4.634615385,3.097826087,2.7961807550428572,4.086288416,0.01398990302,49.02064596857142,0.48069877946999995,0.018859852175714283,0.6160714286,0.1749130942,1.6046717415428573,7.502082094,58.00176269057143,-8.048844056195716,-15.089078130157143,0.68682556727,-4.719285714285714,-0.4026325556,0.911327936,8.002962042,1.394802504,1.9507554346857143,0.8789481886714284,0.00118,17.19370858,41.8666451816,6.448020180071429,0.019749238125485714,0.01895965283,0.7868459064728571,0.3739098837,0.5500419334,1.287379318,0.656724165282857,0.4206854094,1.1348176423885719,0.4958887731,0.8395543497,1.1180255929571428,1.08409351083,1.1279751734385712,0.5537042388,0.9591875676,1.0487113150085714,1.162570888,0.9632324075,1.00186403834,0.9625558532314287,0.9949783805,1.05839787,1.0591462997471426,1.0541421759200003,0.9841722306,1.0243551266000002,1.1390753082442857,1.119963018,1.0625243417542856,0.9885241671057142,1.255971915,1.320135441,1.057723315,1.0352609673042859,0.9437166964214285,0.6010365656,1.032126486255714,0.9941615067285716,1.0629880281214283,1.149411897,0.8785709376557143,1.0000366677842858,1.080222371,1.036480117,0.0867258443,2.291666667,2.016666667,0.7370975057,0.4505446226242857,0.3829758755,0.230625,3.585559589014286,0.08080808081,0.038673363947,-0.3815747069,-0.1395291995,0.02021990017,0.0677873205,-0.006168074024560002,2.0183213696,0.4953249664,15.8245699,29.45826601,1.248963952,2.126285714285714,1863.482751,22.6626124,-3.6788834832285717,-2.296887551,1.021195237,1.564705131,-1.40387260699,-0.5926879585,0.1816627621,-0.24821750480797142,0.32700071754399995,-0.13498761280071428,8.551568232771428,11.63444168,13.46263303,5.261891555,24.26546827,54.09438804,5.563451492,21.0894968215,0.794270702,0.1527083321,57.25170822525714,0.1472750351,8.780830095,20.759931868514283,1.9059206056857143,34.14089006,0.42280435137142863,0.0,0.0,3.591622254285715,0.0,-0.0532321761,0.0,0.1671880880499286,5.52,5.559266895,8.780830095,9.780484743,6.616532068714286,22.96555455,5.563451492,4.878658717842858,2.524627573,0.0,0.0,0.7151996025571428,0.0,0.0,0.0,0.049557151214285715,0.0,0.0,0.0,61.58,4.355924644,29.08398707,0.0,0.0,0.8012119198542856,0.111704722,0.0,34.16878189,0.5609756098
146.4786784,152.27942352428573,160.0880807,1.46587806,160.5538802,3.4309047647714284,159.7245958,2.872620284,3.065420561,2.7961807550428572,2.808160607,0.01976636993,49.02064596857142,0.48069877946999995,0.018859852175714283,0.6583333333,0.2621866162,1.6046717415428573,12.15770737,58.00176269057143,-8.048844056195716,-15.089078130157143,0.68682556727,-4.719285714285714,-0.4783526919,0.9778948737,7.008274275,0.6094207294,1.9507554346857143,0.8789481886714284,0.00213,6.093240071,41.8666451816,6.448020180071429,0.019749238125485714,0.03347222222,0.7868459064728571,0.3033707865,0.3520192173,1.769071294,0.656724165282857,0.4810551532,1.1348176423885719,0.6613230739,0.8395543497,1.1180255929571428,1.08409351083,1.1279751734385712,0.5542328846,0.8983535665,1.0487113150085714,0.90331039,0.99243424,1.00186403834,0.9625558532314287,0.8560985917,0.964117941,1.0591462997471426,1.0541421759200003,0.9377197517,1.0243551266000002,1.1390753082442857,0.9918074757,1.0625243417542856,0.9885241671057142,1.381216129,1.085544455,1.203444497,1.0352609673042859,0.9437166964214285,1.463734723,1.032126486255714,0.9941615067285716,1.0629880281214283,1.015006512,0.8785709376557143,1.0000366677842858,1.017486565,1.394715523,0.1556004489,1.576388889,1.598333333,0.6778231293,0.4505446226242857,0.2849899219,0.2500154321,3.585559589014286,0.06419753086,0.038673363947,-0.6969262037,0.1019724484,-0.1330312959,-0.06892485341,-0.006168074024560002,2.0183213696,1.009717786,7.628461034,17.91607126,1.841242626,2.126285714285714,3332.171455,29.23327714,-3.6788834832285717,-2.631361144,0.7864901803,0.4355746921,-1.40387260699,-0.7616776671,0.7319051574,-0.24821750480797142,0.32700071754399995,-0.13498761280071428,8.551568232771428,16.52595619,19.74647275,0.0,25.83174751,25.47729296,16.63744226,21.0894968215,0.8518448742,0.1720343588,57.25170822525714,0.1557498465,9.531400138,20.759931868514283,1.9059206056857143,21.95893118,0.42280435137142863,2.084553994,0.0,3.591622254285715,0.0,-0.0532321761,0.0,0.1671880880499286,6.81,5.316788604,4.794537184,32.63603612,6.616532068714286,6.9237372,37.70453456,4.878658717842858,2.483398458,4.078889362,0.0,0.7151996025571428,0.0,2.770193767,5.207229921,0.049557151214285715,0.0,0.0,0.0,92.79,4.389739793,6.317138587,4.76773245,0.0,0.8012119198542856,0.1110709264,0.0,30.22962691,0.358490566
146.1575842,152.27942352428573,158.5215522,1.525937962,154.6903754,3.4309047647714284,157.2015167,2.865591398,2.771653543,2.7961807550428572,2.392609127,0.0126714554,49.02064596857142,0.48069877946999995,0.018859852175714283,0.6607142857,0.2093800254,1.6046717415428573,12.19782707,58.00176269057143,-8.048844056195716,-15.089078130157143,0.68682556727,-4.719285714285714,-0.4356902739,0.9729550651,7.008272635,1.343850149,1.9507554346857143,0.8789481886714284,0.0505,0.0,41.8666451816,6.448020180071429,0.019749238125485714,0.01720032841,0.7868459064728571,0.3675,0.3093117819,1.368892033,0.656724165282857,0.4274839348,1.1348176423885719,0.5618626822,0.8395543497,1.1180255929571428,1.08409351083,1.1279751734385712,0.5444617147,0.8957294332,1.0487113150085714,1.068944679,1.11437162,1.00186403834,0.9625558532314287,0.8370681249,1.271492729,1.0591462997471426,1.0541421759200003,0.9455310014,1.0243551266000002,1.1390753082442857,1.116278734,1.0625243417542856,0.9885241671057142,0.8952672913,1.161495557,1.112480153,1.0352609673042859,0.9437166964214285,0.8684030935,1.032126486255714,0.9941615067285716,1.0629880281214283,1.163094959,0.8785709376557143,1.0000366677842858,0.9473201092,0.7661253285,0.1439669421,2.006944444,1.707777778,0.6067120181,0.4505446226242857,0.2330561854,0.147191358,3.585559589014286,0.05797101449,0.038673363947,-0.3848744463,-0.09496978933,0.002301375392,-0.02960692233,-0.006168074024560002,2.0183213696,1.249157927,14.37315563,27.81618899,1.799538379,2.126285714285714,2240.181979,24.26830234,-3.6788834832285717,-2.233708888,1.331893178,1.790397802,-1.40387260699,-0.6731780573,-0.004036518644,-0.24821750480797142,0.32700071754399995,-0.13498761280071428,8.551568232771428,5.693927995,0.0,5.098681808,12.13273414,48.73693008,48.19317072,21.0894968215,0.8612320418,0.1752688991,57.25170822525714,0.1185879739,4.794537184,20.759931868514283,1.9059206056857143,22.51475897,0.42280435137142863,1.879769411,0.0,3.591622254285715,0.0,-0.0532321761,0.0,0.1671880880499286,3.63,5.316788604,5.687386275,25.65562151,6.616532068714286,0.0,19.03848682,4.878658717842858,2.553695638,1.503322189,0.0,0.7151996025571428,0.0,2.824660018,0.0,0.049557151214285715,0.0,0.0,0.0,72.7,4.40138536,2.108416128,2.438701885,0.0,0.8012119198542856,0.130682846,0.0,27.94130786,0.5106382979
143.3483149,152.27942352428573,156.5053829,1.567993344,154.5460211,3.4309047647714284,156.4671404,2.820939803,2.810606061,2.7961807550428572,2.393897782,0.009759034512,49.02064596857142,0.48069877946999995,0.018859852175714283,0.6465517241,0.2222912538,1.6046717415428573,13.38275718,58.00176269057143,-8.048844056195716,-15.089078130157143,0.68682556727,-4.719285714285714,-0.4356906439,0.9714533864,7.014207436,0.2951903676,1.9507554346857143,0.8789481886714284,0.0188,9.837253136,41.8666451816,6.448020180071429,0.019749238125485714,0.0,0.7868459064728571,0.3120567376,0.3414941652,1.162135761,0.656724165282857,0.5146114226,1.1348176423885719,0.7089809278,0.8395543497,1.1180255929571428,1.08409351083,1.1279751734385712,0.6004880501,0.8930596023,1.0487113150085714,1.17124183,1.019574433,1.00186403834,0.9625558532314287,0.8402146835,1.133463288,1.0591462997471426,1.0541421759200003,0.8865638477,1.0243551266000002,1.1390753082442857,1.03519316,1.0625243417542856,0.9885241671057142,1.020172669,1.125466552,1.076672363,1.0352609673042859,0.9437166964214285,0.9406337266,1.032126486255714,0.9941615067285716,1.0629880281214283,1.151480537,0.8785709376557143,1.0000366677842858,0.9936585127,0.7527088267,0.1709090909,2.131944444,1.867777778,0.6499773243,0.4505446226242857,0.3476788864,0.311882716,3.585559589014286,0.08163265306,0.038673363947,-0.2202869056,0.01774014293,0.003207431361,-0.03852540894,-0.006168074024560002,2.0183213696,1.197601214,15.84713486,27.96991219,1.668496788,2.126285714285714,2254.437701,29.62403544,-3.6788834832285717,-2.856594144,1.223385607,1.399382389,-1.40387260699,-0.3288825098,0.2373472809,-0.24821750480797142,0.32700071754399995,-0.13498761280071428,8.551568232771428,5.693927995,8.417796984,5.098681808,19.05647134,48.73693008,35.58204725,21.0894968215,0.8471465343,0.1516252341,57.25170822525714,0.1004313216,8.417796984,20.759931868514283,1.9059206056857143,22.51475897,0.42280435137142863,1.587386096,0.0,3.591622254285715,0.0,-0.0532321761,0.0,0.1671880880499286,3.69,0.0,0.0,33.91909238,6.616532068714286,0.0,19.03848682,4.878658717842858,2.557071713,1.651470337,0.0,0.7151996025571428,0.0,0.0,0.0,0.049557151214285715,0.0,0.0,0.0,77.74,4.562983379,26.67357722,2.551346131,-3.283457876,0.8012119198542856,0.2825546671,0.02405626122,30.52988608,0.4897959184
148.7469203,152.27942352428573,158.6013569,1.565864707,159.9835815,3.4309047647714284,161.9911032,3.127314815,3.265486726,2.7961807550428572,2.8778826,0.01671880257,49.02064596857142,0.48069877946999995,0.018859852175714283,0.6774193548,0.2040256432,1.6046717415428573,10.63598501,58.00176269057143,-8.048844056195716,-15.089078130157143,0.68682556727,-4.719285714285714,-0.3970912534,0.911339649,6.027276508,1.434075492,1.9507554346857143,0.8789481886714284,0.0206,0.0,41.8666451816,6.448020180071429,0.019749238125485714,0.03049853372,0.7868459064728571,0.3333333333,0.4154845949,1.556239342,0.656724165282857,0.4634122443,1.1348176423885719,0.585806112,0.8395543497,1.1180255929571428,1.08409351083,1.1279751734385712,0.5524066865,0.8896698369,1.0487113150085714,1.128175182,1.087378641,1.00186403834,0.9625558532314287,0.9587793505,1.123715992,1.0591462997471426,1.0541421759200003,1.045701949,1.0243551266000002,1.1390753082442857,1.006773538,1.0625243417542856,0.9885241671057142,1.204237849,0.9537712895,1.001856451,1.0352609673042859,0.9437166964214285,1.126584531,1.032126486255714,0.9941615067285716,1.0629880281214283,0.9305213494,0.8785709376557143,1.0000366677842858,1.019738425,0.8430720638,0.1944679114,1.729166667,1.757777778,0.5331972789,0.4505446226242857,0.3699058327,0.204691358,3.585559589014286,0.06802721088,0.038673363947,-0.4898109316,-0.09203739961,-0.07541630976,0.07019490252,-0.006168074024560002,2.0183213696,0.9235193373,13.72041178,25.48287041,1.78306698,2.126285714285714,2187.811674,30.29823685,-3.6788834832285717,-1.787647228,0.7308494278,1.600092067,-1.40387260699,-0.8045552178,0.1491882889,-0.24821750480797142,0.32700071754399995,-0.13498761280071428,8.551568232771428,18.23216117,14.98529578,10.68768295,24.27512131,37.26522558,17.46698741,21.0894968215,0.8985272787,0.153641727,57.25170822525714,0.09011034916,0.0,20.759931868514283,1.9059206056857143,17.4570773,0.42280435137142863,0.0,0.0,3.591622254285715,0.0,-0.0532321761,7.30743222,0.1671880880499286,2.75,10.74258,5.687386275,26.29938345,6.616532068714286,24.42062568,22.77571198,4.878658717842858,2.479446586,1.960612362,0.0,0.7151996025571428,0.0,3.296614439,0.0,0.049557151214285715,0.0,1.720785858,0.0,107.09,4.559174955,0.0,2.394222214,0.0,0.8012119198542856,0.08448720846,0.0,30.22465849,0.5714285714
144.4433418,152.27942352428573,152.6652993,1.6359058,157.2877824,3.4309047647714284,155.5613241,4.045532646,3.44,2.7961807550428572,4.159853249,0.02397713981,49.02064596857142,0.48069877946999995,0.018859852175714283,0.65,0.1859418411,1.6046717415428573,9.074380165,58.00176269057143,-8.048844056195716,-15.089078130157143,0.68682556727,-4.719285714285714,-0.4868798843,0.9113320353,8.001920409,1.39137419,1.9507554346857143,0.8789481886714284,0.00143,11.37648774,41.8666451816,6.448020180071429,0.019749238125485714,0.01786482335,0.7868459064728571,0.3861082737,0.5013551192,1.375566915,0.656724165282857,0.458670178,1.1348176423885719,0.5165781827,0.8395543497,1.1180255929571428,1.08409351083,1.1279751734385712,0.5881161927,0.8584182711,1.0487113150085714,1.231303658,0.9401369856,1.00186403834,0.9625558532314287,1.013862802,1.057236995,1.0591462997471426,1.0541421759200003,1.043925398,1.0243551266000002,1.1390753082442857,1.008331606,1.0625243417542856,0.9885241671057142,0.9825463285,1.239457987,1.122908217,1.0352609673042859,0.9437166964214285,0.9505324754,1.032126486255714,0.9941615067285716,1.0629880281214283,1.101087121,0.8785709376557143,1.0000366677842858,1.056191083,0.9414775042,0.09009488828,2.298611111,2.197777778,0.7354648526,0.4505446226242857,0.4285793021,0.2297067901,3.585559589014286,0.07709750567,0.038673363947,-0.4180494422,0.07139000999,-0.1428045455,-0.05050573714,-0.006168074024560002,2.0183213696,0.654627845,15.04576359,31.1282403,1.316716272,2.126285714285714,2137.985131,26.03677355,-3.6788834832285717,-2.753946002,1.148440341,2.118887264,-1.40387260699,-0.637109507,0.4074166729,-0.24821750480797142,0.32700071754399995,-0.13498761280071428,8.551568232771428,5.817220841,9.072217983,5.261891555,18.19910121,48.53093655,11.12690298,21.0894968215,0.7946563913,0.1811396587,57.25170822525714,0.1115543688,13.86414096,20.759931868514283,1.9059206056857143,45.63991372,0.42280435137142863,0.0,0.0,3.591622254285715,0.0,-0.0532321761,0.0,0.1671880880499286,4.94,15.0329928,4.390415048,16.57342705,6.616532068714286,17.14833371,5.563451492,4.878658717842858,2.534674628,0.0,0.0,0.7151996025571428,0.0,0.0,10.80905451,0.049557151214285715,0.0,0.0,0.0,80.04,4.598942645,26.78348917,0.1267165641,0.0,0.8012119198542856,0.1255936109,0.0,33.94087439,0.5909090909
148.4885439,152.27942352428573,156.9498913,1.550941773,160.6751917,3.4309047647714284,163.5770398,2.569550466,3.069767442,2.7961807550428572,2.752173913,0.01425458694,49.02064596857142,0.48069877946999995,0.018859852175714283,0.6693548387,0.2197751249,1.6046717415428573,13.91975309,58.00176269057143,-8.048844056195716,-15.089078130157143,0.68682556727,-4.719285714285714,-0.3832819285,0.9929188504,3.057290394,1.43418935,1.9507554346857143,0.8789481886714284,0.0102,0.0,41.8666451816,6.448020180071429,0.019749238125485714,0.02971652004,0.7868459064728571,0.3648648649,0.3579826566,1.611020551,0.656724165282857,0.4684343434,1.1348176423885719,0.9274724302,0.8395543497,1.1180255929571428,1.08409351083,1.1279751734385712,0.6981384003,0.8342492746,1.0487113150085714,1.024674465,1.09863856,1.00186403834,0.9625558532314287,1.080794955,1.204451386,1.0591462997471426,1.0541421759200003,0.9925651784,1.0243551266000002,1.1390753082442857,0.9766883713,1.0625243417542856,0.9885241671057142,1.149542552,0.7824621227,0.7969003007,1.0352609673042859,0.9437166964214285,1.109601832,1.032126486255714,0.9941615067285716,1.0629880281214283,0.8674502868,0.8785709376557143,1.0000366677842858,0.9762463528,1.283168794,0.2026303438,2.166666667,1.988888889,0.696462585,0.4505446226242857,0.3023904006,0.324691358,3.585559589014286,0.05777777778,0.038673363947,-0.5018382988,-0.07253310188,0.1144430539,0.1413197503,-0.006168074024560002,2.0183213696,1.230017028,9.794672464,24.60238641,1.989628032,2.126285714285714,1951.964934,25.30336322,-3.6788834832285717,-2.791507448,0.9913844917,1.284446728,-1.40387260699,-0.9020991131,0.1596107264,-0.24821750480797142,0.32700071754399995,-0.13498761280071428,8.551568232771428,12.16293986,14.98529578,5.425791397,18.20875424,62.23960296,23.15437369,21.0894968215,0.8852970527,0.1597286254,57.25170822525714,0.09341899671,0.0,20.759931868514283,1.9059206056857143,11.38785599,0.42280435137142863,0.0,0.0,3.591622254285715,0.0,-0.0532321761,7.447733822,0.1671880880499286,3.76,10.74258,5.687386275,26.29938345,6.616532068714286,26.93698721,28.33916347,4.878658717842858,2.47919456,6.193937567,0.0,0.7151996025571428,0.0,3.481244069,0.0,0.049557151214285715,0.0,1.754872175,0.0,83.3,4.548122311,0.0,6.770602974,0.0,0.8012119198542856,0.06365387513,0.0,30.15823057,0.5185185185
146.9088126,152.27942352428573,157.1375709,1.547045413,158.8014546,3.4309047647714284,160.6937876,3.079231644,3.25210084,2.7961807550428572,2.87654321,0.02379145548,49.02064596857142,0.48069877946999995,0.018859852175714283,0.6742424242,0.1946720032,1.6046717415428573,9.287379973,58.00176269057143,-8.048844056195716,-15.089078130157143,0.68682556727,-4.719285714285714,-0.4868321942,0.968524792,7.014216481,0.3002066653,1.9507554346857143,0.8789481886714284,0.0159,10.02329115,41.8666451816,6.448020180071429,0.019749238125485714,0.0468013468,0.7868459064728571,0.3127659574,0.4172835455,1.577231837,0.656724165282857,0.6112817258,1.1348176423885719,0.8911538631,0.8395543497,1.1180255929571428,1.08409351083,1.1279751734385712,0.5185653573,0.8647754529,1.0487113150085714,1.104999801,1.126232062,1.00186403834,0.9625558532314287,1.024257192,0.9532532849,1.0591462997471426,1.0541421759200003,1.003784211,1.0243551266000002,1.1390753082442857,0.9451028777,1.0625243417542856,0.9885241671057142,0.885335704,0.9915088444,0.9677419817,1.0352609673042859,0.9437166964214285,1.054080573,1.032126486255714,0.9941615067285716,1.0629880281214283,1.130253194,0.8785709376557143,1.0000366677842858,0.9642933756,0.8115715237,0.2956881951,1.979166667,1.917777778,0.6540136054,0.4505446226242857,0.3577884858,0.2425,3.585559589014286,0.07407407407,0.038673363947,-0.5304780801,-0.05772794357,0.06114549491,-0.05685607028,-0.006168074024560002,2.0183213696,0.8910717412,14.61310424,26.46701045,1.463271253,2.126285714285714,2519.307196,36.96481016,-3.6788834832285717,-3.197433137,1.505550769,1.336993208,-1.40387260699,-0.6494732285,0.5399820394,-0.24821750480797142,0.32700071754399995,-0.13498761280071428,8.551568232771428,5.693927995,23.52472776,0.0,6.066367068,55.45467375,23.64452491,21.0894968215,0.7361378748,0.1482338421,57.25170822525714,0.07763040083,17.89152289,20.759931868514283,1.9059206056857143,28.70474243,0.42280435137142863,0.0,0.0,3.591622254285715,0.0,-0.0532321761,0.0,0.1671880880499286,2.01,19.92948825,5.687386275,29.74579598,6.616532068714286,6.9237372,11.38785599,4.878658717842858,2.479150728,1.935539908,0.0,0.7151996025571428,0.0,3.259558663,10.9624359,0.049557151214285715,0.0,0.0,0.0,121.36,4.583601775,35.82502592,2.560057898,-3.727789,0.8012119198542856,0.1929949,0.01964185503,33.91662091,0.5185185185
146.0295952,152.27942352428573,154.6627463,1.74455896,156.0859804,3.4309047647714284,156.9824689,2.778184778,3.479166667,2.7961807550428572,2.678656709,0.01343402776,49.02064596857142,0.48069877946999995,0.018859852175714283,0.6666666667,0.2225054328,1.6046717415428573,8.401991852,58.00176269057143,-8.048844056195716,-15.089078130157143,0.68682556727,-4.719285714285714,-0.3836347181,0.9929414619,3.057283058,0.6049843636,1.9507554346857143,0.8789481886714284,0.00156,0.0,41.8666451816,6.448020180071429,0.019749238125485714,0.01650793651,0.7868459064728571,0.3278114049,0.4716029822,1.616848692,0.656724165282857,0.5479366939,1.1348176423885719,0.8526267472,0.8395543497,1.1180255929571428,1.08409351083,1.1279751734385712,0.9069794489,0.8152846252,1.0487113150085714,1.013559936,1.039761687,1.00186403834,0.9625558532314287,0.9970488836,0.9920161512,1.0591462997471426,1.0541421759200003,1.295444741,1.0243551266000002,1.1390753082442857,1.011539262,1.0625243417542856,0.9885241671057142,1.331463636,1.056333682,1.110380088,1.0352609673042859,0.9437166964214285,1.311071099,1.032126486255714,0.9941615067285716,1.0629880281214283,1.174387659,0.8785709376557143,1.0000366677842858,0.9822380494,0.8673471306,0.2026303438,1.479166667,1.797777778,0.5723809524,0.4505446226242857,0.2590230537,0.211882716,3.585559589014286,0.06481481481,0.038673363947,-0.5549134885,0.1126688495,-0.1578171439,0.1370045912,-0.006168074024560002,2.0183213696,1.134644105,11.96691268,24.04739053,1.890160077,2.126285714285714,2203.569401,28.71703635,-3.6788834832285717,-2.514754953,-0.2894025073,0.6115351874,-1.40387260699,-0.5950689764,0.4631121564,-0.24821750480797142,0.32700071754399995,-0.13498761280071428,8.551568232771428,12.03246336,14.98529578,5.425791397,47.21284708,42.82867707,29.03437713,21.0894968215,0.9035801957,0.1705155979,57.25170822525714,0.105417972,0.0,20.759931868514283,1.9059206056857143,11.38785599,0.42280435137142863,0.0,0.0,3.591622254285715,0.0,-0.0532321761,7.516015789,0.1671880880499286,4.47,10.74258,5.13155848,21.31540493,6.616532068714286,13.08951281,16.13452668,4.878658717842858,2.478903901,1.982841128,5.985401454,0.7151996025571428,0.0,3.429276266,0.0,0.049557151214285715,0.0,1.767180181,0.0,67.51,4.498947703,0.0,2.642483408,0.0,0.8012119198542856,0.1146045727,0.0,30.07588135,0.5957446809
150.0218546,152.27942352428573,162.9071435,1.551155196,159.9432576,3.4309047647714284,163.3945515,3.299196787,2.961038961,2.7961807550428572,3.018518519,0.01576077397,49.02064596857142,0.48069877946999995,0.018859852175714283,0.68,0.1802456283,1.6046717415428573,10.851875,58.00176269057143,-8.048844056195716,-15.089078130157143,0.68682556727,-4.719285714285714,-0.4340990214,0.9929407581,8.001918197,1.409403453,1.9507554346857143,0.8789481886714284,0.0643,5.817220841,41.8666451816,6.448020180071429,0.019749238125485714,0.02079120879,0.7868459064728571,0.3765281174,0.32104177,1.288865257,0.656724165282857,0.4028651815,1.1348176423885719,0.5775459259,0.8395543497,1.1180255929571428,1.08409351083,1.1279751734385712,0.6246353563,0.7875019701,1.0487113150085714,1.161649454,1.095208907,1.00186403834,0.9625558532314287,0.9115842958,1.280117327,1.0591462997471426,1.0541421759200003,1.147934883,1.0243551266000002,1.1390753082442857,1.126584574,1.0625243417542856,0.9885241671057142,0.8561043126,0.9030717464,1.116341462,1.0352609673042859,0.9437166964214285,0.9245077037,1.032126486255714,0.9941615067285716,1.0629880281214283,1.137464516,0.8785709376557143,1.0000366677842858,0.8795302852,0.691816444,0.1357024793,2.097222222,1.248888889,0.4147845805,0.4505446226242857,0.2048217435,0.18,3.585559589014286,0.07222222222,0.038673363947,-0.270498605,-0.07034949566,-0.1223523558,-0.1029061835,-0.006168074024560002,2.0183213696,0.8609475519,6.069430483,17.35618681,1.404257219,2.126285714285714,933.9882592,22.37169179,-3.6788834832285717,-2.109340779,0.7544204297,1.608905417,-1.40387260699,-0.7253544186,0.06196991717,-0.24821750480797142,0.32700071754399995,-0.13498761280071428,8.551568232771428,16.72732943,9.374393569,5.098681808,0.0,37.25557254,30.8226734,21.0894968215,0.8585318053,0.1873339944,57.25170822525714,0.0882659421,4.390415048,20.759931868514283,1.9059206056857143,11.38785599,0.42280435137142863,1.688794654,0.0,3.591622254285715,0.0,-0.0532321761,0.0,0.1671880880499286,2.96,5.316788604,15.7651876,24.73242031,6.616532068714286,12.74095804,5.693927995,4.878658717842858,2.448407349,3.680913601,0.0,0.7151996025571428,0.0,3.327026172,0.0,0.049557151214285715,0.0,0.0,0.0,68.52,4.263284078,15.84917641,1.820582491,1.86033111,0.8012119198542856,0.08220369498,0.0,25.40958791,0.55
148.4111189,152.27942352428573,158.4354811,1.535474468,158.9463001,3.4309047647714284,162.0193274,2.954248366,3.087301587,2.7961807550428572,2.925287356,0.01659012321,49.02064596857142,0.48069877946999995,0.018859852175714283,0.671875,0.2116649676,1.6046717415428573,12.16518334,58.00176269057143,-8.048844056195716,-15.089078130157143,0.68682556727,-4.719285714285714,-0.3856228635,0.9729364532,7.008272924,1.434196465,1.9507554346857143,0.8789481886714284,0.0476,0.0,41.8666451816,6.448020180071429,0.019749238125485714,0.03008578431,0.7868459064728571,0.3568281938,0.395568724,1.535897833,0.656724165282857,0.4514178773,1.1348176423885719,0.6384461648,0.8395543497,1.1180255929571428,1.08409351083,1.1279751734385712,0.6201694087,0.8711516523,1.0487113150085714,1.077703944,1.175731369,1.00186403834,0.9625558532314287,0.9805301307,1.082947805,1.0591462997471426,1.0541421759200003,1.078199442,1.0243551266000002,1.1390753082442857,0.9327185025,1.0625243417542856,0.9885241671057142,1.308018056,0.8997378311,1.019042337,1.0352609673042859,0.9437166964214285,1.16166739,1.032126486255714,0.9941615067285716,1.0629880281214283,0.926541931,0.8785709376557143,1.0000366677842858,1.043039165,0.5261713645,0.2356881951,1.854166667,1.957777778,0.614829932,0.4505446226242857,0.2711404006,0.2940740741,3.585559589014286,0.06535947712,0.038673363947,-0.4910888196,0.08655815039,-0.1058824453,-0.0431214025,-0.006168074024560002,2.0183213696,0.9263898979,11.82790416,25.86406442,1.805858471,2.126285714285714,2259.568145,30.23285924,-3.6788834832285717,-2.357136065,1.250027542,1.641201356,-1.40387260699,-0.7739136444,0.003488957098,-0.24821750480797142,0.32700071754399995,-0.13498761280071428,8.551568232771428,12.16293986,14.98529578,5.425791397,24.27512131,44.18896278,28.71782518,21.0894968215,0.8417262004,0.1491359745,57.25170822525714,0.08722449459,4.794537184,20.759931868514283,1.9059206056857143,11.38785599,0.42280435137142863,0.0,0.0,3.591622254285715,0.0,-0.0532321761,7.32461262,0.1671880880499286,3.16,10.74258,5.687386275,32.0826284,6.616532068714286,13.08951281,34.49398636,4.878658717842858,2.479111826,3.524287001,0.0,0.7151996025571428,0.0,3.342632958,0.0,0.049557151214285715,0.0,1.724846371,0.0,100.37,4.547271052,0.0,3.988318243,0.0,0.8012119198542856,0.097674566,0.0,30.24433177,0.5283018868
145.9988968,152.27942352428573,153.8651411,1.712631764,157.2383784,3.4309047647714284,157.1023978,3.039116309,3.510204082,2.7961807550428572,2.85606894,0.01398932191,49.02064596857142,0.48069877946999995,0.018859852175714283,0.6612903226,0.2145229825,1.6046717415428573,9.328125,58.00176269057143,-8.048844056195716,-15.089078130157143,0.68682556727,-4.719285714285714,-0.3983578889,0.9113366495,6.027276383,0.60498736,1.9507554346857143,0.8789481886714284,0.00666,0.0,41.8666451816,6.448020180071429,0.019749238125485714,0.01559139785,0.7868459064728571,0.3237885463,0.4448631839,1.568695073,0.656724165282857,0.4981370573,1.1348176423885719,0.5671182007,0.8395543497,1.1180255929571428,1.08409351083,1.1279751734385712,0.577404318,0.8340867552,1.0487113150085714,1.013752634,1.041351748,1.00186403834,0.9625558532314287,1.010419693,1.079573421,1.0591462997471426,1.0541421759200003,1.116738311,1.0243551266000002,1.1390753082442857,0.9616662427,1.0625243417542856,0.9885241671057142,1.2968241,1.023437312,1.036564102,1.0352609673042859,0.9437166964214285,1.344695422,1.032126486255714,0.9941615067285716,1.0629880281214283,1.026028723,0.8785709376557143,1.0000366677842858,0.9713617994,0.6380288783,0.1695724926,1.729166667,1.837777778,0.614829932,0.4505446226242857,0.2711404006,0.269382716,3.585559589014286,0.0589569161,0.038673363947,-0.534469659,0.04449621576,-0.05644050626,-0.1211845011,-0.006168074024560002,2.0183213696,1.02320892,13.77113205,25.27831061,1.798404767,2.126285714285714,2723.437559,28.89842334,-3.6788834832285717,-2.325355846,-0.2781968411,1.291577699,-1.40387260699,-0.5431504472,0.1454258399,-0.24821750480797142,0.32700071754399995,-0.13498761280071428,8.551568232771428,6.338535363,14.98529578,10.68768295,35.61190719,42.82867707,24.01174382,21.0894968215,0.905564772,0.1619215929,57.25170822525714,0.1001055623,0.0,20.759931868514283,1.9059206056857143,16.6402965,0.42280435137142863,0.0,0.0,3.591622254285715,0.0,-0.0532321761,7.385450718,0.1671880880499286,3.87,10.74258,5.13155848,21.31540493,6.616532068714286,24.42062568,22.51475897,4.878658717842858,2.479015615,1.979185672,0.0,0.7151996025571428,0.0,3.394801587,0.0,0.049557151214285715,0.0,1.738711849,0.0,91.3,4.520309251,0.0,2.553858816,0.0,0.8012119198542856,0.1073021503,0.0,30.07249401,0.5833333333
148.8349854,152.27942352428573,156.4040319,1.679710867,154.8192767,3.4309047647714284,160.5123403,3.242078189,2.948275862,2.7961807550428572,2.757037037,0.03314205788,49.02064596857142,0.48069877946999995,0.018859852175714283,0.7023809524,0.2126786451,1.6046717415428573,9.099173554,58.00176269057143,-8.048844056195716,-15.089078130157143,0.68682556727,-4.719285714285714,-0.4868649305,0.9929424288,4.005301525,0.6101389397,1.9507554346857143,0.8789481886714284,0.0762,0.0,41.8666451816,6.448020180071429,0.019749238125485714,0.07023809524,0.7868459064728571,0.396039604,0.3843374984,1.626544529,0.656724165282857,0.5030019797,1.1348176423885719,1.145877989,0.8395543497,1.1180255929571428,1.08409351083,1.1279751734385712,0.7504116714,0.7334362995,1.0487113150085714,1.123141655,1.165982519,1.00186403834,0.9625558532314287,0.9613799912,1.124637681,1.0591462997471426,1.0541421759200003,1.252709893,1.0243551266000002,1.1390753082442857,0.9678173121,1.0625243417542856,0.9885241671057142,1.221642234,1.16057971,1.101392269,1.0352609673042859,0.9437166964214285,0.9840342229,1.032126486255714,0.9941615067285716,1.0629880281214283,1.212869838,0.8785709376557143,1.0000366677842858,0.8625595605,1.193856341,0.02,1.451388889,1.233333333,0.5258956916,0.4505446226242857,0.1222206475,0.055625,3.585559589014286,0.06984126984,0.038673363947,-0.6089468803,0.06485725483,-0.09380630248,0.02233338818,-0.006168074024560002,2.0183213696,0.965933432,2.697679302,12.37803984,1.880533352,2.126285714285714,1314.287359,21.75128385,-3.6788834832285717,-1.919094446,0.5303720481,0.6480669391,-1.40387260699,-0.6072280764,0.2985264379,-0.24821750480797142,0.32700071754399995,-0.13498761280071428,8.551568232771428,10.70155169,9.967957042,0.0,0.0,25.12283841,16.63744226,21.0894968215,0.7837736492,0.2004813414,57.25170822525714,0.1020099945,9.473725908,20.759931868514283,1.9059206056857143,33.45795484,0.42280435137142863,0.0,0.0,3.591622254285715,0.0,-0.0532321761,0.0,0.1671880880499286,3.8,15.20739338,5.948339281,21.74487787,6.616532068714286,6.9237372,5.693927995,4.878658717842858,2.476523727,1.954622494,0.0,0.7151996025571428,0.0,0.0,10.74599844,0.049557151214285715,0.0,0.0,0.0,86.05,4.228221225,10.74599844,2.207036964,0.0,0.8012119198542856,0.07931626887,0.0,27.76816663,0.5757575758
148.5111826,152.27942352428573,158.5092233,1.550384998,159.6436914,3.4309047647714284,161.7930975,3.031848659,3.146341463,2.7961807550428572,2.900545635,0.0157246166,49.02064596857142,0.48069877946999995,0.018859852175714283,0.671875,0.2094889322,1.6046717415428573,10.13609467,58.00176269057143,-8.048844056195716,-15.089078130157143,0.68682556727,-4.719285714285714,-0.4083836897,0.9110327994,6.027275724,1.424267567,1.9507554346857143,0.8789481886714284,0.0515,0.0,41.8666451816,6.448020180071429,0.019749238125485714,0.02941176471,0.7868459064728571,0.3223684211,0.4023134061,1.549150028,0.656724165282857,0.4833819389,1.1348176423885719,0.58399396,0.8395543497,1.1180255929571428,1.08409351083,1.1279751734385712,0.5708954067,0.9171861945,1.0487113150085714,1.051515508,1.107254195,1.00186403834,0.9625558532314287,1.008991876,1.112269737,1.0591462997471426,1.0541421759200003,1.041207467,1.0243551266000002,1.1390753082442857,0.9679134186,1.0625243417542856,0.9885241671057142,1.16537344,0.9325317604,0.9656143368,1.0352609673042859,0.9437166964214285,1.168789929,1.032126486255714,0.9941615067285716,1.0629880281214283,0.9396603734,0.8785709376557143,1.0000366677842858,1.034756669,0.9210154176,0.1895724926,1.729166667,1.837777778,0.654829932,0.4505446226242857,0.2711404006,0.269382716,3.585559589014286,0.05777777778,0.038673363947,-0.4788635202,-0.002590437511,0.0166322191,-0.07329736105,-0.006168074024560002,2.0183213696,0.9753873987,15.67449932,26.52683459,1.942465128,2.126285714285714,2526.494757,29.92663584,-3.6788834832285717,-2.751063629,0.5642247774,1.502192319,-1.40387260699,-0.7404977699,0.2451598205,-0.24821750480797142,0.32700071754399995,-0.13498761280071428,8.551568232771428,12.16293986,14.98529578,10.68768295,24.27512131,42.82867707,23.15437369,21.0894968215,0.9035003084,0.1522656084,57.25170822525714,0.08905243654,0.0,20.759931868514283,1.9059206056857143,17.4570773,0.42280435137142863,0.0,0.0,3.591622254285715,0.0,-0.0532321761,7.355131966,0.1671880880499286,3.14,10.74258,5.687386275,26.29938345,6.616532068714286,24.42062568,22.77571198,4.878658717842858,2.479029471,1.969942999,0.0,0.7151996025571428,0.0,3.388982164,0.0,0.049557151214285715,0.0,1.732222834,0.0,107.09,4.526849527,0.0,2.470332187,0.0,0.8012119198542856,0.06365387513,0.0,28.59441315,0.5384615385
149.5353358,152.27942352428573,158.1605413,1.546868551,158.5727552,3.4309047647714284,162.6646942,2.744089835,2.904109589,2.7961807550428572,2.758355917,0.02396427595,49.02064596857142,0.48069877946999995,0.018859852175714283,0.6893939394,0.2122635027,1.6046717415428573,17.76913265,58.00176269057143,-8.048844056195716,-15.089078130157143,0.68682556727,-4.719285714285714,-0.5270965492,0.9871956667,3.515313479,1.424173312,1.9507554346857143,0.8789481886714284,0.0315,0.0,41.8666451816,6.448020180071429,0.019749238125485714,0.03036075036,0.7868459064728571,0.349137931,0.3207065023,1.467114642,0.656724165282857,0.4786464836,1.1348176423885719,0.868635332,0.8395543497,1.1180255929571428,1.08409351083,1.1279751734385712,1.045183051,0.7736002982,1.0487113150085714,1.261744709,1.081460674,1.00186403834,0.9625558532314287,0.9469667197,1.296998135,1.0591462997471426,1.0541421759200003,1.108256262,1.0243551266000002,1.1390753082442857,1.154795017,1.0625243417542856,0.9885241671057142,0.853454002,0.7923909579,0.7959686916,1.0352609673042859,0.9437166964214285,0.7879618576,1.032126486255714,0.9941615067285716,1.0629880281214283,0.8160360978,0.8785709376557143,1.0000366677842858,1.047999837,0.9529206713,0.2275257627,2.166666667,2.068888889,0.614829932,0.4505446226242857,0.4011558327,0.309382716,3.585559589014286,0.07264957265,0.038673363947,-0.4221932456,-0.2167273575,0.03208325963,0.1813631051,-0.006168074024560002,2.0183213696,0.9310836052,9.857598928,23.997636,1.857941804,2.126285714285714,2416.366032,29.9861309,-3.6788834832285717,-2.631215133,1.150052449,1.66330387,-1.40387260699,-0.8999377555,0.1284730873,-0.24821750480797142,0.32700071754399995,-0.13498761280071428,8.551568232771428,12.16293986,14.98529578,5.425791397,18.20875424,37.26522558,17.46698741,21.0894968215,0.8749756315,0.1565571095,57.25170822525714,0.07019953079,9.473725908,20.759931868514283,1.9059206056857143,22.88687966,0.42280435137142863,0.0,0.0,3.591622254285715,0.0,-0.0532321761,7.356082999,0.1671880880499286,2.83,20.21630591,5.687386275,40.51897853,6.616532068714286,13.08951281,17.21226049,4.878658717842858,2.480066464,5.21020126,0.0,0.7151996025571428,0.0,3.388836661,10.9234963,0.049557151214285715,0.0,1.732637327,0.0,101.76,4.664261695,10.9234963,2.423070291,3.239425628,0.8012119198542856,0.09041339701,0.0,31.11015337,0.5
143.850185,152.27942352428573,154.4014992,1.585744614,155.4123744,3.4309047647714284,156.1039492,2.648148148,2.632183908,2.7961807550428572,2.086894587,0.006909341292,49.02064596857142,0.48069877946999995,0.018859852175714283,0.625,0.2092807627,1.6046717415428573,12.0591716,58.00176269057143,-8.048844056195716,-15.089078130157143,0.68682556727,-4.719285714285714,-0.4286572913,0.992941462,3.040345304,1.399843898,1.9507554346857143,0.8789481886714284,0.0108,0.0,41.8666451816,6.448020180071429,0.019749238125485714,0.0,0.7868459064728571,0.3644859813,0.3332866318,1.194450889,0.656724165282857,0.4537702221,1.1348176423885719,0.8932556346,0.8395543497,1.1180255929571428,1.08409351083,1.1279751734385712,0.7688163776,0.8364624939,1.0487113150085714,1.031690681,1.109027968,1.00186403834,0.9625558532314287,0.9747042048,1.183351632,1.0591462997471426,1.0541421759200003,0.9735993809,1.0243551266000002,1.1390753082442857,1.163828941,1.0625243417542856,0.9885241671057142,1.471735481,1.16420141,1.383321908,1.0352609673042859,0.9437166964214285,0.9650451815,1.032126486255714,0.9941615067285716,1.0629880281214283,1.172301398,0.8785709376557143,1.0000366677842858,1.049305428,1.103869226,0.01234567901,1.569444444,1.419444444,0.4907482993,0.4505446226242857,0.1456364953,0.065625,3.585559589014286,0.06790123457,0.038673363947,-0.1433039918,0.1520769017,-0.345181678,-0.1068096725,-0.006168074024560002,2.0183213696,1.26234854,10.99723661,21.16131431,2.012621646,2.126285714285714,1696.043633,17.57770004,-3.6788834832285717,-1.689679101,0.7256466006,0.8367266263,-1.40387260699,-0.5165295323,0.1505463994,-0.24821750480797142,0.32700071754399995,-0.13498761280071428,8.551568232771428,5.693927995,0.0,5.098681808,41.97130694,37.61968013,11.25737949,21.0894968215,0.988609627,0.2056364325,57.25170822525714,0.09412488023,0.0,20.759931868514283,1.9059206056857143,22.51475897,0.42280435137142863,0.0,0.0,3.591622254285715,0.0,-0.0532321761,4.30055839,0.1671880880499286,4.18,0.0,0.0,14.76446326,6.616532068714286,13.8474744,16.95130748,4.878658717842858,2.529904177,4.118896841,0.0,0.7151996025571428,0.0,0.0,0.0,0.049557151214285715,0.0,0.0,0.0,30.71,3.992545729,2.050136054,4.952240489,0.0,0.8012119198542856,0.08579236005,0.0,25.11379186,0.5128205128
143.364057,152.27942352428573,150.688989,1.975363773,153.3114982,3.4309047647714284,160.0139153,2.694954451,3.736842105,2.7961807550428572,2.792998063,0.0156180897,49.02064596857142,0.48069877946999995,0.018859852175714283,0.65625,0.2007314057,1.6046717415428573,7.204081633,58.00176269057143,-8.048844056195716,-15.089078130157143,0.68682556727,-4.719285714285714,-0.5293583159,0.9877778018,3.513558004,0.6049902606,1.9507554346857143,0.8789481886714284,0.000382,0.0,41.8666451816,6.448020180071429,0.019749238125485714,0.0,0.7868459064728571,0.3578621224,0.5510829059,1.363472932,0.656724165282857,0.5652870843,1.1348176423885719,0.8343273305,0.8395543497,1.1180255929571428,1.08409351083,1.1279751734385712,1.177694743,0.6943112757,1.0487113150085714,1.116592345,1.057326469,1.00186403834,0.9625558532314287,0.9452846976,0.7628205128,1.0591462997471426,1.0541421759200003,1.139788242,1.0243551266000002,1.1390753082442857,0.9068803068,1.0625243417542856,0.9885241671057142,0.8981836777,1.026873767,1.081639954,1.0352609673042859,0.9437166964214285,1.47724548,1.032126486255714,0.9941615067285716,1.0629880281214283,1.029673086,0.8785709376557143,1.0000366677842858,0.8532996955,1.13245884,0.1030507091,1.701388889,1.255555556,0.3109297052,0.4505446226242857,0.1793981481,0.1125,3.585559589014286,0.07407407407,0.038673363947,-0.3973774462,0.01532299881,0.2160551123,-0.1601231853,-0.006168074024560002,2.0183213696,1.013495682,6.22745723,16.92723598,1.713681632,2.126285714285714,601.8676961,22.42939322,-3.6788834832285717,-1.448137018,0.3333577517,1.397488107,-1.40387260699,-0.5619087632,-0.162483159,-0.24821750480797142,0.32700071754399995,-0.13498761280071428,8.551568232771428,10.75713553,9.499376415,5.098681808,34.53866566,42.46456948,16.1495363,21.0894968215,0.9208351659,0.3157488359,57.25170822525714,0.1350816635,4.736862954,20.759931868514283,1.9059206056857143,27.57796651,0.42280435137142863,0.8072543724,0.0,3.591622254285715,0.0,-0.0532321761,0.0,0.1671880880499286,5.35,4.736862954,0.0,21.70785576,6.616532068714286,0.0,0.0,4.878658717842858,2.492512437,1.647761911,12.19931621,0.7151996025571428,0.0,0.0,5.175480683,0.049557151214285715,0.0,0.0,0.0,39.42,4.15988082,6.943835354,0.0,1.647761911,0.8012119198542856,0.1399133806,0.0,34.94713969,0.5714285714
146.4107325,152.27942352428573,154.3310412,1.814715801,155.8610636,3.4309047647714284,155.2294906,3.500494918,3.847058824,2.7961807550428572,3.042703094,0.02689214999,49.02064596857142,0.48069877946999995,0.018859852175714283,0.6666666667,0.250969533,1.6046717415428573,8.830123457,58.00176269057143,-8.048844056195716,-15.089078130157143,0.68682556727,-4.719285714285714,-0.4060531215,0.9725391961,7.009375612,0.6048934242,1.9507554346857143,0.8789481886714284,0.0105,18.42124142,41.8666451816,6.448020180071429,0.019749238125485714,0.05181818182,0.7868459064728571,0.42,0.5362093358,1.626006942,0.656724165282857,0.5269968588,1.1348176423885719,0.6922530943,0.8395543497,1.1180255929571428,1.08409351083,1.1279751734385712,0.4667402979,0.8644139294,1.0487113150085714,0.8654359035,0.9252384091,1.00186403834,0.9625558532314287,0.8368710361,0.9869520598,1.0591462997471426,1.0541421759200003,1.143224693,1.0243551266000002,1.1390753082442857,1.061952688,1.0625243417542856,0.9885241671057142,0.8621264366,1.057625348,0.9955832527,1.0352609673042859,0.9437166964214285,0.8792052488,1.032126486255714,0.9941615067285716,1.0629880281214283,1.050342088,0.8785709376557143,1.0000366677842858,0.9282519765,0.8501270073,0.1707050301,3.069444444,1.762222222,0.8819047619,0.4505446226242857,0.4613803855,0.4122067901,3.585559589014286,0.07060185185,0.038673363947,-0.6289348213,0.162400935,0.05778296979,-0.07677209313,-0.006168074024560002,2.0183213696,1.032131168,5.632365142,20.07206199,1.793720513,2.126285714285714,3118.171993,25.83589666,-3.6788834832285717,-1.986045392,1.142050741,1.055188479,-1.40387260699,-0.2473288575,0.3250726875,-0.24821750480797142,0.32700071754399995,-0.13498761280071428,8.551568232771428,15.87291419,9.499376415,5.098681808,47.44927841,31.05039749,17.16874381,21.0894968215,0.7348145245,0.1761797456,57.25170822525714,0.1186519305,14.69560176,20.759931868514283,1.9059206056857143,11.25737949,0.42280435137142863,0.7375824358,0.0,3.591622254285715,5.205926291,-0.0532321761,1.690547997,0.1671880880499286,3.66,5.733667477,5.687386275,47.34627086,6.616532068714286,0.0,29.46110098,4.878658717842858,2.557663321,0.0,0.0,0.7151996025571428,9.056324159,0.0,0.0,0.049557151214285715,0.48069092,1.086558406,0.0,113.82,4.512952422,1.96989914,-0.4638617936,0.0,0.8012119198542856,0.3209421867,0.0,31.94751282,0.5111111111
143.8295718,152.27942352428573,151.4616945,1.907957164,152.1720954,3.4309047647714284,155.8835336,2.595061728,3.068181818,2.7961807550428572,2.168381344,0.015439973,49.02064596857142,0.48069877946999995,0.018859852175714283,0.675,0.2191274243,1.6046717415428573,7.52,58.00176269057143,-8.048844056195716,-15.089078130157143,0.68682556727,-4.719285714285714,-0.3622990067,0.9938484478,3.042257683,0.6094208209,1.9507554346857143,0.8789481886714284,0.0134,0.0,41.8666451816,6.448020180071429,0.019749238125485714,0.02412698413,0.7868459064728571,0.3409090909,0.3947281483,1.472080496,0.656724165282857,0.542748769,1.1348176423885719,0.9189246884,0.8395543497,1.1180255929571428,1.08409351083,1.1279751734385712,0.9598365255,0.7561105908,1.0487113150085714,1.200756543,1.150922194,1.00186403834,0.9625558532314287,0.9558804023,1.073473282,1.0591462997471426,1.0541421759200003,1.166316014,1.0243551266000002,1.1390753082442857,1.065085311,1.0625243417542856,0.9885241671057142,1.121334217,1.16221374,1.235809046,1.0352609673042859,0.9437166964214285,1.150277453,1.032126486255714,0.9941615067285716,1.0629880281214283,1.169707571,0.8785709376557143,1.0000366677842858,0.7794199937,0.9967312788,0.02,1.034722222,0.9133333333,0.3682993197,0.4505446226242857,0.09097064752,0.055625,3.585559589014286,0.07407407407,0.038673363947,-0.4914573448,-0.06670812858,-0.1287321544,-0.04212853996,-0.006168074024560002,2.0183213696,1.11305839,3.689274218,13.53029849,1.720505008,2.126285714285714,1044.507563,18.63172628,-3.6788834832285717,-1.689858583,-0.1834267403,0.626619366,-1.40387260699,-0.8413175583,0.5181760683,-0.24821750480797142,0.32700071754399995,-0.13498761280071428,8.551568232771428,10.70155169,14.95193556,0.0,6.066367068,19.05647134,16.63744226,21.0894968215,0.8627268051,0.2382323701,57.25170822525714,0.116023692,0.0,20.759931868514283,1.9059206056857143,21.95893118,0.42280435137142863,2.211368234,0.0,3.591622254285715,0.0,-0.0532321761,0.0,0.1671880880499286,5.77,0.0,0.0,19.93591408,6.616532068714286,6.9237372,5.693927995,4.878658717842858,2.459286405,1.99573644,0.0,0.7151996025571428,0.0,0.0,0.0,0.049557151214285715,0.0,0.0,0.0,54.46,4.186790889,1.179045677,1.99573644,0.0,0.8012119198542856,0.1110709264,0.0,29.3011671,0.6333333333
144.6136595,152.27942352428573,157.4549268,1.363260334,158.6530643,3.4309047647714284,159.7456841,2.4514419,2.897435897,2.7961807550428572,2.375,0.01135436038,49.02064596857142,0.48069877946999995,0.018859852175714283,0.625,0.2512699138,1.6046717415428573,9.111111111,58.00176269057143,-8.048844056195716,-15.089078130157143,0.68682556727,-4.719285714285714,-0.5248971818,1.734391199,3.510571965,1.212363224,1.9507554346857143,0.8789481886714284,0.000167,0.0,41.8666451816,6.448020180071429,0.019749238125485714,0.01436237374,0.7868459064728571,0.2591792657,0.2581596447,1.221103772,0.656724165282857,0.548251652,1.1348176423885719,0.7163080072,0.8395543497,1.1180255929571428,1.08409351083,1.1279751734385712,0.8879121921,1.047948975,1.0487113150085714,1.124775718,0.8937759725,1.00186403834,0.9625558532314287,0.9535737615,0.9324202288,1.0591462997471426,1.0541421759200003,1.012263404,1.0243551266000002,1.1390753082442857,0.959878699,1.0625243417542856,0.9885241671057142,1.185253322,1.04406662,1.050788839,1.0352609673042859,0.9437166964214285,1.054549808,1.032126486255714,0.9941615067285716,1.0629880281214283,1.02734656,0.8785709376557143,1.0000366677842858,1.125863101,1.018720582,0.09825732068,1.055555556,0.9266666667,0.4594557823,0.4505446226242857,0.2091364324,0.154683642,3.585559589014286,0.06018518519,0.038673363947,-0.2549440264,0.007440973481,0.06818106135,0.0111483425,-0.006168074024560002,2.0183213696,1.064223635,27.43102552,29.71100222,1.782300108,2.126285714285714,1356.312755,28.39889319,-3.6788834832285717,-2.364387565,1.33399014,0.8965639596,-1.40387260699,-0.8995190968,0.07984759409,-0.24821750480797142,0.32700071754399995,-0.13498761280071428,8.551568232771428,11.44343983,0.0,5.098681808,38.17047518,66.43311571,29.7174337,21.0894968215,0.9506577762,0.2324182089,57.25170822525714,0.08915318716,4.736862954,20.759931868514283,1.9059206056857143,39.52165029,0.42280435137142863,0.0,0.0,3.591622254285715,0.0,-0.0532321761,0.0,0.1671880880499286,6.38,4.736862954,0.0,26.77220262,6.616532068714286,5.917906046,38.52492974,4.878658717842858,2.434970856,0.0,0.0,0.7151996025571428,0.0,0.0,6.007219148,0.049557151214285715,0.8415382583,0.0,0.0,63.69,4.409315887,6.007219148,0.8001351475,0.0,0.8012119198542856,0.0761440227,0.0,32.47868309,0.5333333333
144.6864366,152.27942352428573,153.1129697,1.567189009,155.0960483,3.4309047647714284,159.6649304,2.478235968,3.025,2.7961807550428572,2.583333333,0.008701300716,49.02064596857142,0.48069877946999995,0.018859852175714283,0.6153846154,0.2055689007,1.6046717415428573,11.62570888,58.00176269057143,-8.048844056195716,-15.089078130157143,0.68682556727,-4.719285714285714,-0.3791314583,0.9889172072,3.059390398,1.270375394,1.9507554346857143,0.8789481886714284,0.00356,0.0,41.8666451816,6.448020180071429,0.019749238125485714,0.01709401709,0.7868459064728571,0.3174603175,0.3049927662,1.183694953,0.656724165282857,0.5080385295,1.1348176423885719,0.8555390707,0.8395543497,1.1180255929571428,1.08409351083,1.1279751734385712,0.8698811343,0.8949545526,1.0487113150085714,1.234101749,0.9877159692,1.00186403834,0.9625558532314287,0.9871799589,0.9308136261,1.0591462997471426,1.0541421759200003,1.082994387,1.0243551266000002,1.1390753082442857,0.9788693617,1.0625243417542856,0.9885241671057142,1.124598052,1.081429368,1.011455726,1.0352609673042859,0.9437166964214285,0.9764918432,1.032126486255714,0.9941615067285716,1.0629880281214283,1.057249434,0.8785709376557143,1.0000366677842858,1.043662247,1.311249394,0.09549841853,1.243055556,0.9755555556,0.4202721088,0.4505446226242857,0.1977985639,0.117808642,3.585559589014286,0.07777777778,0.038673363947,-0.21108114,-0.06388081266,0.0647087092,0.08090229906,-0.006168074024560002,2.0183213696,1.330719821,14.27102878,24.90921771,1.779811543,2.126285714285714,1161.615963,21.57875153,-3.6788834832285717,-1.802243402,0.9160697772,1.004120657,-1.40387260699,-0.8389653517,0.3194564513,-0.24821750480797142,0.32700071754399995,-0.13498761280071428,8.551568232771428,5.693927995,0.0,5.098681808,44.17930974,41.3102773,29.7174337,21.0894968215,0.9552681811,0.1794307015,57.25170822525714,0.1194464028,0.0,20.759931868514283,1.9059206056857143,33.77213846,0.42280435137142863,0.0,0.0,3.591622254285715,0.0,-0.0532321761,0.0,0.1671880880499286,5.56,0.0,0.0,20.16532066,6.616532068714286,0.0,25.32883194,4.878658717842858,2.435728067,4.400650106,0.0,0.7151996025571428,0.0,0.0,0.0,0.049557151214285715,0.5233374565,0.0,0.0,54.46,4.419661774,0.0,4.400650106,0.0,0.8012119198542856,0.1723690676,0.0,27.17618782,0.5
148.7279603,152.27942352428573,157.4992747,1.654815447,163.9760886,3.4309047647714284,155.8561857,3.158436214,2.975,2.7961807550428572,3.101379157,0.01554013594,49.02064596857142,0.48069877946999995,0.018859852175714283,0.66,0.1823027796,1.6046717415428573,7.864958449,58.00176269057143,-8.048844056195716,-15.089078130157143,0.68682556727,-4.719285714285714,-0.3775061467,0.992940763,8.001918144,1.304329657,1.9507554346857143,0.8789481886714284,0.00499,0.0,41.8666451816,6.448020180071429,0.019749238125485714,0.04088888889,0.7868459064728571,0.375,0.4602380765,1.311149891,0.656724165282857,0.4733135227,1.1348176423885719,0.5619766766,0.8395543497,1.1180255929571428,1.08409351083,1.1279751734385712,0.6407214295,0.8175687187,1.0487113150085714,1.199625416,1.023561116,1.00186403834,0.9625558532314287,1.074144081,0.9546516942,1.0591462997471426,1.0541421759200003,0.90981976,1.0243551266000002,1.1390753082442857,1.043067884,1.0625243417542856,0.9885241671057142,0.7853929535,1.19145394,0.9426669945,1.0352609673042859,0.9437166964214285,0.9246558,1.032126486255714,0.9941615067285716,1.0629880281214283,1.143691795,0.8785709376557143,1.0000366677842858,0.9052299779,1.372285416,0.1025425977,1.5625,1.48,0.5689795918,0.4505446226242857,0.1801303855,0.14,3.585559589014286,0.08333333333,0.038673363947,-0.3326541045,-0.0499167105,0.007352210875,-0.03266702409,-0.006168074024560002,2.0183213696,0.9265405329,5.798023818,19.79947311,1.336615496,2.126285714285714,969.247588,22.71180821,-3.6788834832285717,-1.877218409,0.7207081383,1.723966556,-1.40387260699,-0.8074977213,0.2726779214,-0.24821750480797142,0.32700071754399995,-0.13498761280071428,8.551568232771428,16.85062228,4.390415048,5.098681808,11.60093989,42.81902403,28.66715822,21.0894968215,0.8546243588,0.1986672254,57.25170822525714,0.1069538921,4.390415048,20.759931868514283,1.9059206056857143,11.25737949,0.42280435137142863,1.56205245,0.0,3.591622254285715,0.0,-0.0532321761,0.0,0.1671880880499286,4.69,5.316788604,15.7651876,20.16532066,6.616532068714286,12.74095804,5.563451492,4.878658717842858,2.432592644,1.929352149,5.992309623,0.7151996025571428,0.0,3.338854875,0.0,0.049557151214285715,0.0,0.0,0.0,66.49,4.6562983,14.1405207,1.929352149,0.0,0.8012119198542856,0.1102287127,0.0,26.99347139,0.5789473684
145.9284196,152.27942352428573,159.0226946,1.527121901,156.9169378,3.4309047647714284,158.1438382,3.187830688,2.678571429,2.7961807550428572,3.349436393,0.01420329161,49.02064596857142,0.48069877946999995,0.018859852175714283,0.6413043478,0.2033804814,1.6046717415428573,8.3834916,58.00176269057143,-8.048844056195716,-15.089078130157143,0.68682556727,-4.719285714285714,-0.4286239526,0.9878633221,8.001918162,1.399828552,1.9507554346857143,0.8789481886714284,0.0959,0.0,41.8666451816,6.448020180071429,0.019749238125485714,0.02224810214,0.7868459064728571,0.3604753521,0.4116191086,1.225921359,0.656724165282857,0.4946435002,1.1348176423885719,0.6772831876,0.8395543497,1.1180255929571428,1.08409351083,1.1279751734385712,0.6961039815,0.9164131685,1.0487113150085714,1.037756203,1.03925099,1.00186403834,0.9625558532314287,0.8880122343,1.286822943,1.0591462997471426,1.0541421759200003,0.9363856615,1.0243551266000002,1.1390753082442857,1.016109774,1.0625243417542856,0.9885241671057142,1.087316601,1.029559639,1.087787438,1.0352609673042859,0.9437166964214285,0.756819034,1.032126486255714,0.9941615067285716,1.0629880281214283,1.13941969,0.8785709376557143,1.0000366677842858,1.156512358,1.082794227,0.04122028364,1.569444444,1.459444444,0.4907482993,0.4505446226242857,0.1579821744,0.09125,3.585559589014286,0.06606606607,0.038673363947,-0.3192135109,-0.01146308799,-0.05353659644,0.08166073868,-0.006168074024560002,2.0183213696,0.9887126795,12.70216277,22.82812691,1.443862276,2.126285714285714,1765.628802,18.99837156,-3.6788834832285717,-1.769456163,1.034618293,1.282017986,-1.40387260699,-0.5701352505,0.1830280918,-0.24821750480797142,0.32700071754399995,-0.13498761280071428,8.551568232771428,11.51114884,9.374393569,5.098681808,24.27512131,35.90493987,5.563451492,21.0894968215,0.7972031953,0.2331526327,57.25170822525714,0.1258854745,9.496942443,20.759931868514283,1.9059206056857143,22.51475897,0.42280435137142863,0.0,0.0,3.591622254285715,0.0,-0.0532321761,4.057336939,0.1671880880499286,3.46,0.0,4.390415048,19.87099066,6.616532068714286,5.817220841,11.38785599,4.878658717842858,2.53064632,0.0,0.0,0.7151996025571428,9.302000314,0.0,0.0,0.049557151214285715,0.0,0.0,0.0,50.94,4.028846043,15.15375426,0.5936595033,0.0,0.8012119198542856,0.08579236005,0.0,25.56972271,0.5405405405
147.3022814,152.27942352428573,160.4068955,1.418454734,157.8429401,3.4309047647714284,162.7812977,2.266134398,3.0,2.7961807550428572,2.340095029,0.009187041706,49.02064596857142,0.48069877946999995,0.018859852175714283,0.6640625,0.249155046,1.6046717415428573,20.11654527,58.00176269057143,-8.048844056195716,-15.089078130157143,0.68682556727,-4.719285714285714,-0.4411377022,0.9872569004,3.042185699,1.348984601,1.9507554346857143,0.8789481886714284,0.0052,0.0,41.8666451816,6.448020180071429,0.019749238125485714,0.0,0.7868459064728571,0.3376623377,0.2849917075,1.38955716,0.656724165282857,0.4718456292,1.1348176423885719,0.8446024875,0.8395543497,1.1180255929571428,1.08409351083,1.1279751734385712,0.8054904608,0.8575412809,1.0487113150085714,1.092593276,1.070872638,1.00186403834,0.9625558532314287,0.8623406552,1.043850267,1.0591462997471426,1.0541421759200003,1.053764914,1.0243551266000002,1.1390753082442857,0.8241011926,1.0625243417542856,0.9885241671057142,1.175566169,0.9436127745,0.9841889871,1.0352609673042859,0.9437166964214285,1.1402214,1.032126486255714,0.9941615067285716,1.0629880281214283,0.9640662679,0.8785709376557143,1.0000366677842858,1.18361365,1.236045114,0.1561085604,2.298611111,1.570555556,0.8187301587,0.4505446226242857,0.3270817586,0.210632716,3.585559589014286,0.0697167756,0.038673363947,-0.2374891435,0.1104839843,-0.002677874066,0.1054383849,-0.006168074024560002,2.0183213696,1.161202811,19.2354986,27.25752569,1.974229655,2.126285714285714,3140.245739,28.62357504,-3.6788834832285717,-2.266669987,1.554090676,1.006453843,-1.40387260699,-0.7646344652,0.2797149167,-0.24821750480797142,0.32700071754399995,-0.13498761280071428,8.551568232771428,5.693927995,4.983978521,5.098681808,32.05622864,68.88376791,17.80213589,21.0894968215,0.9560398694,0.1597513465,57.25170822525714,0.05759486882,0.0,20.759931868514283,1.9059206056857143,22.51475897,0.42280435137142863,2.206759705,0.0,3.591622254285715,0.0,-0.0532321761,4.335801706,0.1671880880499286,4.18,0.0,0.0,48.84972038,6.616532068714286,6.9237372,31.65615201,4.878658717842858,2.546942326,6.47162037,0.0,0.7151996025571428,0.0,0.0,0.0,0.049557151214285715,0.0,2.466440121,0.0,51.77,4.491588993,4.35392516,11.54946392,0.0,0.8012119198542856,0.1288113406,0.0,29.50407834,0.3709677419
146.2763838,152.27942352428573,156.3062105,1.664003282,158.8644865,3.4309047647714284,159.5824823,4.587962963,2.886363636,2.7961807550428572,4.585858586,0.03376361953,49.02064596857142,0.48069877946999995,0.018859852175714283,0.6666666667,0.2336790367,1.6046717415428573,7.729492188,58.00176269057143,-8.048844056195716,-15.089078130157143,0.68682556727,-4.719285714285714,-0.4025985171,0.9574770895,7.00881555,0.6049131424,1.9507554346857143,0.8789481886714284,0.128,0.0,41.8666451816,6.448020180071429,0.019749238125485714,0.05037957212,0.7868459064728571,0.438538206,0.4862288983,1.309482828,0.656724165282857,0.5232925738,1.1348176423885719,0.7654015448,0.8395543497,1.1180255929571428,1.08409351083,1.1279751734385712,0.6173316373,0.9631505734,1.0487113150085714,0.9444552634,0.7764188213,1.00186403834,0.9625558532314287,0.7848640447,1.018730605,1.0591462997471426,1.0541421759200003,1.160665382,1.0243551266000002,1.1390753082442857,1.266244331,1.0625243417542856,0.9885241671057142,0.8123639499,1.086660175,1.230142926,1.0352609673042859,0.9437166964214285,1.188098878,1.032126486255714,0.9941615067285716,1.0629880281214283,1.22475968,0.8785709376557143,1.0000366677842858,0.707877483,1.520920716,0.03774920926,2.118055556,1.393333333,0.3877097506,0.4505446226242857,0.0987654321,0.06532407407,3.585559589014286,0.07575757576,0.038673363947,-0.474877254,-0.1541534775,0.1104630421,-0.2033903866,-0.006168074024560002,2.0183213696,1.001924131,3.252752417,13.83625237,1.222631908,2.126285714285714,639.2867266,18.73121702,-3.6788834832285717,-1.392420227,1.043804739,1.133156923,-1.40387260699,-0.2548429622,0.01173554082,-0.24821750480797142,0.32700071754399995,-0.13498761280071428,8.551568232771428,27.89450335,4.983978521,9.614079702,11.33678588,24.97437738,17.54772461,21.0894968215,0.6802031566,0.2399813599,57.25170822525714,0.1385247586,15.00759197,20.759931868514283,1.9059206056857143,22.75640315,0.42280435137142863,0.6402546296,0.0,3.591622254285715,0.0,-0.0532321761,0.6924886621,0.1671880880499286,2.69,0.0,0.0,31.09727354,6.616532068714286,0.0,34.25563817,4.878658717842858,2.548364003,0.0,0.0,0.7151996025571428,19.28768366,0.0,0.0,0.049557151214285715,0.501599268,0.0,0.0,87.72,4.030865044,1.534673091,0.0,0.0,0.8012119198542856,0.1700819133,0.0,28.5542293,0.53125
144.8697502,152.27942352428573,157.4491661,1.48300706,156.5676654,3.4309047647714284,155.8440342,2.71807152,2.760869565,2.7961807550428572,2.344017094,0.02276401408,49.02064596857142,0.48069877946999995,0.018859852175714283,0.7065217391,0.2221076636,1.6046717415428573,9.083102493,58.00176269057143,-8.048844056195716,-15.089078130157143,0.68682556727,-4.719285714285714,-0.4868737681,1.734393944,3.517051553,1.348826331,1.9507554346857143,0.8789481886714284,0.0595,0.0,41.8666451816,6.448020180071429,0.019749238125485714,0.0,0.7868459064728571,0.3588957055,0.2967340724,1.438625798,0.656724165282857,0.4684815875,1.1348176423885719,0.7667975567,0.8395543497,1.1180255929571428,1.08409351083,1.1279751734385712,0.9611229649,0.8480531296,1.0487113150085714,1.234106583,1.03867693,1.00186403834,0.9625558532314287,0.9022954751,1.299484848,1.0591462997471426,1.0541421759200003,0.9415044863,1.0243551266000002,1.1390753082442857,1.050075232,1.0625243417542856,0.9885241671057142,0.8614995429,1.057805643,1.021924076,1.0352609673042859,0.9437166964214285,0.8808102807,1.032126486255714,0.9941615067285716,1.0629880281214283,1.137936853,0.8785709376557143,1.0000366677842858,0.9111136049,1.230562617,0.004691358025,1.513888889,1.214444444,0.3501587302,0.4505446226242857,0.06627928949,0.02500771605,3.585559589014286,0.06267806268,0.038673363947,-0.4410545484,-0.03994217642,-0.1162533099,0.01980245561,-0.006168074024560002,2.0183213696,1.137333239,12.40239232,21.8866936,1.808747927,2.126285714285714,1611.221159,22.80739312,-3.6788834832285717,-2.082195593,1.238326648,1.191031748,-1.40387260699,-0.4033257034,0.1565646701,-0.24821750480797142,0.32700071754399995,-0.13498761280071428,8.551568232771428,11.51833249,4.983978521,0.0,6.066367068,36.75265697,24.72587309,21.0894968215,0.8421769682,0.232031317,57.25170822525714,0.1180634227,9.473725908,20.759931868514283,1.9059206056857143,34.14425914,0.42280435137142863,0.0,0.0,3.591622254285715,0.0,-0.0532321761,0.0,0.1671880880499286,3.43,9.473725908,0.0,21.327999,6.616532068714286,0.0,12.24522612,4.878658717842858,2.538080078,0.0,0.0,0.7151996025571428,0.0,0.0,10.95591545,0.049557151214285715,0.0,0.0,0.0,49.17,4.197074624,13.26300729,1.28704234,0.0,0.8012119198542856,0.1042207808,0.0,26.86770968,0.6052631579
146.4008444,152.27942352428573,154.6962972,1.520636652,161.9397171,3.4309047647714284,157.6651255,2.67337963,2.5390625,2.7961807550428572,2.403205128,0.01148526777,49.02064596857142,0.48069877946999995,0.018859852175714283,0.64,0.240937234,1.6046717415428573,16.77320054,58.00176269057143,-8.048844056195716,-15.089078130157143,0.68682556727,-4.719285714285714,-0.4346331514,0.9876685073,6.002696249,1.13129629,1.9507554346857143,0.8789481886714284,0.0933,0.0,41.8666451816,6.448020180071429,0.019749238125485714,0.01902564103,0.7868459064728571,0.3268156425,0.3057311426,1.192733714,0.656724165282857,0.514504008,1.1348176423885719,0.9545478542,0.8395543497,1.1180255929571428,1.08409351083,1.1279751734385712,0.8387321791,0.8173282209,1.0487113150085714,1.177559913,0.9738995535,1.00186403834,0.9625558532314287,1.110240303,1.117429194,1.0591462997471426,1.0541421759200003,0.9288584586,1.0243551266000002,1.1390753082442857,1.317710224,1.0625243417542856,0.9885241671057142,1.08625336,1.342418301,1.255795967,1.0352609673042859,0.9437166964214285,0.9119776849,1.032126486255714,0.9941615067285716,1.0629880281214283,1.266526346,0.8785709376557143,1.0000366677842858,1.012651103,1.14722319,0.0,3.020833333,1.923333333,0.7348752834,0.4505446226242857,0.315696649,0.0625,3.585559589014286,0.07407407407,0.038673363947,-0.2460706911,-0.1675802767,-0.02498689981,0.01965797203,-0.006168074024560002,2.0183213696,1.094450113,8.380799131,18.73185444,1.792551493,2.126285714285714,1544.866915,16.41095012,-3.6788834832285717,-2.190412308,0.9774364922,0.9702847176,-1.40387260699,-0.5405870252,-0.08916974791,-0.24821750480797142,0.32700071754399995,-0.13498761280071428,8.551568232771428,5.693927995,0.0,5.098681808,19.91384147,42.16764743,36.11372908,21.0894968215,0.8870385332,0.2317427121,57.25170822525714,0.1230406646,5.106527395,20.759931868514283,1.9059206056857143,22.51475897,0.42280435137142863,0.0,0.0,3.591622254285715,0.0,-0.0532321761,0.0,0.1671880880499286,3.56,0.0,0.0,31.46185114,6.616532068714286,12.33872767,31.15323644,4.878658717842858,2.603792083,6.353161244,0.0,0.7151996025571428,10.07462764,0.0,0.0,0.049557151214285715,0.04326341648,0.0,-0.03033056973,63.83,4.098914982,2.051582577,7.250901544,0.0,0.8012119198542856,0.3550137732,0.07216878365,25.34629145,0.4255319149
145.7399843,152.27942352428573,157.2517157,1.510960136,158.6400265,3.4309047647714284,159.0996635,2.92289272,3.169354839,2.7961807550428572,2.778007346,0.02162683921,49.02064596857142,0.48069877946999995,0.018859852175714283,0.6640625,0.2034152444,1.6046717415428573,11.41046636,58.00176269057143,-8.048844056195716,-15.089078130157143,0.68682556727,-4.719285714285714,-0.4868826185,0.911336655,6.027276895,1.424214188,1.9507554346857143,0.8789481886714284,0.00229,0.0,41.8666451816,6.448020180071429,0.019749238125485714,0.0300245098,0.7868459064728571,0.3296703297,0.3946664191,1.527046346,0.656724165282857,0.4849390068,1.1348176423885719,0.6378599298,0.8395543497,1.1180255929571428,1.08409351083,1.1279751734385712,0.6443054162,0.894064931,1.0487113150085714,1.112745526,1.058574152,1.00186403834,0.9625558532314287,0.9478822678,1.027365372,1.0591462997471426,1.0541421759200003,1.034208225,1.0243551266000002,1.1390753082442857,0.902366271,1.0625243417542856,0.9885241671057142,0.9359519479,1.022522916,0.9586465087,1.0352609673042859,0.9437166964214285,1.160715715,1.032126486255714,0.9941615067285716,1.0629880281214283,0.9715958702,0.8785709376557143,1.0000366677842858,1.010402472,0.8501649858,0.2349760229,1.479166667,1.877777778,0.5723809524,0.4505446226242857,0.2590230537,0.221882716,3.585559589014286,0.06222222222,0.038673363947,-0.4931476503,0.02448849151,0.0463526317,-0.08993584574,-0.006168074024560002,2.0183213696,1.019439111,15.49828796,29.77042714,1.785821801,2.126285714285714,3034.587562,31.61680521,-3.6788834832285717,-2.752312626,1.116676347,1.458846881,-1.40387260699,-0.8881260184,0.207634501,-0.24821750480797142,0.32700071754399995,-0.13498761280071428,8.551568232771428,5.824404498,4.983978521,5.261891555,12.99010427,61.01812524,16.94476576,21.0894968215,0.8735018854,0.1658880819,57.25170822525714,0.08440806613,9.473725908,20.759931868514283,1.9059206056857143,40.21348046,0.42280435137142863,0.0,0.0,3.591622254285715,0.0,-0.0532321761,0.0,0.1671880880499286,5.38,14.79051451,5.687386275,21.74487787,6.616532068714286,11.33111287,24.00552118,4.878658717842858,2.480021592,2.08804807,0.0,0.7151996025571428,0.0,3.351690497,11.01344293,0.049557151214285715,0.0,0.0,0.0,95.85,4.550656233,11.01344293,2.813238391,0.0,0.8012119198542856,0.06263564417,0.0,30.22208543,0.5283018868
144.2776369,152.27942352428573,154.0665194,1.678431619,155.7138691,3.4309047647714284,156.7813352,2.746116255,3.268292683,2.7961807550428572,2.692254082,0.01074368915,49.02064596857142,0.48069877946999995,0.018859852175714283,0.6323529412,0.1860662197,1.6046717415428573,9.419753086,58.00176269057143,-8.048844056195716,-15.089078130157143,0.68682556727,-4.719285714285714,-0.4272857336,0.9113304311,6.027277283,1.194228955,1.9507554346857143,0.8789481886714284,0.000899,0.0,41.8666451816,6.448020180071429,0.019749238125485714,0.01366946779,0.7868459064728571,0.3227091633,0.4344280275,1.320325732,0.656724165282857,0.5139635362,1.1348176423885719,0.5672036124,0.8395543497,1.1180255929571428,1.08409351083,1.1279751734385712,0.5393674829,0.875056236,1.0487113150085714,1.023422135,1.078877885,1.00186403834,0.9625558532314287,1.021366643,1.168915413,1.0591462997471426,1.0541421759200003,0.9258847673,1.0243551266000002,1.1390753082442857,1.068741554,1.0625243417542856,0.9885241671057142,1.214922286,1.120611702,1.126369123,1.0352609673042859,0.9437166964214285,0.9291981877,1.032126486255714,0.9941615067285716,1.0629880281214283,1.021806087,0.8785709376557143,1.0000366677842858,0.9794432969,0.8320966365,0.2142658912,2.284722222,1.945,0.7821315193,0.4505446226242857,0.4323664651,0.288757716,3.585559589014286,0.05450733753,0.038673363947,-0.3033830078,-0.01983676127,-0.1051338299,-0.02722528681,-0.006168074024560002,2.0183213696,1.033013917,19.92357471,32.74940545,1.758148041,2.126285714285714,2587.664503,28.71846822,-3.6788834832285717,-2.390437255,0.9090256373,1.749335371,-1.40387260699,-0.9699097829,0.320648248,-0.24821750480797142,0.32700071754399995,-0.13498761280071428,8.551568232771428,10.6824301,0.0,10.36057336,36.48334172,61.01812524,34.72467712,21.0894968215,0.961283107,0.1655701404,57.25170822525714,0.07939366519,0.0,20.759931868514283,1.9059206056857143,28.58398029,0.42280435137142863,2.003993644,0.0,3.591622254285715,5.588765249,-0.0532321761,0.0,0.1671880880499286,5.93,5.316788604,5.687386275,24.73694389,6.616532068714286,18.25485007,11.25737949,4.878658717842858,2.477181776,1.968516657,0.0,0.7151996025571428,0.0,3.202282638,0.0,0.049557151214285715,0.0,0.0,0.0,79.42,4.590853691,1.824998189,2.357472077,0.0,0.8012119198542856,0.0761440227,0.0,32.26806089,0.5555555556
148.9538979,152.27942352428573,157.8651086,1.545834205,160.1684534,3.4309047647714284,161.8859586,2.946444444,3.108527132,2.7961807550428572,2.978291317,0.02181811829,49.02064596857142,0.48069877946999995,0.018859852175714283,0.6818181818,0.2100980799,1.6046717415428573,13.08367627,58.00176269057143,-8.048844056195716,-15.089078130157143,0.68682556727,-4.719285714285714,-0.4964113844,0.9776678664,7.008274488,1.434196594,1.9507554346857143,0.8789481886714284,0.0367,0.0,41.8666451816,6.448020180071429,0.019749238125485714,0.03036075036,0.7868459064728571,0.349137931,0.3824473349,1.581013886,0.656724165282857,0.4644908296,1.1348176423885719,0.6498261063,0.8395543497,1.1180255929571428,1.08409351083,1.1279751734385712,0.6312401175,0.831777339,1.0487113150085714,1.12103117,1.060759262,1.00186403834,0.9625558532314287,0.9943804193,1.124560635,1.0591462997471426,1.0541421759200003,1.003638588,1.0243551266000002,1.1390753082442857,0.9330959317,1.0625243417542856,0.9885241671057142,1.091947151,0.9512283556,1.020339891,1.0352609673042859,0.9437166964214285,1.161094374,1.032126486255714,0.9941615067285716,1.0629880281214283,0.9626834421,0.8785709376557143,1.0000366677842858,1.004837943,0.4974798932,0.2556881951,1.854166667,1.957777778,0.654829932,0.4505446226242857,0.2711404006,0.2940740741,3.585559589014286,0.06837606838,0.038673363947,-0.5244068093,0.05246333694,-0.08853737145,-0.09584242769,-0.006168074024560002,2.0183213696,0.9158134779,11.82790416,25.86406442,1.712108471,2.126285714285714,2332.661741,31.13332434,-3.6788834832285717,-2.950510437,0.8013546445,1.798423602,-1.40387260699,-0.8153272077,0.3668088611,-0.24821750480797142,0.32700071754399995,-0.13498761280071428,8.551568232771428,12.16293986,19.77983296,5.425791397,18.20875424,43.33159265,23.15437369,21.0894968215,0.8309015566,0.158205242,57.25170822525714,0.1146963115,9.531400138,20.759931868514283,1.9059206056857143,11.38785599,0.42280435137142863,0.0,0.0,3.591622254285715,0.0,-0.0532321761,7.28823688,0.1671880880499286,2.7,10.74258,5.687386275,39.37848628,6.616532068714286,13.08951281,27.57024916,4.878658717842858,2.479141095,3.321529192,0.0,0.7151996025571428,0.0,3.311170372,4.801673642,0.049557151214285715,0.0,1.715970631,0.0,109.6,4.559241528,4.801673642,2.381728836,1.365406853,0.8012119198542856,0.07754276402,0.0,29.15388612,0.5185185185
150.4066888,152.27942352428573,157.7889795,1.671110381,161.9305644,3.4309047647714284,160.8583299,3.552500312,3.495327103,2.7961807550428572,3.307215234,0.01692239715,49.02064596857142,0.48069877946999995,0.018859852175714283,0.6691176471,0.1903907265,1.6046717415428573,6.1024,58.00176269057143,-8.048844056195716,-15.089078130157143,0.68682556727,-4.719285714285714,-0.4158684811,0.977831141,8.007391374,1.197955072,1.9507554346857143,0.8789481886714284,0.000773,11.73975001,41.8666451816,6.448020180071429,0.019749238125485714,0.01681472589,0.7868459064728571,0.3314472901,0.5211058169,1.693800806,0.656724165282857,0.405811396,1.1348176423885719,0.5859879313,0.8395543497,1.1180255929571428,1.08409351083,1.1279751734385712,0.3604475448,0.8465979244,1.0487113150085714,1.048387097,0.9222310086,1.00186403834,0.9625558532314287,0.9965082625,0.9366971168,1.0591462997471426,1.0541421759200003,1.000381158,1.0243551266000002,1.1390753082442857,1.040350064,1.0625243417542856,0.9885241671057142,0.8118291962,0.9907543174,0.8936402483,1.0352609673042859,0.9437166964214285,1.244813946,1.032126486255714,0.9941615067285716,1.0629880281214283,1.118619182,0.8785709376557143,1.0000366677842858,0.8429112737,0.5351404479,0.2956881951,2.229166667,2.202777778,0.7756462585,0.4505446226242857,0.4348702444,0.267191358,3.585559589014286,0.07936507937,0.038673363947,-0.5276620063,-0.09666841046,0.05250629878,-0.05716231825,-0.006168074024560002,2.0183213696,0.8355428165,11.99634369,24.65421357,0.9953777345,2.126285714285714,2684.64687,34.27874728,-3.6788834832285717,-2.236616815,1.669456208,1.140500893,-1.40387260699,-1.239487994,0.4825320756,-0.24821750480797142,0.32700071754399995,-0.13498761280071428,8.551568232771428,12.02124807,14.18117935,23.36860876,6.066367068,73.23599868,29.3384529,21.0894968215,0.9481499287,0.1340544584,57.25170822525714,0.1685072163,13.17124514,20.759931868514283,1.9059206056857143,22.51475897,0.42280435137142863,0.6656086559,0.0,3.591622254285715,5.490956541,-0.0532321761,0.0,0.1671880880499286,4.42,5.316788604,18.85863142,34.47495837,6.616532068714286,6.9237372,11.25737949,4.878658717842858,2.489627297,1.888115468,0.0,0.7151996025571428,0.0,2.934908037,0.0,0.049557151214285715,0.0,0.0,-4.405643132,72.93,4.709614217,41.65313688,1.888115468,0.0,0.8012119198542856,0.1406041932,0.00449957706,34.82509604,0.56
151.5397617,152.27942352428573,163.9501948,1.45018871,165.6773776,3.4309047647714284,164.2447909,3.414627931,3.247863248,2.7961807550428572,3.060810811,0.01951692235,49.02064596857142,0.48069877946999995,0.018859852175714283,0.685483871,0.206097908,1.6046717415428573,9.5936,58.00176269057143,-8.048844056195716,-15.089078130157143,0.68682556727,-4.719285714285714,-0.3746296163,0.9925253564,8.002960574,1.297044256,1.9507554346857143,0.8789481886714284,0.0196,0.0,41.8666451816,6.448020180071429,0.019749238125485714,0.04960693955,0.7868459064728571,0.3757455268,0.3966646616,1.505000946,0.656724165282857,0.4652399709,1.1348176423885719,0.5543362403,0.8395543497,1.1180255929571428,1.08409351083,1.1279751734385712,0.6007089793,0.9144217359,1.0487113150085714,1.115925441,1.093141008,1.00186403834,0.9625558532314287,0.9833939999,1.040124838,1.0591462997471426,1.0541421759200003,0.9917518123,1.0243551266000002,1.1390753082442857,0.9200525224,1.0625243417542856,0.9885241671057142,0.9790110842,0.9555324881,0.8562393154,1.0352609673042859,0.9437166964214285,1.200870746,1.032126486255714,0.9941615067285716,1.0629880281214283,0.9658674497,0.8785709376557143,1.0000366677842858,0.9933429702,0.619044626,0.2645627997,1.791666667,1.908888889,0.6376417234,0.4505446226242857,0.4041635173,0.245941358,3.585559589014286,0.08,0.038673363947,-0.4433256323,-0.05133666594,0.08533710262,-0.03166865434,-0.006168074024560002,2.0183213696,0.6594831297,10.08208983,23.58296898,1.385459126,2.126285714285714,3323.706211,32.54069769,-3.6788834832285717,-2.729151097,1.218255942,2.181332014,-1.40387260699,-0.7870082005,0.1378311035,-0.24821750480797142,0.32700071754399995,-0.13498761280071428,8.551568232771428,23.79738154,23.74119187,0.0,18.20875424,37.26522558,11.77305942,21.0894968215,0.7783372748,0.137098969,57.25170822525714,0.06905223839,8.780830095,20.759931868514283,1.9059206056857143,11.38785599,0.42280435137142863,0.0,0.0,3.591622254285715,0.0,-0.0532321761,7.427456838,0.1671880880499286,3.55,10.74258,14.46821637,32.46515906,6.616532068714286,18.55817888,17.21226049,4.878658717842858,2.483220901,1.616456927,0.0,0.7151996025571428,0.0,6.102862782,0.0,0.049557151214285715,-0.09766172153,1.85555765,0.0,81.23,4.616454563,27.74123424,1.893049032,0.0,0.8012119198542856,0.1081377858,0.0,30.1954073,0.56
146.0578528,152.27942352428573,158.2126298,1.580000369,158.1276848,3.4309047647714284,156.7398841,2.712384259,3.070707071,2.7961807550428572,2.326874125,0.01622049363,49.02064596857142,0.48069877946999995,0.018859852175714283,0.6574074074,0.245972114,1.6046717415428573,11.63090737,58.00176269057143,-8.048844056195716,-15.089078130157143,0.68682556727,-4.719285714285714,-0.3644036887,0.9776267537,7.008271118,0.6094207572,1.9507554346857143,0.8789481886714284,0.0164,0.0,41.8666451816,6.448020180071429,0.019749238125485714,0.03601532567,0.7868459064728571,0.3333333333,0.3593536805,1.608914061,0.656724165282857,0.4875452438,1.1348176423885719,0.6335624934,0.8395543497,1.1180255929571428,1.08409351083,1.1279751734385712,0.6202846962,0.8483259098,1.0487113150085714,1.00350537,1.186736467,1.00186403834,0.9625558532314287,0.8803640824,0.9880668258,1.0591462997471426,1.0541421759200003,0.9848454751,1.0243551266000002,1.1390753082442857,1.039107772,1.0625243417542856,0.9885241671057142,0.7032975075,1.132159905,1.010423051,1.0352609673042859,0.9437166964214285,1.158524198,1.032126486255714,0.9941615067285716,1.0629880281214283,1.062384109,0.8785709376557143,1.0000366677842858,0.9934473862,0.6806917843,0.1584613815,1.576388889,1.358333333,0.5814512472,0.4505446226242857,0.3409312799,0.185941358,3.585559589014286,0.06878306878,0.038673363947,-0.5782421107,-0.07846243571,0.1387177127,-0.04472322984,-0.006168074024560002,2.0183213696,1.06912436,6.09278728,18.69813734,1.857844414,2.126285714285714,2820.732543,27.7772158,-3.6788834832285717,-2.371183769,0.3108277222,0.6371448548,-1.40387260699,-0.4810664381,0.6442480118,-0.24821750480797142,0.32700071754399995,-0.13498761280071428,8.551568232771428,16.52595619,14.95193556,0.0,6.066367068,25.47729296,36.52675749,21.0894968215,0.8460125321,0.1702540293,57.25170822525714,0.1039261862,4.794537184,20.759931868514283,1.9059206056857143,21.95893118,0.42280435137142863,2.143746338,0.0,3.591622254285715,0.0,-0.0532321761,0.0,0.1671880880499286,6.49,5.316788604,0.0,32.8907658,6.616532068714286,6.9237372,24.35997574,4.878658717842858,2.482936404,3.64462226,0.0,0.7151996025571428,0.0,2.654100432,0.0,0.049557151214285715,0.0,0.0,0.0,83.56,4.362765158,1.143089074,1.986084877,1.658537383,0.8012119198542856,0.1110709264,0.0,29.55684488,0.4130434783
144.9900046,152.27942352428573,153.5359795,1.628700991,153.7729693,3.4309047647714284,155.7811776,2.596754057,3.0,2.7961807550428572,2.256410256,0.01004014928,49.02064596857142,0.48069877946999995,0.018859852175714283,0.6666666667,0.2010594842,1.6046717415428573,12.16,58.00176269057143,-8.048844056195716,-15.089078130157143,0.68682556727,-4.719285714285714,-0.4664932241,0.9938723241,3.041961411,1.397278957,1.9507554346857143,0.8789481886714284,0.0202,0.0,41.8666451816,6.448020180071429,0.019749238125485714,0.0,0.7868459064728571,0.3706896552,0.2788406322,1.229280533,0.656724165282857,0.492071503,1.1348176423885719,0.7998350855,0.8395543497,1.1180255929571428,1.08409351083,1.1279751734385712,0.9045780474,0.7865122048,1.0487113150085714,1.221219377,1.087658157,1.00186403834,0.9625558532314287,0.9483661898,1.207650273,1.0591462997471426,1.0541421759200003,1.050074128,1.0243551266000002,1.1390753082442857,1.044461448,1.0625243417542856,0.9885241671057142,1.13804482,1.01468963,1.093936126,1.0352609673042859,0.9437166964214285,0.7881649699,1.032126486255714,0.9941615067285716,1.0629880281214283,1.126218693,0.8785709376557143,1.0000366677842858,1.055323047,0.9256352113,0.02479338843,1.986111111,1.254444444,0.3796371882,0.4505446226242857,0.1962947216,0.08969907407,3.585559589014286,0.07046070461,0.038673363947,-0.1405069187,-0.004223289938,-0.1349379471,-0.05188286141,-0.006168074024560002,2.0183213696,1.182549131,14.70806892,24.32669293,1.819249864,2.126285714285714,1603.66504,23.55616808,-3.6788834832285717,-1.814130585,1.010725867,1.124974243,-1.40387260699,-0.8214247546,0.4407393706,-0.24821750480797142,0.32700071754399995,-0.13498761280071428,8.551568232771428,5.693927995,0.0,5.098681808,18.20875424,41.97130694,35.90773555,21.0894968215,0.9835442722,0.2410172699,57.25170822525714,0.08192204586,0.0,20.759931868514283,1.9059206056857143,22.51475897,0.42280435137142863,2.473508677,0.0,3.591622254285715,0.0,-0.0532321761,4.304609316,0.1671880880499286,3.15,0.0,0.0,19.33156291,6.616532068714286,0.0,5.693927995,4.878658717842858,2.542257615,2.071118565,0.0,0.7151996025571428,0.0,0.0,0.0,0.049557151214285715,0.0,0.0,0.0,35.64,4.314852378,4.190114953,0.8221708081,2.071118565,0.8012119198542856,0.1445767338,0.0,25.07837358,0.575
144.7338718,152.27942352428573,152.0935618,1.632400559,155.0184353,3.4309047647714284,159.1287456,2.718300654,2.831168831,2.7961807550428572,2.489379085,0.009825470008,49.02064596857142,0.48069877946999995,0.018859852175714283,0.625,0.1812432276,1.6046717415428573,8.9375,58.00176269057143,-8.048844056195716,-15.089078130157143,0.68682556727,-4.719285714285714,-0.3792163137,0.9938455743,3.059385215,1.427503886,1.9507554346857143,0.8789481886714284,0.0111,0.0,41.8666451816,6.448020180071429,0.019749238125485714,0.01866666667,0.7868459064728571,0.3017241379,0.3385684668,1.152242729,0.656724165282857,0.5284009055,1.1348176423885719,0.817705502,0.8395543497,1.1180255929571428,1.08409351083,1.1279751734385712,0.9267630633,0.8855946229,1.0487113150085714,1.187707641,1.010061104,1.00186403834,0.9625558532314287,1.019133467,1.188452285,1.0591462997471426,1.0541421759200003,1.017937371,1.0243551266000002,1.1390753082442857,1.127301394,1.0625243417542856,0.9885241671057142,1.288164652,0.9603283174,1.118297762,1.0352609673042859,0.9437166964214285,0.7896347613,1.032126486255714,0.9941615067285716,1.0629880281214283,1.077112044,0.8785709376557143,1.0000366677842858,1.071131178,0.9431335993,0.04938271605,1.118055556,0.9755555556,0.2806802721,0.4505446226242857,0.1395817586,0.08,3.585559589014286,0.06606606607,0.038673363947,-0.2010278609,-0.06445935692,-0.1598968571,0.08465367034,-0.006168074024560002,2.0183213696,1.219619221,14.12674474,23.05833076,1.776306776,2.126285714285714,1507.447412,22.95538616,-3.6788834832285717,-1.717431671,0.8934605213,1.226051821,-1.40387260699,-0.8125903502,0.210865493,-0.24821750480797142,0.32700071754399995,-0.13498761280071428,8.551568232771428,5.693927995,0.0,5.098681808,29.82891977,42.81902403,29.7174337,21.0894968215,0.9489042811,0.1905441432,57.25170822525714,0.1268445828,0.0,20.759931868514283,1.9059206056857143,33.77213846,0.42280435137142863,0.0,0.0,3.591622254285715,0.0,-0.0532321761,0.0,0.1671880880499286,4.99,0.0,0.0,20.16532066,6.616532068714286,6.9237372,5.563451492,4.878658717842858,2.434981486,2.085917374,0.0,0.7151996025571428,0.0,0.0,0.0,0.049557151214285715,0.0,0.0,0.0,54.46,4.319810774,0.0,2.085917374,0.0,0.8012119198542856,0.0761440227,0.0,26.41852871,0.575
145.3956436,152.27942352428573,154.9790837,1.547153023,161.709892,3.4309047647714284,154.9556316,2.540855828,2.597014925,2.7961807550428572,2.056510876,0.006932664093,49.02064596857142,0.48069877946999995,0.018859852175714283,0.6346153846,0.2558672244,1.6046717415428573,17.87130362,58.00176269057143,-8.048844056195716,-15.089078130157143,0.68682556727,-4.719285714285714,-0.4349723905,0.987625614,3.042027938,1.134637064,1.9507554346857143,0.8789481886714284,0.00153,0.0,41.8666451816,6.448020180071429,0.019749238125485714,0.0,0.7868459064728571,0.3433667781,0.3454333446,1.311624759,0.656724165282857,0.4346384855,1.1348176423885719,0.9286006147,0.8395543497,1.1180255929571428,1.08409351083,1.1279751734385712,0.7264175173,0.7876971053,1.0487113150085714,1.156627907,1.02191186,1.00186403834,0.9625558532314287,1.038924942,1.011337209,1.0591462997471426,1.0541421759200003,0.8695636958,1.0243551266000002,1.1390753082442857,1.198589562,1.0625243417542856,0.9885241671057142,1.263979514,1.350059125,1.365449927,1.0352609673042859,0.9437166964214285,0.9280608417,1.032126486255714,0.9941615067285716,1.0629880281214283,1.140155782,0.8785709376557143,1.0000366677842858,0.9770031648,1.196062144,0.01234567901,2.958333333,1.949444444,0.9389569161,0.4505446226242857,0.3408919123,0.148125,3.585559589014286,0.07575757576,0.038673363947,-0.2455749542,-0.0135267323,-0.1328685501,-0.1219197996,-0.006168074024560002,2.0183213696,1.260155738,6.603436335,18.43158883,1.756112843,2.126285714285714,1985.784971,17.67971796,-3.6788834832285717,-2.725461643,0.7735348689,0.3896063268,-1.40387260699,-0.461435828,-0.1549024156,-0.24821750480797142,0.32700071754399995,-0.13498761280071428,8.551568232771428,10.84703781,4.983978521,5.098681808,45.36225576,41.66473186,29.91688551,21.0894968215,0.960862579,0.1853999472,57.25170822525714,0.08952602959,0.0,20.759931868514283,1.9059206056857143,22.51475897,0.42280435137142863,0.0,0.0,3.591622254285715,0.0,-0.0532321761,0.0,0.1671880880499286,5.19,0.0,0.0,19.74844179,6.616532068714286,5.414990469,45.00071083,4.878658717842858,2.598841631,8.996491366,6.197203282,0.7151996025571428,0.0,0.0,0.0,0.049557151214285715,0.3889338992,0.0,0.1717595742,43.6,4.136798639,2.156712018,9.902031254,0.0,0.8012119198542856,0.4665289338,0.1020620726,29.10698288,0.4081632653
143.9403387,152.27942352428573,157.0389161,1.656287155,156.6965443,3.4309047647714284,153.0945087,2.408008658,3.0,2.7961807550428572,2.026024996,0.01189721143,49.02064596857142,0.48069877946999995,0.018859852175714283,0.652173913,0.2529911733,1.6046717415428573,11.76134122,58.00176269057143,-8.048844056195716,-15.089078130157143,0.68682556727,-4.719285714285714,-0.363784315,0.9878173507,3.0404216,0.6094207858,1.9507554346857143,0.8789481886714284,0.00251,0.0,41.8666451816,6.448020180071429,0.019749238125485714,0.02053140097,0.7868459064728571,0.3399433428,0.3518722491,1.571246268,0.656724165282857,0.4758720982,1.1348176423885719,0.9607083169,0.8395543497,1.1180255929571428,1.08409351083,1.1279751734385712,0.8402431548,0.8258951035,1.0487113150085714,0.942464442,1.052302905,1.00186403834,0.9625558532314287,0.8315864994,1.087554037,1.0591462997471426,1.0541421759200003,0.986530713,1.0243551266000002,1.1390753082442857,1.273678825,1.0625243417542856,0.9885241671057142,1.173557631,1.35822274,1.312242243,1.0352609673042859,0.9437166964214285,0.9898789738,1.032126486255714,0.9941615067285716,1.0629880281214283,1.182091742,0.8785709376557143,1.0000366677842858,1.026303907,0.9511339239,0.04,1.451388889,1.358333333,0.5258956916,0.4505446226242857,0.2109158478,0.09594135802,3.585559589014286,0.06606606607,0.038673363947,-0.5396529017,-0.1431720247,-0.1059273699,-0.08575635946,-0.006168074024560002,2.0183213696,1.138385299,4.650980454,16.02327091,1.883941746,2.126285714285714,2119.841262,22.7724817,-3.6788834832285717,-2.057322119,-0.02046992176,0.4795217058,-1.40387260699,-0.8736494963,0.6436521145,-0.24821750480797142,0.32700071754399995,-0.13498761280071428,8.551568232771428,16.52595619,14.95193556,0.0,12.99010427,25.47729296,23.05826388,21.0894968215,0.8986121784,0.2199755994,57.25170822525714,0.108133281,0.0,20.759931868514283,1.9059206056857143,21.95893118,0.42280435137142863,2.230648962,0.0,3.591622254285715,0.0,-0.0532321761,0.0,0.1671880880499286,6.97,0.0,0.0,19.93591408,6.616532068714286,6.9237372,24.86289132,4.878658717842858,2.482383273,4.181982507,0.0,0.7151996025571428,0.0,0.0,0.0,0.049557151214285715,0.0,0.0,0.0,54.46,4.30402107,1.190195237,4.181982507,0.0,0.8012119198542856,0.1110709264,0.0,28.49793147,0.4871794872
146.1363507,152.27942352428573,157.6642698,1.550463443,157.610933,3.4309047647714284,156.0673624,3.291270972,3.156626506,2.7961807550428572,3.235943775,0.03454055879,49.02064596857142,0.48069877946999995,0.018859852175714283,0.68,0.2278383624,1.6046717415428573,8.301875,58.00176269057143,-8.048844056195716,-15.089078130157143,0.68682556727,-4.719285714285714,-0.4868751073,0.9728927718,7.008293607,0.6101374033,1.9507554346857143,0.8789481886714284,0.0637,5.969305288,41.8666451816,6.448020180071429,0.019749238125485714,0.0430617284,0.7868459064728571,0.3792134831,0.3818396072,1.523630395,0.656724165282857,0.4886642624,1.1348176423885719,0.7621789764,0.8395543497,1.1180255929571428,1.08409351083,1.1279751734385712,0.4902192924,0.840506786,1.0487113150085714,1.012123234,1.205283664,1.00186403834,0.9625558532314287,0.9541379681,1.013156013,1.0591462997471426,1.0541421759200003,1.096429583,1.0243551266000002,1.1390753082442857,0.8667377649,1.0625243417542856,0.9885241671057142,1.071492411,1.191191191,1.066160385,1.0352609673042859,0.9437166964214285,0.8546993794,1.032126486255714,0.9941615067285716,1.0629880281214283,1.230487041,0.8785709376557143,1.0000366677842858,1.050328711,0.8867638809,0.0908070605,1.451388889,1.518333333,0.6370068027,0.4505446226242857,0.2537399219,0.2253240741,3.585559589014286,0.06666666667,0.038673363947,-0.5647065506,0.1813461611,-0.09626915737,-0.004216798126,-0.006168074024560002,2.0183213696,0.9228913402,4.650980454,17.38346181,1.853481487,2.126285714285714,2021.920682,24.83248033,-3.6788834832285717,-2.002301705,0.1996088336,0.967316987,-1.40387260699,-0.5507356751,0.3286910732,-0.24821750480797142,0.32700071754399995,-0.13498761280071428,8.551568232771428,16.52595619,9.967957042,0.0,0.0,25.12283841,23.05826388,21.0894968215,0.6906066905,0.1806011464,57.25170822525714,0.1138269128,19.37479049,20.759931868514283,1.9059206056857143,33.45795484,0.42280435137142863,0.0,0.0,3.591622254285715,0.0,-0.0532321761,0.0,0.1671880880499286,4.67,9.473725908,0.0,32.82071055,6.616532068714286,6.9237372,17.93915412,4.878658717842858,2.483204969,1.928811002,0.0,0.7151996025571428,8.911700783,0.0,10.8028479,0.049557151214285715,0.0,0.0,0.0,97.33,4.356167928,10.8028479,2.141267814,0.0,0.8012119198542856,0.07931626887,0.0,28.91833544,0.475
147.5474914,152.27942352428573,161.3773564,1.41654789,161.0335822,3.4309047647714284,159.3149639,2.903703704,2.776595745,2.7961807550428572,2.870266334,0.0225460053,49.02064596857142,0.48069877946999995,0.018859852175714283,0.64,0.2391909549,1.6046717415428573,10.45283951,58.00176269057143,-8.048844056195716,-15.089078130157143,0.68682556727,-4.719285714285714,-0.3635937596,0.9778763872,7.008271541,0.6101372261,1.9507554346857143,0.8789481886714284,0.086,0.0,41.8666451816,6.448020180071429,0.019749238125485714,0.05742857143,0.7868459064728571,0.3305785124,0.351575665,1.591049672,0.656724165282857,0.5047612499,1.1348176423885719,0.7683227531,0.8395543497,1.1180255929571428,1.08409351083,1.1279751734385712,0.5526693093,0.9453408971,1.0487113150085714,0.9241642959,1.129846936,1.00186403834,0.9625558532314287,0.8971326744,1.036475929,1.0591462997471426,1.0541421759200003,1.040504442,1.0243551266000002,1.1390753082442857,1.079652018,1.0625243417542856,0.9885241671057142,0.8674864806,1.161317568,1.139452347,1.0352609673042859,0.9437166964214285,1.247000768,1.032126486255714,0.9941615067285716,1.0629880281214283,1.090800532,0.8785709376557143,1.0000366677842858,0.964979294,0.8848861912,0.1025425977,1.444444444,1.452222222,0.5406349206,0.4505446226242857,0.283446712,0.2053240741,3.585559589014286,0.07207207207,0.038673363947,-0.604728055,0.01355752718,-0.03797900037,0.01017822255,-0.006168074024560002,2.0183213696,0.9420876807,5.777470331,16.38359906,1.634673903,2.126285714285714,2355.817502,23.40259178,-3.6788834832285717,-1.965495382,0.369257035,1.016287966,-1.40387260699,-0.7753167022,0.4468586156,-0.24821750480797142,0.32700071754399995,-0.13498761280071428,8.551568232771428,22.27546802,9.967957042,0.0,6.9237372,37.6100271,23.05826388,21.0894968215,0.7915458123,0.2178844778,57.25170822525714,0.1257174394,9.901064579,20.759931868514283,1.9059206056857143,27.70844301,0.42280435137142863,0.0,0.0,3.591622254285715,0.0,-0.0532321761,0.0,0.1671880880499286,4.9,5.316788604,0.0,25.96564269,6.616532068714286,6.9237372,31.28371294,4.878658717842858,2.464302333,3.913751117,0.0,0.7151996025571428,9.510659254,2.867978762,0.0,0.049557151214285715,0.0,0.0,0.0,90.9,4.072513451,0.0,4.255293067,0.0,0.8012119198542856,0.06542737998,0.0,24.99321444,0.3555555556
145.3298045,152.27942352428573,156.2191255,1.749797529,154.8115469,3.4309047647714284,156.8657043,3.363609641,2.983870968,2.7961807550428572,3.536338225,0.01633254477,49.02064596857142,0.48069877946999995,0.018859852175714283,0.652173913,0.1833207902,1.6046717415428573,6.123702422,58.00176269057143,-8.048844056195716,-15.089078130157143,0.68682556727,-4.719285714285714,-0.3944117671,0.99294228,8.001917922,0.6050204281,1.9507554346857143,0.8789481886714284,0.0104,0.0,41.8666451816,6.448020180071429,0.019749238125485714,0.04236853002,0.7868459064728571,0.3565365025,0.4785068224,1.573447185,0.656724165282857,0.4988544116,1.1348176423885719,0.6763312894,0.8395543497,1.1180255929571428,1.08409351083,1.1279751734385712,0.6269790717,0.8702000406,1.0487113150085714,1.011963508,1.067855014,1.00186403834,0.9625558532314287,0.9095995767,1.258345428,1.0591462997471426,1.0541421759200003,0.9679742572,1.0243551266000002,1.1390753082442857,0.9859538472,1.0625243417542856,0.9885241671057142,1.512470454,1.072707167,1.042117175,1.0352609673042859,0.9437166964214285,0.9322239333,1.032126486255714,0.9941615067285716,1.0629880281214283,1.088602627,0.8785709376557143,1.0000366677842858,1.072001144,1.515549026,0.03295582083,1.409722222,1.517777778,0.5037188209,0.4505446226242857,0.1315192744,0.098125,3.585559589014286,0.06606606607,0.038673363947,-0.6141739611,0.0812264805,-0.1876758135,0.256158803,-0.006168074024560002,2.0183213696,0.8183824641,8.415430261,19.33134772,1.401630714,2.126285714285714,1722.904198,21.62439909,-3.6788834832285717,-1.952840085,0.05701197638,1.327925789,-1.40387260699,-0.4703776087,0.1981317665,-0.24821750480797142,0.32700071754399995,-0.13498761280071428,8.551568232771428,5.817220841,14.35837209,0.0,23.46952001,36.39820241,11.76029506,21.0894968215,0.789334598,0.221977556,57.25170822525714,0.1069603168,4.390415048,20.759931868514283,1.9059206056857143,21.82845468,0.42280435137142863,1.614080058,0.0,3.591622254285715,0.0,-0.0532321761,0.0,0.1671880880499286,4.74,5.733667477,9.521973528,14.95193556,6.616532068714286,5.817220841,0.0,4.878658717842858,2.467094542,0.0,0.0,0.7151996025571428,0.0,0.0,0.0,0.049557151214285715,0.0,0.0,0.0,64.69,4.291957895,13.52254936,0.0,0.0,0.8012119198542856,0.1090616971,0.0,28.84238913,0.6176470588
148.5938777,152.27942352428573,155.9702392,1.680261638,155.5744163,3.4309047647714284,159.8518088,2.986454047,3.357142857,2.7961807550428572,2.789437586,0.01699097935,49.02064596857142,0.48069877946999995,0.018859852175714283,0.671875,0.187328697,1.6046717415428573,12.63706267,58.00176269057143,-8.048844056195716,-15.089078130157143,0.68682556727,-4.719285714285714,-0.5291677815,0.9779390634,3.513573785,1.197963246,1.9507554346857143,0.8789481886714284,0.00423,0.0,41.8666451816,6.448020180071429,0.019749238125485714,0.01575126263,0.7868459064728571,0.3426724138,0.384636032,1.42996959,0.656724165282857,0.4831028665,1.1348176423885719,0.8435001875,0.8395543497,1.1180255929571428,1.08409351083,1.1279751734385712,0.9171408241,0.7913115931,1.0487113150085714,1.083115828,1.099804701,1.00186403834,0.9625558532314287,0.9430902387,1.051579749,1.0591462997471426,1.0541421759200003,1.043231431,1.0243551266000002,1.1390753082442857,0.9886957803,1.0625243417542856,0.9885241671057142,0.8942356688,1.043000427,1.037705899,1.0352609673042859,0.9437166964214285,0.9829463297,1.032126486255714,0.9941615067285716,1.0629880281214283,1.032409434,0.8785709376557143,1.0000366677842858,1.087102339,0.8277240431,0.1695724926,1.979166667,2.042777778,0.7772789116,0.4505446226242857,0.3482221592,0.2940740741,3.585559589014286,0.06535947712,0.038673363947,-0.3996888486,0.02115395503,-0.08916181629,0.1128552714,-0.006168074024560002,2.0183213696,0.9437374735,11.91980475,24.4497476,1.526526044,2.126285714285714,2185.375497,30.64661613,-3.6788834832285717,-2.062530517,1.20819163,1.52943448,-1.40387260699,-1.17799465,0.3883533044,-0.24821750480797142,0.32700071754399995,-0.13498761280071428,8.551568232771428,17.7707599,14.18117935,10.19736362,12.13273414,61.10326455,35.40481997,21.0894968215,0.9175320074,0.2061653358,57.25170822525714,0.08216682445,4.736862954,20.759931868514283,1.9059206056857143,28.26427081,0.42280435137142863,0.7458180862,0.0,3.591622254285715,5.645589517,-0.0532321761,0.0,0.1671880880499286,3.42,10.05365156,5.687386275,41.58475591,6.616532068714286,6.9237372,5.693927995,4.878658717842858,2.489417402,3.585282635,0.0,0.7151996025571428,0.0,3.218309398,5.293729457,0.049557151214285715,0.0,0.0,0.0,82.16,4.635372996,8.659793197,1.955755626,1.629527009,0.8012119198542856,0.1048899075,0.0,30.33847573,0.5490196078
146.2217091,152.27942352428573,157.9963401,1.579680176,158.5210539,3.4309047647714284,159.8726926,2.974434612,3.237288136,2.7961807550428572,2.992929293,0.01488613212,49.02064596857142,0.48069877946999995,0.018859852175714283,0.6640625,0.1777019754,1.6046717415428573,9.852748943,58.00176269057143,-8.048844056195716,-15.089078130157143,0.68682556727,-4.719285714285714,-0.3981347424,0.9113363515,6.027276849,1.429020445,1.9507554346857143,0.8789481886714284,0.00688,0.0,41.8666451816,6.448020180071429,0.019749238125485714,0.02867647059,0.7868459064728571,0.3267973856,0.389586775,1.481348608,0.656724165282857,0.4816028966,1.1348176423885719,0.603371585,0.8395543497,1.1180255929571428,1.08409351083,1.1279751734385712,0.5634527303,0.9053723345,1.0487113150085714,1.046371714,1.111555581,1.00186403834,0.9625558532314287,0.950084712,1.156723143,1.0591462997471426,1.0541421759200003,1.026694733,1.0243551266000002,1.1390753082442857,0.9950215285,1.0625243417542856,0.9885241671057142,1.235725863,0.9737543945,1.04937272,1.0352609673042859,0.9437166964214285,1.229043147,1.032126486255714,0.9941615067285716,1.0629880281214283,0.9478654363,0.8785709376557143,1.0000366677842858,0.9551124407,0.6132711744,0.185389246,1.659722222,2.025,0.6156462585,0.4505446226242857,0.2680933485,0.281566358,3.585559589014286,0.05777777778,0.038673363947,-0.4623449437,0.05018883386,-0.1122412901,-0.03929845524,-0.006168074024560002,2.0183213696,0.9354481408,15.34427918,29.33424017,1.684253049,2.126285714285714,2512.324422,30.73473625,-3.6788834832285717,-2.104013569,1.00747872,2.074800766,-1.40387260699,-0.9157294885,0.0006638924955,-0.24821750480797142,0.32700071754399995,-0.13498761280071428,8.551568232771428,5.824404498,4.983978521,5.261891555,18.19910121,49.38830668,29.3384529,21.0894968215,0.8956866279,0.1625357769,57.25170822525714,0.07225270312,0.0,20.759931868514283,1.9059206056857143,28.71445679,0.42280435137142863,1.643912856,0.0,3.591622254285715,0.0,-0.0532321761,0.0,0.1671880880499286,5.01,5.316788604,5.687386275,24.9198926,6.616532068714286,18.25485007,17.08178398,4.878658717842858,2.475258467,1.968061701,0.0,0.7151996025571428,0.0,3.332529078,0.0,0.049557151214285715,0.0,0.0,0.0,103.17,4.551180229,0.0,2.44135976,0.0,0.8012119198542856,0.06541342195,0.0,32.88361094,0.568627451
150.7422912,152.27942352428573,162.2205903,1.455194872,163.5533186,3.4309047647714284,163.2249086,3.074668705,3.196581197,2.7961807550428572,2.877627628,0.01838991296,49.02064596857142,0.48069877946999995,0.018859852175714283,0.6833333333,0.2082598057,1.6046717415428573,9.5504,58.00176269057143,-8.048844056195716,-15.089078130157143,0.68682556727,-4.719285714285714,-0.374628992,0.9925253564,8.001919071,1.297044508,1.9507554346857143,0.8789481886714284,0.0272,0.0,41.8666451816,6.448020180071429,0.019749238125485714,0.04822510823,0.7868459064728571,0.3478701826,0.3674978304,1.516031733,0.656724165282857,0.5115740741,1.1348176423885719,0.6096643519,0.8395543497,1.1180255929571428,1.08409351083,1.1279751734385712,0.641161859,0.9278108045,1.0487113150085714,1.089242788,1.111607143,1.00186403834,0.9625558532314287,0.9903619376,1.033232119,1.0591462997471426,1.0541421759200003,0.9929304645,1.0243551266000002,1.1390753082442857,0.8528037383,1.0625243417542856,0.9885241671057142,1.107692384,0.9957215949,0.9678899083,1.0352609673042859,0.9437166964214285,1.205835997,1.032126486255714,0.9941615067285716,1.0629880281214283,0.963490688,0.8785709376557143,1.0000366677842858,1.050443586,0.7164934165,0.2149760229,1.479166667,1.797777778,0.6376417234,0.4505446226242857,0.3053980852,0.205941358,3.585559589014286,0.06944444444,0.038673363947,-0.4342819427,0.03970165349,0.02682604093,-0.002112097304,-0.006168074024560002,2.0183213696,1.005358063,12.47983454,22.70206157,1.431712569,2.126285714285714,2785.962711,31.94576977,-3.6788834832285717,-2.237041993,1.455679575,1.721835061,-1.40387260699,-0.8778967481,0.1470175762,-0.24821750480797142,0.32700071754399995,-0.13498761280071428,8.551568232771428,17.9801607,19.35077682,0.0,24.27512131,37.26522558,17.46044569,21.0894968215,0.8320301831,0.144350754,57.25170822525714,0.07224962686,4.390415048,20.759931868514283,1.9059206056857143,11.38785599,0.42280435137142863,0.0,0.0,3.591622254285715,0.0,-0.0532321761,7.618667973,0.1671880880499286,3.13,10.74258,10.07780132,32.46515906,6.616532068714286,12.74095804,17.21226049,4.878658717842858,2.482756918,1.655368773,0.0,0.7151996025571428,0.0,6.445015369,0.0,0.049557151214285715,-0.05412024617,1.901811093,0.0,81.23,4.560493637,13.78062924,2.171127544,0.0,0.8012119198542856,0.09238926608,0.0,29.07485563,0.56
145.1110422,152.27942352428573,161.0443566,1.437044268,159.704181,3.4309047647714284,156.6554547,2.788751715,2.297619048,2.7961807550428572,2.75,0.01092948001,49.02064596857142,0.48069877946999995,0.018859852175714283,0.6666666667,0.2108470318,1.6046717415428573,7.356734694,58.00176269057143,-8.048844056195716,-15.089078130157143,0.68682556727,-4.719285714285714,-0.4431094094,0.9938455052,8.001917432,1.348828131,1.9507554346857143,0.8789481886714284,0.0466,0.0,41.8666451816,6.448020180071429,0.019749238125485714,0.0,0.7868459064728571,0.3404864092,0.3321002298,1.411474643,0.656724165282857,0.4249264197,1.1348176423885719,0.5015923567,0.8395543497,1.1180255929571428,1.08409351083,1.1279751734385712,0.5427486526,0.9457576622,1.0487113150085714,1.140831203,1.078568778,1.00186403834,0.9625558532314287,0.8746388521,1.381216556,1.0591462997471426,1.0541421759200003,0.862009481,1.0243551266000002,1.1390753082442857,1.120447178,1.0625243417542856,0.9885241671057142,1.033617162,1.061273738,1.076782306,1.0352609673042859,0.9437166964214285,0.6687349069,1.032126486255714,0.9941615067285716,1.0629880281214283,1.20797489,0.8785709376557143,1.0000366677842858,1.044476001,1.396069699,0.01234567901,1.381944444,1.228333333,0.2719274376,0.4505446226242857,0.1128826531,0.03,3.585559589014286,0.06535947712,0.038673363947,-0.4228638672,-0.01808517185,-0.06081792629,0.05973679281,-0.006168074024560002,2.0183213696,1.092572279,13.26955239,20.10785084,1.4925,2.126285714285714,1529.471055,18.49914231,-3.6788834832285717,-1.640075804,0.9280222783,1.065551657,-1.40387260699,-0.3662594047,0.0434334607,-0.24821750480797142,0.32700071754399995,-0.13498761280071428,8.551568232771428,17.33555333,9.374393569,0.0,6.066367068,42.81902403,24.72587309,21.0894968215,0.8633416364,0.2451987555,57.25170822525714,0.0919280896,4.390415048,20.759931868514283,1.9059206056857143,22.64523548,0.42280435137142863,0.0,0.0,3.591622254285715,0.0,-0.0532321761,0.0,0.1671880880499286,4.0,0.0,4.390415048,14.53505669,6.616532068714286,5.817220841,12.24522612,4.878658717842858,2.527110816,0.0,0.0,0.7151996025571428,0.0,0.0,0.0,0.049557151214285715,0.0,0.0,0.0,30.71,3.91853569,15.4244982,0.9601951058,0.0,0.8012119198542856,0.09033189192,0.0,24.15772897,0.5714285714
148.9012077,152.27942352428573,158.0143341,1.568129555,162.5978919,3.4309047647714284,162.5370035,3.466216216,2.985915493,2.7961807550428572,3.131944444,0.01556156345,49.02064596857142,0.48069877946999995,0.018859852175714283,0.65625,0.1797893311,1.6046717415428573,7.869806094,58.00176269057143,-8.048844056195716,-15.089078130157143,0.68682556727,-4.719285714285714,-0.3756635129,0.9929434621,8.001917991,1.417757826,1.9507554346857143,0.8789481886714284,0.0173,0.0,41.8666451816,6.448020180071429,0.019749238125485714,0.04075091575,0.7868459064728571,0.3544303797,0.3810511767,1.300891446,0.656724165282857,0.4664466169,1.1348176423885719,0.5647619201,0.8395543497,1.1180255929571428,1.08409351083,1.1279751734385712,0.6336425488,0.8807830904,1.0487113150085714,1.139887972,0.9955535468,1.00186403834,0.9625558532314287,1.068976292,1.08258879,1.0591462997471426,1.0541421759200003,0.9799594203,1.0243551266000002,1.1390753082442857,1.087827353,1.0625243417542856,0.9885241671057142,0.9253166741,0.8626179245,1.174414601,1.0352609673042859,0.9437166964214285,0.9537288474,1.032126486255714,0.9941615067285716,1.0629880281214283,1.04798031,0.8785709376557143,1.0000366677842858,0.8847663519,0.7576560746,0.1025425977,1.5,1.208888889,0.373968254,0.4505446226242857,0.1597222222,0.14,3.585559589014286,0.0701754386,0.038673363947,-0.3165637934,-0.02440400061,-0.1596333436,-0.08847060717,-0.006168074024560002,2.0183213696,0.9859855651,7.83022589,20.03385019,1.461757219,2.126285714285714,837.9961772,21.66864452,-3.6788834832285717,-2.054199607,0.4594685554,1.339232145,-1.40387260699,-0.7864226082,0.1386010043,-0.24821750480797142,0.32700071754399995,-0.13498761280071428,8.551568232771428,16.85062228,4.390415048,5.098681808,11.62981856,37.25557254,23.64452491,21.0894968215,0.8517652577,0.1972302712,57.25170822525714,0.1061151607,4.390415048,20.759931868514283,1.9059206056857143,11.25737949,0.42280435137142863,1.594080148,0.0,3.591622254285715,0.0,-0.0532321761,0.0,0.1671880880499286,4.06,5.316788604,15.7651876,20.16532066,6.616532068714286,12.74095804,5.563451492,4.878658717842858,2.418348561,1.92756137,0.0,0.7151996025571428,0.0,3.303553949,0.0,0.049557151214285715,0.0,0.0,0.0,66.49,4.527285573,14.09860995,1.92756137,0.0,0.8012119198542856,0.06856204604,0.0,25.24352369,0.5789473684
144.164589,152.27942352428573,157.1625315,1.549278599,154.0037272,3.4309047647714284,156.8603054,2.631631632,2.769230769,2.7961807550428572,2.103773585,0.007814272873,49.02064596857142,0.48069877946999995,0.018859852175714283,0.65,0.2154797521,1.6046717415428573,12.70470525,58.00176269057143,-8.048844056195716,-15.089078130157143,0.68682556727,-4.719285714285714,-0.4357126271,0.9938453721,3.042116129,1.343865392,1.9507554346857143,0.8789481886714284,0.00877,0.0,41.8666451816,6.448020180071429,0.019749238125485714,0.0,0.7868459064728571,0.3636363636,0.3107470361,1.152825219,0.656724165282857,0.4289361702,1.1348176423885719,0.7501959943,0.8395543497,1.1180255929571428,1.08409351083,1.1279751734385712,0.785786061,0.8769878325,1.0487113150085714,1.109475893,1.104752475,1.00186403834,0.9625558532314287,0.8317004632,1.329144022,1.0591462997471426,1.0541421759200003,0.9448618492,1.0243551266000002,1.1390753082442857,1.138762887,1.0625243417542856,0.9885241671057142,1.207401251,1.223217783,1.266306306,1.0352609673042859,0.9437166964214285,1.028911168,1.032126486255714,0.9941615067285716,1.0629880281214283,1.15973288,0.8785709376557143,1.0000366677842858,1.004087094,1.12673936,0.01234567901,1.756944444,1.507777778,0.5251247166,0.4505446226242857,0.1529273747,0.056875,3.585559589014286,0.06349206349,0.038673363947,-0.1579593435,-0.02165420923,-0.1438774246,-0.1149674493,-0.006168074024560002,2.0183213696,1.314499244,14.54639206,26.44538367,1.892986111,2.126285714285714,2067.542451,16.01795003,-3.6788834832285717,-2.325863493,1.231894483,1.495115136,-1.40387260699,-0.6117195274,-0.09996435949,-0.24821750480797142,0.32700071754399995,-0.13498761280071428,8.551568232771428,5.693927995,0.0,5.098681808,24.26546827,49.59430021,35.07913167,21.0894968215,0.9600122217,0.1936003629,57.25170822525714,0.08575461263,0.0,20.759931868514283,1.9059206056857143,22.51475897,0.42280435137142863,2.183056868,0.0,3.591622254285715,0.0,-0.0532321761,0.0,0.1671880880499286,4.52,0.0,0.0,19.74844179,6.616532068714286,6.9237372,17.80867761,4.878658717842858,2.552503364,2.022597212,0.0,0.7151996025571428,0.0,0.0,0.0,0.049557151214285715,0.0,0.0,0.0,43.6,4.315870367,2.156628874,3.00589598,0.0,0.8012119198542856,0.130682846,0.0,27.76270778,0.5581395349
145.7804246,152.27942352428573,154.2674961,1.514867855,165.462619,3.4309047647714284,156.1975289,2.607142857,2.37755102,2.7961807550428572,2.053191489,0.008359930452,49.02064596857142,0.48069877946999995,0.018859852175714283,0.6477272727,0.227453123,1.6046717415428573,10.87,58.00176269057143,-8.048844056195716,-15.089078130157143,0.68682556727,-4.719285714285714,-0.4352125109,0.9929025382,3.04576716,1.160371354,1.9507554346857143,0.8789481886714284,0.0548,0.0,41.8666451816,6.448020180071429,0.019749238125485714,0.0,0.7868459064728571,0.2735849057,0.2616418338,1.112893347,0.656724165282857,0.485306479,1.1348176423885719,0.7867095275,0.8395543497,1.1180255929571428,1.08409351083,1.1279751734385712,0.7953339309,0.8188232486,1.0487113150085714,0.9232954545,0.8997386605,1.00186403834,0.9625558532314287,1.200282581,1.056120415,1.0591462997471426,1.0541421759200003,0.677982148,1.0243551266000002,1.1390753082442857,1.458008505,1.0625243417542856,0.9885241671057142,1.278977254,1.412337662,1.362255746,1.0352609673042859,0.9437166964214285,0.7220241921,1.032126486255714,0.9941615067285716,1.0629880281214283,1.306958352,0.8785709376557143,1.0000366677842858,0.9275252516,1.191203545,0.0,2.236111111,1.322222222,0.4531972789,0.4505446226242857,0.1471403376,0.03125,3.585559589014286,0.06006006006,0.038673363947,-0.1082221707,-0.1824739989,-0.1817782041,-0.09536397719,-0.006168074024560002,2.0183213696,1.302641723,10.94090161,16.35430171,1.819503456,2.126285714285714,1355.578952,19.00197491,-3.6788834832285717,-1.993442636,0.9689364365,0.9077091012,-1.40387260699,-0.5280513279,-0.07987314685,-0.24821750480797142,0.32700071754399995,-0.13498761280071428,8.551568232771428,5.693927995,0.0,5.098681808,19.91384147,41.66473186,36.39266661,21.0894968215,0.9393886377,0.2051083971,57.25170822525714,0.09101639843,0.0,20.759931868514283,1.9059206056857143,22.51475897,0.42280435137142863,0.0,0.0,3.591622254285715,0.0,-0.0532321761,0.0,0.1671880880499286,3.59,0.0,0.0,19.74844179,6.616532068714286,5.414990469,19.54140239,4.878658717842858,2.563009046,4.580256677,0.0,0.7151996025571428,0.0,0.0,0.0,0.049557151214285715,0.0,0.0,0.2567064673,43.6,3.97468675,2.1525548,5.531894054,0.0,0.8012119198542856,0.0940067503,0.0,25.85560805,0.5
146.7401428,152.27942352428573,158.0266245,1.520803003,157.9245791,3.4309047647714284,159.7712948,3.355413105,2.817073171,2.7961807550428572,3.025584795,0.0278266106,49.02064596857142,0.48069877946999995,0.018859852175714283,0.6956521739,0.2028115871,1.6046717415428573,10.01038781,58.00176269057143,-8.048844056195716,-15.089078130157143,0.68682556727,-4.719285714285714,-0.4868117291,0.9878630511,6.002696239,1.438829424,1.9507554346857143,0.8789481886714284,0.218,0.0,41.8666451816,6.448020180071429,0.019749238125485714,0.02300724638,0.7868459064728571,0.3644859813,0.3369553677,1.448911557,0.656724165282857,0.5200945062,1.1348176423885719,0.97975168,0.8395543497,1.1180255929571428,1.08409351083,1.1279751734385712,0.968743518,0.8009843574,1.0487113150085714,1.103148865,1.072000407,1.00186403834,0.9625558532314287,0.9495464727,1.183127158,1.0591462997471426,1.0541421759200003,0.990472355,1.0243551266000002,1.1390753082442857,0.9630136986,1.0625243417542856,0.9885241671057142,0.9646259421,1.109748901,1.089122635,1.0352609673042859,0.9437166964214285,0.8707899067,1.032126486255714,0.9941615067285716,1.0629880281214283,1.25912561,0.8785709376557143,1.0000366677842858,0.9919997428,1.16496033,0.02469135802,1.479166667,1.455555556,0.5029024943,0.4505446226242857,0.1753826531,0.09594135802,3.585559589014286,0.06606606607,0.038673363947,-0.4695687665,0.01867286424,0.03569564485,-0.06026509095,-0.006168074024560002,2.0183213696,0.9104492105,8.385600675,18.47927566,1.802462207,2.126285714285714,1791.39588,22.7555036,-3.6788834832285717,-1.843822904,1.247711989,1.212455628,-1.40387260699,-0.5967792027,0.129020823,-0.24821750480797142,0.32700071754399995,-0.13498761280071428,8.551568232771428,5.693927995,9.967957042,0.0,6.066367068,31.18920547,17.95713863,21.0894968215,0.7416611126,0.1993476483,57.25170822525714,0.1014342432,14.5802533,20.759931868514283,1.9059206056857143,28.70474243,0.42280435137142863,0.0,0.0,3.591622254285715,0.0,-0.0532321761,0.0,0.1671880880499286,2.69,9.473725908,0.0,26.43452639,6.616532068714286,6.9237372,11.38785599,4.878658717842858,2.476126138,1.934830434,0.0,0.7151996025571428,9.437722243,0.0,10.78429623,0.049557151214285715,0.0,0.0,0.0,69.4,4.307658617,12.68239808,2.039260447,0.0,0.8012119198542856,0.06274916425,0.0,27.25526357,0.5263157895
147.5967449,152.27942352428573,157.5778633,1.485628527,158.7847684,3.4309047647714284,160.366464,2.926290464,3.089552239,2.7961807550428572,2.944878472,0.02533537787,49.02064596857142,0.48069877946999995,0.018859852175714283,0.6666666667,0.2070298978,1.6046717415428573,12.84056122,58.00176269057143,-8.048844056195716,-15.089078130157143,0.68682556727,-4.719285714285714,-0.4868866541,0.9729223297,7.008276949,1.42421381,1.9507554346857143,0.8789481886714284,0.00756,5.907179729,41.8666451816,6.448020180071429,0.019749238125485714,0.05733005733,0.7868459064728571,0.3548387097,0.3840855018,1.611106133,0.656724165282857,0.4959842605,1.1348176423885719,0.7836193035,0.8395543497,1.1180255929571428,1.08409351083,1.1279751734385712,0.5929535324,0.9025015269,1.0487113150085714,1.107156488,1.085933027,1.00186403834,0.9625558532314287,0.9624173122,1.072008663,1.0591462997471426,1.0541421759200003,1.053180719,1.0243551266000002,1.1390753082442857,0.9118320231,1.0625243417542856,0.9885241671057142,1.022984311,0.9322630015,0.9921972884,1.0352609673042859,0.9437166964214285,1.058089954,1.032126486255714,0.9941615067285716,1.0629880281214283,0.9317433183,0.8785709376557143,1.0000366677842858,0.9168708543,0.5388082372,0.2480338741,1.854166667,1.997777778,0.614829932,0.4505446226242857,0.2711404006,0.3040740741,3.585559589014286,0.0641025641,0.038673363947,-0.5627624379,0.0848610387,-0.100189963,-0.06546038811,-0.006168074024560002,2.0183213696,1.001554035,13.58001705,30.19697142,1.683173286,2.126285714285714,2597.343137,33.87046942,-3.6788834832285717,-3.029973773,1.288197551,1.30782096,-1.40387260699,-0.8920864797,0.176954616,-0.24821750480797142,0.32700071754399995,-0.13498761280071428,8.551568232771428,5.824404498,4.983978521,0.0,19.05647134,54.95175817,22.50821725,21.0894968215,0.7723350511,0.1421530045,57.25170822525714,0.07780668145,14.26826309,20.759931868514283,1.9059206056857143,34.14425914,0.42280435137142863,0.0,0.0,3.591622254285715,0.0,-0.0532321761,0.0,0.1671880880499286,4.55,20.52418199,5.687386275,27.6520576,6.616532068714286,0.0,28.80005837,4.878658717842858,2.480193002,2.076756568,0.0,0.7151996025571428,0.0,3.297285735,11.00740324,0.049557151214285715,0.0,0.0,0.0,115.15,4.586890084,11.00740324,2.71473507,0.0,0.8012119198542856,0.0822774992,0.0,31.09121391,0.5
144.3995229,152.27942352428573,154.8961175,1.635647765,155.6496898,3.4309047647714284,156.4561625,2.604041363,3.223140496,2.7961807550428572,2.510611162,0.01019926995,49.02064596857142,0.48069877946999995,0.018859852175714283,0.6328125,0.1909160923,1.6046717415428573,9.410466358,58.00176269057143,-8.048844056195716,-15.089078130157143,0.68682556727,-4.719285714285714,-0.4272858256,0.97795332,3.042251609,1.194229606,1.9507554346857143,0.8789481886714284,0.000744,0.0,41.8666451816,6.448020180071429,0.019749238125485714,0.01426767677,0.7868459064728571,0.3094736842,0.4085424563,1.348400235,0.656724165282857,0.5574821448,1.1348176423885719,0.8768792672,0.8395543497,1.1180255929571428,1.08409351083,1.1279751734385712,0.8705084129,0.8992425181,1.0487113150085714,1.036146273,1.108614468,1.00186403834,0.9625558532314287,1.001063623,1.179970216,1.0591462997471426,1.0541421759200003,0.9124068869,1.0243551266000002,1.1390753082442857,1.067087958,1.0625243417542856,0.9885241671057142,1.180214241,1.11814346,1.106529561,1.0352609673042859,0.9437166964214285,0.9370978519,1.032126486255714,0.9941615067285716,1.0629880281214283,0.96745814,0.8785709376557143,1.0000366677842858,1.018692888,1.012161478,0.1281501888,1.972222222,1.793888889,0.7413151927,0.4505446226242857,0.4323664651,0.264066358,3.585559589014286,0.05333333333,0.038673363947,-0.2936794216,-0.06028572901,-0.06324566243,0.04765776808,-0.006168074024560002,2.0183213696,1.066660229,20.45493089,30.13109509,1.808345964,2.126285714285714,2399.523668,29.21025187,-3.6788834832285717,-2.823323178,0.1232040154,1.332918597,-1.40387260699,-0.9255412724,0.02241981616,-0.24821750480797142,0.32700071754399995,-0.13498761280071428,8.551568232771428,10.6824301,0.0,5.098681808,48.61607585,54.95175817,34.72467712,21.0894968215,0.9571909786,0.1734209861,57.25170822525714,0.08314916212,0.0,20.759931868514283,1.9059206056857143,22.51475897,0.42280435137142863,2.050257213,0.0,3.591622254285715,5.592154799,-0.0532321761,0.0,0.1671880880499286,5.89,5.316788604,5.687386275,24.73694389,6.616532068714286,6.9237372,5.693927995,4.878658717842858,2.477060554,1.986873069,0.0,0.7151996025571428,0.0,3.278671527,0.0,0.049557151214285715,0.0,0.0,0.0,55.63,4.55375734,1.875390684,2.457289893,0.0,0.8012119198542856,0.0761440227,0.0,34.37954936,0.5660377358
148.0142773,152.27942352428573,158.4048524,1.641681838,156.907041,3.4309047647714284,159.1994603,2.875685871,3.429906542,2.7961807550428572,2.717854647,0.01178451062,49.02064596857142,0.48069877946999995,0.018859852175714283,0.6612903226,0.1898077959,1.6046717415428573,11.7136,58.00176269057143,-8.048844056195716,-15.089078130157143,0.68682556727,-4.719285714285714,-0.4158652574,0.9779546579,3.056926202,1.197963603,1.9507554346857143,0.8789481886714284,0.00225,0.0,41.8666451816,6.448020180071429,0.019749238125485714,0.01559139785,0.7868459064728571,0.3502202643,0.420521874,1.574938134,0.656724165282857,0.4508367323,1.1348176423885719,0.8959045708,0.8395543497,1.1180255929571428,1.08409351083,1.1279751734385712,0.6970448018,0.8582738199,1.0487113150085714,0.9843034663,1.167173155,1.00186403834,0.9625558532314287,0.9004742814,1.183046766,1.0591462997471426,1.0541421759200003,0.9698857625,1.0243551266000002,1.1390753082442857,1.00481836,1.0625243417542856,0.9885241671057142,0.9934576134,1.060818012,1.072788984,1.0352609673042859,0.9437166964214285,1.308107672,1.032126486255714,0.9941615067285716,1.0629880281214283,1.040611132,0.8785709376557143,1.0000366677842858,1.116735331,0.7988506553,0.1766166718,2.138888889,1.971666667,0.7103854875,0.4505446226242857,0.4041635173,0.2540740741,3.585559589014286,0.06222222222,0.038673363947,-0.4844041943,0.003217816167,-0.008974729827,-0.005725965057,-0.006168074024560002,2.0183213696,0.9647844755,12.78445964,23.26778041,1.898808395,2.126285714285714,2336.206145,26.89399843,-3.6788834832285717,-1.96020287,0.5815643417,1.56000383,-1.40387260699,-1.184293635,0.2683675371,-0.24821750480797142,0.32700071754399995,-0.13498761280071428,8.551568232771428,11.51833249,14.18117935,10.19736362,24.26546827,68.02700174,29.3384529,21.0894968215,0.9534451445,0.1611402727,57.25170822525714,0.09640490851,0.0,20.759931868514283,1.9059206056857143,22.51475897,0.42280435137142863,0.773970837,0.0,3.591622254285715,5.623994668,-0.0532321761,0.0,0.1671880880499286,3.88,5.316788604,5.687386275,34.47495837,6.616532068714286,13.8474744,11.51833249,4.878658717842858,2.494406727,3.84055231,0.0,0.7151996025571428,0.0,3.23105274,0.0,0.049557151214285715,0.0,0.0,0.0,72.93,4.663273992,3.43622302,3.84055231,0.0,0.8012119198542856,0.1048899075,0.0,34.53185431,0.56
143.990752,152.27942352428573,156.5706705,1.620932094,153.6835809,3.4309047647714284,155.571615,2.668320826,2.712962963,2.7961807550428572,2.06372034,0.008499036872,49.02064596857142,0.48069877946999995,0.018859852175714283,0.66,0.2113157481,1.6046717415428573,9.2725,58.00176269057143,-8.048844056195716,-15.089078130157143,0.68682556727,-4.719285714285714,-0.4356902105,0.9938452717,3.043349741,1.304250488,1.9507554346857143,0.8789481886714284,0.00506,0.0,41.8666451816,6.448020180071429,0.019749238125485714,0.0,0.7868459064728571,0.3573085847,0.3771894428,1.117316674,0.656724165282857,0.4712662163,1.1348176423885719,0.6818898131,0.8395543497,1.1180255929571428,1.08409351083,1.1279751734385712,0.8742370107,0.858382155,1.0487113150085714,1.130997842,1.034121032,1.00186403834,0.9625558532314287,0.8363942711,1.300989884,1.0591462997471426,1.0541421759200003,0.9307782552,1.0243551266000002,1.1390753082442857,1.177211641,1.0625243417542856,0.9885241671057142,1.17674052,1.206160698,1.241453749,1.0352609673042859,0.9437166964214285,0.9747460753,1.032126486255714,0.9941615067285716,1.0629880281214283,1.197439212,0.8785709376557143,1.0000366677842858,0.8983612049,1.114708875,0.02479338843,1.756944444,1.587777778,0.4654875283,0.4505446226242857,0.1922398589,0.08719135802,3.585559589014286,0.06349206349,0.038673363947,-0.1502764812,-0.05952874276,-0.1325867755,-0.1440710271,-0.006168074024560002,2.0183213696,1.280650983,14.37315563,26.71479523,1.813494395,2.126285714285714,2008.025021,20.91628169,-3.6788834832285717,-2.253214635,0.8570673187,1.326909541,-1.40387260699,-0.6528183174,-0.09808348693,-0.24821750480797142,0.32700071754399995,-0.13498761280071428,8.551568232771428,5.693927995,0.0,5.098681808,23.73367403,48.73693008,40.60468056,21.0894968215,0.9579673225,0.1979789389,57.25170822525714,0.08768493759,0.0,20.759931868514283,1.9059206056857143,22.51475897,0.42280435137142863,1.987684188,0.0,3.591622254285715,0.0,-0.0532321761,0.0,0.1671880880499286,4.63,0.0,0.0,19.74844179,6.616532068714286,0.0,12.11474962,4.878658717842858,2.552718635,0.0,6.150399214,0.7151996025571428,0.0,0.0,0.0,0.049557151214285715,0.0,0.0,0.0,43.6,4.326264007,2.126514848,0.9623126627,0.0,0.8012119198542856,0.130682846,0.0,28.92133003,0.6
148.4037054,152.27942352428573,155.2986544,1.606622158,156.9347929,3.4309047647714284,159.1807552,2.743124312,3.098901099,2.7961807550428572,2.795424837,0.01447366433,49.02064596857142,0.48069877946999995,0.018859852175714283,0.6833333333,0.1873277498,1.6046717415428573,10.56892961,58.00176269057143,-8.048844056195716,-15.089078130157143,0.68682556727,-4.719285714285714,-0.4248306941,0.993907053,3.059652532,1.427596318,1.9507554346857143,0.8789481886714284,0.0343,0.0,41.8666451816,6.448020180071429,0.019749238125485714,0.01591397849,0.7868459064728571,0.3006993007,0.2315137776,1.300808244,0.656724165282857,0.5481545673,1.1348176423885719,0.7907784953,0.8395543497,1.1180255929571428,1.08409351083,1.1279751734385712,0.9745405097,0.8164755762,1.0487113150085714,1.232,1.044398051,1.00186403834,0.9625558532314287,0.9926046518,0.9868531469,1.0591462997471426,1.0541421759200003,1.085503024,1.0243551266000002,1.1390753082442857,1.019892544,1.0625243417542856,0.9885241671057142,0.8860178073,1.065833968,1.004733459,1.0352609673042859,0.9437166964214285,1.02487367,1.032126486255714,0.9941615067285716,1.0629880281214283,1.002867159,0.8785709376557143,1.0000366677842858,1.036249661,1.050629469,0.1200877461,1.243055556,1.037777778,0.5802721088,0.4505446226242857,0.1892321744,0.149058642,3.585559589014286,0.0756501182,0.038673363947,-0.2487043915,-0.09478718092,-0.004694848679,0.01920208799,-0.006168074024560002,2.0183213696,1.017049968,18.81998401,24.37400445,1.767602307,2.126285714285714,1227.189969,27.77385297,-3.6788834832285717,-2.032212995,1.444849687,1.660478714,-1.40387260699,-0.9277105725,0.169490992,-0.24821750480797142,0.32700071754399995,-0.13498761280071428,8.551568232771428,11.51179077,4.983978521,5.098681808,6.066367068,41.9616539,67.76176881,21.0894968215,0.9353093676,0.1653675592,57.25170822525714,0.0883659783,0.0,20.759931868514283,1.9059206056857143,33.77213846,0.42280435137142863,0.0,0.0,3.591622254285715,0.0,-0.0532321761,7.896109341,0.1671880880499286,3.15,4.899909731,5.817862778,37.09688089,6.616532068714286,0.0,0.0,4.878658717842858,2.437605773,1.984931639,0.0,0.7151996025571428,0.0,0.0,0.0,0.049557151214285715,0.0,3.952001539,0.0,73.83,4.66066248,0.0,0.0,1.984931639,0.8012119198542856,0.09538903167,0.0,29.03142239,0.5918367347
146.5993687,152.27942352428573,157.8337941,1.536206699,163.6025051,3.4309047647714284,159.8872301,3.080124679,3.028846154,2.7961807550428572,2.681924062,0.02086003029,49.02064596857142,0.48069877946999995,0.018859852175714283,0.6637931034,0.2493492075,1.6046717415428573,11.87,58.00176269057143,-8.048844056195716,-15.089078130157143,0.68682556727,-4.719285714285714,-0.4780888487,0.9778352414,7.008274083,0.609420743,1.9507554346857143,0.8789481886714284,0.0035,6.093240071,41.8666451816,6.448020180071429,0.019749238125485714,0.03485354097,0.7868459064728571,0.3488372093,0.3703825823,1.766555672,0.656724165282857,0.4824266486,1.1348176423885719,0.686920612,0.8395543497,1.1180255929571428,1.08409351083,1.1279751734385712,0.5547851391,0.8227166055,1.0487113150085714,0.8496216898,1.021867671,1.00186403834,0.9625558532314287,0.9939359603,0.9010691376,1.0591462997471426,1.0541421759200003,0.7873817549,1.0243551266000002,1.1390753082442857,1.051438922,1.0625243417542856,0.9885241671057142,1.25856321,0.9941567927,1.284424962,1.0352609673042859,0.9437166964214285,1.246041152,1.032126486255714,0.9941615067285716,1.0629880281214283,1.033305425,0.8785709376557143,1.0000366677842858,1.058681143,0.8131698193,0.2017161514,1.576388889,1.758333333,0.6370068027,0.4505446226242857,0.2849899219,0.2747067901,3.585559589014286,0.06913580247,0.038673363947,-0.7008538981,0.1857101927,-0.2872624304,-0.02160500537,-0.006168074024560002,2.0183213696,1.00531238,3.993947608,16.92104445,1.837917619,2.126285714285714,2788.938556,27.62088631,-3.6788834832285717,-2.292082459,0.5611181746,0.4884649215,-1.40387260699,-0.9394304109,0.6022517437,-0.24821750480797142,0.32700071754399995,-0.13498761280071428,8.551568232771428,16.52595619,19.74647275,0.0,19.91384147,24.97437738,16.63744226,21.0894968215,0.8390579428,0.1759030624,57.25170822525714,0.1593530798,9.531400138,20.759931868514283,1.9059206056857143,21.95893118,0.42280435137142863,2.078707411,0.0,3.591622254285715,0.0,-0.0532321761,0.0,0.1671880880499286,6.25,5.316788604,4.794537184,32.63603612,6.616532068714286,12.84164325,25.36580689,4.878658717842858,2.483411652,5.949934732,0.0,0.7151996025571428,0.0,2.748639771,5.166581773,0.049557151214285715,0.2892306123,0.0,0.0,92.79,4.393808153,6.273348022,6.579727681,0.0,0.8012119198542856,0.1110709264,0.0,31.09165737,0.38
145.5755682,152.27942352428573,152.0973202,1.959243724,156.6260122,3.4309047647714284,158.066585,2.991764351,3.513513514,2.7961807550428572,2.63825833,0.01446265149,49.02064596857142,0.48069877946999995,0.018859852175714283,0.652173913,0.197465579,1.6046717415428573,4.983471074,58.00176269057143,-8.048844056195716,-15.089078130157143,0.68682556727,-4.719285714285714,-0.4045540699,0.9929231492,4.005253954,0.6049906404,1.9507554346857143,0.8789481886714284,0.000942,0.0,41.8666451816,6.448020180071429,0.019749238125485714,0.04326293996,0.7868459064728571,0.3709353673,0.5837113083,1.616947559,0.656724165282857,0.6122834445,1.1348176423885719,1.166596288,0.8395543497,1.1180255929571428,1.08409351083,1.1279751734385712,0.8089909485,0.7874453459,1.0487113150085714,0.9951946976,0.9981860479,1.00186403834,0.9625558532314287,1.010788212,0.7322210184,1.0591462997471426,1.0541421759200003,1.094784497,1.0243551266000002,1.1390753082442857,1.08053168,1.0625243417542856,0.9885241671057142,1.003103714,1.081690141,1.321786741,1.0352609673042859,0.9437166964214285,1.521403485,1.032126486255714,0.9941615067285716,1.0629880281214283,1.063183202,0.8785709376557143,1.0000366677842858,0.7294320784,0.7441497284,0.0907050301,1.701388889,1.215555556,0.3109297052,0.4505446226242857,0.1481481481,0.1025,3.585559589014286,0.07602339181,0.038673363947,-0.5562290943,0.05760952081,0.1369640827,-0.3119069799,-0.006168074024560002,2.0183213696,1.002754941,6.22745723,16.92723598,1.710723052,2.126285714285714,591.6617359,21.31380542,-3.6788834832285717,-1.447090935,0.1638653432,1.235245583,-1.40387260699,-0.4949245049,-0.208290471,-0.24821750480797142,0.32700071754399995,-0.13498761280071428,8.551568232771428,5.007623697,9.499376415,5.098681808,46.6713998,30.33183534,21.83692257,21.0894968215,0.9114157256,0.2628557004,57.25170822525714,0.1401033375,0.0,20.759931868514283,1.9059206056857143,21.82845468,0.42280435137142863,0.8035570988,0.0,3.591622254285715,0.0,-0.0532321761,0.0,0.1671880880499286,4.59,5.733667477,5.687386275,14.59805822,6.616532068714286,0.0,0.0,4.878658717842858,2.49208412,0.0,12.1751179,0.7151996025571428,0.0,0.0,0.0,0.049557151214285715,0.0,0.0,0.0,56.21,4.128587376,1.760542171,0.0,0.0,0.8012119198542856,0.1399133806,0.0,34.80616962,0.6060606061
143.8674908,152.27942352428573,155.3769546,1.551007973,153.9033605,3.4309047647714284,154.5413649,2.977218225,3.102040816,2.7961807550428572,2.745336577,0.0200746428,49.02064596857142,0.48069877946999995,0.018859852175714283,0.6544117647,0.1995707164,1.6046717415428573,11.43072702,58.00176269057143,-8.048844056195716,-15.089078130157143,0.68682556727,-4.719285714285714,-0.4947142896,0.9729968731,7.008295908,1.343837211,1.9507554346857143,0.8789481886714284,0.0014,5.969305288,41.8666451816,6.448020180071429,0.019749238125485714,0.01470588235,0.7868459064728571,0.3664596273,0.3769222686,1.375520604,0.656724165282857,0.4621088657,1.1348176423885719,0.7060321806,0.8395543497,1.1180255929571428,1.08409351083,1.1279751734385712,0.4401510847,0.9209238747,1.0487113150085714,1.11870474,1.081921551,1.00186403834,0.9625558532314287,0.8715218303,1.185369616,1.0591462997471426,1.0541421759200003,0.9498264639,1.0243551266000002,1.1390753082442857,1.009908537,1.0625243417542856,0.9885241671057142,0.6831785595,1.079310745,0.9899003874,1.0352609673042859,0.9437166964214285,0.6867808128,1.032126486255714,0.9941615067285716,1.0629880281214283,1.11646208,0.8785709376557143,1.0000366677842858,0.9795584156,0.5635452654,0.1747862463,2.131944444,1.97,0.7160544218,0.4505446226242857,0.2781557067,0.259691358,3.585559589014286,0.06349206349,0.038673363947,-0.4636733178,-0.08390042248,0.07501561934,0.02152728556,-0.006168074024560002,2.0183213696,1.211790669,21.32644375,38.03017578,1.528768932,2.126285714285714,2655.728748,29.09220064,-3.6788834832285717,-2.952233684,1.487377768,2.161694006,-1.40387260699,-0.8169722356,0.1240816229,-0.24821750480797142,0.32700071754399995,-0.13498761280071428,8.551568232771428,17.19295166,4.794537184,5.098681808,6.066367068,79.06876542,35.58204725,21.0894968215,0.8053343071,0.1891766589,57.25170822525714,0.1327545388,14.63792753,20.759931868514283,1.9059206056857143,34.01378264,0.42280435137142863,1.817620533,0.0,3.591622254285715,0.0,-0.0532321761,0.0,0.1671880880499286,4.47,4.736862954,0.0,30.82427447,6.616532068714286,0.0,22.47273829,4.878658717842858,2.554852869,0.0,0.0,0.7151996025571428,9.117165574,0.0,6.047183873,0.049557151214285715,0.0,0.0,0.0,90.13,4.494754609,8.140402769,0.901668971,0.0,0.8012119198542856,0.1458973615,0.0,33.77652222,0.5740740741
149.9515347,152.27942352428573,160.2680228,1.560000071,165.8692236,3.4309047647714284,158.0307327,3.578078078,2.975,2.7961807550428572,3.521021021,0.01680054182,49.02064596857142,0.48069877946999995,0.018859852175714283,0.66,0.1782447032,1.6046717415428573,7.864958449,58.00176269057143,-8.048844056195716,-15.089078130157143,0.68682556727,-4.719285714285714,-0.3773923353,0.992940763,8.002958535,1.417579067,1.9507554346857143,0.8789481886714284,0.013,11.63444168,41.8666451816,6.448020180071429,0.019749238125485714,0.04215873016,0.7868459064728571,0.3888888889,0.4397255365,1.29273489,0.656724165282857,0.4211943332,1.1348176423885719,0.5330047993,0.8395543497,1.1180255929571428,1.08409351083,1.1279751734385712,0.6005374979,0.8630665613,1.0487113150085714,1.199625416,1.064282105,1.00186403834,0.9625558532314287,1.065126768,0.9546516942,1.0591462997471426,1.0541421759200003,0.9548454203,1.0243551266000002,1.1390753082442857,0.8810425768,1.0625243417542856,0.9885241671057142,0.8106551585,1.19145394,0.9319807214,1.0352609673042859,0.9437166964214285,0.871123162,1.032126486255714,0.9941615067285716,1.0629880281214283,1.155279207,0.8785709376557143,1.0000366677842858,0.9182776033,1.156657356,0.1025425977,1.5625,1.48,0.5689795918,0.4505446226242857,0.1801303855,0.14,3.585559589014286,0.08333333333,0.038673363947,-0.3379683978,0.2358783364,-0.02613786971,-0.02565176909,-0.006168074024560002,2.0183213696,0.865776644,5.798023818,19.79947311,1.081473407,2.126285714285714,1043.955761,22.7292878,-3.6788834832285717,-1.693500868,0.8420190651,2.114734144,-1.40387260699,-0.7804859615,0.01230120879,-0.24821750480797142,0.32700071754399995,-0.13498761280071428,8.551568232771428,22.66784312,8.780830095,5.098681808,0.0,42.81902403,23.64452491,21.0894968215,0.7551576274,0.1894191891,57.25170822525714,0.101975147,8.780830095,20.759931868514283,1.9059206056857143,11.25737949,0.42280435137142863,1.491023983,0.0,3.591622254285715,0.0,-0.0532321761,0.0,0.1671880880499286,4.47,5.316788604,20.15560264,20.16532066,6.616532068714286,18.55817888,5.563451492,4.878658717842858,2.432592644,1.881341175,0.0,0.7151996025571428,0.0,3.278090986,0.0,0.049557151214285715,0.0,0.0,0.0,66.49,4.6562983,27.50290548,1.881341175,0.0,0.8012119198542856,0.1102287127,0.0,28.45279785,0.5789473684
149.7946163,152.27942352428573,161.4990051,1.505878609,161.8933029,3.4309047647714284,163.0143946,3.142094017,3.234234234,2.7961807550428572,2.973570658,0.01708195725,49.02064596857142,0.48069877946999995,0.018859852175714283,0.6833333333,0.2081978856,1.6046717415428573,8.715277778,58.00176269057143,-8.048844056195716,-15.089078130157143,0.68682556727,-4.719285714285714,-0.3832821179,0.99294184,8.001919185,1.434200906,1.9507554346857143,0.8789481886714284,0.0278,0.0,41.8666451816,6.448020180071429,0.019749238125485714,0.0331547619,0.7868459064728571,0.3478701826,0.413723989,1.565085691,0.656724165282857,0.4573961938,1.1348176423885719,0.5925677984,0.8395543497,1.1180255929571428,1.08409351083,1.1279751734385712,0.5960329268,0.9079924669,1.0487113150085714,1.054281988,1.126171599,1.00186403834,0.9625558532314287,0.9777729186,1.103858068,1.0591462997471426,1.0541421759200003,1.012761172,1.0243551266000002,1.1390753082442857,0.9888047166,1.0625243417542856,0.9885241671057142,1.262861749,0.9632032147,1.009790059,1.0352609673042859,0.9437166964214285,1.04497817,1.032126486255714,0.9941615067285716,1.0629880281214283,0.948339808,0.8785709376557143,1.0000366677842858,1.010816119,0.8019529546,0.1695724926,1.729166667,1.797777778,0.614829932,0.4505446226242857,0.2711404006,0.244691358,3.585559589014286,0.06018518519,0.038673363947,-0.5027849166,-0.04252886613,-0.09247365815,0.1016292333,-0.006168074024560002,2.0183213696,0.9159389884,11.82790416,24.11537292,1.414654767,2.126285714285714,2019.978647,30.81745447,-3.6788834832285717,-2.258914913,0.6851133032,1.670219486,-1.40387260699,-0.8773181591,0.0248056413,-0.24821750480797142,0.32700071754399995,-0.13498761280071428,8.551568232771428,17.9801607,19.37571083,5.425791397,18.20875424,43.33159265,23.15437369,21.0894968215,0.8215922961,0.1579040874,57.25170822525714,0.09236860505,4.390415048,20.759931868514283,1.9059206056857143,11.38785599,0.42280435137142863,0.0,0.0,3.591622254285715,0.0,-0.0532321761,7.264887483,0.1671880880499286,3.13,10.74258,10.07780132,26.29938345,6.616532068714286,18.90673365,17.21226049,4.878658717842858,2.478964104,1.951810259,0.0,0.7151996025571428,0.0,3.200410735,0.0,0.049557151214285715,0.0,1.710450688,0.0,83.3,4.505698205,13.45766866,2.362364555,0.0,0.8012119198542856,0.06365387513,0.0,28.67625339,0.5833333333
149.0006855,152.27942352428573,158.6675721,1.572100334,161.6284164,3.4309047647714284,158.2350917,2.987282463,3.534883721,2.7961807550428572,2.751234568,0.01479265198,49.02064596857142,0.48069877946999995,0.018859852175714283,0.6666666667,0.1914346581,1.6046717415428573,8.611111111,58.00176269057143,-8.048844056195716,-15.089078130157143,0.68682556727,-4.719285714285714,-0.3825225255,0.9938439006,3.175928456,1.443264862,1.9507554346857143,0.8789481886714284,0.0163,0.0,41.8666451816,6.448020180071429,0.019749238125485714,0.03473818646,0.7868459064728571,0.3515625,0.4472010767,1.592075764,0.656724165282857,0.4343454046,1.1348176423885719,0.8206497871,0.8395543497,1.1180255929571428,1.08409351083,1.1279751734385712,0.6962174625,0.9130529061,1.0487113150085714,1.003496503,1.027114274,1.00186403834,0.9625558532314287,0.9653972834,1.137296037,1.0591462997471426,1.0541421759200003,0.9849990058,1.0243551266000002,1.1390753082442857,1.119198639,1.0625243417542856,0.9885241671057142,1.169541849,1.09849187,1.171511541,1.0352609673042859,0.9437166964214285,0.8327501364,1.032126486255714,0.9941615067285716,1.0629880281214283,1.133018844,0.8785709376557143,1.0000366677842858,1.051136422,0.9596776948,0.06938271605,1.506944444,1.457222222,0.4734240363,0.4505446226242857,0.2683216805,0.145,3.585559589014286,0.06060606061,0.038673363947,-0.5556343882,-0.05568945018,-0.2438528819,0.01577963661,-0.006168074024560002,2.0183213696,0.9414219577,9.660261767,22.17639206,1.910287541,2.126285714285714,1679.139117,27.57541916,-3.6788834832285717,-1.713186154,0.7413727931,1.551736772,-1.40387260699,-0.8712396661,0.1824276549,-0.24821750480797142,0.32700071754399995,-0.13498761280071428,8.551568232771428,11.21062871,15.29317186,0.0,29.47885337,43.32193961,16.94476576,21.0894968215,0.9163640462,0.1807553419,57.25170822525714,0.1064571694,0.0,20.759931868514283,1.9059206056857143,0.0,0.42280435137142863,1.677482734,0.0,3.591622254285715,0.0,-0.0532321761,0.0,0.1671880880499286,3.31,10.63357721,11.37477255,26.23034702,6.616532068714286,13.08951281,16.95130748,4.878658717842858,2.454495545,1.955712929,0.0,0.7151996025571428,0.0,3.399178477,0.0,0.049557151214285715,0.0,0.0,0.0,92.95,4.663924,0.0,1.955712929,0.0,0.8012119198542856,0.06631517472,0.0,30.28397282,0.619047619
146.4559789,152.27942352428573,157.6228139,1.418810661,159.4651286,3.4309047647714284,157.3579815,2.471326165,2.781512605,2.7961807550428572,2.33726647,0.01201062524,49.02064596857142,0.48069877946999995,0.018859852175714283,0.6451612903,0.227747887,1.6046717415428573,8.529336735,58.00176269057143,-8.048844056195716,-15.089078130157143,0.68682556727,-4.719285714285714,-0.4172111911,1.734391238,3.510026147,1.236775191,1.9507554346857143,0.8789481886714284,0.0191,0.0,41.8666451816,6.448020180071429,0.019749238125485714,0.02965135223,0.7868459064728571,0.2696629213,0.2837506822,1.210290755,0.656724165282857,0.6083737713,1.1348176423885719,0.7975387475,0.8395543497,1.1180255929571428,1.08409351083,1.1279751734385712,1.134570668,0.9814998703,1.0487113150085714,1.170740978,0.9900045622,1.00186403834,0.9625558532314287,0.9846681831,0.9377062591,1.0591462997471426,1.0541421759200003,1.000347829,1.0243551266000002,1.1390753082442857,0.9199559701,1.0625243417542856,0.9885241671057142,0.9080071792,1.083407478,1.004813423,1.0352609673042859,0.9437166964214285,0.6614610987,1.032126486255714,0.9941615067285716,1.0629880281214283,1.121158197,0.8785709376557143,1.0000366677842858,1.036997724,0.9309027758,0.07774920926,0.9305555556,1.086666667,0.3386394558,0.4505446226242857,0.2585191484,0.102183642,3.585559589014286,0.06146572104,0.038673363947,-0.2236314743,0.03610640825,-0.03515923049,0.05819926676,-0.006168074024560002,2.0183213696,1.276545595,22.98078527,29.16999877,1.78197412,2.126285714285714,1273.745165,29.06824253,-3.6788834832285717,-2.531372564,1.201810221,0.7894882114,-1.40387260699,-0.7637691812,0.3148539809,-0.24821750480797142,0.32700071754399995,-0.13498761280071428,8.551568232771428,5.693927995,0.0,5.098681808,30.33183534,48.2340145,55.51779486,21.0894968215,0.9284186659,0.1772374113,57.25170822525714,0.08800123374,4.736862954,20.759931868514283,1.9059206056857143,33.77213846,0.42280435137142863,0.0,0.0,3.591622254285715,0.0,-0.0532321761,0.0,0.1671880880499286,5.03,5.316788604,0.0,39.42092542,6.616532068714286,0.0,18.40509474,4.878658717842858,2.43507894,0.0,0.0,0.7151996025571428,0.0,3.634589033,5.429018523,0.049557151214285715,0.5509583343,0.0,0.0,75.72,4.433063446,5.429018523,2.592781115,0.0,0.8012119198542856,0.0761440227,0.0,28.60244194,0.5535714286
146.7772957,152.27942352428573,156.2733449,1.565603297,157.2501031,3.4309047647714284,159.6890316,3.117571059,3.20610687,2.7961807550428572,3.248939779,0.01687549611,49.02064596857142,0.48069877946999995,0.018859852175714283,0.6428571429,0.1835517749,1.6046717415428573,10.90797168,58.00176269057143,-8.048844056195716,-15.089078130157143,0.68682556727,-4.719285714285714,-0.4251734852,0.9727277853,7.009364939,1.420015207,1.9507554346857143,0.8789481886714284,0.00858,5.907179729,41.8666451816,6.448020180071429,0.019749238125485714,0.04045112782,0.7868459064728571,0.3561368209,0.3943271295,1.522946379,0.656724165282857,0.4790221306,1.1348176423885719,0.6548028852,0.8395543497,1.1180255929571428,1.08409351083,1.1279751734385712,0.5143347856,0.906053036,1.0487113150085714,1.036994924,1.142955282,1.00186403834,0.9625558532314287,0.9934663919,1.137923819,1.0591462997471426,1.0541421759200003,1.054183969,1.0243551266000002,1.1390753082442857,1.063414671,1.0625243417542856,0.9885241671057142,1.311035028,1.073922795,1.071432878,1.0352609673042859,0.9437166964214285,0.7854033777,1.032126486255714,0.9941615067285716,1.0629880281214283,1.004464964,0.8785709376557143,1.0000366677842858,0.978958462,1.30741746,0.2342658912,2.409722222,2.065,0.8637641723,0.4505446226242857,0.4817491812,0.288757716,3.585559589014286,0.06060606061,0.038673363947,-0.5090962305,-0.06015278534,-0.09801888094,0.2713092,-0.006168074024560002,2.0183213696,0.9487256107,18.01528817,33.12233403,1.541627734,2.126285714285714,2953.124154,33.86199567,-3.6788834832285717,-2.934933695,1.12257414,2.40960527,-1.40387260699,-1.017029883,0.1759294364,-0.24821750480797142,0.32700071754399995,-0.13498761280071428,8.551568232771428,12.2386844,0.0,5.098681808,24.26546827,61.01812524,40.28812861,21.0894968215,0.8158275027,0.1334087953,57.25170822525714,0.09059614572,9.589074368,20.759931868514283,1.9059206056857143,22.51475897,0.42280435137142863,1.906869097,0.0,3.591622254285715,0.0,-0.0532321761,0.0,0.1671880880499286,3.65,11.05045608,5.687386275,31.56280124,6.616532068714286,6.9237372,16.05191667,4.878658717842858,2.477235024,1.926101691,0.0,0.7151996025571428,0.0,2.795801157,0.0,0.049557151214285715,0.0,0.0,0.0,115.79,4.61230613,1.592648652,1.907006044,0.0,0.8012119198542856,0.09578587773,0.0,31.46175199,0.5263157895
147.0552359,152.27942352428573,156.1162666,1.56606309,159.8900913,3.4309047647714284,157.7949515,4.099206349,3.166666667,2.7961807550428572,4.787581699,0.01918353599,49.02064596857142,0.48069877946999995,0.018859852175714283,0.6206896552,0.1800091533,1.6046717415428573,9.21642562,58.00176269057143,-8.048844056195716,-15.089078130157143,0.68682556727,-4.719285714285714,-0.4024516161,0.9726939016,8.002963604,1.391839671,1.9507554346857143,0.8789481886714284,0.00395,23.10088831,41.8666451816,6.448020180071429,0.019749238125485714,0.05354064039,0.7868459064728571,0.4018426648,0.5126154602,1.503303193,0.656724165282857,0.4321890093,1.1348176423885719,0.57249479,0.8395543497,1.1180255929571428,1.08409351083,1.1279751734385712,0.5472337755,0.9512244273,1.0487113150085714,1.1586683,1.002205507,1.00186403834,0.9625558532314287,0.995102988,1.022047645,1.0591462997471426,1.0541421759200003,1.018437639,1.0243551266000002,1.1390753082442857,0.9757837255,1.0625243417542856,0.9885241671057142,0.7927043781,1.241430321,1.099009448,1.0352609673042859,0.9437166964214285,0.8650146982,1.032126486255714,0.9941615067285716,1.0629880281214283,1.118790388,0.8785709376557143,1.0000366677842858,1.087346231,0.8864393994,0.1693704724,2.416666667,2.171666667,0.7207256236,0.4505446226242857,0.4142258755,0.290625,3.585559589014286,0.08695652174,0.038673363947,-0.5382208402,0.02118119272,-0.0705645086,-0.106447234,-0.006168074024560002,2.0183213696,0.5224622071,13.93683421,29.73222312,1.261680558,2.126285714285714,1892.159548,22.12226512,-3.6788834832285717,-2.470892918,1.321272835,2.340539136,-1.40387260699,-0.6706991907,0.3737046662,-0.24821750480797142,0.32700071754399995,-0.13498761280071428,8.551568232771428,11.63444168,13.46263303,0.0,18.19910121,54.59730362,16.69035448,21.0894968215,0.7036344695,0.1563421876,57.25170822525714,0.1194570841,13.57536728,20.759931868514283,1.9059206056857143,28.07166874,0.42280435137142863,0.0,0.0,3.591622254285715,0.0,-0.0532321761,0.0,0.1671880880499286,4.69,11.29293437,8.780830095,15.68766447,6.616532068714286,11.63444168,10.35798868,4.878658717842858,2.526167361,0.0,0.0,0.7151996025571428,0.0,0.0,0.0,0.049557151214285715,0.0,0.0,0.0,80.88,4.397522933,29.10415771,0.0,0.0,0.8012119198542856,0.131346577,0.0,37.8919591,0.5227272727
148.7469203,152.27942352428573,158.6221921,1.561725695,160.3684602,3.4309047647714284,161.4527591,3.061786085,3.228070175,2.7961807550428572,3.004232804,0.01658578801,49.02064596857142,0.48069877946999995,0.018859852175714283,0.6774193548,0.203983539,1.6046717415428573,9.635985006,58.00176269057143,-8.048844056195716,-15.089078130157143,0.68682556727,-4.719285714285714,-0.3981345822,0.9113366495,6.027276518,1.434200358,1.9507554346857143,0.8789481886714284,0.0458,0.0,41.8666451816,6.448020180071429,0.019749238125485714,0.03049853372,0.7868459064728571,0.3333333333,0.4194584508,1.559307493,0.656724165282857,0.4684221064,1.1348176423885719,0.5885213199,0.8395543497,1.1180255929571428,1.08409351083,1.1279751734385712,0.5356734283,0.8896698369,1.0487113150085714,1.05459854,1.098758185,1.00186403834,0.9625558532314287,0.9887946687,1.115912409,1.0591462997471426,1.0541421759200003,1.031230026,1.0243551266000002,1.1390753082442857,0.9744181786,1.0625243417542856,0.9885241671057142,1.246059029,0.9546626646,1.048442403,1.0352609673042859,0.9437166964214285,1.180484186,1.032126486255714,0.9941615067285716,1.0629880281214283,0.9498920392,0.8785709376557143,1.0000366677842858,0.9861952867,0.6020068527,0.1695724926,1.729166667,1.837777778,0.614829932,0.4505446226242857,0.2711404006,0.269382716,3.585559589014286,0.0589569161,0.038673363947,-0.495539082,0.06506152509,-0.1238011834,-0.05333533525,-0.006168074024560002,2.0183213696,0.9284924072,13.69396257,25.50000892,1.775765878,2.126285714285714,2257.968094,28.68296497,-3.6788834832285717,-2.382859743,0.4649123217,1.606909608,-1.40387260699,-0.898061449,0.1284790138,-0.24821750480797142,0.32700071754399995,-0.13498761280071428,8.551568232771428,12.16293986,14.98529578,10.68768295,18.20875424,43.33159265,23.15437369,21.0894968215,0.8933650661,0.1563954914,57.25170822525714,0.09147457634,0.0,20.759931868514283,1.9059206056857143,17.4570773,0.42280435137142863,0.0,0.0,3.591622254285715,0.0,-0.0532321761,7.32505027,0.1671880880499286,2.75,10.74258,5.687386275,26.29938345,6.616532068714286,24.42062568,22.77571198,4.878658717842858,2.479015615,1.963946474,0.0,0.7151996025571428,0.0,3.323188513,0.0,0.049557151214285715,0.0,1.724976493,0.0,107.09,4.520309251,0.0,2.435441813,0.0,0.8012119198542856,0.06365387513,0.0,28.73149398,0.5714285714
146.7828605,152.27942352428573,157.0274102,1.554951268,159.7894011,3.4309047647714284,158.8396163,3.110493827,3.304347826,2.7961807550428572,2.96572104,0.0183113238,49.02064596857142,0.48069877946999995,0.018859852175714283,0.6481481481,0.1891693369,1.6046717415428573,9.4375,58.00176269057143,-8.048844056195716,-15.089078130157143,0.68682556727,-4.719285714285714,-0.382523696,0.9729407151,7.008275484,1.443439163,1.9507554346857143,0.8789481886714284,0.0346,5.907179729,41.8666451816,6.448020180071429,0.019749238125485714,0.05024691358,0.7868459064728571,0.3506493506,0.4307951874,1.728008655,0.656724165282857,0.4638752347,1.1348176423885719,0.7706019744,0.8395543497,1.1180255929571428,1.08409351083,1.1279751734385712,0.4711806183,0.9273998351,1.0487113150085714,0.9933130699,1.055033308,1.00186403834,0.9625558532314287,0.9634075471,1.120802005,1.0591462997471426,1.0541421759200003,0.9931394082,1.0243551266000002,1.1390753082442857,1.104423401,1.0625243417542856,0.9885241671057142,1.39037468,1.037460317,1.221569546,1.0352609673042859,0.9437166964214285,0.5943738913,1.032126486255714,0.9941615067285716,1.0629880281214283,1.055747958,0.8785709376557143,1.0000366677842858,1.031884843,0.8119925012,0.1073359861,1.625,1.551111111,0.4897959184,0.4505446226242857,0.3167044596,0.21375,3.585559589014286,0.06349206349,0.038673363947,-0.6886891547,0.01221994373,-0.2084747563,0.08998275038,-0.006168074024560002,2.0183213696,0.8962288651,11.55225364,23.74935427,1.674298556,2.126285714285714,1925.335307,23.25999028,-3.6788834832285717,-2.39849182,1.033768096,1.820107089,-1.40387260699,-0.6954946078,0.1390341397,-0.24821750480797142,0.32700071754399995,-0.13498761280071428,8.551568232771428,5.693927995,15.29317186,0.0,30.33183534,43.32193961,22.50821725,21.0894968215,0.8177064689,0.1639863163,57.25170822525714,0.1113608429,4.794537184,20.759931868514283,1.9059206056857143,0.0,0.42280435137142863,0.0,0.0,3.591622254285715,0.0,-0.0532321761,0.0,0.1671880880499286,3.11,16.36724469,11.37477255,16.72677804,6.616532068714286,13.08951281,27.30929616,4.878658717842858,2.448491686,1.929599353,0.0,0.7151996025571428,0.0,3.280289588,0.0,0.049557151214285715,0.0,0.0,0.0,94.47,4.405793053,0.0,1.929599353,0.0,0.8012119198542856,0.06732312994,0.0,33.30462681,0.5227272727
148.4111189,152.27942352428573,158.4354811,1.535474468,158.964531,3.4309047647714284,162.4239802,2.929468599,3.203389831,2.7961807550428572,2.780676329,0.01657518974,49.02064596857142,0.48069877946999995,0.018859852175714283,0.671875,0.2116649676,1.6046717415428573,12.16518334,58.00176269057143,-8.048844056195716,-15.089078130157143,0.68682556727,-4.719285714285714,-0.3856738808,0.972936617,7.008272924,1.434202054,1.9507554346857143,0.8789481886714284,0.0476,0.0,41.8666451816,6.448020180071429,0.019749238125485714,0.03008578431,0.7868459064728571,0.3568281938,0.3985558473,1.538074031,0.656724165282857,0.4514178773,1.1348176423885719,0.6384461648,0.8395543497,1.1180255929571428,1.08409351083,1.1279751734385712,0.6214577378,0.8711516523,1.0487113150085714,1.106635593,1.191512998,1.00186403834,0.9625558532314287,0.9805301307,1.001215896,1.0591462997471426,1.0541421759200003,1.094602555,1.0243551266000002,1.1390753082442857,0.8821874776,1.0625243417542856,0.9885241671057142,1.100347907,0.9949971633,0.9570136729,1.0352609673042859,0.9437166964214285,1.331266048,1.032126486255714,0.9941615067285716,1.0629880281214283,0.9628748483,0.8785709376557143,1.0000366677842858,1.098140967,0.8178396993,0.2426303438,1.729166667,1.877777778,0.6131972789,0.4505446226242857,0.3084057697,0.211882716,3.585559589014286,0.0697167756,0.038673363947,-0.4936054756,-0.0003907530257,0.07475815426,-0.09806834029,-0.006168074024560002,2.0183213696,0.9305688991,11.91630315,25.92287692,1.813159573,2.126285714285714,2001.157863,29.69834794,-3.6788834832285717,-2.443004639,0.7090997638,1.451655257,-1.40387260699,-0.677695273,0.04999317448,-0.24821750480797142,0.32700071754399995,-0.13498761280071428,8.551568232771428,12.16293986,14.98529578,5.425791397,12.14238718,56.32169692,28.71782518,21.0894968215,0.8326561654,0.1492944777,57.25170822525714,0.08731292733,4.794537184,20.759931868514283,1.9059206056857143,11.38785599,0.42280435137142863,0.0,0.0,3.591622254285715,0.0,-0.0532321761,7.338341657,0.1671880880499286,3.16,10.74258,5.687386275,32.0826284,6.616532068714286,13.08951281,34.49398636,4.878658717842858,2.478998053,3.526300545,0.0,0.7151996025571428,0.0,3.35442623,0.0,0.049557151214285715,0.0,1.728139531,0.0,100.37,4.531737251,0.0,4.016184962,0.0,0.8012119198542856,0.097674566,0.0,29.40027431,0.5283018868
144.7338718,152.27942352428573,152.0935618,1.632400559,154.9555973,3.4309047647714284,156.9925002,2.764416315,2.864864865,2.7961807550428572,2.506535948,0.00982348585,49.02064596857142,0.48069877946999995,0.018859852175714283,0.625,0.1812432276,1.6046717415428573,8.9375,58.00176269057143,-8.048844056195716,-15.089078130157143,0.68682556727,-4.719285714285714,-0.3791399872,0.9938435771,3.05938522,1.427564094,1.9507554346857143,0.8789481886714284,0.0111,0.0,41.8666451816,6.448020180071429,0.019749238125485714,0.01866666667,0.7868459064728571,0.3017241379,0.3356690219,1.152520201,0.656724165282857,0.5284009055,1.1348176423885719,0.817705502,0.8395543497,1.1180255929571428,1.08409351083,1.1279751734385712,0.9310861563,0.8855946229,1.0487113150085714,1.209302326,1.023756848,1.00186403834,0.9625558532314287,1.019133467,1.032076985,1.0591462997471426,1.0541421759200003,1.068057633,1.0243551266000002,1.1390753082442857,1.077713356,1.0625243417542856,0.9885241671057142,1.183826432,1.102148955,1.099473507,1.0352609673042859,0.9437166964214285,0.9852218196,1.032126486255714,0.9941615067285716,1.0629880281214283,1.071782534,0.8785709376557143,1.0000366677842858,1.071131178,0.9212002598,0.06938271605,0.9930555556,0.8955555556,0.3386394558,0.4505446226242857,0.1645408163,0.06655864198,3.585559589014286,0.07207207207,0.038673363947,-0.2014024596,-0.0594482385,-0.03291841164,-0.04974528522,-0.006168074024560002,2.0183213696,1.238127228,14.27102878,23.22645939,1.77586677,2.126285714285714,1044.826974,20.96427823,-3.6788834832285717,-1.603229347,0.8278426959,1.030314911,-1.40387260699,-0.7890838358,0.2482111621,-0.24821750480797142,0.32700071754399995,-0.13498761280071428,8.551568232771428,5.693927995,0.0,5.098681808,35.89528683,36.75265697,29.7174337,21.0894968215,0.9507680819,0.1905726806,57.25170822525714,0.1268635801,0.0,20.759931868514283,1.9059206056857143,33.77213846,0.42280435137142863,0.0,0.0,3.591622254285715,0.0,-0.0532321761,0.0,0.1671880880499286,4.99,0.0,0.0,20.16532066,6.616532068714286,6.9237372,5.563451492,4.878658717842858,2.434221777,2.081588338,0.0,0.7151996025571428,0.0,0.0,0.0,0.049557151214285715,0.0,0.0,0.0,54.46,4.302585104,0.0,2.081588338,0.0,0.8012119198542856,0.0761440227,0.0,25.42195028,0.575
148.3741409,152.27942352428573,160.7090778,1.582570391,159.1461288,3.4309047647714284,158.2008077,2.776963777,3.115789474,2.7961807550428572,2.776200274,0.02035407186,49.02064596857142,0.48069877946999995,0.018859852175714283,0.6759259259,0.2366155219,1.6046717415428573,11.41333333,58.00176269057143,-8.048844056195716,-15.089078130157143,0.68682556727,-4.719285714285714,-0.3627713797,0.9779111491,7.008272101,0.6094207619,1.9507554346857143,0.8789481886714284,0.0364,0.0,41.8666451816,6.448020180071429,0.019749238125485714,0.0537037037,0.7868459064728571,0.3358208955,0.3580224805,1.783743901,0.656724165282857,0.4968854057,1.1348176423885719,0.6716522656,0.8395543497,1.1180255929571428,1.08409351083,1.1279751734385712,0.5775499011,0.8322464571,1.0487113150085714,0.9832704609,1.145284689,1.00186403834,0.9625558532314287,0.8299626601,1.059220029,1.0591462997471426,1.0541421759200003,1.004347382,1.0243551266000002,1.1390753082442857,1.041370208,1.0625243417542856,0.9885241671057142,1.114816383,1.0554371,1.048992843,1.0352609673042859,0.9437166964214285,1.204406801,1.032126486255714,0.9941615067285716,1.0629880281214283,1.007194907,0.8785709376557143,1.0000366677842858,1.040872905,0.9392598975,0.1356004489,1.576388889,1.518333333,0.6370068027,0.4505446226242857,0.2849899219,0.2253240741,3.585559589014286,0.06878306878,0.038673363947,-0.7074561017,0.02893586232,-0.06162395292,-0.009395022267,-0.006168074024560002,2.0183213696,1.019780355,3.993947608,16.13367148,1.841460703,2.126285714285714,3326.568683,31.25532238,-3.6788834832285717,-2.126563852,0.5908858528,0.9767815001,-1.40387260699,-0.7785493484,0.7630434267,-0.24821750480797142,0.32700071754399995,-0.13498761280071428,8.551568232771428,16.52595619,19.74647275,0.0,6.066367068,25.98020854,23.18219866,21.0894968215,0.8496252722,0.1416001273,57.25170822525714,0.1310883217,4.794537184,20.759931868514283,1.9059206056857143,21.95893118,0.42280435137142863,2.095743605,0.0,3.591622254285715,0.0,-0.0532321761,0.0,0.1671880880499286,5.32,10.63357721,4.794537184,32.511785,6.616532068714286,6.9237372,18.44206969,4.878658717842858,2.483385735,3.843557955,0.0,0.7151996025571428,0.0,5.518793927,0.0,0.049557151214285715,0.0,0.0,0.0,95.59,4.381949493,1.116081392,4.732184994,0.0,0.8012119198542856,0.1110709264,0.0,29.57900511,0.4222222222
147.2083149,152.27942352428573,157.2244553,1.535265296,161.031466,3.4309047647714284,156.649848,2.863378685,2.838095238,2.7961807550428572,2.588675214,0.01201245139,49.02064596857142,0.48069877946999995,0.018859852175714283,0.6634615385,0.2056940438,1.6046717415428573,15.42814815,58.00176269057143,-8.048844056195716,-15.089078130157143,0.68682556727,-4.719285714285714,-0.4341326181,0.9777029695,7.008279858,1.40247849,1.9507554346857143,0.8789481886714284,0.018,0.0,41.8666451816,6.448020180071429,0.019749238125485714,0.0,0.7868459064728571,0.3891891892,0.3201887149,1.536793117,0.656724165282857,0.3719429348,1.1348176423885719,0.594615602,0.8395543497,1.1180255929571428,1.08409351083,1.1279751734385712,0.5763928145,0.7696677933,1.0487113150085714,1.062498042,1.058942178,1.00186403834,0.9625558532314287,0.9269787602,1.12476761,1.0591462997471426,1.0541421759200003,0.8948949251,1.0243551266000002,1.1390753082442857,1.144666069,1.0625243417542856,0.9885241671057142,0.7460837856,1.159124744,1.090561224,1.0352609673042859,0.9437166964214285,0.9789026533,1.032126486255714,0.9941615067285716,1.0629880281214283,1.216780727,0.8785709376557143,1.0000366677842858,1.004060138,0.5912523916,0.0908070605,1.909722222,1.985,0.6106122449,0.4505446226242857,0.327042391,0.186875,3.585559589014286,0.07936507937,0.038673363947,-0.500327496,-0.04376999645,-0.04432560192,0.006228296859,-0.006168074024560002,2.0183213696,0.9745298459,8.18354319,20.33160863,1.542108982,2.126285714285714,1687.049985,25.10723136,-3.6788834832285717,-2.200998968,0.94013484,1.109159543,-1.40387260699,-0.6358740227,0.2928703593,-0.24821750480797142,0.32700071754399995,-0.13498761280071428,8.551568232771428,0.0,14.64975998,5.098681808,19.05647134,43.67639416,18.30505147,21.0894968215,0.8761440714,0.1704198807,57.25170822525714,0.1470271397,0.0,20.759931868514283,1.9059206056857143,17.07524226,0.42280435137142863,1.280380317,0.0,3.591622254285715,0.0,-0.0532321761,0.0,0.1671880880499286,3.32,5.559266895,0.0,24.31554143,6.616532068714286,6.9237372,18.31159319,4.878658717842858,2.487662127,5.732683219,0.0,0.7151996025571428,0.0,0.0,0.0,0.049557151214285715,0.0,0.0,0.0,65.6,4.554944589,3.330197625,4.02677794,1.705905279,0.8012119198542856,0.1070226459,0.0,25.68128393,0.4666666667
150.5810552,152.27942352428573,159.2360913,1.650185493,162.7832731,3.4309047647714284,159.0578367,3.475948788,3.053191489,2.7961807550428572,3.592195099,0.02049448396,49.02064596857142,0.48069877946999995,0.018859852175714283,0.6696428571,0.1801163816,1.6046717415428573,10.34693878,58.00176269057143,-8.048844056195716,-15.089078130157143,0.68682556727,-4.719285714285714,-0.3862097909,0.9728339493,8.001919692,1.304328272,1.9507554346857143,0.8789481886714284,0.011,11.84833535,41.8666451816,6.448020180071429,0.019749238125485714,0.05587557604,0.7868459064728571,0.4080604534,0.4761990146,1.610005546,0.656724165282857,0.4303127419,1.1348176423885719,0.6290712462,0.8395543497,1.1180255929571428,1.08409351083,1.1279751734385712,0.5284335078,0.8012152583,1.0487113150085714,1.137114244,1.020850531,1.00186403834,0.9625558532314287,0.9837660937,1.076060553,1.0591462997471426,1.0541421759200003,0.9671177489,1.0243551266000002,1.1390753082442857,1.047792325,1.0625243417542856,0.9885241671057142,1.059277942,1.079849498,1.014097771,1.0352609673042859,0.9437166964214285,0.7829806569,1.032126486255714,0.9941615067285716,1.0629880281214283,1.097934162,0.8785709376557143,1.0000366677842858,1.023349555,1.189798627,0.1852892562,2.1875,2.01,0.7714285714,0.4505446226242857,0.2584876543,0.23125,3.585559589014286,0.08395061728,0.038673363947,-0.5899218285,0.01252907091,-0.07649882611,-0.02264704753,-0.006168074024560002,2.0183213696,0.8206377551,5.798023818,20.82169418,1.295759206,2.126285714285714,1658.400839,22.70510792,-3.6788834832285717,-2.178243404,0.9414487904,1.474556874,-1.40387260699,-0.4441463694,0.1800501934,-0.24821750480797142,0.32700071754399995,-0.13498761280071428,8.551568232771428,16.85062228,9.184952232,9.780484743,11.60093989,42.81902403,28.66715822,21.0894968215,0.778213646,0.155855868,57.25170822525714,0.1498252464,9.184952232,20.759931868514283,1.9059206056857143,11.25737949,0.42280435137142863,0.9567746718,0.0,3.591622254285715,0.0,-0.0532321761,0.0,0.1671880880499286,2.84,11.05045608,20.55972478,25.7795563,6.616532068714286,12.74095804,5.563451492,4.878658717842858,2.477249331,1.858344811,5.996980608,0.7151996025571428,0.0,3.236771542,0.0,0.049557151214285715,0.0,0.0,0.0,98.72,4.42074812,15.30077749,1.858344811,0.0,0.8012119198542856,0.1309053865,0.0,28.13070029,0.5238095238
146.1805455,152.27942352428573,153.8874113,1.535952391,162.1194812,3.4309047647714284,155.6237704,2.58127572,2.378881988,2.7961807550428572,2.275179856,0.009933271613,49.02064596857142,0.48069877946999995,0.018859852175714283,0.6442307692,0.2417244772,1.6046717415428573,18.3488,58.00176269057143,-8.048844056195716,-15.089078130157143,0.68682556727,-4.719285714285714,-0.4346646954,0.9876076995,3.513018849,1.131262631,1.9507554346857143,0.8789481886714284,0.0449,0.0,41.8666451816,6.448020180071429,0.019749238125485714,0.0,0.7868459064728571,0.3136729223,0.2358704513,1.118866741,0.656724165282857,0.5022426673,1.1348176423885719,0.8546108531,0.8395543497,1.1180255929571428,1.08409351083,1.1279751734385712,1.003925082,0.7645069026,1.0487113150085714,1.161954593,0.9623742186,1.00186403834,0.9625558532314287,1.150924266,1.120723946,1.0591462997471426,1.0541421759200003,0.9001021984,1.0243551266000002,1.1390753082442857,1.37596026,1.0625243417542856,0.9885241671057142,1.099561403,1.353531336,1.23432646,1.0352609673042859,0.9437166964214285,0.8453185552,1.032126486255714,0.9941615067285716,1.0629880281214283,1.060788076,0.8785709376557143,1.0000366677842858,1.082875581,1.209291461,0.01234567901,3.020833333,2.083333333,0.790430839,0.4505446226242857,0.328042328,0.108125,3.585559589014286,0.07235142119,0.038673363947,-0.1258405574,-0.07814954924,-0.1570322903,0.05410393277,-0.006168074024560002,2.0183213696,1.23736678,8.380799131,18.73185444,1.831613993,2.126285714285714,1673.391748,15.47272456,-3.6788834832285717,-2.291020187,1.037822285,0.9869322093,-1.40387260699,-0.4576603823,0.01544366636,-0.24821750480797142,0.32700071754399995,-0.13498761280071428,8.551568232771428,5.693927995,0.0,5.098681808,19.91384147,42.16764743,43.22352662,21.0894968215,0.9489717934,0.2264495854,57.25170822525714,0.07007191304,4.736862954,20.759931868514283,1.9059206056857143,22.51475897,0.42280435137142863,0.0,0.0,3.591622254285715,0.0,-0.0532321761,0.0,0.1671880880499286,4.09,0.0,0.0,33.46512129,6.616532068714286,12.33872767,31.15323644,4.878658717842858,2.60529193,8.346258215,0.0,0.7151996025571428,0.0,0.0,5.574112707,0.049557151214285715,0.2793745276,0.0,0.09591943027,52.83,4.131178091,7.725695284,8.1314571,1.76809697,0.8012119198542856,0.3550137732,0.07216878365,25.56683713,0.4
147.8922439,152.27942352428573,158.2778486,1.610144477,156.1961872,3.4309047647714284,158.2690638,3.131828175,3.291666667,2.7961807550428572,3.228478478,0.03042762734,49.02064596857142,0.48069877946999995,0.018859852175714283,0.6979166667,0.2132537485,1.6046717415428573,9.659279778,58.00176269057143,-8.048844056195716,-15.089078130157143,0.68682556727,-4.719285714285714,-0.4868733236,0.972895829,7.008271847,0.6101379255,1.9507554346857143,0.8789481886714284,0.0931,0.0,41.8666451816,6.448020180071429,0.019749238125485714,0.04412393162,0.7868459064728571,0.3935860058,0.3642152454,1.628381369,0.656724165282857,0.4512195122,1.1348176423885719,0.6817315487,0.8395543497,1.1180255929571428,1.08409351083,1.1279751734385712,0.620159955,0.7526349913,1.0487113150085714,1.024996994,1.206258191,1.00186403834,0.9625558532314287,0.9407579735,1.031114719,1.0591462997471426,1.0541421759200003,1.184972027,1.0243551266000002,1.1390753082442857,0.998853211,1.0625243417542856,0.9885241671057142,1.14545722,1.302778272,1.013366488,1.0352609673042859,0.9437166964214285,0.9105523115,1.032126486255714,0.9941615067285716,1.0629880281214283,1.142562113,0.8785709376557143,1.0000366677842858,1.007860465,1.359952944,0.06,1.701388889,1.358333333,0.6891609977,0.4505446226242857,0.3038942429,0.142183642,3.585559589014286,0.06267806268,0.038673363947,-0.6215974158,-0.08695288635,-0.009644824468,0.03341548331,-0.006168074024560002,2.0183213696,0.9265868292,2.697679302,12.79544806,1.854625535,2.126285714285714,2383.790371,25.04764827,-3.6788834832285717,-1.835403696,0.07062541505,1.363028953,-1.40387260699,-0.5059322589,0.2056206074,-0.24821750480797142,0.32700071754399995,-0.13498761280071428,8.551568232771428,10.70155169,9.967957042,0.0,0.0,25.12283841,23.56117946,21.0894968215,0.722077814,0.1841317597,57.25170822525714,0.09369091237,14.26826309,20.759931868514283,1.9059206056857143,33.45795484,0.42280435137142863,0.0,0.0,3.591622254285715,0.0,-0.0532321761,0.0,0.1671880880499286,4.12,14.79051451,5.948339281,27.6520576,6.616532068714286,6.9237372,12.61766519,4.878658717842858,2.484396887,3.372633227,0.0,0.7151996025571428,0.0,2.679537509,10.79239261,0.049557151214285715,0.0,0.0,0.0,89.13,4.354634933,10.79239261,3.592312771,0.0,0.8012119198542856,0.07931626887,0.0,29.46491726,0.5
145.2026966,152.27942352428573,158.3674785,1.593223731,157.7943482,3.4309047647714284,157.077098,2.78048273,3.47826087,2.7961807550428572,2.655541989,0.01627690021,49.02064596857142,0.48069877946999995,0.018859852175714283,0.6851851852,0.2458499105,1.6046717415428573,9.644628099,58.00176269057143,-8.048844056195716,-15.089078130157143,0.68682556727,-4.719285714285714,-0.4072018893,0.9779967343,7.008270585,0.6094207524,1.9507554346857143,0.8789481886714284,0.0222,0.0,41.8666451816,6.448020180071429,0.019749238125485714,0.01865079365,0.7868459064728571,0.362962963,0.3585127357,1.56209165,0.656724165282857,0.4844480242,1.1348176423885719,0.5884343192,0.8395543497,1.1180255929571428,1.08409351083,1.1279751734385712,0.6134193222,0.8279714401,1.0487113150085714,1.077272139,1.167795638,1.00186403834,0.9625558532314287,0.9375947135,0.9451114337,1.0591462997471426,1.0541421759200003,0.9887672506,1.0243551266000002,1.1390753082442857,0.9838613448,1.0625243417542856,0.9885241671057142,1.284871296,1.111842415,1.23931391,1.0352609673042859,0.9437166964214285,1.13439464,1.032126486255714,0.9941615067285716,1.0629880281214283,1.029546988,0.8785709376557143,1.0000366677842858,1.09598137,0.8875628245,0.1100948883,1.895833333,1.393333333,0.7447165533,0.4505446226242857,0.2741874528,0.236875,3.585559589014286,0.06913580247,0.038673363947,-0.5366661405,0.1200917635,-0.1241442495,0.003204608538,-0.006168074024560002,2.0183213696,1.056575491,7.2233847,19.52943246,1.858051021,2.126285714285714,2961.465776,31.41145584,-3.6788834832285717,-2.471463757,0.6231577715,0.8096881262,-1.40387260699,-0.7330975232,0.4771454423,-0.24821750480797142,0.32700071754399995,-0.13498761280071428,8.551568232771428,16.52595619,14.95193556,0.0,6.066367068,25.47729296,29.60302029,21.0894968215,0.8471887571,0.164101733,57.25170822525714,0.1074472077,4.794537184,20.759931868514283,1.9059206056857143,21.95893118,0.42280435137142863,2.136514148,0.0,3.591622254285715,0.0,-0.0532321761,0.0,0.1671880880499286,6.06,0.0,0.0,37.28775995,6.616532068714286,6.9237372,24.35997574,4.878658717842858,2.48920546,1.985627143,0.0,0.7151996025571428,0.0,0.0,0.0,0.049557151214285715,0.0,1.866943815,0.0,74.77,4.575636554,1.138555577,3.297508738,0.0,0.8012119198542856,0.1433457877,0.0,29.5455462,0.5681818182
147.8576336,152.27942352428573,158.9684329,1.662879136,159.1199551,3.4309047647714284,160.0702419,3.299009632,3.541666667,2.7961807550428572,3.148335204,0.01587557915,49.02064596857142,0.48069877946999995,0.018859852175714283,0.6693548387,0.2166113565,1.6046717415428573,8.349932096,58.00176269057143,-8.048844056195716,-15.089078130157143,0.68682556727,-4.719285714285714,-0.3836351623,0.9925253549,8.003004632,0.6049847756,1.9507554346857143,0.8789481886714284,0.00291,11.63444168,41.8666451816,6.448020180071429,0.019749238125485714,0.01743471582,0.7868459064728571,0.3647475072,0.4796542995,1.533971709,0.656724165282857,0.4430017085,1.1348176423885719,0.5360215424,0.8395543497,1.1180255929571428,1.08409351083,1.1279751734385712,0.6063578918,0.8361368736,1.0487113150085714,1.005928527,0.9937535773,1.00186403834,0.9625558532314287,0.9868625979,1.023584768,1.0591462997471426,1.0541421759200003,1.265318805,1.0243551266000002,1.1390753082442857,1.023776961,1.0625243417542856,0.9885241671057142,1.273798402,1.023757817,1.076729549,1.0352609673042859,0.9437166964214285,1.152071878,1.032126486255714,0.9941615067285716,1.0629880281214283,1.194245316,0.8785709376557143,1.0000366677842858,0.8453855099,0.5420996378,0.2356881951,1.791666667,1.988888889,0.6540136054,0.4505446226242857,0.2902730537,0.291882716,3.585559589014286,0.07111111111,0.038673363947,-0.515865464,-0.0206844649,-0.095686846,0.01568214022,-0.006168074024560002,2.0183213696,0.919709887,10.00646699,24.29047653,1.120098348,2.126285714285714,2492.989687,29.41357405,-3.6788834832285717,-2.390219741,0.1842119478,1.767919077,-1.40387260699,-0.8488190828,0.3954188882,-0.24821750480797142,0.32700071754399995,-0.13498761280071428,8.551568232771428,12.03246336,23.76612587,5.425791397,29.54554012,42.82867707,24.01174382,21.0894968215,0.7732437318,0.1544818724,57.25170822525714,0.09550592285,8.780830095,20.759931868514283,1.9059206056857143,11.38785599,0.42280435137142863,0.0,0.0,3.591622254285715,0.0,-0.0532321761,7.261649725,0.1671880880499286,4.67,10.74258,13.91238858,21.31540493,6.616532068714286,24.72395449,16.13452668,4.878658717842858,2.479157266,1.929811714,0.0,0.7151996025571428,0.0,3.210466742,0.0,0.049557151214285715,0.0,1.705257159,0.0,67.51,4.547174271,26.70699331,2.242262636,0.0,0.8012119198542856,0.1265093346,0.0,31.83179984,0.5957446809
148.0103313,152.27942352428573,154.5546233,1.682029091,156.7782642,3.4309047647714284,159.9387972,3.068665491,3.351851852,2.7961807550428572,2.912253375,0.01851418345,49.02064596857142,0.48069877946999995,0.018859852175714283,0.6640625,0.2179363445,1.6046717415428573,10.85274894,58.00176269057143,-8.048844056195716,-15.089078130157143,0.68682556727,-4.719285714285714,-0.3836369936,0.9729364532,7.00827662,0.6049843589,1.9507554346857143,0.8789481886714284,0.0221,5.907179729,41.8666451816,6.448020180071429,0.019749238125485714,0.04455357143,0.7868459064728571,0.349137931,0.4373269884,1.680621967,0.656724165282857,0.5078511369,1.1348176423885719,0.7437343872,0.8395543497,1.1180255929571428,1.08409351083,1.1279751734385712,0.5446149243,0.8393745447,1.0487113150085714,1.029862266,1.068842391,1.00186403834,0.9625558532314287,1.006611013,1.052547341,1.0591462997471426,1.0541421759200003,1.269203505,1.0243551266000002,1.1390753082442857,1.006367067,1.0625243417542856,0.9885241671057142,1.130915773,0.932869947,1.11199885,1.0352609673042859,0.9437166964214285,1.24251725,1.032126486255714,0.9941615067285716,1.0629880281214283,1.07046786,0.8785709376557143,1.0000366677842858,0.97436227,0.6084250696,0.2356881951,1.854166667,1.957777778,0.614829932,0.4505446226242857,0.2711404006,0.2940740741,3.585559589014286,0.06535947712,0.038673363947,-0.6293819649,0.01683414424,-0.1512546114,0.02386987861,-0.006168074024560002,2.0183213696,0.9804506278,11.86652881,25.69253031,1.70349736,2.126285714285714,2367.070908,28.88620299,-3.6788834832285717,-3.064570286,0.5195618329,1.574899316,-1.40387260699,-0.5935852821,0.3634363175,-0.24821750480797142,0.32700071754399995,-0.13498761280071428,8.551568232771428,12.03246336,14.98529578,5.425791397,35.61190719,42.82867707,29.57519531,21.0894968215,0.8059943785,0.1374180268,57.25170822525714,0.0932935088,4.794537184,20.759931868514283,1.9059206056857143,11.38785599,0.42280435137142863,0.0,0.0,3.591622254285715,0.0,-0.0532321761,7.408851697,0.1671880880499286,3.04,16.47624748,5.13155848,27.22258466,6.616532068714286,13.08951281,26.49251536,4.878658717842858,2.479111826,1.960212632,0.0,0.7151996025571428,0.0,3.366929327,0.0,0.049557151214285715,0.0,1.741006666,0.0,110.6,4.547271052,0.0,2.470996887,0.0,0.8012119198542856,0.1342464278,0.0,30.95894759,0.5490196078
145.2953581,152.27942352428573,151.8391097,1.64674269,154.6759931,3.4309047647714284,158.1828729,2.737156511,2.951219512,2.7961807550428572,3.126984127,0.01857184715,49.02064596857142,0.48069877946999995,0.018859852175714283,0.6388888889,0.1786401136,1.6046717415428573,10.18550568,58.00176269057143,-8.048844056195716,-15.089078130157143,0.68682556727,-4.719285714285714,-0.4964102503,0.9776987655,7.008273079,1.427557749,1.9507554346857143,0.8789481886714284,0.0234,0.0,41.8666451816,6.448020180071429,0.019749238125485714,0.0184303351,0.7868459064728571,0.3133159269,0.3482836127,1.350867922,0.656724165282857,0.4962137681,1.1348176423885719,0.6015213761,0.8395543497,1.1180255929571428,1.08409351083,1.1279751734385712,0.6912024681,0.8332714568,1.0487113150085714,1.345843778,0.9889176245,1.00186403834,0.9625558532314287,0.9790336444,1.120976273,1.0591462997471426,1.0541421759200003,1.040084717,1.0243551266000002,1.1390753082442857,1.082052305,1.0625243417542856,0.9885241671057142,0.7834562113,0.94426136,0.8239740143,1.0352609673042859,0.9437166964214285,0.563623861,1.032126486255714,0.9941615067285716,1.0629880281214283,0.9916870747,0.8785709376557143,1.0000366677842858,1.127859064,0.9558057576,0.1078440975,1.243055556,0.9755555556,0.4602721088,0.4505446226242857,0.1977985639,0.127808642,3.585559589014286,0.08130081301,0.038673363947,-0.3939284164,-0.1751143872,0.01149262604,0.2095101722,-0.006168074024560002,2.0183213696,0.9781921349,14.27102878,24.90921771,1.728857762,2.126285714285714,1630.419703,23.94676767,-3.6788834832285717,-1.621227195,1.251622831,1.611702222,-1.40387260699,-0.7628300459,0.2597617454,-0.24821750480797142,0.32700071754399995,-0.13498761280071428,8.551568232771428,5.693927995,4.794537184,5.098681808,18.19910121,41.9616539,29.7174337,21.0894968215,0.8656347501,0.2228211809,57.25170822525714,0.161504408,9.531400138,20.759931868514283,1.9059206056857143,33.77213846,0.42280435137142863,0.0,0.0,3.591622254285715,0.0,-0.0532321761,0.0,0.1671880880499286,4.41,0.0,0.0,33.24442349,6.616532068714286,0.0,10.35798868,4.878658717842858,2.436061184,1.366433321,0.0,0.7151996025571428,0.0,0.0,4.734228103,0.049557151214285715,0.0,0.0,0.0,80.76,4.456399566,4.734228103,0.0,1.366433321,0.8012119198542856,0.09003291159,0.0,28.92408516,0.5348837209
144.9636743,152.27942352428573,158.1879876,1.552206776,156.6950562,3.4309047647714284,156.5519789,3.022376543,2.402777778,2.7961807550428572,2.99691358,0.009711306444,49.02064596857142,0.48069877946999995,0.018859852175714283,0.6428571429,0.1926374728,1.6046717415428573,6.644628099,58.00176269057143,-8.048844056195716,-15.089078130157143,0.68682556727,-4.719285714285714,-0.4286211356,0.9938456229,8.001917467,1.399909181,1.9507554346857143,0.8789481886714284,0.0295,0.0,41.8666451816,6.448020180071429,0.019749238125485714,0.0,0.7868459064728571,0.3404864092,0.4026810465,1.145191375,0.656724165282857,0.4456911329,1.1348176423885719,0.5143580699,0.8395543497,1.1180255929571428,1.08409351083,1.1279751734385712,0.5900540138,0.9228615531,1.0487113150085714,1.104700855,1.067944522,1.00186403834,0.9625558532314287,0.8991333257,1.353846154,1.0591462997471426,1.0541421759200003,0.9099217778,1.0243551266000002,1.1390753082442857,1.095371669,1.0625243417542856,0.9885241671057142,1.40885532,1.081196581,1.136512389,1.0352609673042859,0.9437166964214285,0.7416949557,1.032126486255714,0.9941615067285716,1.0629880281214283,1.240771868,0.8785709376557143,1.0000366677842858,1.053323468,1.256545923,0.01234567901,1.381944444,1.228333333,0.2719274376,0.4505446226242857,0.1128826531,0.03,3.585559589014286,0.06535947712,0.038673363947,-0.1993153167,-0.007993742369,-0.08862645842,0.101809456,-0.006168074024560002,2.0183213696,1.043760393,13.26955239,20.42153318,1.472481104,2.126285714285714,1498.008473,18.75483039,-3.6788834832285717,-1.482706798,0.8084381557,1.172624647,-1.40387260699,-0.6473097257,0.04851909911,-0.24821750480797142,0.32700071754399995,-0.13498761280071428,8.551568232771428,11.51114884,4.390415048,5.098681808,24.27512131,35.90493987,11.76029506,21.0894968215,0.8899428636,0.2010574043,57.25170822525714,0.09479894236,4.390415048,20.759931868514283,1.9059206056857143,22.51475897,0.42280435137142863,0.0,0.0,3.591622254285715,0.0,-0.0532321761,4.120723262,0.1671880880499286,3.59,0.0,4.390415048,14.76446326,6.616532068714286,5.817220841,5.693927995,4.878658717842858,2.527110816,0.0,0.0,0.7151996025571428,0.0,0.0,0.0,0.049557151214285715,0.0,0.0,0.0,30.71,3.91853569,15.12584969,0.7602793525,0.0,0.8012119198542856,0.08579236005,0.0,24.93841249,0.6060606061
146.4241065,152.27942352428573,159.1893311,1.433474874,156.4493509,3.4309047647714284,157.5014126,2.58467433,2.869281046,2.7961807550428572,2.21741453,0.01234252831,49.02064596857142,0.48069877946999995,0.018859852175714283,0.6612903226,0.2362642458,1.6046717415428573,17.01545779,58.00176269057143,-8.048844056195716,-15.089078130157143,0.68682556727,-4.719285714285714,-0.5233079923,0.9876600313,3.510570304,1.343837073,1.9507554346857143,0.8789481886714284,0.00943,0.0,41.8666451816,6.448020180071429,0.019749238125485714,0.0,0.7868459064728571,0.3235955056,0.2714895788,1.224420088,0.656724165282857,0.484870405,1.1348176423885719,0.7785474473,0.8395543497,1.1180255929571428,1.08409351083,1.1279751734385712,0.9400895316,0.8522637918,1.0487113150085714,1.093321626,1.046207596,1.00186403834,0.9625558532314287,0.8555463466,1.007167753,1.0591462997471426,1.0541421759200003,1.038415841,1.0243551266000002,1.1390753082442857,0.9762481359,1.0625243417542856,0.9885241671057142,1.365852084,1.283324566,1.233624095,1.0352609673042859,0.9437166964214285,0.9115725506,1.032126486255714,0.9941615067285716,1.0629880281214283,1.205779888,0.8785709376557143,1.0000366677842858,1.012999201,1.079105625,0.1231527395,1.756944444,1.627777778,0.5756462585,0.4505446226242857,0.3094057067,0.150632716,3.585559589014286,0.06349206349,0.038673363947,-0.1955050874,0.1247399725,-0.07519707529,-0.09084571564,-0.006168074024560002,2.0183213696,1.28152322,19.13980455,29.71520691,1.826878961,2.126285714285714,3236.977237,28.455692,-3.6788834832285717,-2.820570863,1.636598034,1.557575409,-1.40387260699,-0.4853047394,0.1318343817,-0.24821750480797142,0.32700071754399995,-0.13498761280071428,8.551568232771428,18.05032179,0.0,5.098681808,12.99010427,68.39572554,42.12680366,21.0894968215,0.939944521,0.2359765214,57.25170822525714,0.05735317729,4.736862954,20.759931868514283,1.9059206056857143,28.26427081,0.42280435137142863,2.045528969,0.0,3.591622254285715,0.0,-0.0532321761,0.0,0.1671880880499286,4.34,4.736862954,0.0,51.39241828,6.616532068714286,0.0,19.03848682,4.878658717842858,2.554306595,4.253046466,0.0,0.7151996025571428,0.0,0.0,6.063845816,0.049557151214285715,0.0,2.23941708,0.0,56.07,4.406813672,8.209225713,5.676780893,2.102744724,0.8012119198542856,0.130682846,0.0,29.29560314,0.4137931034
150.6227588,152.27942352428573,163.4869966,1.501013828,163.2807935,3.4309047647714284,163.9285168,3.298611111,3.27027027,2.7961807550428572,3.333333333,0.01849614676,49.02064596857142,0.48069877946999995,0.018859852175714283,0.685483871,0.2060379854,1.6046717415428573,8.703125,58.00176269057143,-8.048844056195716,-15.089078130157143,0.68682556727,-4.719285714285714,-0.3832827833,0.9925253549,8.003004737,1.434185443,1.9507554346857143,0.8789481886714284,0.0201,11.63444168,41.8666451816,6.448020180071429,0.019749238125485714,0.03407345343,0.7868459064728571,0.3757455268,0.4299687621,1.52427183,0.656724165282857,0.4196428571,1.1348176423885719,0.5469842751,0.8395543497,1.1180255929571428,1.08409351083,1.1279751734385712,0.5915239769,0.8946434032,1.0487113150085714,1.042995839,1.062552011,1.00186403834,0.9625558532314287,0.9744133324,1.05885666,1.0591462997471426,1.0541421759200003,1.006060027,1.0243551266000002,1.1390753082442857,0.9104484512,1.0625243417542856,0.9885241671057142,1.235088845,0.955879941,1.015750916,1.0352609673042859,0.9437166964214285,1.078281709,1.032126486255714,0.9941615067285716,1.0629880281214283,0.9749934769,0.8785709376557143,1.0000366677842858,0.8713215711,0.6036367703,0.2356881951,1.791666667,1.988888889,0.6540136054,0.4505446226242857,0.2902730537,0.291882716,3.585559589014286,0.07111111111,0.038673363947,-0.4767904807,0.0144438206,-0.09194791352,0.0128501239,-0.006168074024560002,2.0183213696,0.880778458,10.00791679,24.46744655,1.083992906,2.126285714285714,2343.157919,31.78318436,-3.6788834832285717,-2.73948981,0.9934320443,2.181659398,-1.40387260699,-0.89298895,0.1588900518,-0.24821750480797142,0.32700071754399995,-0.13498761280071428,8.551568232771428,12.16293986,23.76612587,5.425791397,12.14238718,37.26522558,29.22074076,21.0894968215,0.7678581826,0.1496291964,57.25170822525714,0.08752873188,8.780830095,20.759931868514283,1.9059206056857143,11.38785599,0.42280435137142863,0.0,0.0,3.591622254285715,0.0,-0.0532321761,7.128909661,0.1671880880499286,3.55,10.74258,14.46821637,26.29938345,6.616532068714286,24.72395449,17.21226049,4.878658717842858,2.479157266,1.9231704,0.0,0.7151996025571428,0.0,3.060966291,0.0,0.049557151214285715,0.0,1.677262544,0.0,83.3,4.547174271,26.66875435,2.210330894,0.0,0.8012119198542856,0.07555863704,0.0,30.43903568,0.5833333333
146.7040391,152.27942352428573,153.3187799,1.598622982,157.5744168,3.4309047647714284,157.0508677,3.906517094,3.490384615,2.7961807550428572,4.41374269,0.02822495295,49.02064596857142,0.48069877946999995,0.018859852175714283,0.6532258065,0.1903533561,1.6046717415428573,10.86057039,58.00176269057143,-8.048844056195716,-15.089078130157143,0.68682556727,-4.719285714285714,-0.4868839543,0.9727324402,8.001921193,1.39137364,1.9507554346857143,0.8789481886714284,0.00483,17.28366747,41.8666451816,6.448020180071429,0.019749238125485714,0.05060992139,0.7868459064728571,0.4120385767,0.4827647973,1.493185398,0.656724165282857,0.46565478,1.1348176423885719,0.6078004747,0.8395543497,1.1180255929571428,1.08409351083,1.1279751734385712,0.5740274285,0.8587317526,1.0487113150085714,1.231721953,0.9799094522,1.00186403834,0.9625558532314287,1.01354445,1.005517329,1.0591462997471426,1.0541421759200003,1.071217973,1.0243551266000002,1.1390753082442857,0.9594818653,1.0625243417542856,0.9885241671057142,0.8101033018,1.183787393,1.052348545,1.0352609673042859,0.9437166964214285,0.9386224277,1.032126486255714,0.9941615067285716,1.0629880281214283,1.068635862,0.8785709376557143,1.0000366677842858,1.06500166,0.9243866082,0.1562105908,2.548611111,2.237777778,0.7762811791,0.4505446226242857,0.4598293021,0.2897067901,3.585559589014286,0.08278867102,0.038673363947,-0.5080726944,0.04949493422,-0.1041963513,-0.05432234374,-0.006168074024560002,2.0183213696,0.6315825775,13.16622083,31.3732393,1.302769991,2.126285714285714,2331.243399,25.84989791,-3.6788834832285717,-2.52738562,1.150113461,2.363179642,-1.40387260699,-0.5879519681,0.2091625736,-0.24821750480797142,0.32700071754399995,-0.13498761280071428,8.551568232771428,5.817220841,9.072217983,0.0,18.19910121,48.53093655,16.69035448,21.0894968215,0.6887271936,0.1533435001,57.25170822525714,0.09443617789,18.65867814,20.759931868514283,1.9059206056857143,39.57069241,0.42280435137142863,0.0,0.0,3.591622254285715,0.0,-0.0532321761,0.0,0.1671880880499286,4.11,20.76666028,4.390415048,22.48060678,6.616532068714286,5.817220841,10.35798868,4.878658717842858,2.535252706,0.0,0.0,0.7151996025571428,0.0,0.0,10.80324371,0.049557151214285715,0.0,0.0,0.0,99.34,4.640762774,26.76732242,0.1137903877,0.0,0.8012119198542856,0.1452354659,0.0,36.59270839,0.5531914894
145.1309009,152.27942352428573,159.0340393,1.541746325,155.0619513,3.4309047647714284,156.7621185,2.969498911,2.703703704,2.7961807550428572,2.522458629,0.009916616665,49.02064596857142,0.48069877946999995,0.018859852175714283,0.66,0.2072852832,1.6046717415428573,9.2725,58.00176269057143,-8.048844056195716,-15.089078130157143,0.68682556727,-4.719285714285714,-0.4356701465,0.9938433704,8.001918196,1.343865525,1.9507554346857143,0.8789481886714284,0.013,0.0,41.8666451816,6.448020180071429,0.019749238125485714,0.0,0.7868459064728571,0.3701923077,0.3489118597,1.114735456,0.656724165282857,0.405690427,1.1348176423885719,0.5011964697,0.8395543497,1.1180255929571428,1.08409351083,1.1279751734385712,0.5671068993,0.8999066507,1.0487113150085714,1.12236427,1.02242823,1.00186403834,0.9625558532314287,0.8349080291,1.291562421,1.0591462997471426,1.0541421759200003,0.9209396074,1.0243551266000002,1.1390753082442857,1.011428202,1.0625243417542856,0.9885241671057142,1.073547327,1.173996412,1.043987671,1.0352609673042859,0.9437166964214285,0.7802665354,1.032126486255714,0.9941615067285716,1.0629880281214283,1.210684048,0.8785709376557143,1.0000366677842858,0.9691987212,0.8940965864,0.03713906744,1.631944444,1.507777778,0.4351927438,0.4505446226242857,0.1647691484,0.108125,3.585559589014286,0.06878306878,0.038673363947,-0.1744104261,-0.0251597772,0.03098054101,0.001894052327,-0.006168074024560002,2.0183213696,1.219887094,14.56963205,26.85155829,1.244274928,2.126285714285714,2085.999363,20.81486531,-3.6788834832285717,-2.361101864,1.217142007,1.766526309,-1.40387260699,-0.6311237881,-0.09371760612,-0.24821750480797142,0.32700071754399995,-0.13498761280071428,8.551568232771428,11.51114884,4.390415048,5.098681808,18.19910121,42.67056301,29.38520368,21.0894968215,0.8703648916,0.1801198494,57.25170822525714,0.0946942092,4.390415048,20.759931868514283,1.9059206056857143,22.51475897,0.42280435137142863,2.048170299,0.0,3.591622254285715,0.0,-0.0532321761,0.0,0.1671880880499286,4.42,0.0,4.390415048,19.74844179,6.616532068714286,5.817220841,12.11474962,4.878658717842858,2.551700777,0.0,0.0,0.7151996025571428,0.0,0.0,0.0,0.049557151214285715,0.0,0.0,0.0,43.6,4.3056907,15.36006051,0.9092699672,0.0,0.8012119198542856,0.130682846,0.0,27.85694441,0.6
144.1443511,152.27942352428573,150.447037,1.624519845,160.0855606,3.4309047647714284,152.2158269,2.755460589,2.565217391,2.7961807550428572,2.489952719,0.006534022579,49.02064596857142,0.48069877946999995,0.018859852175714283,0.6153846154,0.2354787687,1.6046717415428573,19.66666667,58.00176269057143,-8.048844056195716,-15.089078130157143,0.68682556727,-4.719285714285714,-0.4357059782,0.9113311692,6.027274506,1.13463699,1.9507554346857143,0.8789481886714284,0.00459,0.0,41.8666451816,6.448020180071429,0.019749238125485714,0.0,0.7868459064728571,0.3492063492,0.3307311461,1.084144104,0.656724165282857,0.4149092692,1.1348176423885719,0.5395850415,0.8395543497,1.1180255929571428,1.08409351083,1.1279751734385712,0.442934369,0.7524506225,1.0487113150085714,1.257273176,0.9362055306,1.00186403834,0.9625558532314287,1.115456862,0.99875,1.0591462997471426,1.0541421759200003,0.9462136915,1.0243551266000002,1.1390753082442857,1.226149781,1.0625243417542856,0.9885241671057142,0.9586051752,1.454265286,1.260094818,1.0352609673042859,0.9437166964214285,0.8343620644,1.032126486255714,0.9941615067285716,1.0629880281214283,1.261020527,0.8785709376557143,1.0000366677842858,1.126201238,1.434899175,0.0,3.208333333,1.949444444,0.9332879819,0.4505446226242857,0.3607961703,0.0625,3.585559589014286,0.08585858586,0.038673363947,-0.0960731633,-0.04573648953,-0.05776194809,-0.03760352197,-0.006168074024560002,2.0183213696,1.251477702,8.585206173,21.18814196,1.814863079,2.126285714285714,1809.939749,17.70433445,-3.6788834832285717,-2.417538419,1.127084861,0.7184927604,-1.40387260699,-0.3770248398,-0.01097630276,-0.24821750480797142,0.32700071754399995,-0.13498761280071428,8.551568232771428,11.76314931,0.0,10.36057336,38.9703128,35.59836479,35.98325258,21.0894968215,0.9561827078,0.1910731779,57.25170822525714,0.07269249639,0.0,20.759931868514283,1.9059206056857143,28.45350378,0.42280435137142863,0.0,0.0,3.591622254285715,0.0,-0.0532321761,0.0,0.1671880880499286,4.77,0.0,0.0,14.76446326,6.616532068714286,23.66984054,43.50994862,4.878658717842858,2.603308916,8.824944675,0.0,0.7151996025571428,0.0,0.0,0.0,0.049557151214285715,0.3770927816,0.0,0.1600265338,54.5,4.212044574,2.138144369,9.709157166,0.0,0.8012119198542856,0.5223591954,0.1020620726,26.76879553,0.4166666667
143.5946678,152.27942352428573,152.2057646,1.807190912,152.4566434,3.4309047647714284,154.7589992,3.64332826,2.708333333,2.7961807550428572,3.402116402,0.01409895107,49.02064596857142,0.48069877946999995,0.018859852175714283,0.6304347826,0.1869699986,1.6046717415428573,8.488163265,58.00176269057143,-8.048844056195716,-15.089078130157143,0.68682556727,-4.719285714285714,-0.3876126018,0.9929594654,8.001917793,0.60501714,1.9507554346857143,0.8789481886714284,0.00264,0.0,41.8666451816,6.448020180071429,0.019749238125485714,0.04097722567,0.7868459064728571,0.3533866218,0.4558296632,1.573693854,0.656724165282857,0.5190755406,1.1348176423885719,0.6629941981,0.8395543497,1.1180255929571428,1.08409351083,1.1279751734385712,0.6409026574,0.8643567062,1.0487113150085714,1.128304735,0.9553078946,1.00186403834,0.9625558532314287,0.872363568,1.265910194,1.0591462997471426,1.0541421759200003,0.9914186174,1.0243551266000002,1.1390753082442857,1.077461931,1.0625243417542856,0.9885241671057142,1.18003281,1.288119144,0.9721416548,1.0352609673042859,0.9437166964214285,1.294439015,1.032126486255714,0.9941615067285716,1.0629880281214283,1.175092993,0.8785709376557143,1.0000366677842858,0.9692163068,1.29554009,0.0,1.784722222,1.307777778,0.4596825397,0.4505446226242857,0.1143864953,0.038125,3.585559589014286,0.07207207207,0.038673363947,-0.6072386337,-0.118291143,0.1424332958,-0.1143776401,-0.006168074024560002,2.0183213696,0.9611602419,10.85865241,21.93000613,1.429867567,2.126285714285714,1705.631803,10.75902422,-3.6788834832285717,-1.791046302,-0.3954789132,1.692349156,-1.40387260699,-0.5730146426,0.2634191583,-0.24821750480797142,0.32700071754399995,-0.13498761280071428,8.551568232771428,5.817220841,9.374393569,0.0,41.66862122,24.26546827,22.70997077,21.0894968215,0.844241824,0.2353473097,57.25170822525714,0.1133692921,4.390415048,20.759931868514283,1.9059206056857143,21.69797817,0.42280435137142863,1.882124381,0.0,3.591622254285715,0.0,-0.0532321761,0.0,0.1671880880499286,5.3,5.733667477,9.521973528,9.967957042,6.616532068714286,5.817220841,0.0,4.878658717842858,2.494167094,0.0,0.0,0.7151996025571428,0.0,0.0,0.0,0.049557151214285715,0.0,0.0,0.0,51.8,4.295805141,14.20568673,0.0,0.0,0.8012119198542856,0.1497800171,0.0,32.78778218,0.6
145.1774373,152.27942352428573,153.3965538,1.60647446,157.4175979,3.4309047647714284,158.5329395,2.890243902,3.290322581,2.7961807550428572,2.867592593,0.01287022192,49.02064596857142,0.48069877946999995,0.018859852175714283,0.6328125,0.1861501066,1.6046717415428573,11.41046636,58.00176269057143,-8.048844056195716,-15.089078130157143,0.68682556727,-4.719285714285714,-0.430107163,0.9729366222,7.00827661,1.416932073,1.9507554346857143,0.8789481886714284,0.00399,5.907179729,41.8666451816,6.448020180071429,0.019749238125485714,0.02861519608,0.7868459064728571,0.352173913,0.3763947812,1.443815692,0.656724165282857,0.4924980569,1.1348176423885719,0.728796103,0.8395543497,1.1180255929571428,1.08409351083,1.1279751734385712,0.5054553618,0.8760288337,1.0487113150085714,1.040859365,1.121637658,1.00186403834,0.9625558532314287,1.032723019,1.131169632,1.0591462997471426,1.0541421759200003,0.9851240384,1.0243551266000002,1.1390753082442857,1.028247267,1.0625243417542856,0.9885241671057142,0.9701644576,0.9967306079,1.05916821,1.0352609673042859,0.9437166964214285,0.7855123519,1.032126486255714,0.9941615067285716,1.0629880281214283,0.868903919,0.8785709376557143,1.0000366677842858,1.02152993,0.8456671886,0.1940618304,2.034722222,1.905,0.8172789116,0.4505446226242857,0.3754251701,0.353125,3.585559589014286,0.06100217865,0.038673363947,-0.447882074,-0.03812850463,-0.1119978953,0.1367837902,-0.006168074024560002,2.0183213696,0.9939285189,19.89458813,33.40723877,1.713849957,2.126285714285714,3699.009189,32.3867762,-3.6788834832285717,-2.650662237,1.154617542,1.491139924,-1.40387260699,-0.920876838,0.08287150674,-0.24821750480797142,0.32700071754399995,-0.13498761280071428,8.551568232771428,5.693927995,0.0,5.098681808,30.33183534,54.95175817,40.16419383,21.0894968215,0.8648122293,0.1660764318,57.25170822525714,0.1127497909,4.794537184,20.759931868514283,1.9059206056857143,22.51475897,0.42280435137142863,1.991704333,0.0,3.591622254285715,0.0,-0.0532321761,0.0,0.1671880880499286,4.5,5.733667477,0.0,25.65562151,6.616532068714286,6.9237372,21.61536816,4.878658717842858,2.479390399,1.976804047,0.0,0.7151996025571428,0.0,0.0,0.0,0.049557151214285715,0.0,0.0,0.0,86.69,4.67741432,1.877209467,2.485804582,0.0,0.8012119198542856,0.09456365941,0.0,30.65052892,0.5283018868
142.7607609,152.27942352428573,150.6763958,1.749390571,156.5240747,3.4309047647714284,160.1280446,2.547567175,3.41025641,2.7961807550428572,2.551373955,0.008186869895,49.02064596857142,0.48069877946999995,0.018859852175714283,0.630952381,0.2019334369,1.6046717415428573,7.391868512,58.00176269057143,-8.048844056195716,-15.089078130157143,0.68682556727,-4.719285714285714,-0.4046587802,0.9938475708,3.041832901,0.6049930215,1.9507554346857143,0.8789481886714284,0.00243,0.0,41.8666451816,6.448020180071429,0.019749238125485714,0.0,0.7868459064728571,0.3227848101,0.4533481442,1.509021312,0.656724165282857,0.5372183347,1.1348176423885719,0.8737970942,0.8395543497,1.1180255929571428,1.08409351083,1.1279751734385712,0.9868398516,0.8526769256,1.0487113150085714,0.9279699248,0.937084929,1.00186403834,0.9625558532314287,1.022784679,0.9903236352,1.0591462997471426,1.0541421759200003,1.117915973,1.0243551266000002,1.1390753082442857,1.161597709,1.0625243417542856,0.9885241671057142,1.654244339,1.042105263,1.311701165,1.0352609673042859,0.9437166964214285,1.469892204,1.032126486255714,0.9941615067285716,1.0629880281214283,1.031451223,0.8785709376557143,1.0000366677842858,0.7809582323,1.391681402,0.04938271605,1.201388889,0.9933333333,0.3299319728,0.4505446226242857,0.09448223734,0.04875,3.585559589014286,0.05882352941,0.038673363947,-0.4495084976,0.06038625767,-0.1567910283,-0.04380499336,-0.006168074024560002,2.0183213696,1.241032308,10.22575554,15.42353692,1.98657124,2.126285714285714,390.5366854,21.88301822,-3.6788834832285717,-1.362203929,0.4467455678,0.8783033825,-1.40387260699,-0.4642519014,0.05466087964,-0.24821750480797142,0.32700071754399995,-0.13498761280071428,8.551568232771428,5.007623697,9.499376415,5.098681808,65.43117392,12.99010427,11.12690298,21.0894968215,0.9461315198,0.1727095111,57.25170822525714,0.1688183657,0.0,20.759931868514283,1.9059206056857143,21.82845468,0.42280435137142863,0.9216288738,0.0,3.591622254285715,0.0,-0.0532321761,0.0,0.1671880880499286,4.58,0.0,0.0,14.59805822,6.616532068714286,6.9237372,5.563451492,4.878658717842858,2.48236264,2.092978133,0.0,0.7151996025571428,0.0,0.0,0.0,0.049557151214285715,0.0,0.0,0.0,30.19,3.945460161,1.865740741,2.092978133,0.0,0.8012119198542856,0.09878289721,0.0,32.65984543,0.5882352941
146.0578528,152.27942352428573,159.6043131,1.566710196,158.1196861,3.4309047647714284,156.9822501,2.587673611,3.080808081,2.7961807550428572,2.425798651,0.0161243722,49.02064596857142,0.48069877946999995,0.018859852175714283,0.6574074074,0.2445972413,1.6046717415428573,10.63090737,58.00176269057143,-8.048844056195716,-15.089078130157143,0.68682556727,-4.719285714285714,-0.3649753945,0.9728909641,7.008272309,0.609420757,1.9507554346857143,0.8789481886714284,0.0148,0.0,41.8666451816,6.448020180071429,0.019749238125485714,0.03601532567,0.7868459064728571,0.3333333333,0.3542404884,1.613476074,0.656724165282857,0.4875452438,1.1348176423885719,0.6417967388,0.8395543497,1.1180255929571428,1.08409351083,1.1279751734385712,0.5755618309,0.8652005636,1.0487113150085714,0.9263126492,1.2029561,1.00186403834,0.9625558532314287,0.8706170821,1.004534606,1.0591462997471426,1.0541421759200003,0.9840519598,1.0243551266000002,1.1390753082442857,1.071547038,1.0625243417542856,0.9885241671057142,1.291507749,1.140736874,1.140180114,1.0352609673042859,0.9437166964214285,0.7914597215,1.032126486255714,0.9941615067285716,1.0629880281214283,1.083511643,0.8785709376557143,1.0000366677842858,1.009959074,0.8591526253,0.1267258443,1.576388889,1.438333333,0.6630839002,0.4505446226242857,0.2734158478,0.230632716,3.585559589014286,0.06349206349,0.038673363947,-0.5849951113,-0.05904886091,-0.09929627038,0.1280305058,-0.006168074024560002,2.0183213696,1.07890188,6.09278728,18.20621283,1.861063938,2.126285714285714,2040.282384,26.85004796,-3.6788834832285717,-2.404904405,-0.0226778959,0.7459138122,-1.40387260699,-0.8714003241,0.5720010929,-0.24821750480797142,0.32700071754399995,-0.13498761280071428,8.551568232771428,16.52595619,14.95193556,0.0,6.066367068,25.47729296,36.52675749,21.0894968215,0.839102029,0.1698168104,57.25170822525714,0.1031159436,4.794537184,20.759931868514283,1.9059206056857143,21.95893118,0.42280435137142863,2.153718992,0.0,3.591622254285715,0.0,-0.0532321761,0.0,0.1671880880499286,6.49,5.316788604,0.0,32.38785022,6.616532068714286,6.9237372,24.86289132,4.878658717842858,2.482821465,3.521343853,0.0,0.7151996025571428,0.0,2.824598601,0.0,0.049557151214285715,0.0,0.0,0.0,83.56,4.350846645,1.148682891,4.164086023,0.0,0.8012119198542856,0.1110709264,0.0,29.87654694,0.4130434783
145.4222081,152.27942352428573,155.1947932,1.540074128,154.8610522,3.4309047647714284,157.6664697,2.792139078,2.575163399,2.7961807550428572,2.594871795,0.02603774353,49.02064596857142,0.48069877946999995,0.018859852175714283,0.6515151515,0.1850487197,1.6046717415428573,17.94262782,58.00176269057143,-8.048844056195716,-15.089078130157143,0.68682556727,-4.719285714285714,-0.5277860826,0.9871941861,3.51758125,1.419941043,1.9507554346857143,0.8789481886714284,0.000967,0.0,41.8666451816,6.448020180071429,0.019749238125485714,0.0155674391,0.7868459064728571,0.321888412,0.2419485205,1.337855722,0.656724165282857,0.4982452287,1.1348176423885719,0.8993316454,0.8395543497,1.1180255929571428,1.08409351083,1.1279751734385712,1.122127159,0.7736774965,1.0487113150085714,1.231210402,1.062304492,1.00186403834,0.9625558532314287,0.9371082262,1.439962125,1.0591462997471426,1.0541421759200003,1.080690031,1.0243551266000002,1.1390753082442857,1.38887047,1.0625243417542856,0.9885241671057142,1.091981899,0.9464406489,1.123528146,1.0352609673042859,0.9437166964214285,0.8210227428,1.032126486255714,0.9941615067285716,1.0629880281214283,0.920670284,0.8785709376557143,1.0000366677842858,0.9726380288,0.7673162763,0.1897765534,2.5,1.871111111,0.666122449,0.4505446226242857,0.3361048123,0.225,3.585559589014286,0.0589569161,0.038673363947,-0.3409797437,-0.2359820419,-0.2543018429,0.04011026015,-0.006168074024560002,2.0183213696,0.8896488445,13.30615681,25.6926211,1.741141729,2.126285714285714,1765.599618,26.76100054,-3.6788834832285717,-2.866047935,1.582193904,2.391331663,-1.40387260699,-0.8777798709,0.03006391058,-0.24821750480797142,0.32700071754399995,-0.13498761280071428,8.551568232771428,11.44343983,4.983978521,0.0,12.13273414,43.32193961,41.46464532,21.0894968215,0.9152296158,0.158307509,57.25170822525714,0.06520699112,18.94745182,20.759931868514283,1.9059206056857143,40.13541516,0.42280435137142863,0.0,0.0,3.591622254285715,0.0,-0.0532321761,0.0,0.1671880880499286,4.92,24.26424042,11.37477255,31.29734967,6.616532068714286,6.9237372,5.693927995,4.878658717842858,2.403428026,6.694695804,0.0,0.7151996025571428,0.0,3.362726467,22.49209755,0.049557151214285715,0.0,0.0,0.0,74.73,5.293209112,22.49209755,1.94262321,4.752072594,0.8012119198542856,0.05166617486,0.0,38.16725191,0.4482758621
146.3076746,152.27942352428573,156.5851931,1.56711025,154.7412096,3.4309047647714284,157.1236519,3.051038844,2.961832061,2.7961807550428572,2.744175627,0.0137524337,49.02064596857142,0.48069877946999995,0.018859852175714283,0.6517857143,0.211665326,1.6046717415428573,14.19782707,58.00176269057143,-8.048844056195716,-15.089078130157143,0.68682556727,-4.719285714285714,-0.435712488,0.9729406901,7.008275627,1.343828866,1.9507554346857143,0.8789481886714284,0.0375,5.907179729,41.8666451816,6.448020180071429,0.019749238125485714,0.03325396825,0.7868459064728571,0.405,0.3460834344,1.46352584,0.656724165282857,0.4071275569,1.1348176423885719,0.6911987976,0.8395543497,1.1180255929571428,1.08409351083,1.1279751734385712,0.4530491683,0.8556843266,1.0487113150085714,1.068031052,1.109609348,1.00186403834,0.9625558532314287,0.8682646925,1.168913494,1.0591462997471426,1.0541421759200003,0.975248426,1.0243551266000002,1.1390753082442857,0.9960870835,1.0625243417542856,0.9885241671057142,0.8177346489,1.18615612,1.124689876,1.0352609673042859,0.9437166964214285,1.082397325,1.032126486255714,0.9941615067285716,1.0629880281214283,1.159264474,0.8785709376557143,1.0000366677842858,1.018941419,0.9119878302,0.0826446281,1.944444444,1.858888889,0.6744671202,0.4505446226242857,0.3570168808,0.165007716,3.585559589014286,0.07092198582,0.038673363947,-0.467156569,-0.03561304303,0.05319219342,-0.05086990277,-0.006168074024560002,2.0183213696,1.203966837,11.89484589,29.02169651,1.715167942,2.126285714285714,2534.144099,22.2651864,-3.6788834832285717,-2.036753328,1.213218731,1.269677979,-1.40387260699,-0.5615303473,0.1475342032,-0.24821750480797142,0.32700071754399995,-0.13498761280071428,8.551568232771428,5.693927995,0.0,5.098681808,6.066367068,61.72703435,40.64258317,21.0894968215,0.8542140039,0.189147945,57.25170822525714,0.1284201545,4.794537184,20.759931868514283,1.9059206056857143,22.51475897,0.42280435137142863,1.721297609,0.0,3.591622254285715,0.0,-0.0532321761,0.0,0.1671880880499286,3.69,5.733667477,0.0,25.65562151,6.616532068714286,6.9237372,28.16666629,4.878658717842858,2.557236073,1.980074255,0.0,0.7151996025571428,0.0,0.0,0.0,0.049557151214285715,0.0,0.0,0.0,86.69,4.483107027,2.082220175,2.886523744,0.0,0.8012119198542856,0.1503247011,0.0,25.97493956,0.5106382979
148.0204164,152.27942352428573,155.6241958,1.718410396,156.4009452,3.4309047647714284,158.5210368,3.196194476,3.475728155,2.7961807550428572,2.916485113,0.01324773915,49.02064596857142,0.48069877946999995,0.018859852175714283,0.6640625,0.1801325383,1.6046717415428573,9.277777778,58.00176269057143,-8.048844056195716,-15.089078130157143,0.68682556727,-4.719285714285714,-0.4158684268,0.9113313423,6.027276828,1.197963748,1.9507554346857143,0.8789481886714284,0.00554,0.0,41.8666451816,6.448020180071429,0.019749238125485714,0.0154040404,0.7868459064728571,0.3412017167,0.470839169,1.48786674,0.656724165282857,0.4601794321,1.1348176423885719,0.5619294582,0.8395543497,1.1180255929571428,1.08409351083,1.1279751734385712,0.5280960101,0.8461781675,1.0487113150085714,1.038913194,1.08230888,1.00186403834,0.9625558532314287,0.9682974007,1.014950166,1.0591462997471426,1.0541421759200003,1.032660873,1.0243551266000002,1.1390753082442857,1.022091289,1.0625243417542856,0.9885241671057142,0.9974030678,1.090206186,1.104112216,1.0352609673042859,0.9437166964214285,1.31073082,1.032126486255714,0.9941615067285716,1.0629880281214283,1.095738262,0.8785709376557143,1.0000366677842858,1.027924141,0.6061816573,0.2226303438,1.729166667,2.122777778,0.734829932,0.4505446226242857,0.3361048123,0.2365740741,3.585559589014286,0.0697167756,0.038673363947,-0.4510651777,-0.02890979897,-0.009953436495,-0.07653422851,-0.006168074024560002,2.0183213696,0.9270640898,13.71800807,25.84353075,1.516060177,2.126285714285714,1911.131702,27.84668957,-3.6788834832285717,-1.891337171,0.9271141027,1.382389201,-1.40387260699,-1.063335899,0.4027328734,-0.24821750480797142,0.32700071754399995,-0.13498761280071428,8.551568232771428,12.02124807,14.18117935,15.45925517,6.066367068,73.23599868,29.3384529,21.0894968215,0.9446071336,0.1539266767,57.25170822525714,0.09208967067,0.0,20.759931868514283,1.9059206056857143,28.58398029,0.42280435137142863,0.7330421382,0.0,3.591622254285715,5.603112534,-0.0532321761,0.0,0.1671880880499286,3.4,5.316788604,5.687386275,34.47495837,6.616532068714286,18.25485007,11.25737949,4.878658717842858,2.489279474,1.943960139,0.0,0.7151996025571428,0.0,3.165491938,0.0,0.049557151214285715,0.0,0.0,0.0,96.72,4.623396865,3.325228743,1.943960139,0.0,0.8012119198542856,0.1048899075,0.0,29.8743737,0.5833333333
145.045857,152.27942352428573,154.5847109,1.486369874,162.0658088,3.4309047647714284,153.7869852,2.575528007,2.6,2.7961807550428572,2.283702409,0.01218053691,49.02064596857142,0.48069877946999995,0.018859852175714283,0.6153846154,0.2557206477,1.6046717415428573,18.88696655,58.00176269057143,-8.048844056195716,-15.089078130157143,0.68682556727,-4.719285714285714,-0.434974959,0.9876256621,6.002808455,1.134637095,1.9507554346857143,0.8789481886714284,0.0027,0.0,41.8666451816,6.448020180071429,0.019749238125485714,0.01761633428,0.7868459064728571,0.3510638298,0.3058725594,1.3264719,0.656724165282857,0.4745684031,1.1348176423885719,0.9912409366,0.8395543497,1.1180255929571428,1.08409351083,1.1279751734385712,0.5303073254,0.847892995,1.0487113150085714,1.154411,1.043212565,1.00186403834,0.9625558532314287,1.081585703,1.000155441,1.0591462997471426,1.0541421759200003,0.9033441936,1.0243551266000002,1.1390753082442857,1.199751581,1.0625243417542856,0.9885241671057142,0.9465877291,1.363162691,1.36831172,1.0352609673042859,0.9437166964214285,0.7241267002,1.032126486255714,0.9941615067285716,1.0629880281214283,1.187286309,0.8785709376557143,1.0000366677842858,0.9984535941,1.006024126,0.04122028364,2.833333333,2.029444444,0.8785034014,0.4505446226242857,0.4167375283,0.1625,3.585559589014286,0.08080808081,0.038673363947,-0.3888343976,0.007765125896,-0.09577186839,-0.004723994585,-0.006168074024560002,2.0183213696,1.263325302,8.508274228,20.72329238,1.73990914,2.126285714285714,1856.906879,18.79291702,-3.6788834832285717,-2.505327715,1.140070661,0.5661235179,-1.40387260699,-0.461662646,-0.1719400351,-0.24821750480797142,0.32700071754399995,-0.13498761280071428,8.551568232771428,11.44343983,0.0,5.098681808,45.89405,41.66473186,23.72004194,21.0894968215,0.9009159541,0.2926393097,57.25170822525714,0.168850319,5.106527395,20.759931868514283,1.9059206056857143,28.26427081,0.42280435137142863,0.0,0.0,3.591622254285715,0.0,-0.0532321761,0.0,0.1671880880499286,4.64,0.0,0.0,19.87099066,6.616532068714286,5.414990469,45.00071083,4.878658717842858,2.598156685,8.98611209,0.0,0.7151996025571428,9.704155719,0.0,0.0,0.049557151214285715,0.3906582,0.0,0.1718530722,50.94,4.12572346,2.155247543,9.890925645,0.0,0.8012119198542856,0.4665289338,0.1020620726,28.37327328,0.3921568627
146.886971,152.27942352428573,158.820935,1.621516487,157.6428196,3.4309047647714284,156.9427459,2.826258843,3.141304348,2.7961807550428572,2.888327722,0.02349506882,49.02064596857142,0.48069877946999995,0.018859852175714283,0.6759259259,0.2349530978,1.6046717415428573,11.1875,58.00176269057143,-8.048844056195716,-15.089078130157143,0.68682556727,-4.719285714285714,-0.478741888,0.9779111491,7.008273656,0.6094207635,1.9507554346857143,0.8789481886714284,0.0155,6.093240071,41.8666451816,6.448020180071429,0.019749238125485714,0.03797360579,0.7868459064728571,0.3375,0.3894086547,1.74623453,0.656724165282857,0.47565784,1.1348176423885719,0.6725037858,0.8395543497,1.1180255929571428,1.08409351083,1.1279751734385712,0.5661607861,0.8028640673,1.0487113150085714,1.028571429,1.189824121,1.00186403834,0.9625558532314287,0.8340346176,1.107575758,1.0591462997471426,1.0541421759200003,1.032806248,1.0243551266000002,1.1390753082442857,0.9937862515,1.0625243417542856,0.9885241671057142,0.9977619857,1.058319957,0.9879945922,1.0352609673042859,0.9437166964214285,1.188532639,1.032126486255714,0.9941615067285716,1.0629880281214283,1.004718226,0.8785709376557143,1.0000366677842858,1.00421134,0.9360763621,0.1356004489,1.576388889,1.518333333,0.6370068027,0.4505446226242857,0.2849899219,0.2253240741,3.585559589014286,0.06878306878,0.038673363947,-0.697601261,0.03519519719,-0.05208889641,-0.01186381491,-0.006168074024560002,2.0183213696,1.004155355,3.993947608,16.13367148,1.834516258,2.126285714285714,2875.801334,30.70739642,-3.6788834832285717,-2.889178437,0.5690124001,0.6616526061,-1.40387260699,-0.8396554321,0.7103206796,-0.24821750480797142,0.32700071754399995,-0.13498761280071428,8.551568232771428,16.52595619,19.74647275,0.0,6.066367068,25.98020854,16.63744226,21.0894968215,0.8502304101,0.1833419714,57.25170822525714,0.165874393,9.531400138,20.759931868514283,1.9059206056857143,21.95893118,0.42280435137142863,2.077479142,0.0,3.591622254285715,0.0,-0.0532321761,0.0,0.1671880880499286,5.64,5.316788604,4.794537184,32.63603612,6.616532068714286,6.9237372,18.44206969,4.878658717842858,2.483385735,3.724182381,0.0,0.7151996025571428,0.0,2.694195326,4.905007699,0.049557151214285715,0.0,0.0,0.0,92.79,4.381949493,6.011089091,4.30030942,0.0,0.8012119198542856,0.1110709264,0.0,29.89947947,0.4318181818
145.8352209,152.27942352428573,156.259157,1.453744263,158.5939618,3.4309047647714284,156.6495025,2.449192783,2.745454545,2.7961807550428572,2.379012346,0.00952783564,49.02064596857142,0.48069877946999995,0.018859852175714283,0.6465517241,0.2208739966,1.6046717415428573,8.948224852,58.00176269057143,-8.048844056195716,-15.089078130157143,0.68682556727,-4.719285714285714,-0.3791549794,1.734391303,3.059396814,1.338814635,1.9507554346857143,0.8789481886714284,0.00977,0.0,41.8666451816,6.448020180071429,0.019749238125485714,0.01563218391,0.7868459064728571,0.2785714286,0.2881372627,1.194198336,0.656724165282857,0.5768129771,1.1348176423885719,0.710656682,0.8395543497,1.1180255929571428,1.08409351083,1.1279751734385712,0.9046706989,0.9410523235,1.0487113150085714,1.156476033,0.9315439547,1.00186403834,0.9625558532314287,1.027279982,1.009557318,1.0591462997471426,1.0541421759200003,0.9294537848,1.0243551266000002,1.1390753082442857,1.053242671,1.0625243417542856,0.9885241671057142,0.9829972071,0.9478490747,0.975826972,1.0352609673042859,0.9437166964214285,0.7458488837,1.032126486255714,0.9941615067285716,1.0629880281214283,0.997194386,0.8785709376557143,1.0000366677842858,1.087829934,0.9118637993,0.09407407407,1.215277778,0.9705555556,0.4073015873,0.4505446226242857,0.1703278534,0.08031635802,3.585559589014286,0.05925925926,0.038673363947,-0.1752454657,-0.04222091113,-0.05547824865,0.09896383187,-0.006168074024560002,2.0183213696,1.360256858,24.45844991,26.60459224,1.787176044,2.126285714285714,1260.858911,25.36019601,-3.6788834832285717,-2.228863869,1.664326377,1.061745154,-1.40387260699,-0.6997649482,0.2185651845,-0.24821750480797142,0.32700071754399995,-0.13498761280071428,8.551568232771428,5.693927995,0.0,5.098681808,30.33183534,61.32352731,36.2621901,21.0894968215,0.952722565,0.1650050659,57.25170822525714,0.1044570171,0.0,20.759931868514283,1.9059206056857143,33.77213846,0.42280435137142863,0.0,0.0,3.591622254285715,0.0,-0.0532321761,0.0,0.1671880880499286,5.12,0.0,0.0,38.1547432,6.616532068714286,0.0,18.40509474,4.878658717842858,2.435579376,0.0,0.0,0.7151996025571428,0.0,0.0,0.0,0.049557151214285715,0.0,2.519769497,0.0,57.7,4.489073469,0.0,3.471744154,0.0,0.8012119198542856,0.0761440227,0.0,28.34958738,0.5576923077
148.4885439,152.27942352428573,156.9784062,1.563472387,159.0290171,3.4309047647714284,162.7283127,2.666666667,3.111111111,2.7961807550428572,2.628060264,0.01425990228,49.02064596857142,0.48069877946999995,0.018859852175714283,0.6693548387,0.2198468132,1.6046717415428573,15.91975309,58.00176269057143,-8.048844056195716,-15.089078130157143,0.68682556727,-4.719285714285714,-0.3832819479,0.9925445055,3.057290481,1.414050045,1.9507554346857143,0.8789481886714284,0.0102,0.0,41.8666451816,6.448020180071429,0.019749238125485714,0.02971652004,0.7868459064728571,0.3648648649,0.3634470053,1.614537504,0.656724165282857,0.4592041101,1.1348176423885719,0.9173361195,0.8395543497,1.1180255929571428,1.08409351083,1.1279751734385712,0.7451102731,0.8342492746,1.0487113150085714,1.256278967,1.188252086,1.00186403834,0.9625558532314287,1.01617081,1.061655603,1.0591462997471426,1.0541421759200003,1.155590771,1.0243551266000002,1.1390753082442857,0.8079508318,1.0625243417542856,0.9885241671057142,1.148198788,0.8716751269,0.8715555556,1.0352609673042859,0.9437166964214285,1.343630671,1.032126486255714,0.9941615067285716,1.0629880281214283,0.8766059636,0.8785709376557143,1.0000366677842858,1.005424227,1.073987218,0.2275257627,2.041666667,1.908888889,0.614829932,0.4505446226242857,0.3699058327,0.284691358,3.585559589014286,0.07555555556,0.038673363947,-0.5050139881,0.1160569582,0.1614027988,-0.04974781285,-0.006168074024560002,2.0183213696,1.260109621,9.857598928,23.997636,1.990068038,2.126285714285714,2328.237601,28.68588588,-3.6788834832285717,-2.204403603,1.168915645,1.307268539,-1.40387260699,-0.7873009664,0.1791179053,-0.24821750480797142,0.32700071754399995,-0.13498761280071428,8.551568232771428,12.16293986,14.98529578,5.425791397,24.27512131,56.17323589,23.15437369,21.0894968215,0.8939926241,0.159635595,57.25170822525714,0.09341563398,0.0,20.759931868514283,1.9059206056857143,11.38785599,0.42280435137142863,0.0,0.0,3.591622254285715,0.0,-0.0532321761,7.450218549,0.1671880880499286,3.76,10.74258,5.687386275,26.29938345,6.616532068714286,26.93698721,28.33916347,4.878658717842858,2.479665346,6.234086082,0.0,0.7151996025571428,0.0,3.508697772,0.0,0.049557151214285715,0.0,1.755450688,0.0,83.3,4.592143098,0.0,6.812140378,0.0,0.8012119198542856,0.1719070506,0.0,30.15823057,0.5185185185
143.6897022,152.27942352428573,155.9696275,1.793093368,157.4876994,3.4309047647714284,157.6879582,3.257291108,2.973684211,2.7961807550428572,2.91215332,0.01259379638,49.02064596857142,0.48069877946999995,0.018859852175714283,0.6625,0.2420024042,1.6046717415428573,5.32,58.00176269057143,-8.048844056195716,-15.089078130157143,0.68682556727,-4.719285714285714,-0.402613914,0.9574915386,7.008813497,0.6049127757,1.9507554346857143,0.8789481886714284,0.0169,0.0,41.8666451816,6.448020180071429,0.019749238125485714,0.0,0.7868459064728571,0.3868682097,0.5469332503,1.312315027,0.656724165282857,0.4807131379,1.1348176423885719,0.4646766494,0.8395543497,1.1180255929571428,1.08409351083,1.1279751734385712,0.6945152796,0.9272975695,1.0487113150085714,0.9036043117,0.7352891177,1.00186403834,0.9625558532314287,0.7849281182,1.029265255,1.0591462997471426,1.0541421759200003,1.228463701,1.0243551266000002,1.1390753082442857,1.372817274,1.0625243417542856,0.9885241671057142,1.323036794,1.117294521,1.461270488,1.0352609673042859,0.9437166964214285,1.225572989,1.032126486255714,0.9941615067285716,1.0629880281214283,1.171340417,0.8785709376557143,1.0000366677842858,0.6223087414,2.425631809,0.03774920926,1.680555556,1.202222222,0.3673015873,0.4505446226242857,0.0625,0.04063271605,3.585559589014286,0.07347670251,0.038673363947,-0.3910746654,-0.08971174475,-0.1843891441,-0.2727308461,-0.006168074024560002,2.0183213696,1.081718632,4.969523767,14.40748187,1.793619562,2.126285714285714,540.7730347,19.37357916,-3.6788834832285717,-1.596104066,0.2676889898,0.5020813714,-1.40387260699,-0.2043286158,0.01663654816,-0.24821750480797142,0.32700071754399995,-0.13498761280071428,8.551568232771428,16.39547969,4.983978521,9.614079702,35.07045991,24.97437738,16.50399085,21.0894968215,0.8562529472,0.2261318185,57.25170822525714,0.1626211288,4.794537184,20.759931868514283,1.9059206056857143,11.25737949,0.42280435137142863,0.7768055556,0.0,3.591622254285715,0.0,-0.0532321761,0.8197803288,0.1671880880499286,4.3,0.0,0.0,20.88421875,6.616532068714286,0.0,34.25563817,4.878658717842858,2.541721686,0.0,5.887494508,0.7151996025571428,0.0,0.0,0.0,0.049557151214285715,0.5696147554,0.0,0.0,47.26,3.91159965,1.661964758,0.0,0.0,0.8012119198542856,0.1539444827,0.0,28.47076648,0.5666666667
144.9489288,152.27942352428573,154.026755,1.626474535,153.8242828,3.4309047647714284,156.9890776,2.560657596,3.125,2.7961807550428572,2.30308642,0.00922302494,49.02064596857142,0.48069877946999995,0.018859852175714283,0.66,0.2068145203,1.6046717415428573,14.47214711,58.00176269057143,-8.048844056195716,-15.089078130157143,0.68682556727,-4.719285714285714,-0.4664934324,0.9929587712,3.04035729,1.397244298,1.9507554346857143,0.8789481886714284,0.0102,0.0,41.8666451816,6.448020180071429,0.019749238125485714,0.0,0.7868459064728571,0.3966942149,0.2785897674,1.267859783,0.656724165282857,0.4585666293,1.1348176423885719,0.8710680637,0.8395543497,1.1180255929571428,1.08409351083,1.1279751734385712,0.7873115191,0.7624971828,1.0487113150085714,1.158204334,1.15034626,1.00186403834,0.9625558532314287,0.9521608994,1.180392157,1.0591462997471426,1.0541421759200003,1.053616304,1.0243551266000002,1.1390753082442857,1.015531742,1.0625243417542856,0.9885241671057142,1.154665724,1.022088836,1.132048872,1.0352609673042859,0.9437166964214285,0.8969571366,1.032126486255714,0.9941615067285716,1.0629880281214283,1.08175675,0.8785709376557143,1.0000366677842858,1.184053394,1.028650802,0.06132231405,2.173611111,1.445555556,0.5984580499,0.4505446226242857,0.2537399219,0.120632716,3.585559589014286,0.07235142119,0.038673363947,-0.1611694183,0.03144652425,-0.1656784265,-0.02036319964,-0.006168074024560002,2.0183213696,1.185005669,12.3941942,24.98386549,2.016736872,2.126285714285714,1835.439349,22.7204304,-3.6788834832285717,-1.892690518,1.030475707,1.178498005,-1.40387260699,-0.7715673488,0.4918373914,-0.24821750480797142,0.32700071754399995,-0.13498761280071428,8.551568232771428,5.693927995,0.0,5.098681808,18.20875424,48.89504414,35.40481997,21.0894968215,0.9877364622,0.238421663,57.25170822525714,0.08104822821,0.0,20.759931868514283,1.9059206056857143,22.51475897,0.42280435137142863,2.475383677,0.0,3.591622254285715,0.0,-0.0532321761,4.31662037,0.1671880880499286,3.66,0.0,0.0,19.33156291,6.616532068714286,6.9237372,11.38785599,4.878658717842858,2.544444728,4.090610258,0.0,0.7151996025571428,0.0,0.0,0.0,0.049557151214285715,0.0,0.0,0.0,35.64,4.376036068,4.202707546,2.837897901,2.073873386,0.8012119198542856,0.1445767338,0.0,25.31690106,0.5348837209
146.9618643,152.27942352428573,157.5202936,1.592733857,158.7915527,3.4309047647714284,158.9419224,2.784348865,3.505494505,2.7961807550428572,2.599773243,0.01314508033,49.02064596857142,0.48069877946999995,0.018859852175714283,0.6696428571,0.195732824,1.6046717415428573,12.23251418,58.00176269057143,-8.048844056195716,-15.089078130157143,0.68682556727,-4.719285714285714,-0.4399134371,0.9929587708,3.048132821,1.428244122,1.9507554346857143,0.8789481886714284,0.00744,0.0,41.8666451816,6.448020180071429,0.019749238125485714,0.01674876847,0.7868459064728571,0.3656716418,0.3483851568,1.530857124,0.656724165282857,0.4430376483,1.1348176423885719,0.8964879272,0.8395543497,1.1180255929571428,1.08409351083,1.1279751734385712,0.7247474168,0.8190629294,1.0487113150085714,1.094460227,1.11473815,1.00186403834,0.9625558532314287,0.939643254,1.130461165,1.0591462997471426,1.0541421759200003,1.081434493,1.0243551266000002,1.1390753082442857,1.019410314,1.0625243417542856,0.9885241671057142,1.365447376,1.052041331,1.135000582,1.0352609673042859,0.9437166964214285,0.9360240755,1.032126486255714,0.9941615067285716,1.0629880281214283,1.066302573,0.8785709376557143,1.0000366677842858,1.050442734,0.9626202315,0.1348882767,1.979166667,1.497222222,0.4881632653,0.4505446226242857,0.3061303225,0.213132716,3.585559589014286,0.06763285024,0.038673363947,-0.462561352,-0.01666632543,-0.1447961987,-0.06814366081,-0.006168074024560002,2.0183213696,0.963135813,11.18197485,24.1830971,1.861798556,2.126285714285714,2407.559025,30.51812159,-3.6788834832285717,-2.334123543,1.002834733,1.616252822,-1.40387260699,-0.7852770218,0.2517169376,-0.24821750480797142,0.32700071754399995,-0.13498761280071428,8.551568232771428,5.693927995,15.29317186,5.098681808,24.26546827,43.32193961,29.37866196,21.0894968215,0.9431070653,0.1796605646,57.25170822525714,0.1057986651,0.0,20.759931868514283,1.9059206056857143,0.0,0.42280435137142863,2.161279031,0.0,3.591622254285715,0.0,-0.0532321761,0.0,0.1671880880499286,3.34,10.63357721,11.37477255,20.60008305,6.616532068714286,13.08951281,16.95130748,4.878658717842858,2.460728968,3.904079596,0.0,0.7151996025571428,0.0,3.457160336,0.0,0.049557151214285715,0.0,0.0,0.0,69.2,4.848711797,1.861815007,1.965102311,1.938977284,0.8012119198542856,0.09806536251,0.0,30.84234955,0.5652173913
146.9424867,152.27942352428573,161.1625392,1.379042503,160.6984583,3.4309047647714284,158.6763478,2.861821261,2.87394958,2.7961807550428572,2.346457101,0.02260006806,49.02064596857142,0.48069877946999995,0.018859852175714283,0.6637931034,0.2627614403,1.6046717415428573,12.42150231,58.00176269057143,-8.048844056195716,-15.089078130157143,0.68682556727,-4.719285714285714,-0.486881848,0.9778937848,7.008271675,0.6101352802,1.9507554346857143,0.8789481886714284,0.0167,0.0,41.8666451816,6.448020180071429,0.019749238125485714,0.03507601038,0.7868459064728571,0.3229665072,0.3125228745,1.598578088,0.656724165282857,0.4660149828,1.1348176423885719,0.6604398659,0.8395543497,1.1180255929571428,1.08409351083,1.1279751734385712,0.6517786151,0.9179178897,1.0487113150085714,0.9674438349,1.055569335,1.00186403834,0.9625558532314287,0.8809016128,1.026094276,1.0591462997471426,1.0541421759200003,1.011532353,1.0243551266000002,1.1390753082442857,1.068294492,1.0625243417542856,0.9885241671057142,0.76899515,1.09321087,0.9896290106,1.0352609673042859,0.9437166964214285,0.9912273102,1.032126486255714,0.9941615067285716,1.0629880281214283,1.085750803,0.8785709376557143,1.0000366677842858,1.053253445,0.6817933047,0.1784613815,1.701388889,1.438333333,0.5814512472,0.4505446226242857,0.3409312799,0.210632716,3.585559589014286,0.06565656566,0.038673363947,-0.5508059373,-0.08395157844,0.06763494668,-0.01934657807,-0.006168074024560002,2.0183213696,0.9710943531,8.320894015,20.08812386,1.90984869,2.126285714285714,2636.97538,28.75229065,-3.6788834832285717,-2.328037354,0.7977313507,0.603421699,-1.40387260699,-0.5658566481,0.613294332,-0.24821750480797142,0.32700071754399995,-0.13498761280071428,8.551568232771428,16.52595619,9.967957042,0.0,6.9237372,37.96448165,36.02384191,21.0894968215,0.8347820895,0.1678834944,57.25170822525714,0.08542338265,14.26826309,20.759931868514283,1.9059206056857143,33.45795484,0.42280435137142863,0.0,0.0,3.591622254285715,0.0,-0.0532321761,0.0,0.1671880880499286,6.04,14.79051451,0.0,34.196814,6.616532068714286,6.9237372,37.70453456,4.878658717842858,2.482948494,4.019216738,0.0,0.7151996025571428,0.0,2.909887469,10.94653182,0.049557151214285715,0.0,0.0,0.0,89.13,4.369701087,10.94653182,4.984528428,0.0,0.8012119198542856,0.07931626887,0.0,28.33507142,0.358490566
151.5781896,152.27942352428573,160.0685171,1.52479137,161.7134876,3.4309047647714284,168.3136364,3.878726287,3.192,2.7961807550428572,3.748263889,0.02563496816,49.02064596857142,0.48069877946999995,0.018859852175714283,0.6911764706,0.2101437256,1.6046717415428573,5.571005917,58.00176269057143,-8.048844056195716,-15.089078130157143,0.68682556727,-4.719285714285714,-0.4353723444,0.9893222081,8.007392646,1.240140882,1.9507554346857143,0.8789481886714284,0.004,6.362358859,41.8666451816,6.448020180071429,0.019749238125485714,0.03351229381,0.7868459064728571,0.3163233938,0.4844006908,1.885203501,0.656724165282857,0.4016114578,1.1348176423885719,0.6099341314,0.8395543497,1.1180255929571428,1.08409351083,1.1279751734385712,0.247714679,0.8893532722,1.0487113150085714,1.039315275,0.8776633278,1.00186403834,0.9625558532314287,0.9913126359,1.141813264,1.0591462997471426,1.0541421759200003,1.055480285,1.0243551266000002,1.1390753082442857,0.9567766419,1.0625243417542856,0.9885241671057142,0.8575438436,0.9125695094,1.13131668,1.0352609673042859,0.9437166964214285,1.09708339,1.032126486255714,0.9941615067285716,1.0629880281214283,0.9533945663,0.8785709376557143,1.0000366677842858,0.6704795608,0.4181185954,0.3266993164,2.104166667,2.237777778,0.6940136054,0.4505446226242857,0.4061712648,0.3187654321,3.585559589014286,0.06464646465,0.038673363947,-0.6570422121,0.01376135733,-0.1489606516,-0.1636895066,-0.006168074024560002,2.0183213696,0.8358149501,11.76696401,23.81549845,1.248830869,2.126285714285714,2824.319126,35.66923115,-3.6788834832285717,-2.499649374,1.778319235,2.017839804,-1.40387260699,-1.18554222,0.215966058,-0.24821750480797142,0.32700071754399995,-0.13498761280071428,8.551568232771428,12.16293986,14.98529578,5.425791397,24.27512131,37.26522558,17.46698741,21.0894968215,0.8884546629,0.1332620998,57.25170822525714,0.189097092,17.9081081,20.759931868514283,1.9059206056857143,17.13736782,0.42280435137142863,0.0,0.0,3.591622254285715,0.0,-0.0532321761,6.972474923,0.1671880880499286,3.31,15.47944295,18.85863142,32.66174231,6.616532068714286,13.08951281,17.21226049,4.878658717842858,2.479730606,1.889937692,0.0,0.7151996025571428,0.0,2.965781106,4.116513985,0.049557151214285715,0.0,1.63899863,-4.792018266,92.53,4.635891784,42.36489577,2.017532804,0.0,0.8012119198542856,0.08066422057,0.0,35.54195691,0.5384615385
145.60484,152.27942352428573,154.1595662,1.538811367,161.8925309,3.4309047647714284,155.3754612,2.602191641,2.464,2.7961807550428572,2.061155914,0.007248248358,49.02064596857142,0.48069877946999995,0.018859852175714283,0.6354166667,0.242249822,1.6046717415428573,17.18903592,58.00176269057143,-8.048844056195716,-15.089078130157143,0.68682556727,-4.719285714285714,-0.4349769101,0.9916128073,3.045311096,1.13463711,1.9507554346857143,0.8789481886714284,0.0156,0.0,41.8666451816,6.448020180071429,0.019749238125485714,0.0,0.7868459064728571,0.3362068966,0.271436375,1.176742693,0.656724165282857,0.4426860565,1.1348176423885719,0.9064493229,0.8395543497,1.1180255929571428,1.08409351083,1.1279751734385712,0.7041778331,0.7879547701,1.0487113150085714,1.193663503,1.049430623,1.00186403834,0.9625558532314287,1.123018354,1.050603217,1.0591462997471426,1.0541421759200003,0.9243572805,1.0243551266000002,1.1390753082442857,1.218046396,1.0625243417542856,0.9885241671057142,1.281947009,1.406492117,1.409838788,1.0352609673042859,0.9437166964214285,0.9151172879,1.032126486255714,0.9941615067285716,1.0629880281214283,1.257449802,0.8785709376557143,1.0000366677842858,1.007787156,1.262047665,0.0,2.770833333,1.798333333,0.7348752834,0.4505446226242857,0.2582514487,0.046875,3.585559589014286,0.07588075881,0.038673363947,-0.1438069726,0.01618676303,-0.1677671786,-0.1210053253,-0.006168074024560002,2.0183213696,1.309727891,7.015426052,16.54069007,1.844847411,2.126285714285714,1415.056178,17.66740671,-3.6788834832285717,-2.081039551,0.8665368331,0.7582811471,-1.40387260699,-0.4255905211,-0.2904327176,-0.24821750480797142,0.32700071754399995,-0.13498761280071428,8.551568232771428,5.693927995,0.0,5.098681808,26.83757867,42.16764743,36.11372908,21.0894968215,0.9488148711,0.1950841067,57.25170822525714,0.08667826669,0.0,20.759931868514283,1.9059206056857143,22.51475897,0.42280435137142863,0.0,0.0,3.591622254285715,0.0,-0.0532321761,0.0,0.1671880880499286,4.18,0.0,0.0,19.74844179,6.616532068714286,12.33872767,38.07697363,4.878658717842858,2.596847574,8.948709871,0.0,0.7151996025571428,0.0,0.0,0.0,0.049557151214285715,0.436781935,0.0,0.2109888747,43.6,4.055144593,2.180332577,9.886605988,0.0,0.8012119198542856,0.4665289338,0.1020620726,26.09929743,0.4347826087
145.9770422,152.27942352428573,152.7827526,1.715241105,154.3128004,3.4309047647714284,160.905854,2.532462522,3.388888889,2.7961807550428572,2.599432766,0.01190044546,49.02064596857142,0.48069877946999995,0.018859852175714283,0.6532258065,0.2304076644,1.6046717415428573,15.71306515,58.00176269057143,-8.048844056195716,-15.089078130157143,0.68682556727,-4.719285714285714,-0.3836350842,0.9925445055,3.057287729,0.6049842514,1.9507554346857143,0.8789481886714284,0.00148,0.0,41.8666451816,6.448020180071429,0.019749238125485714,0.01518817204,0.7868459064728571,0.3544857768,0.3868399348,1.630287458,0.656724165282857,0.4882031345,1.1348176423885719,0.8937935067,0.8395543497,1.1180255929571428,1.08409351083,1.1279751734385712,0.8251203022,0.7802333168,1.0487113150085714,1.24724257,1.13147054,1.00186403834,0.9625558532314287,1.006014742,1.009327251,1.0591462997471426,1.0541421759200003,1.369558595,1.0243551266000002,1.1390753082442857,0.8279600872,1.0625243417542856,0.9885241671057142,1.482560055,0.9127065254,0.9834839684,1.0352609673042859,0.9437166964214285,1.378936789,1.032126486255714,0.9941615067285716,1.0629880281214283,1.110295051,0.8785709376557143,1.0000366677842858,1.017725006,0.9781196409,0.2275257627,2.041666667,1.908888889,0.614829932,0.4505446226242857,0.3699058327,0.284691358,3.585559589014286,0.07555555556,0.038673363947,-0.5428470777,0.1449637136,-0.04421719233,0.1551323848,-0.006168074024560002,2.0183213696,1.309247823,9.823552408,23.86358443,1.996709352,2.126285714285714,2357.452536,26.28547732,-3.6788834832285717,-2.772526122,-0.1580163283,1.161492086,-1.40387260699,-0.4893930086,0.3046546448,-0.24821750480797142,0.32700071754399995,-0.13498761280071428,8.551568232771428,12.03246336,14.98529578,5.425791397,41.67827426,55.67032032,24.01174382,21.0894968215,0.9186554403,0.1656097579,57.25170822525714,0.1023880699,0.0,20.759931868514283,1.9059206056857143,11.38785599,0.42280435137142863,0.0,0.0,3.591622254285715,0.0,-0.0532321761,7.582958613,0.1671880880499286,4.87,10.74258,5.13155848,21.31540493,6.616532068714286,26.93698721,27.26142966,4.878658717842858,2.479665346,6.299471727,0.0,0.7151996025571428,0.0,3.520952381,0.0,0.049557151214285715,0.0,1.783445302,0.0,67.51,4.592143098,0.0,7.024931908,0.0,0.8012119198542856,0.2378043927,0.0,31.40358503,0.5283018868
150.9427908,152.27942352428573,157.2124529,1.674972571,157.902168,3.4309047647714284,164.0365947,4.030435528,3.464285714,2.7961807550428572,3.395661866,0.02251122592,49.02064596857142,0.48069877946999995,0.018859852175714283,0.6785714286,0.1881080167,1.6046717415428573,4.019992311,58.00176269057143,-8.048844056195716,-15.089078130157143,0.68682556727,-4.719285714285714,-0.4379787028,0.9778299974,8.00739318,1.197957711,1.9507554346857143,0.8789481886714284,0.000497,6.362358859,41.8666451816,6.448020180071429,0.019749238125485714,0.01680650038,0.7868459064728571,0.3246791132,0.5163689278,1.883170904,0.656724165282857,0.4031347679,1.1348176423885719,0.6061565275,0.8395543497,1.1180255929571428,1.08409351083,1.1279751734385712,0.2384997173,0.8436156063,1.0487113150085714,0.996266713,0.8780101768,1.00186403834,0.9625558532314287,0.9864553424,1.043636752,1.0591462997471426,1.0541421759200003,1.035699166,1.0243551266000002,1.1390753082442857,1.085654069,1.0625243417542856,0.9885241671057142,0.7110347005,1.019328442,1.014887846,1.0352609673042859,0.9437166964214285,1.011510222,1.032126486255714,0.9941615067285716,1.0629880281214283,1.124957332,0.8785709376557143,1.0000366677842858,0.8504615132,0.558354706,0.2626303438,2.479166667,2.282777778,0.9380952381,0.4505446226242857,0.4469875913,0.324691358,3.585559589014286,0.06237816764,0.038673363947,-0.6489870991,-0.1137738129,-0.02080542731,-0.1026807519,-0.006168074024560002,2.0183213696,0.8179913762,11.91980475,24.4497476,1.200842523,2.126285714285714,2654.849616,35.29887123,-3.6788834832285717,-2.237155556,1.785412797,1.587005082,-1.40387260699,-1.543130765,0.5864370347,-0.24821750480797142,0.32700071754399995,-0.13498761280071428,8.551568232771428,17.7707599,14.18117935,10.19736362,12.13273414,61.10326455,35.40481997,21.0894968215,0.9302827335,0.1494514387,57.25170822525714,0.2109235208,17.9081081,20.759931868514283,1.9059206056857143,28.26427081,0.42280435137142863,0.6533171805,0.0,3.591622254285715,5.49681444,-0.0532321761,0.0,0.1671880880499286,3.97,10.05365156,18.85863142,40.83731723,6.616532068714286,6.9237372,5.693927995,4.878658717842858,2.489564699,1.879582156,0.0,0.7151996025571428,0.0,2.902408037,3.981229457,0.049557151214285715,0.0,0.0,-4.794439428,82.16,4.6862198,44.79141315,1.879582156,0.0,0.8012119198542856,0.1048899075,0.0,36.1090115,0.5490196078
145.4836216,152.27942352428573,155.8669565,1.583004036,152.7340905,3.4309047647714284,158.146255,2.85955711,2.822368421,2.7961807550428572,2.29222973,0.01738286914,49.02064596857142,0.48069877946999995,0.018859852175714283,0.6637931034,0.2166457319,1.6046717415428573,19.87004998,58.00176269057143,-8.048844056195716,-15.089078130157143,0.68682556727,-4.719285714285714,-0.5291147373,0.9872002708,3.514920505,1.343178184,1.9507554346857143,0.8789481886714284,0.00793,0.0,41.8666451816,6.448020180071429,0.019749238125485714,0.0,0.7868459064728571,0.392251816,0.2226911869,1.176135065,0.656724165282857,0.4236540159,1.1348176423885719,0.7779949468,0.8395543497,1.1180255929571428,1.08409351083,1.1279751734385712,0.9801712653,0.7380351429,1.0487113150085714,1.148648649,1.060526546,1.00186403834,0.9625558532314287,0.8313563363,1.286795627,1.0591462997471426,1.0541421759200003,1.043732762,1.0243551266000002,1.1390753082442857,1.112929932,1.0625243417542856,0.9885241671057142,1.30874455,1.212369947,1.351076108,1.0352609673042859,0.9437166964214285,0.8580738001,1.032126486255714,0.9941615067285716,1.0629880281214283,1.198164944,0.8785709376557143,1.0000366677842858,0.9587722788,1.071057233,0.08601367207,2.506944444,2.09,0.8932426304,0.4505446226242857,0.3597962333,0.183132716,3.585559589014286,0.06018518519,0.038673363947,-0.2158740108,0.06392882127,-0.2561188394,-0.06898125265,-0.006168074024560002,2.0183213696,1.244145592,9.744957246,26.52295334,1.836319444,2.126285714285714,2371.060659,15.35324435,-3.6788834832285717,-2.3818119,1.408401666,1.74016382,-1.40387260699,-0.8567569509,0.2017356667,-0.24821750480797142,0.32700071754399995,-0.13498761280071428,8.551568232771428,17.19295166,0.0,5.098681808,6.066367068,37.96448165,47.38909309,21.0894968215,0.926242235,0.2293735799,57.25170822525714,0.0610145464,9.473725908,20.759931868514283,1.9059206056857143,34.01378264,0.42280435137142863,1.798334646,0.0,3.591622254285715,0.0,-0.0532321761,0.0,0.1671880880499286,4.59,9.473725908,0.0,33.96803687,6.616532068714286,6.9237372,17.80867761,4.878658717842858,2.5666259,5.33047856,0.0,0.7151996025571428,0.0,0.0,11.15906491,0.049557151214285715,0.0,0.0,0.0,62.06,4.588869829,13.28103061,2.936712237,3.326427968,0.8012119198542856,0.1401266307,0.0,28.54971258,0.4705882353
147.9372851,152.27942352428573,159.4982643,1.482232951,159.107875,3.4309047647714284,157.7358788,2.787111409,3.034090909,2.7961807550428572,2.436225551,0.02485824717,49.02064596857142,0.48069877946999995,0.018859852175714283,0.6770833333,0.2475140301,1.6046717415428573,11.3877551,58.00176269057143,-8.048844056195716,-15.089078130157143,0.68682556727,-4.719285714285714,-0.4868700299,0.9878153998,4.004860439,0.610137334,1.9507554346857143,0.8789481886714284,0.0811,0.0,41.8666451816,6.448020180071429,0.019749238125485714,0.06018518519,0.7868459064728571,0.3448275862,0.338122589,1.558863878,0.656724165282857,0.5072862129,1.1348176423885719,1.092531525,0.8395543497,1.1180255929571428,1.08409351083,1.1279751734385712,0.9341221214,0.8513152668,1.0487113150085714,0.967032241,1.009206925,1.00186403834,0.9625558532314287,0.8802018891,1.038242894,1.0591462997471426,1.0541421759200003,1.070018579,1.0243551266000002,1.1390753082442857,1.055174007,1.0625243417542856,0.9885241671057142,1.154968778,1.316790417,1.208761749,1.0352609673042859,0.9437166964214285,0.8585227914,1.032126486255714,0.9941615067285716,1.0629880281214283,1.241553013,0.8785709376557143,1.0000366677842858,1.125399927,0.9212616999,0.05234567901,1.451388889,1.358333333,0.5814512472,0.4505446226242857,0.2109158478,0.150632716,3.585559589014286,0.06432748538,0.038673363947,-0.5132570142,0.1042256118,-0.08982325155,-0.03261636887,-0.006168074024560002,2.0183213696,1.00796438,6.09278728,17.1366556,1.9255391,2.126285714285714,2307.396229,24.71660672,-3.6788834832285717,-2.246143458,0.6356449582,0.2445683936,-1.40387260699,-0.6403483629,0.5452612505,-0.24821750480797142,0.32700071754399995,-0.13498761280071428,8.551568232771428,16.52595619,9.967957042,0.0,0.0,38.08841643,23.05826388,21.0894968215,0.8216438426,0.1970030474,57.25170822525714,0.1002401502,9.473725908,20.759931868514283,1.9059206056857143,33.45795484,0.42280435137142863,0.0,0.0,3.591622254285715,0.0,-0.0532321761,0.0,0.1671880880499286,4.89,15.20739338,0.0,28.28963427,6.616532068714286,6.9237372,17.93915412,4.878658717842858,2.48268941,1.988328908,0.0,0.7151996025571428,0.0,0.0,10.88954096,0.049557151214285715,0.0,0.0,0.0,86.05,4.323768632,10.88954096,2.898840486,0.0,0.8012119198542856,0.07931626887,0.0,27.04056386,0.4523809524
149.0744103,152.27942352428573,158.5566781,1.66347221,157.7870569,3.4309047647714284,159.5676304,3.226015947,3.465346535,2.7961807550428572,3.052037037,0.01366148945,49.02064596857142,0.48069877946999995,0.018859852175714283,0.6693548387,0.1834415511,1.6046717415428573,8.349932096,58.00176269057143,-8.048844056195716,-15.089078130157143,0.68682556727,-4.719285714285714,-0.4158683429,0.9779547335,8.001919365,1.197963927,1.9507554346857143,0.8789481886714284,0.00332,0.0,41.8666451816,6.448020180071429,0.019749238125485714,0.01671466974,0.7868459064728571,0.3552505586,0.473032887,1.498422711,0.656724165282857,0.4495960808,1.1348176423885719,0.5759313814,0.8395543497,1.1180255929571428,1.08409351083,1.1279751734385712,0.5973396208,0.8611268577,1.0487113150085714,1.022153181,1.121386892,1.00186403834,0.9625558532314287,0.9521990572,1.025767584,1.0591462997471426,1.0541421759200003,0.9945472249,1.0243551266000002,1.1390753082442857,0.9141964017,1.0625243417542856,0.9885241671057142,1.102311023,1.087558816,1.075591569,1.0352609673042859,0.9437166964214285,1.170653136,1.032126486255714,0.9941615067285716,1.0629880281214283,1.106243265,0.8785709376557143,1.0000366677842858,0.8994228969,0.4771771205,0.2026303438,1.729166667,2.082777778,0.734829932,0.4505446226242857,0.3361048123,0.2365740741,3.585559589014286,0.07111111111,0.038673363947,-0.4631945484,0.08028097411,-0.07711301051,-0.02817323477,-0.006168074024560002,2.0183213696,0.911702137,11.99634369,24.65421357,1.370377734,2.126285714285714,1902.220223,28.09645136,-3.6788834832285717,-1.954801563,1.232595694,1.567388682,-1.40387260699,-1.074154639,0.3320564805,-0.24821750480797142,0.32700071754399995,-0.13498761280071428,8.551568232771428,17.83846891,18.5715944,10.19736362,6.066367068,73.23599868,29.3384529,21.0894968215,0.8728876002,0.155718815,57.25170822525714,0.09316242322,4.390415048,20.759931868514283,1.9059206056857143,22.51475897,0.42280435137142863,0.722606603,0.0,3.591622254285715,5.545981618,-0.0532321761,0.0,0.1671880880499286,3.78,5.316788604,10.07780132,34.47495837,6.616532068714286,12.74095804,5.693927995,4.878658717842858,2.489223894,1.933676692,0.0,0.7151996025571428,0.0,3.084142731,0.0,0.049557151214285715,0.0,0.0,0.0,72.93,4.609166181,16.48094531,1.933676692,0.0,0.8012119198542856,0.1048899075,0.0,29.83951586,0.5957446809
144.8037892,152.27942352428573,159.4494881,1.38956811,156.2600774,3.4309047647714284,154.6625296,2.680354267,2.922077922,2.7961807550428572,2.268205706,0.01406520877,49.02064596857142,0.48069877946999995,0.018859852175714283,0.6693548387,0.2460482597,1.6046717415428573,11.66942149,58.00176269057143,-8.048844056195716,-15.089078130157143,0.68682556727,-4.719285714285714,-0.5217570929,1.734393689,3.51166118,1.243178376,1.9507554346857143,0.8789481886714284,0.00705,0.0,41.8666451816,6.448020180071429,0.019749238125485714,0.0,0.7868459064728571,0.3318284424,0.2562488093,1.17760212,0.656724165282857,0.4894932015,1.1348176423885719,0.7338246099,0.8395543497,1.1180255929571428,1.08409351083,1.1279751734385712,1.061417384,0.9417924409,1.0487113150085714,1.087826701,1.093894804,1.00186403834,0.9625558532314287,0.8531650172,1.137486993,1.0591462997471426,1.0541421759200003,0.9355624273,1.0243551266000002,1.1390753082442857,1.056256401,1.0625243417542856,0.9885241671057142,1.107194438,1.272791024,1.167676911,1.0352609673042859,0.9437166964214285,0.8428255809,1.032126486255714,0.9941615067285716,1.0629880281214283,1.180294578,0.8785709376557143,1.0000366677842858,0.9829969498,0.9146064745,0.1044750536,1.604166667,1.752777778,0.5030839002,0.4505446226242857,0.2060893802,0.121882716,3.585559589014286,0.05664488017,0.038673363947,-0.2202924921,0.06729999568,-0.09957887893,-0.0833328188,-0.006168074024560002,2.0183213696,1.276694547,20.90545082,33.07099305,1.824670229,2.126285714285714,3050.177044,30.39169732,-3.6788834832285717,-3.03006104,2.417834987,1.734753448,-1.40387260699,-0.4190460542,-0.1278071877,-0.24821750480797142,0.32700071754399995,-0.13498761280071428,8.551568232771428,18.05032179,0.0,5.098681808,6.066367068,67.64494039,42.18892921,21.0894968215,0.9315595801,0.2300667737,57.25170822525714,0.05610841425,9.473725908,20.759931868514283,1.9059206056857143,28.26427081,0.42280435137142863,2.026949641,0.0,3.591622254285715,0.0,-0.0532321761,0.0,0.1671880880499286,4.65,4.736862954,0.0,39.0661721,6.616532068714286,0.0,24.95639286,4.878658717842858,2.554419443,0.0,0.0,0.7151996025571428,0.0,0.0,11.79653889,0.049557151214285715,0.1933021637,0.0,0.0,62.06,4.433858685,13.93879321,2.375280102,0.0,0.8012119198542856,0.130682846,0.0,29.99511672,0.5636363636
146.4265994,152.27942352428573,154.9726588,1.697955764,155.0153376,3.4309047647714284,156.489545,4.196933493,3.14516129,2.7961807550428572,4.095568783,0.04216799896,49.02064596857142,0.48069877946999995,0.018859852175714283,0.6956521739,0.2092316713,1.6046717415428573,8.123702422,58.00176269057143,-8.048844056195716,-15.089078130157143,0.68682556727,-4.719285714285714,-0.48687096,0.9729446467,7.008293415,0.610138462,1.9507554346857143,0.8789481886714284,0.0531,5.969305288,41.8666451816,6.448020180071429,0.019749238125485714,0.04776811594,0.7868459064728571,0.4141104294,0.4616410832,1.526176318,0.656724165282857,0.4876832297,1.1348176423885719,0.7848951028,0.8395543497,1.1180255929571428,1.08409351083,1.1279751734385712,0.4956593986,0.7458280817,1.0487113150085714,1.053727708,1.019702217,1.00186403834,0.9625558532314287,0.9853048718,0.9917437252,1.0591462997471426,1.0541421759200003,1.194658769,1.0243551266000002,1.1390753082442857,0.8307879349,1.0625243417542856,0.9885241671057142,0.886477388,1.183342566,1.050279895,1.0352609673042859,0.9437166964214285,1.304429863,1.032126486255714,0.9941615067285716,1.0629880281214283,1.19441,0.8785709376557143,1.0000366677842858,0.9586397897,1.307816392,0.02,1.451388889,1.483333333,0.5927891156,0.4505446226242857,0.1993024061,0.105007716,3.585559589014286,0.07602339181,0.038673363947,-0.5635375359,0.01304467063,0.0067845835,-0.1888585747,-0.006168074024560002,2.0183213696,0.862510813,2.697679302,13.02227314,1.7875274,2.126285714285714,1768.837135,23.18977142,-3.6788834832285717,-1.86176707,0.6998647196,0.996805863,-1.40387260699,-0.6308522726,0.4752943115,-0.24821750480797142,0.32700071754399995,-0.13498761280071428,8.551568232771428,10.70155169,14.76249423,0.0,0.0,25.12283841,16.63744226,21.0894968215,0.6311729364,0.1808867153,57.25170822525714,0.1413325737,19.37479049,20.759931868514283,1.9059206056857143,33.45795484,0.42280435137142863,0.0,0.0,3.591622254285715,0.0,-0.0532321761,0.0,0.1671880880499286,3.93,9.473725908,0.0,32.82071055,6.616532068714286,6.9237372,16.31286968,4.878658717842858,2.489068717,1.879969717,0.0,0.7151996025571428,9.221046443,0.0,10.67718928,0.049557151214285715,0.0,0.0,0.0,97.33,4.330861325,10.67718928,2.06119077,0.0,0.8012119198542856,0.08952247613,0.0,29.11802345,0.5588235294
144.3858134,152.27942352428573,157.5543824,1.506078082,158.6791883,3.4309047647714284,153.7535254,2.971698113,2.868421053,2.7961807550428572,2.634990253,0.0142407383,49.02064596857142,0.48069877946999995,0.018859852175714283,0.6293103448,0.1812130415,1.6046717415428573,9.673469388,58.00176269057143,-8.048844056195716,-15.089078130157143,0.68682556727,-4.719285714285714,-0.4915767511,0.992525869,8.001918986,1.435689019,1.9507554346857143,0.8789481886714284,0.000456,0.0,41.8666451816,6.448020180071429,0.019749238125485714,0.01687465791,0.7868459064728571,0.3256374914,0.3901285414,1.41248291,0.656724165282857,0.4585167736,1.1348176423885719,0.6141812134,0.8395543497,1.1180255929571428,1.08409351083,1.1279751734385712,0.5960821078,0.932071799,1.0487113150085714,1.087912088,1.168978962,1.00186403834,0.9625558532314287,0.9844447674,1.113484646,1.0591462997471426,1.0541421759200003,0.9822351461,1.0243551266000002,1.1390753082442857,1.036799426,1.0625243417542856,0.9885241671057142,1.207780186,1.212938005,1.206670519,1.0352609673042859,0.9437166964214285,0.9136545206,1.032126486255714,0.9941615067285716,1.0629880281214283,1.1637736,0.8785709376557143,1.0000366677842858,0.9759227132,0.9133929333,0.1443730232,1.6875,1.48,0.7069387755,0.4505446226242857,0.3114134543,0.18375,3.585559589014286,0.06060606061,0.038673363947,-0.431836192,0.03828639845,-0.09946923943,-0.02535826295,-0.006168074024560002,2.0183213696,1.04191935,15.06316447,25.56795761,1.419216367,2.126285714285714,2092.027564,25.83015668,-3.6788834832285717,-2.340465476,1.428908591,2.013590133,-1.40387260699,-0.67071751,-0.03649349186,-0.24821750480797142,0.32700071754399995,-0.13498761280071428,8.551568232771428,17.26066067,9.374393569,0.0,12.13273414,74.00822951,29.33191118,21.0894968215,0.8908828199,0.2289126456,57.25170822525714,0.08378473698,9.127278001,20.759931868514283,1.9059206056857143,22.88687966,0.42280435137142863,0.0,0.0,3.591622254285715,0.0,-0.0532321761,0.0,0.1671880880499286,5.68,10.05365156,15.7651876,9.967957042,6.616532068714286,19.66469524,11.25737949,4.878658717842858,2.415358586,3.974897958,0.0,0.7151996025571428,0.0,3.249459114,6.194725109,0.049557151214285715,0.0,0.0,0.0,47.04,4.386276537,19.30652932,3.974897958,0.0,0.8012119198542856,0.09215963608,0.0,31.93042219,0.5306122449
146.4786784,152.27942352428573,154.9258029,1.557021405,167.4756083,3.4309047647714284,161.1118053,3.194271374,2.981818182,2.7961807550428572,2.612372517,0.01974486039,49.02064596857142,0.48069877946999995,0.018859852175714283,0.6583333333,0.2509168625,1.6046717415428573,12.15770737,58.00176269057143,-8.048844056195716,-15.089078130157143,0.68682556727,-4.719285714285714,-0.4778197801,0.9777854316,7.008274308,0.6094207349,1.9507554346857143,0.8789481886714284,0.00172,6.093240071,41.8666451816,6.448020180071429,0.019749238125485714,0.03347222222,0.7868459064728571,0.3033707865,0.3756908884,1.777307116,0.656724165282857,0.4937978266,1.1348176423885719,0.7100039468,0.8395543497,1.1180255929571428,1.08409351083,1.1279751734385712,0.5318507191,0.7658417608,1.0487113150085714,0.7378952708,0.9598077313,1.00186403834,0.9625558532314287,1.223185911,0.7211207799,1.0591462997471426,1.0541421759200003,0.6357983775,1.0243551266000002,1.1390753082442857,1.074761265,1.0625243417542856,0.9885241671057142,1.389506005,0.9501656845,1.410188061,1.0352609673042859,0.9437166964214285,1.274371298,1.032126486255714,0.9941615067285716,1.0629880281214283,1.047131581,0.8785709376557143,1.0000366677842858,1.082393807,0.7645973939,0.2678318539,1.701388889,1.918333333,0.6778231293,0.4505446226242857,0.321255354,0.3393981481,3.585559589014286,0.06944444444,0.038673363947,-0.7043564232,0.2594842893,-0.3917105449,-0.02159633307,-0.006168074024560002,2.0183213696,1.003390892,3.993947608,16.13367148,1.838342789,2.126285714285714,2919.336561,30.59614153,-3.6788834832285717,-2.799239051,0.258409117,1.108981639,-1.40387260699,-0.6992319461,0.7726226041,-0.24821750480797142,0.32700071754399995,-0.13498761280071428,8.551568232771428,16.52595619,19.74647275,0.0,26.83757867,24.47146181,16.63744226,21.0894968215,0.863722593,0.1729008324,57.25170822525714,0.1567368034,9.531400138,20.759931868514283,1.9059206056857143,21.95893118,0.42280435137142863,2.076106145,0.0,3.591622254285715,0.0,-0.0532321761,0.0,0.1671880880499286,6.49,5.316788604,4.794537184,32.63603612,6.616532068714286,12.33872767,32.28954409,4.878658717842858,2.483445175,8.007290123,0.0,0.7151996025571428,0.0,2.765861993,5.269591032,0.049557151214285715,0.0,0.0,-0.08298018775,92.79,4.409015629,6.374963598,8.594471583,0.0,0.8012119198542856,0.1110709264,0.0,33.57645115,0.358490566
143.8137918,152.27942352428573,153.9889948,1.601621314,156.88388,3.4309047647714284,154.1877092,3.061173533,3.136363636,2.7961807550428572,3.085600907,0.01271820306,49.02064596857142,0.48069877946999995,0.018859852175714283,0.6296296296,0.1780669637,1.6046717415428573,8.650621958,58.00176269057143,-8.048844056195716,-15.089078130157143,0.68682556727,-4.719285714285714,-0.3857259184,0.9729411994,8.001919505,1.432397289,1.9507554346857143,0.8789481886714284,0.00578,0.0,41.8666451816,6.448020180071429,0.019749238125485714,0.01836104812,0.7868459064728571,0.3510401189,0.4346680611,1.379699805,0.656724165282857,0.4500194626,1.1348176423885719,0.5393116736,0.8395543497,1.1180255929571428,1.08409351083,1.1279751734385712,0.5846769149,0.9026143538,1.0487113150085714,1.173558601,1.151677027,1.00186403834,0.9625558532314287,1.006587194,0.9310534228,1.0591462997471426,1.0541421759200003,1.02193541,1.0243551266000002,1.1390753082442857,0.9249283001,1.0625243417542856,0.9885241671057142,0.9563027756,1.259068149,0.8505520433,1.0352609673042859,0.9437166964214285,0.4636616931,1.032126486255714,0.9941615067285716,1.0629880281214283,1.182860186,0.8785709376557143,1.0000366677842858,1.001291619,0.8829066344,0.1363126212,1.409722222,1.465555556,0.4570521542,0.4505446226242857,0.3567806752,0.275,3.585559589014286,0.07936507937,0.038673363947,-0.4833355777,-0.03882586022,0.08125012204,0.08860061291,-0.006168074024560002,2.0183213696,0.9337325208,14.19850435,27.927141,1.418322974,2.126285714285714,1753.350222,24.19727328,-3.6788834832285717,-1.88839001,1.153717328,1.356030399,-1.40387260699,-0.716194481,0.2989944241,-0.24821750480797142,0.32700071754399995,-0.13498761280071428,8.551568232771428,11.64162534,9.374393569,0.0,24.26546827,43.32193961,34.64749311,21.0894968215,0.7931762919,0.1923152733,57.25170822525714,0.09584756743,9.184952232,20.759931868514283,1.9059206056857143,33.90261496,0.42280435137142863,0.0,0.0,3.591622254285715,0.0,-0.0532321761,0.0,0.1671880880499286,5.86,0.0,4.390415048,20.73518051,6.616532068714286,5.817220841,17.28172588,4.878658717842858,2.475845804,1.537779396,0.0,0.7151996025571428,0.0,0.0,0.0,0.049557151214285715,0.0,0.0,0.0,58.64,4.356319718,13.33507704,1.537779396,0.0,0.8012119198542856,0.1060972487,0.0,32.63405351,0.5348837209
148.829875,152.27942352428573,159.3485211,1.57952162,160.2431936,3.4309047647714284,161.4494405,2.909484805,3.207207207,2.7961807550428572,2.694294618,0.01605308889,49.02064596857142,0.48069877946999995,0.018859852175714283,0.6833333333,0.211579616,1.6046717415428573,8.715277778,58.00176269057143,-8.048844056195716,-15.089078130157143,0.68682556727,-4.719285714285714,-0.3832817955,0.9929414619,3.057285826,1.304727454,1.9507554346857143,0.8789481886714284,0.0106,0.0,41.8666451816,6.448020180071429,0.019749238125485714,0.03226190476,0.7868459064728571,0.3375984252,0.440543788,1.597480027,0.656724165282857,0.5144859286,1.1348176423885719,0.8845713701,0.8395543497,1.1180255929571428,1.08409351083,1.1279751734385712,0.8109847473,0.8696137268,1.0487113150085714,1.054281988,1.126989842,1.00186403834,0.9625558532314287,0.9837412122,1.056209518,1.0591462997471426,1.0541421759200003,1.03391428,1.0243551266000002,1.1390753082442857,0.9356012687,1.0625243417542856,0.9885241671057142,1.232712324,0.9874856487,1.028405848,1.0352609673042859,0.9437166964214285,1.239045997,1.032126486255714,0.9941615067285716,1.0629880281214283,0.9697838481,0.8785709376557143,1.0000366677842858,1.071249314,0.8959947737,0.2026303438,1.479166667,1.797777778,0.5723809524,0.4505446226242857,0.2590230537,0.211882716,3.585559589014286,0.06481481481,0.038673363947,-0.5111398772,0.1340426436,0.02173601105,-0.08652583659,-0.006168074024560002,2.0183213696,0.9690885496,11.91630315,24.29046293,1.854054634,2.126285714285714,2098.701255,29.18215291,-3.6788834832285717,-2.261161064,0.7366731661,1.265395249,-1.40387260699,-0.9039505407,0.05375859869,-0.24821750480797142,0.32700071754399995,-0.13498761280071428,8.551568232771428,12.16293986,14.98529578,5.425791397,23.74332707,49.39795972,28.177007,21.0894968215,0.8924841645,0.164104639,57.25170822525714,0.09597465705,0.0,20.759931868514283,1.9059206056857143,11.38785599,0.42280435137142863,0.0,0.0,3.591622254285715,0.0,-0.0532321761,7.383275726,0.1671880880499286,3.35,10.74258,5.687386275,26.29938345,6.616532068714286,13.08951281,17.21226049,4.878658717842858,2.478903901,1.976199814,5.969801387,0.7151996025571428,0.0,3.368157649,0.0,0.049557151214285715,0.0,1.739185567,0.0,83.3,4.498947703,0.0,2.509947609,0.0,0.8012119198542856,0.06365387513,0.0,28.71083985,0.5833333333
145.5551487,152.27942352428573,152.4355627,1.639571811,155.3217247,3.4309047647714284,156.7675134,3.461835749,3.044247788,2.7961807550428572,3.52359882,0.02287544598,49.02064596857142,0.48069877946999995,0.018859852175714283,0.6416666667,0.1810800126,1.6046717415428573,15.6875,58.00176269057143,-8.048844056195716,-15.089078130157143,0.68682556727,-4.719285714285714,-0.5283489169,0.9113276882,7.008281928,1.400027586,1.9507554346857143,0.8789481886714284,0.00851,0.0,41.8666451816,6.448020180071429,0.019749238125485714,0.01709677419,0.7868459064728571,0.3475177305,0.3900871851,1.289780278,0.656724165282857,0.46619621,1.1348176423885719,0.5446483392,0.8395543497,1.1180255929571428,1.08409351083,1.1279751734385712,0.6674434426,0.7687019084,1.0487113150085714,1.306474314,0.9366525134,1.00186403834,0.9625558532314287,0.943808923,1.155491699,1.0591462997471426,1.0541421759200003,1.09913052,1.0243551266000002,1.1390753082442857,1.144442114,1.0625243417542856,0.9885241671057142,0.8519256626,1.197901049,0.9123650423,1.0352609673042859,0.9437166964214285,0.7408240169,1.032126486255714,0.9941615067285716,1.0629880281214283,0.9735924125,0.8785709376557143,1.0000366677842858,1.010588099,1.034022137,0.1279461279,2.291666667,2.176666667,0.7518367347,0.4505446226242857,0.4270754598,0.230625,3.585559589014286,0.07729468599,0.038673363947,-0.328286221,-0.1350005344,0.009219788951,0.1080247527,-0.006168074024560002,2.0183213696,0.6684704376,13.54639888,26.39880165,1.665810085,2.126285714285714,2259.370404,26.84622834,-3.6788834832285717,-2.307493793,0.9549070829,1.958382602,-1.40387260699,-0.5888906486,0.08387734908,-0.24821750480797142,0.32700071754399995,-0.13498761280071428,8.551568232771428,0.0,4.681802935,5.261891555,12.13273414,54.09438804,6.196843572,21.0894968215,0.8708884813,0.1911998925,57.25170822525714,0.1083494866,9.473725908,20.759931868514283,1.9059206056857143,45.77039023,0.42280435137142863,0.0,0.0,3.591622254285715,0.0,-0.0532321761,0.0,0.1671880880499286,4.22,15.0329928,0.0,28.98405835,6.616532068714286,11.33111287,5.563451492,4.878658717842858,2.522733116,3.109596788,0.0,0.7151996025571428,0.0,0.0,10.72422445,0.049557151214285715,0.0,0.0,0.0,92.93,4.446991436,12.16590032,0.0,3.109596788,0.8012119198542856,0.1079403259,0.0,32.29197377,0.4791666667
144.7216271,152.27942352428573,155.5442346,1.614440359,158.9492957,3.4309047647714284,156.0137833,2.856229323,3.13,2.7961807550428572,3.240003106,0.01779936019,49.02064596857142,0.48069877946999995,0.018859852175714283,0.6339285714,0.1941264787,1.6046717415428573,11.09037037,58.00176269057143,-8.048844056195716,-15.089078130157143,0.68682556727,-4.719285714285714,-0.3817537555,0.9877164069,8.001918968,1.304326965,1.9507554346857143,0.8789481886714284,0.000345,0.0,41.8666451816,6.448020180071429,0.019749238125485714,0.03563492063,0.7868459064728571,0.3694581281,0.467319627,1.360256577,0.656724165282857,0.4925394445,1.1348176423885719,0.6952777147,0.8395543497,1.1180255929571428,1.08409351083,1.1279751734385712,0.5920619779,0.8754222799,1.0487113150085714,1.207936335,0.9600473733,1.00186403834,0.9625558532314287,0.9224047234,1.113316628,1.0591462997471426,1.0541421759200003,0.9916049776,1.0243551266000002,1.1390753082442857,1.132578952,1.0625243417542856,0.9885241671057142,0.7425335688,1.135146366,0.9103044279,1.0352609673042859,0.9437166964214285,0.8973705473,1.032126486255714,0.9941615067285716,1.0629880281214283,1.089899389,0.8785709376557143,1.0000366677842858,1.061682954,1.129332362,0.1404958678,2.25,1.773333333,0.6514285714,0.4505446226242857,0.3408919123,0.215625,3.585559589014286,0.08080808081,0.038673363947,-0.4610514897,-0.1256650061,0.02882840204,-0.04737028428,-0.006168074024560002,2.0183213696,0.9644160998,10.78528013,27.64213788,1.327967941,2.126285714285714,1332.397184,21.66335514,-3.6788834832285717,-2.232619483,0.9981352607,1.70183324,-1.40387260699,-0.7684211434,0.05089532831,-0.24821750480797142,0.32700071754399995,-0.13498761280071428,8.551568232771428,11.56673267,4.390415048,0.0,24.59104416,54.44884259,28.66715822,21.0894968215,0.8411547037,0.2540009045,57.25170822525714,0.1468055473,9.496942443,20.759931868514283,1.9059206056857143,17.00689132,0.42280435137142863,1.303301032,0.0,3.591622254285715,0.0,-0.0532321761,0.0,0.1671880880499286,5.63,5.316788604,15.7651876,15.07448444,6.616532068714286,5.817220841,12.48718869,4.878658717842858,2.447093052,2.017820977,6.032799568,0.7151996025571428,10.29948396,3.356077098,0.0,0.049557151214285715,0.0,0.0,0.0,58.04,4.793948725,14.29720066,2.017820977,0.0,0.8012119198542856,0.1141622592,0.0,28.03448816,0.5111111111
146.0676287,152.27942352428573,153.7663145,1.685800705,156.9194649,3.4309047647714284,160.2989134,2.622318111,3.411764706,2.7961807550428572,2.649559083,0.01264783856,49.02064596857142,0.48069877946999995,0.018859852175714283,0.6583333333,0.2262521845,1.6046717415428573,11.5904,58.00176269057143,-8.048844056195716,-15.089078130157143,0.68682556727,-4.719285714285714,-0.3836345073,0.99294184,3.057284784,0.6049846518,1.9507554346857143,0.8789481886714284,0.00291,0.0,41.8666451816,6.448020180071429,0.019749238125485714,0.01577060932,0.7868459064728571,0.3325791855,0.3960070552,1.6178824,0.656724165282857,0.5158019987,1.1348176423885719,0.8760093448,0.8395543497,1.1180255929571428,1.08409351083,1.1279751734385712,0.8485571093,0.8173616901,1.0487113150085714,1.001602564,1.032934996,1.00186403834,0.9625558532314287,1.033535669,1.062753036,1.0591462997471426,1.0541421759200003,1.224456026,1.0243551266000002,1.1390753082442857,0.9536907823,1.0625243417542856,0.9885241671057142,1.494180311,0.9557038835,1.027097535,1.0352609673042859,0.9437166964214285,1.275598056,1.032126486255714,0.9941615067285716,1.0629880281214283,1.101423199,0.8785709376557143,1.0000366677842858,0.9999325716,0.971301665,0.1695724926,1.729166667,1.797777778,0.614829932,0.4505446226242857,0.2711404006,0.244691358,3.585559589014286,0.06018518519,0.038673363947,-0.5395434782,0.09456313326,-0.1096639568,0.1756703637,-0.006168074024560002,2.0183213696,1.249918767,11.86652881,23.88832352,1.993954531,2.126285714285714,2139.566019,26.58713195,-3.6788834832285717,-3.021859999,0.07321260254,1.134999841,-1.40387260699,-0.6000809464,0.3294017303,-0.24821750480797142,0.32700071754399995,-0.13498761280071428,8.551568232771428,12.03246336,14.98529578,5.425791397,53.30809282,37.61968013,24.01174382,21.0894968215,0.9106332523,0.1672719035,57.25170822525714,0.1034126674,0.0,20.759931868514283,1.9059206056857143,11.38785599,0.42280435137142863,0.0,0.0,3.591622254285715,0.0,-0.0532321761,7.569080012,0.1671880880499286,4.35,10.74258,5.13155848,21.31540493,6.616532068714286,20.01325001,21.69797817,4.878658717842858,2.478964104,4.097914854,0.0,0.7151996025571428,0.0,3.480119048,0.0,0.049557151214285715,0.0,1.780111969,0.0,67.51,4.505698205,0.0,4.817587998,0.0,0.8012119198542856,0.1146045727,0.0,29.9187536,0.56
148.0907525,152.27942352428573,156.3193058,1.740090696,156.0906875,3.4309047647714284,158.4139853,3.041173697,3.465346535,2.7961807550428572,2.719320988,0.01265889347,49.02064596857142,0.48069877946999995,0.018859852175714283,0.6693548387,0.1867141934,1.6046717415428573,8.349932096,58.00176269057143,-8.048844056195716,-15.089078130157143,0.68682556727,-4.719285714285714,-0.4158683152,0.9779547335,3.066006577,1.197962146,1.9507554346857143,0.8789481886714284,0.00126,0.0,41.8666451816,6.448020180071429,0.019749238125485714,0.01628264209,0.7868459064728571,0.3453304375,0.4851766488,1.529039708,0.656724165282857,0.5031901654,1.1348176423885719,0.8426922983,0.8395543497,1.1180255929571428,1.08409351083,1.1279751734385712,0.800223025,0.8269778698,1.0487113150085714,1.022153181,1.083235206,1.00186403834,0.9625558532314287,0.9642722052,1.025767584,1.0591462997471426,1.0541421759200003,1.031022745,1.0243551266000002,1.1390753082442857,1.017617962,1.0625243417542856,0.9885241671057142,1.095401983,1.087558816,1.128702847,1.0352609673042859,0.9437166964214285,1.250186372,1.032126486255714,0.9941615067285716,1.0629880281214283,1.070285364,0.8785709376557143,1.0000366677842858,1.029892633,0.7961000317,0.2026303438,1.729166667,2.082777778,0.734829932,0.4505446226242857,0.3361048123,0.2365740741,3.585559589014286,0.07111111111,0.038673363947,-0.4634021685,0.07528393966,-0.05914573135,-0.06202629347,-0.006168074024560002,2.0183213696,0.9438417146,11.99634369,24.65421357,1.524524683,2.126285714285714,2550.097043,28.01159943,-3.6788834832285717,-1.786960274,0.7580408127,1.30703454,-1.40387260699,-1.155590694,0.5671215673,-0.24821750480797142,0.32700071754399995,-0.13498761280071428,8.551568232771428,12.02124807,14.18117935,10.19736362,17.66730696,73.23599868,34.36108622,21.0894968215,0.9463483511,0.1622406423,57.25170822525714,0.09706374365,0.0,20.759931868514283,1.9059206056857143,22.51475897,0.42280435137142863,0.7456177798,0.0,3.591622254285715,5.606745507,-0.0532321761,0.0,0.1671880880499286,4.0,5.316788604,5.687386275,34.47495837,6.616532068714286,6.9237372,5.693927995,4.878658717842858,2.489223894,1.953517962,5.974580683,0.7151996025571428,0.0,3.192167423,0.0,0.049557151214285715,0.0,0.0,0.0,72.93,4.609166181,3.358995671,1.953517962,0.0,0.8012119198542856,0.1048899075,0.0,30.7849778,0.5957446809
146.1688725,152.27942352428573,154.841507,1.662759939,157.148242,3.4309047647714284,155.8097542,2.779473613,3.4375,2.7961807550428572,2.653385709,0.013470729,49.02064596857142,0.48069877946999995,0.018859852175714283,0.6637931034,0.2218371014,1.6046717415428573,9.372566772,58.00176269057143,-8.048844056195716,-15.089078130157143,0.68682556727,-4.719285714285714,-0.3841204441,0.9938424863,3.057263684,0.6049877535,1.9507554346857143,0.8789481886714284,0.0056,0.0,41.8666451816,6.448020180071429,0.019749238125485714,0.01639846743,0.7868459064728571,0.3091334895,0.4063987056,1.602459466,0.656724165282857,0.5385371777,1.1348176423885719,0.8482306971,0.8395543497,1.1180255929571428,1.08409351083,1.1279751734385712,0.9153877665,0.8623184619,1.0487113150085714,1.023674242,1.054939075,1.00186403834,0.9625558532314287,0.9868779623,1.03714364,1.0591462997471426,1.0541421759200003,1.123297828,1.0243551266000002,1.1390753082442857,0.9098965566,1.0625243417542856,0.9885241671057142,1.306929059,1.094129555,0.9936580778,1.0352609673042859,0.9437166964214285,1.326810002,1.032126486255714,0.9941615067285716,1.0629880281214283,1.037392272,0.8785709376557143,1.0000366677842858,1.003608145,0.8110277244,0.1365146414,1.416666667,1.606666667,0.5331972789,0.4505446226242857,0.2398904006,0.164691358,3.585559589014286,0.05797101449,0.038673363947,-0.5346896222,0.1681684608,0.08087769283,-0.1624160067,-0.006168074024560002,2.0183213696,1.21158855,14.31861096,22.53967696,2.0002376,2.126285714285714,2267.394437,25.92276692,-3.6788834832285717,-2.96510097,0.2826825663,1.064869272,-1.40387260699,-0.6254337812,0.391100539,-0.24821750480797142,0.32700071754399995,-0.13498761280071428,8.551568232771428,6.338535363,14.98529578,5.425791397,53.8110084,30.69594294,24.01174382,21.0894968215,0.9119569556,0.168967786,57.25170822525714,0.1044615368,0.0,20.759931868514283,1.9059206056857143,10.57107519,0.42280435137142863,0.0,0.0,3.591622254285715,0.0,-0.0532321761,7.485346521,0.1671880880499286,3.84,10.74258,5.13155848,21.31540493,6.616532068714286,13.08951281,16.95130748,4.878658717842858,2.478793984,2.0002376,0.0,0.7151996025571428,0.0,3.452896825,0.0,0.049557151214285715,0.0,1.763097889,0.0,67.51,4.473770881,0.0,2.719077411,0.0,0.8012119198542856,0.1073021503,0.0,33.13142796,0.5957446809
144.6944362,152.27942352428573,155.5955877,1.590894272,153.5583306,3.4309047647714284,156.1586501,2.972624799,2.904761905,2.7961807550428572,2.698872786,0.01519714395,49.02064596857142,0.48069877946999995,0.018859852175714283,0.6551724138,0.2142963571,1.6046717415428573,17.15826739,58.00176269057143,-8.048844056195716,-15.089078130157143,0.68682556727,-4.719285714285714,-0.4963776006,0.9776701433,7.008273414,1.343043853,1.9507554346857143,0.8789481886714284,0.00926,0.0,41.8666451816,6.448020180071429,0.019749238125485714,0.0,0.7868459064728571,0.392251816,0.3050070706,1.35008478,0.656724165282857,0.3925371561,1.1348176423885719,0.5715990939,0.8395543497,1.1180255929571428,1.08409351083,1.1279751734385712,0.5777138749,0.7936502172,1.0487113150085714,1.123880062,0.9799446984,1.00186403834,0.9625558532314287,0.826102554,1.310775296,1.0591462997471426,1.0541421759200003,0.9278642951,1.0243551266000002,1.1390753082442857,1.039859513,1.0625243417542856,0.9885241671057142,1.169627915,1.226189796,1.154040608,1.0352609673042859,0.9437166964214285,0.9391132119,1.032126486255714,0.9941615067285716,1.0629880281214283,1.142838467,0.8785709376557143,1.0000366677842858,1.077424123,1.048523114,0.06183042547,2.319444444,1.898888889,0.9217687075,0.4505446226242857,0.3169721592,0.165941358,3.585559589014286,0.06944444444,0.038673363947,-0.3685903215,0.0520064886,-0.08897918642,0.007959900951,-0.006168074024560002,2.0183213696,1.176365741,11.82835611,28.56224093,1.782925642,2.126285714285714,2531.128193,9.272676168,-3.6788834832285717,-2.392158792,1.178465616,1.014550274,-1.40387260699,-0.3864094707,0.2115673008,-0.24821750480797142,0.32700071754399995,-0.13498761280071428,8.551568232771428,5.693927995,4.794537184,5.098681808,12.13273414,55.66066728,35.07913167,21.0894968215,0.9150048267,0.2294203302,57.25170822525714,0.1666476987,9.531400138,20.759931868514283,1.9059206056857143,22.51475897,0.42280435137142863,1.546251312,0.0,3.591622254285715,0.0,-0.0532321761,0.0,0.1671880880499286,4.46,0.0,0.0,32.82754461,6.616532068714286,6.9237372,28.16666629,4.878658717842858,2.566577762,3.376057418,0.0,0.7151996025571428,0.0,0.0,5.040085102,0.049557151214285715,0.0,0.0,0.0,69.9,4.583620745,7.111213456,2.866231494,1.399730654,0.8012119198542856,0.1554655659,0.0,27.27226084,0.4897959184
148.9083903,152.27942352428573,155.3654683,1.690803163,154.9429922,3.4309047647714284,160.6029834,3.073921028,3.19379845,2.7961807550428572,2.718962963,0.02075573822,49.02064596857142,0.48069877946999995,0.018859852175714283,0.6764705882,0.1894627029,1.6046717415428573,15.76892562,58.00176269057143,-8.048844056195716,-15.089078130157143,0.68682556727,-4.719285714285714,-0.529354413,0.977891196,3.514945347,1.197962429,1.9507554346857143,0.8789481886714284,0.00388,0.0,41.8666451816,6.448020180071429,0.019749238125485714,0.01529411765,0.7868459064728571,0.3558282209,0.3307756647,1.375888378,0.656724165282857,0.4762873966,1.1348176423885719,0.8485937258,0.8395543497,1.1180255929571428,1.08409351083,1.1279751734385712,0.9857869279,0.7220477107,1.0487113150085714,1.102466149,1.100380678,1.00186403834,0.9625558532314287,0.9456300612,1.06547793,1.0591462997471426,1.0541421759200003,1.081867653,1.0243551266000002,1.1390753082442857,1.050066621,1.0625243417542856,0.9885241671057142,1.174993855,1.012861736,1.174857681,1.0352609673042859,0.9437166964214285,0.7894834076,1.032126486255714,0.9941615067285716,1.0629880281214283,1.039038164,0.8785709376557143,1.0000366677842858,1.064852221,0.7804354379,0.2026303438,2.416666667,2.273888889,0.8997278912,0.4505446226242857,0.3794721592,0.3987654321,3.585559589014286,0.06172839506,0.038673363947,-0.3632307174,0.04849614467,-0.2890040533,0.1847012955,-0.006168074024560002,2.0183213696,0.9267645456,9.959216892,24.77369417,1.52084537,2.126285714285714,2281.72668,29.83603179,-3.6788834832285717,-2.295373844,1.27536627,1.735041241,-1.40387260699,-1.32017055,0.3698685579,-0.24821750480797142,0.32700071754399995,-0.13498761280071428,8.551568232771428,23.52027174,14.18117935,10.19736362,6.066367068,48.97053041,47.53755411,21.0894968215,0.9003906711,0.1779205555,57.25170822525714,0.07093111156,9.473725908,20.759931868514283,1.9059206056857143,34.01378264,0.42280435137142863,0.7338690391,0.0,3.591622254285715,5.684291803,-0.0532321761,0.0,0.1671880880499286,3.48,14.79051451,5.687386275,48.69455345,6.616532068714286,6.9237372,5.693927995,4.878658717842858,2.489975236,5.151582052,0.0,0.7151996025571428,0.0,3.21303162,10.71245891,0.049557151214285715,0.0,0.0,0.0,91.39,4.71596176,14.05060874,1.949194701,3.202387351,0.8012119198542856,0.1048899075,0.0,32.97442507,0.5090909091
145.8406206,152.27942352428573,155.199154,1.794331729,151.4701055,3.4309047647714284,156.5622072,3.20962963,2.68,2.7961807550428572,2.666666667,0.01585984054,49.02064596857142,0.48069877946999995,0.018859852175714283,0.6630434783,0.1887907273,1.6046717415428573,10.25231481,58.00176269057143,-8.048844056195716,-15.089078130157143,0.68682556727,-4.719285714285714,-0.3989091992,0.9929423376,4.005275594,0.6050168691,1.9507554346857143,0.8789481886714284,0.0327,0.0,41.8666451816,6.448020180071429,0.019749238125485714,0.03988405797,0.7868459064728571,0.3529411765,0.3762926527,1.566150722,0.656724165282857,0.4955332625,1.1348176423885719,1.097125467,0.8395543497,1.1180255929571428,1.08409351083,1.1279751734385712,0.8271669163,0.7920328137,1.0487113150085714,0.9884467266,1.033674441,1.00186403834,0.9625558532314287,0.8364746317,1.291720154,1.0591462997471426,1.0541421759200003,1.090908868,1.0243551266000002,1.1390753082442857,1.074146036,1.0625243417542856,0.9885241671057142,1.28497732,1.207702182,1.130461685,1.0352609673042859,0.9437166964214285,1.07457675,1.032126486255714,0.9941615067285716,1.0629880281214283,1.234870868,0.8785709376557143,1.0000366677842858,0.9143549936,1.185173254,0.01234567901,1.534722222,1.432777778,0.4441269841,0.4505446226242857,0.1224489796,0.04125,3.585559589014286,0.06606606607,0.038673363947,-0.575695827,0.1249484841,-0.01607020327,0.09944951998,-0.006168074024560002,2.0183213696,0.9801417234,6.723200076,16.8748562,1.751691127,2.126285714285714,1736.593261,12.87466026,-3.6788834832285717,-1.853297408,0.05554501583,1.790278537,-1.40387260699,-0.7232237683,-0.1196205732,-0.24821750480797142,0.32700071754399995,-0.13498761280071428,8.551568232771428,5.693927995,4.983978521,0.0,17.40315295,37.25557254,23.65106663,21.0894968215,0.882440789,0.2190975601,57.25170822525714,0.105574127,0.0,20.759931868514283,1.9059206056857143,21.82845468,0.42280435137142863,1.708679086,0.0,3.591622254285715,0.0,-0.0532321761,0.0,0.1671880880499286,4.28,5.733667477,5.13155848,19.93591408,6.616532068714286,6.9237372,5.693927995,4.878658717842858,2.491354202,1.969162415,0.0,0.7151996025571428,0.0,0.0,0.0,0.049557151214285715,0.0,0.0,0.0,77.58,4.275538042,0.0,1.969162415,0.0,0.8012119198542856,0.1234317777,0.0,29.72606633,0.5833333333
148.6684509,152.27942352428573,162.0157313,1.414631977,164.0819914,3.4309047647714284,158.7112036,2.822239369,3.032258065,2.7961807550428572,2.579379138,0.0129263941,49.02064596857142,0.48069877946999995,0.018859852175714283,0.6693548387,0.2299945501,1.6046717415428573,7.826272695,58.00176269057143,-8.048844056195716,-15.089078130157143,0.68682556727,-4.719285714285714,-0.4308075987,0.9929434613,8.00191915,1.216250059,1.9507554346857143,0.8789481886714284,0.00388,0.0,41.8666451816,6.448020180071429,0.019749238125485714,0.03245356794,0.7868459064728571,0.3288590604,0.3787920274,1.330948691,0.656724165282857,0.5129172249,1.1348176423885719,0.5398195628,0.8395543497,1.1180255929571428,1.08409351083,1.1279751734385712,0.604574093,0.954629469,1.0487113150085714,1.0309195,0.8678845922,1.00186403834,0.9625558532314287,0.9561507326,1.03339666,1.0591462997471426,1.0541421759200003,0.9062819223,1.0243551266000002,1.1390753082442857,1.137550659,1.0625243417542856,0.9885241671057142,0.9549829319,1.179794521,1.089554357,1.0352609673042859,0.9437166964214285,1.249634785,1.032126486255714,0.9941615067285716,1.0629880281214283,1.091928548,0.8785709376557143,1.0000366677842858,0.8293963805,0.6071503257,0.1850851954,2.159722222,1.4,0.5063038549,0.4505446226242857,0.2574798438,0.18875,3.585559589014286,0.0589569161,0.038673363947,-0.2809442213,-0.07268920751,0.01103194595,-0.1220117078,-0.006168074024560002,2.0183213696,0.9029170953,16.15318254,27.80954257,1.352371614,2.126285714285714,2325.057498,23.31022179,-3.6788834832285717,-2.782015546,0.5416512231,1.336815108,-1.40387260699,-0.6397582985,0.3330300234,-0.24821750480797142,0.32700071754399995,-0.13498761280071428,8.551568232771428,16.85062228,4.390415048,5.098681808,11.60093989,68.24726451,35.21191463,21.0894968215,0.8736360892,0.1640480787,57.25170822525714,0.07729420917,4.390415048,20.759931868514283,1.9059206056857143,11.25737949,0.42280435137142863,1.807806182,0.0,3.591622254285715,0.0,-0.0532321761,0.0,0.1671880880499286,4.18,10.63357721,15.7651876,32.8379546,6.616532068714286,11.73512689,12.84164325,4.878658717842858,2.467429019,0.0,6.055886962,0.7151996025571428,0.0,6.852749604,0.0,0.049557151214285715,0.5932762928,0.0,0.0,67.66,4.444052454,16.35374068,2.959357796,0.0,0.8012119198542856,0.08263127639,0.0,30.13556166,0.5471698113
148.5111826,152.27942352428573,158.5092233,1.550384998,159.6619223,3.4309047647714284,162.4198265,3.056565657,3.177966102,2.7961807550428572,2.718079922,0.0157189114,49.02064596857142,0.48069877946999995,0.018859852175714283,0.671875,0.2094889322,1.6046717415428573,10.13609467,58.00176269057143,-8.048844056195716,-15.089078130157143,0.68682556727,-4.719285714285714,-0.408395219,0.9110327857,6.027275724,1.426059173,1.9507554346857143,0.8789481886714284,0.0515,0.0,41.8666451816,6.448020180071429,0.019749238125485714,0.02941176471,0.7868459064728571,0.3223684211,0.4006864785,1.549921615,0.656724165282857,0.4833819389,1.1348176423885719,0.58399396,0.8395543497,1.1180255929571428,1.08409351083,1.1279751734385712,0.5725075363,0.9171861945,1.0487113150085714,1.067093515,1.119160154,1.00186403834,0.9625558532314287,1.008991876,1.017763158,1.0591462997471426,1.0541421759200003,1.057896818,1.0243551266000002,1.1390753082442857,0.9460721419,1.0625243417542856,0.9885241671057142,1.386814753,1.015119617,1.054651503,1.0352609673042859,0.9437166964214285,1.173414265,1.032126486255714,0.9941615067285716,1.0629880281214283,0.9729876864,0.8785709376557143,1.0000366677842858,1.067756849,0.7106804804,0.2226303438,1.479166667,1.837777778,0.6123809524,0.4505446226242857,0.2590230537,0.211882716,3.585559589014286,0.06222222222,0.038673363947,-0.4797711177,0.0405743607,-0.08147893939,0.008285825799,-0.006168074024560002,2.0183213696,0.9950428844,15.58646447,26.27830895,1.952928091,2.126285714285714,2298.690589,30.43538633,-3.6788834832285717,-2.697931787,0.6424109054,1.533404289,-1.40387260699,-0.8322998122,0.2140423837,-0.24821750480797142,0.32700071754399995,-0.13498761280071428,8.551568232771428,12.16293986,14.98529578,10.68768295,24.27512131,42.82867707,23.15437369,21.0894968215,0.902748663,0.152286462,57.25170822525714,0.08906267472,0.0,20.759931868514283,1.9059206056857143,17.4570773,0.42280435137142863,0.0,0.0,3.591622254285715,0.0,-0.0532321761,7.363740218,0.1671880880499286,3.14,10.74258,5.687386275,26.29938345,6.616532068714286,24.42062568,22.77571198,4.878658717842858,2.478945707,1.971674587,0.0,0.7151996025571428,0.0,3.386001013,0.0,0.049557151214285715,0.0,1.73430713,0.0,107.09,4.515688836,0.0,2.487529809,0.0,0.8012119198542856,0.06365387513,0.0,27.74046552,0.5384615385
148.5938777,152.27942352428573,155.9702392,1.680261638,155.574251,3.4309047647714284,159.9664443,2.959410669,3.433962264,2.7961807550428572,2.752743484,0.01694058782,49.02064596857142,0.48069877946999995,0.018859852175714283,0.671875,0.187328697,1.6046717415428573,12.63706267,58.00176269057143,-8.048844056195716,-15.089078130157143,0.68682556727,-4.719285714285714,-0.529344468,0.9779390641,3.513573993,1.197963531,1.9507554346857143,0.8789481886714284,0.00423,0.0,41.8666451816,6.448020180071429,0.019749238125485714,0.01575126263,0.7868459064728571,0.3426724138,0.3937330165,1.433737356,0.656724165282857,0.4831028665,1.1348176423885719,0.8435001875,0.8395543497,1.1180255929571428,1.08409351083,1.1279751734385712,0.9200408883,0.7913115931,1.0487113150085714,1.098813159,1.121588338,1.00186403834,0.9625558532314287,0.9430902387,1.000103817,1.0591462997471426,1.0541421759200003,1.045175895,1.0243551266000002,1.1390753082442857,0.8854823267,1.0625243417542856,0.9885241671057142,1.021379518,1.085781412,1.052139994,1.0352609673042859,0.9437166964214285,1.105575044,1.032126486255714,0.9941615067285716,1.0629880281214283,1.066111932,0.8785709376557143,1.0000366677842858,1.044523986,0.6387290264,0.2226303438,1.729166667,2.122777778,0.734829932,0.4505446226242857,0.3361048123,0.2365740741,3.585559589014286,0.0697167756,0.038673363947,-0.4045692856,0.1130505018,-0.01471255494,-0.09623289653,-0.006168074024560002,2.0183213696,0.9465774048,11.99634369,24.65421357,1.527240733,2.126285714285714,2523.586878,28.6244859,-3.6788834832285717,-1.978596498,0.675740539,1.378192258,-1.40387260699,-1.177887639,0.4302977571,-0.24821750480797142,0.32700071754399995,-0.13498761280071428,8.551568232771428,17.7707599,14.18117935,10.19736362,6.066367068,73.23599868,29.3384529,21.0894968215,0.9234235618,0.2069567507,57.25170822525714,0.08246844233,4.736862954,20.759931868514283,1.9059206056857143,28.26427081,0.42280435137142863,0.7475331417,0.0,3.591622254285715,5.63687025,-0.0532321761,0.0,0.1671880880499286,3.42,10.05365156,5.687386275,41.58475591,6.616532068714286,6.9237372,5.693927995,4.878658717842858,2.489279474,3.59163307,0.0,0.7151996025571428,0.0,3.219346813,5.213756179,0.049557151214285715,0.0,0.0,0.0,82.16,4.623396865,8.585418375,1.956635876,1.634997194,0.8012119198542856,0.1048899075,0.0,29.47437565,0.5490196078
147.2916676,152.27942352428573,157.2172324,1.581865967,160.5709956,3.4309047647714284,157.6989052,2.937830688,3.5,2.7961807550428572,2.660628019,0.01485775373,49.02064596857142,0.48069877946999995,0.018859852175714283,0.6666666667,0.1925997468,1.6046717415428573,8.929150892,58.00176269057143,-8.048844056195716,-15.089078130157143,0.68682556727,-4.719285714285714,-0.3825238893,0.9938439006,3.063580888,1.43562593,1.9507554346857143,0.8789481886714284,0.00858,0.0,41.8666451816,6.448020180071429,0.019749238125485714,0.0337164751,0.7868459064728571,0.3488372093,0.3870138214,1.53335304,0.656724165282857,0.4770994593,1.1348176423885719,0.8864274692,0.8395543497,1.1180255929571428,1.08409351083,1.1279751734385712,0.769724801,0.90054243,1.0487113150085714,1.022556161,1.031024552,1.00186403834,0.9625558532314287,0.9862933871,1.102820057,1.0591462997471426,1.0541421759200003,0.9828811996,1.0243551266000002,1.1390753082442857,1.118351436,1.0625243417542856,0.9885241671057142,1.400349602,1.091318786,1.211913467,1.0352609673042859,0.9437166964214285,0.6593175512,1.032126486255714,0.9941615067285716,1.0629880281214283,1.088759054,0.8785709376557143,1.0000366677842858,1.034119561,1.025085047,0.06938271605,1.506944444,1.457222222,0.4734240363,0.4505446226242857,0.2683216805,0.145,3.585559589014286,0.06060606061,0.038673363947,-0.5020530234,-0.01117032491,-0.2766266119,0.01189052502,-0.006168074024560002,2.0183213696,0.9594385393,11.18197485,24.1830971,1.806243,2.126285714285714,1806.030385,27.82714273,-3.6788834832285717,-1.661369744,0.7826813432,1.861036872,-1.40387260699,-0.7635385099,0.3282003883,-0.24821750480797142,0.32700071754399995,-0.13498761280071428,8.551568232771428,5.693927995,15.29317186,5.098681808,24.26546827,43.32193961,22.33098998,21.0894968215,0.9190855772,0.1785153727,57.25170822525714,0.1051242829,0.0,20.759931868514283,1.9059206056857143,0.0,0.42280435137142863,2.038593845,0.0,3.591622254285715,0.0,-0.0532321761,0.0,0.1671880880499286,3.87,10.63357721,11.37477255,21.01696192,6.616532068714286,13.08951281,16.95130748,4.878658717842858,2.454495545,1.962143731,0.0,0.7151996025571428,0.0,3.433067366,0.0,0.049557151214285715,0.0,0.0,0.0,80.06,4.663924,0.0,1.962143731,0.0,0.8012119198542856,0.07173753613,0.0,30.78533471,0.6046511628
148.9083903,152.27942352428573,155.3654718,1.690970878,154.9464867,3.4309047647714284,160.6108865,2.871814018,3.198412698,2.7961807550428572,2.818167305,0.02100375987,49.02064596857142,0.48069877946999995,0.018859852175714283,0.6764705882,0.1895173383,1.6046717415428573,16.76892562,58.00176269057143,-8.048844056195716,-15.089078130157143,0.68682556727,-4.719285714285714,-0.5282523117,0.9778911978,3.515322348,1.197962774,1.9507554346857143,0.8789481886714284,0.00388,0.0,41.8666451816,6.448020180071429,0.019749238125485714,0.01529411765,0.7868459064728571,0.3558282209,0.3531056945,1.396672208,0.656724165282857,0.4722529622,1.1348176423885719,0.8446466366,0.8395543497,1.1180255929571428,1.08409351083,1.1279751734385712,1.027025787,0.7220477107,1.0487113150085714,1.175477153,1.078542914,1.00186403834,0.9625558532314287,0.9300698088,1.124671149,1.0591462997471426,1.0541421759200003,1.07646388,1.0243551266000002,1.1390753082442857,1.07268001,1.0625243417542856,0.9885241671057142,0.8621748198,0.9691033088,0.9407155082,1.0352609673042859,0.9437166964214285,0.8503269941,1.032126486255714,0.9941615067285716,1.0629880281214283,0.9339566087,0.8785709376557143,1.0000366677842858,1.10674696,0.6822241358,0.2556881951,2.166666667,2.353888889,0.8572789116,0.4505446226242857,0.3673548123,0.3412654321,3.585559589014286,0.07407407407,0.038673363947,-0.3763507193,-0.09483714712,-0.07107795884,0.117086258,-0.006168074024560002,2.0183213696,0.9296044769,10.16328661,24.66428404,1.521560058,2.126285714285714,2099.862216,28.88080993,-3.6788834832285717,-2.057911566,1.324926456,1.826271867,-1.40387260699,-1.242127856,0.4137534249,-0.24821750480797142,0.32700071754399995,-0.13498761280071428,8.551568232771428,12.02124807,14.18117935,10.19736362,6.066367068,61.10326455,35.40481997,21.0894968215,0.9172339859,0.1740275182,57.25170822525714,0.06989596119,9.473725908,20.759931868514283,1.9059206056857143,34.01378264,0.42280435137142863,0.7355840945,0.0,3.591622254285715,5.675572536,-0.0532321761,0.0,0.1671880880499286,3.48,14.79051451,5.687386275,48.69455345,6.616532068714286,6.9237372,5.693927995,4.878658717842858,2.489913525,5.136265821,0.0,0.7151996025571428,0.0,3.214069035,10.70155971,0.049557151214285715,0.0,0.0,0.0,91.39,4.718787952,14.045308,1.950074951,3.18619087,0.8012119198542856,0.1187787964,0.0,32.97442507,0.5090909091
143.7011617,152.27942352428573,150.0788821,1.607773743,160.3551745,3.4309047647714284,150.8347462,2.778240741,2.666666667,2.7961807550428572,2.609455482,0.01193830755,49.02064596857142,0.48069877946999995,0.018859852175714283,0.6018518519,0.2354456222,1.6046717415428573,20.1068,58.00176269057143,-8.048844056195716,-15.089078130157143,0.68682556727,-4.719285714285714,-0.4357069928,0.9113264144,6.027325697,1.134636977,1.9507554346857143,0.8789481886714284,0.00144,0.0,41.8666451816,6.448020180071429,0.019749238125485714,0.01688712522,0.7868459064728571,0.3759590793,0.3713371529,1.272549262,0.656724165282857,0.4492792029,1.1348176423885719,0.7309835647,0.8395543497,1.1180255929571428,1.08409351083,1.1279751734385712,0.4140418972,0.7772135721,1.0487113150085714,1.209464271,0.9500548095,1.00186403834,0.9625558532314287,1.129370037,0.9475420721,1.0591462997471426,1.0541421759200003,0.9249953314,1.0243551266000002,1.1390753082442857,1.199865657,1.0625243417542856,0.9885241671057142,0.7936271538,1.431689952,1.241058052,1.0352609673042859,0.9437166964214285,0.5657889937,1.032126486255714,0.9941615067285716,1.0629880281214283,1.241118325,0.8785709376557143,1.0000366677842858,1.126050699,1.229334601,0.01234567901,3.270833333,2.140555556,1.0769161,0.4505446226242857,0.5069365709,0.1325,3.585559589014286,0.09178743961,0.038673363947,-0.3696707454,-0.02898209135,-0.05801846827,0.02315799365,-0.006168074024560002,2.0183213696,1.200079365,8.585206173,23.65338352,1.703751968,2.126285714285714,2114.259257,17.18555431,-3.6788834832285717,-2.73777412,1.33339725,1.066553069,-1.40387260699,-0.4654811689,0.2572138393,-0.24821750480797142,0.32700071754399995,-0.13498761280071428,8.551568232771428,17.51266114,0.0,10.36057336,51.10304694,35.59836479,23.58956544,21.0894968215,0.9073960995,0.2962555273,57.25170822525714,0.1709368449,5.106527395,20.759931868514283,1.9059206056857143,34.20301562,0.42280435137142863,0.0,0.0,3.591622254285715,0.0,-0.0532321761,0.0,0.1671880880499286,4.85,0.0,0.0,14.88701214,6.616532068714286,23.66984054,43.50994862,4.878658717842858,2.604253965,8.729592585,0.0,0.7151996025571428,9.723706615,0.0,0.0,0.049557151214285715,0.3313869992,0.0,0.1222178918,61.84,4.256187809,2.102855253,9.579082854,0.0,0.8012119198542856,0.5223591954,0.1020620726,28.71493402,0.4
146.6991071,152.27942352428573,160.0282319,1.382418595,160.4088461,3.4309047647714284,161.2003559,2.302449965,3.056603774,2.7961807550428572,2.270477208,0.009058392537,49.02064596857142,0.48069877946999995,0.018859852175714283,0.6742424242,0.2606811393,1.6046717415428573,15.5356513,58.00176269057143,-8.048844056195716,-15.089078130157143,0.68682556727,-4.719285714285714,-0.4411379767,0.993840093,3.042186159,1.320916122,1.9507554346857143,0.8789481886714284,0.00288,0.0,41.8666451816,6.448020180071429,0.019749238125485714,0.0,0.7868459064728571,0.3270440252,0.2727061868,1.364606192,0.656724165282857,0.5015941336,1.1348176423885719,0.7306354261,0.8395543497,1.1180255929571428,1.08409351083,1.1279751734385712,0.7895689538,0.9189125312,1.0487113150085714,1.027151046,0.9923780488,1.00186403834,0.9625558532314287,0.9306392203,1.064534931,1.0591462997471426,1.0541421759200003,0.9379881138,1.0243551266000002,1.1390753082442857,0.9100288155,1.0625243417542856,0.9885241671057142,1.245928054,1.009969414,1.046482856,1.0352609673042859,0.9437166964214285,1.080261495,1.032126486255714,0.9941615067285716,1.0629880281214283,0.9874265173,0.8785709376557143,1.0000366677842858,1.108226066,1.271734169,0.1313151719,2.111111111,1.561666667,0.7975056689,0.4505446226242857,0.2653533636,0.186257716,3.585559589014286,0.06172839506,0.038673363947,-0.2290304729,0.1390251409,-0.03268326776,0.1065727349,-0.006168074024560002,2.0183213696,1.172580222,26.45686494,28.36133856,1.996027494,2.126285714285714,3597.134809,36.09707332,-3.6788834832285717,-2.755467321,1.445209756,1.000224257,-1.40387260699,-0.8221356044,0.3667209029,-0.24821750480797142,0.32700071754399995,-0.13498761280071428,8.551568232771428,5.693927995,4.983978521,5.098681808,24.62957587,81.72541116,17.80213589,21.0894968215,0.9512785103,0.1581869665,57.25170822525714,0.05703086567,0.0,20.759931868514283,1.9059206056857143,22.51475897,0.42280435137142863,2.238454664,0.0,3.591622254285715,0.0,-0.0532321761,4.351594149,0.1671880880499286,4.23,0.0,0.0,48.84972038,6.616532068714286,6.9237372,37.07114248,4.878658717842858,2.54695347,2.029116241,0.0,0.7151996025571428,0.0,0.0,0.0,0.049557151214285715,0.0,2.608801233,0.0,51.77,4.500490354,4.390614003,7.514839607,0.0,0.8012119198542856,0.1288113406,0.0,31.81744853,0.5079365079
145.0808317,152.27942352428573,159.0450802,1.544198133,155.5730219,3.4309047647714284,158.1047389,2.912912913,2.854700855,2.7961807550428572,2.61163522,0.008916713954,49.02064596857142,0.48069877946999995,0.018859852175714283,0.6538461538,0.2125529684,1.6046717415428573,11.73336939,58.00176269057143,-8.048844056195716,-15.089078130157143,0.68682556727,-4.719285714285714,-0.43571226,0.9929418574,8.001918361,1.34384996,1.9507554346857143,0.8789481886714284,0.00654,0.0,41.8666451816,6.448020180071429,0.019749238125485714,0.0,0.7868459064728571,0.3956170704,0.3313003692,1.145341237,0.656724165282857,0.3781428727,1.1348176423885719,0.5201565343,0.8395543497,1.1180255929571428,1.08409351083,1.1279751734385712,0.534704427,0.8635890236,1.0487113150085714,1.073484707,1.0823205,1.00186403834,0.9625558532314287,0.8368279625,1.258469125,1.0591462997471426,1.0541421759200003,0.9404051611,1.0243551266000002,1.1390753082442857,0.998946558,1.0625243417542856,0.9885241671057142,1.126650932,1.165152288,1.160282148,1.0352609673042859,0.9437166964214285,1.102617261,1.032126486255714,0.9941615067285716,1.0629880281214283,1.173520184,0.8785709376557143,1.0000366677842858,0.9329284919,0.795021122,0.05366799306,1.944444444,1.778888889,0.6434920635,0.4505446226242857,0.2829428068,0.112816358,3.585559589014286,0.06565656566,0.038673363947,-0.2018053137,0.007810350234,-0.06044269452,-0.0501925046,-0.006168074024560002,2.0183213696,1.222343632,12.06427509,27.27428713,1.479324977,2.126285714285714,2156.221363,18.17237654,-3.6788834832285717,-2.231613788,1.431570922,2.029350193,-1.40387260699,-0.6202275714,0.0399065302,-0.24821750480797142,0.32700071754399995,-0.13498761280071428,8.551568232771428,11.51114884,4.390415048,5.098681808,6.066367068,55.66066728,41.14549874,21.0894968215,0.8775885076,0.1840266246,57.25170822525714,0.08568345047,4.390415048,20.759931868514283,1.9059206056857143,22.51475897,0.42280435137142863,1.591760572,0.0,3.591622254285715,0.0,-0.0532321761,0.0,0.1671880880499286,4.92,0.0,4.390415048,19.74844179,6.616532068714286,12.74095804,17.80867761,4.878658717842858,2.55472079,1.983685366,0.0,0.7151996025571428,0.0,0.0,0.0,0.049557151214285715,0.0,0.0,0.0,43.6,4.386264159,15.7403068,2.906099361,0.0,0.8012119198542856,0.130682846,0.0,25.71909067,0.5581395349
148.693276,152.27942352428573,159.0421644,1.676778225,159.8608281,3.4309047647714284,161.1906456,2.911878759,3.288288288,2.7961807550428572,2.675676216,0.01630182589,49.02064596857142,0.48069877946999995,0.018859852175714283,0.685483871,0.2126431927,1.6046717415428573,9.703125,58.00176269057143,-8.048844056195716,-15.089078130157143,0.68682556727,-4.719285714285714,-0.3832821625,0.9925445055,3.057287055,1.280792098,1.9507554346857143,0.8789481886714284,0.00295,0.0,41.8666451816,6.448020180071429,0.019749238125485714,0.03239770982,0.7868459064728571,0.3545966229,0.4736532526,1.5937266,0.656724165282857,0.5137511995,1.1348176423885719,0.8785459077,0.8395543497,1.1180255929571428,1.08409351083,1.1279751734385712,0.8229607137,0.8218335825,1.0487113150085714,1.089697145,1.133034488,1.00186403834,0.9625558532314287,0.912449656,1.111799493,1.0591462997471426,1.0541421759200003,1.061472477,1.0243551266000002,1.1390753082442857,0.9365731445,1.0625243417542856,0.9885241671057142,1.189180972,0.9250451041,0.9943582054,1.0352609673042859,0.9437166964214285,1.144573119,1.032126486255714,0.9941615067285716,1.0629880281214283,0.9194526895,0.8785709376557143,1.0000366677842858,1.045965248,0.9527377453,0.2275257627,2.041666667,1.908888889,0.614829932,0.4505446226242857,0.3699058327,0.284691358,3.585559589014286,0.07555555556,0.038673363947,-0.5054463891,0.08380175969,0.01277785151,-0.04165366432,-0.006168074024560002,2.0183213696,0.9260764743,9.857598928,23.997636,1.751846125,2.126285714285714,2357.287217,27.61545956,-3.6788834832285717,-2.39777418,0.2644154599,0.9992724003,-1.40387260699,-0.5478449174,-0.122460704,-0.24821750480797142,0.32700071754399995,-0.13498761280071428,8.551568232771428,12.16293986,14.98529578,5.425791397,41.41063402,37.26522558,17.46698741,21.0894968215,0.8930158082,0.1595873549,57.25170822525714,0.09364179094,0.0,20.759931868514283,1.9059206056857143,11.38785599,0.42280435137142863,0.0,0.0,3.591622254285715,0.0,-0.0532321761,7.317731478,0.1671880880499286,3.99,10.74258,5.687386275,26.29938345,6.616532068714286,13.08951281,17.21226049,4.878658717842858,2.479665346,1.962915763,12.42032077,0.7151996025571428,0.0,3.292308883,0.0,0.049557151214285715,0.0,1.723342995,0.0,83.3,4.592143098,0.0,2.397883639,0.0,0.8012119198542856,0.1973581657,0.0,33.49567735,0.5833333333
149.0744103,152.27942352428573,158.5928224,1.662991775,158.7283312,3.4309047647714284,159.6049042,3.392554012,3.485148515,2.7961807550428572,2.919814815,0.01392874075,49.02064596857142,0.48069877946999995,0.018859852175714283,0.6693548387,0.1835014738,1.6046717415428573,9.349932096,58.00176269057143,-8.048844056195716,-15.089078130157143,0.68682556727,-4.719285714285714,-0.4158683423,0.9779546959,8.001919274,1.197963203,1.9507554346857143,0.8789481886714284,0.00332,5.817220841,41.8666451816,6.448020180071429,0.019749238125485714,0.01671466974,0.7868459064728571,0.3552505586,0.4482294523,1.497528439,0.656724165282857,0.4448159689,1.1348176423885719,0.57413995,0.8395543497,1.1180255929571428,1.08409351083,1.1279751734385712,0.6257512863,0.8611268577,1.0487113150085714,1.054602488,1.062287327,1.00186403834,0.9625558532314287,0.9357955958,1.057574331,1.0591462997471426,1.0541421759200003,0.9989356066,1.0243551266000002,1.1390753082442857,0.9971167103,1.0625243417542856,0.9885241671057142,0.9302326302,1.079192979,1.007450078,1.0352609673042859,0.9437166964214285,1.249747718,1.032126486255714,0.9941615067285716,1.0629880281214283,1.110628579,0.8785709376557143,1.0000366677842858,0.951898572,0.5808741287,0.1944679114,1.854166667,2.082777778,0.654829932,0.4505446226242857,0.4157375913,0.229382716,3.585559589014286,0.07555555556,0.038673363947,-0.4540102529,-0.03512865759,0.06806575264,-0.0682207499,-0.006168074024560002,2.0183213696,0.8877294344,11.87733662,24.10551714,1.370377734,2.126285714285714,1967.664645,27.25304871,-3.6788834832285717,-1.553859383,1.305766194,1.545047495,-1.40387260699,-0.9989689824,0.3964943784,-0.24821750480797142,0.32700071754399995,-0.13498761280071428,8.551568232771428,17.83846891,18.5715944,10.19736362,18.19910121,61.10326455,23.65106663,21.0894968215,0.9020061052,0.1507171948,57.25170822525714,0.09087640511,4.390415048,20.759931868514283,1.9059206056857143,22.51475897,0.42280435137142863,0.7087588689,0.0,3.591622254285715,5.499850193,-0.0532321761,0.0,0.1671880880499286,3.78,5.316788604,10.07780132,34.47495837,6.616532068714286,12.74095804,5.693927995,4.878658717842858,2.489906793,1.923404705,0.0,0.7151996025571428,0.0,2.916874213,0.0,0.049557151214285715,0.0,0.0,0.0,72.93,4.649301453,17.26700934,1.923404705,0.0,0.8012119198542856,0.1206384272,0.0,32.27307381,0.5957446809
147.8212355,152.27942352428573,154.1617217,1.693122126,157.3372468,3.4309047647714284,161.8619334,2.653568202,3.398230088,2.7961807550428572,2.75082672,0.01121081003,49.02064596857142,0.48069877946999995,0.018859852175714283,0.65625,0.1954306371,1.6046717415428573,13.91990032,58.00176269057143,-8.048844056195716,-15.089078130157143,0.68682556727,-4.719285714285714,-0.4158683341,0.977918308,3.066011618,1.197962873,1.9507554346857143,0.8789481886714284,0.00123,0.0,41.8666451816,6.448020180071429,0.019749238125485714,0.01502525253,0.7868459064728571,0.3710021322,0.4055930238,1.541169805,0.656724165282857,0.4532381153,1.1348176423885719,0.8876443176,0.8395543497,1.1180255929571428,1.08409351083,1.1279751734385712,0.6769073975,0.7845020544,1.0487113150085714,0.990659186,1.048863998,1.00186403834,0.9625558532314287,1.051435973,1.144232143,1.0591462997471426,1.0541421759200003,0.9583364193,1.0243551266000002,1.1390753082442857,1.007692178,1.0625243417542856,0.9885241671057142,0.9761341751,0.975283101,0.9379677146,1.0352609673042859,0.9437166964214285,1.40907487,1.032126486255714,0.9941615067285716,1.0629880281214283,1.13686563,0.8785709376557143,1.0000366677842858,1.0150763,1.118603765,0.2026303438,2.416666667,2.113888889,0.8180952381,0.4505446226242857,0.3794721592,0.349382716,3.585559589014286,0.0641025641,0.038673363947,-0.449699921,-0.1487069261,0.1351199137,0.06424878725,-0.006168074024560002,2.0183213696,1.169179635,9.959216892,24.77369417,1.536151492,2.126285714285714,2087.174398,27.67778503,-3.6788834832285717,-2.067259365,0.9878974265,1.205669329,-1.40387260699,-1.047999341,0.3728555418,-0.24821750480797142,0.32700071754399995,-0.13498761280071428,8.551568232771428,12.02124807,14.18117935,10.19736362,12.13273414,86.07764193,29.3384529,21.0894968215,0.9469230273,0.1573717773,57.25170822525714,0.09415622716,0.0,20.759931868514283,1.9059206056857143,22.51475897,0.42280435137142863,0.7586471456,0.0,3.591622254285715,5.69343296,-0.0532321761,0.0,0.1671880880499286,4.4,5.316788604,5.687386275,34.47495837,6.616532068714286,20.7712116,16.82083098,4.878658717842858,2.489724459,6.096673659,0.0,0.7151996025571428,0.0,3.305253842,0.0,0.049557151214285715,0.0,0.0,0.0,72.93,4.668558331,3.417125798,6.096673659,0.0,0.8012119198542856,0.1048899075,0.0,32.05202886,0.5283018868
143.7824367,152.27942352428573,150.150385,1.760102326,155.4365099,3.4309047647714284,161.6836711,2.544323012,3.568181818,2.7961807550428572,2.799768519,0.01432297294,49.02064596857142,0.48069877946999995,0.018859852175714283,0.6413043478,0.203818077,1.6046717415428573,10.5367036,58.00176269057143,-8.048844056195716,-15.089078130157143,0.68682556727,-4.719285714285714,-0.5293572566,0.9878632576,3.513557841,0.6049924266,1.9507554346857143,0.8789481886714284,0.00244,0.0,41.8666451816,6.448020180071429,0.019749238125485714,0.0,0.7868459064728571,0.3431085044,0.4117047984,1.37293881,0.656724165282857,0.5160522254,1.1348176423885719,0.8643448247,0.8395543497,1.1180255929571428,1.08409351083,1.1279751734385712,1.075830859,0.7532837604,1.0487113150085714,1.035489068,1.031471315,1.00186403834,0.9625558532314287,1.022830733,0.8908974378,1.0591462997471426,1.0541421759200003,1.153730118,1.0243551266000002,1.1390753082442857,0.922852176,1.0625243417542856,0.9885241671057142,0.9841041276,1.034428116,1.065674919,1.0352609673042859,0.9437166964214285,1.514560249,1.032126486255714,0.9941615067285716,1.0629880281214283,1.029874391,0.8785709376557143,1.0000366677842858,0.8762771739,1.469512888,0.0947862463,1.263888889,1.224444444,0.3788208617,0.4505446226242857,0.1380779164,0.085625,3.585559589014286,0.06606606607,0.038673363947,-0.3837039984,0.03177426915,0.1526523821,-0.02476539204,-0.006168074024560002,2.0183213696,1.230798317,7.98925394,16.86175326,1.938867874,2.126285714285714,470.0020719,24.91702085,-3.6788834832285717,-1.384526148,0.9187283164,1.148676865,-1.40387260699,-0.5519041562,0.1152715687,-0.24821750480797142,0.32700071754399995,-0.13498761280071428,8.551568232771428,10.75713553,9.499376415,5.098681808,35.09933858,37.25557254,11.12690298,21.0894968215,0.9170773176,0.3101888239,57.25170822525714,0.1327025289,4.736862954,20.759931868514283,1.9059206056857143,27.57796651,0.42280435137142863,0.8956705352,0.0,3.591622254285715,0.0,-0.0532321761,0.0,0.1671880880499286,4.59,4.736862954,0.0,21.70785576,6.616532068714286,6.9237372,5.563451492,4.878658717842858,2.484634915,3.752323684,0.0,0.7151996025571428,0.0,0.0,5.187422727,0.049557151214285715,0.0,0.0,0.0,39.42,4.048025312,7.036528689,2.087297458,1.665026226,0.8012119198542856,0.09878289721,0.0,27.81464996,0.5263157895
145.5516439,152.27942352428573,156.8361569,1.6806945,158.0905854,3.4309047647714284,155.2807717,2.787489712,3.25974026,2.7961807550428572,2.458847737,0.0144085401,49.02064596857142,0.48069877946999995,0.018859852175714283,0.6666666667,0.2110202323,1.6046717415428573,10.46745562,58.00176269057143,-8.048844056195716,-15.089078130157143,0.68682556727,-4.719285714285714,-0.3822071725,0.9929589145,3.048021971,0.6100524687,1.9507554346857143,0.8789481886714284,0.0191,0.0,41.8666451816,6.448020180071429,0.019749238125485714,0.01977777778,0.7868459064728571,0.338028169,0.4015609797,1.604492138,0.656724165282857,0.4660774674,1.1348176423885719,0.9272979676,0.8395543497,1.1180255929571428,1.08409351083,1.1279751734385712,0.7715102604,0.813529049,1.0487113150085714,1.052013423,1.053371792,1.00186403834,0.9625558532314287,0.9308393273,1.13210018,1.0591462997471426,1.0541421759200003,1.18479164,1.0243551266000002,1.1390753082442857,1.289591207,1.0625243417542856,0.9885241671057142,1.052201096,1.348277405,1.230921822,1.0352609673042859,0.9437166964214285,0.8458192204,1.032126486255714,0.9941615067285716,1.0629880281214283,1.298836642,0.8785709376557143,1.0000366677842858,1.071755169,1.102328902,0.03295582083,1.659722222,1.217777778,0.6287528345,0.4505446226242857,0.1809019904,0.078125,3.585559589014286,0.05847953216,0.038673363947,-0.5744572957,-0.2629750835,-0.1136319839,-0.05633089043,-0.006168074024560002,2.0183213696,1.162321796,5.991368287,15.40762866,1.754185169,2.126285714285714,1457.277777,22.05701218,-3.6788834832285717,-2.074700971,0.2441821955,1.070888702,-1.40387260699,-0.3058481321,0.1323116179,-0.24821750480797142,0.32700071754399995,-0.13498761280071428,8.551568232771428,10.69500997,15.29317186,0.0,6.066367068,49.05645694,29.3384529,21.0894968215,0.884314082,0.2077465344,57.25170822525714,0.1230500175,0.0,20.759931868514283,1.9059206056857143,0.0,0.42280435137142863,0.0,0.0,3.591622254285715,0.0,-0.0532321761,0.0,0.1671880880499286,4.51,10.63357721,10.68846825,15.80357683,6.616532068714286,20.01325001,22.51475897,4.878658717842858,2.48472859,4.039644274,0.0,0.7151996025571428,0.0,3.386400699,0.0,0.049557151214285715,0.0,0.0,0.0,64.27,4.098811002,0.0,4.039644274,0.0,0.8012119198542856,0.09720242102,0.0,26.4826473,0.5641025641
152.3542257,152.27942352428573,158.8172251,1.673300038,166.4638427,3.4309047647714284,177.7169807,8.475158085,3.610619469,2.7961807550428572,4.567791005,0.02070523451,49.02064596857142,0.48069877946999995,0.018859852175714283,0.6710526316,0.194717492,1.6046717415428573,2.428266287,58.00176269057143,-8.048844056195716,-15.089078130157143,0.68682556727,-4.719285714285714,-0.4158686826,0.9777273759,8.010506005,1.197950774,1.9507554346857143,0.8789481886714284,0.000123,29.16688629,41.8666451816,6.448020180071429,0.019749238125485714,0.01683696421,0.7868459064728571,0.3343398298,0.5956920686,1.784060853,0.656724165282857,0.3717471478,1.1348176423885719,0.6022361602,0.8395543497,1.1180255929571428,1.08409351083,1.1279751734385712,0.3438508866,0.8217210618,1.0487113150085714,0.9296893306,0.8373210145,1.00186403834,0.9625558532314287,1.055147977,0.9788125561,1.0591462997471426,1.0541421759200003,0.9483069124,1.0243551266000002,1.1390753082442857,0.7895603279,1.0625243417542856,0.9885241671057142,1.045415335,0.8440118123,1.077151117,1.0352609673042859,0.9437166964214285,0.8774263343,1.032126486255714,0.9941615067285716,1.0629880281214283,1.173811175,0.8785709376557143,1.0000366677842858,0.696360451,0.4285415674,0.4670931538,2.916666667,2.949444444,1.14462585,0.4505446226242857,0.4520030234,0.5775308642,3.585559589014286,0.07986111111,0.038673363947,-0.5629851124,0.01031283828,0.377142488,-0.005781412186,-0.006168074024560002,2.0183213696,0.7085705218,9.959216892,24.77369417,0.04403040607,2.126285714285714,3658.138162,32.46269766,-3.6788834832285717,-2.698176093,1.449441362,0.8140269893,-1.40387260699,-1.614443626,0.6049821018,-0.24821750480797142,0.32700071754399995,-0.13498761280071428,8.551568232771428,12.02124807,14.18117935,36.5398539,6.066367068,67.16963161,29.3384529,21.0894968215,0.9539409997,0.1146786404,57.25170822525714,0.1441962134,26.34249029,20.759931868514283,1.9059206056857143,22.51475897,0.42280435137142863,0.5442117412,0.0,3.591622254285715,5.317795205,-0.0532321761,0.0,0.1671880880499286,5.52,5.316788604,32.02987656,34.47495837,6.616532068714286,6.9237372,16.82083098,4.878658717842858,2.492402031,1.79214845,0.0,0.7151996025571428,0.0,2.448587176,0.0,0.049557151214285715,0.0,0.0,-9.994971573,72.93,5.113762321,82.41799134,1.79214845,0.0,0.8012119198542856,0.1763184789,0.008999154119,48.05971503,0.5283018868
145.4159357,152.27942352428573,155.651977,1.675279763,155.9095839,3.4309047647714284,158.1123377,2.842170518,3.302521008,2.7961807550428572,2.774155698,0.01227692022,49.02064596857142,0.48069877946999995,0.018859852175714283,0.6470588235,0.1836802621,1.6046717415428573,9.115699537,58.00176269057143,-8.048844056195716,-15.089078130157143,0.68682556727,-4.719285714285714,-0.4272851737,0.9113304311,6.027277397,1.194229067,1.9507554346857143,0.8789481886714284,0.00368,0.0,41.8666451816,6.448020180071429,0.019749238125485714,0.01400560224,0.7868459064728571,0.3246492986,0.4285123961,1.314743663,0.656724165282857,0.4955516111,1.1348176423885719,0.5702878682,0.8395543497,1.1180255929571428,1.08409351083,1.1279751734385712,0.5646047383,0.8618396671,1.0487113150085714,1.015724816,1.081130658,1.00186403834,0.9625558532314287,1.004732835,1.176404448,1.0591462997471426,1.0541421759200003,0.9430279775,1.0243551266000002,1.1390753082442857,1.058356074,1.0625243417542856,0.9885241671057142,1.147352423,1.114114114,1.101303434,1.0352609673042859,0.9437166964214285,0.8422281601,1.032126486255714,0.9941615067285716,1.0629880281214283,1.048841328,0.8785709376557143,1.0000366677842858,0.9849038221,0.8590043444,0.2142658912,2.284722222,1.945,0.7821315193,0.4505446226242857,0.4323664651,0.288757716,3.585559589014286,0.05450733753,0.038673363947,-0.3053781813,-0.02786567226,-0.09510029335,-0.0005208116516,-0.006168074024560002,2.0183213696,0.9705139174,17.2886037,30.63361268,1.682922378,2.126285714285714,2727.537531,30.0101113,-3.6788834832285717,-2.140492039,0.4678056847,2.100962012,-1.40387260699,-1.070419864,0.3082651875,-0.24821750480797142,0.32700071754399995,-0.13498761280071428,8.551568232771428,10.6824301,0.0,10.36057336,30.41697465,54.95175817,35.53529648,21.0894968215,0.9334302616,0.1556992848,57.25170822525714,0.07466042401,0.0,20.759931868514283,1.9059206056857143,28.58398029,0.42280435137142863,1.642882533,0.0,3.591622254285715,5.578765249,-0.0532321761,0.0,0.1671880880499286,5.36,5.316788604,5.687386275,29.72092241,6.616532068714286,18.25485007,11.25737949,4.878658717842858,2.477181776,1.958516657,0.0,0.7151996025571428,0.0,3.192282638,0.0,0.049557151214285715,0.0,0.0,0.0,92.31,4.590853691,1.804590026,2.331847077,0.0,0.8012119198542856,0.07129411522,0.0,34.41823681,0.5660377358
146.638395,152.27942352428573,154.5215311,1.70280329,155.8600735,3.4309047647714284,157.7571457,3.044375157,3.460784314,2.7961807550428572,2.88718087,0.01833869752,49.02064596857142,0.48069877946999995,0.018859852175714283,0.671875,0.2122861542,1.6046717415428573,9.257392753,58.00176269057143,-8.048844056195716,-15.089078130157143,0.68682556727,-4.719285714285714,-0.4344010557,0.9110327994,6.027292383,0.604984483,1.9507554346857143,0.8789481886714284,0.00427,0.0,41.8666451816,6.448020180071429,0.019749238125485714,0.01575126263,0.7868459064728571,0.3168103448,0.4540996929,1.619596074,0.656724165282857,0.482965531,1.1348176423885719,0.5662876615,0.8395543497,1.1180255929571428,1.08409351083,1.1279751734385712,0.4833515941,0.8472927869,1.0487113150085714,1.041088674,1.015450703,1.00186403834,0.9625558532314287,0.988472387,1.080762852,1.0591462997471426,1.0541421759200003,1.2920203,1.0243551266000002,1.1390753082442857,1.077807802,1.0625243417542856,0.9885241671057142,1.32011461,1.047761194,1.095117906,1.0352609673042859,0.9437166964214285,0.911205667,1.032126486255714,0.9941615067285716,1.0629880281214283,1.176205263,0.8785709376557143,1.0000366677842858,0.9792440684,0.7005702466,0.1895724926,1.729166667,1.837777778,0.654829932,0.4505446226242857,0.2711404006,0.269382716,3.585559589014286,0.05777777778,0.038673363947,-0.6052906347,-0.04070932252,-0.1499910509,-0.0006845049004,-0.006168074024560002,2.0183213696,0.9903375441,13.39518067,24.90338715,1.746043656,2.126285714285714,2181.607251,27.85793764,-3.6788834832285717,-2.869845335,0.2539588966,1.416112359,-1.40387260699,-0.5894079099,0.3194019802,-0.24821750480797142,0.32700071754399995,-0.13498761280071428,8.551568232771428,17.78197519,14.98529578,5.425791397,35.61190719,42.82867707,24.01174382,21.0894968215,0.8595269575,0.155564137,57.25170822525714,0.1169649632,4.736862954,20.759931868514283,1.9059206056857143,23.39264948,0.42280435137142863,0.0,0.0,3.591622254285715,0.0,-0.0532321761,7.430721208,0.1671880880499286,3.4,15.47944295,5.13155848,21.31540493,6.616532068714286,24.60668602,16.13452668,4.878658717842858,2.479029471,1.964749993,0.0,0.7151996025571428,0.0,3.383764881,4.920269352,0.049557151214285715,0.0,1.746328559,0.0,100.53,4.526849527,4.920269352,2.504808625,0.0,0.8012119198542856,0.1146045727,0.0,30.56486862,0.5714285714
145.845287,152.27942352428573,151.4372488,1.74238037,158.2896713,3.4309047647714284,160.3190581,2.76799441,3.372093023,2.7961807550428572,2.670670671,0.01319187032,49.02064596857142,0.48069877946999995,0.018859852175714283,0.6363636364,0.2005441069,1.6046717415428573,8.592592593,58.00176269057143,-8.048844056195716,-15.089078130157143,0.68682556727,-4.719285714285714,-0.4046588199,0.992941462,4.005253743,0.6049928079,1.9507554346857143,0.8789481886714284,0.00603,0.0,41.8666451816,6.448020180071429,0.019749238125485714,0.0404040404,0.7868459064728571,0.3567073171,0.4391404103,1.631223005,0.656724165282857,0.5490855299,1.1348176423885719,1.162209038,0.8395543497,1.1180255929571428,1.08409351083,1.1279751734385712,0.7508056036,0.8317018731,1.0487113150085714,0.9152027027,0.972972973,1.00186403834,0.9625558532314287,1.071794263,0.8590909091,1.0591462997471426,1.0541421759200003,1.104296116,1.0243551266000002,1.1390753082442857,1.077305507,1.0625243417542856,0.9885241671057142,1.099100862,1.069811321,1.265272463,1.0352609673042859,0.9437166964214285,1.57202316,1.032126486255714,0.9941615067285716,1.0629880281214283,1.048943436,0.8785709376557143,1.0000366677842858,0.7718421906,1.108593632,0.08244056729,1.263888889,1.184444444,0.3788208617,0.4505446226242857,0.1068279164,0.075625,3.585559589014286,0.06790123457,0.038673363947,-0.5424713612,0.06995145715,0.09903424648,-0.1647928792,-0.006168074024560002,2.0183213696,1.229540417,7.98925394,16.86175326,1.883312319,2.126285714285714,462.9605368,23.58492331,-3.6788834832285717,-1.369508954,0.7204509383,0.9676788122,-1.40387260699,-0.4607564351,0.05300832847,-0.24821750480797142,0.32700071754399995,-0.13498761280071428,8.551568232771428,5.007623697,9.499376415,5.098681808,47.23207271,25.12283841,16.81428926,21.0894968215,0.9073440865,0.2580581533,57.25170822525714,0.1375457188,0.0,20.759931868514283,1.9059206056857143,21.82845468,0.42280435137142863,0.8919732615,0.0,3.591622254285715,0.0,-0.0532321761,0.0,0.1671880880499286,3.84,5.733667477,5.687386275,14.59805822,6.616532068714286,6.9237372,5.563451492,4.878658717842858,2.484122564,2.084746438,0.0,0.7151996025571428,0.0,0.0,0.0,0.049557151214285715,0.0,0.0,0.0,56.21,4.013894017,1.841293462,2.084746438,0.0,0.8012119198542856,0.09878289721,0.0,27.38437883,0.5555555556
145.3165078,152.27942352428573,160.6433275,1.458525256,158.0086496,3.4309047647714284,158.6484334,2.716049383,2.494623656,2.7961807550428572,2.718567251,0.008049133928,49.02064596857142,0.48069877946999995,0.018859852175714283,0.6363636364,0.2203151295,1.6046717415428573,9.628808864,58.00176269057143,-8.048844056195716,-15.089078130157143,0.68682556727,-4.719285714285714,-0.4357148898,0.992941462,8.001917602,1.344599701,1.9507554346857143,0.8789481886714284,0.0181,0.0,41.8666451816,6.448020180071429,0.019749238125485714,0.0,0.7868459064728571,0.3719346049,0.3535119203,1.162937413,0.656724165282857,0.3891494684,1.1348176423885719,0.5144796976,0.8395543497,1.1180255929571428,1.08409351083,1.1279751734385712,0.5179597771,0.9073975544,1.0487113150085714,1.079545455,1.129370629,1.00186403834,0.9625558532314287,0.8827043675,1.329218107,1.0591462997471426,1.0541421759200003,0.9326360002,1.0243551266000002,1.1390753082442857,1.080539119,1.0625243417542856,0.9885241671057142,1.421613151,1.064351852,1.143518519,1.0352609673042859,0.9437166964214285,0.8730170777,1.032126486255714,0.9941615067285716,1.0629880281214283,1.14808631,0.8785709376557143,1.0000366677842858,1.155764564,1.297616362,0.01234567901,1.569444444,1.419444444,0.4907482993,0.4505446226242857,0.1456364953,0.065625,3.585559589014286,0.06790123457,0.038673363947,-0.1918062861,-0.002814254503,-0.08844269602,0.0761606167,-0.006168074024560002,2.0183213696,1.226772487,10.99723661,21.16131431,1.501782407,2.126285714285714,1747.666623,18.22532242,-3.6788834832285717,-1.742998914,1.003664723,1.226171421,-1.40387260699,-0.5430223149,-0.03492033894,-0.24821750480797142,0.32700071754399995,-0.13498761280071428,8.551568232771428,11.51114884,4.390415048,5.098681808,18.19910121,49.59430021,23.49606389,21.0894968215,0.8980356409,0.2134899131,57.25170822525714,0.09768963408,4.390415048,20.759931868514283,1.9059206056857143,22.51475897,0.42280435137142863,0.0,0.0,3.591622254285715,0.0,-0.0532321761,0.0,0.1671880880499286,4.49,0.0,4.390415048,14.76446326,6.616532068714286,12.74095804,17.80867761,4.878658717842858,2.529904177,1.977020209,0.0,0.7151996025571428,0.0,0.0,0.0,0.049557151214285715,0.0,0.0,0.0,30.71,3.992545729,15.31312551,2.916845338,0.0,0.8012119198542856,0.0940067503,0.0,24.41431234,0.5263157895
151.6958674,152.27942352428573,164.3691282,1.498207809,163.579493,3.4309047647714284,162.1065908,4.067155067,2.988505747,2.7961807550428572,3.684931507,0.02216603691,49.02064596857142,0.48069877946999995,0.018859852175714283,0.6696428571,0.177130724,1.6046717415428573,6.537414966,58.00176269057143,-8.048844056195716,-15.089078130157143,0.68682556727,-4.719285714285714,-0.4237101016,0.9728356492,8.00296162,1.402889494,1.9507554346857143,0.8789481886714284,0.0824,17.54162141,41.8666451816,6.448020180071429,0.019749238125485714,0.05735681369,0.7868459064728571,0.3826701376,0.4207352711,1.435669422,0.656724165282857,0.4403169014,1.1348176423885719,0.5907596523,0.8395543497,1.1180255929571428,1.08409351083,1.1279751734385712,0.5669738872,0.9231713684,1.0487113150085714,1.066786571,1.142899061,1.00186403834,0.9625558532314287,0.9550439611,1.15300477,1.0591462997471426,1.0541421759200003,0.9973481375,1.0243551266000002,1.1390753082442857,0.9415186773,1.0625243417542856,0.9885241671057142,0.6437365528,1.012520753,0.9137904349,1.0352609673042859,0.9437166964214285,1.126417538,1.032126486255714,0.9941615067285716,1.0629880281214283,1.052309654,0.8785709376557143,1.0000366677842858,0.9016704922,0.8392043054,0.1934516886,2.222222222,1.408888889,0.4972335601,0.4505446226242857,0.2418587805,0.224375,3.585559589014286,0.06565656566,0.038673363947,-0.4391655622,0.1166834985,0.03283940729,-0.1082080105,-0.006168074024560002,2.0183213696,0.6255686781,9.199015408,22.92697619,1.050127628,2.126285714285714,1366.631017,22.95959006,-3.6788834832285717,-2.597662782,0.90996284,1.708641997,-1.40387260699,-0.7516337811,-0.0619439651,-0.24821750480797142,0.32700071754399995,-0.13498761280071428,8.551568232771428,29.21259952,8.780830095,5.098681808,0.0,36.39820241,23.64452491,21.0894968215,0.7233075868,0.1498265858,57.25170822525714,0.09716042898,13.57536728,20.759931868514283,1.9059206056857143,11.25737949,0.42280435137142863,1.174354482,0.0,3.591622254285715,0.0,-0.0532321761,0.0,0.1671880880499286,2.49,11.05045608,20.15560264,25.65562151,6.616532068714286,11.63444168,0.0,4.878658717842858,2.463179155,0.0,0.0,0.7151996025571428,0.0,3.181753118,0.0,0.049557151214285715,0.0,0.0,0.0,98.72,4.300860603,29.01338893,-0.09724998213,0.0,0.8012119198542856,0.08263127639,0.0,33.04621867,0.5238095238
145.0689175,152.27942352428573,156.8329489,1.54407666,154.6385674,3.4309047647714284,156.1514694,2.926455026,2.696428571,2.7961807550428572,2.531986532,0.01672396569,49.02064596857142,0.48069877946999995,0.018859852175714283,0.66,0.2078171715,1.6046717415428573,10.46936347,58.00176269057143,-8.048844056195716,-15.089078130157143,0.68682556727,-4.719285714285714,-0.4356897963,0.9938451804,6.002808358,1.343837907,1.9507554346857143,0.8789481886714284,0.0258,0.0,41.8666451816,6.448020180071429,0.019749238125485714,0.01902564103,0.7868459064728571,0.3687150838,0.3251090437,1.221432971,0.656724165282857,0.4850476503,1.1348176423885719,0.8730576808,0.8395543497,1.1180255929571428,1.08409351083,1.1279751734385712,0.6112185644,0.9021297811,1.0487113150085714,1.105212256,1.044547059,1.00186403834,0.9625558532314287,0.8472994572,1.294992433,1.0591462997471426,1.0541421759200003,0.9305575393,1.0243551266000002,1.1390753082442857,1.076403058,1.0625243417542856,0.9885241671057142,1.114590907,1.231441878,1.207486346,1.0352609673042859,0.9437166964214285,0.7769185816,1.032126486255714,0.9941615067285716,1.0629880281214283,1.208404142,0.8785709376557143,1.0000366677842858,0.8915905022,1.159540554,0.01234567901,1.631944444,1.587777778,0.4540136054,0.4505446226242857,0.1428571429,0.04125,3.585559589014286,0.06349206349,0.038673363947,-0.3451087007,0.08639322549,-0.0982757282,0.01575294297,-0.006168074024560002,2.0183213696,1.232866591,14.17941827,26.6775463,1.667853127,2.126285714285714,1980.220121,19.33803286,-3.6788834832285717,-1.875348091,1.034089304,1.394845955,-1.40387260699,-0.6117493604,0.1481862638,-0.24821750480797142,0.32700071754399995,-0.13498761280071428,8.551568232771428,11.44343983,0.0,5.098681808,6.066367068,54.80329715,35.58204725,21.0894968215,0.8567804635,0.2938856825,57.25170822525714,0.1695781641,5.106527395,20.759931868514283,1.9059206056857143,28.26427081,0.42280435137142863,1.794073077,0.0,3.591622254285715,0.0,-0.0532321761,0.0,0.1671880880499286,3.52,0.0,0.0,24.85496918,6.616532068714286,0.0,12.11474962,4.878658717842858,2.553307464,0.0,0.0,0.7151996025571428,9.971024987,0.0,0.0,0.049557151214285715,0.0,0.0,0.0,63.83,4.33105758,2.091672336,0.9339613253,0.0,0.8012119198542856,0.130682846,0.0,28.3756861,0.5853658537
150.7422912,152.27942352428573,162.1886413,1.455619542,162.5938958,3.4309047647714284,164.0970986,3.283639144,3.239316239,2.7961807550428572,3.201951952,0.01826139493,49.02064596857142,0.48069877946999995,0.018859852175714283,0.6833333333,0.2081978856,1.6046717415428573,8.5504,58.00176269057143,-8.048844056195716,-15.089078130157143,0.68682556727,-4.719285714285714,-0.3794991276,0.9930113507,8.001919155,1.297044434,1.9507554346857143,0.8789481886714284,0.0272,0.0,41.8666451816,6.448020180071429,0.019749238125485714,0.04822510823,0.7868459064728571,0.3478701826,0.3614551433,1.506769354,0.656724165282857,0.5162037037,1.1348176423885719,0.6114093661,0.8395543497,1.1180255929571428,1.08409351083,1.1279751734385712,0.6107986111,0.9278108045,1.0487113150085714,1.029146635,1.098214286,1.00186403834,0.9625558532314287,1.004565131,1.107034413,1.0591462997471426,1.0541421759200003,0.9986354361,1.0243551266000002,1.1390753082442857,1.021028037,1.0625243417542856,0.9885241671057142,1.177517264,1.003440367,1.003440367,1.0352609673042859,0.9437166964214285,1.234388443,1.032126486255714,0.9941615067285716,1.0629880281214283,0.9514910341,0.8785709376557143,1.0000366677842858,1.067768388,1.413461538,0.1895724926,1.729166667,1.797777778,0.7112018141,0.4505446226242857,0.2769274376,0.250933642,3.585559589014286,0.05555555556,0.038673363947,-0.4288343427,-0.04063623293,0.01041813691,-0.002523011177,-0.006168074024560002,2.0183213696,0.9951482204,12.12884096,22.92586712,1.409998403,2.126285714285714,2550.998192,28.84315424,-3.6788834832285717,-2.450030778,1.066066097,1.926847823,-1.40387260699,-0.908020336,-0.0716939821,-0.24821750480797142,0.32700071754399995,-0.13498761280071428,8.551568232771428,17.9801607,14.3667983,0.0,24.27512131,31.19885851,29.22074076,21.0894968215,0.8234576823,0.1466441363,57.25170822525714,0.07339749766,4.390415048,20.759931868514283,1.9059206056857143,11.38785599,0.42280435137142863,0.0,0.0,3.591622254285715,0.0,-0.0532321761,7.562182332,0.1671880880499286,3.13,10.74258,10.07780132,32.46515906,6.616532068714286,12.74095804,17.21226049,4.878658717842858,2.483511858,1.774165069,0.0,0.7151996025571428,0.0,6.42444368,0.0,0.049557151214285715,-0.0649086011,1.888830126,0.0,81.23,4.555745886,14.08994541,2.270202642,0.0,0.8012119198542856,0.06799176425,0.0,29.07485563,0.56
144.396871,152.27942352428573,155.9222516,1.594922804,156.1388795,3.4309047647714284,155.5955983,2.511753086,3.045112782,2.7961807550428572,2.431495405,0.009586985303,49.02064596857142,0.48069877946999995,0.018859852175714283,0.6287878788,0.1996472711,1.6046717415428573,9.840561224,58.00176269057143,-8.048844056195716,-15.089078130157143,0.68682556727,-4.719285714285714,-0.4322499614,0.9779513541,3.042254454,1.193723817,1.9507554346857143,0.8789481886714284,0.00113,0.0,41.8666451816,6.448020180071429,0.019749238125485714,0.0137849079,0.7868459064728571,0.3,0.3852515623,1.333115534,0.656724165282857,0.5554677263,1.1348176423885719,0.8604551277,0.8395543497,1.1180255929571428,1.08409351083,1.1279751734385712,0.8502401086,0.9215521192,1.0487113150085714,1.049631764,1.131798458,1.00186403834,0.9625558532314287,0.9675182862,1.181147746,1.0591462997471426,1.0541421759200003,1.020001485,1.0243551266000002,1.1390753082442857,1.110387113,1.0625243417542856,0.9885241671057142,1.218158101,1.086432277,1.124007862,1.0352609673042859,0.9437166964214285,0.9936761116,1.032126486255714,0.9941615067285716,1.0629880281214283,1.009553952,0.8785709376557143,1.0000366677842858,1.008442245,0.8952308297,0.1809019488,1.722222222,2.033888889,0.7152380952,0.4505446226242857,0.2885015117,0.348757716,3.585559589014286,0.05664488017,0.038673363947,-0.2821036885,0.01313068563,-0.1596273132,0.02197625804,-0.006168074024560002,2.0183213696,1.088002972,22.5010088,30.75936659,1.813992266,2.126285714285714,3033.715364,27.8533095,-3.6788834832285717,-2.520913302,1.097971565,1.531711589,-1.40387260699,-1.145074,0.4534234876,-0.24821750480797142,0.32700071754399995,-0.13498761280071428,8.551568232771428,5.693927995,0.0,5.098681808,48.61607585,54.95175817,47.69025515,21.0894968215,0.9634091712,0.1732768316,57.25170822525714,0.08269002881,0.0,20.759931868514283,1.9059206056857143,22.51475897,0.42280435137142863,2.069766482,0.0,3.591622254285715,5.560216427,-0.0532321761,0.0,0.1671880880499286,6.29,5.316788604,5.687386275,24.73694389,6.616532068714286,6.9237372,12.11474962,4.878658717842858,2.474740486,1.99558434,0.0,0.7151996025571428,0.0,3.295569203,0.0,0.049557151214285715,0.0,0.0,0.0,55.63,4.498005413,1.959418462,2.668817916,0.0,0.8012119198542856,0.0761440227,0.0,34.97741995,0.5535714286
147.1267119,152.27942352428573,153.8608868,1.694861495,154.9474118,3.4309047647714284,157.9163259,2.805503243,3.030769231,2.7961807550428572,2.573178017,0.02132887365,49.02064596857142,0.48069877946999995,0.018859852175714283,0.6742424242,0.2220834814,1.6046717415428573,15.56826446,58.00176269057143,-8.048844056195716,-15.089078130157143,0.68682556727,-4.719285714285714,-0.5295654778,0.9872001172,3.514939731,0.6049838681,1.9507554346857143,0.8789481886714284,0.00456,0.0,41.8666451816,6.448020180071429,0.019749238125485714,0.01550802139,0.7868459064728571,0.3396226415,0.3384265015,1.435611588,0.656724165282857,0.5115082857,1.1348176423885719,0.8525729584,0.8395543497,1.1180255929571428,1.08409351083,1.1279751734385712,1.04286882,0.720369697,1.0487113150085714,1.099683219,1.077860707,1.00186403834,0.9625558532314287,0.9834105964,1.112139785,1.0591462997471426,1.0541421759200003,1.31437753,1.0243551266000002,1.1390753082442857,1.106518076,1.0625243417542856,0.9885241671057142,1.503401069,0.9311583188,1.131224633,1.0352609673042859,0.9437166964214285,0.8187761365,1.032126486255714,0.9941615067285716,1.0629880281214283,0.9959406627,0.8785709376557143,1.0000366677842858,0.9512703998,0.7071105374,0.2026303438,2.166666667,2.148888889,0.696462585,0.4505446226242857,0.3023904006,0.3740740741,3.585559589014286,0.05555555556,0.038673363947,-0.4242943601,0.0894010859,-0.3073005327,0.1473669127,-0.006168074024560002,2.0183213696,1.02982929,9.781768621,24.43877474,1.853960323,2.126285714285714,2815.879878,30.15670869,-3.6788834832285717,-2.973848323,0.2536841619,1.320090861,-1.40387260699,-0.7640507689,0.3899701285,-0.24821750480797142,0.32700071754399995,-0.13498761280071428,8.551568232771428,23.53148702,14.98529578,5.425791397,23.47917305,42.82867707,30.07811089,21.0894968215,0.8600628176,0.1755339538,57.25170822525714,0.07810139099,9.473725908,20.759931868514283,1.9059206056857143,22.88687966,0.42280435137142863,0.0,0.0,3.591622254285715,0.0,-0.0532321761,7.494747653,0.1671880880499286,3.94,20.21630591,5.13155848,35.53500001,6.616532068714286,13.08951281,16.13452668,4.878658717842858,2.479345253,5.268518982,0.0,0.7151996025571428,0.0,3.4444161,10.77109426,0.049557151214285715,0.0,1.762033457,0.0,85.97,4.587777999,10.77109426,2.551246566,3.290001115,0.8012119198542856,0.1146045727,0.0,32.34373128,0.5090909091
147.0329911,152.27942352428573,158.2622088,1.484819103,157.8935981,3.4309047647714284,156.8019839,2.882382382,2.946902655,2.7961807550428572,2.479372937,0.01459830968,49.02064596857142,0.48069877946999995,0.018859852175714283,0.6759259259,0.221657483,1.6046717415428573,12.29395085,58.00176269057143,-8.048844056195716,-15.089078130157143,0.68682556727,-4.719285714285714,-0.441058727,0.987931948,6.002696927,1.353059441,1.9507554346857143,0.8789481886714284,0.0891,0.0,41.8666451816,6.448020180071429,0.019749238125485714,0.01794532628,0.7868459064728571,0.3350649351,0.3100456851,1.30043801,0.656724165282857,0.5314574689,1.1348176423885719,0.890275112,0.8395543497,1.1180255929571428,1.08409351083,1.1279751734385712,0.9203548982,0.8879610889,1.0487113150085714,1.062545692,0.9888228588,1.00186403834,0.9625558532314287,0.8620849799,1.222453865,1.0591462997471426,1.0541421759200003,0.9027420747,1.0243551266000002,1.1390753082442857,1.107528804,1.0625243417542856,0.9885241671057142,0.9433872987,1.083866224,1.074860519,1.0352609673042859,0.9437166964214285,0.7673070186,1.032126486255714,0.9941615067285716,1.0629880281214283,1.10744448,0.8785709376557143,1.0000366677842858,1.012321638,0.8199039674,0.06530149985,1.861111111,1.379444444,0.533015873,0.4505446226242857,0.1985701688,0.0931404321,3.585559589014286,0.06565656566,0.038673363947,-0.3109469315,-0.005201873696,-0.031618951,0.02402220473,-0.006168074024560002,2.0183213696,1.107802369,18.09991009,25.69979338,1.798185678,2.126285714285714,2241.548538,29.43528542,-3.6788834832285717,-1.755134442,1.111402049,0.8956741028,-1.40387260699,-0.7502124358,0.2027632544,-0.24821750480797142,0.32700071754399995,-0.13498761280071428,8.551568232771428,5.693927995,4.983978521,5.098681808,18.20875424,42.3257615,24.91193343,21.0894968215,0.8627008016,0.1961319791,57.25170822525714,0.1039478473,5.106527395,20.759931868514283,1.9059206056857143,22.51475897,0.42280435137142863,2.018777006,0.0,3.591622254285715,0.0,-0.0532321761,4.250093418,0.1671880880499286,2.71,0.0,0.0,36.02895079,6.616532068714286,0.0,12.11474962,4.878658717842858,2.544795296,0.0,0.0,0.7151996025571428,9.15088575,0.0,0.0,0.049557151214285715,0.0,0.0,0.0,68.76,4.40918586,4.112770601,1.700713351,0.0,0.8012119198542856,0.1288113406,0.0,25.24015988,0.5
147.6075591,152.27942352428573,158.6008728,1.523882004,158.703596,3.4309047647714284,161.0990231,3.045654565,3.214953271,2.7961807550428572,2.88599537,0.01865184647,49.02064596857142,0.48069877946999995,0.018859852175714283,0.6810344828,0.209230388,1.6046717415428573,9.372566772,58.00176269057143,-8.048844056195716,-15.089078130157143,0.68682556727,-4.719285714285714,-0.5162590627,0.9938424863,3.510577866,1.434531922,1.9507554346857143,0.8789481886714284,0.0391,0.0,41.8666451816,6.448020180071429,0.019749238125485714,0.01697318008,0.7868459064728571,0.3203883495,0.3949479381,1.479177485,0.656724165282857,0.4864260567,1.1348176423885719,0.8569012904,0.8395543497,1.1180255929571428,1.08409351083,1.1279751734385712,0.9209631689,0.8974144661,1.0487113150085714,1.070404807,1.143721032,1.00186403834,0.9625558532314287,0.9584601293,1.137894737,1.0591462997471426,1.0541421759200003,1.033097739,1.0243551266000002,1.1390753082442857,0.9143386003,1.0625243417542856,0.9885241671057142,1.199860695,0.9593945414,0.9748484242,1.0352609673042859,0.9437166964214285,1.214142928,1.032126486255714,0.9941615067285716,1.0629880281214283,0.9058522987,0.8785709376557143,1.0000366677842858,1.054029138,0.9823189696,0.1365146414,1.416666667,1.606666667,0.5331972789,0.4505446226242857,0.2398904006,0.164691358,3.585559589014286,0.05797101449,0.038673363947,-0.4519285258,0.07028636884,0.04905813658,-0.03916367122,-0.006168074024560002,2.0183213696,0.9415406489,14.22659736,22.82523952,1.92213901,2.126285714285714,2067.300743,30.216055,-3.6788834832285717,-2.366273214,0.7629932834,1.684487714,-1.40387260699,-0.8805438335,0.2719262098,-0.24821750480797142,0.32700071754399995,-0.13498761280071428,8.551568232771428,24.51933366,14.98529578,5.425791397,30.34148838,37.26522558,17.46698741,21.0894968215,0.8866723896,0.203750442,57.25170822525714,0.09269389143,4.736862954,20.759931868514283,1.9059206056857143,17.13736782,0.42280435137142863,0.0,0.0,3.591622254285715,0.0,-0.0532321761,7.358504747,0.1671880880499286,3.04,10.16265435,0.0,26.29938345,6.616532068714286,13.08951281,17.21226049,4.878658717842858,2.478793984,1.972652724,0.0,0.7151996025571428,0.0,0.0,5.87198166,0.049557151214285715,0.0,1.733737534,0.0,80.5,4.473770881,5.87198166,2.300429242,0.0,0.8012119198542856,0.06365387513,0.0,32.18596602,0.5957446809
144.9044843,152.27942352428573,154.7277747,1.595267208,159.3972822,3.4309047647714284,160.5652797,3.332716049,2.93902439,2.7961807550428572,3.166666667,0.01898525196,49.02064596857142,0.48069877946999995,0.018859852175714283,0.6346153846,0.176788935,1.6046717415428573,9.503401361,58.00176269057143,-8.048844056195716,-15.089078130157143,0.68682556727,-4.719285714285714,-0.3816817224,0.9929407504,8.00191865,1.381899406,1.9507554346857143,0.8789481886714284,0.00218,0.0,41.8666451816,6.448020180071429,0.019749238125485714,0.03703558346,0.7868459064728571,0.3652879784,0.394676401,1.342261376,0.656724165282857,0.5038001543,1.1348176423885719,0.7023968465,0.8395543497,1.1180255929571428,1.08409351083,1.1279751734385712,0.594488226,0.8988177494,1.0487113150085714,1.16548812,0.98840391,1.00186403834,0.9625558532314287,1.005754583,1.183948486,1.0591462997471426,1.0541421759200003,0.9925271305,1.0243551266000002,1.1390753082442857,1.141185036,1.0625243417542856,0.9885241671057142,0.8348092918,0.880204461,1.146006944,1.0352609673042859,0.9437166964214285,1.052159668,1.032126486255714,0.9941615067285716,1.0629880281214283,1.025088238,0.8785709376557143,1.0000366677842858,0.8603044595,0.7207976725,0.1404958678,2.1875,1.462222222,0.386122449,0.4505446226242857,0.2302847065,0.184375,3.585559589014286,0.07046070461,0.038673363947,-0.4477815531,-0.09017916287,-0.1006619025,-0.09457652411,-0.006168074024560002,2.0183213696,0.9644558743,11.26959012,25.33152128,1.445297164,2.126285714285714,923.330762,22.41989402,-3.6788834832285717,-2.308622725,0.9940593919,1.767059098,-1.40387260699,-0.8289668641,0.2360711924,-0.24821750480797142,0.32700071754399995,-0.13498761280071428,8.551568232771428,11.56673267,4.390415048,0.0,17.69618563,49.38830668,23.64452491,21.0894968215,0.8108683789,0.2585610159,57.25170822525714,0.1494411664,9.496942443,20.759931868514283,1.9059206056857143,17.00689132,0.42280435137142863,1.323246814,0.0,3.591622254285715,0.0,-0.0532321761,0.0,0.1671880880499286,4.61,5.316788604,15.7651876,15.07448444,6.616532068714286,12.74095804,5.563451492,4.878658717842858,2.432294,1.913615089,0.0,0.7151996025571428,10.18764651,3.269526172,0.0,0.049557151214285715,0.0,0.0,0.0,58.04,4.545341807,14.17340334,1.913615089,0.0,0.8012119198542856,0.08469947665,0.0,26.67117399,0.5476190476
150.1287662,152.27942352428573,160.8410993,1.497581915,160.5068487,3.4309047647714284,162.457208,3.008913765,3.0,2.7961807550428572,2.832888889,0.01876581317,49.02064596857142,0.48069877946999995,0.018859852175714283,0.6818181818,0.2099694876,1.6046717415428573,12.33190083,58.00176269057143,-8.048844056195716,-15.089078130157143,0.68682556727,-4.719285714285714,-0.3832872774,0.9728874708,7.00827392,1.434073753,1.9507554346857143,0.8789481886714284,0.0997,0.0,41.8666451816,6.448020180071429,0.019749238125485714,0.04335016835,0.7868459064728571,0.347639485,0.3759552592,1.644646751,0.656724165282857,0.4658620539,1.1348176423885719,0.6577656272,0.8395543497,1.1180255929571428,1.08409351083,1.1279751734385712,0.5831065625,0.9051268693,1.0487113150085714,1.067178337,1.182222662,1.00186403834,0.9625558532314287,0.952347714,1.161331007,1.0591462997471426,1.0541421759200003,1.013297008,1.0243551266000002,1.1390753082442857,0.9498613445,1.0625243417542856,0.9885241671057142,1.005961287,0.9007303728,0.9933046848,1.0352609673042859,0.9437166964214285,1.222162933,1.032126486255714,0.9941615067285716,1.0629880281214283,0.9358385995,0.8785709376557143,1.0000366677842858,1.033939994,0.5113402829,0.2605836139,1.854166667,1.997777778,0.6131972789,0.4505446226242857,0.3699058327,0.2540740741,3.585559589014286,0.0641025641,0.038673363947,-0.5664426947,0.05411211629,-0.06423802124,-0.1010351581,-0.006168074024560002,2.0183213696,0.9200813579,11.76696401,25.23371231,1.853900313,2.126285714285714,3184.061503,23.48571641,-3.6788834832285717,-2.864608124,0.589946109,1.343688942,-1.40387260699,-0.5588379815,0.129478891,-0.24821750480797142,0.32700071754399995,-0.13498761280071428,8.551568232771428,12.16293986,14.98529578,5.425791397,24.27512131,37.26522558,24.39072461,21.0894968215,0.8525083259,0.1319175692,57.25170822525714,0.07749483598,4.794537184,20.759931868514283,1.9059206056857143,11.38785599,0.42280435137142863,0.0,0.0,3.591622254285715,0.0,-0.0532321761,7.310006535,0.1671880880499286,2.38,16.05936861,11.37477255,32.20656318,6.616532068714286,13.08951281,24.13599769,4.878658717842858,2.479564954,3.449495526,0.0,0.7151996025571428,0.0,6.199811902,0.0,0.049557151214285715,0.0,1.721292652,0.0,112.4,4.591571285,0.0,3.881026768,0.0,0.8012119198542856,0.08448720846,0.0,31.86602872,0.5090909091
148.0142773,152.27942352428573,155.3282134,1.68158777,156.8633083,3.4309047647714284,159.3722988,2.902469136,3.411214953,2.7961807550428572,2.734626136,0.01191697446,49.02064596857142,0.48069877946999995,0.018859852175714283,0.6612903226,0.1903400822,1.6046717415428573,11.7136,58.00176269057143,-8.048844056195716,-15.089078130157143,0.68682556727,-4.719285714285714,-0.4158683044,0.977954765,3.06600847,1.197963465,1.9507554346857143,0.8789481886714284,0.00239,0.0,41.8666451816,6.448020180071429,0.019749238125485714,0.01559139785,0.7868459064728571,0.3502202643,0.419490948,1.530777925,0.656724165282857,0.4705334827,1.1348176423885719,0.8625152227,0.8395543497,1.1180255929571428,1.08409351083,1.1279751734385712,0.7414374579,0.8245444986,1.0487113150085714,1.007194245,1.059544482,1.00186403834,0.9625558532314287,0.9996451684,1.049329483,1.0591462997471426,1.0541421759200003,0.9929957002,1.0243551266000002,1.1390753082442857,1.004810395,1.0625243417542856,0.9885241671057142,1.037860603,1.083496839,1.062498995,1.0352609673042859,0.9437166964214285,1.341131133,1.032126486255714,0.9941615067285716,1.0629880281214283,1.118731664,0.8785709376557143,1.0000366677842858,1.018318996,0.9689473348,0.1695724926,1.979166667,2.002777778,0.736462585,0.4505446226242857,0.3482221592,0.269382716,3.585559589014286,0.06666666667,0.038673363947,-0.4483522929,-0.004987411384,0.01389165977,0.01227528567,-0.006168074024560002,2.0183213696,1.152975931,11.91980475,24.4497476,1.534179106,2.126285714285714,2013.853583,27.81905609,-3.6788834832285717,-1.893286438,0.9532300442,1.191549598,-1.40387260699,-1.046102252,0.3538339438,-0.24821750480797142,0.32700071754399995,-0.13498761280071428,8.551568232771428,12.02124807,14.18117935,10.19736362,18.19910121,73.59045324,29.3384529,21.0894968215,0.9447779599,0.1590692995,57.25170822525714,0.09516888768,0.0,20.759931868514283,1.9059206056857143,22.51475897,0.42280435137142863,0.7582071395,0.0,3.591622254285715,5.650160095,-0.0532321761,0.0,0.1671880880499286,3.88,5.316788604,5.687386275,34.47495837,6.616532068714286,13.8474744,11.25737949,4.878658717842858,2.489329897,4.008661771,0.0,0.7151996025571428,0.0,3.264420509,0.0,0.049557151214285715,0.0,0.0,0.0,72.93,4.617412528,3.405551724,4.008661771,0.0,0.8012119198542856,0.1048899075,0.0,30.59601634,0.56
149.2712213,152.27942352428573,158.8721414,1.529342206,159.3912007,3.4309047647714284,162.4763837,2.877394636,3.089430894,2.7961807550428572,2.708576998,0.02003942051,49.02064596857142,0.48069877946999995,0.018859852175714283,0.685483871,0.2114118318,1.6046717415428573,12.75,58.00176269057143,-8.048844056195716,-15.089078130157143,0.68682556727,-4.719285714285714,-0.529171611,0.9878600702,3.513572326,1.43420064,1.9507554346857143,0.8789481886714284,0.035,0.0,41.8666451816,6.448020180071429,0.019749238125485714,0.0312153796,0.7868459064728571,0.3348519362,0.3366721259,1.500332517,0.656724165282857,0.4944376026,1.1348176423885719,0.876613779,0.8395543497,1.1180255929571428,1.08409351083,1.1279751734385712,0.9156935468,0.8419023279,1.0487113150085714,1.119047619,1.139575351,1.00186403834,0.9625558532314287,0.9742927238,1.100985222,1.0591462997471426,1.0541421759200003,1.078266968,1.0243551266000002,1.1390753082442857,0.9568916813,1.0625243417542856,0.9885241671057142,1.255892368,0.9236453202,0.9941934205,1.0352609673042859,0.9437166964214285,0.8274635937,1.032126486255714,0.9941615067285716,1.0629880281214283,0.9273145603,0.8785709376557143,1.0000366677842858,1.074385005,0.8672381263,0.1695724926,1.729166667,1.837777778,0.614829932,0.4505446226242857,0.2711404006,0.269382716,3.585559589014286,0.0589569161,0.038673363947,-0.4468943195,0.06794930524,-0.09772703738,0.1054316512,-0.006168074024560002,2.0183213696,0.9551533645,11.82790416,24.11537292,1.914654767,2.126285714285714,2216.818738,29.55941196,-3.6788834832285717,-2.367358994,1.313416619,1.635695528,-1.40387260699,-0.9684317067,0.1217578273,-0.24821750480797142,0.32700071754399995,-0.13498761280071428,8.551568232771428,17.91245169,14.98529578,5.425791397,18.20875424,37.26522558,29.22074076,21.0894968215,0.8681464933,0.1859088621,57.25170822525714,0.08270546158,4.736862954,20.759931868514283,1.9059206056857143,17.13736782,0.42280435137142863,0.0,0.0,3.591622254285715,0.0,-0.0532321761,7.393476832,0.1671880880499286,2.77,15.47944295,5.687386275,33.40918099,6.616532068714286,13.08951281,17.21226049,4.878658717842858,2.479015615,3.636171301,0.0,0.7151996025571428,0.0,3.394299624,5.30040824,0.049557151214285715,0.0,1.741700688,0.0,92.53,4.520309251,5.30040824,2.503787692,1.657733824,0.8012119198542856,0.06365387513,0.0,28.3970158,0.5384615385
145.2910006,152.27942352428573,158.553924,1.451431216,159.1155841,3.4309047647714284,157.8265275,2.808917997,2.961538462,2.7961807550428572,2.383658468,0.02117709673,49.02064596857142,0.48069877946999995,0.018859852175714283,0.6590909091,0.2345794538,1.6046717415428573,10.08710372,58.00176269057143,-8.048844056195716,-15.089078130157143,0.68682556727,-4.719285714285714,-0.4868865925,0.977951217,7.008272631,0.6101341164,1.9507554346857143,0.8789481886714284,0.00176,0.0,41.8666451816,6.448020180071429,0.019749238125485714,0.03007215007,0.7868459064728571,0.3138075314,0.3152322285,1.570230741,0.656724165282857,0.5061776569,1.1348176423885719,0.6565401086,0.8395543497,1.1180255929571428,1.08409351083,1.1279751734385712,0.6613212159,0.9536987168,1.0487113150085714,1.0155902,1.076190141,1.00186403834,0.9625558532314287,0.951448647,1.081524836,1.0591462997471426,1.0541421759200003,1.046917377,1.0243551266000002,1.1390753082442857,1.154903175,1.0625243417542856,0.9885241671057142,1.105881511,1.17040578,1.181591634,1.0352609673042859,0.9437166964214285,0.6957200333,1.032126486255714,0.9941615067285716,1.0629880281214283,1.160441693,0.8785709376557143,1.0000366677842858,1.058417966,0.8244158746,0.1378512397,1.888888889,1.669444444,0.722675737,0.4505446226242857,0.3061696901,0.2409490741,3.585559589014286,0.05664488017,0.038673363947,-0.5439457755,-0.098574729,-0.1319730239,0.08778937804,-0.006168074024560002,2.0183213696,0.9750851305,15.29994029,25.05237829,1.889150038,2.126285714285714,3607.172973,20.3887335,-3.6788834832285717,-3.472281551,1.360497209,1.556351432,-1.40387260699,-0.5635421143,0.4236569362,-0.24821750480797142,0.32700071754399995,-0.13498761280071428,8.551568232771428,16.52595619,9.967957042,0.0,18.19910121,50.09721579,35.16647178,21.0894968215,0.8378250354,0.1574361246,57.25170822525714,0.08010749572,14.26826309,20.759931868514283,1.9059206056857143,33.45795484,0.42280435137142863,0.0,0.0,3.591622254285715,0.0,-0.0532321761,0.0,0.1671880880499286,6.69,14.79051451,5.687386275,27.6520576,6.616532068714286,6.9237372,30.78079736,4.878658717842858,2.482842195,1.980461182,0.0,0.7151996025571428,0.0,2.928236546,10.99806812,0.049557151214285715,0.0,0.0,0.0,89.13,4.371118968,10.99806812,2.219939982,0.0,0.8012119198542856,0.07931626887,0.0,33.96432435,0.5438596491
147.7994006,152.27942352428573,155.8522294,1.60297111,160.0308049,3.4309047647714284,160.6537243,2.826466916,2.888888889,2.7961807550428572,3.158408408,0.01455029339,49.02064596857142,0.48069877946999995,0.018859852175714283,0.6666666667,0.1869038914,1.6046717415428573,11.92899408,58.00176269057143,-8.048844056195716,-15.089078130157143,0.68682556727,-4.719285714285714,-0.4110187125,0.977764313,7.008280435,1.404458667,1.9507554346857143,0.8789481886714284,0.0485,0.0,41.8666451816,6.448020180071429,0.019749238125485714,0.02061111111,0.7868459064728571,0.3882352941,0.365028387,1.534657737,0.656724165282857,0.3987250789,1.1348176423885719,0.5947198647,0.8395543497,1.1180255929571428,1.08409351083,1.1279751734385712,0.569877515,0.7987248069,1.0487113150085714,1.180706113,1.086715726,1.00186403834,0.9625558532314287,0.9690246894,1.238811728,1.0591462997471426,1.0541421759200003,0.9199925383,1.0243551266000002,1.1390753082442857,1.056989539,1.0625243417542856,0.9885241671057142,0.7253856819,1.087841587,1.013604736,1.0352609673042859,0.9437166964214285,0.9341794455,1.032126486255714,0.9941615067285716,1.0629880281214283,1.204140538,0.8785709376557143,1.0000366677842858,0.8524864064,1.508839057,0.04530149985,1.875,1.588888889,0.6570975057,0.4505446226242857,0.1491480852,0.12125,3.585559589014286,0.07977207977,0.038673363947,-0.5411689529,-0.07214060326,-0.06553627258,0.1824664382,-0.006168074024560002,2.0183213696,1.012013889,6.471547555,18.20753213,1.413202089,2.126285714285714,1492.328419,18.1513505,-3.6788834832285717,-2.046563055,0.6287086609,1.528382553,-1.40387260699,-0.5357268874,0.2568688097,-0.24821750480797142,0.32700071754399995,-0.13498761280071428,8.551568232771428,0.0,14.64975998,5.098681808,12.13273414,43.67639416,11.25737949,21.0894968215,0.8468176787,0.1793716673,57.25170822525714,0.1480783452,0.0,20.759931868514283,1.9059206056857143,17.07524226,0.42280435137142863,1.221528093,0.0,3.591622254285715,0.0,-0.0532321761,0.0,0.1671880880499286,3.48,5.559266895,0.0,24.73242031,6.616532068714286,13.8474744,11.25737949,4.878658717842858,2.485124195,3.937569546,0.0,0.7151996025571428,0.0,0.0,0.0,0.049557151214285715,0.0,0.0,0.0,76.46,4.382906562,1.799661754,3.937569546,0.0,0.8012119198542856,0.1096839966,0.0,25.85598978,0.5384615385
144.9591998,152.27942352428573,154.647031,1.527389017,158.0902222,3.4309047647714284,156.1571572,2.569194943,2.952095808,2.7961807550428572,2.501141553,0.0113255609,49.02064596857142,0.48069877946999995,0.018859852175714283,0.6571428571,0.2125524305,1.6046717415428573,16.31139438,58.00176269057143,-8.048844056195716,-15.089078130157143,0.68682556727,-4.719285714285714,-0.4947415004,0.9888899919,3.511120661,1.34383709,1.9507554346857143,0.8789481886714284,0.000923,0.0,41.8666451816,6.448020180071429,0.019749238125485714,0.0,0.7868459064728571,0.3445544554,0.2972657446,1.250955279,0.656724165282857,0.4944062129,1.1348176423885719,0.7876431795,0.8395543497,1.1180255929571428,1.08409351083,1.1279751734385712,0.8254589026,0.8209672109,1.0487113150085714,1.020013439,1.0072368,1.00186403834,0.9625558532314287,0.9918611918,1.117283737,1.0591462997471426,1.0541421759200003,0.8165644756,1.0243551266000002,1.1390753082442857,1.010863407,1.0625243417542856,0.9885241671057142,1.124030396,1.005180053,1.036668013,1.0352609673042859,0.9437166964214285,0.9065771212,1.032126486255714,0.9941615067285716,1.0629880281214283,1.025273879,0.8785709376557143,1.0000366677842858,0.9542102622,1.437583871,0.1459116417,2.131944444,2.09,0.8368707483,0.4505446226242857,0.3028470648,0.269691358,3.585559589014286,0.05458089669,0.038673363947,-0.2338012371,0.01546626341,-0.1102295767,0.1062491757,-0.006168074024560002,2.0183213696,1.26477354,23.3351397,37.60678778,1.823401211,2.126285714285714,2771.379838,26.98987973,-3.6788834832285717,-2.880679388,1.990650749,1.943681374,-1.40387260699,-0.751257403,-0.03370317351,-0.24821750480797142,0.32700071754399995,-0.13498761280071428,8.551568232771428,17.19295166,0.0,5.098681808,18.19910121,86.59482674,42.12680366,21.0894968215,0.941628561,0.2090805286,57.25170822525714,0.05837999226,4.736862954,20.759931868514283,1.9059206056857143,34.01378264,0.42280435137142863,1.981673861,0.0,3.591622254285715,0.0,-0.0532321761,0.0,0.1671880880499286,5.11,4.736862954,0.0,38.74369548,6.616532068714286,0.0,17.67820111,4.878658717842858,2.554842385,4.139939267,0.0,0.7151996025571428,0.0,0.0,6.251749727,0.049557151214285715,0.0,2.153200163,0.0,56.07,4.491463272,8.391873184,1.843518489,4.139939267,0.8012119198542856,0.130682846,0.0,33.98248383,0.5
149.9215863,152.27942352428573,156.0873279,1.677894903,156.720858,3.4309047647714284,160.363268,3.185128029,3.414414414,2.7961807550428572,3.10202332,0.0178130734,49.02064596857142,0.48069877946999995,0.018859852175714283,0.6666666667,0.1844527283,1.6046717415428573,10.8792772,58.00176269057143,-8.048844056195716,-15.089078130157143,0.68682556727,-4.719285714285714,-0.415868477,0.9727332745,7.008276925,1.197963212,1.9507554346857143,0.8789481886714284,0.0183,5.907179729,41.8666451816,6.448020180071429,0.019749238125485714,0.04402356902,0.7868459064728571,0.3655462185,0.4460863154,1.622755777,0.656724165282857,0.4712530987,1.1348176423885719,0.7464098244,0.8395543497,1.1180255929571428,1.08409351083,1.1279751734385712,0.5096462942,0.8483334008,1.0487113150085714,1.035530034,1.105961652,1.00186403834,0.9625558532314287,0.9725061847,1.042693428,1.0591462997471426,1.0541421759200003,1.031471564,1.0243551266000002,1.1390753082442857,0.9889056413,1.0625243417542856,0.9885241671057142,1.1901113,1.025941792,1.106803817,1.0352609673042859,0.9437166964214285,0.9058826568,1.032126486255714,0.9941615067285716,1.0629880281214283,1.065090684,0.8785709376557143,1.0000366677842858,1.030330195,0.4948992105,0.2356881951,2.104166667,2.162777778,0.8180952381,0.4505446226242857,0.3482221592,0.3187654321,3.585559589014286,0.071278826,0.038673363947,-0.5697075948,0.05498430102,-0.1488782431,0.008197882176,-0.006168074024560002,2.0183213696,0.9014647462,11.91980475,26.11327834,1.504768675,2.126285714285714,2586.982726,26.44480004,-3.6788834832285717,-2.275612791,1.065990437,1.355855556,-1.40387260699,-1.042490007,0.6017448368,-0.24821750480797142,0.32700071754399995,-0.13498761280071428,8.551568232771428,12.02124807,14.18117935,10.19736362,12.13273414,67.16963161,34.9019044,21.0894968215,0.8544962233,0.1402848594,57.25170822525714,0.09526558908,4.794537184,20.759931868514283,1.9059206056857143,22.51475897,0.42280435137142863,0.7151570628,0.0,3.591622254285715,5.599671149,-0.0532321761,0.0,0.1671880880499286,2.57,11.05045608,5.687386275,40.3821381,6.616532068714286,6.9237372,16.05191667,4.878658717842858,2.489578501,1.930889466,0.0,0.7151996025571428,0.0,3.111087176,0.0,0.049557151214285715,0.0,0.0,0.0,116.02,4.667901197,3.269237546,1.930889466,0.0,0.8012119198542856,0.1245317625,0.0,30.76219167,0.5490196078
145.6785274,152.27942352428573,152.0313229,1.684799834,155.9181832,3.4309047647714284,153.7981836,2.996071829,3.593406593,2.7961807550428572,2.864166355,0.02761001101,49.02064596857142,0.48069877946999995,0.018859852175714283,0.6724137931,0.2044752491,1.6046717415428573,11.14864198,58.00176269057143,-8.048844056195716,-15.089078130157143,0.68682556727,-4.719285714285714,-0.4868793612,0.9729396741,7.008275997,0.6101561804,1.9507554346857143,0.8789481886714284,0.00883,5.907179729,41.8666451816,6.448020180071429,0.019749238125485714,0.05096982759,0.7868459064728571,0.3947368421,0.4369075538,1.582512901,0.656724165282857,0.4904298998,1.1348176423885719,0.7828729689,0.8395543497,1.1180255929571428,1.08409351083,1.1279751734385712,0.5889201549,0.7877766182,1.0487113150085714,1.175892537,1.088204695,1.00186403834,0.9625558532314287,1.05504164,0.8888746373,1.0591462997471426,1.0541421759200003,0.9415622774,1.0243551266000002,1.1390753082442857,0.9352481106,1.0625243417542856,0.9885241671057142,0.8643493278,1.207231726,0.9428456159,1.0352609673042859,0.9437166964214285,0.7529898769,1.032126486255714,0.9941615067285716,1.0629880281214283,1.097277602,0.8785709376557143,1.0000366677842858,0.980525279,0.8749987118,0.1425425977,1.701388889,1.625555556,0.6580498866,0.4505446226242857,0.4306264172,0.274066358,3.585559589014286,0.0787037037,0.038673363947,-0.5799412478,-0.07506134472,0.03363443172,0.1260565844,-0.006168074024560002,2.0183213696,0.9648127677,7.699472853,24.91500457,1.687596638,2.126285714285714,2554.060638,30.49350277,-3.6788834832285717,-2.181032881,0.9035908309,1.153524528,-1.40387260699,-0.7536525343,0.6564664043,-0.24821750480797142,0.32700071754399995,-0.13498761280071428,8.551568232771428,17.21226049,9.967957042,0.0,12.13273414,37.25557254,22.07041725,21.0894968215,0.7694022216,0.1647069317,57.25170822525714,0.0901235131,14.26826309,20.759931868514283,1.9059206056857143,45.53211513,0.42280435137142863,0.0,0.0,3.591622254285715,0.0,-0.0532321761,0.0,0.1671880880499286,5.19,15.20739338,0.0,27.6520576,6.616532068714286,6.9237372,15.36561237,4.878658717842858,2.499666132,1.962832197,0.0,0.7151996025571428,0.0,0.0,10.93954208,0.049557151214285715,0.0,0.0,0.0,103.12,4.648287414,10.93954208,2.182437914,0.0,0.8012119198542856,0.1014071587,0.0,34.01851817,0.5555555556
150.4984338,152.27942352428573,161.2261068,1.503021051,163.3522978,3.4309047647714284,163.0405109,3.212549603,3.25,2.7961807550428572,3.166420846,0.01880517949,49.02064596857142,0.48069877946999995,0.018859852175714283,0.6796875,0.202022834,1.6046717415428573,9.499807766,58.00176269057143,-8.048844056195716,-15.089078130157143,0.68682556727,-4.719285714285714,-0.3981344719,0.9113318054,8.001919847,1.297043851,1.9507554346857143,0.8789481886714284,0.0322,0.0,41.8666451816,6.448020180071429,0.019749238125485714,0.04584183673,0.7868459064728571,0.360343184,0.4031261608,1.493531886,0.656724165282857,0.4798855102,1.1348176423885719,0.5414841282,0.8395543497,1.1180255929571428,1.08409351083,1.1279751734385712,0.5548315206,0.8955665018,1.0487113150085714,1.074027899,1.097314705,1.00186403834,0.9625558532314287,1.006614275,1.044537642,1.0591462997471426,1.0541421759200003,1.002135933,1.0243551266000002,1.1390753082442857,0.8983903156,1.0625243417542856,0.9885241671057142,1.138902038,0.9547340863,1.002916873,1.0352609673042859,0.9437166964214285,1.194810994,1.032126486255714,0.9941615067285716,1.0629880281214283,0.9739842255,0.8785709376557143,1.0000366677842858,0.9978673375,0.6202043052,0.2480338741,1.791666667,2.028888889,0.7192743764,0.4505446226242857,0.3366480852,0.310632716,3.585559589014286,0.0697167756,0.038673363947,-0.4348368549,0.0364773302,-0.0449080501,-0.02059930641,-0.006168074024560002,2.0183213696,0.8169784333,11.94528192,25.32910667,1.407326529,2.126285714285714,2951.959999,32.53313138,-3.6788834832285717,-2.172355477,1.366220135,1.856360405,-1.40387260699,-0.8301955713,0.1499613494,-0.24821750480797142,0.32700071754399995,-0.13498761280071428,8.551568232771428,17.9801607,19.35077682,5.261891555,12.14238718,43.33159265,17.46044569,21.0894968215,0.8412346471,0.1392790929,57.25170822525714,0.06971793865,4.390415048,20.759931868514283,1.9059206056857143,17.4570773,0.42280435137142863,0.0,0.0,3.591622254285715,0.0,-0.0532321761,7.518772169,0.1671880880499286,3.17,10.74258,10.07780132,32.46515906,6.616532068714286,24.07207091,22.77571198,4.878658717842858,2.482963186,1.634316845,0.0,0.7151996025571428,0.0,6.353084152,0.0,0.049557151214285715,-0.08251830822,1.877425053,0.0,105.02,4.604900475,13.81955174,2.043794437,0.0,0.8012119198542856,0.09238926608,0.0,27.19754195,0.5490196078
147.7382956,152.27942352428573,155.1695195,1.619303823,161.574898,3.4309047647714284,164.4458854,4.159477124,3.064935065,2.7961807550428572,3.879084967,0.01609232575,49.02064596857142,0.48069877946999995,0.018859852175714283,0.6388888889,0.1823177635,1.6046717415428573,3.591875,58.00176269057143,-8.048844056195716,-15.089078130157143,0.68682556727,-4.719285714285714,-0.3788729862,0.9898858772,8.007387534,1.218960329,1.9507554346857143,0.8789481886714284,0.00396,11.73975001,41.8666451816,6.448020180071429,0.019749238125485714,0.02082388511,0.7868459064728571,0.2809633028,0.4738521327,1.512070043,0.656724165282857,0.4301178091,1.1348176423885719,0.5809292139,0.8395543497,1.1180255929571428,1.08409351083,1.1279751734385712,0.3797273748,0.9172631565,1.0487113150085714,1.152833587,0.8272634712,1.00186403834,0.9625558532314287,1.015275679,1.06960099,1.0591462997471426,1.0541421759200003,1.010401761,1.0243551266000002,1.1390753082442857,1.015010587,1.0625243417542856,0.9885241671057142,0.9282520636,0.8811547898,0.9672020124,1.0352609673042859,0.9437166964214285,0.7711987847,1.032126486255714,0.9941615067285716,1.0629880281214283,1.093925018,0.8785709376557143,1.0000366677842858,1.060591144,0.9611098501,0.1754984185,1.493055556,1.193333333,0.4031292517,0.4505446226242857,0.2748803225,0.170617284,3.585559589014286,0.07751937984,0.038673363947,-0.4011657339,-0.07686049908,0.02410155427,-0.03763466346,-0.006168074024560002,2.0183213696,0.7956722018,14.12674474,23.05833076,1.044250707,2.126285714285714,1975.491216,32.1343259,-3.6788834832285717,-1.757367028,1.172908362,1.098525932,-1.40387260699,-1.082199671,0.2533605625,-0.24821750480797142,0.32700071754399995,-0.13498761280071428,8.551568232771428,5.693927995,0.0,18.26992695,18.19910121,41.9616539,29.7174337,21.0894968215,0.9525133732,0.1511330999,57.25170822525714,0.2210168165,13.17124514,20.759931868514283,1.9059206056857143,33.77213846,0.42280435137142863,0.0,0.0,3.591622254285715,0.0,-0.0532321761,0.0,0.1671880880499286,5.48,0.0,13.17124514,20.16532066,6.616532068714286,0.0,5.563451492,4.878658717842858,2.441560253,0.0,0.0,0.7151996025571428,0.0,0.0,0.0,0.049557151214285715,0.0,0.0,-4.398485454,54.46,4.658379014,38.96114992,0.0,0.0,0.8012119198542856,0.1118583084,0.00449957706,33.14506678,0.575
