sample,strategy,imputation,upstream,rmse_test,best_st_rmse,abs_gain,pct_gain
5,MLP,RealValue,4,5.606255054473877,1.4783542156219482,-4.127900838851929,-2.792227191042512
5,MLP-E2E,RealValue,4,5.105771541595459,1.4783542156219482,-3.6274173259735107,-2.453686192146748
5,LH,RealValue,4,1.5010714530944824,1.4783542156219482,-0.02271723747253418,-0.015366572660650862
5,LH-E2E,RealValue,4,1.452559471130371,1.4783542156219482,0.02579474449157715,0.017448284192652177
10,MLP,RealValue,4,5.5390305519104,1.0413709878921509,-4.4976595640182495,-4.318979130695782
10,MLP-E2E,RealValue,4,4.93399715423584,1.0413709878921509,-3.892626166343689,-3.73798215199253
10,LH,RealValue,4,1.3901716470718384,1.0413709878921509,-0.3488006591796875,-0.33494370712756105
10,LH-E2E,RealValue,4,1.278592824935913,1.0413709878921509,-0.2372218370437622,-0.22779762428750316
20,MLP,RealValue,4,5.501948833465576,0.791105329990387,-4.710843503475189,-5.954761426689456
20,MLP-E2E,RealValue,4,4.821496963500977,0.791105329990387,-4.03039163351059,-5.094633395479164
20,LH,RealValue,4,1.3232154846191406,0.791105329990387,-0.5321101546287537,-0.6726160657206286
20,LH-E2E,RealValue,4,1.1589878797531128,0.791105329990387,-0.36788254976272583,-0.4650234751511485
50,MLP,RealValue,4,5.469669818878174,0.8401344418525696,-4.629535377025604,-5.510469689609529
50,MLP-E2E,RealValue,4,0.9091702699661255,0.8401344418525696,-0.06903582811355591,-0.0821723579875215
50,LH,RealValue,4,1.201637864112854,0.8401344418525696,-0.3615034222602844,-0.4302923487616314
50,LH-E2E,RealValue,4,0.941380500793457,0.8401344418525696,-0.10124605894088745,-0.12051173466669343
75,MLP,RealValue,4,5.46109676361084,1.1268813610076904,-4.334215402603149,-3.846203826396921
75,MLP-E2E,RealValue,4,0.8403081893920898,1.1268813610076904,0.2865731716156006,0.25430642615238436
75,LH,RealValue,4,1.1831408739089966,1.1268813610076904,-0.05625951290130615,-0.04992496534949983
75,LH-E2E,RealValue,4,0.8601735830307007,1.1268813610076904,0.26670777797698975,0.23667777922823377
5,MLP,RealValue,4,6.19287633895874,1.4783542156219482,-4.714522123336792,-3.1890341797100215
5,MLP-E2E,RealValue,4,5.822409629821777,1.4783542156219482,-4.344055414199829,-2.938440171033213
5,LH,RealValue,4,1.2498661279678345,1.4783542156219482,0.22848808765411377,0.1545557115065202
5,LH-E2E,RealValue,4,1.311321496963501,1.4783542156219482,0.16703271865844727,0.11298558687315413
10,MLP,RealValue,4,6.136173725128174,1.0413709878921509,-5.094802737236023,-4.892399343243144
10,MLP-E2E,RealValue,4,5.696691989898682,1.0413709878921509,-4.655321002006531,-4.470377085719866
10,LH,RealValue,4,1.160379409790039,1.0413709878921509,-0.11900842189788818,-0.11428052373417305
10,LH-E2E,RealValue,4,1.10346519947052,1.0413709878921509,-0.06209421157836914,-0.05962736844057336
20,MLP,RealValue,4,6.091384410858154,0.791105329990387,-5.300279080867767,-6.6998399327333225
20,MLP-E2E,RealValue,4,5.607761383056641,0.791105329990387,-4.816656053066254,-6.088514222404219
20,LH,RealValue,4,1.105932593345642,0.791105329990387,-0.3148272633552551,-0.3979587185426759
20,LH-E2E,RealValue,4,1.0579835176467896,0.791105329990387,-0.2668781876564026,-0.33734848892959113
50,MLP,RealValue,4,6.054693698883057,0.8401344418525696,-5.214559257030487,-6.206815239632278
50,MLP-E2E,RealValue,4,1.3748847246170044,0.8401344418525696,-0.5347502827644348,-0.6365056068708049
50,LH,RealValue,4,1.033682107925415,0.8401344418525696,-0.19354766607284546,-0.23037701638092115
50,LH-E2E,RealValue,4,0.9131783843040466,0.8401344418525696,-0.07304394245147705,-0.0869431591096406
75,MLP,RealValue,4,6.045735836029053,1.1268813610076904,-4.918854475021362,-4.365015382473607
75,MLP-E2E,RealValue,4,0.8388153910636902,1.1268813610076904,0.28806596994400024,0.2556311426487729
75,LH,RealValue,4,1.0283701419830322,1.1268813610076904,0.0985112190246582,0.08741933484157248
75,LH-E2E,RealValue,4,0.8498373627662659,1.1268813610076904,0.27704399824142456,0.24585019135792935
5,MLP,RealValue,4,6.253819942474365,1.4783542156219482,-4.775465726852417,-3.2302581319074224
5,MLP-E2E,RealValue,4,6.3650031089782715,1.4783542156219482,-4.886648893356323,-3.305465524918529
5,LH,RealValue,4,1.3595879077911377,1.4783542156219482,0.11876630783081055,0.0803368411817632
5,LH-E2E,RealValue,4,1.0770270824432373,1.4783542156219482,0.40132713317871094,0.27146885972105905
10,MLP,RealValue,4,6.212939262390137,1.0413709878921509,-5.171568274497986,-4.96611518337553
10,MLP-E2E,RealValue,4,6.284266948699951,1.0413709878921509,-5.2428959608078,-5.034609204372014
10,LH,RealValue,4,1.2842998504638672,1.0413709878921509,-0.2429288625717163,-0.23327792438641964
10,LH-E2E,RealValue,4,0.9910473823547363,1.0413709878921509,0.05032360553741455,0.04832437826914599
20,MLP,RealValue,4,6.186030387878418,0.791105329990387,-5.394925057888031,-6.819477575702324
20,MLP-E2E,RealValue,4,6.226048946380615,0.791105329990387,-5.434943616390228,-6.870063201895341
20,LH,RealValue,4,1.229903221130371,0.791105329990387,-0.43879789113998413,-0.554664308917393
20,LH-E2E,RealValue,4,0.9629207849502563,0.791105329990387,-0.17181545495986938,-0.21718404420553858
50,MLP,RealValue,4,6.162566661834717,0.8401344418525696,-5.322432219982147,-6.335214883281919
50,MLP-E2E,RealValue,4,3.038290023803711,0.8401344418525696,-2.1981555819511414,-2.6164331236129503
50,LH,RealValue,4,1.1175975799560547,0.8401344418525696,-0.2774631381034851,-0.33026040152770636
50,LH-E2E,RealValue,4,0.9425589442253113,0.8401344418525696,-0.1024245023727417,-0.12191441901475525
75,MLP,RealValue,4,6.157312393188477,1.1268813610076904,-5.030431032180786,-4.464028961915234
75,MLP-E2E,RealValue,4,0.8436374664306641,1.1268813610076904,0.28324389457702637,0.25135200951743614
75,LH,RealValue,4,1.0980372428894043,1.1268813610076904,0.028844118118286133,0.025596410692686297
75,LH-E2E,RealValue,4,0.8597804307937622,1.1268813610076904,0.2671009302139282,0.23702666443526826
5,MLP,RealValue,4,5.892622947692871,1.4783542156219482,-4.414268732070923,-2.9859344164103634
5,MLP-E2E,RealValue,4,5.150664806365967,1.4783542156219482,-3.6723105907440186,-2.4840532478199524
5,LH,RealValue,4,1.384975790977478,1.4783542156219482,0.09337842464447021,0.06316376931707508
5,LH-E2E,RealValue,4,1.0435668230056763,1.4783542156219482,0.434787392616272,0.294102311896446
10,MLP,RealValue,4,5.832498073577881,1.0413709878921509,-4.79112708568573,-4.600787943385572
10,MLP-E2E,RealValue,4,4.937168598175049,1.0413709878921509,-3.895797610282898,-3.7410276026302784
10,LH,RealValue,4,1.274958848953247,1.0413709878921509,-0.2335878610610962,-0.22430801681339677
10,LH-E2E,RealValue,4,0.9742600321769714,1.0413709878921509,0.06711095571517944,0.06444481025059032
20,MLP,RealValue,4,5.7843427658081055,0.791105329990387,-4.9932374358177185,-6.311722657561154
20,MLP-E2E,RealValue,4,4.764071941375732,0.791105329990387,-3.9729666113853455,-5.022045056166696
20,LH,RealValue,4,1.2088422775268555,0.791105329990387,-0.4177369475364685,-0.5280421350991841
20,LH-E2E,RealValue,4,0.9670904874801636,0.791105329990387,-0.1759851574897766,-0.22245477412206927
50,MLP,RealValue,4,5.750848293304443,0.8401344418525696,-4.910713851451874,-5.84515240277892
50,MLP-E2E,RealValue,4,0.897910475730896,0.8401344418525696,-0.057776033878326416,-0.06876998608808994
50,LH,RealValue,4,1.0972533226013184,0.8401344418525696,-0.2571188807487488,-0.30604492321702614
50,LH-E2E,RealValue,4,0.9582401514053345,0.8401344418525696,-0.11810570955276489,-0.14057953545188734
75,MLP,RealValue,4,5.7413740158081055,1.1268813610076904,-4.614492654800415,-4.094923223039203
75,MLP-E2E,RealValue,4,0.834639310836792,1.1268813610076904,0.29224205017089844,0.25933701655120733
75,LH,RealValue,4,1.086685299873352,1.1268813610076904,0.04019606113433838,0.03567018013182317
75,LH-E2E,RealValue,4,0.8606132864952087,1.1268813610076904,0.2662680745124817,0.23628758423546642
5,MLP,RealValue,4,5.800549507141113,1.4783542156219482,-4.322195291519165,-2.9236533747095272
5,MLP-E2E,RealValue,4,4.535660266876221,1.4783542156219482,-3.0573060512542725,-2.068047034294859
5,LH,RealValue,4,1.3255553245544434,1.4783542156219482,0.15279889106750488,0.10335742912818895
5,LH-E2E,RealValue,4,1.0072481632232666,1.4783542156219482,0.47110605239868164,0.3186692657418952
10,MLP,RealValue,4,5.743561744689941,1.0413709878921509,-4.7021907567977905,-4.51538482583958
10,MLP-E2E,RealValue,4,4.329975605010986,1.0413709878921509,-3.2886046171188354,-3.157956823605516
10,LH,RealValue,4,1.2301785945892334,1.0413709878921509,-0.18880760669708252,-0.18130676664927053
10,LH-E2E,RealValue,4,0.9407354593276978,1.0413709878921509,0.10063552856445312,0.09663753814397161
20,MLP,RealValue,4,5.705298900604248,0.791105329990387,-4.914193570613861,-6.211806929266392
20,MLP-E2E,RealValue,4,4.197873115539551,0.791105329990387,-3.406767785549164,-4.306339063080969
20,LH,RealValue,4,1.1628257036209106,0.791105329990387,-0.3717203736305237,-0.46987469245724917
20,LH-E2E,RealValue,4,0.9363433122634888,0.791105329990387,-0.1452379822731018,-0.18358867873493742
50,MLP,RealValue,4,5.670012474060059,0.8401344418525696,-4.829878032207489,-5.748934684259805
50,MLP-E2E,RealValue,4,0.9928523898124695,0.8401344418525696,-0.1527179479598999,-0.18177798736966852
50,LH,RealValue,4,1.0647215843200684,0.8401344418525696,-0.22458714246749878,-0.267322860817686
50,LH-E2E,RealValue,4,0.9232650399208069,0.8401344418525696,-0.0831305980682373,-0.09894916090444655
75,MLP,RealValue,4,5.659189224243164,1.1268813610076904,-4.532307863235474,-4.021992039323954
75,MLP-E2E,RealValue,4,0.8342713713645935,1.1268813610076904,0.2926099896430969,0.259663527828197
75,LH,RealValue,4,1.053814172744751,1.1268813610076904,0.07306718826293945,0.0648401782043858
75,LH-E2E,RealValue,4,0.8532063961029053,1.1268813610076904,0.27367496490478516,0.24286049479073551
5,MLP,RealValue,4,5.524840354919434,1.4783542156219482,-4.046486139297485,-2.7371560188605515
5,MLP-E2E,RealValue,4,3.834662914276123,1.4783542156219482,-2.356308698654175,-1.59387288496544
5,LH,RealValue,4,1.3029900789260864,1.4783542156219482,0.17536413669586182,0.11862119026872432
5,LH-E2E,RealValue,4,1.0080456733703613,1.4783542156219482,0.4703085422515869,0.3181298076481127
10,MLP,RealValue,4,5.4676690101623535,1.0413709878921509,-4.426298022270203,-4.250452599250451
10,MLP-E2E,RealValue,4,3.59001088142395,1.0413709878921509,-2.5486398935317993,-2.4473889931296493
10,LH,RealValue,4,1.2354013919830322,1.0413709878921509,-0.19403040409088135,-0.18632207575094845
10,LH-E2E,RealValue,4,0.9626272320747375,1.0413709878921509,0.07874375581741333,0.07561546915840178
20,MLP,RealValue,4,5.432363986968994,0.791105329990387,-4.641258656978607,-5.866802410539953
20,MLP-E2E,RealValue,4,3.4484946727752686,0.791105329990387,-2.6573893427848816,-3.3590841093399946
20,LH,RealValue,4,1.1815060377120972,0.791105329990387,-0.3904007077217102,-0.4934876468680272
20,LH-E2E,RealValue,4,0.9486655592918396,0.791105329990387,-0.15756022930145264,-0.19916466661066135
50,MLP,RealValue,4,5.398362636566162,0.8401344418525696,-4.5582281947135925,-5.425593771232974
50,MLP-E2E,RealValue,4,1.0429095029830933,0.8401344418525696,-0.20277506113052368,-0.24136025263217042
50,LH,RealValue,4,1.0764238834381104,0.8401344418525696,-0.23628944158554077,-0.28125193994487596
50,LH-E2E,RealValue,4,0.9320678114891052,0.8401344418525696,-0.09193336963653564,-0.1094269738945764
75,MLP,RealValue,4,5.390546798706055,1.1268813610076904,-4.263665437698364,-3.783597444442305
75,MLP-E2E,RealValue,4,0.8386539220809937,1.1268813610076904,0.2882274389266968,0.25577443100927266
75,LH,RealValue,4,1.0647852420806885,1.1268813610076904,0.06209611892700195,0.05510439792124504
75,LH-E2E,RealValue,4,0.8536131381988525,1.1268813610076904,0.2732682228088379,0.24249954987672653
5,MLP,RealValue,4,5.991672039031982,1.4783542156219482,-4.513317823410034,-3.05293398274734
5,MLP-E2E,RealValue,4,4.914496898651123,1.4783542156219482,-3.436142683029175,-2.3243026919523335
5,LH,RealValue,4,1.5497609376907349,1.4783542156219482,-0.07140672206878662,-0.04830149724215153
5,LH-E2E,RealValue,4,2.018822193145752,1.4783542156219482,-0.5404679775238037,-0.3655876053334262
10,MLP,RealValue,4,5.942882061004639,1.0413709878921509,-4.901511073112488,-4.706786659222843
10,MLP-E2E,RealValue,4,4.690904140472412,1.0413709878921509,-3.6495331525802612,-3.504546597718568
10,LH,RealValue,4,1.4369946718215942,1.0413709878921509,-0.39562368392944336,-0.37990657366999353
10,LH-E2E,RealValue,4,1.8414809703826904,1.0413709878921509,-0.8001099824905396,-0.7683236731129316
20,MLP,RealValue,4,5.908147811889648,0.791105329990387,-5.1170424818992615,-6.468218943691658
20,MLP-E2E,RealValue,4,4.544928550720215,0.791105329990387,-3.753823220729828,-4.74503593696612
20,LH,RealValue,4,1.3768235445022583,0.791105329990387,-0.5857182145118713,-0.7403795579521486
20,LH-E2E,RealValue,4,1.7315154075622559,0.791105329990387,-0.9404100775718689,-1.1887292904262143
50,MLP,RealValue,4,5.873178958892822,0.8401344418525696,-5.033044517040253,-5.990760842921701
50,MLP-E2E,RealValue,4,0.9004667401313782,0.8401344418525696,-0.060332298278808594,-0.07181267101223779
50,LH,RealValue,4,1.2425408363342285,0.8401344418525696,-0.40240639448165894,-0.4789785710895482
50,LH-E2E,RealValue,4,0.9361757636070251,0.8401344418525696,-0.09604132175445557,-0.11431661049709627
75,MLP,RealValue,4,5.864998817443848,1.1268813610076904,-4.738117456436157,-4.204628473222056
75,MLP-E2E,RealValue,4,0.8343145251274109,1.1268813610076904,0.29256683588027954,0.25962523296920775
75,LH,RealValue,4,1.2243430614471436,1.1268813610076904,-0.09746170043945312,-0.08648798694504983
75,LH-E2E,RealValue,4,0.8662753701210022,1.1268813610076904,0.26060599088668823,0.2312630236901307
5,MLP,RealValue,4,6.015389442443848,1.4783542156219482,-4.537035226821899,-3.0689770955285938
5,MLP-E2E,RealValue,4,5.372229099273682,1.4783542156219482,-3.8938748836517334,-2.6339255115619014
5,LH,RealValue,4,1.3807787895202637,1.4783542156219482,0.09757542610168457,0.06600273809253102
5,LH-E2E,RealValue,4,1.0392664670944214,1.4783542156219482,0.43908774852752686,0.29701119250558045
10,MLP,RealValue,4,5.964048385620117,1.0413709878921509,-4.922677397727966,-4.72711210026314
10,MLP-E2E,RealValue,4,5.21560001373291,1.0413709878921509,-4.174229025840759,-4.008397654989272
10,LH,RealValue,4,1.2639611959457397,1.0413709878921509,-0.22259020805358887,-0.21374727224169732
10,LH-E2E,RealValue,4,0.9673107862472534,1.0413709878921509,0.07406020164489746,0.0711179805333385
20,MLP,RealValue,4,5.9269866943359375,0.791105329990387,-5.1358813643455505,-6.492032311813597
20,MLP-E2E,RealValue,4,5.092519760131836,0.791105329990387,-4.301414430141449,-5.437220894711602
20,LH,RealValue,4,1.2176930904388428,0.791105329990387,-0.4265877604484558,-0.53923004216599
20,LH-E2E,RealValue,4,0.9726871848106384,0.791105329990387,-0.18158185482025146,-0.2295293027825485
50,MLP,RealValue,4,5.894227981567383,0.8401344418525696,-5.054093539714813,-6.015815193304178
50,MLP-E2E,RealValue,4,0.9945821166038513,0.8401344418525696,-0.15444767475128174,-0.18383685640920894
50,LH,RealValue,4,1.109468936920166,0.8401344418525696,-0.26933449506759644,-0.3205849940798647
50,LH-E2E,RealValue,4,0.9573881030082703,0.8401344418525696,-0.11725366115570068,-0.1395653544415417
75,MLP,RealValue,4,5.885316848754883,1.1268813610076904,-4.758435487747192,-4.22265879301798
75,MLP-E2E,RealValue,4,0.8453614711761475,1.1268813610076904,0.28151988983154297,0.24982211932212597
75,LH,RealValue,4,1.0923638343811035,1.1268813610076904,0.034517526626586914,0.030631020993834104
75,LH-E2E,RealValue,4,0.863497793674469,1.1268813610076904,0.26338356733322144,0.23372785853667516
5,MLP,RealValue,4,5.927390098571777,1.4783542156219482,-4.449035882949829,-3.009451886385771
5,MLP-E2E,RealValue,4,5.473563194274902,1.4783542156219482,-3.995208978652954,-2.7024707180695238
5,LH,RealValue,4,1.560998558998108,1.4783542156219482,-0.08264434337615967,-0.05590293753881639
5,LH-E2E,RealValue,4,2.3017983436584473,1.4783542156219482,-0.823444128036499,-0.5570005613912181
10,MLP,RealValue,4,5.872637748718262,1.0413709878921509,-4.831266760826111,-4.6393329725894565
10,MLP-E2E,RealValue,4,5.351022243499756,1.0413709878921509,-4.309651255607605,-4.138439908270166
10,LH,RealValue,4,1.4669783115386963,1.0413709878921509,-0.4256073236465454,-0.40869904058689144
10,LH-E2E,RealValue,4,2.0300512313842773,1.0413709878921509,-0.9886802434921265,-0.9494025232000401
20,MLP,RealValue,4,5.83199405670166,0.791105329990387,-5.040888726711273,-6.371956471046058
20,MLP-E2E,RealValue,4,5.252050399780273,0.791105329990387,-4.4609450697898865,-5.638876266759691
20,LH,RealValue,4,1.4006855487823486,0.791105329990387,-0.6095802187919617,-0.770542424229867
20,LH-E2E,RealValue,4,1.9135855436325073,0.791105329990387,-1.1224802136421204,-1.4188758071643381
50,MLP,RealValue,4,5.794554710388184,0.8401344418525696,-4.954420268535614,-5.89717552539649
50,MLP-E2E,RealValue,4,1.0231847763061523,0.8401344418525696,-0.18305033445358276,-0.2178821928189741
50,LH,RealValue,4,1.2703824043273926,0.8401344418525696,-0.430247962474823,-0.5121179909326046
50,LH-E2E,RealValue,4,0.9615821242332458,0.8401344418525696,-0.12144768238067627,-0.14455743787015035
75,MLP,RealValue,4,5.78306770324707,1.1268813610076904,-4.65618634223938,-4.131922404036997
75,MLP-E2E,RealValue,4,0.8356468677520752,1.1268813610076904,0.29123449325561523,0.25844290564464106
75,LH,RealValue,4,1.2527587413787842,1.1268813610076904,-0.12587738037109375,-0.11170419950732924
75,LH-E2E,RealValue,4,0.8682735562324524,1.1268813610076904,0.25860780477523804,0.22948982361726467
5,MLP,RealValue,4,5.60031270980835,1.4783542156219482,-4.121958494186401,-2.7882076234701847
5,MLP-E2E,RealValue,4,4.156550407409668,1.4783542156219482,-2.6781961917877197,-1.8116065578106355
5,LH,RealValue,4,1.4207085371017456,1.4783542156219482,0.05764567852020264,0.038993143802110324
5,LH-E2E,RealValue,4,1.0824000835418701,1.4783542156219482,0.3959541320800781,0.26783441200761143
10,MLP,RealValue,4,5.535567283630371,1.0413709878921509,-4.49419629573822,-4.315653449146847
10,MLP-E2E,RealValue,4,3.9356250762939453,1.0413709878921509,-2.8942540884017944,-2.7792728259696213
10,LH,RealValue,4,1.3060365915298462,1.0413709878921509,-0.2646656036376953,-0.2541511207004216
10,LH-E2E,RealValue,4,0.9876288771629333,1.0413709878921509,0.05374211072921753,0.051607075052088267
20,MLP,RealValue,4,5.479835510253906,0.791105329990387,-4.688730180263519,-5.926808988027541
20,MLP-E2E,RealValue,4,3.7874529361724854,0.791105329990387,-2.9963476061820984,-3.7875457193778588
20,LH,RealValue,4,1.2476600408554077,0.791105329990387,-0.45655471086502075,-0.5771098911324091
20,LH-E2E,RealValue,4,0.9641454815864563,0.791105329990387,-0.17304015159606934,-0.21873212710900586
50,MLP,RealValue,4,5.439329624176025,0.8401344418525696,-4.599195182323456,-5.474356190161458
50,MLP-E2E,RealValue,4,1.0925086736679077,0.8401344418525696,-0.25237423181533813,-0.30039743550904896
50,LH,RealValue,4,1.1296181678771973,0.8401344418525696,-0.2894837260246277,-0.3445683352610695
50,LH-E2E,RealValue,4,0.9398658275604248,0.8401344418525696,-0.09973138570785522,-0.11870884079926403
75,MLP,RealValue,4,5.429105758666992,1.1268813610076904,-4.302224397659302,-3.817814853031313
75,MLP-E2E,RealValue,4,0.8339546322822571,1.1268813610076904,0.29292672872543335,0.2599446036302257
75,LH,RealValue,4,1.113901972770691,1.1268813610076904,0.012979388236999512,0.01151797224278602
75,LH-E2E,RealValue,4,0.8628196716308594,1.1268813610076904,0.26406168937683105,0.23432962733601284
5,MLP,Mean,3,6.005288600921631,1.4783542156219482,-4.526934385299683,-3.0621446047659067
5,MLP-E2E,Mean,3,5.758680820465088,1.4783542156219482,-4.28032660484314,-2.895332227968378
5,LH,Mean,3,2.2441790103912354,1.4783542156219482,-0.7658247947692871,-0.5180252382525944
5,LH-E2E,Mean,3,3.497180223464966,1.4783542156219482,-2.0188260078430176,-1.36559018570099
10,MLP,Mean,3,5.966879844665527,1.0413709878921509,-4.9255088567733765,-4.729831072731483
10,MLP-E2E,Mean,3,5.6917901039123535,1.0413709878921509,-4.650419116020203,-4.465669939041764
10,LH,Mean,3,2.1109275817871094,1.0413709878921509,-1.0695565938949585,-1.0270658644522626
10,LH-E2E,Mean,3,3.3047730922698975,1.0413709878921509,-2.2634021043777466,-2.173482966871509
20,MLP,Mean,3,5.938784122467041,0.791105329990387,-5.147678792476654,-6.506944900167978
20,MLP-E2E,Mean,3,5.646887302398682,0.791105329990387,-4.855781972408295,-6.1379715043347
20,LH,Mean,3,1.9336031675338745,0.791105329990387,-1.1424978375434875,-1.4441791683509078
20,LH-E2E,Mean,3,3.2065367698669434,0.791105329990387,-2.4154314398765564,-3.053236210538371
50,MLP,Mean,3,5.915146827697754,0.8401344418525696,-5.075012385845184,-6.040714596409522
50,MLP-E2E,Mean,3,3.689323663711548,0.8401344418525696,-2.8491892218589783,-3.3913491459489125
50,LH,Mean,3,1.8440665006637573,0.8401344418525696,-1.0039320588111877,-1.1949659587784904
50,LH-E2E,Mean,3,1.4635192155838013,0.8401344418525696,-0.6233847737312317,-0.7420059727067182
75,MLP,Mean,3,5.910975456237793,1.1268813610076904,-4.7840940952301025,-4.24542836608108
75,MLP-E2E,Mean,3,1.383333444595337,1.1268813610076904,-0.2564520835876465,-0.2275768261517073
75,LH,Mean,3,1.8406583070755005,1.1268813610076904,-0.7137769460678101,-0.6334091331757673
75,LH-E2E,Mean,3,1.2853715419769287,1.1268813610076904,-0.15849018096923828,-0.1406449573604729
5,MLP,Mean,3,5.950057506561279,1.4783542156219482,-4.471703290939331,-3.0247847529951213
5,MLP-E2E,Mean,3,5.7705607414245605,1.4783542156219482,-4.292206525802612,-2.9033681376535783
5,LH,Mean,3,2.0954580307006836,1.4783542156219482,-0.6171038150787354,-0.4174262220499827
5,LH-E2E,Mean,3,2.654538154602051,1.4783542156219482,-1.1761839389801025,-0.7956036019995913
10,MLP,Mean,3,5.901944637298584,1.0413709878921509,-4.860573649406433,-4.667475573949652
10,MLP-E2E,Mean,3,5.699545860290527,1.0413709878921509,-4.6581748723983765,-4.473117579189558
10,LH,Mean,3,1.9842095375061035,1.0413709878921509,-0.9428385496139526,-0.9053820017805194
10,LH-E2E,Mean,3,2.5415592193603516,1.0413709878921509,-1.5001882314682007,-1.440589615910797
20,MLP,Mean,3,5.867964267730713,0.791105329990387,-5.076858937740326,-6.417424766689433
20,MLP-E2E,Mean,3,5.658304214477539,0.791105329990387,-4.867198884487152,-6.152403099782295
20,LH,Mean,3,1.7893035411834717,0.791105329990387,-0.9981982111930847,-1.261776622343341
20,LH-E2E,Mean,3,2.424987554550171,0.791105329990387,-1.633882224559784,-2.065315657245841
50,MLP,Mean,3,5.843042850494385,0.8401344418525696,-5.002908408641815,-5.954890264479536
50,MLP-E2E,Mean,3,3.4291739463806152,0.8401344418525696,-2.5890395045280457,-3.081696661333141
50,LH,Mean,3,1.7076200246810913,0.8401344418525696,-0.8674855828285217,-1.0325556715847055
50,LH-E2E,Mean,3,1.4542287588119507,0.8401344418525696,-0.6140943169593811,-0.730947674999789
75,MLP,Mean,3,5.836585521697998,1.1268813610076904,-4.709704160690308,-4.179414376397841
75,MLP-E2E,Mean,3,1.3860498666763306,1.1268813610076904,-0.25916850566864014,-0.22998739231686646
75,LH,Mean,3,1.7080472707748413,1.1268813610076904,-0.5811659097671509,-0.515729454649472
75,LH-E2E,Mean,3,1.282992959022522,1.1268813610076904,-0.15611159801483154,-0.1385341912792239
5,MLP,Mean,3,5.977158069610596,1.4783542156219482,-4.4988038539886475,-3.0431163292594166
5,MLP-E2E,Mean,3,5.864504337310791,1.4783542156219482,-4.386150121688843,-2.96691420455251
5,LH,Mean,3,1.9338438510894775,1.4783542156219482,-0.4554896354675293,-0.3081058860280676
5,LH-E2E,Mean,3,1.9996980428695679,1.4783542156219482,-0.5213438272476196,-0.3526514970083057
10,MLP,Mean,3,5.944393157958984,1.0413709878921509,-4.9030221700668335,-4.7082377241861595
10,MLP-E2E,Mean,3,5.831000328063965,1.0413709878921509,-4.789629340171814,-4.599349699444335
10,LH,Mean,3,1.809842824935913,1.0413709878921509,-0.7684718370437622,-0.7379424297187629
10,LH-E2E,Mean,3,1.861677885055542,1.0413709878921509,-0.8203068971633911,-0.7877182163714608
20,MLP,Mean,3,5.92262077331543,0.791105329990387,-5.131515443325043,-6.48651355109363
20,MLP-E2E,Mean,3,5.792887210845947,0.791105329990387,-5.00178188085556,-6.3225232990357165
20,LH,Mean,3,1.607080101966858,0.791105329990387,-0.815974771976471,-1.0314363221220948
20,LH-E2E,Mean,3,1.6665830612182617,0.791105329990387,-0.8754777312278748,-1.1066512865467775
50,MLP,Mean,3,5.904068946838379,0.8401344418525696,-5.063934504985809,-6.027528753397364
50,MLP-E2E,Mean,3,3.834645986557007,0.8401344418525696,-2.9945115447044373,-3.564324226609825
50,LH,Mean,3,1.5332438945770264,0.8401344418525696,-0.6931094527244568,-0.8249982600357273
50,LH-E2E,Mean,3,1.428898572921753,0.8401344418525696,-0.5887641310691833,-0.7007975173246167
75,MLP,Mean,3,5.9004807472229,1.1268813610076904,-4.77359938621521,-4.236115310263466
75,MLP-E2E,Mean,3,1.3702670335769653,1.1268813610076904,-0.2433856725692749,-0.21598162946952312
75,LH,Mean,3,1.5330820083618164,1.1268813610076904,-0.406200647354126,-0.3604644298942787
75,LH-E2E,Mean,3,1.2724614143371582,1.1268813610076904,-0.14558005332946777,-0.12918844730849555
5,MLP,Mean,3,6.059788227081299,1.4783542156219482,-4.581434011459351,-3.0990096710563555
5,MLP-E2E,Mean,3,5.876537799835205,1.4783542156219482,-4.398183584213257,-2.9750539740321487
5,LH,Mean,3,2.2112503051757812,1.4783542156219482,-0.732896089553833,-0.49575134416990946
5,LH-E2E,Mean,3,3.411630630493164,1.4783542156219482,-1.9332764148712158,-1.3077220563529697
10,MLP,Mean,3,6.024699687957764,1.0413709878921509,-4.983328700065613,-4.785353882531735
10,MLP-E2E,Mean,3,5.819398880004883,1.0413709878921509,-4.778027892112732,-4.58820914704373
10,LH,Mean,3,2.1102216243743896,1.0413709878921509,-1.0688506364822388,-1.0263879529097595
10,LH-E2E,Mean,3,3.3351218700408936,1.0413709878921509,-2.2937508821487427,-2.2026260658476247
20,MLP,Mean,3,5.999391555786133,0.791105329990387,-5.208286225795746,-6.583555979655748
20,MLP-E2E,Mean,3,5.7688469886779785,0.791105329990387,-4.9777416586875916,-6.2921351556916925
20,LH,Mean,3,1.922770380973816,0.791105329990387,-1.131665050983429,-1.4304859392075897
20,LH-E2E,Mean,3,3.2440459728240967,0.791105329990387,-2.4529406428337097,-3.1006498753630143
50,MLP,Mean,3,5.979315280914307,0.8401344418525696,-5.139180839061737,-6.1170933877313685
50,MLP-E2E,Mean,3,3.7026665210723877,0.8401344418525696,-2.862532079219818,-3.4072309580686704
50,LH,Mean,3,1.8337960243225098,0.8401344418525696,-0.9936615824699402,-1.1827411578066362
50,LH-E2E,Mean,3,1.467775583267212,0.8401344418525696,-0.6276411414146423,-0.7470722662323414
75,MLP,Mean,3,5.975736141204834,1.1268813610076904,-4.8488547801971436,-4.3028973128645545
75,MLP-E2E,Mean,3,1.390910267829895,1.1268813610076904,-0.2640289068222046,-0.2343005359376094
75,LH,Mean,3,1.8326367139816284,1.1268813610076904,-0.705755352973938,-0.6262907324537081
75,LH-E2E,Mean,3,1.2914085388183594,1.1268813610076904,-0.16452717781066895,-0.14600221771664046
5,MLP,Mean,3,5.858623504638672,1.4783542156219482,-4.380269289016724,-2.9629362454071475
5,MLP-E2E,Mean,3,5.565000057220459,1.4783542156219482,-4.086645841598511,-2.7643211609331706
5,LH,Mean,3,1.8862864971160889,1.4783542156219482,-0.4079322814941406,-0.2759367661575763
5,LH-E2E,Mean,3,1.812707543373108,1.4783542156219482,-0.33435332775115967,-0.22616591086087998
10,MLP,Mean,3,5.822031021118164,1.0413709878921509,-4.780660033226013,-4.590736719968158
10,MLP-E2E,Mean,3,5.483487129211426,1.0413709878921509,-4.442116141319275,-4.2656423051602435
10,LH,Mean,3,1.7094879150390625,1.0413709878921509,-0.6681169271469116,-0.6415743619853033
10,LH-E2E,Mean,3,1.6578376293182373,1.0413709878921509,-0.6164666414260864,-0.5919760091203257
20,MLP,Mean,3,5.794220447540283,0.791105329990387,-5.003115117549896,-6.324208582453478
20,MLP-E2E,Mean,3,5.440507888793945,0.791105329990387,-4.649402558803558,-5.877096743691583
20,LH,Mean,3,1.4834429025650024,0.791105329990387,-0.6923375725746155,-0.8751522032888192
20,LH-E2E,Mean,3,1.4392473697662354,0.791105329990387,-0.6481420397758484,-0.819286655272218
50,MLP,Mean,3,5.7794342041015625,0.8401344418525696,-4.939299762248993,-5.8791778032066
50,MLP-E2E,Mean,3,3.2357900142669678,0.8401344418525696,-2.395655572414398,-2.851514535140077
50,LH,Mean,3,1.4276219606399536,0.8401344418525696,-0.587487518787384,-0.6992779839997071
50,LH-E2E,Mean,3,1.3937746286392212,0.8401344418525696,-0.5536401867866516,-0.6589899892281845
75,MLP,Mean,3,5.775333881378174,1.1268813610076904,-4.648452520370483,-4.125059372899469
75,MLP-E2E,Mean,3,1.3894346952438354,1.1268813610076904,-0.262553334236145,-0.2329911056487456
75,LH,Mean,3,1.4260938167572021,1.1268813610076904,-0.2992124557495117,-0.2655225883600978
75,LH-E2E,Mean,3,1.23280668258667,1.1268813610076904,-0.10592532157897949,-0.09399864550449033
5,MLP,Mean,3,5.789926528930664,1.4783542156219482,-4.311572313308716,-2.9164676961365608
5,MLP-E2E,Mean,3,5.5024871826171875,1.4783542156219482,-4.024132966995239,-2.72203571002926
5,LH,Mean,3,2.0288455486297607,1.4783542156219482,-0.5504913330078125,-0.3723676823799762
5,LH-E2E,Mean,3,2.4094393253326416,1.4783542156219482,-0.9310851097106934,-0.6298119218464723
10,MLP,Mean,3,5.750076770782471,1.0413709878921509,-4.70870578289032,-4.521641026721185
10,MLP-E2E,Mean,3,5.409377574920654,1.0413709878921509,-4.368006587028503,-4.194476932634572
10,LH,Mean,3,1.8998183012008667,1.0413709878921509,-0.8584473133087158,-0.8243434119922117
10,LH-E2E,Mean,3,2.24513578414917,1.0413709878921509,-1.203764796257019,-1.1559423205111283
20,MLP,Mean,3,5.727729797363281,0.791105329990387,-4.936624467372894,-6.240160798098631
20,MLP-E2E,Mean,3,5.368251800537109,0.791105329990387,-4.577146470546722,-5.785761133226521
20,LH,Mean,3,1.714486002922058,0.791105329990387,-0.9233806729316711,-1.1672032002905246
20,LH-E2E,Mean,3,2.0757598876953125,0.791105329990387,-1.2846545577049255,-1.6238729648307841
50,MLP,Mean,3,5.707943439483643,0.8401344418525696,-4.867808997631073,-5.7940833694392175
50,MLP-E2E,Mean,3,3.0755693912506104,0.8401344418525696,-2.2354349493980408,-2.6608062210480408
50,LH,Mean,3,1.628531813621521,0.8401344418525696,-0.7883973717689514,-0.9384181060717693
50,LH-E2E,Mean,3,1.4349989891052246,0.8401344418525696,-0.594864547252655,-0.7080587553831585
75,MLP,Mean,3,5.704910755157471,1.1268813610076904,-4.57802939414978,-4.062565548209948
75,MLP-E2E,Mean,3,1.3719183206558228,1.1268813610076904,-0.24503695964813232,-0.21744698965382928
75,LH,Mean,3,1.620485544204712,1.1268813610076904,-0.4936041831970215,-0.4380267526615456
75,LH-E2E,Mean,3,1.269042730331421,1.1268813610076904,-0.14216136932373047,-0.12615469049608344
5,MLP,Mean,3,5.776002407073975,1.4783542156219482,-4.297648191452026,-2.9070490319831723
5,MLP-E2E,Mean,3,5.4537553787231445,1.4783542156219482,-3.9754011631011963,-2.6890721594950993
5,LH,Mean,3,2.2286179065704346,1.4783542156219482,-0.7502636909484863,-0.5074992738684403
5,LH-E2E,Mean,3,3.389338493347168,1.4783542156219482,-1.9109842777252197,-1.2926430334026968
10,MLP,Mean,3,5.736393451690674,1.0413709878921509,-4.695022463798523,-4.508501310663324
10,MLP-E2E,Mean,3,5.3778462409973145,1.0413709878921509,-4.336475253105164,-4.1641982574170475
10,LH,Mean,3,2.106431007385254,1.0413709878921509,-1.065060019493103,-1.0227479273730309
10,LH-E2E,Mean,3,3.2945947647094727,1.0413709878921509,-2.2532237768173218,-2.1637089980565847
20,MLP,Mean,3,5.714128017425537,0.791105329990387,-4.92302268743515,-6.222967411299039
20,MLP-E2E,Mean,3,5.33590030670166,0.791105329990387,-4.544794976711273,-5.744867092181643
20,LH,Mean,3,1.9181545972824097,0.791105329990387,-1.1270492672920227,-1.4246513385337929
20,LH-E2E,Mean,3,3.194502115249634,0.791105329990387,-2.403396785259247,-3.0380237550522526
50,MLP,Mean,3,5.698366641998291,0.8401344418525696,-4.858232200145721,-5.782684244479843
50,MLP-E2E,Mean,3,3.1482629776000977,0.8401344418525696,-2.308128535747528,-2.747332356304669
50,LH,Mean,3,1.833021879196167,0.8401344418525696,-0.9928874373435974,-1.1818197039442808
50,LH-E2E,Mean,3,1.4690605401992798,0.8401344418525696,-0.6289260983467102,-0.7486017320750158
75,MLP,Mean,3,5.693145751953125,1.1268813610076904,-4.566264390945435,-4.0521252271509285
75,MLP-E2E,Mean,3,1.378818154335022,1.1268813610076904,-0.25193679332733154,-0.22356993561597494
75,LH,Mean,3,1.830561876296997,1.1268813610076904,-0.7036805152893066,-0.6244495114020298
75,LH-E2E,Mean,3,1.290772557258606,1.1268813610076904,-0.16389119625091553,-0.14543784458761408
5,MLP,Mean,3,5.796758651733398,1.4783542156219482,-4.31840443611145,-2.9210891344431174
5,MLP-E2E,Mean,3,5.468635559082031,1.4783542156219482,-3.990281343460083,-2.6991375282691363
5,LH,Mean,3,1.967368483543396,1.4783542156219482,-0.48901426792144775,-0.33078288190609173
5,LH-E2E,Mean,3,2.1330597400665283,1.4783542156219482,-0.6547055244445801,-0.4428610663981794
10,MLP,Mean,3,5.758637428283691,1.0413709878921509,-4.7172664403915405,-4.529861591342971
10,MLP-E2E,Mean,3,5.398794651031494,1.0413709878921509,-4.357423663139343,-4.184314441061247
10,LH,Mean,3,1.8488188982009888,1.0413709878921509,-0.8074479103088379,-0.7753700839536553
10,LH-E2E,Mean,3,1.9837156534194946,1.0413709878921509,-0.9423446655273438,-0.9049077384369548
20,MLP,Mean,3,5.723313808441162,0.791105329990387,-4.932208478450775,-6.234578748838297
20,MLP-E2E,Mean,3,5.348231792449951,0.791105329990387,-4.557126462459564,-5.760454758299934
20,LH,Mean,3,1.6574279069900513,0.791105329990387,-0.8663225769996643,-1.0950786755667432
20,LH-E2E,Mean,3,1.7919018268585205,0.791105329990387,-1.0007964968681335,-1.2650609962143657
50,MLP,Mean,3,5.7002482414245605,0.8401344418525696,-4.860113799571991,-5.784923885342704
50,MLP-E2E,Mean,3,3.141758918762207,0.8401344418525696,-2.3016244769096375,-2.739590668172531
50,LH,Mean,3,1.5744729042053223,0.8401344418525696,-0.7343384623527527,-0.8740725600220275
50,LH-E2E,Mean,3,1.4309109449386597,0.8401344418525696,-0.5907765030860901,-0.7031928149301634
75,MLP,Mean,3,5.697422504425049,1.1268813610076904,-4.570541143417358,-4.055920438093187
75,MLP-E2E,Mean,3,1.3794270753860474,1.1268813610076904,-0.25254571437835693,-0.22411029511795558
75,LH,Mean,3,1.5715192556381226,1.1268813610076904,-0.44463789463043213,-0.39457383005503244
75,LH-E2E,Mean,3,1.26968514919281,1.1268813610076904,-0.14280378818511963,-0.12672477611788724
5,MLP,Mean,3,5.397272109985352,1.4783542156219482,-3.9189178943634033,-2.6508653020715354
5,MLP-E2E,Mean,3,5.000250816345215,1.4783542156219482,-3.5218966007232666,-2.3823090322379836
5,LH,Mean,3,1.9519492387771606,1.4783542156219482,-0.4735950231552124,-0.320352874940712
5,LH-E2E,Mean,3,2.066964626312256,1.4783542156219482,-0.5886104106903076,-0.3981524890789975
10,MLP,Mean,3,5.348056793212891,1.0413709878921509,-4.30668580532074,-4.135592267687373
10,MLP-E2E,Mean,3,4.913465976715088,1.0413709878921509,-3.872094988822937,-3.718266625288344
10,LH,Mean,3,1.8075238466262817,1.0413709878921509,-0.7661528587341309,-0.7357155784461676
10,LH-E2E,Mean,3,1.8977092504501343,1.0413709878921509,-0.8563382625579834,-0.822318148397149
20,MLP,Mean,3,5.309693813323975,0.791105329990387,-4.518588483333588,-5.711740664657758
20,MLP-E2E,Mean,3,4.848326683044434,0.791105329990387,-4.057221353054047,-5.128547614643612
20,LH,Mean,3,1.6218053102493286,0.791105329990387,-0.8306999802589417,-1.0500497832179134
20,LH-E2E,Mean,3,1.7216465473175049,0.791105329990387,-0.9305412173271179,-1.1762545163719542
50,MLP,Mean,3,5.284695625305176,0.8401344418525696,-4.444561183452606,-5.290297554819872
50,MLP-E2E,Mean,3,2.4073238372802734,0.8401344418525696,-1.5671893954277039,-1.8654031037840977
50,LH,Mean,3,1.5457537174224854,0.8401344418525696,-0.7056192755699158,-0.8398885230963319
50,LH-E2E,Mean,3,1.4231224060058594,0.8401344418525696,-0.5829879641532898,-0.6939222285277944
75,MLP,Mean,3,5.278288841247559,1.1268813610076904,-4.151407480239868,-3.6839791870615
75,MLP-E2E,Mean,3,1.345012903213501,1.1268813610076904,-0.21813154220581055,-0.1935709913692697
75,LH,Mean,3,1.5434058904647827,1.1268813610076904,-0.4165245294570923,-0.36962589307948424
75,LH-E2E,Mean,3,1.2699060440063477,1.1268813610076904,-0.14302468299865723,-0.12692079924967464
5,MLP,Mean,3,5.8597869873046875,1.4783542156219482,-4.381432771682739,-2.963723257514071
5,MLP-E2E,Mean,3,5.5687255859375,1.4783542156219482,-4.090371370315552,-2.7668412124050525
5,LH,Mean,3,1.878347635269165,1.4783542156219482,-0.3999934196472168,-0.2705666987116063
5,LH-E2E,Mean,3,1.8617781400680542,1.4783542156219482,-0.38342392444610596,-0.25935863028928985
10,MLP,Mean,3,5.820324420928955,1.0413709878921509,-4.778953433036804,-4.589097918610092
10,MLP-E2E,Mean,3,5.497739791870117,1.0413709878921509,-4.456368803977966,-4.279328746231106
10,LH,Mean,3,1.7151917219161987,1.0413709878921509,-0.6738207340240479,-0.647051571302111
10,LH-E2E,Mean,3,1.6600369215011597,1.0413709878921509,-0.6186659336090088,-0.5940879290878427
20,MLP,Mean,3,5.792440414428711,0.791105329990387,-5.001335084438324,-6.321958524156445
20,MLP-E2E,Mean,3,5.4485955238342285,0.791105329990387,-4.6574901938438416,-5.8873199525788005
20,LH,Mean,3,1.5059248208999634,0.791105329990387,-0.7148194909095764,-0.9035705661574325
20,LH-E2E,Mean,3,1.4711129665374756,0.791105329990387,-0.6800076365470886,-0.8595664961015389
50,MLP,Mean,3,5.777091026306152,0.8401344418525696,-4.936956584453583,-5.876388752218233
50,MLP-E2E,Mean,3,3.3011436462402344,0.8401344418525696,-2.461009204387665,-2.929304027770752
50,LH,Mean,3,1.450236439704895,0.8401344418525696,-0.6101019978523254,-0.7261956747148676
50,LH-E2E,Mean,3,1.402036190032959,0.8401344418525696,-0.5619017481803894,-0.668823607494709
75,MLP,Mean,3,5.774604797363281,1.1268813610076904,-4.647723436355591,-4.124412380198977
75,MLP-E2E,Mean,3,1.3799201250076294,1.1268813610076904,-0.25303876399993896,-0.22454782974994303
75,LH,Mean,3,1.4450180530548096,1.1268813610076904,-0.31813669204711914,-0.28231604768281193
75,LH-E2E,Mean,3,1.2488772869110107,1.1268813610076904,-0.12199592590332031,-0.1082597779363641
5,MLP,PseudoFeature,2,6.052313804626465,1.4783542156219482,-4.573959589004517,-3.0939537633612644
5,MLP-E2E,PseudoFeature,2,6.058233737945557,1.4783542156219482,-4.579879522323608,-3.097958171274155
5,LH,PseudoFeature,2,3.3574366569519043,1.4783542156219482,-1.879082441329956,-1.2710637420135609
5,LH-E2E,PseudoFeature,2,3.8457565307617188,1.4783542156219482,-2.3674023151397705,-1.6013769163865759
10,MLP,PseudoFeature,2,6.0360870361328125,1.0413709878921509,-4.994716048240662,-4.796288840685407
10,MLP-E2E,PseudoFeature,2,6.043379306793213,1.0413709878921509,-5.002008318901062,-4.803291408209552
10,LH,PseudoFeature,2,3.32045578956604,1.0413709878921509,-2.279084801673889,-2.188542630985915
10,LH-E2E,PseudoFeature,2,3.813436508178711,1.0413709878921509,-2.77206552028656,-2.6619384950386653
20,MLP,PseudoFeature,2,6.019995212554932,0.791105329990387,-5.228889882564545,-6.609600118138609
20,MLP-E2E,PseudoFeature,2,6.030738830566406,0.791105329990387,-5.239633500576019,-6.623180633405274
20,LH,PseudoFeature,2,3.245504140853882,0.791105329990387,-2.454398810863495,-3.102493078757691
20,LH-E2E,PseudoFeature,2,3.7576305866241455,0.791105329990387,-2.9665252566337585,-3.7498486537434985
50,MLP,PseudoFeature,2,6.00241756439209,0.8401344418525696,-5.16228312253952,-6.144591705056439
50,MLP-E2E,PseudoFeature,2,4.393131256103516,0.8401344418525696,-3.552996814250946,-4.2290812484919424
50,LH,PseudoFeature,2,3.2169723510742188,0.8401344418525696,-2.376837909221649,-2.829116140007919
50,LH-E2E,PseudoFeature,2,1.1801213026046753,0.8401344418525696,-0.3399868607521057,-0.40468149359810207
75,MLP,PseudoFeature,2,5.997278690338135,1.1268813610076904,-4.870397329330444,-4.322014275731025
75,MLP-E2E,PseudoFeature,2,1.0361144542694092,1.1268813610076904,0.09076690673828125,0.0805469944565547
75,LH,PseudoFeature,2,3.209346055984497,1.1268813610076904,-2.0824646949768066,-1.8479892977505685
75,LH-E2E,PseudoFeature,2,1.040895938873291,1.1268813610076904,0.08598542213439941,0.07630388176578652
5,MLP,PseudoFeature,2,5.0566182136535645,1.4783542156219482,-3.578263998031616,-2.420437510996801
5,MLP-E2E,PseudoFeature,2,4.282989978790283,1.4783542156219482,-2.804635763168335,-1.8971338083467473
5,LH,PseudoFeature,2,2.0957820415496826,1.4783542156219482,-0.6174278259277344,-0.417645392019923
5,LH-E2E,PseudoFeature,2,1.3022754192352295,1.4783542156219482,0.17607879638671875,0.11910460600448307
10,MLP,PseudoFeature,2,5.045954704284668,1.0413709878921509,-4.004583716392517,-3.8454919168607087
10,MLP-E2E,PseudoFeature,2,4.262930870056152,1.0413709878921509,-3.2215598821640015,-3.0935756033349766
10,LH,PseudoFeature,2,2.0420193672180176,1.0413709878921509,-1.0006483793258667,-0.960895195814211
10,LH-E2E,PseudoFeature,2,1.245241641998291,1.0413709878921509,-0.20387065410614014,-0.19577139797105036
20,MLP,PseudoFeature,2,5.028241157531738,0.791105329990387,-4.237135827541351,-5.355969258344952
20,MLP-E2E,PseudoFeature,2,4.238411903381348,0.791105329990387,-3.4473065733909607,-4.357582287345795
20,LH,PseudoFeature,2,1.9283963441848755,0.791105329990387,-1.1372910141944885,-1.4375974615267832
20,LH-E2E,PseudoFeature,2,1.1330581903457642,0.791105329990387,-0.3419528603553772,-0.4322469428432904
50,MLP,PseudoFeature,2,5.018344879150391,0.8401344418525696,-4.178210437297821,-4.973264074359936
50,MLP-E2E,PseudoFeature,2,2.0418522357940674,0.8401344418525696,-1.2017177939414978,-1.4303874880925076
50,LH,PseudoFeature,2,1.8814895153045654,0.8401344418525696,-1.0413550734519958,-1.2395100374122472
50,LH-E2E,PseudoFeature,2,1.0988143682479858,0.8401344418525696,-0.25867992639541626,-0.30790301350460586
75,MLP,PseudoFeature,2,5.015326499938965,1.1268813610076904,-3.8884451389312744,-3.450625126547583
75,MLP-E2E,PseudoFeature,2,1.040871500968933,1.1268813610076904,0.08600986003875732,0.07632556808095999
75,LH,PseudoFeature,2,1.8691139221191406,1.1268813610076904,-0.7422325611114502,-0.6586607843506472
75,LH-E2E,PseudoFeature,2,1.0275455713272095,1.1268813610076904,0.09933578968048096,0.08815106285159599
5,MLP,PseudoFeature,2,5.541171073913574,1.4783542156219482,-4.062816858291626,-2.748202572400679
5,MLP-E2E,PseudoFeature,2,5.014692783355713,1.4783542156219482,-3.5363385677337646,-2.392077981288142
5,LH,PseudoFeature,2,3.7494850158691406,1.4783542156219482,-2.2711308002471924,-1.5362561801819061
5,LH-E2E,PseudoFeature,2,4.780716896057129,1.4783542156219482,-3.3023626804351807,-2.2338101691318046
10,MLP,PseudoFeature,2,5.535400867462158,1.0413709878921509,-4.494029879570007,-4.315493644264487
10,MLP-E2E,PseudoFeature,2,5.003273963928223,1.0413709878921509,-3.9619029760360718,-3.8045067724187303
10,LH,PseudoFeature,2,3.7276041507720947,1.0413709878921509,-2.686233162879944,-2.579516036179551
10,LH-E2E,PseudoFeature,2,4.779442310333252,1.0413709878921509,-3.738071322441101,-3.5895673740703757
20,MLP,PseudoFeature,2,5.525320529937744,0.791105329990387,-4.734215199947357,-5.984304517332584
20,MLP-E2E,PseudoFeature,2,4.987904071807861,0.791105329990387,-4.196798741817474,-5.304980996485602
20,LH,PseudoFeature,2,3.660583972930908,0.791105329990387,-2.8694786429405212,-3.6271764759509195
20,LH-E2E,PseudoFeature,2,4.753507614135742,0.791105329990387,-3.9624022841453552,-5.008691174149344
50,MLP,PseudoFeature,2,5.51729679107666,0.8401344418525696,-4.677162349224091,-5.567159392859243
50,MLP-E2E,PseudoFeature,2,2.974273920059204,0.8401344418525696,-2.1341394782066345,-2.5402356716868684
50,LH,PseudoFeature,2,3.6333625316619873,0.8401344418525696,-2.7932280898094177,-3.32473941152812
50,LH-E2E,PseudoFeature,2,2.1168906688690186,0.8401344418525696,-1.276756227016449,-1.5197046608410558
75,MLP,PseudoFeature,2,5.515373706817627,1.1268813610076904,-4.3884923458099365,-3.8943694497578853
75,MLP-E2E,PseudoFeature,2,1.0390028953552246,1.1268813610076904,0.08787846565246582,0.07798377778995502
75,LH,PseudoFeature,2,3.62473464012146,1.1268813610076904,-2.4978532791137695,-2.216607147428648
75,LH-E2E,PseudoFeature,2,1.0421589612960815,1.1268813610076904,0.08472239971160889,0.07518306952548015
5,MLP,PseudoFeature,2,5.947014808654785,1.4783542156219482,-4.468660593032837,-3.0227265873171385
5,MLP-E2E,PseudoFeature,2,5.868204593658447,1.4783542156219482,-4.389850378036499,-2.9694171610892828
5,LH,PseudoFeature,2,2.8622629642486572,1.4783542156219482,-1.383908748626709,-0.936114453493471
5,LH-E2E,PseudoFeature,2,2.742070436477661,1.4783542156219482,-1.263716220855713,-0.8548128773888357
10,MLP,PseudoFeature,2,5.9273247718811035,1.0413709878921509,-4.885953783988953,-4.691847421137264
10,MLP-E2E,PseudoFeature,2,5.851082801818848,1.0413709878921509,-4.809711813926697,-4.618634348227888
10,LH,PseudoFeature,2,2.8265950679779053,1.0413709878921509,-1.7852240800857544,-1.7143017242099703
10,LH-E2E,PseudoFeature,2,2.7011117935180664,1.0413709878921509,-1.6597408056259155,-1.5938035771338446
20,MLP,PseudoFeature,2,5.904335021972656,0.791105329990387,-5.113229691982269,-6.463399370655741
20,MLP-E2E,PseudoFeature,2,5.833224773406982,0.791105329990387,-5.0421194434165955,-6.37351216364307
20,LH,PseudoFeature,2,2.7389585971832275,0.791105329990387,-1.9478532671928406,-2.4621920664047474
20,LH-E2E,PseudoFeature,2,2.625523090362549,0.791105329990387,-1.8344177603721619,-2.318803439732169
50,MLP,PseudoFeature,2,5.88431978225708,0.8401344418525696,-5.0441853404045105,-6.004021605496428
50,MLP-E2E,PseudoFeature,2,4.0053300857543945,0.8401344418525696,-3.165195643901825,-3.7674870666203053
50,LH,PseudoFeature,2,2.6997385025024414,0.8401344418525696,-1.8596040606498718,-2.2134600940169564
50,LH-E2E,PseudoFeature,2,1.0557966232299805,0.8401344418525696,-0.2156621813774109,-0.2566996073888567
75,MLP,PseudoFeature,2,5.878357410430908,1.1268813610076904,-4.751476049423218,-4.216482953604191
75,MLP-E2E,PseudoFeature,2,1.0389478206634521,1.1268813610076904,0.08793354034423828,0.07803265133927277
75,LH,PseudoFeature,2,2.689723491668701,1.1268813610076904,-1.5628421306610107,-1.3868737071518082
75,LH-E2E,PseudoFeature,2,1.036199927330017,1.1268813610076904,0.09068143367767334,0.08047114524689923
5,MLP,PseudoFeature,2,6.166259765625,1.4783542156219482,-4.687905550003052,-3.1710299875803685
5,MLP-E2E,PseudoFeature,2,6.058937072753906,1.4783542156219482,-4.580582857131958,-3.098433926543709
5,LH,PseudoFeature,2,2.254016637802124,1.4783542156219482,-0.7756624221801758,-0.5246796836533876
5,LH-E2E,PseudoFeature,2,1.439473271369934,1.4783542156219482,0.03888094425201416,0.026300154483380578
10,MLP,PseudoFeature,2,6.1556525230407715,1.0413709878921509,-5.114281535148621,-4.911104298671204
10,MLP-E2E,PseudoFeature,2,6.04872989654541,1.0413709878921509,-5.007358908653259,-4.8084294328082855
10,LH,PseudoFeature,2,2.205047130584717,1.0413709878921509,-1.163676142692566,-1.117446285927337
10,LH-E2E,PseudoFeature,2,1.3847591876983643,1.0413709878921509,-0.3433881998062134,-0.3297462708282941
20,MLP,PseudoFeature,2,6.145373821258545,0.791105329990387,-5.354268491268158,-6.768085472680635
20,MLP-E2E,PseudoFeature,2,6.0343122482299805,0.791105329990387,-5.2432069182395935,-6.627697626943439
20,LH,PseudoFeature,2,2.097066640853882,0.791105329990387,-1.3059613108634949,-1.6508058552447928
20,LH-E2E,PseudoFeature,2,1.260201096534729,0.791105329990387,-0.46909576654434204,-0.5929624649982351
50,MLP,PseudoFeature,2,6.135861396789551,0.8401344418525696,-5.295726954936981,-6.303427988572213
50,MLP-E2E,PseudoFeature,2,4.489108562469482,0.8401344418525696,-3.648974120616913,-4.343321662388471
50,LH,PseudoFeature,2,2.053398370742798,0.8401344418525696,-1.2132639288902283,-1.444130687244384
50,LH-E2E,PseudoFeature,2,1.1102569103240967,0.8401344418525696,-0.2701224684715271,-0.32152290754308743
75,MLP,PseudoFeature,2,6.132437705993652,1.1268813610076904,-5.005556344985962,-4.441955043528137
75,MLP-E2E,PseudoFeature,2,1.0368115901947021,1.1268813610076904,0.09006977081298828,0.07992835264614302
75,LH,PseudoFeature,2,2.040004253387451,1.1268813610076904,-0.9131228923797607,-0.8103096953908435
75,LH-E2E,PseudoFeature,2,1.0270206928253174,1.1268813610076904,0.09986066818237305,0.0886168425867606
5,MLP,PseudoFeature,2,6.2348952293396,1.4783542156219482,-4.756541013717651,-3.2174569284239904
5,MLP-E2E,PseudoFeature,2,6.390801906585693,1.4783542156219482,-4.912447690963745,-3.3229165507517173
5,LH,PseudoFeature,2,2.28825044631958,1.4783542156219482,-0.8098962306976318,-0.5478363859887977
5,LH-E2E,PseudoFeature,2,1.421372652053833,1.4783542156219482,0.056981563568115234,0.038543917936570374
10,MLP,PseudoFeature,2,6.214731693267822,1.0413709878921509,-5.173360705375671,-4.9678364055898285
10,MLP-E2E,PseudoFeature,2,6.375059604644775,1.0413709878921509,-5.3336886167526245,-5.121794901880833
10,LH,PseudoFeature,2,2.2399795055389404,1.0413709878921509,-1.1986085176467896,-1.1509908875730297
10,LH-E2E,PseudoFeature,2,1.364302158355713,1.0413709878921509,-0.322931170463562,-0.31010194658601936
20,MLP,PseudoFeature,2,6.1998186111450195,0.791105329990387,-5.408713281154633,-6.836906636971282
20,MLP-E2E,PseudoFeature,2,6.3634796142578125,0.791105329990387,-5.5723742842674255,-7.043783012225613
20,LH,PseudoFeature,2,2.1362576484680176,0.791105329990387,-1.3451523184776306,-1.7003454122777508
20,LH-E2E,PseudoFeature,2,1.24959397315979,0.791105329990387,-0.4584886431694031,-0.5795544863475693
50,MLP,PseudoFeature,2,6.187900543212891,0.8401344418525696,-5.347766101360321,-6.365369439643531
50,MLP-E2E,PseudoFeature,2,5.148192405700684,0.8401344418525696,-4.308057963848114,-5.127819726505286
50,LH,PseudoFeature,2,2.0900213718414307,0.8401344418525696,-1.249886929988861,-1.4877225212107144
50,LH-E2E,PseudoFeature,2,1.1172363758087158,0.8401344418525696,-0.27710193395614624,-0.3298304654015997
75,MLP,PseudoFeature,2,6.182442665100098,1.1268813610076904,-5.055561304092407,-4.486329687422974
75,MLP-E2E,PseudoFeature,2,1.0321338176727295,1.1268813610076904,0.09474754333496094,0.08407943073105309
75,LH,PseudoFeature,2,2.078489303588867,1.1268813610076904,-0.9516079425811768,-0.8444615160998146
75,LH-E2E,PseudoFeature,2,1.0298492908477783,1.1268813610076904,0.09703207015991211,0.08610673094561008
5,MLP,PseudoFeature,2,5.598941326141357,1.4783542156219482,-4.120587110519409,-2.7872799813310407
5,MLP-E2E,PseudoFeature,2,5.100913047790527,1.4783542156219482,-3.622558832168579,-2.4503997715084522
5,LH,PseudoFeature,2,1.8143898248672485,1.4783542156219482,-0.3360356092453003,-0.2273038529564642
5,LH-E2E,PseudoFeature,2,1.1649402379989624,1.4783542156219482,0.31341397762298584,0.21200195075787814
10,MLP,PseudoFeature,2,5.581016540527344,1.0413709878921509,-4.539645552635193,-4.3592971240959315
10,MLP-E2E,PseudoFeature,2,5.076838970184326,1.0413709878921509,-4.035467982292175,-3.8751492304009787
10,LH,PseudoFeature,2,1.7524458169937134,1.0413709878921509,-0.7110748291015625,-0.6828256571088618
10,LH-E2E,PseudoFeature,2,1.1114110946655273,1.0413709878921509,-0.07004010677337646,-0.06725759367960243
20,MLP,PseudoFeature,2,5.566259384155273,0.791105329990387,-4.7751540541648865,-6.03605344717234
20,MLP-E2E,PseudoFeature,2,5.053562164306641,0.791105329990387,-4.262456834316254,-5.387976382826353
20,LH,PseudoFeature,2,1.623121976852417,0.791105329990387,-0.83201664686203,-1.051714121142554
20,LH-E2E,PseudoFeature,2,1.0394870042800903,0.791105329990387,-0.24838167428970337,-0.313967893874159
50,MLP,PseudoFeature,2,5.555323123931885,0.8401344418525696,-4.715188682079315,-5.612421592527398
50,MLP-E2E,PseudoFeature,2,3.0357275009155273,0.8401344418525696,-2.1955930590629578,-2.613382989300479
50,LH,PseudoFeature,2,1.5691847801208496,0.8401344418525696,-0.72905033826828,-0.8677781816213374
50,LH-E2E,PseudoFeature,2,1.075763463973999,0.8401344418525696,-0.23562902212142944,-0.2804658521103443
75,MLP,PseudoFeature,2,5.551279067993164,1.1268813610076904,-4.424397706985474,-3.9262320418797656
75,MLP-E2E,PseudoFeature,2,1.0404126644134521,1.1268813610076904,0.08646869659423828,0.0767327418717046
75,LH,PseudoFeature,2,1.5535999536514282,1.1268813610076904,-0.4267185926437378,-0.3786721543270123
75,LH-E2E,PseudoFeature,2,1.0268356800079346,1.1268813610076904,0.10004568099975586,0.08878102386065918
5,MLP,PseudoFeature,2,5.027098655700684,1.4783542156219482,-3.5487444400787354,-2.400469659151185
5,MLP-E2E,PseudoFeature,2,4.374589920043945,1.4783542156219482,-2.896235704421997,-1.9590945619237414
5,LH,PseudoFeature,2,2.9061777591705322,1.4783542156219482,-1.427823543548584,-0.9658196448865904
5,LH-E2E,PseudoFeature,2,2.819653272628784,1.4783542156219482,-1.341299057006836,-0.9072920703530766
10,MLP,PseudoFeature,2,4.995652675628662,1.0413709878921509,-3.9542816877365112,-3.7971882582790317
10,MLP-E2E,PseudoFeature,2,4.348910808563232,1.0413709878921509,-3.3075398206710815,-3.1761397802774445
10,LH,PseudoFeature,2,2.862621307373047,1.0413709878921509,-1.821250319480896,-1.748896733878967
10,LH-E2E,PseudoFeature,2,2.7888846397399902,1.0413709878921509,-1.7475136518478394,-1.6780894341842563
20,MLP,PseudoFeature,2,4.971084117889404,0.791105329990387,-4.179978787899017,-5.283719663410446
20,MLP-E2E,PseudoFeature,2,4.320621967315674,0.791105329990387,-3.529516637325287,-4.4615002623837405
20,LH,PseudoFeature,2,2.7800018787384033,0.791105329990387,-1.9888965487480164,-2.514072998057268
20,LH-E2E,PseudoFeature,2,2.7144289016723633,0.791105329990387,-1.9233235716819763,-2.4311852022351403
50,MLP,PseudoFeature,2,4.9498395919799805,0.8401344418525696,-4.109705150127411,-4.891723211662592
50,MLP-E2E,PseudoFeature,2,1.9607535600662231,0.8401344418525696,-1.1206191182136536,-1.3338568952637995
50,LH,PseudoFeature,2,2.742802381515503,0.8401344418525696,-1.9026679396629333,-2.264718412766634
50,LH-E2E,PseudoFeature,2,1.0448609590530396,0.8401344418525696,-0.20472651720046997,-0.24368304285803374
75,MLP,PseudoFeature,2,4.9443464279174805,1.1268813610076904,-3.81746506690979,-3.387637065445914
75,MLP-E2E,PseudoFeature,2,1.04156494140625,1.1268813610076904,0.08531641960144043,0.07571020566455015
75,LH,PseudoFeature,2,2.7321197986602783,1.1268813610076904,-1.605238437652588,-1.4244963961575658
75,LH-E2E,PseudoFeature,2,1.0353164672851562,1.1268813610076904,0.09156489372253418,0.08125513198714562
5,MLP,PseudoFeature,2,6.1742682456970215,1.4783542156219482,-4.695914030075073,-3.1764471467343753
5,MLP-E2E,PseudoFeature,2,6.29890251159668,1.4783542156219482,-4.8205482959747314,-3.2607532383209743
5,LH,PseudoFeature,2,2.834239959716797,1.4783542156219482,-1.3558857440948486,-0.9171589120976824
5,LH-E2E,PseudoFeature,2,2.7098488807678223,1.4783542156219482,-1.231494665145874,-0.8330173189432685
10,MLP,PseudoFeature,2,6.154904842376709,1.0413709878921509,-5.113533854484558,-4.9103863214347
10,MLP-E2E,PseudoFeature,2,6.2890729904174805,1.0413709878921509,-5.24770200252533,-5.039224314427324
10,LH,PseudoFeature,2,2.7939364910125732,1.0413709878921509,-1.7525655031204224,-1.68294058841394
10,LH-E2E,PseudoFeature,2,2.689056634902954,1.0413709878921509,-1.6476856470108032,-1.582227338929328
20,MLP,PseudoFeature,2,6.135602951049805,0.791105329990387,-5.344497621059418,-6.755734563341092
20,MLP-E2E,PseudoFeature,2,6.280811786651611,0.791105329990387,-5.489706456661224,-6.939286399104317
20,LH,PseudoFeature,2,2.7043297290802,0.791105329990387,-1.9132243990898132,-2.4184193008951937
20,LH-E2E,PseudoFeature,2,2.6119961738586426,0.791105329990387,-1.8208908438682556,-2.3017046843691245
50,MLP,PseudoFeature,2,6.115599155426025,0.8401344418525696,-5.275464713573456,-6.27931013272185
50,MLP-E2E,PseudoFeature,2,4.865622043609619,0.8401344418525696,-4.02548760175705,-4.79148026937272
50,LH,PseudoFeature,2,2.6684863567352295,0.8401344418525696,-1.82835191488266,-2.176261112270299
50,LH-E2E,PseudoFeature,2,1.052159309387207,0.8401344418525696,-0.21202486753463745,-0.25237016478827384
75,MLP,PseudoFeature,2,6.108667373657227,1.1268813610076904,-4.981786012649536,-4.420861135013074
75,MLP-E2E,PseudoFeature,2,1.0424787998199463,1.1268813610076904,0.08440256118774414,0.07489924326396603
75,LH,PseudoFeature,2,2.6587321758270264,1.1268813610076904,-1.531850814819336,-1.3593718627571494
75,LH-E2E,PseudoFeature,2,1.0356853008270264,1.1268813610076904,0.09119606018066406,0.0809278273083813
5,MLP,PseudoFeature,2,5.492036819458008,1.4783542156219482,-4.01368260383606,-2.71496679308855
5,MLP-E2E,PseudoFeature,2,4.986954212188721,1.4783542156219482,-3.5085999965667725,-2.3733148385488207
5,LH,PseudoFeature,2,2.8160769939422607,1.4783542156219482,-1.3377227783203125,-0.9048729757621237
5,LH-E2E,PseudoFeature,2,2.634080648422241,1.4783542156219482,-1.155726432800293,-0.7817655745744773
10,MLP,PseudoFeature,2,5.471335411071777,1.0413709878921509,-4.4299644231796265,-4.253973343492467
10,MLP-E2E,PseudoFeature,2,4.968023300170898,1.0413709878921509,-3.9266523122787476,-3.770656526764513
10,LH,PseudoFeature,2,2.775251865386963,1.0413709878921509,-1.733880877494812,-1.6649982548528428
10,LH-E2E,PseudoFeature,2,2.5896637439727783,1.0413709878921509,-1.5482927560806274,-1.486783071626128
20,MLP,PseudoFeature,2,5.449619293212891,0.791105329990387,-4.658513963222504,-5.888614052542297
20,MLP-E2E,PseudoFeature,2,4.9487996101379395,0.791105329990387,-4.1576942801475525,-5.255550838215278
20,LH,PseudoFeature,2,2.688505172729492,0.791105329990387,-1.8973998427391052,-2.398416204277326
20,LH-E2E,PseudoFeature,2,2.5014302730560303,0.791105329990387,-1.7103249430656433,-2.161943395181557
50,MLP,PseudoFeature,2,5.431293964385986,0.8401344418525696,-4.591159522533417,-5.464791459340139
50,MLP-E2E,PseudoFeature,2,2.8158395290374756,0.8401344418525696,-1.975705087184906,-2.351653483968952
50,LH,PseudoFeature,2,2.6534264087677,0.8401344418525696,-1.8132919669151306,-2.1583354717807595
50,LH-E2E,PseudoFeature,2,1.0617767572402954,0.8401344418525696,-0.22164231538772583,-0.26381767529847394
75,MLP,PseudoFeature,2,5.425485610961914,1.1268813610076904,-4.298604249954224,-3.814602316352349
75,MLP-E2E,PseudoFeature,2,1.0392423868179321,1.1268813610076904,0.0876389741897583,0.07777125190125513
75,LH,PseudoFeature,2,2.6425013542175293,1.1268813610076904,-1.5156199932098389,-1.3449685527272603
75,LH-E2E,PseudoFeature,2,1.0322415828704834,1.1268813610076904,0.09463977813720703,0.0839837993704833
5,MLP,RealValue,2,5.3798675537109375,1.4783542156219482,-3.9015133380889893,-2.6390923750622313
5,MLP-E2E,RealValue,2,5.222224712371826,1.4783542156219482,-3.743870496749878,-2.532458362947083
5,LH,RealValue,2,1.9015483856201172,1.4783542156219482,-0.42319416999816895,-0.28626033296095404
5,LH-E2E,RealValue,2,1.6387354135513306,1.4783542156219482,-0.16038119792938232,-0.10848631284344087
10,MLP,RealValue,2,5.3222270011901855,1.0413709878921509,-4.280856013298035,-4.110788626791838
10,MLP-E2E,RealValue,2,5.141617298126221,1.0413709878921509,-4.10024631023407,-3.9373540821733646
10,LH,RealValue,2,1.4878654479980469,1.0413709878921509,-0.446494460105896,-0.4287563848976144
10,LH-E2E,RealValue,2,1.2679238319396973,1.0413709878921509,-0.2265528440475464,-0.21755248291112295
20,MLP,RealValue,2,5.285426616668701,0.791105329990387,-4.494321286678314,-5.681065613264073
20,MLP-E2E,RealValue,2,5.089492321014404,0.791105329990387,-4.298386991024017,-5.433394047637435
20,LH,RealValue,2,1.4012178182601929,0.791105329990387,-0.6101124882698059,-0.7712152416887643
20,LH-E2E,RealValue,2,1.2566020488739014,0.791105329990387,-0.4654967188835144,-0.5884130737548827
50,MLP,RealValue,2,5.265522003173828,0.8401344418525696,-4.4253875613212585,-5.267475466858487
50,MLP-E2E,RealValue,2,2.257469654083252,0.8401344418525696,-1.4173352122306824,-1.6870338146182113
50,LH,RealValue,2,1.3784759044647217,0.8401344418525696,-0.5383414626121521,-0.6407801368374594
50,LH-E2E,RealValue,2,1.2420016527175903,0.8401344418525696,-0.40186721086502075,-0.47833678854882866
75,MLP,RealValue,2,5.262049198150635,1.1268813610076904,-4.135167837142944,-3.669568048800768
75,MLP-E2E,RealValue,2,1.0847809314727783,1.1268813610076904,0.04210042953491211,0.037360125911803765
75,LH,RealValue,2,1.3680087327957153,1.1268813610076904,-0.2411273717880249,-0.21397760237368885
75,LH-E2E,RealValue,2,1.0591262578964233,1.1268813610076904,0.06775510311126709,0.06012620800709534
5,MLP,RealValue,2,4.703163146972656,1.4783542156219482,-3.224808931350708,-2.181350651470237
5,MLP-E2E,RealValue,2,3.670971632003784,1.4783542156219482,-2.192617416381836,-1.4831475388050994
5,LH,RealValue,2,1.7609349489212036,1.4783542156219482,-0.28258073329925537,-0.19114548483251884
5,LH-E2E,RealValue,2,1.649705171585083,1.4783542156219482,-0.17135095596313477,-0.11590656295524336
10,MLP,RealValue,2,4.627383232116699,1.0413709878921509,-3.5860122442245483,-3.443549211489971
10,MLP-E2E,RealValue,2,3.480116844177246,1.0413709878921509,-2.438745856285095,-2.341860763013366
10,LH,RealValue,2,1.369062900543213,1.0413709878921509,-0.327691912651062,-0.31467355674498515
10,LH-E2E,RealValue,2,1.2274500131607056,1.0413709878921509,-0.1860790252685547,-0.1786865847349935
20,MLP,RealValue,2,4.599894046783447,0.791105329990387,-3.8087887167930603,-4.81451530207658
20,MLP-E2E,RealValue,2,3.3899569511413574,0.791105329990387,-2.5988516211509705,-3.2850892575613795
20,LH,RealValue,2,1.3151018619537354,0.791105329990387,-0.5239965319633484,-0.6623600070672203
20,LH-E2E,RealValue,2,1.2809983491897583,0.791105329990387,-0.48989301919937134,-0.6192513191705132
50,MLP,RealValue,2,4.579710006713867,0.8401344418525696,-3.7395755648612976,-4.451163264554668
50,MLP-E2E,RealValue,2,1.2342616319656372,0.8401344418525696,-0.3941271901130676,-0.46912395264260665
50,LH,RealValue,2,1.3097076416015625,0.8401344418525696,-0.4695731997489929,-0.5589262579374119
50,LH-E2E,RealValue,2,1.203172206878662,0.8401344418525696,-0.36303776502609253,-0.4321186549923637
75,MLP,RealValue,2,4.573848247528076,1.1268813610076904,-3.4469668865203857,-3.0588551783641242
75,MLP-E2E,RealValue,2,1.1010010242462158,1.1268813610076904,0.02588033676147461,0.0229663367032104
75,LH,RealValue,2,1.3092892169952393,1.1268813610076904,-0.18240785598754883,-0.16186961848799625
75,LH-E2E,RealValue,2,1.05704927444458,1.1268813610076904,0.06983208656311035,0.06196933322303286
5,MLP,RealValue,2,5.270096778869629,1.4783542156219482,-3.7917425632476807,-2.5648403631415784
5,MLP-E2E,RealValue,2,4.483355522155762,1.4783542156219482,-3.0050013065338135,-2.032666646991364
5,LH,RealValue,2,2.0401155948638916,1.4783542156219482,-0.5617613792419434,-0.3799910558009324
5,LH-E2E,RealValue,2,2.1352972984313965,1.4783542156219482,-0.6569430828094482,-0.44437461324725225
10,MLP,RealValue,2,5.208250522613525,1.0413709878921509,-4.1668795347213745,-4.001340140227639
10,MLP-E2E,RealValue,2,4.346273899078369,1.0413709878921509,-3.3049029111862183,-3.1736076284165593
10,LH,RealValue,2,1.6697324514389038,1.0413709878921509,-0.6283614635467529,-0.6033982805864656
10,LH-E2E,RealValue,2,1.78423011302948,1.0413709878921509,-0.7428591251373291,-0.7133472449054467
20,MLP,RealValue,2,5.178914546966553,0.791105329990387,-4.387809216976166,-5.5464285862281875
20,MLP-E2E,RealValue,2,4.253343105316162,0.791105329990387,-3.462237775325775,-4.376456135579122
20,LH,RealValue,2,1.5642733573913574,0.791105329990387,-0.7731680274009705,-0.9773262776656625
20,LH-E2E,RealValue,2,1.6184691190719604,0.791105329990387,-0.8273637890815735,-1.0458326568114857
50,MLP,RealValue,2,5.154905796051025,0.8401344418525696,-4.314771354198456,-5.135810578940211
50,MLP-E2E,RealValue,2,1.4606575965881348,0.8401344418525696,-0.6205231547355652,-0.7385998285789327
50,LH,RealValue,2,1.526856541633606,0.8401344418525696,-0.6867220997810364,-0.8173954852591858
50,LH-E2E,RealValue,2,1.3127422332763672,0.8401344418525696,-0.4726077914237976,-0.5625382889691515
75,MLP,RealValue,2,5.14633321762085,1.1268813610076904,-4.019451856613159,-3.5668811249294667
75,MLP-E2E,RealValue,2,1.0902307033538818,1.1268813610076904,0.036650657653808594,0.032523971841218934
75,LH,RealValue,2,1.5118920803070068,1.1268813610076904,-0.3850107192993164,-0.3416603846877266
75,LH-E2E,RealValue,2,1.081595540046692,1.1268813610076904,0.045285820960998535,0.04018685775448679
5,MLP,RealValue,2,5.4515156745910645,1.4783542156219482,-3.973161458969116,-2.687557161189272
5,MLP-E2E,RealValue,2,4.753092288970947,1.4783542156219482,-3.274738073348999,-2.2151241148734484
5,LH,RealValue,2,1.902625322341919,1.4783542156219482,-0.4242711067199707,-0.2869888029787763
5,LH-E2E,RealValue,2,1.6332124471664429,1.4783542156219482,-0.15485823154449463,-0.10475042443014598
10,MLP,RealValue,2,5.379290580749512,1.0413709878921509,-4.337919592857361,-4.165585217269962
10,MLP-E2E,RealValue,2,4.586872100830078,1.0413709878921509,-3.5455011129379272,-3.4046474831360634
10,LH,RealValue,2,1.4918280839920044,1.0413709878921509,-0.4504570960998535,-0.43256159556704005
10,LH-E2E,RealValue,2,1.2600237131118774,1.0413709878921509,-0.21865272521972656,-0.20996621546208394
20,MLP,RealValue,2,5.340366840362549,0.791105329990387,-4.549261510372162,-5.750513032730347
20,MLP-E2E,RealValue,2,4.504000663757324,0.791105329990387,-3.7128953337669373,-4.693300870330445
20,LH,RealValue,2,1.4144200086593628,0.791105329990387,-0.6233146786689758,-0.7879035256614312
20,LH-E2E,RealValue,2,1.2703888416290283,0.791105329990387,-0.47928351163864136,-0.6058403267798301
50,MLP,RealValue,2,5.306541919708252,0.8401344418525696,-4.466407477855682,-5.316300886328222
50,MLP-E2E,RealValue,2,1.5262024402618408,0.8401344418525696,-0.6860679984092712,-0.8166169177595333
50,LH,RealValue,2,1.3923931121826172,0.8401344418525696,-0.5522586703300476,-0.6573455899656597
50,LH-E2E,RealValue,2,1.231432318687439,0.8401344418525696,-0.3912978768348694,-0.46575626154788213
75,MLP,RealValue,2,5.300862789154053,1.1268813610076904,-4.173981428146362,-3.704011418215193
75,MLP-E2E,RealValue,2,1.1131885051727295,1.1268813610076904,0.013692855834960938,0.012151106858947764
75,LH,RealValue,2,1.3797553777694702,1.1268813610076904,-0.2528740167617798,-0.22440163224960294
75,LH-E2E,RealValue,2,1.060912013053894,1.1268813610076904,0.06596934795379639,0.05854152019588349
5,MLP,RealValue,2,5.2755537033081055,1.4783542156219482,-3.7971994876861572,-2.568531578941427
5,MLP-E2E,RealValue,2,4.695511341094971,1.4783542156219482,-3.2171571254730225,-2.176174756683434
5,LH,RealValue,2,1.780269980430603,1.4783542156219482,-0.3019157648086548,-0.20422423910201917
5,LH-E2E,RealValue,2,1.651760220527649,1.4783542156219482,-0.17340600490570068,-0.11729665534369126
10,MLP,RealValue,2,5.222801208496094,1.0413709878921509,-4.181430220603943,-4.015312764827082
10,MLP-E2E,RealValue,2,4.581575393676758,1.0413709878921509,-3.540204405784607,-3.399561200519297
10,LH,RealValue,2,1.3788282871246338,1.0413709878921509,-0.3374572992324829,-0.3240509896627075
10,LH-E2E,RealValue,2,1.2346121072769165,1.0413709878921509,-0.19324111938476562,-0.1855641472938543
20,MLP,RealValue,2,5.186743259429932,0.791105329990387,-4.395637929439545,-5.55632450294951
20,MLP-E2E,RealValue,2,4.486464023590088,0.791105329990387,-3.695358693599701,-4.671133607006041
20,LH,RealValue,2,1.3212944269180298,0.791105329990387,-0.5301890969276428,-0.6701877447015625
20,LH-E2E,RealValue,2,1.3231803178787231,0.791105329990387,-0.5320749878883362,-0.672571613055371
50,MLP,RealValue,2,5.163980007171631,0.8401344418525696,-4.323845565319061,-5.1466114825439195
50,MLP-E2E,RealValue,2,1.6420917510986328,0.8401344418525696,-0.8019573092460632,-0.9545583055465237
50,LH,RealValue,2,1.3102054595947266,0.8401344418525696,-0.470071017742157,-0.5595188035686401
50,LH-E2E,RealValue,2,1.2053661346435547,0.8401344418525696,-0.3652316927909851,-0.43473005580585106
75,MLP,RealValue,2,5.159684658050537,1.1268813610076904,-4.032803297042847,-3.5787292580974057
75,MLP-E2E,RealValue,2,1.101851463317871,1.1268813610076904,0.025029897689819336,0.022211652935173996
75,LH,RealValue,2,1.3079389333724976,1.1268813610076904,-0.18105757236480713,-0.16067137023448513
75,LH-E2E,RealValue,2,1.0548970699310303,1.1268813610076904,0.07198429107666016,0.06387920997494331
5,MLP,RealValue,2,4.8118486404418945,1.4783542156219482,-3.3334944248199463,-2.2548685488190223
5,MLP-E2E,RealValue,2,3.786839485168457,1.4783542156219482,-2.308485269546509,-1.5615237844573817
5,LH,RealValue,2,1.9215853214263916,1.4783542156219482,-0.44323110580444336,-0.2998138748621721
5,LH-E2E,RealValue,2,1.6114113330841064,1.4783542156219482,-0.1330571174621582,-0.09000354316721088
10,MLP,RealValue,2,4.757081031799316,1.0413709878921509,-3.7157100439071655,-3.568094451553879
10,MLP-E2E,RealValue,2,3.6265079975128174,1.0413709878921509,-2.5851370096206665,-2.482436172773804
10,LH,RealValue,2,1.530532956123352,1.0413709878921509,-0.48916196823120117,-0.4697288227909236
10,LH-E2E,RealValue,2,1.312010407447815,1.0413709878921509,-0.27063941955566406,-0.2598876122941239
20,MLP,RealValue,2,4.721896648406982,0.791105329990387,-3.9307913184165955,-4.968733200753887
20,MLP-E2E,RealValue,2,3.5350303649902344,0.791105329990387,-2.7439250349998474,-3.468469912891612
20,LH,RealValue,2,1.4346609115600586,0.791105329990387,-0.6435555815696716,-0.8134891236006357
20,LH-E2E,RealValue,2,1.266960620880127,0.791105329990387,-0.47585529088974,-0.6015068700087285
50,MLP,RealValue,2,4.699548244476318,0.8401344418525696,-3.859413802623749,-4.593805003534203
50,MLP-E2E,RealValue,2,1.2558318376541138,0.8401344418525696,-0.4156973958015442,-0.4947986597060528
50,LH,RealValue,2,1.4066050052642822,0.8401344418525696,-0.5664705634117126,-0.6742618028640699
50,LH-E2E,RealValue,2,1.2364177703857422,0.8401344418525696,-0.3962833285331726,-0.4716903733399304
75,MLP,RealValue,2,4.693977355957031,1.1268813610076904,-3.567095994949341,-3.1654583333950423
75,MLP-E2E,RealValue,2,1.0903234481811523,1.1268813610076904,0.036557912826538086,0.03244166963046308
75,LH,RealValue,2,1.3948007822036743,1.1268813610076904,-0.2679194211959839,-0.23775299731322422
75,LH-E2E,RealValue,2,1.065104365348816,1.1268813610076904,0.06177699565887451,0.054821206381150636
5,MLP,RealValue,2,4.683311939239502,1.4783542156219482,-3.2049577236175537,-2.1679227412147757
5,MLP-E2E,RealValue,2,3.757071018218994,1.4783542156219482,-2.278716802597046,-1.5413875636282355
5,LH,RealValue,2,2.157822847366333,1.4783542156219482,-0.6794686317443848,-0.45961152243782805
5,LH-E2E,RealValue,2,2.471569776535034,1.4783542156219482,-0.9932155609130859,-0.6718386909021239
10,MLP,RealValue,2,4.621102809906006,1.0413709878921509,-3.579731822013855,-3.4375182942820643
10,MLP-E2E,RealValue,2,3.5911054611206055,1.0413709878921509,-2.5497344732284546,-2.448440087993422
10,LH,RealValue,2,1.7717806100845337,1.0413709878921509,-0.7304096221923828,-0.7013923286559116
10,LH-E2E,RealValue,2,2.1603586673736572,1.0413709878921509,-1.1189876794815063,-1.0745331802900138
20,MLP,RealValue,2,4.591262340545654,0.791105329990387,-3.8001570105552673,-4.803604357717378
20,MLP-E2E,RealValue,2,3.5008277893066406,0.791105329990387,-2.7097224593162537,-3.4252360040971794
20,LH,RealValue,2,1.6566773653030396,0.791105329990387,-0.8655720353126526,-1.0941299502092476
20,LH-E2E,RealValue,2,1.985144853591919,0.791105329990387,-1.194039523601532,-1.5093306521092977
50,MLP,RealValue,2,4.568263053894043,0.8401344418525696,-3.7281286120414734,-4.437538120471082
50,MLP-E2E,RealValue,2,1.2342060804367065,0.8401344418525696,-0.39407163858413696,-0.469057830452915
50,LH,RealValue,2,1.6086134910583496,0.8401344418525696,-0.76847904920578,-0.9147096118464288
50,LH-E2E,RealValue,2,1.3456732034683228,0.8401344418525696,-0.5055387616157532,-0.6017355513969838
75,MLP,RealValue,2,4.562119483947754,1.1268813610076904,-3.4352381229400635,-3.0484470165237028
75,MLP-E2E,RealValue,2,1.0836901664733887,1.1268813610076904,0.04319119453430176,0.038328076076863074
75,LH,RealValue,2,1.5920506715774536,1.1268813610076904,-0.4651693105697632,-0.4127935084078373
75,LH-E2E,RealValue,2,1.069785475730896,1.1268813610076904,0.057095885276794434,0.05066716626294858
5,MLP,RealValue,2,5.179409980773926,1.4783542156219482,-3.7010557651519775,-2.5034972850501407
5,MLP-E2E,RealValue,2,4.416408538818359,1.4783542156219482,-2.938054323196411,-1.987381841340617
5,LH,RealValue,2,1.7783968448638916,1.4783542156219482,-0.30004262924194336,-0.20295719799176443
5,LH-E2E,RealValue,2,1.6138648986816406,1.4783542156219482,-0.13551068305969238,-0.09166320332957728
10,MLP,RealValue,2,5.1146063804626465,1.0413709878921509,-4.073235392570496,-3.9114162387173574
10,MLP-E2E,RealValue,2,4.26845121383667,1.0413709878921509,-3.227080225944519,-3.09887663807159
10,LH,RealValue,2,1.4146119356155396,1.0413709878921509,-0.37324094772338867,-0.35841304593943923
10,LH-E2E,RealValue,2,1.2388372421264648,1.0413709878921509,-0.19746625423431396,-0.18962142841525415
20,MLP,RealValue,2,5.087350368499756,0.791105329990387,-4.296245038509369,-5.4306865036057514
20,MLP-E2E,RealValue,2,4.196407318115234,0.791105329990387,-3.4053019881248474,-4.304486215718236
20,LH,RealValue,2,1.3450554609298706,0.791105329990387,-0.5539501309394836,-0.7002229790895416
20,LH-E2E,RealValue,2,1.3017971515655518,0.791105329990387,-0.5106918215751648,-0.6455421322738027
50,MLP,RealValue,2,5.067788600921631,0.8401344418525696,-4.227654159069061,-5.032116228620167
50,MLP-E2E,RealValue,2,1.3645830154418945,0.8401344418525696,-0.524448573589325,-0.624243629903888
50,LH,RealValue,2,1.3289637565612793,0.8401344418525696,-0.4888293147087097,-0.581846535931557
50,LH-E2E,RealValue,2,1.2090024948120117,0.8401344418525696,-0.36886805295944214,-0.4390583632615465
75,MLP,RealValue,2,5.0604352951049805,1.1268813610076904,-3.93355393409729,-3.4906548907506916
75,MLP-E2E,RealValue,2,1.0957132577896118,1.1268813610076904,0.031168103218078613,0.027658726372230685
75,LH,RealValue,2,1.3222354650497437,1.1268813610076904,-0.19535410404205322,-0.173358181971669
75,LH-E2E,RealValue,2,1.0645990371704102,1.1268813610076904,0.06228232383728027,0.05526963706417647
5,MLP,RealValue,2,4.947540283203125,1.4783542156219482,-3.4691860675811768,-2.3466541583349017
5,MLP-E2E,RealValue,2,4.089992046356201,1.4783542156219482,-2.611637830734253,-1.7665846271054388
5,LH,RealValue,2,1.84256911277771,1.4783542156219482,-0.3642148971557617,-0.2463651087858774
5,LH-E2E,RealValue,2,1.6470870971679688,1.4783542156219482,-0.1687328815460205,-0.11413562444169313
10,MLP,RealValue,2,4.879082202911377,1.0413709878921509,-3.837711215019226,-3.6852488302820636
10,MLP-E2E,RealValue,2,3.9451239109039307,1.0413709878921509,-2.90375292301178,-2.788394296339381
10,LH,RealValue,2,1.438460111618042,1.0413709878921509,-0.3970891237258911,-0.3813137953167325
10,LH-E2E,RealValue,2,1.2498376369476318,1.0413709878921509,-0.20846664905548096,-0.20018480587541654
20,MLP,RealValue,2,4.84714412689209,0.791105329990387,-4.056038796901703,-5.127052799594954
20,MLP-E2E,RealValue,2,3.8448879718780518,0.791105329990387,-3.053782641887665,-3.8601467163984
20,LH,RealValue,2,1.3630831241607666,0.791105329990387,-0.5719777941703796,-0.7230109221705407
20,LH-E2E,RealValue,2,1.3117414712905884,0.791105329990387,-0.5206361413002014,-0.6581122911996155
50,MLP,RealValue,2,4.823928356170654,0.8401344418525696,-3.9837939143180847,-4.741852870040029
50,MLP-E2E,RealValue,2,1.2734787464141846,0.8401344418525696,-0.433344304561615,-0.515803522595804
50,LH,RealValue,2,1.3427411317825317,0.8401344418525696,-0.5026066899299622,-0.5982455484406408
50,LH-E2E,RealValue,2,1.2192652225494385,0.8401344418525696,-0.3791307806968689,-0.45127394118119063
75,MLP,RealValue,2,4.816762447357178,1.1268813610076904,-3.6898810863494873,-3.274418420631154
75,MLP-E2E,RealValue,2,1.090157389640808,1.1268813610076904,0.036723971366882324,0.03258903078673932
75,LH,RealValue,2,1.3349220752716064,1.1268813610076904,-0.20804071426391602,-0.18461634157998663
75,LH-E2E,RealValue,2,1.062963604927063,1.1268813610076904,0.06391775608062744,0.05672092759034572
5,MLP,RealValue,2,4.99097204208374,1.4783542156219482,-3.512617826461792,-2.37603261068527
5,MLP-E2E,RealValue,2,4.1407856941223145,1.4783542156219482,-2.662431478500366,-1.8009428663077698
5,LH,RealValue,2,1.746167778968811,1.4783542156219482,-0.2678135633468628,-0.1811565594475562
5,LH-E2E,RealValue,2,1.7614704370498657,1.4783542156219482,-0.2831162214279175,-0.19150770392927083
10,MLP,RealValue,2,4.925806522369385,1.0413709878921509,-3.884435534477234,-3.73011691283983
10,MLP-E2E,RealValue,2,4.0001139640808105,1.0413709878921509,-2.9587429761886597,-2.8411997362990493
10,LH,RealValue,2,1.3354406356811523,1.0413709878921509,-0.29406964778900146,-0.282387017890935
10,LH-E2E,RealValue,2,1.239652395248413,1.0413709878921509,-0.1982814073562622,-0.19040419760262914
20,MLP,RealValue,2,4.894514083862305,0.791105329990387,-4.103408753871918,-5.186930991757798
20,MLP-E2E,RealValue,2,3.910273313522339,0.791105329990387,-3.119167983531952,-3.9427973308811537
20,LH,RealValue,2,1.3057788610458374,0.791105329990387,-0.5146735310554504,-0.650575228789957
20,LH-E2E,RealValue,2,1.242192029953003,0.791105329990387,-0.45108669996261597,-0.5701980290893721
50,MLP,RealValue,2,4.87602424621582,0.8401344418525696,-4.035889804363251,-4.803861862232147
50,MLP-E2E,RealValue,2,1.3159387111663818,0.8401344418525696,-0.47580426931381226,-0.566343010845529
50,LH,RealValue,2,1.310254454612732,0.8401344418525696,-0.47012001276016235,-0.5595771216372308
50,LH-E2E,RealValue,2,1.1998571157455444,0.8401344418525696,-0.35972267389297485,-0.42817274947061457
75,MLP,RealValue,2,4.870833396911621,1.1268813610076904,-3.7439520359039307,-3.322401244223242
75,MLP-E2E,RealValue,2,1.084969401359558,1.1268813610076904,0.041911959648132324,0.03719287681770991
75,LH,RealValue,2,1.3156507015228271,1.1268813610076904,-0.18876934051513672,-0.16751483079490606
75,LH-E2E,RealValue,2,1.0441842079162598,1.1268813610076904,0.08269715309143066,0.0733858558255684
5,MLP,Gaussian,3,6.414388656616211,1.4783542156219482,-4.936034440994263,-3.3388712859439154
5,MLP-E2E,Gaussian,3,6.176305294036865,1.4783542156219482,-4.697951078414917,-3.1778250630133824
5,LH,Gaussian,3,3.915243148803711,1.4783542156219482,-2.4368889331817627,-1.6483796017428447
5,LH-E2E,Gaussian,3,2.414987325668335,1.4783542156219482,-0.9366331100463867,-0.6335647439219039
10,MLP,Gaussian,3,6.376906871795654,1.0413709878921509,-5.335535883903503,-5.12356878186439
10,MLP-E2E,Gaussian,3,6.085599899291992,1.0413709878921509,-5.044228911399841,-4.843834685283401
10,LH,Gaussian,3,3.9116830825805664,1.0413709878921509,-2.8703120946884155,-2.7562819860175307
10,LH-E2E,Gaussian,3,2.2982380390167236,1.0413709878921509,-1.2568670511245728,-1.206934959527353
20,MLP,Gaussian,3,6.347591876983643,0.791105329990387,-5.556486546993256,-7.023700051497283
20,MLP-E2E,Gaussian,3,6.019989967346191,0.791105329990387,-5.228884637355804,-6.60959348791057
20,LH,Gaussian,3,3.8587183952331543,0.791105329990387,-3.0676130652427673,-3.8776291208656666
20,LH-E2E,Gaussian,3,2.1357014179229736,0.791105329990387,-1.3445960879325867,-1.6996423067316782
50,MLP,Gaussian,3,6.3241119384765625,0.8401344418525696,-5.483977496623993,-6.527499913622568
50,MLP-E2E,Gaussian,3,4.108790397644043,0.8401344418525696,-3.2686559557914734,-3.890634394875899
50,LH,Gaussian,3,3.7837538719177246,0.8401344418525696,-2.943619430065155,-3.5037480710518403
50,LH-E2E,Gaussian,3,1.5355080366134644,0.8401344418525696,-0.6953735947608948,-0.8276932358915502
75,MLP,Gaussian,3,6.317205429077148,1.1268813610076904,-5.190324068069458,-4.605918819553566
75,MLP-E2E,Gaussian,3,1.5225557088851929,1.1268813610076904,-0.39567434787750244,-0.3511233405472949
75,LH,Gaussian,3,3.803377628326416,1.1268813610076904,-2.6764962673187256,-2.3751358039370922
75,LH-E2E,Gaussian,3,1.458444595336914,1.1268813610076904,-0.33156323432922363,-0.29423082659982064
5,MLP,Gaussian,3,6.156794548034668,1.4783542156219482,-4.67844033241272,-3.1646274505629797
5,MLP-E2E,Gaussian,3,5.785463809967041,1.4783542156219482,-4.307109594345093,-2.913448988632997
5,LH,Gaussian,3,3.606818199157715,1.4783542156219482,-2.1284639835357666,-1.4397523685758322
5,LH-E2E,Gaussian,3,2.001624584197998,1.4783542156219482,-0.5232703685760498,-0.353954663264452
10,MLP,Gaussian,3,6.124428749084473,1.0413709878921509,-5.083057761192322,-4.8811209648551745
10,MLP-E2E,Gaussian,3,5.69120979309082,1.0413709878921509,-4.649838805198669,-4.465112682474911
10,LH,Gaussian,3,3.6018595695495605,1.0413709878921509,-2.5604885816574097,-2.458766963385565
10,LH-E2E,Gaussian,3,1.9562724828720093,1.0413709878921509,-0.9149014949798584,-0.8785548143910936
20,MLP,Gaussian,3,6.096378326416016,0.791105329990387,-5.305272996425629,-6.706152512573889
20,MLP-E2E,Gaussian,3,5.625132083892822,0.791105329990387,-4.834026753902435,-6.110471729423407
20,LH,Gaussian,3,3.541067123413086,0.791105329990387,-2.749961793422699,-3.4761007026158133
20,LH-E2E,Gaussian,3,1.776370644569397,0.791105329990387,-0.98526531457901,-1.2454287403056459
50,MLP,Gaussian,3,6.071465015411377,0.8401344418525696,-5.231330573558807,-6.226777897622276
50,MLP-E2E,Gaussian,3,3.667325258255005,0.8401344418525696,-2.8271908164024353,-3.3651647588310194
50,LH,Gaussian,3,3.461118221282959,0.8401344418525696,-2.6209837794303894,-3.1197194744818364
50,LH-E2E,Gaussian,3,1.502765417098999,0.8401344418525696,-0.6626309752464294,-0.7887201645789815
75,MLP,Gaussian,3,6.067390441894531,1.1268813610076904,-4.940509080886841,-4.384231785029164
75,MLP-E2E,Gaussian,3,1.4966330528259277,1.1268813610076904,-0.3697516918182373,-0.32811944949341826
75,LH,Gaussian,3,3.4849495887756348,1.1268813610076904,-2.3580682277679443,-2.0925612130626514
75,LH-E2E,Gaussian,3,1.4451643228530884,1.1268813610076904,-0.31828296184539795,-0.28244584821314284
5,MLP,Gaussian,3,6.553226947784424,1.4783542156219482,-5.074872732162476,-3.432785376153888
5,MLP-E2E,Gaussian,3,6.439657688140869,1.4783542156219482,-4.961303472518921,-3.3559639632316975
5,LH,Gaussian,3,3.782632827758789,1.4783542156219482,-2.304278612136841,-1.5586782841265303
5,LH-E2E,Gaussian,3,2.1559367179870605,1.4783542156219482,-0.6775825023651123,-0.4583356919505595
10,MLP,Gaussian,3,6.507896900177002,1.0413709878921509,-5.466525912284851,-5.249354913708225
10,MLP-E2E,Gaussian,3,6.365606784820557,1.0413709878921509,-5.324235796928406,-5.112717618247886
10,LH,Gaussian,3,3.7843081951141357,1.0413709878921509,-2.742937207221985,-2.633967374848795
10,LH-E2E,Gaussian,3,2.0999038219451904,1.0413709878921509,-1.0585328340530396,-1.0164800502034592
20,MLP,Gaussian,3,6.477573871612549,0.791105329990387,-5.686468541622162,-7.188004335265015
20,MLP-E2E,Gaussian,3,6.31973123550415,0.791105329990387,-5.528625905513763,-6.988482691149286
20,LH,Gaussian,3,3.7321767807006836,0.791105329990387,-2.9410714507102966,-3.7176736639431245
20,LH-E2E,Gaussian,3,1.941874384880066,0.791105329990387,-1.150769054889679,-1.45463443521947
50,MLP,Gaussian,3,6.446094036102295,0.8401344418525696,-5.605959594249725,-6.672693458309001
50,MLP-E2E,Gaussian,3,4.69376277923584,0.8401344418525696,-3.8536283373832703,-4.586918647074728
50,LH,Gaussian,3,3.655541181564331,0.8401344418525696,-2.8154067397117615,-3.351138341029734
50,LH-E2E,Gaussian,3,1.5242295265197754,0.8401344418525696,-0.6840950846672058,-0.8142685867737033
75,MLP,Gaussian,3,6.439547538757324,1.1268813610076904,-5.312666177749634,-4.71448580265707
75,MLP-E2E,Gaussian,3,1.508105993270874,1.1268813610076904,-0.3812246322631836,-0.3383005926393896
75,LH,Gaussian,3,3.675705671310425,1.1268813610076904,-2.5488243103027344,-2.261839088387708
75,LH-E2E,Gaussian,3,1.4515817165374756,1.1268813610076904,-0.32470035552978516,-0.2881406745776934
5,MLP,Gaussian,3,6.463046073913574,1.4783542156219482,-4.984691858291626,-3.3717845193105838
5,MLP-E2E,Gaussian,3,6.316205978393555,1.4783542156219482,-4.8378517627716064,-3.2724577855898405
5,LH,Gaussian,3,3.432250738143921,1.4783542156219482,-1.9538965225219727,-1.321670071945486
5,LH-E2E,Gaussian,3,1.8339457511901855,1.4783542156219482,-0.3555915355682373,-0.2405320266351991
10,MLP,Gaussian,3,6.425611972808838,1.0413709878921509,-5.384240984916687,-5.1703389546265175
10,MLP-E2E,Gaussian,3,6.242126941680908,1.0413709878921509,-5.200755953788757,-4.994143311324294
10,LH,Gaussian,3,3.435554265975952,1.0413709878921509,-2.3941832780838013,-2.2990685412985155
10,LH-E2E,Gaussian,3,1.8435693979263306,1.0413709878921509,-0.8021984100341797,-0.7703291328078165
20,MLP,Gaussian,3,6.394951343536377,0.791105329990387,-5.60384601354599,-7.083564983204051
20,MLP-E2E,Gaussian,3,6.197889804840088,0.791105329990387,-5.406784474849701,-6.8344685212971585
20,LH,Gaussian,3,3.3712682723999023,0.791105329990387,-2.5801629424095154,-3.2614657550605406
20,LH-E2E,Gaussian,3,1.6620138883590698,0.791105329990387,-0.8709085583686829,-1.1008756044903218
50,MLP,Gaussian,3,6.371758937835693,0.8401344418525696,-5.531624495983124,-6.584213454914918
50,MLP-E2E,Gaussian,3,4.569307804107666,0.8401344418525696,-3.7291733622550964,-4.43878167169524
50,LH,Gaussian,3,3.288942813873291,0.8401344418525696,-2.4488083720207214,-2.9147815516536686
50,LH-E2E,Gaussian,3,1.4909002780914307,0.8401344418525696,-0.6507658362388611,-0.7745972594622662
75,MLP,Gaussian,3,6.365384578704834,1.1268813610076904,-5.2385032176971436,-4.648673231237688
75,MLP-E2E,Gaussian,3,1.5060310363769531,1.1268813610076904,-0.3791496753692627,-0.3364592658008079
75,LH,Gaussian,3,3.314788579940796,1.1268813610076904,-2.1879072189331055,-1.941559506296754
75,LH-E2E,Gaussian,3,1.4432765245437622,1.1268813610076904,-0.3163951635360718,-0.28077060681271887
5,MLP,Gaussian,3,6.662599086761475,1.4783542156219482,-5.184244871139526,-3.506767739664136
5,MLP-E2E,Gaussian,3,6.685789585113525,1.4783542156219482,-5.207435369491577,-3.5224544391756565
5,LH,Gaussian,3,3.659562587738037,1.4783542156219482,-2.181208372116089,-1.4754301432410417
5,LH-E2E,Gaussian,3,2.031121015548706,1.4783542156219482,-0.5527667999267578,-0.37390687163171316
10,MLP,Gaussian,3,6.631943702697754,1.0413709878921509,-5.590572714805603,-5.36847365617659
10,MLP-E2E,Gaussian,3,6.641173362731934,1.0413709878921509,-5.599802374839783,-5.377336645583335
10,LH,Gaussian,3,3.6599926948547363,1.0413709878921509,-2.6186217069625854,-2.5145906093110613
10,LH-E2E,Gaussian,3,1.9876335859298706,1.0413709878921509,-0.9462625980377197,-0.9086700215770933
20,MLP,Gaussian,3,6.60196590423584,0.791105329990387,-5.810860574245453,-7.345242604187818
20,MLP-E2E,Gaussian,3,6.6010870933532715,0.791105329990387,-5.8099817633628845,-7.344131739617383
20,LH,Gaussian,3,3.605285882949829,0.791105329990387,-2.814180552959442,-3.557276694108025
20,LH-E2E,Gaussian,3,1.8217723369598389,0.791105329990387,-1.030667006969452,-1.3028189393970786
50,MLP,Gaussian,3,6.580090522766113,0.8401344418525696,-5.739956080913544,-6.832187558287029
50,MLP-E2E,Gaussian,3,5.410381317138672,0.8401344418525696,-4.570246875286102,-5.439899434676562
50,LH,Gaussian,3,3.5247669219970703,0.8401344418525696,-2.6846324801445007,-3.1954796118400437
50,LH-E2E,Gaussian,3,1.5188356637954712,0.8401344418525696,-0.6787012219429016,-0.8078483491836216
75,MLP,Gaussian,3,6.574483394622803,1.1268813610076904,-5.447602033615112,-4.834228537371233
75,MLP-E2E,Gaussian,3,1.5164480209350586,1.1268813610076904,-0.38956665992736816,-0.3457033485574792
75,LH,Gaussian,3,3.5490097999572754,1.1268813610076904,-2.422128438949585,-2.149408556002423
75,LH-E2E,Gaussian,3,1.4516726732254028,1.1268813610076904,-0.3247913122177124,-0.2882213899849
5,MLP,Gaussian,3,6.511193752288818,1.4783542156219482,-5.03283953666687,-3.404352951061555
5,MLP-E2E,Gaussian,3,6.511720657348633,1.4783542156219482,-5.033366441726685,-3.4047093643312887
5,LH,Gaussian,3,3.7966232299804688,1.4783542156219482,-2.3182690143585205,-1.568141782166338
5,LH-E2E,Gaussian,3,2.255014657974243,1.4783542156219482,-0.7766604423522949,-0.5253547723172362
10,MLP,Gaussian,3,6.4769287109375,1.0413709878921509,-5.435557723045349,-5.219617010886307
10,MLP-E2E,Gaussian,3,6.453913688659668,1.0413709878921509,-5.412542700767517,-5.197516316181515
10,LH,Gaussian,3,3.7898671627044678,1.0413709878921509,-2.748496174812317,-2.6393054989707125
10,LH-E2E,Gaussian,3,2.1545612812042236,1.0413709878921509,-1.1131902933120728,-1.0689661093452316
20,MLP,Gaussian,3,6.45364236831665,0.791105329990387,-5.662537038326263,-7.1577536184657875
20,MLP-E2E,Gaussian,3,6.409549713134766,0.791105329990387,-5.618444383144379,-7.10201811333094
20,LH,Gaussian,3,3.7389140129089355,0.791105329990387,-2.9478086829185486,-3.726189890484455
20,LH-E2E,Gaussian,3,2.000950574874878,0.791105329990387,-1.209845244884491,-1.5293099401810277
50,MLP,Gaussian,3,6.432011604309082,0.8401344418525696,-5.5918771624565125,-6.655931341329057
50,MLP-E2E,Gaussian,3,5.042654991149902,0.8401344418525696,-4.202520549297333,-5.002200052684912
50,LH,Gaussian,3,3.6636838912963867,0.8401344418525696,-2.823549449443817,-3.360830491864665
50,LH-E2E,Gaussian,3,1.5297471284866333,0.8401344418525696,-0.6896126866340637,-0.8208361094129265
75,MLP,Gaussian,3,6.4235382080078125,1.1268813610076904,-5.296656847000122,-4.7002790446934855
75,MLP-E2E,Gaussian,3,1.5034348964691162,1.1268813610076904,-0.3765535354614258,-0.3341554386210635
75,LH,Gaussian,3,3.684596538543701,1.1268813610076904,-2.5577151775360107,-2.269728887208523
75,LH-E2E,Gaussian,3,1.4507660865783691,1.1268813610076904,-0.3238847255706787,-0.28741688058541626
5,MLP,Gaussian,3,6.379335403442383,1.4783542156219482,-4.900981187820435,-3.315160288401232
5,MLP-E2E,Gaussian,3,6.324143886566162,1.4783542156219482,-4.845789670944214,-3.2778272079439197
5,LH,Gaussian,3,2.916508913040161,1.4783542156219482,-1.438154697418213,-0.9728079253409351
5,LH-E2E,Gaussian,3,1.7004013061523438,1.4783542156219482,-0.2220470905303955,-0.1501988415117277
10,MLP,Gaussian,3,6.346009731292725,1.0413709878921509,-5.304638743400574,-5.093899105195685
10,MLP-E2E,Gaussian,3,6.253267288208008,1.0413709878921509,-5.211896300315857,-5.004841080569478
10,LH,Gaussian,3,2.9296951293945312,1.0413709878921509,-1.8883241415023804,-1.8133058856618962
10,LH-E2E,Gaussian,3,1.7333805561065674,1.0413709878921509,-0.6920095682144165,-0.6645178099450608
20,MLP,Gaussian,3,6.323512554168701,0.791105329990387,-5.532407224178314,-6.993262482816973
20,MLP-E2E,Gaussian,3,6.206689357757568,0.791105329990387,-5.415584027767181,-6.84559163295359
20,LH,Gaussian,3,2.8537509441375732,0.791105329990387,-2.0626456141471863,-2.607295812521261
20,LH-E2E,Gaussian,3,1.5980761051177979,0.791105329990387,-0.8069707751274109,-1.0200547822591672
50,MLP,Gaussian,3,6.300266742706299,0.8401344418525696,-5.460132300853729,-6.499117318430205
50,MLP-E2E,Gaussian,3,4.645362854003906,0.8401344418525696,-3.8052284121513367,-4.529308908893768
50,LH,Gaussian,3,2.7611730098724365,0.8401344418525696,-1.921038568019867,-2.2865847087328186
50,LH-E2E,Gaussian,3,1.4929569959640503,0.8401344418525696,-0.6528225541114807,-0.7770453413050775
75,MLP,Gaussian,3,6.296975612640381,1.1268813610076904,-5.17009425163269,-4.587966782066073
75,MLP-E2E,Gaussian,3,1.5003776550292969,1.1268813610076904,-0.37349629402160645,-0.331442427699412
75,LH,Gaussian,3,2.7899131774902344,1.1268813610076904,-1.663031816482544,-1.4757825215916358
75,LH-E2E,Gaussian,3,1.4377467632293701,1.1268813610076904,-0.3108654022216797,-0.27586346973002973
5,MLP,Gaussian,3,6.468490123748779,1.4783542156219482,-4.990135908126831,-3.375467026369905
5,MLP-E2E,Gaussian,3,6.38811731338501,1.4783542156219482,-4.9097630977630615,-3.3211006170787756
5,LH,Gaussian,3,3.4901726245880127,1.4783542156219482,-2.0118184089660645,-1.3608500504865042
5,LH-E2E,Gaussian,3,1.883780598640442,1.4783542156219482,-0.40542638301849365,-0.2742417065776956
10,MLP,Gaussian,3,6.435907363891602,1.0413709878921509,-5.394536375999451,-5.1802253363314685
10,MLP-E2E,Gaussian,3,6.325839996337891,1.0413709878921509,-5.28446900844574,-5.074530661874962
10,LH,Gaussian,3,3.487736940383911,1.0413709878921509,-2.4463659524917603,-2.3491781324189502
10,LH-E2E,Gaussian,3,1.8699367046356201,1.0413709878921509,-0.8285657167434692,-0.7956489343155
20,MLP,Gaussian,3,6.409573554992676,0.791105329990387,-5.618468225002289,-7.102048250731115
20,MLP-E2E,Gaussian,3,6.279489040374756,0.791105329990387,-5.488383710384369,-6.937614376142632
20,LH,Gaussian,3,3.4344029426574707,0.791105329990387,-2.6432976126670837,-3.3412713989668146
20,LH-E2E,Gaussian,3,1.6838750839233398,0.791105329990387,-0.8927697539329529,-1.1285093401453903
50,MLP,Gaussian,3,6.391829967498779,0.8401344418525696,-5.55169552564621,-6.608103714215355
50,MLP-E2E,Gaussian,3,4.809662818908691,0.8401344418525696,-3.969528377056122,-4.724872805241702
50,LH,Gaussian,3,3.349712371826172,0.8401344418525696,-2.5095779299736023,-2.987114686596784
50,LH-E2E,Gaussian,3,1.5068836212158203,0.8401344418525696,-0.6667491793632507,-0.793622003989041
75,MLP,Gaussian,3,6.388345718383789,1.1268813610076904,-5.261464357376099,-4.6690490582532505
75,MLP-E2E,Gaussian,3,1.508609414100647,1.1268813610076904,-0.38172805309295654,-0.33874733073196284
75,LH,Gaussian,3,3.3751420974731445,1.1268813610076904,-2.248260736465454,-1.9951175112657762
75,LH-E2E,Gaussian,3,1.4514999389648438,1.1268813610076904,-0.3246185779571533,-0.28806810476203976
5,MLP,Gaussian,3,6.535470962524414,1.4783542156219482,-5.057116746902466,-3.4207747327827795
5,MLP-E2E,Gaussian,3,6.527815818786621,1.4783542156219482,-5.049461603164673,-3.4155965801743586
5,LH,Gaussian,3,3.4111359119415283,1.4783542156219482,-1.93278169631958,-1.3073874149345546
5,LH-E2E,Gaussian,3,1.8163870573043823,1.4783542156219482,-0.3380328416824341,-0.22865483664902503
10,MLP,Gaussian,3,6.502566814422607,1.0413709878921509,-5.4611958265304565,-5.244236578536258
10,MLP-E2E,Gaussian,3,6.467261791229248,1.0413709878921509,-5.425890803337097,-5.210334133006428
10,LH,Gaussian,3,3.4149985313415527,1.0413709878921509,-2.373627543449402,-2.2793294330715748
10,LH-E2E,Gaussian,3,1.799561619758606,1.0413709878921509,-0.7581906318664551,-0.7280696703497723
20,MLP,Gaussian,3,6.480353355407715,0.791105329990387,-5.689248025417328,-7.191517753377367
20,MLP-E2E,Gaussian,3,6.424654006958008,0.791105329990387,-5.633548676967621,-7.121110759089534
20,LH,Gaussian,3,3.3513107299804688,0.791105329990387,-2.560205399990082,-3.2362383401224104
20,LH-E2E,Gaussian,3,1.657091736793518,0.791105329990387,-0.8659864068031311,-1.0946537382242818
50,MLP,Gaussian,3,6.463083744049072,0.8401344418525696,-5.622949302196503,-6.692916064478216
50,MLP-E2E,Gaussian,3,5.080827713012695,0.8401344418525696,-4.240693271160126,-5.0476364970932845
50,LH,Gaussian,3,3.2654688358306885,0.8401344418525696,-2.425334393978119,-2.8868408116087294
50,LH-E2E,Gaussian,3,1.4931504726409912,0.8401344418525696,-0.6530160307884216,-0.7772756338241109
75,MLP,Gaussian,3,6.460004806518555,1.1268813610076904,-5.333123445510864,-4.732639681556032
75,MLP-E2E,Gaussian,3,1.5123037099838257,1.1268813610076904,-0.38542234897613525,-0.34202566686477026
75,LH,Gaussian,3,3.290834426879883,1.1268813610076904,-2.1639530658721924,-1.9203024743768253
75,LH-E2E,Gaussian,3,1.444166898727417,1.1268813610076904,-0.31728553771972656,-0.28156072919335584
5,MLP,Gaussian,3,6.5388569831848145,1.4783542156219482,-5.060502767562866,-3.423065131541494
5,MLP-E2E,Gaussian,3,6.360167980194092,1.4783542156219482,-4.8818137645721436,-3.3021949090315608
5,LH,Gaussian,3,3.137080192565918,1.4783542156219482,-1.6587259769439697,-1.1220084871514628
5,LH-E2E,Gaussian,3,1.7665908336639404,1.4783542156219482,-0.2882366180419922,-0.1949712829281108
10,MLP,Gaussian,3,6.508004665374756,1.0413709878921509,-5.466633677482605,-5.249458397672161
10,MLP-E2E,Gaussian,3,6.283801078796387,1.0413709878921509,-5.242430090904236,-5.034161842280136
10,LH,Gaussian,3,3.1495771408081055,1.0413709878921509,-2.1082061529159546,-2.024452550942671
10,LH-E2E,Gaussian,3,1.7764705419540405,1.0413709878921509,-0.7350995540618896,-0.7058959416084865
20,MLP,Gaussian,3,6.483675003051758,0.791105329990387,-5.692569673061371,-7.1957164959696875
20,MLP-E2E,Gaussian,3,6.228621482849121,0.791105329990387,-5.437516152858734,-6.873315027374177
20,LH,Gaussian,3,3.0829172134399414,0.791105329990387,-2.2918118834495544,-2.896974393381224
20,LH-E2E,Gaussian,3,1.6133620738983154,0.791105329990387,-0.8222567439079285,-1.0393770750070916
50,MLP,Gaussian,3,6.457822322845459,0.8401344418525696,-5.617687880992889,-6.686653470134374
50,MLP-E2E,Gaussian,3,4.654906272888184,0.8401344418525696,-3.814771831035614,-4.540668303782083
50,LH,Gaussian,3,2.989898443222046,0.8401344418525696,-2.1497640013694763,-2.5588333179497553
50,LH-E2E,Gaussian,3,1.4922420978546143,0.8401344418525696,-0.6521076560020447,-0.7761944083188526
75,MLP,Gaussian,3,6.451379776000977,1.1268813610076904,-5.324498414993286,-4.724985787529544
75,MLP-E2E,Gaussian,3,1.5138434171676636,1.1268813610076904,-0.38696205615997314,-0.34339201050760154
75,LH,Gaussian,3,3.0177323818206787,1.1268813610076904,-1.8908510208129883,-1.6779503914432783
75,LH-E2E,Gaussian,3,1.4466760158538818,1.1268813610076904,-0.3197946548461914,-0.2837873319337021
5,MLP,PseudoFeature,3,5.977231502532959,1.4783542156219482,-4.498877286911011,-3.0431660013350177
5,MLP-E2E,PseudoFeature,3,6.26591157913208,1.4783542156219482,-4.787557363510132,-3.2384372519924067
5,LH,PseudoFeature,3,2.141352653503418,1.4783542156219482,-0.6629984378814697,-0.4484706242086537
5,LH-E2E,PseudoFeature,3,2.331199884414673,1.4783542156219482,-0.8528456687927246,-0.5768885831153326
10,MLP,PseudoFeature,3,5.859818458557129,1.0413709878921509,-4.818447470664978,-4.6270229598176575
10,MLP-E2E,PseudoFeature,3,6.126170635223389,1.0413709878921509,-5.084799647331238,-4.882793650343025
10,LH,PseudoFeature,3,1.9853975772857666,1.0413709878921509,-0.9440265893936157,-0.9065228437988551
10,LH-E2E,PseudoFeature,3,1.9605399370193481,1.0413709878921509,-0.9191689491271973,-0.882652733573552
20,MLP,PseudoFeature,3,5.77658224105835,0.791105329990387,-4.985476911067963,-6.3019129338043305
20,MLP-E2E,PseudoFeature,3,6.003401756286621,0.791105329990387,-5.212296426296234,-6.5886250903651105
20,LH,PseudoFeature,3,1.6949386596679688,0.791105329990387,-0.9038333296775818,-1.1424942993223983
20,LH-E2E,PseudoFeature,3,1.7941147089004517,0.791105329990387,-1.0030093789100647,-1.2678581990115687
50,MLP,PseudoFeature,3,5.71368932723999,0.8401344418525696,-4.873554885387421,-5.800922617385865
50,MLP-E2E,PseudoFeature,3,2.3284106254577637,0.8401344418525696,-1.488276183605194,-1.7714738373580015
50,LH,PseudoFeature,3,1.5279682874679565,0.8401344418525696,-0.687833845615387,-0.8187187804116844
50,LH-E2E,PseudoFeature,3,1.5150070190429688,0.8401344418525696,-0.6748725771903992,-0.803291168140002
75,MLP,PseudoFeature,3,5.694919109344482,1.1268813610076904,-4.568037748336792,-4.053698913124198
75,MLP-E2E,PseudoFeature,3,1.2077434062957764,1.1268813610076904,-0.08086204528808594,-0.07175737223639649
75,LH,PseudoFeature,3,1.4671082496643066,1.1268813610076904,-0.3402268886566162,-0.30191899558297364
75,LH-E2E,PseudoFeature,3,1.5230584144592285,1.1268813610076904,-0.3961770534515381,-0.35156944391844847
5,MLP,PseudoFeature,3,5.768836498260498,1.4783542156219482,-4.29048228263855,-2.9022018115147934
5,MLP-E2E,PseudoFeature,3,5.711905002593994,1.4783542156219482,-4.233550786972046,-2.8636917609024963
5,LH,PseudoFeature,3,2.188274383544922,1.4783542156219482,-0.7099201679229736,-0.48020979033384636
5,LH-E2E,PseudoFeature,3,1.743099570274353,1.4783542156219482,-0.2647453546524048,-0.17908113756149135
10,MLP,PseudoFeature,3,5.6624436378479,1.0413709878921509,-4.6210726499557495,-4.437489332508972
10,MLP-E2E,PseudoFeature,3,5.456043243408203,1.0413709878921509,-4.414672255516052,-4.239288694273914
10,LH,PseudoFeature,3,1.9187852144241333,1.0413709878921509,-0.8774142265319824,-0.8425568185915809
10,LH-E2E,PseudoFeature,3,1.6010963916778564,1.0413709878921509,-0.5597254037857056,-0.5374889547467144
20,MLP,PseudoFeature,3,5.595053672790527,0.791105329990387,-4.80394834280014,-6.072450988111172
20,MLP-E2E,PseudoFeature,3,5.290318012237549,0.791105329990387,-4.499212682247162,-5.687248602283888
20,LH,PseudoFeature,3,1.676329255104065,0.791105329990387,-0.885223925113678,-1.1189710036771396
20,LH-E2E,PseudoFeature,3,1.3005706071853638,0.791105329990387,-0.5094652771949768,-0.643991713721822
50,MLP,PseudoFeature,3,5.5357866287231445,0.8401344418525696,-4.695652186870575,-5.589167581936354
50,MLP-E2E,PseudoFeature,3,1.1072218418121338,0.8401344418525696,-0.2670873999595642,-0.31791030893890415
50,LH,PseudoFeature,3,1.4662305116653442,0.8401344418525696,-0.6260960698127747,-0.7452331896216257
50,LH-E2E,PseudoFeature,3,1.5668877363204956,0.8401344418525696,-0.726753294467926,-0.8650440432668988
75,MLP,PseudoFeature,3,5.5206708908081055,1.1268813610076904,-4.393789529800415,-3.899070196592265
75,MLP-E2E,PseudoFeature,3,1.2292536497116089,1.1268813610076904,-0.10237228870391846,-0.09084566685207585
75,LH,PseudoFeature,3,1.4203169345855713,1.1268813610076904,-0.29343557357788086,-0.26039615502689845
75,LH-E2E,PseudoFeature,3,1.5320039987564087,1.1268813610076904,-0.40512263774871826,-0.3595077989278709
5,MLP,PseudoFeature,3,5.384201526641846,1.4783542156219482,-3.9058473110198975,-2.6420239951605207
5,MLP-E2E,PseudoFeature,3,4.133708953857422,1.4783542156219482,-2.6553547382354736,-1.7961559619311922
5,LH,PseudoFeature,3,1.821093201637268,1.4783542156219482,-0.3427389860153198,-0.23183820385774628
5,LH-E2E,PseudoFeature,3,2.06973934173584,1.4783542156219482,-0.5913851261138916,-0.4000293839356314
10,MLP,PseudoFeature,3,5.260159492492676,1.0413709878921509,-4.218788504600525,-4.051186900395425
10,MLP-E2E,PseudoFeature,3,3.7444381713867188,1.0413709878921509,-2.703067183494568,-2.5956812845015707
10,LH,PseudoFeature,3,1.8442920446395874,1.0413709878921509,-0.8029210567474365,-0.7710230706279199
10,LH-E2E,PseudoFeature,3,1.9373618364334106,1.0413709878921509,-0.8959908485412598,-0.8603954392419204
20,MLP,PseudoFeature,3,5.167620658874512,0.791105329990387,-4.376515328884125,-5.532152499765493
20,MLP-E2E,PseudoFeature,3,3.4403347969055176,0.791105329990387,-2.6492294669151306,-3.3487695841302476
20,LH,PseudoFeature,3,1.667026162147522,0.791105329990387,-0.875920832157135,-1.107211390129022
20,LH-E2E,PseudoFeature,3,1.8063875436782837,0.791105329990387,-1.0152822136878967,-1.2833717271254308
50,MLP,PseudoFeature,3,5.097848892211914,0.8401344418525696,-4.2577144503593445,-5.067896563043783
50,MLP-E2E,PseudoFeature,3,1.127426028251648,0.8401344418525696,-0.28729158639907837,-0.341959062844246
50,LH,PseudoFeature,3,1.5136440992355347,0.8401344418525696,-0.6735096573829651,-0.8016689042027817
50,LH-E2E,PseudoFeature,3,1.6134498119354248,0.8401344418525696,-0.7733153700828552,-0.9204662153567083
75,MLP,PseudoFeature,3,5.077591419219971,1.1268813610076904,-3.9507100582122803,-3.50587931872388
75,MLP-E2E,PseudoFeature,3,1.3469089269638062,1.1268813610076904,-0.22002756595611572,-0.19525353206602034
75,LH,PseudoFeature,3,1.4564169645309448,1.1268813610076904,-0.3295356035232544,-0.2924314971618432
75,LH-E2E,PseudoFeature,3,1.5094479322433472,1.1268813610076904,-0.38256657123565674,-0.3394914358096707
5,MLP,PseudoFeature,3,5.214347839355469,1.4783542156219482,-3.7359936237335205,-2.5271302264740227
5,MLP-E2E,PseudoFeature,3,4.409379482269287,1.4783542156219482,-2.931025266647339,-1.9826271915585856
5,LH,PseudoFeature,3,2.131171464920044,1.4783542156219482,-0.6528172492980957,-0.4415837844541563
5,LH-E2E,PseudoFeature,3,2.3270905017852783,1.4783542156219482,-0.8487362861633301,-0.574108882157355
10,MLP,PseudoFeature,3,5.1152424812316895,1.0413709878921509,-4.073871493339539,-3.912027068840761
10,MLP-E2E,PseudoFeature,3,4.041981220245361,1.0413709878921509,-3.0006102323532104,-2.881403714181413
10,LH,PseudoFeature,3,1.934754729270935,1.0413709878921509,-0.8933837413787842,-0.8578919057338931
10,LH-E2E,PseudoFeature,3,2.1688389778137207,1.0413709878921509,-1.1274679899215698,-1.0826765898324946
20,MLP,PseudoFeature,3,5.041913986206055,0.791105329990387,-4.250808656215668,-5.373252454597065
20,MLP-E2E,PseudoFeature,3,3.7775938510894775,0.791105329990387,-2.9864885210990906,-3.77508330165767
20,LH,PseudoFeature,3,1.679166316986084,0.791105329990387,-0.888060986995697,-1.1225572036109126
20,LH-E2E,PseudoFeature,3,1.8386437892913818,0.791105329990387,-1.0475384593009949,-1.324145369256612
50,MLP,PseudoFeature,3,4.9878106117248535,0.8401344418525696,-4.147676169872284,-4.936919572927277
50,MLP-E2E,PseudoFeature,3,0.9287291765213013,0.8401344418525696,-0.08859473466873169,-0.10545304448341933
50,LH,PseudoFeature,3,1.516244888305664,0.8401344418525696,-0.6761104464530945,-0.8047645862038605
50,LH-E2E,PseudoFeature,3,1.4104454517364502,0.8401344418525696,-0.5703110098838806,-0.6788330313256712
75,MLP,PseudoFeature,3,4.970858097076416,1.1268813610076904,-3.8439767360687256,-3.411163649588923
75,MLP-E2E,PseudoFeature,3,1.2038066387176514,1.1268813610076904,-0.07692527770996094,-0.06826386554230704
75,LH,PseudoFeature,3,1.4348640441894531,1.1268813610076904,-0.3079826831817627,-0.27330533083478775
75,LH-E2E,PseudoFeature,3,1.5349823236465454,1.1268813610076904,-0.408100962638855,-0.36215077891954756
5,MLP,PseudoFeature,3,5.239739418029785,1.4783542156219482,-3.761385202407837,-2.5443057980697885
5,MLP-E2E,PseudoFeature,3,3.7678239345550537,1.4783542156219482,-2.2894697189331055,-1.5486611359713398
5,LH,PseudoFeature,3,1.9987291097640991,1.4783542156219482,-0.5203748941421509,-0.3519960836471302
5,LH-E2E,PseudoFeature,3,2.076185703277588,1.4783542156219482,-0.5978314876556396,-0.40438988257231034
10,MLP,PseudoFeature,3,5.114720821380615,1.0413709878921509,-4.073349833488464,-3.9115261331923326
10,MLP-E2E,PseudoFeature,3,3.3693575859069824,1.0413709878921509,-2.3279865980148315,-2.235501684876906
10,LH,PseudoFeature,3,1.8143953084945679,1.0413709878921509,-0.773024320602417,-0.7423140548279562
10,LH-E2E,PseudoFeature,3,1.8606723546981812,1.0413709878921509,-0.8193013668060303,-0.7867526331460282
20,MLP,PseudoFeature,3,5.034185886383057,0.791105329990387,-4.24308055639267,-5.363483717704479
20,MLP-E2E,PseudoFeature,3,3.086742877960205,0.791105329990387,-2.295637547969818,-2.901810240613236
20,LH,PseudoFeature,3,1.6378154754638672,0.791105329990387,-0.8467101454734802,-1.0702874994961404
20,LH-E2E,PseudoFeature,3,1.5536460876464844,0.791105329990387,-0.7625407576560974,-0.9638928329118492
50,MLP,PseudoFeature,3,4.95703125,0.8401344418525696,-4.11689680814743,-4.900283339258553
50,MLP-E2E,PseudoFeature,3,1.1075553894042969,0.8401344418525696,-0.2674209475517273,-0.3183073258632759
50,LH,PseudoFeature,3,1.480432391166687,0.8401344418525696,-0.6402979493141174,-0.762137483498718
50,LH-E2E,PseudoFeature,3,1.4747207164764404,0.8401344418525696,-0.6345862746238708,-0.7553389588749069
75,MLP,PseudoFeature,3,4.936252593994141,1.1268813610076904,-3.80937123298645,-3.380454557860464
75,MLP-E2E,PseudoFeature,3,1.314789056777954,1.1268813610076904,-0.18790769577026367,-0.16675020305796084
75,LH,PseudoFeature,3,1.4009836912155151,1.1268813610076904,-0.2741023302078247,-0.24323974083901287
75,LH-E2E,PseudoFeature,3,1.4075932502746582,1.1268813610076904,-0.2807118892669678,-0.24910509569165912
5,MLP,PseudoFeature,3,4.798628807067871,1.4783542156219482,-3.320274591445923,-2.2459262850270787
5,MLP-E2E,PseudoFeature,3,3.044589042663574,1.4783542156219482,-1.566234827041626,-1.0594448952024031
5,LH,PseudoFeature,3,2.024982213973999,1.4783542156219482,-0.5466279983520508,-0.3697544151298562
5,LH-E2E,PseudoFeature,3,2.191199541091919,1.4783542156219482,-0.7128453254699707,-0.48218844843627306
10,MLP,PseudoFeature,3,4.679383754730225,1.0413709878921509,-3.6380127668380737,-3.493483887237737
10,MLP-E2E,PseudoFeature,3,2.6409249305725098,1.0413709878921509,-1.5995539426803589,-1.53600778327619
10,LH,PseudoFeature,3,1.7995491027832031,1.0413709878921509,-0.7581781148910522,-0.7280576506415719
10,LH-E2E,PseudoFeature,3,1.9852215051651,1.0413709878921509,-0.9438505172729492,-0.9063537665701694
20,MLP,PseudoFeature,3,4.5829548835754395,0.791105329990387,-3.7918495535850525,-4.79310328200055
20,MLP-E2E,PseudoFeature,3,2.324065685272217,0.791105329990387,-1.5329603552818298,-1.9377449464288876
20,LH,PseudoFeature,3,1.6049216985702515,0.791105329990387,-0.8138163685798645,-1.028707983284291
20,LH-E2E,PseudoFeature,3,1.7940423488616943,0.791105329990387,-1.0029370188713074,-1.2677667320020387
50,MLP,PseudoFeature,3,4.504276752471924,0.8401344418525696,-3.6641423106193542,-4.361376141822732
50,MLP-E2E,PseudoFeature,3,1.1784864664077759,0.8401344418525696,-0.3383520245552063,-0.402735571474859
50,LH,PseudoFeature,3,1.463646411895752,0.8401344418525696,-0.6235119700431824,-0.7421573726560766
50,LH-E2E,PseudoFeature,3,1.5186055898666382,0.8401344418525696,-0.6784711480140686,-0.8075744954795337
75,MLP,PseudoFeature,3,4.483012676239014,1.1268813610076904,-3.3561313152313232,-2.978247250651277
75,MLP-E2E,PseudoFeature,3,1.2889608144760132,1.1268813610076904,-0.16207945346832275,-0.14383009523148607
75,LH,PseudoFeature,3,1.414928674697876,1.1268813610076904,-0.28804731369018555,-0.2556145869984088
75,LH-E2E,PseudoFeature,3,1.4337822198867798,1.1268813610076904,-0.30690085887908936,-0.2723453146874748
5,MLP,PseudoFeature,3,5.204653739929199,1.4783542156219482,-3.726299524307251,-2.520572867402813
5,MLP-E2E,PseudoFeature,3,4.03816032409668,1.4783542156219482,-2.5598061084747314,-1.7315242053798405
5,LH,PseudoFeature,3,2.0993621349334717,1.4783542156219482,-0.6210079193115234,-0.4200670669784396
5,LH-E2E,PseudoFeature,3,2.165238857269287,1.4783542156219482,-0.6868846416473389,-0.46462791825460065
10,MLP,PseudoFeature,3,5.082171440124512,1.0413709878921509,-4.040800452232361,-3.8802698550411745
10,MLP-E2E,PseudoFeature,3,3.6936655044555664,1.0413709878921509,-2.6522945165634155,-2.546925684891559
10,LH,PseudoFeature,3,1.9224594831466675,1.0413709878921509,-0.8810884952545166,-0.8460851180787515
10,LH-E2E,PseudoFeature,3,1.892865538597107,1.0413709878921509,-0.851494550704956,-0.8176668647438262
20,MLP,PseudoFeature,3,4.9951677322387695,0.791105329990387,-4.204062402248383,-5.314162656822787
20,MLP-E2E,PseudoFeature,3,3.4838907718658447,0.791105329990387,-2.6927854418754578,-3.403826696387166
20,LH,PseudoFeature,3,1.6658259630203247,0.791105329990387,-0.8747206330299377,-1.105694273404234
20,LH-E2E,PseudoFeature,3,1.698222279548645,0.791105329990387,-0.9071169495582581,-1.146644972761441
50,MLP,PseudoFeature,3,4.91971492767334,0.8401344418525696,-4.07958048582077,-4.855866254959076
50,MLP-E2E,PseudoFeature,3,1.0960928201675415,0.8401344418525696,-0.2559583783149719,-0.30466359378215874
50,LH,PseudoFeature,3,1.5301674604415894,0.8401344418525696,-0.6900330185890198,-0.8213364245220526
50,LH-E2E,PseudoFeature,3,1.5167826414108276,0.8401344418525696,-0.6766481995582581,-0.805404666027249
75,MLP,PseudoFeature,3,4.902858257293701,1.1268813610076904,-3.7759768962860107,-3.3508202610693827
75,MLP-E2E,PseudoFeature,3,1.3720186948776245,1.1268813610076904,-0.24513733386993408,-0.2175360622263954
75,LH,PseudoFeature,3,1.45482337474823,1.1268813610076904,-0.32794201374053955,-0.291017337838727
75,LH-E2E,PseudoFeature,3,1.481540560722351,1.1268813610076904,-0.35465919971466064,-0.31472629860299933
5,MLP,PseudoFeature,3,5.524884223937988,1.4783542156219482,-4.04653000831604,-2.737185693087534
5,MLP-E2E,PseudoFeature,3,4.889130592346191,1.4783542156219482,-3.410776376724243,-2.3071442152916775
5,LH,PseudoFeature,3,2.116483211517334,1.4783542156219482,-0.6381289958953857,-0.43164824042316735
5,LH-E2E,PseudoFeature,3,2.0034120082855225,1.4783542156219482,-0.5250577926635742,-0.35516372674101027
10,MLP,PseudoFeature,3,5.393672466278076,1.0413709878921509,-4.352301478385925,-4.179395747518817
10,MLP-E2E,PseudoFeature,3,4.609594821929932,1.0413709878921509,-3.5682238340377808,-3.426467489036023
10,LH,PseudoFeature,3,1.919992446899414,1.0413709878921509,-0.8786214590072632,-0.8437160908291572
10,LH-E2E,PseudoFeature,3,1.9089667797088623,1.0413709878921509,-0.8675957918167114,-0.8331284450057712
20,MLP,PseudoFeature,3,5.295907974243164,0.791105329990387,-4.504802644252777,-5.694314617128818
20,MLP-E2E,PseudoFeature,3,4.333884239196777,0.791105329990387,-3.5427789092063904,-4.478264492604847
20,LH,PseudoFeature,3,1.6983048915863037,0.791105329990387,-0.9071995615959167,-1.146749398853046
20,LH-E2E,PseudoFeature,3,1.7636356353759766,0.791105329990387,-0.9725303053855896,-1.2293309986893999
50,MLP,PseudoFeature,3,5.222631454467773,0.8401344418525696,-4.382497012615204,-5.216423460692097
50,MLP-E2E,PseudoFeature,3,0.9175283908843994,0.8401344418525696,-0.07739394903182983,-0.09212090967389629
50,LH,PseudoFeature,3,1.5057119131088257,0.8401344418525696,-0.6655774712562561,-0.7922273366017466
50,LH-E2E,PseudoFeature,3,1.442872166633606,0.8401344418525696,-0.6027377247810364,-0.7174300858942853
75,MLP,PseudoFeature,3,5.202610015869141,1.1268813610076904,-4.07572865486145,-3.6168214293799426
75,MLP-E2E,PseudoFeature,3,1.279146432876587,1.1268813610076904,-0.15226507186889648,-0.13512076527092132
75,LH,PseudoFeature,3,1.426994800567627,1.1268813610076904,-0.3001134395599365,-0.2663221257751271
75,LH-E2E,PseudoFeature,3,1.409079670906067,1.1268813610076904,-0.28219830989837646,-0.2504241525887219
5,MLP,PseudoFeature,3,4.931801795959473,1.4783542156219482,-3.4534475803375244,-2.336008206859036
5,MLP-E2E,PseudoFeature,3,3.186758518218994,1.4783542156219482,-1.708404302597046,-1.155612291387362
5,LH,PseudoFeature,3,2.2357044219970703,1.4783542156219482,-0.7573502063751221,-0.5122927904368998
5,LH-E2E,PseudoFeature,3,1.6827584505081177,1.4783542156219482,-0.20440423488616943,-0.13826472216617985
10,MLP,PseudoFeature,3,4.802488327026367,1.0413709878921509,-3.7611173391342163,-3.61169783186214
10,MLP-E2E,PseudoFeature,3,2.7487614154815674,1.0413709878921509,-1.7073904275894165,-1.6395602023111495
10,LH,PseudoFeature,3,1.9256600141525269,1.0413709878921509,-0.884289026260376,-0.8491585002288896
10,LH-E2E,PseudoFeature,3,1.4504055976867676,1.0413709878921509,-0.4090346097946167,-0.39278471798273124
20,MLP,PseudoFeature,3,4.711391925811768,0.791105329990387,-3.9202865958213806,-4.9554546622369715
20,MLP-E2E,PseudoFeature,3,2.428481340408325,0.791105329990387,-1.6373760104179382,-2.0697319918674224
20,LH,PseudoFeature,3,1.6759116649627686,0.791105329990387,-0.8848063349723816,-1.118443147113082
20,LH-E2E,PseudoFeature,3,1.1675974130630493,0.791105329990387,-0.37649208307266235,-0.47590639172818777
50,MLP,PseudoFeature,3,4.6438164710998535,0.8401344418525696,-3.803682029247284,-4.527468271458832
50,MLP-E2E,PseudoFeature,3,1.3249478340148926,0.8401344418525696,-0.484813392162323,-0.5770664408106723
50,LH,PseudoFeature,3,1.5194939374923706,0.8401344418525696,-0.679359495639801,-0.8086318829421565
50,LH-E2E,PseudoFeature,3,1.5881403684616089,0.8401344418525696,-0.7480059266090393,-0.8903407470828373
75,MLP,PseudoFeature,3,4.620872974395752,1.1268813610076904,-3.4939916133880615,-3.1005851496768315
75,MLP-E2E,PseudoFeature,3,1.4002412557601929,1.1268813610076904,-0.27335989475250244,-0.24258090000535282
75,LH,PseudoFeature,3,1.4497129917144775,1.1268813610076904,-0.3228316307067871,-0.2864823590817951
75,LH-E2E,PseudoFeature,3,1.484013319015503,1.1268813610076904,-0.3571319580078125,-0.3169206363378436
5,MLP,PseudoFeature,3,5.456243515014648,1.4783542156219482,-3.9778892993927,-2.6907552042385117
5,MLP-E2E,PseudoFeature,3,5.018420219421387,1.4783542156219482,-3.5400660037994385,-2.394599322943806
5,LH,PseudoFeature,3,2.112844467163086,1.4783542156219482,-0.6344902515411377,-0.4291868923133592
5,LH-E2E,PseudoFeature,3,1.7627910375595093,1.4783542156219482,-0.28443682193756104,-0.19240099492522336
10,MLP,PseudoFeature,3,5.345697402954102,1.0413709878921509,-4.304326415061951,-4.133326609928302
10,MLP-E2E,PseudoFeature,3,4.738491535186768,1.0413709878921509,-3.6971205472946167,-3.550243467775105
10,LH,PseudoFeature,3,1.9176387786865234,1.0413709878921509,-0.8762677907943726,-0.8414559277938353
10,LH-E2E,PseudoFeature,3,1.6593267917633057,1.0413709878921509,-0.6179558038711548,-0.5934060109759396
20,MLP,PseudoFeature,3,5.259620666503906,0.791105329990387,-4.468515336513519,-5.648445494063121
20,MLP-E2E,PseudoFeature,3,4.5084147453308105,0.791105329990387,-3.7173094153404236,-4.698880508598766
20,LH,PseudoFeature,3,1.711079716682434,0.791105329990387,-0.9199743866920471,-1.1628974699275836
20,LH-E2E,PseudoFeature,3,1.44350004196167,0.791105329990387,-0.652394711971283,-0.8246622633413562
50,MLP,PseudoFeature,3,5.197107315063477,0.8401344418525696,-4.356972873210907,-5.186042442925447
50,MLP-E2E,PseudoFeature,3,1.0145100355148315,0.8401344418525696,-0.17437559366226196,-0.2075567730299791
50,LH,PseudoFeature,3,1.4929417371749878,0.8401344418525696,-0.6528072953224182,-0.7770271789868789
50,LH-E2E,PseudoFeature,3,1.6075927019119263,0.8401344418525696,-0.7674582600593567,-0.913494581137567
75,MLP,PseudoFeature,3,5.1782636642456055,1.1268813610076904,-4.051382303237915,-3.595216358548206
75,MLP-E2E,PseudoFeature,3,1.4112677574157715,1.1268813610076904,-0.28438639640808105,-0.25236587119852116
75,LH,PseudoFeature,3,1.4134973287582397,1.1268813610076904,-0.2866159677505493,-0.25434440365066374
75,LH-E2E,PseudoFeature,3,1.4646098613739014,1.1268813610076904,-0.33772850036621094,-0.29970191366392307
5,MLP,RealValue,3,5.988131999969482,1.4783542156219482,-4.509777784347534,-3.050539401648242
5,MLP-E2E,RealValue,3,5.9908318519592285,1.4783542156219482,-4.51247763633728,-3.0523656567914386
5,LH,RealValue,3,2.0412216186523438,1.4783542156219482,-0.5628674030303955,-0.38073920112142773
5,LH-E2E,RealValue,3,1.515925407409668,1.4783542156219482,-0.03757119178771973,-0.02541420140768727
10,MLP,RealValue,3,5.952504634857178,1.0413709878921509,-4.911133646965027,-4.716026952993668
10,MLP-E2E,RealValue,3,5.8791303634643555,1.0413709878921509,-4.837759375572205,-4.645567652469713
10,LH,RealValue,3,1.924933910369873,1.0413709878921509,-0.8835629224777222,-0.8484612426798546
10,LH-E2E,RealValue,3,1.3640090227127075,1.0413709878921509,-0.32263803482055664,-0.30982045646730705
20,MLP,RealValue,3,5.925304412841797,0.791105329990387,-5.13419908285141,-6.48990581685728
20,MLP-E2E,RealValue,3,5.82113790512085,0.791105329990387,-5.030032575130463,-6.358233707250569
20,LH,RealValue,3,1.8100183010101318,0.791105329990387,-1.0189129710197449,-1.2879612011110153
20,LH-E2E,RealValue,3,1.2952392101287842,0.791105329990387,-0.5041338801383972,-0.6372525389817854
50,MLP,RealValue,3,5.911088943481445,0.8401344418525696,-5.070954501628876,-6.035884554913592
50,MLP-E2E,RealValue,3,3.3562934398651123,0.8401344418525696,-2.5161589980125427,-2.9949480376785806
50,LH,RealValue,3,1.7977876663208008,0.8401344418525696,-0.9576532244682312,-1.1398809247202417
50,LH-E2E,RealValue,3,1.2931113243103027,0.8401344418525696,-0.45297688245773315,-0.5391718990342542
75,MLP,RealValue,3,5.906140327453613,1.1268813610076904,-4.779258966445923,-4.241137649283833
75,MLP-E2E,RealValue,3,1.3527950048446655,1.1268813610076904,-0.2259136438369751,-0.2004768662026289
75,LH,RealValue,3,1.7743515968322754,1.1268813610076904,-0.647470235824585,-0.5745682360435868
75,LH-E2E,RealValue,3,1.2508479356765747,1.1268813610076904,-0.12396657466888428,-0.11000854123457124
5,MLP,RealValue,3,5.952686786651611,1.4783542156219482,-4.474332571029663,-3.02656327133839
5,MLP-E2E,RealValue,3,5.4992594718933105,1.4783542156219482,-4.020905256271362,-2.7198523965244386
5,LH,RealValue,3,2.845235824584961,1.4783542156219482,-1.3668816089630127,-0.9245968215999988
5,LH-E2E,RealValue,3,2.6590206623077393,1.4783542156219482,-1.180666446685791,-0.7986356951598916
10,MLP,RealValue,3,5.914454460144043,1.0413709878921509,-4.873083472251892,-4.679488413745372
10,MLP-E2E,RealValue,3,5.374537944793701,1.0413709878921509,-4.33316695690155,-4.161021391302974
10,LH,RealValue,3,2.7356555461883545,1.0413709878921509,-1.6942845582962036,-1.6269749954582673
10,LH-E2E,RealValue,3,2.263685703277588,1.0413709878921509,-1.222314715385437,-1.173755299117307
20,MLP,RealValue,3,5.881364822387695,0.791105329990387,-5.090259492397308,-6.434363793831552
20,MLP-E2E,RealValue,3,5.2783708572387695,0.791105329990387,-4.487265527248383,-5.67214675105641
20,LH,RealValue,3,2.648012399673462,0.791105329990387,-1.856907069683075,-2.3472311451948364
20,LH-E2E,RealValue,3,2.1540751457214355,0.791105329990387,-1.3629698157310486,-1.722867694176211
50,MLP,RealValue,3,5.8663201332092285,0.8401344418525696,-5.026185691356659,-5.982596880891446
50,MLP-E2E,RealValue,3,2.4423961639404297,0.8401344418525696,-1.60226172208786,-1.9071491921634989
50,LH,RealValue,3,2.625919818878174,0.8401344418525696,-1.7857853770256042,-2.1255947715794057
50,LH-E2E,RealValue,3,1.2696515321731567,0.8401344418525696,-0.42951709032058716,-0.5112480442695154
75,MLP,RealValue,3,5.859220504760742,1.1268813610076904,-4.732339143753052,-4.199500770446017
75,MLP-E2E,RealValue,3,1.3285431861877441,1.1268813610076904,-0.2016618251800537,-0.17895568438519718
75,LH,RealValue,3,2.608396291732788,1.1268813610076904,-1.4815149307250977,-1.314703554418793
75,LH-E2E,RealValue,3,1.2765977382659912,1.1268813610076904,-0.14971637725830078,-0.1328590412786844
5,MLP,RealValue,3,6.099688529968262,1.4783542156219482,-4.6213343143463135,-3.1259993481346444
5,MLP-E2E,RealValue,3,5.929609775543213,1.4783542156219482,-4.451255559921265,-3.0109533377618893
5,LH,RealValue,3,2.0244204998016357,1.4783542156219482,-0.5460662841796875,-0.36937445600610386
5,LH-E2E,RealValue,3,1.4762917757034302,1.4783542156219482,0.0020624399185180664,0.001395091850602524
10,MLP,RealValue,3,6.0625481605529785,1.0413709878921509,-5.021177172660828,-4.821698732767888
10,MLP-E2E,RealValue,3,5.814577102661133,1.0413709878921509,-4.773206114768982,-4.58357892649811
10,LH,RealValue,3,1.896291971206665,1.0413709878921509,-0.8549209833145142,-0.8209571740086288
10,LH-E2E,RealValue,3,1.3900831937789917,1.0413709878921509,-0.3487122058868408,-0.33485876785627816
20,MLP,RealValue,3,6.034659385681152,0.791105329990387,-5.243554055690765,-6.62813642748998
20,MLP-E2E,RealValue,3,5.742399215698242,0.791105329990387,-4.951293885707855,-6.258703737678041
20,LH,RealValue,3,1.791551113128662,0.791105329990387,-1.0004457831382751,-1.264617675057798
20,LH-E2E,RealValue,3,1.2944254875183105,0.791105329990387,-0.5033201575279236,-0.6362239495138272
50,MLP,RealValue,3,6.016016483306885,0.8401344418525696,-5.175882041454315,-6.160778303578466
50,MLP-E2E,RealValue,3,3.0952484607696533,0.8401344418525696,-2.2551140189170837,-2.6842299357997526
50,LH,RealValue,3,1.7753732204437256,0.8401344418525696,-0.935238778591156,-1.1132013306452155
50,LH-E2E,RealValue,3,1.297664761543274,0.8401344418525696,-0.45753031969070435,-0.5445917901923056
75,MLP,RealValue,3,6.010611534118652,1.1268813610076904,-4.883730173110962,-4.333845906142051
75,MLP-E2E,RealValue,3,1.303709864616394,1.1268813610076904,-0.1768285036087036,-0.15691847405354045
75,LH,RealValue,3,1.756101369857788,1.1268813610076904,-0.6292200088500977,-0.558372895872047
75,LH-E2E,RealValue,3,1.2572230100631714,1.1268813610076904,-0.13034164905548096,-0.11566581324845557
5,MLP,RealValue,3,5.56442403793335,1.4783542156219482,-4.086069822311401,-2.7639315254310546
5,MLP-E2E,RealValue,3,4.662856101989746,1.4783542156219482,-3.184501886367798,-2.154085842700471
5,LH,RealValue,3,2.379608631134033,1.4783542156219482,-0.901254415512085,-0.6096336087714435
5,LH-E2E,RealValue,3,1.7624021768569946,1.4783542156219482,-0.2840479612350464,-0.19213795870670042
10,MLP,RealValue,3,5.530550479888916,1.0413709878921509,-4.489179491996765,-4.310835950100124
10,MLP-E2E,RealValue,3,4.5199480056762695,1.0413709878921509,-3.4785770177841187,-3.3403821099578934
10,LH,RealValue,3,2.2796220779418945,1.0413709878921509,-1.2382510900497437,-1.1890585626512409
10,LH-E2E,RealValue,3,1.5635619163513184,1.0413709878921509,-0.5221909284591675,-0.5014456274762745
20,MLP,RealValue,3,5.4984130859375,0.791105329990387,-4.707307755947113,-5.950292050243567
20,MLP-E2E,RealValue,3,4.402464866638184,0.791105329990387,-3.6113595366477966,-4.564954121458997
20,LH,RealValue,3,2.178466320037842,0.791105329990387,-1.3873609900474548,-1.753699460050804
20,LH-E2E,RealValue,3,1.4114571809768677,0.791105329990387,-0.6203518509864807,-0.7841583509417372
50,MLP,RealValue,3,5.486413955688477,0.8401344418525696,-4.646279513835907,-5.530399995970235
50,MLP-E2E,RealValue,3,1.6538878679275513,0.8401344418525696,-0.8137534260749817,-0.9685990545520126
50,LH,RealValue,3,2.169171094894409,0.8401344418525696,-1.3290366530418396,-1.5819333035688885
50,LH-E2E,RealValue,3,1.2904138565063477,0.8401344418525696,-0.4502794146537781,-0.5359611417202141
75,MLP,RealValue,3,5.48282527923584,1.1268813610076904,-4.355943918228149,-3.865485816832516
75,MLP-E2E,RealValue,3,1.2683396339416504,1.1268813610076904,-0.14145827293395996,-0.12553075934050753
75,LH,RealValue,3,2.1484506130218506,1.1268813610076904,-1.0215692520141602,-0.9065455223260086
75,LH-E2E,RealValue,3,1.263732671737671,1.1268813610076904,-0.13685131072998047,-0.12144251867614884
5,MLP,RealValue,3,6.031609535217285,1.4783542156219482,-4.553255319595337,-3.0799488184093744
5,MLP-E2E,RealValue,3,5.476135730743408,1.4783542156219482,-3.99778151512146,-2.7042108534452827
5,LH,RealValue,3,2.702342987060547,1.4783542156219482,-1.2239887714385986,-0.8279401232157766
5,LH-E2E,RealValue,3,2.1532886028289795,1.4783542156219482,-0.6749343872070312,-0.4565444330424453
10,MLP,RealValue,3,5.995425224304199,1.0413709878921509,-4.954054236412048,-4.757242417939449
10,MLP-E2E,RealValue,3,5.345094680786133,1.0413709878921509,-4.303723692893982,-4.132747832360099
10,LH,RealValue,3,2.599477767944336,1.0413709878921509,-1.558106780052185,-1.4962072096957149
10,LH-E2E,RealValue,3,1.9109152555465698,1.0413709878921509,-0.869544267654419,-0.8349995129156343
20,MLP,RealValue,3,5.976306438446045,0.791105329990387,-5.185201108455658,-6.554375140562718
20,MLP-E2E,RealValue,3,5.271071434020996,0.791105329990387,-4.479966104030609,-5.6629198846189635
20,LH,RealValue,3,2.500330924987793,0.791105329990387,-1.709225594997406,-2.1605537596595075
20,LH-E2E,RealValue,3,1.7607223987579346,0.791105329990387,-0.9696170687675476,-1.225648509762069
50,MLP,RealValue,3,5.955482482910156,0.8401344418525696,-5.115348041057587,-6.088725549422541
50,MLP-E2E,RealValue,3,2.5868544578552246,0.8401344418525696,-1.746720016002655,-2.0790958315564176
50,LH,RealValue,3,2.4736979007720947,0.8401344418525696,-1.6335634589195251,-1.9444072014443017
50,LH-E2E,RealValue,3,1.2904201745986938,0.8401344418525696,-0.45028573274612427,-0.5359686620550933
75,MLP,RealValue,3,5.9517645835876465,1.1268813610076904,-4.824883222579956,-4.281624836056746
75,MLP-E2E,RealValue,3,1.3333081007003784,1.1268813610076904,-0.206426739692688,-0.18318409269640873
75,LH,RealValue,3,2.45992374420166,1.1268813610076904,-1.3330423831939697,-1.1829482936889861
75,LH-E2E,RealValue,3,1.2835603952407837,1.1268813610076904,-0.15667903423309326,-0.13903773693886132
5,MLP,RealValue,3,5.636702060699463,1.4783542156219482,-4.158347845077515,-2.8128223947520485
5,MLP-E2E,RealValue,3,4.886013507843018,1.4783542156219482,-3.4076592922210693,-2.305035732446203
5,LH,RealValue,3,2.832831382751465,1.4783542156219482,-1.3544771671295166,-0.9162061113747925
5,LH-E2E,RealValue,3,3.028413772583008,1.4783542156219482,-1.5500595569610596,-1.048503491640496
10,MLP,RealValue,3,5.597564220428467,1.0413709878921509,-4.556193232536316,-4.375187407283692
10,MLP-E2E,RealValue,3,4.733137607574463,1.0413709878921509,-3.691766619682312,-3.5451022379208514
10,LH,RealValue,3,2.73136568069458,1.0413709878921509,-1.6899946928024292,-1.6228555552744597
10,LH-E2E,RealValue,3,2.626955032348633,1.0413709878921509,-1.585584044456482,-1.5225928731372458
20,MLP,RealValue,3,5.562082290649414,0.791105329990387,-4.770976960659027,-6.030773374661755
20,MLP-E2E,RealValue,3,4.617825508117676,0.791105329990387,-3.826720178127289,-4.8371816407478745
20,LH,RealValue,3,2.643855094909668,0.791105329990387,-1.852749764919281,-2.3419760867263966
20,LH-E2E,RealValue,3,2.522153854370117,0.791105329990387,-1.7310485243797302,-2.1881391247872957
50,MLP,RealValue,3,5.5474419593811035,0.8401344418525696,-4.707307517528534,-5.603040755177839
50,MLP-E2E,RealValue,3,1.8701932430267334,0.8401344418525696,-1.0300588011741638,-1.2260642462208722
50,LH,RealValue,3,2.6247150897979736,0.8401344418525696,-1.784580647945404,-2.124160799800385
50,LH-E2E,RealValue,3,1.2634354829788208,0.8401344418525696,-0.4233010411262512,-0.5038491698933751
75,MLP,RealValue,3,5.5443854331970215,1.1268813610076904,-4.417504072189331,-3.9201145968365907
75,MLP-E2E,RealValue,3,1.3102108240127563,1.1268813610076904,-0.18332946300506592,-0.1626874570372939
75,LH,RealValue,3,2.609161615371704,1.1268813610076904,-1.4822802543640137,-1.3153827063378838
75,LH-E2E,RealValue,3,1.2731291055679321,1.1268813610076904,-0.1462477445602417,-0.1297809597537958
5,MLP,RealValue,3,6.026020050048828,1.4783542156219482,-4.54766583442688,-3.076167934836688
5,MLP-E2E,RealValue,3,6.152307987213135,1.4783542156219482,-4.6739537715911865,-3.161592615762143
5,LH,RealValue,3,2.985384702682495,1.4783542156219482,-1.5070304870605469,-1.0193974293410692
5,LH-E2E,RealValue,3,2.961660385131836,1.4783542156219482,-1.4833061695098877,-1.0033496396436061
10,MLP,RealValue,3,5.991077423095703,1.0413709878921509,-4.949706435203552,-4.753067343677685
10,MLP-E2E,RealValue,3,6.071160316467285,1.0413709878921509,-5.029789328575134,-4.829968749903413
10,LH,RealValue,3,2.890490770339966,1.0413709878921509,-1.849119782447815,-1.7756590148441107
10,LH-E2E,RealValue,3,2.8538951873779297,1.0413709878921509,-1.8125241994857788,-1.7405172801621127
20,MLP,RealValue,3,5.96638298034668,0.791105329990387,-5.175277650356293,-6.541831351862058
20,MLP-E2E,RealValue,3,6.029986381530762,0.791105329990387,-5.238881051540375,-6.6222294970557645
20,LH,RealValue,3,2.7990078926086426,0.791105329990387,-2.0079025626182556,-2.5380976293544304
20,LH-E2E,RealValue,3,2.6378164291381836,0.791105329990387,-1.8467110991477966,-2.334342886010181
50,MLP,RealValue,3,5.950855731964111,0.8401344418525696,-5.110721290111542,-6.08321839400127
50,MLP-E2E,RealValue,3,3.7196640968322754,0.8401344418525696,-2.879529654979706,-3.4274629291832057
50,LH,RealValue,3,2.7766833305358887,0.8401344418525696,-1.936548888683319,-2.305046421395438
50,LH-E2E,RealValue,3,1.2589653730392456,0.8401344418525696,-0.418830931186676,-0.49852846201986123
75,MLP,RealValue,3,5.947129726409912,1.1268813610076904,-4.820248365402222,-4.277511841257019
75,MLP-E2E,RealValue,3,1.3260046243667603,1.1268813610076904,-0.19912326335906982,-0.1767029522797395
75,LH,RealValue,3,2.764799118041992,1.1268813610076904,-1.6379177570343018,-1.4534961831027426
75,LH-E2E,RealValue,3,1.2733335494995117,1.1268813610076904,-0.1464521884918213,-0.12996238429292986
5,MLP,RealValue,3,5.9456706047058105,1.4783542156219482,-4.467316389083862,-3.021817330296886
5,MLP-E2E,RealValue,3,5.436079502105713,1.4783542156219482,-3.9577252864837646,-2.6771157038428286
5,LH,RealValue,3,2.8703062534332275,1.4783542156219482,-1.3919520378112793,-0.9415551585014967
5,LH-E2E,RealValue,3,2.9995288848876953,1.4783542156219482,-1.521174669265747,-1.028964948448288
10,MLP,RealValue,3,5.892056465148926,1.0413709878921509,-4.850685477256775,-4.657980233418154
10,MLP-E2E,RealValue,3,5.23189115524292,1.0413709878921509,-4.190520167350769,-4.024041591395629
10,LH,RealValue,3,2.776761770248413,1.0413709878921509,-1.7353907823562622,-1.666448175082046
10,LH-E2E,RealValue,3,2.8068790435791016,1.0413709878921509,-1.7655080556869507,-1.6953689666931597
20,MLP,RealValue,3,5.8600053787231445,0.791105329990387,-5.068900048732758,-6.407364299763158
20,MLP-E2E,RealValue,3,5.124887466430664,0.791105329990387,-4.333782136440277,-5.478135429188599
20,LH,RealValue,3,2.6750104427337646,0.791105329990387,-1.8839051127433777,-2.381358134404517
20,LH-E2E,RealValue,3,2.5540621280670166,0.791105329990387,-1.7629567980766296,-2.228472911562929
50,MLP,RealValue,3,5.842668056488037,0.8401344418525696,-5.0025336146354675,-5.954444152538784
50,MLP-E2E,RealValue,3,2.1861886978149414,0.8401344418525696,-1.3460542559623718,-1.6021891127260597
50,LH,RealValue,3,2.6534318923950195,0.8401344418525696,-1.81329745054245,-2.158341998863862
50,LH-E2E,RealValue,3,1.2677124738693237,0.8401344418525696,-0.42757803201675415,-0.5089400109271884
75,MLP,RealValue,3,5.835699081420898,1.1268813610076904,-4.708817720413208,-4.178627744985013
75,MLP-E2E,RealValue,3,1.3142975568771362,1.1268813610076904,-0.1874161958694458,-0.1663140436557161
75,LH,RealValue,3,2.640587329864502,1.1268813610076904,-1.5137059688568115,-1.3432700382081137
75,LH-E2E,RealValue,3,1.268384575843811,1.1268813610076904,-0.1415032148361206,-0.12557064100304602
5,MLP,RealValue,3,5.835773944854736,1.4783542156219482,-4.357419729232788,-2.9474801662466312
5,MLP-E2E,RealValue,3,5.1045379638671875,1.4783542156219482,-3.6261837482452393,-2.452851765785842
5,LH,RealValue,3,3.3339531421661377,1.4783542156219482,-1.8555989265441895,-1.2551788380185551
5,LH-E2E,RealValue,3,4.226873397827148,1.4783542156219482,-2.7485191822052,-1.859174988755242
10,MLP,RealValue,3,5.804034233093262,1.0413709878921509,-4.762663245201111,-4.573454897991026
10,MLP-E2E,RealValue,3,4.9810028076171875,1.0413709878921509,-3.9396318197250366,-3.783120391801277
10,LH,RealValue,3,3.2396090030670166,1.0413709878921509,-2.1982380151748657,-2.1109076791397277
10,LH-E2E,RealValue,3,4.049644470214844,1.0413709878921509,-3.008273482322693,-2.8887625229619354
20,MLP,RealValue,3,5.77938985824585,0.791105329990387,-4.988284528255463,-6.305461914048888
20,MLP-E2E,RealValue,3,4.892375946044922,0.791105329990387,-4.101270616054535,-5.184228269710142
20,LH,RealValue,3,3.151057720184326,0.791105329990387,-2.359952390193939,-2.983107685828151
20,LH-E2E,RealValue,3,3.8933911323547363,0.791105329990387,-3.1022858023643494,-3.9214573391915417
50,MLP,RealValue,3,5.765635967254639,0.8401344418525696,-4.925501525402069,-5.862753959403104
50,MLP-E2E,RealValue,3,2.195704460144043,0.8401344418525696,-1.3555700182914734,-1.6135155884126395
50,LH,RealValue,3,3.1244375705718994,0.8401344418525696,-2.28430312871933,-2.7189733153687197
50,LH-E2E,RealValue,3,1.3237298727035522,0.8401344418525696,-0.48359543085098267,-0.5756167188963384
75,MLP,RealValue,3,5.7608137130737305,1.1268813610076904,-4.63393235206604,-4.1121741049317215
75,MLP-E2E,RealValue,3,1.3669527769088745,1.1268813610076904,-0.24007141590118408,-0.21304054198438882
75,LH,RealValue,3,3.115433931350708,1.1268813610076904,-1.9885525703430176,-1.764651221637738
75,LH-E2E,RealValue,3,1.300218939781189,1.1268813610076904,-0.17333757877349854,-0.15382061037773753
5,MLP,RealValue,3,5.546844959259033,1.4783542156219482,-4.068490743637085,-2.752040546605712
5,MLP-E2E,RealValue,3,4.692375183105469,1.4783542156219482,-3.2140209674835205,-2.174053372000141
5,LH,RealValue,3,3.0686018466949463,1.4783542156219482,-1.590247631072998,-1.07568782519687
5,LH-E2E,RealValue,3,3.391300916671753,1.4783542156219482,-1.9129467010498047,-1.293970471241239
10,MLP,RealValue,3,5.514212131500244,1.0413709878921509,-4.472841143608093,-4.29514668222284
10,MLP-E2E,RealValue,3,4.545620441436768,1.0413709878921509,-3.5042494535446167,-3.3650346459503373
10,LH,RealValue,3,2.967350959777832,1.0413709878921509,-1.9259799718856812,-1.8494657468651743
10,LH-E2E,RealValue,3,3.115647315979004,1.0413709878921509,-2.074276328086853,-1.9918706706871254
20,MLP,RealValue,3,5.480605602264404,0.791105329990387,-4.689500272274017,-5.92778242605318
20,MLP-E2E,RealValue,3,4.4330339431762695,0.791105329990387,-3.6419286131858826,-4.603595090466825
20,LH,RealValue,3,2.886209726333618,0.791105329990387,-2.095104396343231,-2.6483254718669254
20,LH-E2E,RealValue,3,2.9628067016601562,0.791105329990387,-2.1717013716697693,-2.745148198781771
50,MLP,RealValue,3,5.46421480178833,0.8401344418525696,-4.6240803599357605,-5.503976660853542
50,MLP-E2E,RealValue,3,1.6744818687438965,0.8401344418525696,-0.8343474268913269,-0.9931117989300834
50,LH,RealValue,3,2.8736326694488525,0.8401344418525696,-2.033498227596283,-2.4204438317184596
50,LH-E2E,RealValue,3,1.280102014541626,0.8401344418525696,-0.4399675726890564,-0.5236871038388684
75,MLP,RealValue,3,5.4591569900512695,1.1268813610076904,-4.332275629043579,-3.844482461906665
75,MLP-E2E,RealValue,3,1.2879961729049683,1.1268813610076904,-0.16111481189727783,-0.14297406761010248
75,LH,RealValue,3,2.8632586002349854,1.1268813610076904,-1.736377239227295,-1.5408696064282892
75,LH-E2E,RealValue,3,1.280686855316162,1.1268813610076904,-0.15380549430847168,-0.13648774363517227
5,MLP,Gaussian,4,6.6125569343566895,1.4783542156219482,-5.134202718734741,-3.472917832871851
5,MLP-E2E,Gaussian,4,6.774308204650879,1.4783542156219482,-5.295953989028931,-3.5823309008530857
5,LH,Gaussian,4,2.690997838973999,1.4783542156219482,-1.2126436233520508,-0.8202659488084104
5,LH-E2E,Gaussian,4,2.589179039001465,1.4783542156219482,-1.1108248233795166,-0.7513928743472275
10,MLP,Gaussian,4,6.574291229248047,1.0413709878921509,-5.532920241355896,-5.31311156704599
10,MLP-E2E,Gaussian,4,6.73483419418335,1.0413709878921509,-5.693463206291199,-5.467276573371218
10,LH,Gaussian,4,2.674569845199585,1.0413709878921509,-1.633198857307434,-1.5683160720784124
10,LH-E2E,Gaussian,4,2.482313871383667,1.0413709878921509,-1.4409428834915161,-1.383697933056636
20,MLP,Gaussian,4,6.551156520843506,0.791105329990387,-5.760051190853119,-7.28101679067579
20,MLP-E2E,Gaussian,4,6.7120442390441895,0.791105329990387,-5.9209389090538025,-7.484387583541815
20,LH,Gaussian,4,2.6353278160095215,0.791105329990387,-1.8442224860191345,-2.3311971441799595
20,LH-E2E,Gaussian,4,2.383011817932129,0.791105329990387,-1.591906487941742,-2.0122560518724932
50,MLP,Gaussian,4,6.530945301055908,0.8401344418525696,-5.690810859203339,-6.773690704376558
50,MLP-E2E,Gaussian,4,6.027319431304932,0.8401344418525696,-5.187184989452362,-6.174232040784053
50,LH,Gaussian,4,2.5791306495666504,0.8401344418525696,-1.7389962077140808,-2.0699022931132816
50,LH-E2E,Gaussian,4,1.6185274124145508,0.8401344418525696,-0.7783929705619812,-0.9265100105235026
75,MLP,Gaussian,4,6.525001525878906,1.1268813610076904,-5.398120164871216,-4.790318086408012
75,MLP-E2E,Gaussian,4,1.5707998275756836,1.1268813610076904,-0.44391846656799316,-0.3939354060937065
75,LH,Gaussian,4,2.5271918773651123,1.1268813610076904,-1.4003105163574219,-1.2426423621961615
75,LH-E2E,Gaussian,4,1.4917267560958862,1.1268813610076904,-0.3648453950881958,-0.3237655779149105
5,MLP,Gaussian,4,6.478698253631592,1.4783542156219482,-5.0003440380096436,-3.382372089970321
5,MLP-E2E,Gaussian,4,6.558681964874268,1.4783542156219482,-5.080327749252319,-3.4364753017699545
5,LH,Gaussian,4,3.2380211353302,1.4783542156219482,-1.759666919708252,-1.1902877545270534
5,LH-E2E,Gaussian,4,3.503288507461548,1.4783542156219482,-2.0249342918395996,-1.3697219992623375
10,MLP,Gaussian,4,6.449678421020508,1.0413709878921509,-5.408307433128357,-5.1934493048201436
10,MLP-E2E,Gaussian,4,6.5159687995910645,1.0413709878921509,-5.474597811698914,-5.257106137343139
10,LH,Gaussian,4,3.207066774368286,1.0413709878921509,-2.1656957864761353,-2.0796582693932555
10,LH-E2E,Gaussian,4,3.361642360687256,1.0413709878921509,-2.320271372795105,-2.2280929656889987
20,MLP,Gaussian,4,6.431709289550781,0.791105329990387,-5.640603959560394,-7.130029018549193
20,MLP-E2E,Gaussian,4,6.4826436042785645,0.791105329990387,-5.6915382742881775,-7.194412752038136
20,LH,Gaussian,4,3.169196367263794,0.791105329990387,-2.378091037273407,-3.006035918506963
20,LH-E2E,Gaussian,4,3.2949585914611816,0.791105329990387,-2.5038532614707947,-3.1650061838177983
50,MLP,Gaussian,4,6.412282943725586,0.8401344418525696,-5.572148501873016,-6.632448599043201
50,MLP-E2E,Gaussian,4,5.534924030303955,0.8401344418525696,-4.6947895884513855,-5.588140843385692
50,LH,Gaussian,4,3.1207473278045654,0.8401344418525696,-2.280612885951996,-2.7145808722268856
50,LH-E2E,Gaussian,4,1.7900669574737549,0.8401344418525696,-0.9499325156211853,-1.1306910754979898
75,MLP,Gaussian,4,6.407561779022217,1.1268813610076904,-5.280680418014526,-4.686101483915207
75,MLP-E2E,Gaussian,4,1.5921683311462402,1.1268813610076904,-0.4652869701385498,-0.41289792008137977
75,LH,Gaussian,4,3.0796570777893066,1.1268813610076904,-1.9527757167816162,-1.7329026677975992
75,LH-E2E,Gaussian,4,1.5016541481018066,1.1268813610076904,-0.3747727870941162,-0.3325751938597896
5,MLP,Gaussian,4,6.562688827514648,1.4783542156219482,-5.0843346118927,-3.4391856553496583
5,MLP-E2E,Gaussian,4,6.737423896789551,1.4783542156219482,-5.2590696811676025,-3.557381326879834
5,LH,Gaussian,4,3.690465211868286,1.4783542156219482,-2.212110996246338,-1.4963335396014654
5,LH-E2E,Gaussian,4,4.352080345153809,1.4783542156219482,-2.8737261295318604,-1.9438684580223387
10,MLP,Gaussian,4,6.530101776123047,1.0413709878921509,-5.488730788230896,-5.270677647108922
10,MLP-E2E,Gaussian,4,6.70251989364624,1.0413709878921509,-5.661148905754089,-5.436246036787405
10,LH,Gaussian,4,3.655294418334961,1.0413709878921509,-2.61392343044281,-2.510078983219686
10,LH-E2E,Gaussian,4,4.2437849044799805,1.0413709878921509,-3.2024139165878296,-3.075190257671636
20,MLP,Gaussian,4,6.513022422790527,0.791105329990387,-5.72191709280014,-7.2328132245925705
20,MLP-E2E,Gaussian,4,6.687093734741211,0.791105329990387,-5.895988404750824,-7.452848794259126
20,LH,Gaussian,4,3.6216318607330322,0.791105329990387,-2.8305265307426453,-3.577938895667711
20,LH-E2E,Gaussian,4,4.196600437164307,0.791105329990387,-3.4054951071739197,-4.304730328659651
50,MLP,Gaussian,4,6.4976301193237305,0.8401344418525696,-5.657495677471161,-6.734036120452211
50,MLP-E2E,Gaussian,4,6.005433082580566,0.8401344418525696,-5.165298640727997,-6.14818103319043
50,LH,Gaussian,4,3.574307680130005,0.8401344418525696,-2.7341732382774353,-3.2544472670925684
50,LH-E2E,Gaussian,4,2.2565174102783203,0.8401344418525696,-1.4163829684257507,-1.6859003724481323
75,MLP,Gaussian,4,6.494124889373779,1.1268813610076904,-5.367243528366089,-4.762918009014314
75,MLP-E2E,Gaussian,4,1.580819010734558,1.1268813610076904,-0.4539376497268677,-0.40282647795411514
75,LH,Gaussian,4,3.535187244415283,1.1268813610076904,-2.4083058834075928,-2.1371423529927007
75,LH-E2E,Gaussian,4,1.4936493635177612,1.1268813610076904,-0.3667680025100708,-0.32547170909109374
5,MLP,Gaussian,4,6.464414119720459,1.4783542156219482,-4.986059904098511,-3.3727099036281096
5,MLP-E2E,Gaussian,4,6.592556953430176,1.4783542156219482,-5.1142027378082275,-3.4593892882814057
5,LH,Gaussian,4,2.9941985607147217,1.4783542156219482,-1.5158443450927734,-1.025359368596959
5,LH-E2E,Gaussian,4,2.9976069927215576,1.4783542156219482,-1.5192527770996094,-1.02766492701511
10,MLP,Gaussian,4,6.42991304397583,1.0413709878921509,-5.388542056083679,-5.174469155311
10,MLP-E2E,Gaussian,4,6.55742883682251,1.0413709878921509,-5.516057848930359,-5.296919074052049
10,LH,Gaussian,4,2.9441916942596436,1.0413709878921509,-1.9028207063674927,-1.827226539332549
10,LH-E2E,Gaussian,4,2.843818187713623,1.0413709878921509,-1.8024471998214722,-1.730840613746906
20,MLP,Gaussian,4,6.403910160064697,0.791105329990387,-5.61280483007431,-7.094889412693647
20,MLP-E2E,Gaussian,4,6.535548686981201,0.791105329990387,-5.744443356990814,-7.261287643025509
20,LH,Gaussian,4,2.907254695892334,0.791105329990387,-2.116149365901947,-2.674927453627017
20,LH-E2E,Gaussian,4,2.7514562606811523,0.791105329990387,-1.9603509306907654,-2.477989790202256
50,MLP,Gaussian,4,6.38383150100708,0.8401344418525696,-5.5436970591545105,-6.598583254044645
50,MLP-E2E,Gaussian,4,5.703460216522217,0.8401344418525696,-4.863325774669647,-5.788747053323502
50,LH,Gaussian,4,2.8503127098083496,0.8401344418525696,-2.01017826795578,-2.3926864175728375
50,LH-E2E,Gaussian,4,1.6562135219573975,0.8401344418525696,-0.8160790801048279,-0.9713672472530736
75,MLP,Gaussian,4,6.376121997833252,1.1268813610076904,-5.2492406368255615,-4.658201669190389
75,MLP-E2E,Gaussian,4,1.5695207118988037,1.1268813610076904,-0.4426393508911133,-0.3928003126214566
75,LH,Gaussian,4,2.800365686416626,1.1268813610076904,-1.6734843254089355,-1.4850581288454863
75,LH-E2E,Gaussian,4,1.490952730178833,1.1268813610076904,-0.3640713691711426,-0.3230787035518799
5,MLP,Gaussian,4,6.564531326293945,1.4783542156219482,-5.086177110671997,-3.440431972882917
5,MLP-E2E,Gaussian,4,6.6496734619140625,1.4783542156219482,-5.171319246292114,-3.4980244867205417
5,LH,Gaussian,4,3.5388882160186768,1.4783542156219482,-2.0605340003967285,-1.3938026344585188
5,LH-E2E,Gaussian,4,3.9805049896240234,1.4783542156219482,-2.502150774002075,-1.6925245300223346
10,MLP,Gaussian,4,6.536266326904297,1.0413709878921509,-5.494895339012146,-5.276597296160917
10,MLP-E2E,Gaussian,4,6.611937522888184,1.0413709878921509,-5.570566534996033,-5.349262270376353
10,LH,Gaussian,4,3.5020487308502197,1.0413709878921509,-2.460677742958069,-2.362921352301883
10,LH-E2E,Gaussian,4,3.853394031524658,1.0413709878921509,-2.8120230436325073,-2.700308608869881
20,MLP,Gaussian,4,6.514575481414795,0.791105329990387,-5.723470151424408,-7.234776374839942
20,MLP-E2E,Gaussian,4,6.588301658630371,0.791105329990387,-5.797196328639984,-7.327970257399768
20,LH,Gaussian,4,3.47169828414917,0.791105329990387,-2.680592954158783,-3.3884147313118924
20,LH-E2E,Gaussian,4,3.807637929916382,0.791105329990387,-3.016532599925995,-3.8130606451136537
50,MLP,Gaussian,4,6.497925281524658,0.8401344418525696,-5.657790839672089,-6.734387447794864
50,MLP-E2E,Gaussian,4,5.761849403381348,0.8401344418525696,-4.921714961528778,-5.858246866627641
50,LH,Gaussian,4,3.4220361709594727,0.8401344418525696,-2.581901729106903,-3.073200669423319
50,LH-E2E,Gaussian,4,2.0143582820892334,0.8401344418525696,-1.1742238402366638,-1.3976618285609124
75,MLP,Gaussian,4,6.4949212074279785,1.1268813610076904,-5.368039846420288,-4.763624665528258
75,MLP-E2E,Gaussian,4,1.5946882963180542,1.1268813610076904,-0.46780693531036377,-0.41513414942992494
75,LH,Gaussian,4,3.3823916912078857,1.1268813610076904,-2.2555103302001953,-2.0015508360021608
75,LH-E2E,Gaussian,4,1.5107983350753784,1.1268813610076904,-0.383916974067688,-0.34068978985008513
5,MLP,Gaussian,4,6.345271110534668,1.4783542156219482,-4.86691689491272,-3.2921182511494327
5,MLP-E2E,Gaussian,4,6.457086563110352,1.4783542156219482,-4.978732347488403,-3.36775334008422
5,LH,Gaussian,4,2.9790070056915283,1.4783542156219482,-1.50065279006958,-1.0150833773205366
5,LH-E2E,Gaussian,4,2.9559082984924316,1.4783542156219482,-1.4775540828704834,-0.9994587679035175
10,MLP,Gaussian,4,6.316967964172363,1.0413709878921509,-5.275596976280212,-5.066011092702515
10,MLP-E2E,Gaussian,4,6.418973445892334,1.0413709878921509,-5.377602458000183,-5.163964159290668
10,LH,Gaussian,4,2.948513984680176,1.0413709878921509,-1.907142996788025,-1.8313771162842662
10,LH-E2E,Gaussian,4,2.821303367614746,1.0413709878921509,-1.7799323797225952,-1.7092202494764845
20,MLP,Gaussian,4,6.293313503265381,0.791105329990387,-5.502208173274994,-6.955089246259854
20,MLP-E2E,Gaussian,4,6.392575740814209,0.791105329990387,-5.601470410823822,-7.080562092650656
20,LH,Gaussian,4,2.909198045730591,0.791105329990387,-2.118092715740204,-2.6773839531152466
20,LH-E2E,Gaussian,4,2.733646869659424,0.791105329990387,-1.9425415396690369,-2.4554777550198548
50,MLP,Gaussian,4,6.276803016662598,0.8401344418525696,-5.436668574810028,-6.471188781192806
50,MLP-E2E,Gaussian,4,5.514358043670654,0.8401344418525696,-4.674223601818085,-5.563661443888688
50,LH,Gaussian,4,2.858783006668091,0.8401344418525696,-2.0186485648155212,-2.402768490676594
50,LH-E2E,Gaussian,4,1.6629656553268433,0.8401344418525696,-0.8228312134742737,-0.9794042149490494
75,MLP,Gaussian,4,6.272581577301025,1.1268813610076904,-5.145700216293335,-4.566319396473022
75,MLP-E2E,Gaussian,4,1.5556870698928833,1.1268813610076904,-0.42880570888519287,-0.38052427142972906
75,LH,Gaussian,4,2.809830665588379,1.1268813610076904,-1.6829493045806885,-1.493457397392522
75,LH-E2E,Gaussian,4,1.5002270936965942,1.1268813610076904,-0.3733457326889038,-0.33130881884056285
5,MLP,Gaussian,4,6.583657741546631,1.4783542156219482,-5.105303525924683,-3.4533696133012786
5,MLP-E2E,Gaussian,4,6.637749195098877,1.4783542156219482,-5.159394979476929,-3.489958580262414
5,LH,Gaussian,4,3.1585254669189453,1.4783542156219482,-1.680171251296997,-1.1365146685025982
5,LH-E2E,Gaussian,4,3.292574882507324,1.4783542156219482,-1.814220666885376,-1.227189429782312
10,MLP,Gaussian,4,6.5511860847473145,1.0413709878921509,-5.509815096855164,-5.290924330442155
10,MLP-E2E,Gaussian,4,6.589232444763184,1.0413709878921509,-5.547861456871033,-5.327459206541286
10,LH,Gaussian,4,3.130486249923706,1.0413709878921509,-2.089115262031555,-2.0061200919954123
10,LH-E2E,Gaussian,4,3.1636762619018555,1.0413709878921509,-2.1223052740097046,-2.0379915502596084
20,MLP,Gaussian,4,6.533109664916992,0.791105329990387,-5.742004334926605,-7.25820458698765
20,MLP-E2E,Gaussian,4,6.561220169067383,0.791105329990387,-5.770114839076996,-7.293737787289476
20,LH,Gaussian,4,3.090343475341797,0.791105329990387,-2.29923814535141,-2.9063615907875997
20,LH-E2E,Gaussian,4,3.088010549545288,0.791105329990387,-2.296905219554901,-2.903412646180518
50,MLP,Gaussian,4,6.518523693084717,0.8401344418525696,-5.678389251232147,-6.7589054422180395
50,MLP-E2E,Gaussian,4,5.704977035522461,0.8401344418525696,-4.864842593669891,-5.790552501266928
50,LH,Gaussian,4,3.036949396133423,0.8401344418525696,-2.1968149542808533,-2.6148373936874734
50,LH-E2E,Gaussian,4,1.7200897932052612,0.8401344418525696,-0.8799553513526917,-1.047398258560039
75,MLP,Gaussian,4,6.5149664878845215,1.1268813610076904,-5.388085126876831,-4.781412944889467
75,MLP-E2E,Gaussian,4,1.6104140281677246,1.1268813610076904,-0.4835326671600342,-0.4290892403505947
75,LH,Gaussian,4,2.991032361984253,1.1268813610076904,-1.8641510009765625,-1.654256663993079
75,LH-E2E,Gaussian,4,1.5054841041564941,1.1268813610076904,-0.3786027431488037,-0.33597391548853556
5,MLP,Gaussian,4,6.274406909942627,1.4783542156219482,-4.796052694320679,-3.244183730556729
5,MLP-E2E,Gaussian,4,6.291468620300293,1.4783542156219482,-4.813114404678345,-3.255724747031247
5,LH,Gaussian,4,3.0981338024139404,1.4783542156219482,-1.6197795867919922,-1.0956640632370678
5,LH-E2E,Gaussian,4,3.1798148155212402,1.4783542156219482,-1.701460599899292,-1.150915377329568
10,MLP,Gaussian,4,6.24697208404541,1.0413709878921509,-5.205601096153259,-4.998795968658554
10,MLP-E2E,Gaussian,4,6.237952709197998,1.0413709878921509,-5.196581721305847,-4.990134910349576
10,LH,Gaussian,4,3.0530850887298584,1.0413709878921509,-2.0117141008377075,-1.9317938796332683
10,LH-E2E,Gaussian,4,3.0402331352233887,1.0413709878921509,-1.9988621473312378,-1.9194525011467374
20,MLP,Gaussian,4,6.232143878936768,0.791105329990387,-5.441038548946381,-6.877767526875968
20,MLP-E2E,Gaussian,4,6.210587978363037,0.791105329990387,-5.41948264837265,-6.8505197006301355
20,LH,Gaussian,4,3.019301176071167,0.791105329990387,-2.22819584608078,-2.8165602753654255
20,LH-E2E,Gaussian,4,2.9536776542663574,0.791105329990387,-2.1625723242759705,-2.7336085882549277
50,MLP,Gaussian,4,6.217075347900391,0.8401344418525696,-5.376940906047821,-6.4000957920391865
50,MLP-E2E,Gaussian,4,5.251556873321533,0.8401344418525696,-4.411422431468964,-5.250852972699694
50,LH,Gaussian,4,2.973203659057617,0.8401344418525696,-2.1330692172050476,-2.5389617553369725
50,LH-E2E,Gaussian,4,1.6854170560836792,0.8401344418525696,-0.8452826142311096,-1.0061277958884627
75,MLP,Gaussian,4,6.211676120758057,1.1268813610076904,-5.084794759750366,-4.51227159814179
75,MLP-E2E,Gaussian,4,1.576629877090454,1.1268813610076904,-0.44974851608276367,-0.399109020385771
75,LH,Gaussian,4,2.9265079498291016,1.1268813610076904,-1.7996265888214111,-1.596997386851915
75,LH-E2E,Gaussian,4,1.4945552349090576,1.1268813610076904,-0.3676738739013672,-0.3262755837691577
5,MLP,Gaussian,4,6.257245063781738,1.4783542156219482,-4.77889084815979,-3.232574979433664
5,MLP-E2E,Gaussian,4,6.293337821960449,1.4783542156219482,-4.814983606338501,-3.2569891271374516
5,LH,Gaussian,4,3.2565529346466064,1.4783542156219482,-1.7781987190246582,-1.2028231801514258
5,LH-E2E,Gaussian,4,3.4909157752990723,1.4783542156219482,-2.012561559677124,-1.3613527383425041
10,MLP,Gaussian,4,6.226321220397949,1.0413709878921509,-5.184950232505798,-4.97896551064929
10,MLP-E2E,Gaussian,4,6.242726802825928,1.0413709878921509,-5.201355814933777,-4.9947193415306215
10,LH,Gaussian,4,3.2171149253845215,1.0413709878921509,-2.1757439374923706,-2.0893072332428955
10,LH-E2E,Gaussian,4,3.387669801712036,1.0413709878921509,-2.3462988138198853,-2.2530864035006886
20,MLP,Gaussian,4,6.207100868225098,0.791105329990387,-5.415995538234711,-6.846111804480603
20,MLP-E2E,Gaussian,4,6.204887390136719,0.791105329990387,-5.413782060146332,-6.843313848248395
20,LH,Gaussian,4,3.1803197860717773,0.791105329990387,-2.3892144560813904,-3.020096522558409
20,LH-E2E,Gaussian,4,3.313322067260742,0.791105329990387,-2.5222167372703552,-3.1882186121802563
50,MLP,Gaussian,4,6.187619686126709,0.8401344418525696,-5.347485244274139,-6.365035139474188
50,MLP-E2E,Gaussian,4,5.114573001861572,0.8401344418525696,-4.274438560009003,-5.087803031361854
50,LH,Gaussian,4,3.135613441467285,0.8401344418525696,-2.2954789996147156,-2.732275794518059
50,LH-E2E,Gaussian,4,1.8060580492019653,0.8401344418525696,-0.9659236073493958,-1.1497250430769748
75,MLP,Gaussian,4,6.181628704071045,1.1268813610076904,-5.0547473430633545,-4.485607374447342
75,MLP-E2E,Gaussian,4,1.5763709545135498,1.1268813610076904,-0.4494895935058594,-0.3988792512318356
75,LH,Gaussian,4,3.0933854579925537,1.1268813610076904,-1.9665040969848633,-1.745085299153726
75,LH-E2E,Gaussian,4,1.4898419380187988,1.1268813610076904,-0.3629605770111084,-0.3220929811870687
5,MLP,Gaussian,4,6.44205904006958,1.4783542156219482,-4.963704824447632,-3.357588304613036
5,MLP-E2E,Gaussian,4,6.4674201011657715,1.4783542156219482,-4.989065885543823,-3.374743233268292
5,LH,Gaussian,4,3.548642873764038,1.4783542156219482,-2.07028865814209,-1.4004009568648017
5,LH-E2E,Gaussian,4,3.97894024848938,1.4783542156219482,-2.5005860328674316,-1.6914660955023064
10,MLP,Gaussian,4,6.400341987609863,1.0413709878921509,-5.358970999717712,-5.14607288087107
10,MLP-E2E,Gaussian,4,6.409193515777588,1.0413709878921509,-5.367822527885437,-5.154572760616751
10,LH,Gaussian,4,3.5087151527404785,1.0413709878921509,-2.4673441648483276,-2.3693229344160076
10,LH-E2E,Gaussian,4,3.8736236095428467,1.0413709878921509,-2.832252621650696,-2.7197345178431425
20,MLP,Gaussian,4,6.379838943481445,0.791105329990387,-5.588733613491058,-7.064462090729396
20,MLP-E2E,Gaussian,4,6.375586032867432,0.791105329990387,-5.584480702877045,-7.059086181286257
20,LH,Gaussian,4,3.4721150398254395,0.791105329990387,-2.6810097098350525,-3.388941533066944
20,LH-E2E,Gaussian,4,3.8180530071258545,0.791105329990387,-3.0269476771354675,-3.8262258670059133
50,MLP,Gaussian,4,6.359819412231445,0.8401344418525696,-5.519684970378876,-6.570002008496985
50,MLP-E2E,Gaussian,4,5.379852294921875,0.8401344418525696,-4.539717853069305,-5.403561176540784
50,LH,Gaussian,4,3.4254722595214844,0.8401344418525696,-2.585337817668915,-3.077290596452658
50,LH-E2E,Gaussian,4,2.0264101028442383,0.8401344418525696,-1.1862756609916687,-1.412006938289338
75,MLP,Gaussian,4,6.354588985443115,1.1268813610076904,-5.227707624435425,-4.639093169276182
75,MLP-E2E,Gaussian,4,1.5935137271881104,1.1268813610076904,-0.4666323661804199,-0.41409183107185615
75,LH,Gaussian,4,3.3827195167541504,1.1268813610076904,-2.25583815574646,-2.0018417499861947
75,LH-E2E,Gaussian,4,1.5037362575531006,1.1268813610076904,-0.37685489654541016,-0.33442286791256837
5,MLP,Mean,4,6.199501037597656,1.4783542156219482,-4.721146821975708,-3.1935153105303025
5,MLP-E2E,Mean,4,5.589611530303955,1.4783542156219482,-4.111257314682007,-2.780969047362163
5,LH,Mean,4,2.584791421890259,1.4783542156219482,-1.1064372062683105,-0.7484249678300737
5,LH-E2E,Mean,4,1.987760305404663,1.4783542156219482,-0.5094060897827148,-0.34457647862721863
10,MLP,Mean,4,6.165079116821289,1.0413709878921509,-5.123708128929138,-4.920156398153636
10,MLP-E2E,Mean,4,5.515297889709473,1.0413709878921509,-4.473926901817322,-4.296189306054167
10,LH,Mean,4,2.517411470413208,1.0413709878921509,-1.4760404825210571,-1.4174011948505738
10,LH-E2E,Mean,4,1.9033235311508179,1.0413709878921509,-0.861952543258667,-0.827709388181971
20,MLP,Mean,4,6.137442111968994,0.791105329990387,-5.346336781978607,-6.758059362390559
20,MLP-E2E,Mean,4,5.455173015594482,0.791105329990387,-4.6640676856040955,-5.895634258538961
20,LH,Mean,4,2.381387233734131,0.791105329990387,-1.590281903743744,-2.010202489424598
20,LH-E2E,Mean,4,1.727028250694275,0.791105329990387,-0.9359229207038879,-1.1830572810263593
50,MLP,Mean,4,6.116476058959961,0.8401344418525696,-5.276341617107391,-6.280353898445823
50,MLP-E2E,Mean,4,2.1937711238861084,0.8401344418525696,-1.3536366820335388,-1.6112143659396372
50,LH,Mean,4,2.251274347305298,0.8401344418525696,-1.4111399054527283,-1.6796596296433723
50,LH-E2E,Mean,4,1.5846530199050903,0.8401344418525696,-0.7445185780525208,-0.8861898060157997
75,MLP,Mean,4,6.108516216278076,1.1268813610076904,-4.981634855270386,-4.420726997219709
75,MLP-E2E,Mean,4,1.3542938232421875,1.1268813610076904,-0.22741246223449707,-0.20180692493763333
75,LH,Mean,4,2.239719867706299,1.1268813610076904,-1.1128385066986084,-0.987538302793007
75,LH-E2E,Mean,4,1.2438255548477173,1.1268813610076904,-0.11694419384002686,-0.10377684633584845
5,MLP,Mean,4,6.00553560256958,1.4783542156219482,-4.527181386947632,-3.062311683565655
5,MLP-E2E,Mean,4,5.274234294891357,1.4783542156219482,-3.795880079269409,-2.567639094310338
5,LH,Mean,4,2.652012586593628,1.4783542156219482,-1.1736583709716797,-0.7938952373994604
5,LH-E2E,Mean,4,1.9643951654434204,1.4783542156219482,-0.48604094982147217,-0.3287716466631735
10,MLP,Mean,4,5.959941387176514,1.0413709878921509,-4.918570399284363,-4.72316826229247
10,MLP-E2E,Mean,4,5.166843414306641,1.0413709878921509,-4.12547242641449,-3.9615780297134053
10,LH,Mean,4,2.586050510406494,1.0413709878921509,-1.5446795225143433,-1.4833133825256108
10,LH-E2E,Mean,4,1.8962979316711426,1.0413709878921509,-0.8549269437789917,-0.8209628976792004
20,MLP,Mean,4,5.921158313751221,0.791105329990387,-5.130052983760834,-6.484664922966922
20,MLP-E2E,Mean,4,5.050420761108398,0.791105329990387,-4.2593154311180115,-5.3840054789793514
20,LH,Mean,4,2.4574902057647705,0.791105329990387,-1.6663848757743835,-2.1064007694078266
20,LH-E2E,Mean,4,1.771809458732605,0.791105329990387,-0.980704128742218,-1.2396631542782488
50,MLP,Mean,4,5.888163089752197,0.8401344418525696,-5.048028647899628,-6.008596239392692
50,MLP-E2E,Mean,4,1.7697534561157227,0.8401344418525696,-0.9296190142631531,-1.1065122056099286
50,LH,Mean,4,2.3269143104553223,0.8401344418525696,-1.4867798686027527,-1.7696927950296546
50,LH-E2E,Mean,4,1.6062591075897217,0.8401344418525696,-0.7661246657371521,-0.9119072229056346
75,MLP,Mean,4,5.880473613739014,1.1268813610076904,-4.753592252731323,-4.21836088271131
75,MLP-E2E,Mean,4,1.3366936445236206,1.1268813610076904,-0.20981228351593018,-0.18618844074970756
75,LH,Mean,4,2.3168797492980957,1.1268813610076904,-1.1899983882904053,-1.0560103569609793
75,LH-E2E,Mean,4,1.250990390777588,1.1268813610076904,-0.12410902976989746,-0.11013495658399702
5,MLP,Mean,4,5.951073169708252,1.4783542156219482,-4.472718954086304,-3.0254717758589518
5,MLP-E2E,Mean,4,4.663253307342529,1.4783542156219482,-3.184899091720581,-2.1543545234730392
5,LH,Mean,4,2.7052974700927734,1.4783542156219482,-1.2269432544708252,-0.8299386178938492
5,LH-E2E,Mean,4,1.9212353229522705,1.4783542156219482,-0.44288110733032227,-0.29957712613820414
10,MLP,Mean,4,5.9132513999938965,1.0413709878921509,-4.871880412101746,-4.678333148077196
10,MLP-E2E,Mean,4,4.501932144165039,1.0413709878921509,-3.460561156272888,-3.323081972234932
10,LH,Mean,4,2.6304972171783447,1.0413709878921509,-1.5891262292861938,-1.5259943360845492
10,LH-E2E,Mean,4,1.8856415748596191,1.0413709878921509,-0.8442705869674683,-0.810729890484432
20,MLP,Mean,4,5.885464191436768,0.791105329990387,-5.094358861446381,-6.439545618417568
20,MLP-E2E,Mean,4,4.383764266967773,0.791105329990387,-3.5926589369773865,-4.54131555025807
20,LH,Mean,4,2.495974540710449,0.791105329990387,-1.7048692107200623,-2.1550470538996103
20,LH-E2E,Mean,4,1.7627522945404053,0.791105329990387,-0.9716469645500183,-1.228214408012932
50,MLP,Mean,4,5.858466625213623,0.8401344418525696,-5.0183321833610535,-5.9732489627436225
50,MLP-E2E,Mean,4,1.7482495307922363,0.8401344418525696,-0.9081150889396667,-1.0809163911161574
50,LH,Mean,4,2.36751651763916,0.8401344418525696,-1.5273820757865906,-1.8180210210387044
50,LH-E2E,Mean,4,1.6044329404830933,0.8401344418525696,-0.7642984986305237,-0.9097335623393549
75,MLP,Mean,4,5.851911544799805,1.1268813610076904,-4.725030183792114,-4.193014763831797
75,MLP-E2E,Mean,4,1.3438401222229004,1.1268813610076904,-0.21695876121520996,-0.1925302598147502
75,LH,Mean,4,2.354585886001587,1.1268813610076904,-1.2277045249938965,-1.089470966043885
75,LH-E2E,Mean,4,1.2517192363739014,1.1268813610076904,-0.12483787536621094,-0.11078173771068255
5,MLP,Mean,4,5.96812629699707,1.4783542156219482,-4.489772081375122,-3.0370069865064515
5,MLP-E2E,Mean,4,4.922994613647461,1.4783542156219482,-3.4446403980255127,-2.330050783246383
5,LH,Mean,4,2.709038734436035,1.4783542156219482,-1.230684518814087,-0.8324693133819313
5,LH-E2E,Mean,4,1.9236886501312256,1.4783542156219482,-0.44533443450927734,-0.30123662502759785
10,MLP,Mean,4,5.920093536376953,1.0413709878921509,-4.878722548484802,-4.684903463999772
10,MLP-E2E,Mean,4,4.757641792297363,1.0413709878921509,-3.7162708044052124,-3.5686329344812573
10,LH,Mean,4,2.6467535495758057,1.0413709878921509,-1.6053825616836548,-1.5416048462547676
10,LH-E2E,Mean,4,1.8950695991516113,1.0413709878921509,-0.8536986112594604,-0.8197833636478006
20,MLP,Mean,4,5.882663726806641,0.791105329990387,-5.091558396816254,-6.436005679393063
20,MLP-E2E,Mean,4,4.625969409942627,0.791105329990387,-3.83486407995224,-4.847475973899504
20,LH,Mean,4,2.5213284492492676,0.791105329990387,-1.7302231192588806,-2.1870957679932523
20,LH-E2E,Mean,4,1.7727488279342651,0.791105329990387,-0.9816434979438782,-1.240850567845127
50,MLP,Mean,4,5.853603839874268,0.8401344418525696,-5.013469398021698,-5.967460858962717
50,MLP-E2E,Mean,4,1.7405256032943726,0.8401344418525696,-0.900391161441803,-1.0717227107799105
50,LH,Mean,4,2.388396978378296,0.8401344418525696,-1.5482625365257263,-1.842874734562331
50,LH-E2E,Mean,4,1.6158840656280518,0.8401344418525696,-0.7757496237754822,-0.9233636726818231
75,MLP,Mean,4,5.843846321105957,1.1268813610076904,-4.716964960098267,-4.185857645103135
75,MLP-E2E,Mean,4,1.3324859142303467,1.1268813610076904,-0.20560455322265625,-0.18245448042445092
75,LH,Mean,4,2.381596326828003,1.1268813610076904,-1.2547149658203125,-1.1134401625902388
75,LH-E2E,Mean,4,1.249050498008728,1.1268813610076904,-0.1221691370010376,-0.10841348630683745
5,MLP,Mean,4,5.8715500831604,1.4783542156219482,-4.393195867538452,-2.971680143442633
5,MLP-E2E,Mean,4,4.6271185874938965,1.4783542156219482,-3.1487643718719482,-2.1299119917260514
5,LH,Mean,4,2.303206205368042,1.4783542156219482,-0.8248519897460938,-0.5579528782951898
5,LH-E2E,Mean,4,2.1869261264801025,1.4783542156219482,-0.7085719108581543,-0.4792977916730571
10,MLP,Mean,4,5.831210136413574,1.0413709878921509,-4.789839148521423,-4.5995511726484555
10,MLP-E2E,Mean,4,4.450186729431152,1.0413709878921509,-3.4088157415390015,-3.273392269587631
10,LH,Mean,4,2.2359774112701416,1.0413709878921509,-1.1946064233779907,-1.14714778620442
10,LH-E2E,Mean,4,2.1153271198272705,1.0413709878921509,-1.0739561319351196,-1.031290620174588
20,MLP,Mean,4,5.800800800323486,0.791105329990387,-5.009695470333099,-6.33252650490166
20,MLP-E2E,Mean,4,4.3377861976623535,0.791105329990387,-3.5466808676719666,-4.483196779517417
20,LH,Mean,4,2.0998494625091553,0.791105329990387,-1.3087441325187683,-1.654323492593169
20,LH-E2E,Mean,4,1.76576828956604,0.791105329990387,-0.9746629595756531,-1.2320267891350152
50,MLP,Mean,4,5.773801326751709,0.8401344418525696,-4.933666884899139,-5.872473069929111
50,MLP-E2E,Mean,4,1.7529574632644653,0.8401344418525696,-0.9128230214118958,-1.0865201757459693
50,LH,Mean,4,1.9693855047225952,0.8401344418525696,-1.1292510628700256,-1.344131375425972
50,LH-E2E,Mean,4,1.5658915042877197,0.8401344418525696,-0.7257570624351501,-0.8638582425388878
75,MLP,Mean,4,5.768887996673584,1.1268813610076904,-4.6420066356658936,-4.119339263465033
75,MLP-E2E,Mean,4,1.331979751586914,1.1268813610076904,-0.20509839057922363,-0.18200530923310207
75,LH,Mean,4,1.9600248336791992,1.1268813610076904,-0.8331434726715088,-0.7393355693863704
75,LH-E2E,Mean,4,1.2314071655273438,1.1268813610076904,-0.10452580451965332,-0.09275670725992244
5,MLP,Mean,4,6.320917129516602,1.4783542156219482,-4.842562913894653,-3.275644539530989
5,MLP-E2E,Mean,4,5.768031597137451,1.4783542156219482,-4.289677381515503,-2.901657353958856
5,LH,Mean,4,2.229417324066162,1.4783542156219482,-0.7510631084442139,-0.5080400221460046
5,LH-E2E,Mean,4,2.2542965412139893,1.4783542156219482,-0.775942325592041,-0.5248690181233728
10,MLP,Mean,4,6.286152362823486,1.0413709878921509,-5.2447813749313354,-5.03641971584723
10,MLP-E2E,Mean,4,5.652470588684082,1.0413709878921509,-4.611099600791931,-4.427912486908535
10,LH,Mean,4,2.1533164978027344,1.0413709878921509,-1.1119455099105835,-1.067770777983054
10,LH-E2E,Mean,4,2.0789072513580322,1.0413709878921509,-1.0375362634658813,-0.9963176193010413
20,MLP,Mean,4,6.261015892028809,0.791105329990387,-5.469910562038422,-6.914263315739371
20,MLP-E2E,Mean,4,5.624812126159668,0.791105329990387,-4.833706796169281,-6.110067285513065
20,LH,Mean,4,2.009108066558838,0.791105329990387,-1.218002736568451,-1.5396214516507574
20,LH-E2E,Mean,4,1.7613223791122437,0.791105329990387,-0.9702170491218567,-1.226406917437462
50,MLP,Mean,4,6.240407943725586,0.8401344418525696,-5.400273501873016,-6.427868246854567
50,MLP-E2E,Mean,4,2.3903849124908447,0.8401344418525696,-1.5502504706382751,-1.8452409440801378
50,LH,Mean,4,1.8930667638778687,0.8401344418525696,-1.052932322025299,-1.2532902706660753
50,LH-E2E,Mean,4,1.5481359958648682,0.8401344418525696,-0.7080015540122986,-0.8427241150250828
75,MLP,Mean,4,6.236808776855469,1.1268813610076904,-5.109927415847778,-4.534574439387596
75,MLP-E2E,Mean,4,1.3529359102249146,1.1268813610076904,-0.22605454921722412,-0.20060190632231195
75,LH,Mean,4,1.8814972639083862,1.1268813610076904,-0.7546159029006958,-0.6696498220770074
75,LH-E2E,Mean,4,1.217093825340271,1.1268813610076904,-0.09021246433258057,-0.08005497956937536
5,MLP,Mean,4,5.7701096534729,1.4783542156219482,-4.291755437850952,-2.903063009189173
5,MLP-E2E,Mean,4,4.4156904220581055,1.4783542156219482,-2.9373362064361572,-1.9868960871467538
5,LH,Mean,4,2.645554780960083,1.4783542156219482,-1.1672005653381348,-0.7895269976600905
5,LH-E2E,Mean,4,1.9463714361190796,1.4783542156219482,-0.46801722049713135,-0.31657989374368917
10,MLP,Mean,4,5.72628116607666,1.0413709878921509,-4.684910178184509,-4.498790760118333
10,MLP-E2E,Mean,4,4.239438056945801,1.0413709878921509,-3.19806706905365,-3.0710160991971636
10,LH,Mean,4,2.57485294342041,1.0413709878921509,-1.5334819555282593,-1.4725606660429391
10,LH-E2E,Mean,4,1.9128153324127197,1.0413709878921509,-0.8714443445205688,-0.836824104620456
20,MLP,Mean,4,5.689404010772705,0.791105329990387,-4.898298680782318,-6.191714927318008
20,MLP-E2E,Mean,4,4.095489978790283,0.791105329990387,-3.3043846487998962,-4.1769212310073165
20,LH,Mean,4,2.4461989402770996,0.791105329990387,-1.6550936102867126,-2.0921279980591514
20,LH-E2E,Mean,4,1.7586568593978882,0.791105329990387,-0.9675515294075012,-1.223037556097945
50,MLP,Mean,4,5.655481338500977,0.8401344418525696,-4.815346896648407,-5.731638481610333
50,MLP-E2E,Mean,4,1.8270442485809326,0.8401344418525696,-0.986909806728363,-1.1747046157899932
50,LH,Mean,4,2.3139021396636963,0.8401344418525696,-1.4737676978111267,-1.7542045943996065
50,LH-E2E,Mean,4,1.6057027578353882,0.8401344418525696,-0.7655683159828186,-0.9112450077569416
75,MLP,Mean,4,5.650453567504883,1.1268813610076904,-4.523572206497192,-4.0142399750512165
75,MLP-E2E,Mean,4,1.332820177078247,1.1268813610076904,-0.20593881607055664,-0.18275110690126253
75,LH,Mean,4,2.3004729747772217,1.1268813610076904,-1.1735916137695312,-1.0414509054618413
75,LH-E2E,Mean,4,1.240042805671692,1.1268813610076904,-0.11316144466400146,-0.10042001632080344
5,MLP,Mean,4,6.611077308654785,1.4783542156219482,-5.132723093032837,-3.471916972803087
5,MLP-E2E,Mean,4,6.5298542976379395,1.4783542156219482,-5.051500082015991,-3.416975464091202
5,LH,Mean,4,2.7546465396881104,1.4783542156219482,-1.276292324066162,-0.863319704154408
5,LH-E2E,Mean,4,1.971248745918274,1.4783542156219482,-0.4928945302963257,-0.3334075995372756
10,MLP,Mean,4,6.55759859085083,1.0413709878921509,-5.516227602958679,-5.297082084189928
10,MLP-E2E,Mean,4,6.454572677612305,1.0413709878921509,-5.413201689720154,-5.1981491251999135
10,LH,Mean,4,2.6902382373809814,1.0413709878921509,-1.6488672494888306,-1.5833619993834462
10,LH-E2E,Mean,4,1.9043751955032349,1.0413709878921509,-0.863004207611084,-0.828719272617628
20,MLP,Mean,4,6.520077228546143,0.791105329990387,-5.728971898555756,-7.2417308813042265
20,MLP-E2E,Mean,4,6.395689487457275,0.791105329990387,-5.604584157466888,-7.0844980371134545
20,LH,Mean,4,2.569556951522827,0.791105329990387,-1.7784516215324402,-2.248059207936383
20,LH-E2E,Mean,4,1.7755510807037354,0.791105329990387,-0.9844457507133484,-1.244392767174645
50,MLP,Mean,4,6.484364986419678,0.8401344418525696,-5.644230544567108,-6.7182468226407765
50,MLP-E2E,Mean,4,3.7223572731018066,0.8401344418525696,-2.882222831249237,-3.4306685783452524
50,LH,Mean,4,2.4383153915405273,0.8401344418525696,-1.5981809496879578,-1.9022919071902702
50,LH-E2E,Mean,4,1.6205549240112305,0.8401344418525696,-0.7804204821586609,-0.9289233285541368
75,MLP,Mean,4,6.47675085067749,1.1268813610076904,-5.3498694896698,-4.74750020258192
75,MLP-E2E,Mean,4,1.3698023557662964,1.1268813610076904,-0.24292099475860596,-0.21556927212051752
75,LH,Mean,4,2.4265966415405273,1.1268813610076904,-1.299715280532837,-1.1533736607113576
75,LH-E2E,Mean,4,1.2510110139846802,1.1268813610076904,-0.12412965297698975,-0.11015325771826535
5,MLP,Mean,4,6.196500301361084,1.4783542156219482,-4.718146085739136,-3.1914855288955204
5,MLP-E2E,Mean,4,5.3125200271606445,1.4783542156219482,-3.8341658115386963,-2.5935366308172974
5,LH,Mean,4,2.4412548542022705,1.4783542156219482,-0.9629006385803223,-0.65133283241948
5,LH-E2E,Mean,4,2.132408857345581,1.4783542156219482,-0.6540546417236328,-0.442420791182626
10,MLP,Mean,4,6.157042026519775,1.0413709878921509,-5.1156710386276245,-4.912438600754861
10,MLP-E2E,Mean,4,5.173961162567139,1.0413709878921509,-4.132590174674988,-3.9684130081632136
10,LH,Mean,4,2.369945764541626,1.0413709878921509,-1.328574776649475,-1.2757939217594838
10,LH-E2E,Mean,4,2.0019826889038086,1.0413709878921509,-0.9606117010116577,-0.9224490716378043
20,MLP,Mean,4,6.127355098724365,0.791105329990387,-5.336249768733978,-6.745308831124701
20,MLP-E2E,Mean,4,5.0634660720825195,0.791105329990387,-4.272360742092133,-5.40049545885887
20,LH,Mean,4,2.220416784286499,0.791105329990387,-1.429311454296112,-1.8067271197799668
20,LH-E2E,Mean,4,1.7429513931274414,0.791105329990387,-0.9518460631370544,-1.203184995793949
50,MLP,Mean,4,6.104952335357666,0.8401344418525696,-5.264817893505096,-6.266637375198801
50,MLP-E2E,Mean,4,1.8258378505706787,0.8401344418525696,-0.9857034087181091,-1.1732686575074192
50,LH,Mean,4,2.086696147918701,0.8401344418525696,-1.2465617060661316,-1.4837645547745364
50,LH-E2E,Mean,4,1.5700994729995728,0.8401344418525696,-0.7299650311470032,-0.8688669274614748
75,MLP,Mean,4,6.098349571228027,1.1268813610076904,-4.971468210220337,-4.411705066959936
75,MLP-E2E,Mean,4,1.3463910818099976,1.1268813610076904,-0.21950972080230713,-0.19479399375814957
75,LH,Mean,4,2.0759599208831787,1.1268813610076904,-0.9490785598754883,-0.8422169295859099
75,LH-E2E,Mean,4,1.2355082035064697,1.1268813610076904,-0.1086268424987793,-0.09639598830673886
5,MLP,Mean,4,6.448399543762207,1.4783542156219482,-4.970045328140259,-3.3618771980498225
5,MLP-E2E,Mean,4,6.024633884429932,1.4783542156219482,-4.546279668807983,-3.0752302937732345
5,LH,Mean,4,2.14790678024292,1.4783542156219482,-0.6695525646209717,-0.45290401822900667
5,LH-E2E,Mean,4,2.1719002723693848,1.4783542156219482,-0.6935460567474365,-0.4691338851126822
10,MLP,Mean,4,6.403323650360107,1.0413709878921509,-5.3619526624679565,-5.148936089837817
10,MLP-E2E,Mean,4,5.9318928718566895,1.0413709878921509,-4.890521883964539,-4.696234042263354
10,LH,Mean,4,2.080533027648926,1.0413709878921509,-1.039162039756775,-0.997878807686157
10,LH-E2E,Mean,4,2.1008684635162354,1.0413709878921509,-1.0594974756240845,-1.0174063690487707
20,MLP,Mean,4,6.368314743041992,0.791105329990387,-5.577209413051605,-7.049894876981016
20,MLP-E2E,Mean,4,5.873815059661865,0.791105329990387,-5.082709729671478,-6.4248204846922725
20,LH,Mean,4,1.933279275894165,0.791105329990387,-1.142173945903778,-1.4437697517695363
20,LH-E2E,Mean,4,1.7799278497695923,0.791105329990387,-0.9888225197792053,-1.249925240411692
50,MLP,Mean,4,6.342180252075195,0.8401344418525696,-5.502045810222626,-6.549006368659445
50,MLP-E2E,Mean,4,2.9111804962158203,0.8401344418525696,-2.0710460543632507,-2.4651364724393563
50,LH,Mean,4,1.8316848278045654,0.8401344418525696,-0.9915503859519958,-1.1802282308121317
50,LH-E2E,Mean,4,1.5308921337127686,0.8401344418525696,-0.690757691860199,-0.8221989927433735
75,MLP,Mean,4,6.3369598388671875,1.1268813610076904,-5.210078477859497,-4.6234489788707585
75,MLP-E2E,Mean,4,1.3619747161865234,1.1268813610076904,-0.235093355178833,-0.2086229866901034
75,LH,Mean,4,1.8260878324508667,1.1268813610076904,-0.6992064714431763,-0.6204792231348341
75,LH-E2E,Mean,4,1.2030184268951416,1.1268813610076904,-0.07613706588745117,-0.06756440253778549
5,MLP,PseudoFeature,4,3.030327558517456,1.4783542156219482,-1.5519733428955078,-1.0497980297926013
5,MLP-E2E,PseudoFeature,4,1.2044554948806763,1.4783542156219482,0.273898720741272,0.18527272953054888
5,LH,PseudoFeature,4,1.1357232332229614,1.4783542156219482,0.3426309823989868,0.2317651472010995
5,LH-E2E,PseudoFeature,4,1.439574956893921,1.4783542156219482,0.038779258728027344,0.02623137156051115
10,MLP,PseudoFeature,4,2.8646023273468018,1.0413709878921509,-1.8232313394546509,-1.7507990530301514
10,MLP-E2E,PseudoFeature,4,0.9717212319374084,1.0413709878921509,0.06964975595474243,0.06688275049386691
10,LH,PseudoFeature,4,0.8802281022071838,1.0413709878921509,0.16114288568496704,0.1547410937682621
10,LH-E2E,PseudoFeature,4,1.119163155555725,1.0413709878921509,-0.07779216766357422,-0.07470168515164236
20,MLP,PseudoFeature,4,2.759465456008911,0.791105329990387,-1.9683601260185242,-2.4881138470428996
20,MLP-E2E,PseudoFeature,4,0.869714617729187,0.791105329990387,-0.07860928773880005,-0.09936639883307986
20,LH,PseudoFeature,4,0.8244763612747192,0.791105329990387,-0.033371031284332275,-0.04218279161984382
20,LH-E2E,PseudoFeature,4,1.0169477462768555,0.791105329990387,-0.2258424162864685,-0.28547705055812583
50,MLP,PseudoFeature,4,2.6960132122039795,0.8401344418525696,-1.85587877035141,-2.20902593430051
50,MLP-E2E,PseudoFeature,4,0.8912476301193237,0.8401344418525696,-0.05111318826675415,-0.06083929633219788
50,LH,PseudoFeature,4,0.8118370175361633,0.8401344418525696,0.02829742431640625,0.03368201909923841
50,LH-E2E,PseudoFeature,4,0.8073875308036804,0.8401344418525696,0.03274691104888916,0.03897817946456209
75,MLP,PseudoFeature,4,2.6752429008483887,1.1268813610076904,-1.5483615398406982,-1.374023560435952
75,MLP-E2E,PseudoFeature,4,0.8733832240104675,1.1268813610076904,0.2534981369972229,0.22495547958175244
75,LH,PseudoFeature,4,0.8112925291061401,1.1268813610076904,0.3155888319015503,0.280055064198898
75,LH-E2E,PseudoFeature,4,0.779795229434967,1.1268813610076904,0.3470861315727234,0.30800592110455066
5,MLP,PseudoFeature,4,3.651444673538208,1.4783542156219482,-2.1730904579162598,-1.4699389597925514
5,MLP-E2E,PseudoFeature,4,2.3812122344970703,1.4783542156219482,-0.9028580188751221,-0.6107183307860268
5,LH,PseudoFeature,4,1.0218714475631714,1.4783542156219482,0.45648276805877686,0.3087776685959752
5,LH-E2E,PseudoFeature,4,1.0102976560592651,1.4783542156219482,0.4680565595626831,0.31660650378418964
10,MLP,PseudoFeature,4,3.523263931274414,1.0413709878921509,-2.481892943382263,-2.383293727440868
10,MLP-E2E,PseudoFeature,4,2.131409168243408,1.0413709878921509,-1.0900381803512573,-1.0467337702172923
10,LH,PseudoFeature,4,0.8729673624038696,1.0413709878921509,0.16840362548828125,0.16171338307508323
10,LH-E2E,PseudoFeature,4,0.8159756064414978,1.0413709878921509,0.22539538145065308,0.2164410033228197
20,MLP,PseudoFeature,4,3.4569413661956787,0.791105329990387,-2.6658360362052917,-3.369761187473842
20,MLP-E2E,PseudoFeature,4,2.069917678833008,0.791105329990387,-1.2788123488426208,-1.6164880962920074
20,LH,PseudoFeature,4,0.8169887661933899,0.791105329990387,-0.02588343620300293,-0.03271806575151939
20,LH-E2E,PseudoFeature,4,0.8285809755325317,0.791105329990387,-0.037475645542144775,-0.047371246433897944
50,MLP,PseudoFeature,4,3.4109461307525635,0.8401344418525696,-2.570811688899994,-3.0600003533138462
50,MLP-E2E,PseudoFeature,4,0.8750718235969543,0.8401344418525696,-0.034937381744384766,-0.04158546537783262
50,LH,PseudoFeature,4,0.8120126128196716,0.8401344418525696,0.02812182903289795,0.03347301054684399
50,LH-E2E,PseudoFeature,4,0.8336711525917053,0.8401344418525696,0.006463289260864258,0.007693160688201453
75,MLP,PseudoFeature,4,3.4040024280548096,1.1268813610076904,-2.277121067047119,-2.020728308977309
75,MLP-E2E,PseudoFeature,4,0.8140110373497009,1.1268813610076904,0.3128703236579895,0.2776426467629313
75,LH,PseudoFeature,4,0.8109450340270996,1.1268813610076904,0.3159363269805908,0.28036343302197425
75,LH-E2E,PseudoFeature,4,0.7967221140861511,1.1268813610076904,0.3301592469215393,0.29298492134637955
5,MLP,PseudoFeature,4,3.6765849590301514,1.4783542156219482,-2.198230743408203,-1.486944549675059
5,MLP-E2E,PseudoFeature,4,1.615003228187561,1.4783542156219482,-0.1366490125656128,-0.09243320113787759
5,LH,PseudoFeature,4,1.1490529775619507,1.4783542156219482,0.32930123805999756,0.2227485365687272
5,LH-E2E,PseudoFeature,4,0.9057698845863342,1.4783542156219482,0.572584331035614,0.38731200207977623
10,MLP,PseudoFeature,4,3.5496082305908203,1.0413709878921509,-2.5082372426986694,-2.4085914355801448
10,MLP-E2E,PseudoFeature,4,1.3630645275115967,1.0413709878921509,-0.3216935396194458,-0.30891348362852783
10,LH,PseudoFeature,4,0.9180777072906494,1.0413709878921509,0.12329328060150146,0.11839515603470055
10,LH-E2E,PseudoFeature,4,0.8296451568603516,1.0413709878921509,0.21172583103179932,0.20331450894397934
20,MLP,PseudoFeature,4,3.455845832824707,0.791105329990387,-2.66474050283432,-3.36837637393582
20,MLP-E2E,PseudoFeature,4,1.1806086301803589,0.791105329990387,-0.3895033001899719,-0.49235327512545635
20,LH,PseudoFeature,4,0.840559720993042,0.791105329990387,-0.04945439100265503,-0.06251302971660673
20,LH-E2E,PseudoFeature,4,0.812075674533844,0.791105329990387,-0.02097034454345703,-0.026507651697545574
50,MLP,PseudoFeature,4,3.395815372467041,0.8401344418525696,-2.5556809306144714,-3.0419904283164163
50,MLP-E2E,PseudoFeature,4,0.8263943195343018,0.8401344418525696,0.013740122318267822,0.016354670911919354
50,LH,PseudoFeature,4,0.8128932118415833,0.8401344418525696,0.027241230010986328,0.032424846136431505
50,LH-E2E,PseudoFeature,4,0.8296023011207581,0.8401344418525696,0.010532140731811523,0.012536256350337496
75,MLP,PseudoFeature,4,3.3854353427886963,1.1268813610076904,-2.258553981781006,-2.0042517872168375
75,MLP-E2E,PseudoFeature,4,0.8318634033203125,1.1268813610076904,0.29501795768737793,0.26180037038110576
75,LH,PseudoFeature,4,0.8113998770713806,1.1268813610076904,0.3154814839363098,0.2799598030924897
75,LH-E2E,PseudoFeature,4,0.8045896887779236,1.1268813610076904,0.32229167222976685,0.2860031973033649
5,MLP,PseudoFeature,4,3.6917779445648193,1.4783542156219482,-2.213423728942871,-1.497221508589318
5,MLP-E2E,PseudoFeature,4,2.32188081741333,1.4783542156219482,-0.8435266017913818,-0.5705849064302276
5,LH,PseudoFeature,4,1.1680635213851929,1.4783542156219482,0.31029069423675537,0.20988927481511263
5,LH-E2E,PseudoFeature,4,1.1843857765197754,1.4783542156219482,0.29396843910217285,0.19884844646551733
10,MLP,PseudoFeature,4,3.5826005935668945,1.0413709878921509,-2.5412296056747437,-2.4402730969281863
10,MLP-E2E,PseudoFeature,4,2.111359119415283,1.0413709878921509,-1.0699881315231323,-1.0274802582016478
10,LH,PseudoFeature,4,0.9282137155532837,1.0413709878921509,0.11315727233886719,0.10866182528083476
10,LH-E2E,PseudoFeature,4,0.8833958506584167,1.0413709878921509,0.15797513723373413,0.15169919180626795
20,MLP,PseudoFeature,4,3.4922854900360107,0.791105329990387,-2.701180160045624,-3.4144380749886327
20,MLP-E2E,PseudoFeature,4,1.9300230741500854,0.791105329990387,-1.1389177441596985,-1.4396537363406943
20,LH,PseudoFeature,4,0.841256320476532,0.791105329990387,-0.05015099048614502,-0.06339356920620726
20,LH-E2E,PseudoFeature,4,0.8365597128868103,0.791105329990387,-0.04545438289642334,-0.05745680274581853
50,MLP,PseudoFeature,4,3.444380283355713,0.8401344418525696,-2.6042458415031433,-3.0997965465628985
50,MLP-E2E,PseudoFeature,4,0.8517722487449646,0.8401344418525696,-0.01163780689239502,-0.013852314954178812
50,LH,PseudoFeature,4,0.8135890960693359,0.8401344418525696,0.026545345783233643,0.0315965451013993
50,LH-E2E,PseudoFeature,4,0.8826905488967896,0.8401344418525696,-0.04255610704421997,-0.05065392504368711
75,MLP,PseudoFeature,4,3.43277645111084,1.1268813610076904,-2.3058950901031494,-2.046262516970864
75,MLP-E2E,PseudoFeature,4,0.8153687715530396,1.1268813610076904,0.3115125894546509,0.2764377868279649
75,LH,PseudoFeature,4,0.8108476996421814,1.1268813610076904,0.31603366136550903,0.2804498080285066
75,LH-E2E,PseudoFeature,4,0.805485725402832,1.1268813610076904,0.3213956356048584,0.2852080500448219
5,MLP,PseudoFeature,4,3.4207565784454346,1.4783542156219482,-1.9424023628234863,-1.3138951019301632
5,MLP-E2E,PseudoFeature,4,1.399601936340332,1.4783542156219482,0.07875227928161621,0.053270236895482374
5,LH,PseudoFeature,4,1.221268892288208,1.4783542156219482,0.25708532333374023,0.1738996788571294
5,LH-E2E,PseudoFeature,4,2.5947468280792236,1.4783542156219482,-1.1163926124572754,-0.7551590820793956
10,MLP,PseudoFeature,4,3.28337025642395,1.0413709878921509,-2.2419992685317993,-2.1529304105829294
10,MLP-E2E,PseudoFeature,4,1.1460739374160767,1.0413709878921509,-0.10470294952392578,-0.10054337094204635
10,LH,PseudoFeature,4,0.9653967618942261,1.0413709878921509,0.0759742259979248,0.0729559656272977
10,LH-E2E,PseudoFeature,4,2.3071517944335938,1.0413709878921509,-1.2657808065414429,-1.215494594393802
20,MLP,PseudoFeature,4,3.2017874717712402,0.791105329990387,-2.4106821417808533,-3.047232840423596
20,MLP-E2E,PseudoFeature,4,0.9874481558799744,0.791105329990387,-0.1963428258895874,-0.24818796997862883
20,LH,PseudoFeature,4,0.8469915390014648,0.791105329990387,-0.05588620901107788,-0.07064319616170071
20,LH-E2E,PseudoFeature,4,2.220693588256836,0.791105329990387,-1.429588258266449,-1.8070770149959936
50,MLP,PseudoFeature,4,3.1541686058044434,0.8401344418525696,-2.314034163951874,-2.7543617410199577
50,MLP-E2E,PseudoFeature,4,0.8264690041542053,0.8401344418525696,0.013665437698364258,0.016265774877924036
50,LH,PseudoFeature,4,0.8156373500823975,0.8401344418525696,0.02449709177017212,0.02915853766946383
50,LH-E2E,PseudoFeature,4,0.8383702039718628,0.8401344418525696,0.0017642378807067871,0.002099947095153591
75,MLP,PseudoFeature,4,3.137406587600708,1.1268813610076904,-2.0105252265930176,-1.7841498636512603
75,MLP-E2E,PseudoFeature,4,0.8114603161811829,1.1268813610076904,0.31542104482650757,0.27990616913252414
75,LH,PseudoFeature,4,0.8118666410446167,1.1268813610076904,0.31501471996307373,0.27954559447267663
75,LH-E2E,PseudoFeature,4,0.8057029843330383,1.1268813610076904,0.3211783766746521,0.2850152534135847
5,MLP,PseudoFeature,4,4.19606876373291,1.4783542156219482,-2.717714548110962,-1.8383378755866102
5,MLP-E2E,PseudoFeature,4,2.8618621826171875,1.4783542156219482,-1.3835079669952393,-0.9358433536263115
5,LH,PseudoFeature,4,1.1329597234725952,1.4783542156219482,0.345394492149353,0.23363446222801515
5,LH-E2E,PseudoFeature,4,1.0621647834777832,1.4783542156219482,0.41618943214416504,0.281522133022141
10,MLP,PseudoFeature,4,4.083401203155518,1.0413709878921509,-3.0420302152633667,-2.9211781878240815
10,MLP-E2E,PseudoFeature,4,2.5362508296966553,1.0413709878921509,-1.4948798418045044,-1.4354921148997104
10,LH,PseudoFeature,4,0.9124165773391724,1.0413709878921509,0.12895441055297852,0.12383138387021554
10,LH-E2E,PseudoFeature,4,0.8942760825157166,1.0413709878921509,0.14709490537643433,0.14125120354482945
20,MLP,PseudoFeature,4,4.0087409019470215,0.791105329990387,-3.2176355719566345,-4.067265697724136
20,MLP-E2E,PseudoFeature,4,2.3002309799194336,0.791105329990387,-1.5091256499290466,-1.9076165874743691
20,LH,PseudoFeature,4,0.8165454864501953,0.791105329990387,-0.02544015645980835,-0.032157736138773686
20,LH-E2E,PseudoFeature,4,0.8203497529029846,0.791105329990387,-0.029244422912597656,-0.036966535054128655
50,MLP,PseudoFeature,4,3.9633870124816895,0.8401344418525696,-3.12325257062912,-3.717562826899557
50,MLP-E2E,PseudoFeature,4,0.951579749584198,0.8401344418525696,-0.11144530773162842,-0.13265175450476926
50,LH,PseudoFeature,4,0.8139027953147888,0.8401344418525696,0.02623164653778076,0.031223153379996774
50,LH-E2E,PseudoFeature,4,0.7948909997940063,0.8401344418525696,0.04524344205856323,0.053852621443298415
75,MLP,PseudoFeature,4,3.953956127166748,1.1268813610076904,-2.8270747661590576,-2.5087598961003352
75,MLP-E2E,PseudoFeature,4,0.8105111122131348,1.1268813610076904,0.31637024879455566,0.2807484973499323
75,LH,PseudoFeature,4,0.813750684261322,1.1268813610076904,0.3131306767463684,0.27787368535970614
75,LH-E2E,PseudoFeature,4,0.779990017414093,1.1268813610076904,0.3468913435935974,0.3078330653045827
5,MLP,PseudoFeature,4,4.210399627685547,1.4783542156219482,-2.7320454120635986,-1.8480316714314766
5,MLP-E2E,PseudoFeature,4,3.566401481628418,1.4783542156219482,-2.0880472660064697,-1.4124133742386102
5,LH,PseudoFeature,4,1.1624784469604492,1.4783542156219482,0.315875768661499,0.21366717483780373
5,LH-E2E,PseudoFeature,4,1.1321641206741333,1.4783542156219482,0.34619009494781494,0.23417263013801579
10,MLP,PseudoFeature,4,4.0762810707092285,1.0413709878921509,-3.0349100828170776,-2.914340919906045
10,MLP-E2E,PseudoFeature,4,3.3198883533477783,1.0413709878921509,-2.2785173654556274,-2.1879977375474966
10,LH,PseudoFeature,4,0.9259881973266602,1.0413709878921509,0.11538279056549072,0.11079892939886692
10,LH-E2E,PseudoFeature,4,0.9150266051292419,1.0413709878921509,0.12634438276290894,0.12132504576360806
20,MLP,PseudoFeature,4,3.996286153793335,0.791105329990387,-3.205180823802948,-4.051522221246943
20,MLP-E2E,PseudoFeature,4,3.162140369415283,0.791105329990387,-2.3710350394248962,-2.997116754925299
20,LH,PseudoFeature,4,0.828937292098999,0.791105329990387,-0.03783196210861206,-0.047821649879506906
20,LH-E2E,PseudoFeature,4,0.8405654430389404,0.791105329990387,-0.04946011304855347,-0.06252026269264863
50,MLP,PseudoFeature,4,3.9352688789367676,0.8401344418525696,-3.095134437084198,-3.6840942150391514
50,MLP-E2E,PseudoFeature,4,0.9604653716087341,0.8401344418525696,-0.12033092975616455,-0.14322818320699288
50,LH,PseudoFeature,4,0.8109142184257507,0.8401344418525696,0.029220223426818848,0.0347804136709188
50,LH-E2E,PseudoFeature,4,0.794049084186554,0.8401344418525696,0.046085357666015625,0.05485474153921532
75,MLP,PseudoFeature,4,3.918415069580078,1.1268813610076904,-2.7915337085723877,-2.4772205887548946
75,MLP-E2E,PseudoFeature,4,0.8073291182518005,1.1268813610076904,0.3195522427558899,0.2835722142658717
75,LH,PseudoFeature,4,0.8112144470214844,1.1268813610076904,0.31566691398620605,0.2801243546205498
75,LH-E2E,PseudoFeature,4,0.7756692171096802,1.1268813610076904,0.35121214389801025,0.31166736450760535
5,MLP,PseudoFeature,4,4.6373090744018555,1.4783542156219482,-3.1589548587799072,-2.136805121126485
5,MLP-E2E,PseudoFeature,4,5.478996753692627,1.4783542156219482,-4.000642538070679,-2.706146129118045
5,LH,PseudoFeature,4,0.9483616948127747,1.4783542156219482,0.5299925208091736,0.3585017144123366
5,LH-E2E,PseudoFeature,4,1.307021141052246,1.4783542156219482,0.17133307456970215,0.1158944674822886
10,MLP,PseudoFeature,4,4.49886417388916,1.0413709878921509,-3.4574931859970093,-3.3201358845183067
10,MLP-E2E,PseudoFeature,4,5.315576553344727,1.0413709878921509,-4.274205565452576,-4.104402384114845
10,LH,PseudoFeature,4,0.8731092214584351,1.0413709878921509,0.16826176643371582,0.16157715971547862
10,LH-E2E,PseudoFeature,4,0.9470798969268799,1.0413709878921509,0.094291090965271,0.09054514871412589
20,MLP,PseudoFeature,4,4.419071674346924,0.791105329990387,-3.627966344356537,-4.585946026176592
20,MLP-E2E,PseudoFeature,4,5.23415470123291,0.791105329990387,-4.443049371242523,-5.616255134188658
20,LH,PseudoFeature,4,0.8107171058654785,0.791105329990387,-0.019611775875091553,-0.024790347292098086
20,LH-E2E,PseudoFeature,4,0.82822585105896,0.791105329990387,-0.037120521068573,-0.04692234985829771
50,MLP,PseudoFeature,4,4.362122058868408,0.8401344418525696,-3.5219876170158386,-4.192171444905353
50,MLP-E2E,PseudoFeature,4,1.193556547164917,0.8401344418525696,-0.3534221053123474,-0.42067327287882744
50,LH,PseudoFeature,4,0.8335217237472534,0.8401344418525696,0.006612718105316162,0.007871023702747554
50,LH-E2E,PseudoFeature,4,0.7948464155197144,0.8401344418525696,0.045288026332855225,0.05390568946678485
75,MLP,PseudoFeature,4,4.3487396240234375,1.1268813610076904,-3.221858263015747,-2.85909269111938
75,MLP-E2E,PseudoFeature,4,0.8198021054267883,1.1268813610076904,0.3070792555809021,0.2725036247882411
75,LH,PseudoFeature,4,0.8288242816925049,1.1268813610076904,0.29805707931518555,0.2644973016934579
75,LH-E2E,PseudoFeature,4,0.7775401473045349,1.1268813610076904,0.3493412137031555,0.3100070919539962
5,MLP,PseudoFeature,4,3.3324241638183594,1.4783542156219482,-1.8540699481964111,-1.2541445944444365
5,MLP-E2E,PseudoFeature,4,1.5345171689987183,1.4783542156219482,-0.05616295337677002,-0.037990187184701256
5,LH,PseudoFeature,4,1.3394585847854614,1.4783542156219482,0.13889563083648682,0.09395287635991419
5,LH-E2E,PseudoFeature,4,1.281051754951477,1.4783542156219482,0.1973024606704712,0.13346088412746565
10,MLP,PseudoFeature,4,3.218803882598877,1.0413709878921509,-2.177432894706726,-2.0909290925360704
10,MLP-E2E,PseudoFeature,4,1.2399930953979492,1.0413709878921509,-0.19862210750579834,-0.19073136261250304
10,LH,PseudoFeature,4,1.0273706912994385,1.0413709878921509,0.014000296592712402,0.013444100858859664
10,LH-E2E,PseudoFeature,4,1.055429220199585,1.0413709878921509,-0.014058232307434082,-0.013499734936815827
20,MLP,PseudoFeature,4,3.1365089416503906,0.791105329990387,-2.3454036116600037,-2.9647172414936245
20,MLP-E2E,PseudoFeature,4,1.0147911310195923,0.791105329990387,-0.22368580102920532,-0.282750972025335
20,LH,PseudoFeature,4,0.8738517165184021,0.791105329990387,-0.08274638652801514,-0.10459591585487184
20,LH-E2E,PseudoFeature,4,0.9344314932823181,0.791105329990387,-0.14332616329193115,-0.18117203595843903
50,MLP,PseudoFeature,4,3.0861051082611084,0.8401344418525696,-2.245970666408539,-2.673346734191706
50,MLP-E2E,PseudoFeature,4,0.8256491422653198,0.8401344418525696,0.014485299587249756,0.017241644748319577
50,LH,PseudoFeature,4,0.8171984553337097,0.8401344418525696,0.022935986518859863,0.027300376435328632
50,LH-E2E,PseudoFeature,4,0.7992278337478638,0.8401344418525696,0.04090660810470581,0.04869055006780008
75,MLP,PseudoFeature,4,3.077446460723877,1.1268813610076904,-1.9505650997161865,-1.730940955463079
75,MLP-E2E,PseudoFeature,4,0.8077223300933838,1.1268813610076904,0.31915903091430664,0.28322327616538556
75,LH,PseudoFeature,4,0.8109857439994812,1.1268813610076904,0.31589561700820923,0.2803273067945024
75,LH-E2E,PseudoFeature,4,0.7811788320541382,1.1268813610076904,0.34570252895355225,0.30677810541157136
5,MLP,PseudoFeature,4,4.545223236083984,1.4783542156219482,-3.066869020462036,-2.074515693231067
5,MLP-E2E,PseudoFeature,4,4.79605770111084,1.4783542156219482,-3.3177034854888916,-2.2441871172891563
5,LH,PseudoFeature,4,1.1270321607589722,1.4783542156219482,0.3513220548629761,0.23764403087603317
5,LH-E2E,PseudoFeature,4,1.0077751874923706,1.4783542156219482,0.47057902812957764,0.3183127718356751
10,MLP,PseudoFeature,4,4.4261040687561035,1.0413709878921509,-3.3847330808639526,-3.2502663510100502
10,MLP-E2E,PseudoFeature,4,4.577761650085449,1.0413709878921509,-3.5363906621932983,-3.3958989671407505
10,LH,PseudoFeature,4,0.9497324824333191,1.0413709878921509,0.09163850545883179,0.08799794359963703
10,LH-E2E,PseudoFeature,4,0.8556736707687378,1.0413709878921509,0.18569731712341309,0.17832004087158682
20,MLP,PseudoFeature,4,4.355005741119385,0.791105329990387,-3.563900411128998,-4.504963215419499
20,MLP-E2E,PseudoFeature,4,4.424396514892578,0.791105329990387,-3.633291184902191,-4.592676913131581
20,LH,PseudoFeature,4,0.829887866973877,0.791105329990387,-0.03878253698348999,-0.04902322802446705
20,LH-E2E,PseudoFeature,4,0.8382596373558044,0.791105329990387,-0.04715430736541748,-0.059605599378265435
50,MLP,PseudoFeature,4,4.3112006187438965,0.8401344418525696,-3.471066176891327,-4.131560383642079
50,MLP-E2E,PseudoFeature,4,0.8455613851547241,0.8401344418525696,-0.005426943302154541,-0.006459612928363773
50,LH,PseudoFeature,4,0.8108243346214294,0.8401344418525696,0.029310107231140137,0.034887401076557224
50,LH-E2E,PseudoFeature,4,0.8123360872268677,0.8401344418525696,0.027798354625701904,0.03308798359034551
75,MLP,PseudoFeature,4,4.300015926361084,1.1268813610076904,-3.1731345653533936,-2.815855044861052
75,MLP-E2E,PseudoFeature,4,0.8083018660545349,1.1268813610076904,0.3185794949531555,0.2827089931350647
75,LH,PseudoFeature,4,0.8110492825508118,1.1268813610076904,0.31583207845687866,0.2802709223750514
75,LH-E2E,PseudoFeature,4,0.7874067425727844,1.1268813610076904,0.339474618434906,0.3012514273297926
5,MLP,Mean,2,6.2023138999938965,1.4783542156219482,-4.723959684371948,-3.1954180090625735
5,MLP-E2E,Mean,2,6.3179030418396,1.4783542156219482,-4.839548826217651,-3.273605726609734
5,LH,Mean,2,2.0788004398345947,1.4783542156219482,-0.6004462242126465,-0.4061585632642424
5,LH-E2E,Mean,2,2.699380874633789,1.4783542156219482,-1.2210266590118408,-0.8259364678025767
10,MLP,Mean,2,6.159673690795898,1.0413709878921509,-5.118302702903748,-4.914965715785643
10,MLP-E2E,Mean,2,6.292392253875732,1.0413709878921509,-5.2510212659835815,-5.042411712095249
10,LH,Mean,2,1.8327641487121582,1.0413709878921509,-0.7913931608200073,-0.759953148322169
10,LH-E2E,Mean,2,2.563365936279297,1.0413709878921509,-1.521994948387146,-1.4615300081173097
20,MLP,Mean,2,6.131608486175537,0.791105329990387,-5.34050315618515,-6.750685343315845
20,MLP-E2E,Mean,2,6.2702226638793945,0.791105329990387,-5.479117333889008,-6.925901174190782
20,LH,Mean,2,1.7446155548095703,0.791105329990387,-0.9535102248191833,-1.2052885863261342
20,LH-E2E,Mean,2,2.4900639057159424,0.791105329990387,-1.6989585757255554,-2.147575691022332
50,MLP,Mean,2,6.112712860107422,0.8401344418525696,-5.272578418254852,-6.2758746167201025
50,MLP-E2E,Mean,2,5.262530326843262,0.8401344418525696,-4.422395884990692,-5.263914517346681
50,LH,Mean,2,1.6805979013442993,0.8401344418525696,-0.8404634594917297,-1.0003916249861566
50,LH-E2E,Mean,2,1.5627657175064087,0.8401344418525696,-0.7226312756538391,-0.8601376632772896
75,MLP,Mean,2,6.1083855628967285,1.1268813610076904,-4.981504201889038,-4.420611054773708
75,MLP-E2E,Mean,2,1.5467259883880615,1.1268813610076904,-0.4198446273803711,-0.3725721641228795
75,LH,Mean,2,1.7287259101867676,1.1268813610076904,-0.6018445491790771,-0.534079779827834
75,LH-E2E,Mean,2,1.3713198900222778,1.1268813610076904,-0.2444385290145874,-0.21691593939933773
5,MLP,Mean,2,6.428119659423828,1.4783542156219482,-4.94976544380188,-3.3481593189893926
5,MLP-E2E,Mean,2,6.52961540222168,1.4783542156219482,-5.0512611865997314,-3.4168138685725262
5,LH,Mean,2,2.11303448677063,1.4783542156219482,-0.6346802711486816,-0.42931542687262514
5,LH-E2E,Mean,2,2.822721004486084,1.4783542156219482,-1.3443667888641357,-0.9093671696931959
10,MLP,Mean,2,6.400107383728027,1.0413709878921509,-5.3587363958358765,-5.1458475971973705
10,MLP-E2E,Mean,2,6.51202392578125,1.0413709878921509,-5.470652937889099,-5.253317983212017
10,LH,Mean,2,1.864966630935669,1.0413709878921509,-0.8235956430435181,-0.7908763088460588
10,LH-E2E,Mean,2,2.681992530822754,1.0413709878921509,-1.640621542930603,-1.5754438735146645
20,MLP,Mean,2,6.375884532928467,0.791105329990387,-5.58477920293808,-7.059463501536443
20,MLP-E2E,Mean,2,6.493142127990723,0.791105329990387,-5.702036798000336,-7.207683454831006
20,LH,Mean,2,1.7687230110168457,0.791105329990387,-0.9776176810264587,-1.2357617171386497
20,LH-E2E,Mean,2,2.6145665645599365,0.791105329990387,-1.8234612345695496,-2.3049537974819447
50,MLP,Mean,2,6.355406284332275,0.8401344418525696,-5.515271842479706,-6.564749125530494
50,MLP-E2E,Mean,2,5.645798206329346,0.8401344418525696,-4.805663764476776,-5.720112787996013
50,LH,Mean,2,1.6985357999801636,0.8401344418525696,-0.858401358127594,-1.0217428489596787
50,LH-E2E,Mean,2,1.5704693794250488,0.8401344418525696,-0.7303349375724792,-0.869307221784679
75,MLP,Mean,2,6.348333358764648,1.1268813610076904,-5.221451997756958,-4.63354189573939
75,MLP-E2E,Mean,2,1.5684373378753662,1.1268813610076904,-0.4415559768676758,-0.39183892124440095
75,LH,Mean,2,1.7500768899917603,1.1268813610076904,-0.6231955289840698,-0.5530267431407243
75,LH-E2E,Mean,2,1.3740402460098267,1.1268813610076904,-0.24715888500213623,-0.2193299965323053
5,MLP,Mean,2,6.467447280883789,1.4783542156219482,-4.989093065261841,-3.374761618387183
5,MLP-E2E,Mean,2,6.620051383972168,1.4783542156219482,-5.14169716835022,-3.4779872874966515
5,LH,Mean,2,2.0190539360046387,1.4783542156219482,-0.5406997203826904,-0.36574436266292
5,LH-E2E,Mean,2,2.5860157012939453,1.4783542156219482,-1.107661485671997,-0.7492531045450433
10,MLP,Mean,2,6.438385963439941,1.0413709878921509,-5.3970149755477905,-5.182605467501972
10,MLP-E2E,Mean,2,6.600275993347168,1.0413709878921509,-5.558905005455017,-5.338064023376386
10,LH,Mean,2,1.7978181838989258,1.0413709878921509,-0.7564471960067749,-0.726395496707573
10,LH-E2E,Mean,2,2.4361109733581543,1.0413709878921509,-1.3947399854660034,-1.3393305572004748
20,MLP,Mean,2,6.417535305023193,0.791105329990387,-5.626429975032806,-7.112112334145411
20,MLP-E2E,Mean,2,6.589580059051514,0.791105329990387,-5.798474729061127,-7.329586224797128
20,LH,Mean,2,1.705015778541565,0.791105329990387,-0.913910448551178,-1.1552323235671833
20,LH-E2E,Mean,2,2.3662471771240234,0.791105329990387,-1.5751418471336365,-1.991064637565742
50,MLP,Mean,2,6.3964128494262695,0.8401344418525696,-5.5562784075737,-6.613558652971806
50,MLP-E2E,Mean,2,5.875880718231201,0.8401344418525696,-5.035746276378632,-5.993976708387734
50,LH,Mean,2,1.6410839557647705,0.8401344418525696,-0.8009495139122009,-0.9533587411867528
50,LH-E2E,Mean,2,1.5515565872192383,0.8401344418525696,-0.7114221453666687,-0.8467955959500016
75,MLP,Mean,2,6.389218330383301,1.1268813610076904,-5.26233696937561,-4.669823418385298
75,MLP-E2E,Mean,2,1.5590585470199585,1.1268813610076904,-0.43217718601226807,-0.3835161366284402
75,LH,Mean,2,1.6884247064590454,1.1268813610076904,-0.561543345451355,-0.4983162956473132
75,LH-E2E,Mean,2,1.3645615577697754,1.1268813610076904,-0.23768019676208496,-0.2109185624913916
5,MLP,Mean,2,6.1951470375061035,1.4783542156219482,-4.716792821884155,-3.190570143502304
5,MLP-E2E,Mean,2,6.294976711273193,1.4783542156219482,-4.816622495651245,-3.258097717551999
5,LH,Mean,2,2.184349298477173,1.4783542156219482,-0.7059950828552246,-0.4775547533837892
5,LH-E2E,Mean,2,3.047025203704834,1.4783542156219482,-1.5686709880828857,-1.0610927824377603
10,MLP,Mean,2,6.163793563842773,1.0413709878921509,-5.122422575950623,-4.918921916884748
10,MLP-E2E,Mean,2,6.267867088317871,1.0413709878921509,-5.22649610042572,-5.018860868214431
10,LH,Mean,2,1.9365190267562866,1.0413709878921509,-0.8951480388641357,-0.8595861122230931
10,LH-E2E,Mean,2,2.9323887825012207,1.0413709878921509,-1.8910177946090698,-1.8158925268666235
20,MLP,Mean,2,6.135946750640869,0.791105329990387,-5.344841420650482,-6.75616914465161
20,MLP-E2E,Mean,2,6.2484025955200195,0.791105329990387,-5.457297265529633,-6.898319425551016
20,LH,Mean,2,1.8475675582885742,0.791105329990387,-1.0564622282981873,-1.3354254967679522
20,LH-E2E,Mean,2,2.8742599487304688,0.791105329990387,-2.083154618740082,-2.6332203055254286
50,MLP,Mean,2,6.1197190284729,0.8401344418525696,-5.279584586620331,-6.284213958635462
50,MLP-E2E,Mean,2,5.253030300140381,0.8401344418525696,-4.412895858287811,-5.252606771550743
50,LH,Mean,2,1.770324468612671,0.8401344418525696,-0.9301900267601013,-1.1071918736112656
50,LH-E2E,Mean,2,1.599637508392334,0.8401344418525696,-0.7595030665397644,-0.9040256281661231
75,MLP,Mean,2,6.112786293029785,1.1268813610076904,-4.985904932022095,-4.424516284095383
75,MLP-E2E,Mean,2,1.543139100074768,1.1268813610076904,-0.41625773906707764,-0.36938914198993206
75,LH,Mean,2,1.8213789463043213,1.1268813610076904,-0.6944975852966309,-0.6163005346681666
75,LH-E2E,Mean,2,1.3751509189605713,1.1268813610076904,-0.24826955795288086,-0.22031561311021325
5,MLP,Mean,2,6.311382293701172,1.4783542156219482,-4.833028078079224,-3.269194910805563
5,MLP-E2E,Mean,2,6.442532062530518,1.4783542156219482,-4.964177846908569,-3.357908270190933
5,LH,Mean,2,2.1259286403656006,1.4783542156219482,-0.6475744247436523,-0.4380373917838194
5,LH-E2E,Mean,2,2.8076865673065186,1.4783542156219482,-1.3293323516845703,-0.8991974573058027
10,MLP,Mean,2,6.285046577453613,1.0413709878921509,-5.243675589561462,-5.035357860482782
10,MLP-E2E,Mean,2,6.419889450073242,1.0413709878921509,-5.378518462181091,-5.164843772984114
10,LH,Mean,2,1.8754687309265137,1.0413709878921509,-0.8340977430343628,-0.8009611874464336
10,LH-E2E,Mean,2,2.6721034049987793,1.0413709878921509,-1.6307324171066284,-1.5659476171958753
20,MLP,Mean,2,6.2619853019714355,0.791105329990387,-5.470879971981049,-6.915488702430468
20,MLP-E2E,Mean,2,6.405456066131592,0.791105329990387,-5.614350736141205,-7.096843521720966
20,LH,Mean,2,1.784403681755066,0.791105329990387,-0.993298351764679,-1.2555829345464642
20,LH-E2E,Mean,2,2.587413787841797,0.791105329990387,-1.79630845785141,-2.2706312165451314
50,MLP,Mean,2,6.246004104614258,0.8401344418525696,-5.405869662761688,-6.43452927705389
50,MLP-E2E,Mean,2,5.574376106262207,0.8401344418525696,-4.7342416644096375,-5.635100084660524
50,LH,Mean,2,1.7065843343734741,0.8401344418525696,-0.8664498925209045,-1.031322904236978
50,LH-E2E,Mean,2,1.569443702697754,0.8401344418525696,-0.7293092608451843,-0.8680863734582692
75,MLP,Mean,2,6.238697528839111,1.1268813610076904,-5.111816167831421,-4.536250527083245
75,MLP-E2E,Mean,2,1.55043363571167,1.1268813610076904,-0.4235522747039795,-0.3758623483888549
75,LH,Mean,2,1.761886477470398,1.1268813610076904,-0.6350051164627075,-0.563506628501573
75,LH-E2E,Mean,2,1.3737738132476807,1.1268813610076904,-0.24689245223999023,-0.21909356280346295
5,MLP,Mean,2,6.298262119293213,1.4783542156219482,-4.819907903671265,-3.260320059116221
5,MLP-E2E,Mean,2,6.4753289222717285,1.4783542156219482,-4.99697470664978,-3.3800929803196977
5,LH,Mean,2,2.2142467498779297,1.4783542156219482,-0.7358925342559814,-0.4977782228911825
5,LH-E2E,Mean,2,3.1733057498931885,1.4783542156219482,-1.6949515342712402,-1.1465124639010609
10,MLP,Mean,2,6.266412734985352,1.0413709878921509,-5.225041747093201,-5.017464292594956
10,MLP-E2E,Mean,2,6.447783946990967,1.0413709878921509,-5.406412959098816,-5.191630093365659
10,LH,Mean,2,1.9796290397644043,1.0413709878921509,-0.9382580518722534,-0.9009834754196395
10,LH-E2E,Mean,2,3.056626081466675,1.0413709878921509,-2.015255093574524,-1.9351941978464575
20,MLP,Mean,2,6.247856616973877,0.791105329990387,-5.45675128698349,-6.897629279087018
20,MLP-E2E,Mean,2,6.429636001586914,0.791105329990387,-5.638530671596527,-7.1274082702300126
20,LH,Mean,2,1.879172444343567,0.791105329990387,-1.08806711435318,-1.3753757851263642
20,LH-E2E,Mean,2,2.995148181915283,0.791105329990387,-2.2040428519248962,-2.7860295821185765
50,MLP,Mean,2,6.230865955352783,0.8401344418525696,-5.390731513500214,-6.416510554683583
50,MLP-E2E,Mean,2,5.499484062194824,0.8401344418525696,-4.659349620342255,-5.545957156652194
50,LH,Mean,2,1.8015345335006714,0.8401344418525696,-0.9614000916481018,-1.1443407670897658
50,LH-E2E,Mean,2,1.630050778388977,0.8401344418525696,-0.7899163365364075,-0.9402261080911921
75,MLP,Mean,2,6.22772741317749,1.1268813610076904,-5.1008460521698,-4.526515593095331
75,MLP-E2E,Mean,2,1.5550276041030884,1.1268813610076904,-0.42814624309539795,-0.37993905828075547
75,LH,Mean,2,1.8568592071533203,1.1268813610076904,-0.7299778461456299,-0.6477858906929317
75,LH-E2E,Mean,2,1.3885016441345215,1.1268813610076904,-0.26162028312683105,-0.23216311155673255
5,MLP,Mean,2,6.402624130249023,1.4783542156219482,-4.924269914627075,-3.3309134323775167
5,MLP-E2E,Mean,2,6.577183246612549,1.4783542156219482,-5.098829030990601,-3.4489900844538175
5,LH,Mean,2,2.0894880294799805,1.4783542156219482,-0.6111338138580322,-0.4133879468128187
5,LH-E2E,Mean,2,2.7997336387634277,1.4783542156219482,-1.3213794231414795,-0.8938178747544417
10,MLP,Mean,2,6.380252838134766,1.0413709878921509,-5.338881850242615,-5.1267818215764756
10,MLP-E2E,Mean,2,6.562352657318115,1.0413709878921509,-5.520981669425964,-5.301647283837854
10,LH,Mean,2,1.8610353469848633,1.0413709878921509,-0.8196643590927124,-0.7871012046838399
10,LH-E2E,Mean,2,2.644794225692749,1.0413709878921509,-1.6034232378005981,-1.539723361264464
20,MLP,Mean,2,6.366751670837402,0.791105329990387,-5.575646340847015,-7.047919069025571
20,MLP-E2E,Mean,2,6.551310062408447,0.791105329990387,-5.76020473241806,-7.281210875532914
20,LH,Mean,2,1.769554615020752,0.791105329990387,-0.978449285030365,-1.2368129096567388
20,LH-E2E,Mean,2,2.5655508041381836,0.791105329990387,-1.7744454741477966,-2.24299522058505
50,MLP,Mean,2,6.348624229431152,0.8401344418525696,-5.508489787578583,-6.556676542663675
50,MLP-E2E,Mean,2,5.8166985511779785,0.8401344418525696,-4.976564109325409,-5.923533022109714
50,LH,Mean,2,1.6989593505859375,0.8401344418525696,-0.8588249087333679,-1.0222469951828
50,LH-E2E,Mean,2,1.5695462226867676,0.8401344418525696,-0.729411780834198,-0.8682084015336659
75,MLP,Mean,2,6.339266300201416,1.1268813610076904,-5.212384939193726,-4.62549574387552
75,MLP-E2E,Mean,2,1.5625078678131104,1.1268813610076904,-0.4356265068054199,-0.38657708067499663
75,LH,Mean,2,1.7521034479141235,1.1268813610076904,-0.6252220869064331,-0.5548251204965722
75,LH-E2E,Mean,2,1.3719043731689453,1.1268813610076904,-0.24502301216125488,-0.2174346125861449
5,MLP,Mean,2,6.218052387237549,1.4783542156219482,-4.739698171615601,-3.206063960538439
5,MLP-E2E,Mean,2,6.288512706756592,1.4783542156219482,-4.8101584911346436,-3.2537252847153377
5,LH,Mean,2,2.0235447883605957,1.4783542156219482,-0.5451905727386475,-0.3687821003772659
5,LH-E2E,Mean,2,2.537770986557007,1.4783542156219482,-1.0594167709350586,-0.7166190346941708
10,MLP,Mean,2,6.177434921264648,1.0413709878921509,-5.136063933372498,-4.932021338301785
10,MLP-E2E,Mean,2,6.261155128479004,1.0413709878921509,-5.219784140586853,-5.012415557257139
10,LH,Mean,2,1.7855165004730225,1.0413709878921509,-0.7441455125808716,-0.7145825274882142
10,LH-E2E,Mean,2,2.361243486404419,1.0413709878921509,-1.319872498512268,-1.267437362724916
20,MLP,Mean,2,6.1538238525390625,0.791105329990387,-5.3627185225486755,-6.778766770050506
20,MLP-E2E,Mean,2,6.241558074951172,0.791105329990387,-5.450452744960785,-6.8896675807089
20,LH,Mean,2,1.6982771158218384,0.791105329990387,-0.9071717858314514,-1.1467142887818425
20,LH-E2E,Mean,2,2.2863078117370605,0.791105329990387,-1.4952024817466736,-1.8900169485204232
50,MLP,Mean,2,6.134734630584717,0.8401344418525696,-5.294600188732147,-6.302086814887737
50,MLP-E2E,Mean,2,5.250967502593994,0.8401344418525696,-4.410833060741425,-5.250151453159275
50,LH,Mean,2,1.6285799741744995,0.8401344418525696,-0.7884455323219299,-0.9384754308885837
50,LH-E2E,Mean,2,1.552502989768982,0.8401344418525696,-0.7123685479164124,-0.8479220853576455
75,MLP,Mean,2,6.128607273101807,1.1268813610076904,-5.001725912094116,-4.438555898751778
75,MLP-E2E,Mean,2,1.5454827547073364,1.1268813610076904,-0.418601393699646,-0.3714689125085185
75,LH,Mean,2,1.676272988319397,1.1268813610076904,-0.5493916273117065,-0.48753280187403614
75,LH-E2E,Mean,2,1.3608044385910034,1.1268813610076904,-0.233923077583313,-0.20758447666055288
5,MLP,Mean,2,6.646054267883301,1.4783542156219482,-5.1677000522613525,-3.4955763629944974
5,MLP-E2E,Mean,2,6.832923889160156,1.4783542156219482,-5.354569673538208,-3.621980183744749
5,LH,Mean,2,2.279907464981079,1.4783542156219482,-0.8015532493591309,-0.5421929608540501
5,LH-E2E,Mean,2,3.4533004760742188,1.4783542156219482,-1.9749462604522705,-1.3359087014348618
10,MLP,Mean,2,6.62212610244751,1.0413709878921509,-5.580755114555359,-5.35904608390466
10,MLP-E2E,Mean,2,6.818680286407471,1.0413709878921509,-5.77730929851532,-5.547791676249045
10,LH,Mean,2,2.030303478240967,1.0413709878921509,-0.9889324903488159,-0.9496447489386312
10,LH-E2E,Mean,2,3.339179754257202,1.0413709878921509,-2.2978087663650513,-2.206522740772785
20,MLP,Mean,2,6.603898525238037,0.791105329990387,-5.81279319524765,-7.347685541845968
20,MLP-E2E,Mean,2,6.808392524719238,0.791105329990387,-6.017287194728851,-7.60617703688328
20,LH,Mean,2,1.9374338388442993,0.791105329990387,-1.1463285088539124,-1.4490213444369562
20,LH-E2E,Mean,2,3.2943077087402344,0.791105329990387,-2.5032023787498474,-3.1641834327930325
50,MLP,Mean,2,6.589024543762207,0.8401344418525696,-5.7488901019096375,-6.842821595592289
50,MLP-E2E,Mean,2,6.223913669586182,0.8401344418525696,-5.383779227733612,-6.408235348454362
50,LH,Mean,2,1.8600022792816162,0.8401344418525696,-1.0198678374290466,-1.2139340879540057
50,LH-E2E,Mean,2,1.7235217094421387,0.8401344418525696,-0.8833872675895691,-1.0514832193304957
75,MLP,Mean,2,6.58306884765625,1.1268813610076904,-5.45618748664856,-4.841847310145831
75,MLP-E2E,Mean,2,1.5801877975463867,1.1268813610076904,-0.4533064365386963,-0.40226633630122016
75,LH,Mean,2,1.9169241189956665,1.1268813610076904,-0.7900427579879761,-0.7010877855691008
75,LH-E2E,Mean,2,1.3834081888198853,1.1268813610076904,-0.2565268278121948,-0.22764315454006712
5,MLP,Mean,2,6.119495868682861,1.4783542156219482,-4.641141653060913,-3.139397584163123
5,MLP-E2E,Mean,2,6.181833267211914,1.4783542156219482,-4.703479051589966,-3.1815643381591046
5,LH,Mean,2,2.2222471237182617,1.4783542156219482,-0.7438929080963135,-0.5031898987641168
5,LH-E2E,Mean,2,3.313168525695801,1.4783542156219482,-1.8348143100738525,-1.2411195440748553
10,MLP,Mean,2,6.080573081970215,1.0413709878921509,-5.039202094078064,-4.839007570470118
10,MLP-E2E,Mean,2,6.145405292510986,1.0413709878921509,-5.1040343046188354,-4.901264164224472
10,LH,Mean,2,2.003322124481201,1.0413709878921509,-0.9619511365890503,-0.9237352948886591
10,LH-E2E,Mean,2,3.2018542289733887,1.0413709878921509,-2.160483241081238,-2.074652805004961
20,MLP,Mean,2,6.05661678314209,0.791105329990387,-5.265511453151703,-6.655891767554753
20,MLP-E2E,Mean,2,6.12705135345459,0.791105329990387,-5.335946023464203,-6.744924880646478
20,LH,Mean,2,1.9124690294265747,0.791105329990387,-1.1213636994361877,-1.417464472714163
20,LH-E2E,Mean,2,3.16300368309021,0.791105329990387,-2.371898353099823,-2.99820803018562
50,MLP,Mean,2,6.0338664054870605,0.8401344418525696,-5.193731963634491,-6.182024810436125
50,MLP-E2E,Mean,2,5.08037805557251,0.8401344418525696,-4.24024361371994,-5.0471012762788705
50,LH,Mean,2,1.828209400177002,0.8401344418525696,-0.9880749583244324,-1.1760914790561867
50,LH-E2E,Mean,2,1.6813241243362427,0.8401344418525696,-0.8411896824836731,-1.0012560378179194
75,MLP,Mean,2,6.027751922607422,1.1268813610076904,-4.9008705615997314,-4.349056370244006
75,MLP-E2E,Mean,2,1.5387141704559326,1.1268813610076904,-0.4118328094482422,-0.3654624379268898
75,LH,Mean,2,1.888940691947937,1.1268813610076904,-0.7620593309402466,-0.6762551563181334
75,LH-E2E,Mean,2,1.3776196241378784,1.1268813610076904,-0.250738263130188,-0.22250635409034583
5,MLP,Gaussian,2,6.169707298278809,1.4783542156219482,-4.69135308265686,-3.1733619947660467
5,MLP-E2E,Gaussian,2,6.414638042449951,1.4783542156219482,-4.936283826828003,-3.339039977473391
5,LH,Gaussian,2,3.2775657176971436,1.4783542156219482,-1.7992115020751953,-1.2170368123300284
5,LH-E2E,Gaussian,2,5.099264144897461,1.4783542156219482,-3.6209099292755127,-2.44928440762905
10,MLP,Gaussian,2,6.136119842529297,1.0413709878921509,-5.094748854637146,-4.892347601261177
10,MLP-E2E,Gaussian,2,6.37760591506958,1.0413709878921509,-5.336234927177429,-5.12424005394903
10,LH,Gaussian,2,3.2009782791137695,1.0413709878921509,-2.1596072912216187,-2.073811654377755
10,LH-E2E,Gaussian,2,5.0464959144592285,1.0413709878921509,-4.005124926567078,-3.846011626148612
20,MLP,Gaussian,2,6.111896991729736,0.791105329990387,-5.320791661739349,-6.725768946347516
20,MLP-E2E,Gaussian,2,6.356816291809082,0.791105329990387,-5.565710961818695,-7.035360211624824
20,LH,Gaussian,2,3.1317412853240967,0.791105329990387,-2.3406359553337097,-2.9586906655807157
20,LH-E2E,Gaussian,2,4.99892520904541,0.791105329990387,-4.207819879055023,-5.318912311090299
50,MLP,Gaussian,2,6.09948205947876,0.8401344418525696,-5.25934761762619,-6.260126184124616
50,MLP-E2E,Gaussian,2,5.733835697174072,0.8401344418525696,-4.893701255321503,-5.824902553132407
50,LH,Gaussian,2,3.0773537158966064,0.8401344418525696,-2.237219274044037,-2.6629300771323856
50,LH-E2E,Gaussian,2,3.8330283164978027,0.8401344418525696,-2.992893874645233,-3.5623987370945556
75,MLP,Gaussian,2,6.095738410949707,1.1268813610076904,-4.968857049942017,-4.409387910630378
75,MLP-E2E,Gaussian,2,1.445189356803894,1.1268813610076904,-0.3183079957962036,-0.2824680634628327
75,LH,Gaussian,2,3.08024263381958,1.1268813610076904,-1.9533612728118896,-1.733422293066536
75,LH-E2E,Gaussian,2,1.1223387718200684,1.1268813610076904,0.00454258918762207,0.0040311157365846865
5,MLP,Gaussian,2,5.987438678741455,1.4783542156219482,-4.509084463119507,-3.0500704198435424
5,MLP-E2E,Gaussian,2,6.239057540893555,1.4783542156219482,-4.7607033252716064,-3.2202724319819143
5,LH,Gaussian,2,3.9461510181427,1.4783542156219482,-2.467796802520752,-1.6692865461086686
5,LH-E2E,Gaussian,2,6.080711364746094,1.4783542156219482,-4.6023571491241455,-3.113162664597212
10,MLP,Gaussian,2,5.957021713256836,1.0413709878921509,-4.915650725364685,-4.720364579499667
10,MLP-E2E,Gaussian,2,6.199306964874268,1.0413709878921509,-5.157935976982117,-4.953024461937763
10,LH,Gaussian,2,3.859074354171753,1.0413709878921509,-2.817703366279602,-2.7057632669246363
10,LH-E2E,Gaussian,2,6.022831439971924,1.0413709878921509,-4.981460452079773,-4.783559855227766
20,MLP,Gaussian,2,5.94136905670166,0.791105329990387,-5.150263726711273,-6.5102123970949055
20,MLP-E2E,Gaussian,2,6.180431365966797,0.791105329990387,-5.38932603597641,-6.812400108645328
20,LH,Gaussian,2,3.797595977783203,0.791105329990387,-3.006490647792816,-3.8003670735341264
20,LH-E2E,Gaussian,2,5.992709636688232,0.791105329990387,-5.2016043066978455,-6.575109671882823
50,MLP,Gaussian,2,5.925386905670166,0.8401344418525696,-5.085252463817596,-6.052903214638091
50,MLP-E2E,Gaussian,2,5.444083213806152,0.8401344418525696,-4.603948771953583,-5.480014319852755
50,LH,Gaussian,2,3.742919445037842,0.8401344418525696,-2.902785003185272,-3.455143437262706
50,LH-E2E,Gaussian,2,4.96225643157959,0.8401344418525696,-4.12212198972702,-4.906502798096674
75,MLP,Gaussian,2,5.923031330108643,1.1268813610076904,-4.796149969100952,-4.256126807184115
75,MLP-E2E,Gaussian,2,1.364784598350525,1.1268813610076904,-0.23790323734283447,-0.21111648978743813
75,LH,Gaussian,2,3.744905471801758,1.1268813610076904,-2.6180241107940674,-2.3232473278757166
75,LH-E2E,Gaussian,2,1.3147202730178833,1.1268813610076904,-0.18783891201019287,-0.1666891640147653
5,MLP,Gaussian,2,5.894981861114502,1.4783542156219482,-4.416627645492554,-2.987530051202556
5,MLP-E2E,Gaussian,2,6.1216721534729,1.4783542156219482,-4.643317937850952,-3.140869683858204
5,LH,Gaussian,2,3.7078495025634766,1.4783542156219482,-2.2294952869415283,-1.5080927584080874
5,LH-E2E,Gaussian,2,5.697869777679443,1.4783542156219482,-4.219515562057495,-2.8541979435438156
10,MLP,Gaussian,2,5.85934591293335,1.0413709878921509,-4.817974925041199,-4.62656918721474
10,MLP-E2E,Gaussian,2,6.0854387283325195,1.0413709878921509,-5.044067740440369,-4.843679917231144
10,LH,Gaussian,2,3.599838972091675,1.0413709878921509,-2.558467984199524,-2.4568266390617852
10,LH-E2E,Gaussian,2,5.617173194885254,1.0413709878921509,-4.575802206993103,-4.394017367677035
20,MLP,Gaussian,2,5.835002422332764,0.791105329990387,-5.043897092342377,-6.375759208200085
20,MLP-E2E,Gaussian,2,6.0644850730896,0.791105329990387,-5.273379743099213,-6.665837712360365
20,LH,Gaussian,2,3.5336198806762695,0.791105329990387,-2.7425145506858826,-3.4666869842972843
20,LH-E2E,Gaussian,2,5.576114177703857,0.791105329990387,-4.7850088477134705,-6.048510440160497
50,MLP,Gaussian,2,5.81532621383667,0.8401344418525696,-4.9751917719841,-5.9218995486167305
50,MLP-E2E,Gaussian,2,5.30561637878418,0.8401344418525696,-4.46548193693161,-5.315199228214991
50,LH,Gaussian,2,3.4760992527008057,0.8401344418525696,-2.635964810848236,-3.137551181731943
50,LH-E2E,Gaussian,2,4.449502944946289,0.8401344418525696,-3.6093685030937195,-4.296179662786765
75,MLP,Gaussian,2,5.812380313873291,1.1268813610076904,-4.685498952865601,-4.157934557259595
75,MLP-E2E,Gaussian,2,1.2898916006088257,1.1268813610076904,-0.16301023960113525,-0.14465607937233668
75,LH,Gaussian,2,3.4715397357940674,1.1268813610076904,-2.344658374786377,-2.0806612443121026
75,LH-E2E,Gaussian,2,1.1604647636413574,1.1268813610076904,-0.03358340263366699,-0.029802074819691514
5,MLP,Gaussian,2,6.102607250213623,1.4783542156219482,-4.624253034591675,-3.127973651866807
5,MLP-E2E,Gaussian,2,6.3237175941467285,1.4783542156219482,-4.84536337852478,-3.277538851868678
5,LH,Gaussian,2,4.246206283569336,1.4783542156219482,-2.7678520679473877,-1.8722522915679878
5,LH-E2E,Gaussian,2,6.408508777618408,1.4783542156219482,-4.93015456199646,-3.3348939718904433
10,MLP,Gaussian,2,6.07077169418335,1.0413709878921509,-5.029400706291199,-4.829595566582143
10,MLP-E2E,Gaussian,2,6.290065288543701,1.0413709878921509,-5.24869430065155,-5.040177191104088
10,LH,Gaussian,2,4.16378927230835,1.0413709878921509,-3.1224182844161987,-2.9983726459830766
10,LH-E2E,Gaussian,2,6.359705448150635,1.0413709878921509,-5.318334460258484,-5.1070507264883345
20,MLP,Gaussian,2,6.052420616149902,0.791105329990387,-5.261315286159515,-6.650587585124028
20,MLP-E2E,Gaussian,2,6.270236492156982,0.791105329990387,-5.4791311621665955,-6.925918653882884
20,LH,Gaussian,2,4.092450141906738,0.791105329990387,-3.3013448119163513,-4.173078712485059
20,LH-E2E,Gaussian,2,6.329366207122803,0.791105329990387,-5.538260877132416,-7.000661817307834
50,MLP,Gaussian,2,6.039911270141602,0.8401344418525696,-5.199776828289032,-6.189219926304975
50,MLP-E2E,Gaussian,2,5.625603199005127,0.8401344418525696,-4.785468757152557,-5.696074959860213
50,LH,Gaussian,2,4.043661594390869,0.8401344418525696,-3.2035271525382996,-3.8131125126524315
50,LH-E2E,Gaussian,2,5.381840705871582,0.8401344418525696,-4.5417062640190125,-5.405927953631034
75,MLP,Gaussian,2,6.037509441375732,1.1268813610076904,-4.910628080368042,-4.357715239851704
75,MLP-E2E,Gaussian,2,1.4815771579742432,1.1268813610076904,-0.35469579696655273,-0.3147587751823079
75,LH,Gaussian,2,4.044697284698486,1.1268813610076904,-2.917815923690796,-2.58928404058578
75,LH-E2E,Gaussian,2,1.5242570638656616,1.1268813610076904,-0.3973757028579712,-0.35263313123098083
5,MLP,Gaussian,2,6.176169395446777,1.4783542156219482,-4.697815179824829,-3.177733137418926
5,MLP-E2E,Gaussian,2,6.422261714935303,1.4783542156219482,-4.9439074993133545,-3.3441968420494117
5,LH,Gaussian,2,3.3474507331848145,1.4783542156219482,-1.8690965175628662,-1.2643089848237294
5,LH-E2E,Gaussian,2,5.170526027679443,1.4783542156219482,-3.692171812057495,-2.497487931540268
10,MLP,Gaussian,2,6.146681785583496,1.0413709878921509,-5.105310797691345,-4.90248994551409
10,MLP-E2E,Gaussian,2,6.385814666748047,1.0413709878921509,-5.344443678855896,-5.132122693060267
10,LH,Gaussian,2,3.2557995319366455,1.0413709878921509,-2.2144285440444946,-2.1264549999868354
10,LH-E2E,Gaussian,2,5.112684726715088,1.0413709878921509,-4.071313738822937,-3.9095709273250665
20,MLP,Gaussian,2,6.128889083862305,0.791105329990387,-5.337783753871918,-6.7472478714519335
20,MLP-E2E,Gaussian,2,6.367708206176758,0.791105329990387,-5.576602876186371,-7.049128181520575
20,LH,Gaussian,2,3.182934522628784,0.791105329990387,-2.391829192638397,-3.0234016912355544
20,LH-E2E,Gaussian,2,5.071950435638428,0.791105329990387,-4.280845105648041,-5.411220154084993
50,MLP,Gaussian,2,6.1133222579956055,0.8401344418525696,-5.273187816143036,-6.276599974303157
50,MLP-E2E,Gaussian,2,5.70869255065918,0.8401344418525696,-4.86855810880661,-5.794975025748279
50,LH,Gaussian,2,3.126530647277832,0.8401344418525696,-2.2863962054252625,-2.7214646746103632
50,LH-E2E,Gaussian,2,3.9255380630493164,0.8401344418525696,-3.085403621196747,-3.6725117641804603
75,MLP,Gaussian,2,6.109982967376709,1.1268813610076904,-4.9831016063690186,-4.42202859927773
75,MLP-E2E,Gaussian,2,1.4772807359695435,1.1268813610076904,-0.350399374961853,-0.31094610940100703
75,LH,Gaussian,2,3.1313726902008057,1.1268813610076904,-2.0044913291931152,-1.7787953537545782
75,LH-E2E,Gaussian,2,1.1210416555404663,1.1268813610076904,0.005839705467224121,0.005182183031230621
5,MLP,Gaussian,2,6.208601951599121,1.4783542156219482,-4.730247735977173,-3.1996714224453595
5,MLP-E2E,Gaussian,2,6.473151683807373,1.4783542156219482,-4.994797468185425,-3.378620235532726
5,LH,Gaussian,2,4.510406970977783,1.4783542156219482,-3.032052755355835,-2.050965001023277
5,LH-E2E,Gaussian,2,6.749497413635254,1.4783542156219482,-5.271143198013306,-3.565548190218891
10,MLP,Gaussian,2,6.171374797821045,1.0413709878921509,-5.130003809928894,-4.926201967958205
10,MLP-E2E,Gaussian,2,6.437605381011963,1.0413709878921509,-5.396234393119812,-5.181855895603912
10,LH,Gaussian,2,4.422026634216309,1.0413709878921509,-3.3806556463241577,-3.2463509024454154
10,LH-E2E,Gaussian,2,6.708866119384766,1.0413709878921509,-5.667495131492615,-5.442340143318422
20,MLP,Gaussian,2,6.1535563468933105,0.791105329990387,-5.362451016902924,-6.7784286284205475
20,MLP-E2E,Gaussian,2,6.419949054718018,0.791105329990387,-5.628843724727631,-7.115163444539085
20,LH,Gaussian,2,4.369204998016357,0.791105329990387,-3.5780996680259705,-4.522911845467467
20,LH-E2E,Gaussian,2,6.687565326690674,0.791105329990387,-5.896459996700287,-7.45344491203458
50,MLP,Gaussian,2,6.14261531829834,0.8401344418525696,-5.30248087644577,-6.311467084664852
50,MLP-E2E,Gaussian,2,5.7963666915893555,0.8401344418525696,-4.956232249736786,-5.89933230068257
50,LH,Gaussian,2,4.3147292137146,0.8401344418525696,-3.47459477186203,-4.135760419725498
50,LH-E2E,Gaussian,2,5.8488969802856445,0.8401344418525696,-5.008762538433075,-5.961858351370904
75,MLP,Gaussian,2,6.139784336090088,1.1268813610076904,-5.0129029750823975,-4.448474478803796
75,MLP-E2E,Gaussian,2,1.4854848384857178,1.1268813610076904,-0.35860347747802734,-0.3182264698719957
75,LH,Gaussian,2,4.308679103851318,1.1268813610076904,-3.181797742843628,-2.823542790696592
75,LH-E2E,Gaussian,2,1.960111379623413,1.1268813610076904,-0.8332300186157227,-0.7394123706781555
5,MLP,Gaussian,2,6.1243720054626465,1.4783542156219482,-4.646017789840698,-3.142695939001401
5,MLP-E2E,Gaussian,2,6.435056209564209,1.4783542156219482,-4.956701993942261,-3.3528513948580048
5,LH,Gaussian,2,3.366117477416992,1.4783542156219482,-1.887763261795044,-1.276935690950667
5,LH-E2E,Gaussian,2,5.21152400970459,1.4783542156219482,-3.7331697940826416,-2.5252201093850064
10,MLP,Gaussian,2,6.083657264709473,1.0413709878921509,-5.042286276817322,-4.841969226570698
10,MLP-E2E,Gaussian,2,6.403367519378662,1.0413709878921509,-5.361996531486511,-5.148978216053225
10,LH,Gaussian,2,3.2742133140563965,1.0413709878921509,-2.2328423261642456,-2.1441372499571583
10,LH-E2E,Gaussian,2,5.160091400146484,1.0413709878921509,-4.1187204122543335,-3.9550942556898723
20,MLP,Gaussian,2,6.055459976196289,0.791105329990387,-5.264354646205902,-6.654429500898283
20,MLP-E2E,Gaussian,2,6.379848957061768,0.791105329990387,-5.588743627071381,-7.06447474843747
20,LH,Gaussian,2,3.216027021408081,0.791105329990387,-2.424921691417694,-3.0652324026778586
20,LH-E2E,Gaussian,2,5.122229099273682,0.791105329990387,-4.331123769283295,-5.474775109069135
50,MLP,Gaussian,2,6.0389404296875,0.8401344418525696,-5.19880598783493,-6.188064348809592
50,MLP-E2E,Gaussian,2,5.712292194366455,0.8401344418525696,-4.8721577525138855,-5.799259630125809
50,LH,Gaussian,2,3.158135175704956,0.8401344418525696,-2.3180007338523865,-2.7590830923929186
50,LH-E2E,Gaussian,2,3.9645609855651855,0.8401344418525696,-3.124426543712616,-3.718960190255959
75,MLP,Gaussian,2,6.034583568572998,1.1268813610076904,-4.907702207565308,-4.355118806097472
75,MLP-E2E,Gaussian,2,1.3450881242752075,1.1268813610076904,-0.2182067632675171,-0.19363774290524266
75,LH,Gaussian,2,3.159360885620117,1.1268813610076904,-2.0324795246124268,-1.803632214481677
75,LH-E2E,Gaussian,2,1.133195161819458,1.1268813610076904,-0.006313800811767578,-0.005602897545595742
5,MLP,Gaussian,2,6.184060096740723,1.4783542156219482,-4.705705881118774,-3.1830706277244043
5,MLP-E2E,Gaussian,2,6.456816673278809,1.4783542156219482,-4.97846245765686,-3.3675707790790894
5,LH,Gaussian,2,3.9806177616119385,1.4783542156219482,-2.5022635459899902,-1.6926008121384362
5,LH-E2E,Gaussian,2,6.095868110656738,1.4783542156219482,-4.61751389503479,-3.1234151100196157
10,MLP,Gaussian,2,6.149423122406006,1.0413709878921509,-5.108052134513855,-4.905122376083391
10,MLP-E2E,Gaussian,2,6.429970741271973,1.0413709878921509,-5.388599753379822,-5.174524560442133
10,LH,Gaussian,2,3.906540632247925,1.0413709878921509,-2.865169644355774,-2.7513438319951584
10,LH-E2E,Gaussian,2,6.058899402618408,1.0413709878921509,-5.017528414726257,-4.818194930590764
20,MLP,Gaussian,2,6.131929874420166,0.791105329990387,-5.340824544429779,-6.751091595470198
20,MLP-E2E,Gaussian,2,6.412591457366943,0.791105329990387,-5.621486127376556,-7.105863042845212
20,LH,Gaussian,2,3.8401379585266113,0.791105329990387,-3.0490326285362244,-3.85414244216162
20,LH-E2E,Gaussian,2,6.028835773468018,0.791105329990387,-5.237730443477631,-6.62077506612334
50,MLP,Gaussian,2,6.112371921539307,0.8401344418525696,-5.272237479686737,-6.2754688024228535
50,MLP-E2E,Gaussian,2,5.758938312530518,0.8401344418525696,-4.918803870677948,-5.854781836858821
50,LH,Gaussian,2,3.78600811958313,0.8401344418525696,-2.9458736777305603,-3.506431269779456
50,LH-E2E,Gaussian,2,5.004595756530762,0.8401344418525696,-4.164461314678192,-4.956898690518142
75,MLP,Gaussian,2,6.108241558074951,1.1268813610076904,-4.981360197067261,-4.42048326419454
75,MLP-E2E,Gaussian,2,1.3707926273345947,1.1268813610076904,-0.2439112663269043,-0.21644804392610742
75,LH,Gaussian,2,3.7862699031829834,1.1268813610076904,-2.659388542175293,-2.3599543254466377
75,LH-E2E,Gaussian,2,1.3246469497680664,1.1268813610076904,-0.19776558876037598,-0.1754981452382247
5,MLP,Gaussian,2,6.361884593963623,1.4783542156219482,-4.883530378341675,-3.303356074435218
5,MLP-E2E,Gaussian,2,6.621654510498047,1.4783542156219482,-5.143300294876099,-3.4790716869652893
5,LH,Gaussian,2,2.548844337463379,1.4783542156219482,-1.0704901218414307,-0.7241093579126245
5,LH-E2E,Gaussian,2,3.883967876434326,1.4783542156219482,-2.405613660812378,-1.6272241357260437
10,MLP,Gaussian,2,6.332448482513428,1.0413709878921509,-5.291077494621277,-5.08087660991113
10,MLP-E2E,Gaussian,2,6.598776817321777,1.0413709878921509,-5.5574058294296265,-5.336624405754212
10,LH,Gaussian,2,2.4465491771698,1.0413709878921509,-1.405178189277649,-1.3493540780523219
10,LH-E2E,Gaussian,2,3.799057722091675,1.0413709878921509,-2.757686734199524,-2.6481309410985077
20,MLP,Gaussian,2,6.314484119415283,0.791105329990387,-5.523378789424896,-6.981850052118866
20,MLP-E2E,Gaussian,2,6.58514928817749,0.791105329990387,-5.794043958187103,-7.323985490348686
20,LH,Gaussian,2,2.369612693786621,0.791105329990387,-1.5785073637962341,-1.9953188329743843
20,LH-E2E,Gaussian,2,3.7535808086395264,0.791105329990387,-2.9624754786491394,-3.744729514949846
50,MLP,Gaussian,2,6.300716400146484,0.8401344418525696,-5.460581958293915,-6.499652539244619
50,MLP-E2E,Gaussian,2,6.097208499908447,0.8401344418525696,-5.257074058055878,-6.257419998713029
50,LH,Gaussian,2,2.284656524658203,0.8401344418525696,-1.4445220828056335,-1.7193939574960606
50,LH-E2E,Gaussian,2,2.584235429763794,0.8401344418525696,-1.7441009879112244,-2.0759784399093673
75,MLP,Gaussian,2,6.297019004821777,1.1268813610076904,-5.170137643814087,-4.588005288498869
75,MLP-E2E,Gaussian,2,1.6927129030227661,1.1268813610076904,-0.5658315420150757,-0.5021216621322874
75,LH,Gaussian,2,2.2864158153533936,1.1268813610076904,-1.1595344543457031,-1.028976513826454
75,LH-E2E,Gaussian,2,1.0440489053726196,1.1268813610076904,0.0828324556350708,0.07350592396079707
5,MLP,Gaussian,2,5.630731105804443,1.4783542156219482,-4.152376890182495,-2.8087834744229934
5,MLP-E2E,Gaussian,2,5.795292854309082,1.4783542156219482,-4.316938638687134,-2.920097628206772
5,LH,Gaussian,2,3.603214740753174,1.4783542156219482,-2.1248605251312256,-1.4373148888659881
5,LH-E2E,Gaussian,2,5.5532965660095215,1.4783542156219482,-4.074942350387573,-2.7564045932477907
10,MLP,Gaussian,2,5.6035051345825195,1.0413709878921509,-4.562134146690369,-4.3808923042158385
10,MLP-E2E,Gaussian,2,5.760075092315674,1.0413709878921509,-4.718704104423523,-4.531242140684847
10,LH,Gaussian,2,3.5139403343200684,1.0413709878921509,-2.4725693464279175,-2.374340532985914
10,LH-E2E,Gaussian,2,5.496307373046875,1.0413709878921509,-4.454936385154724,-4.277953233719334
20,MLP,Gaussian,2,5.584990501403809,0.791105329990387,-4.793885171413422,-6.059730594245489
20,MLP-E2E,Gaussian,2,5.739782333374023,0.791105329990387,-4.9486770033836365,-6.25539585663488
20,LH,Gaussian,2,3.4588828086853027,0.791105329990387,-2.6677774786949158,-3.3722152759700568
20,LH-E2E,Gaussian,2,5.4584784507751465,0.791105329990387,-4.6673731207847595,-5.899812507699164
50,MLP,Gaussian,2,5.571374416351318,0.8401344418525696,-4.731239974498749,-5.631527216127401
50,MLP-E2E,Gaussian,2,4.984674453735352,0.8401344418525696,-4.144540011882782,-4.9331866489650285
50,LH,Gaussian,2,3.4085354804992676,0.8401344418525696,-2.568401038646698,-3.0571309908246946
50,LH-E2E,Gaussian,2,4.339707851409912,0.8401344418525696,-3.4995734095573425,-4.1654921346165485
75,MLP,Gaussian,2,5.56858491897583,1.1268813610076904,-4.44170355796814,-3.9415893382034803
75,MLP-E2E,Gaussian,2,1.3052653074264526,1.1268813610076904,-0.1783839464187622,-0.15829878156760535
75,LH,Gaussian,2,3.4070918560028076,1.1268813610076904,-2.280210494995117,-2.0234698823628476
75,LH-E2E,Gaussian,2,1.164299726486206,1.1268813610076904,-0.037418365478515625,-0.03320523949837543
