SpMax_A,VE1_A,AATS7d,AATS6s,AATS8s,AATS3p,AATS1i,AATS3i,AATS4i,AATS6i,ATSC1d,AATSC0c,MATS1c,MATS5s,MATS6s,MATS7s,GATS1c,GATS6c,GATS7c,GATS1dv,GATS3dv,GATS5dv,GATS6dv,GATS3d,GATS4d,GATS6d,GATS1s,GATS2s,GATS8s,GATS2v,GATS3v,GATS7v,GATS4p,GATS8i,BCUTc-1l,BCUTd-1l,BCUTs-1h,BCUTs-1l,RNCG,RPCG,Xc-5dv,Xc-6dv,SsCH3,SdCH2,SdsCH,SsssCH,SaaaC,SssssC,SssNH,SsssN,SsOH,SssO,SdS,SsCl,MAXaasC,MINaaCH,ETA_shape_y,AETA_beta_s,AETA_eta_L,ETA_dEpsilon_D,fMF,ZMIC2,PEOE_VSA3,PEOE_VSA4,PEOE_VSA6,PEOE_VSA7,PEOE_VSA8,PEOE_VSA10,SMR_VSA1,SMR_VSA9,SlogP_VSA1,SlogP_VSA2,SlogP_VSA4,SlogP_VSA5,SlogP_VSA10,EState_VSA1,VSA_EState1,VSA_EState8,VSA_EState9,MDEC-22,MDEC-23,TopoPSA(NO),GGI3,GGI4,GGI6,GGI8,GGI9,GGI10,JGI2,FNSA1,RASA,Mor02m,Mor08m,Mor10m,Mor12m,Mor23m,Mor24m,MOMI-Z,Silicos-IT_Log_P,ESOL_Solubility_(mg/ml),GATS1i,GATS2c,AXp-0d,JGI4,PEOE_VSA1,GATS7i,GATS4s,RNCS,AATS7s,GATS5d,ETA_dAlpha_B,GATS3i,SlogP_VSA3,GATS4i,GATS6p,Mor30m,GATS2d,Mor13m,ATSC8dv,EState_VSA5,GATS1v,AETA_beta_ns_d,Mor26m,GATS4dv,Mor03m,MLOGP,IC1,Ali_Log_S,Mor31m,EState_VSA4,GATS8c,Xc-3dv,SpDiam_A,ATSC1dv,SaaS,GATS3c,AMID_C,GGI7,GATS5i,AATS2i,AATSC0v,ETA_epsilon_5,SMR_VSA3,CIC2,CIC1,MATS8s,GATS3s,SdssC,GATS7dv,GATS8dv,ATSC7d,GATS7p,SdO,SMR_VSA4,SssS,AETA_alpha,MAXaaCH,GATS1d,GATS6s,GATS2i,AATS5d,SsNH2,SddssS,PEOE_VSA9,GATS5p
2.443940753,4.178208277,2.941176471,2.863984674,2.760162602,1.593661858,147.1796749,157.7127406,157.5471253,159.3377075,5.948242188,0.01397489853,-0.2495754875,-0.1489715073,-0.06752133943,0.0172003215,1.182327592,1.129314406,0.9915227988,0.4987709497,1.039106145,1.126852886,1.048661144,1.230805161,1.258317277,1.071025181,0.7844495892,1.028766213,0.9733404636,0.9234438227,0.8775167219,1.011986906,0.9952632364,0.8725859419,-0.3951118671,1.734391607,3.05962641,1.43179288,0.1909963421,0.1271728419,0.06587175382,0.0,0.0,0.0,0.0,0.0,1.742872103,0.0,0.0,0.0,0.0,0.0,0.0,0.0,0.9300491308,1.75548947,0.3,0.6666666667,0.1705503255,0.02251082251,0.65625,32.27661356,4.983978521,5.098681808,6.066367068,36.39820241,24.15398221,5.693927995,0.0,22.64523548,0.0,25.14929918,0.0,0.0,0.0,0.0,0.0,0.0,0.0,10.2543515,17.20232731,67.35,0.8055555556,1.006666667,0.2277097506,0.06701152683,0.026875,0.01632486481,0.06734006734,0.3655091099,0.8861928707,18.1625912,-1.096148384,0.5432375962,1.737758926,-0.6661725059,0.1547938535,1055.345577,3.42,0.147,1.072004703,1.246185255,0.670033492,0.03471264368,0.0,0.8791572019,1.023417011,53.53846282,2.905228758,1.083108542,0.02380952381,0.9820893794,0.0,1.009621081,1.082922621,0.2107422011,0.9904361534,-1.045147515,-4.77734375,0.0,0.766774918,0.0,0.03312699174,1.133780261,-1.931001647,0.93,2.925608112,-2.82,-0.03921840821,33.67863691,0.8710952174,0.3862693728,4.839461542,26.32421875,0.0,0.9519083427,1.614035966,0.1771187642,1.017370614,150.6171579,46.0281797,0.7727272727,25.14929918,1.075199124,2.074391888,0.03554139831,0.9485281798,0.0,1.037747837,1.054312577,-1.129882813,0.9741106142,0.0,0.0,0.0,0.4761904762,1.965147392,0.5734104046,1.014141547,1.268281717,3.483333333,0.0,0.0,22.42125742,1.00979996
2.479157266,4.547174271,3.071428571,2.793582375,2.642655367,1.559693289,148.4885439,156.9974297,159.1825006,162.2429162,14.91975309,0.01425164682,-0.5025169592,0.1832141975,0.0005662273498,0.03522916934,1.611680411,1.423719337,1.191607552,0.4638192268,1.159156785,0.8658313908,0.964559387,1.151004193,0.9995704803,0.9045160161,0.9224042748,0.7223819476,0.9892888929,0.8342492746,1.042052105,0.9176672295,1.145912559,1.040191426,-0.3832819307,0.9925253549,3.057290442,1.434148518,0.1597759284,0.09344475674,0.1469872085,0.0,6.223711232,0.0,7.445865085,0.0,0.0,0.0,3.467632958,1.754432169,0.0,0.0,0.0,0.0,1.279765107,1.989285604,0.3648648649,0.6693548387,0.219804709,0.02971652004,0.5185185185,30.15823057,14.98529578,5.425791397,18.20875424,62.23960296,23.15437369,12.16293986,0.0,11.38785599,10.74258,26.29938345,26.93698721,28.33916347,5.687386275,0.0,0.0,6.799987372,0.0,10.00791679,24.46744655,83.3,1.791666667,1.988888889,0.6540136054,0.2902730537,0.291882716,0.2356881951,0.07111111111,0.360995578,0.8960762815,29.42344251,-2.414231418,0.8716442058,1.432149594,-0.7600180486,0.1129777564,2149.026985,3.76,0.0102,1.273040708,1.121534753,0.6894086529,0.04625322997,10.30076712,0.9631379061,1.086212904,28.92047703,2.559964727,0.9995704803,0.02258064516,1.055806262,6.544756406,1.157269144,0.9082556436,0.2472222515,1.206499555,-1.607888217,-36.0,11.12690298,0.8958941687,0.01612903226,-0.1455482031,0.9698135198,-3.419458659,2.45,3.703354099,-4.54,-0.08074258167,46.02638289,1.130587517,0.9619196634,4.848826338,88.0,0.0,1.080107949,1.607335694,0.5755385488,1.051461552,154.9564336,49.59307996,0.7606060606,25.38663948,1.083876389,2.051533403,0.007790212621,1.120536096,0.9490615476,1.012285554,1.05482794,-3.944444444,0.9130021825,0.0,4.992404733,0.0,0.4774193548,2.153620492,0.6401190268,1.089970161,1.139197924,3.1,0.0,0.0,23.62654039,0.9365699445
2.553610548,4.432197729,2.898089172,2.901766004,2.304340278,1.434364884,147.0960267,159.3784206,157.5531245,158.8478566,15.40816327,0.01574823075,-0.2751540405,-0.01091529971,-0.07990210193,-0.09930677768,1.323837456,1.292941829,0.8634870136,0.4862824265,1.05437614,1.03404136,1.276869149,1.166666667,1.003033367,1.230992351,0.5579710145,0.6749311295,0.6579408213,0.8483989624,0.9219519721,1.230163811,1.065670079,0.9929475273,-0.5138731373,0.9779932935,7.008272534,1.343850104,0.1835222894,0.09868344179,0.1629577072,0.0,2.075821541,0.0,0.0,0.0,1.863045777,0.0,0.0,4.101026672,0.0,5.882335879,0.0,0.0,1.246530291,1.806829999,0.3440643863,0.6857142857,0.2333987871,0.0,0.5238095238,32.60149878,0.0,5.098681808,6.066367068,55.78460206,67.82743994,11.44343983,9.531400138,28.26427081,4.736862954,75.28902055,0.0,12.11474962,0.0,0.0,8.000447108,4.250004265,2.075821541,21.96773029,32.49749527,76.38,2.131944444,2.01,0.6679365079,0.3522297808,0.204382716,0.1396816651,0.0701754386,0.2608416274,0.8845708178,22.92103684,-3.467645881,1.32652771,1.896691312,-0.712726534,0.2370313316,2724.205579,3.31,0.0222,1.403119844,1.525928202,0.6793555896,0.03654545455,14.53668242,1.094123157,1.238605335,49.45199308,2.72965322,1.081395349,0.02666666667,0.8817956871,17.76011521,1.067310969,0.9506064234,0.2023129633,1.112178871,-1.815896137,44.47039557,5.693927995,0.9779248369,0.01428571429,-0.1774301966,0.9163391735,-5.036230522,1.29,3.576391666,-3.68,-0.08977036296,78.98310918,0.7638778965,1.009607632,5.008635141,92.22650542,0.0,1.070675212,1.623732213,0.4444444444,0.9847424485,156.9133286,49.7950503,0.8123809524,29.54826125,1.168661157,2.400888257,0.02910676718,0.9650771388,0.02347896387,1.05066548,0.8370136266,-9.326530612,1.217212024,12.58338543,0.0,0.0,0.4733333333,2.057913278,0.6308139535,1.164763093,1.113994028,3.192546584,0.0,0.0,11.21062871,0.8462198513
2.47919456,4.548122311,3.5625,3.154388821,3.126075571,1.662757373,147.8576336,158.8206985,159.1756787,159.3611707,7.349932096,0.01549032751,-0.5376742661,-0.08282610616,-0.09491617076,0.05164021434,1.543132941,1.451303718,1.003565555,0.4474048177,1.054996823,1.156148328,1.012158678,1.005928527,1.094448329,1.023757817,0.537076783,0.5778282529,0.5528812127,0.8361368736,0.9995091245,1.170841337,1.26868805,0.8781389542,-0.3836349988,0.9929188504,8.002961739,0.6049847703,0.1578605564,0.09759523029,0.1146045727,0.0,1.925263429,0.0,7.237568955,0.0,0.0,0.0,3.174007937,1.699533457,0.0,0.0,0.0,0.0,0.905947027,0.8539603229,0.3647475072,0.6693548387,0.2165514338,0.01743471582,0.5957446809,31.83179984,23.76612587,5.425791397,23.47917305,42.82867707,30.07811089,23.66690504,8.780830095,11.38785599,10.74258,21.31540493,24.72395449,16.13452668,13.91238858,11.63444168,27.00228176,2.165769906,0.0,9.781768621,24.43877474,67.51,2.166666667,1.988888889,0.696462585,0.3023904006,0.324691358,0.2026303438,0.05777777778,0.4585695509,0.7625616717,27.48782268,-2.541873193,0.02029542686,1.683786806,-0.5396658437,0.318773892,2190.410097,4.67,0.00291,0.9748353851,0.9282329246,0.6894086529,0.04419753086,5.316788604,0.9322048309,0.5752820316,34.55648829,3.250192901,1.06519121,0.02242703533,1.02585155,6.544756406,0.998355379,1.076638462,0.1169361086,1.054700227,-1.006514612,20.05890046,29.80805538,0.798112485,0.04838709677,0.01526404539,0.9206167476,-4.410404488,3.58,3.861316321,-5.49,0.348906912,39.76417839,0.9305926229,0.9822172901,4.84886367,53.14073739,1.440856245,1.112338751,1.493307708,0.5130385488,0.9139402322,153.9753421,46.71643133,0.8404761905,20.40266096,0.7394656915,1.69327253,0.009572478241,1.065779493,0.9154223356,0.8524908636,0.8295561501,-8.112267995,1.419179299,0.0,4.992404733,0.0,0.4775729647,1.934558389,0.7401305247,0.7262785625,0.9969757034,3.663157895,0.0,0.0,10.57107519,1.092928705
2.478793984,4.473770881,3.4375,2.770858771,2.677141788,1.673123576,146.1688725,154.9795386,156.3238166,157.2717485,9.372566772,0.01349493528,-0.5367914382,0.1077965309,-0.1557494756,0.1425932307,1.605557444,1.375803697,1.249043924,0.5385371777,1.030801425,0.9958392936,1.107449855,1.023674242,1.03714364,1.094129555,0.8482306971,0.9153877665,0.8602140184,0.8623184619,0.9781826456,1.160426864,1.279473385,0.9772727927,-0.383634338,0.9938424863,3.05728196,0.6049850547,0.1690279862,0.1044982807,0.1146045727,0.0,1.991639716,0.0,7.557686138,0.0,0.0,0.0,3.452896825,1.777357148,0.0,0.0,0.0,0.0,1.21158855,1.991639716,0.3091334895,0.6637931034,0.2218733688,0.01639846743,0.5957446809,33.13142796,14.98529578,5.425791397,53.8110084,30.69594294,24.01174382,12.03246336,0.0,11.38785599,10.74258,21.31540493,13.08951281,16.13452668,5.13155848,0.0,0.0,2.710479527,0.0,14.31861096,22.53967696,67.51,1.416666667,1.606666667,0.5331972789,0.2398904006,0.164691358,0.1365146414,0.05797101449,0.4116347779,0.911608274,27.64460032,-2.790862041,0.02180851767,0.742252457,-0.5864022038,0.3037120292,2090.935854,3.84,0.0056,1.134596526,1.026886441,0.676937285,0.04016666667,5.316788604,1.150832861,1.117571291,25.43902669,2.741319444,1.141637812,0.009195402299,1.041303052,6.544756406,1.170314379,1.090015135,0.275387375,1.060349952,-1.106356984,-37.40058347,5.563451492,0.8116679997,0.01724137931,-0.1276427752,1.000633914,-4.026870123,2.82,3.584304619,-5.28,0.1799467116,45.37412621,0.9545634688,0.8562291324,4.84846034,51.29797294,1.619959136,1.078594065,1.590019291,0.5130385488,1.094716697,151.8999972,50.00811246,0.7755555556,20.40266096,1.020726988,1.970284233,0.02832576314,1.044931333,1.03385855,0.998869326,1.063139687,-12.12222725,1.426756814,0.0,4.992404733,0.0,0.4908045977,2.100379751,0.6449464654,1.319684022,1.089059077,3.578947368,0.0,0.0,10.57107519,1.110864233
2.484687723,4.465964913,3.17,2.913837449,2.984889403,1.598306035,145.2487057,159.4887652,159.1539262,157.7594281,9.655047533,0.01444978724,-0.586122949,0.01203836282,-0.06774345629,-0.00825629086,1.614372904,1.25927266,1.266936745,0.5942320026,1.098187506,1.113730073,1.095390632,1.000684215,1.028155618,0.984142107,0.7869075941,0.5549929326,0.9223070414,0.8799382887,0.8872348941,0.9783675089,1.033409374,1.033896445,-0.3761913255,0.9715724923,7.014207891,0.2980105395,0.1565948713,0.09732883382,0.1110709264,0.0,3.775986215,0.0,0.0,0.0,2.033356859,0.0,2.603917549,0.0,0.0,0.0,0.0,0.0,0.9673781442,1.819881272,0.2823529412,0.6517857143,0.2480447407,0.03698412698,0.4042553191,32.01007426,28.09182741,0.0,12.99010427,25.47729296,16.63744226,16.52595619,8.417796984,21.95893118,4.722094864,34.10656467,6.9237372,24.86289132,0.0,10.02329115,27.66019284,3.889570084,-3.309492663,5.243799591,15.77250798,100.63,1.826388889,1.678333333,0.7741950113,0.377196712,0.3087654321,0.1810039792,0.07407407407,0.3954750013,0.8240972707,31.92182127,-3.176877805,-0.0630462131,0.3952347066,-0.7572712575,0.7093295999,3010.037212,5.4,0.0123,1.235389404,0.9604905337,0.7044787097,0.04195833333,4.983978521,1.033303929,1.359429241,23.49708368,2.676363169,0.9688840899,0.0,0.8627145148,16.56804756,1.091583973,0.9993169796,-0.2624602182,1.055996723,-0.7121389858,-29.56375434,11.33678588,0.8560129174,0.0,-0.5432106613,1.127793592,-5.022537656,0.41,4.019717246,-6.28,0.2054449263,37.86947981,0.8037005729,1.388101507,4.832911472,40.64373019,3.097591329,1.086684958,1.33570882,0.6180909864,0.9953751712,152.868582,52.50692735,0.8177777778,24.65800895,0.516269415,1.534871606,0.05612796893,1.24442414,0.0,1.01977527,1.024165362,-11.58352196,0.83412925,23.97426797,0.0,0.0,0.505952381,2.064991772,0.8642140921,0.867564984,1.161301083,3.416666667,0.0,-3.309492663,33.71869792,0.7973955805
2.526633439,4.574682887,3.469387755,3.658333333,3.900830737,1.594751004,147.1889596,153.1917434,157.0609274,157.4430247,10.59924386,0.02916173558,-0.4949766607,-0.07445867041,-0.1244186777,-0.01119422128,1.486387289,0.8574464152,0.9311638669,0.4916131253,1.000354625,1.002873503,1.086536255,1.255180989,0.9982172083,1.179711246,0.6659007353,0.5904261633,0.6637502907,0.8555152636,1.007327983,1.056386871,1.047185198,0.9634348594,-0.4868825717,0.9727749776,7.009368063,1.401734117,0.1538786109,0.0952698347,0.1275821809,0.0,0.0,0.0,0.0,0.0,0.0,0.0,0.0,0.0,0.0,10.86650503,0.0,0.0,0.7541751701,1.575034909,0.3875598086,0.6666666667,0.189290737,0.05050505051,0.5652173913,33.15744284,4.681802935,0.0,6.066367068,54.59730362,17.32374656,0.0,14.26826309,39.70116891,20.76666028,27.4645853,0.0,10.35798868,0.0,5.907179729,12.27791707,0.1623294823,0.0,13.16622083,28.475568,112.23,2.361111111,2.011666667,0.6538321995,0.3908100277,0.2493904321,0.1231527395,0.07709750567,0.4312565481,0.7294992951,27.90289226,-2.275622193,1.42947192,2.106107968,-0.6818815627,0.2657156898,2093.279906,3.13,0.0292,1.035286165,1.046260393,0.6888187153,0.04190972222,15.20739338,0.9238508864,1.069181278,166.3114418,3.776077098,1.065315004,0.03555555556,1.207620206,0.0,1.115894799,0.8724568458,0.4298381929,1.077760892,-1.70740037,27.17013233,4.681802935,0.7707667714,0.01666666667,-0.4974652165,1.019626814,-3.705846229,1.9,3.506544483,-4.4,-0.4673191603,5.563451492,0.7987170989,0.7090739295,4.902346148,39.74102079,0.0,0.8273767777,1.557415785,0.4756944444,1.011798497,150.5716193,45.48331132,0.8050505051,14.76446326,0.9830278467,2.017017473,0.2294700291,0.8802461836,-0.5318461614,0.9475536428,0.891158381,-8.862003781,1.027985271,24.71311804,5.733667477,0.0,0.4644444444,1.852930653,0.6291793313,1.203174491,1.106167404,3.472727273,5.31165637,0.0,22.63869376,0.89836922
2.554864625,4.505469282,2.975903614,2.691767068,2.68132716,1.545664457,144.8388578,154.6968957,156.6866838,155.9839035,17.22037087,0.01411582004,-0.3566992165,-0.07926246142,0.03940090273,0.06080921197,1.358289805,0.8010119468,0.8002199202,0.4383071664,1.081396737,0.9947445943,0.9166275128,1.142888526,1.161394259,0.959038262,0.5938469604,0.6296649041,0.8159634066,0.8105015071,0.9293953632,1.03340031,0.8469560856,0.9385346693,-0.4947199896,0.9777394418,7.008273069,1.343837143,0.1891213531,0.1045499747,0.191540908,0.0,3.47790223,0.0,0.0,0.0,1.880539113,0.0,0.0,1.555977941,0.0,6.175691526,0.0,0.0,1.232057947,1.778768932,0.3669902913,0.6597222222,0.2050367286,0.0,0.5081967213,34.81406799,0.0,5.098681808,6.066367068,79.06876542,55.24084271,17.19295166,9.531400138,34.01378264,4.736862954,44.65087521,0.0,22.47273829,0.0,0.0,8.289318585,0.9155404988,3.47790223,21.32644375,38.03017578,73.14,2.381944444,2.13,0.8368707483,0.3275384228,0.279691358,0.1913151719,0.06779661017,0.3018993667,0.8885019249,26.52293225,-3.256283525,1.678773877,2.497010411,-0.6498553789,0.1006502127,2891.606548,4.64,0.0014,1.212469863,1.2642319,0.6846580312,0.03610169492,9.636772685,0.9856453275,1.838308745,56.74323821,2.522590361,1.133757318,0.02314814815,1.022186978,12.96557803,0.911581462,1.055587651,0.2792573418,1.062484308,-1.995095772,-58.27895727,5.693927995,0.8935475945,0.01388888889,-0.4423888354,1.255788649,-5.335498201,2.8,3.517966614,-5.34,-0.1300212456,52.80408356,1.250105082,1.030272772,5.014623533,95.29427573,0.0,1.156356722,1.694984141,0.5243055556,1.180391551,152.5405354,49.86598846,0.7981481481,24.64835152,1.20595939,2.412770724,-0.02603706995,0.8954575719,-0.04130506027,0.9235367654,1.119501509,-7.355818328,1.047459293,12.18801804,0.0,0.0,0.4768518519,2.051964949,0.5969404058,0.5089013338,1.053194811,3.676258993,0.0,0.0,11.21062871,1.105929266
2.483893655,4.469239665,3.306930693,3.063838498,2.96941358,1.58666081,145.4544747,155.7660774,157.7326513,157.6249401,9.715277778,0.02566272021,-0.5423423379,0.06089404376,-0.05855874559,-0.02112203811,1.56315811,0.9921658912,1.186500644,0.5126343013,1.106078644,0.9620575943,1.018016407,1.130891,1.086972902,1.056533658,0.6734931658,0.7036757073,0.9228350905,0.8494276874,0.9891210266,1.045773347,1.125734453,0.9397990846,-0.4868813938,0.9779936759,7.008272213,0.6101356715,0.1605274627,0.08888261617,0.0963266143,0.0,1.952277995,0.0,0.0,0.0,0.0,0.0,2.911211787,0.0,0.0,10.93236962,0.0,0.0,0.9384880154,1.777071801,0.3464203233,0.675,0.2096745819,0.03368055556,0.5833333333,33.97362214,9.967957042,0.0,18.19910121,37.25557254,22.20089375,16.52595619,14.26826309,33.45795484,14.79051451,27.6520576,6.9237372,21.87632117,0.0,0.0,10.93236962,2.445035208,0.0,9.949004298,22.40598613,89.13,1.763888889,1.549444444,0.6157823129,0.3817476064,0.2340740741,0.1391735537,0.06944444444,0.4022984508,0.8275515626,32.99708002,-3.022810595,1.143065544,0.6041077112,-0.8539439372,0.4690717346,3118.226529,5.51,0.00715,1.149692263,1.140932247,0.6833808251,0.03689153439,19.77449303,1.110114633,1.419658596,159.4230246,2.90404596,1.084782274,0.01888888889,0.9977120468,6.544756406,1.209575689,1.181391838,0.2517276259,1.076709476,-1.439853838,13.27391975,11.33678588,0.809221746,0.0,-0.3811187736,1.079160959,-4.634639296,1.58,3.872862303,-5.62,-0.1430997774,33.40237101,0.8600610875,0.7990375584,4.832087205,53.31095679,1.534617103,0.8606452693,1.544432243,0.4748795351,1.095369296,151.4510451,48.90457884,0.8052083333,20.26872417,0.9064536459,1.712100197,0.04529252885,0.997261901,-0.1497476129,0.9783379595,0.9726777466,-6.491319444,1.089658123,12.38748025,0.0,0.0,0.4811111111,1.990367405,0.6637198622,1.045760671,1.088266819,3.525773196,0.0,0.0,12.2386844,0.9093535495
2.434987024,4.391028702,2.824175824,3.028333333,2.718706048,1.549490554,145.2372638,154.6452864,155.3612222,157.6523044,8.595463138,0.0170240073,-0.269653478,0.0005546047637,-0.02482699162,-0.04657048201,1.189782636,0.7325301143,0.8070235967,0.5009480565,1.168054304,0.9552872861,0.9717359413,1.133281192,1.046082823,0.9861451049,0.6118234099,0.7564420335,0.5789217613,0.9013067383,0.9820213868,1.060068008,0.963823597,1.042534085,-0.5164392479,0.9729522094,7.008271862,1.427567332,0.2313568702,0.09015818944,0.0761440227,0.0,1.498885423,0.0,0.0,0.0,0.0,0.0,0.0,0.0,0.0,5.416356525,0.0,0.0,0.9965826584,1.751492282,0.3015075377,0.6339285714,0.1842839566,0.01765188834,0.5,26.92233453,0.0,5.098681808,6.066367068,61.01812524,29.7174337,18.05032179,9.531400138,39.52165029,4.736862954,32.55544757,0.0,6.9237372,0.0,0.0,5.416356525,1.572168719,0.0,15.74333193,25.40670504,80.76,0.9930555556,1.095555556,0.4194557823,0.2262692114,0.112183642,0.1066238139,0.06878306878,0.3658323715,0.8731880815,24.84350472,-1.744620654,1.258085386,1.450149492,-0.713038085,0.1946882698,1228.460929,4.79,0.0294,1.078808284,1.292450751,0.6909544362,0.02738888889,4.736862954,1.022034516,0.5962684815,28.17492122,2.760683761,1.06756993,0.02619047619,0.9832045458,4.794537184,1.071201425,1.047841496,0.3040566839,1.156667699,-1.358320487,14.99432892,6.9237372,0.8563924788,0.01785714286,-0.1349170259,0.9990449267,-3.220402971,1.13,3.5254445,-4.13,-0.2255061634,33.77213846,0.9435662025,0.6362155437,4.818276879,48.92438563,0.0,1.015371105,1.640647526,0.3229520975,1.080224559,150.6142273,48.7209073,0.7942528736,20.16532066,0.7670480982,1.998117456,0.03008587098,1.340935981,-0.01179028347,0.8870872404,0.9321438519,1.801512287,1.062833167,11.03836416,0.0,0.0,0.4738095238,2.016593259,0.6831561296,0.926549612,1.136171152,3.22,0.0,0.0,11.38785599,0.9902267429
2.478936865,4.51049676,3.189655172,2.779320988,2.575975529,1.620130942,147.9609889,157.3723122,158.3109128,161.9162416,12.75,0.01506305891,-0.4995143091,0.1056842352,0.1012664571,-0.09900995601,1.593991991,1.252090456,1.424769528,0.4858885136,1.143526743,0.8903736318,1.004001189,1.134920635,1.034482759,1.015037594,0.9254716345,0.7708239048,0.8855244135,0.8883641275,0.9783077638,0.9497716005,1.034991223,1.097062228,-0.3832820281,0.9878601675,3.057289002,0.6294009932,0.1592768708,0.09315111428,0.06365387513,0.0,4.061561316,0.0,7.43851296,0.0,0.0,0.0,3.441633335,1.752663542,0.0,0.0,0.0,0.0,1.23809844,1.987821129,0.3237885463,0.6693548387,0.2293193753,0.0302378625,0.5384615385,28.42005889,14.98529578,5.425791397,12.14238718,55.6537289,28.04985716,12.16293986,0.0,11.38785599,10.74258,32.55515263,13.08951281,17.21226049,5.687386275,0.0,0.0,2.560241685,0.0,11.91630315,24.29046293,83.3,1.479166667,1.837777778,0.5723809524,0.2590230537,0.211882716,0.2226303438,0.06349206349,0.4013392221,0.8972192971,30.21533539,-2.036631265,0.2683412712,1.69991549,-0.7394638663,0.05764286323,2180.156366,3.33,0.0132,1.202428832,1.14066828,0.6841461785,0.04273901809,10.30076712,0.9111367321,1.09744178,30.6228201,2.651234568,1.06779661,0.01182795699,0.9967102316,6.544756406,1.101106401,0.8209208128,0.254079612,1.118012422,-1.414465064,-12.00460224,4.895483476,0.8419519833,0.03225806452,-0.1657288355,1.014547267,-4.041919824,2.51,3.751632789,-4.85,-0.2502959431,46.02638289,0.9090360117,0.877368674,4.848604167,75.74556213,0.0,1.086353051,1.551751125,0.5755385488,1.118399357,153.6858859,50.24069857,0.7686868687,25.38663948,0.7699826926,1.948806929,0.01430089297,1.089916386,0.9473422502,1.118813672,0.9729904004,-8.0,0.8823288653,0.0,4.992404733,1.730197301,0.488172043,2.107141054,0.6275510204,0.9557405389,1.170031011,3.254237288,0.0,0.0,23.62654039,0.8925708375
2.479665346,4.592143098,3.288288288,3.498397436,3.170981661,1.50055205,150.6227588,163.5217372,164.1776681,164.0833098,9.703125,0.01874242464,-0.4735516832,-0.1144686999,0.009471852089,0.03749536636,1.526630217,1.095024845,1.037366544,0.4153388278,1.014748035,1.054946833,0.9016941392,1.089697145,1.111799493,0.9250451041,0.5459221697,0.608092821,0.6813870094,0.8946434032,0.9581582932,0.952414314,1.011181547,0.9614630423,-0.3832828006,0.9925445055,8.003004674,1.425951198,0.1455668877,0.08568957784,0.08760231951,0.0,1.912898413,0.0,7.073676348,0.0,0.0,0.0,2.893697772,1.664197244,0.0,0.0,0.0,0.0,0.8669307239,1.076691804,0.3757455268,0.685483871,0.206097908,0.03407345343,0.5833333333,30.43903568,23.76612587,5.425791397,18.20875424,37.26522558,17.46698741,12.16293986,8.780830095,11.38785599,10.74258,26.29938345,24.72395449,17.21226049,14.46821637,11.63444168,27.48193107,2.084286042,0.0,9.857598928,23.997636,83.3,2.041666667,1.908888889,0.614829932,0.3699058327,0.284691358,0.2275257627,0.07555555556,0.4440634475,0.7714694921,30.97009812,-2.573080398,0.9142737892,2.216510363,-0.915551887,0.02388477495,2186.707631,3.55,0.0201,1.066141587,1.180068953,0.6894086529,0.04338383838,10.30076712,0.7636130321,0.9953680966,32.18433714,3.283283283,1.097480696,0.03640552995,0.9328077585,6.544756406,0.9989635151,0.9190060888,0.2202632504,1.12238806,-1.587851179,10.75,18.4712695,0.8323516745,0.04838709677,-0.04917241085,1.127493261,-3.835582536,2.78,3.885299815,-3.99,0.008165063929,34.8870312,1.012070363,0.7638800108,4.849338157,60.5,0.0,0.9629259225,1.493626464,0.5538548753,1.009978288,156.2364618,45.31563466,0.8281385281,25.38663948,0.7240601563,1.699662686,-0.02644778536,0.7508930421,0.8155020681,0.9305233805,0.8735090153,-4.41015625,0.8975007662,0.0,4.992404733,0.0,0.46359447,1.919592548,0.6783664097,0.6512697479,1.095035408,3.54368932,0.0,0.0,29.31392667,1.019254095
2.477060554,4.55375734,3.223140496,2.961538462,2.997704316,1.550107122,145.0431459,156.7504081,156.9724815,158.1541802,9.410466358,0.01228273946,-0.3650620415,-0.1031824582,-0.08316251675,0.1068993061,1.374355166,1.240074768,0.9457194813,0.5020611259,1.127461322,1.111519675,1.100672468,1.036146273,1.179970216,1.11814346,0.6111970808,0.6260982147,1.383005849,0.9291826201,0.9673682524,0.9825273825,1.014842903,1.027583128,-0.425173532,0.97795332,7.008272423,1.420015394,0.1480344716,0.1120478328,0.0761440227,0.0,1.953539736,0.0,0.0,0.0,1.975771616,0.0,2.908301157,0.0,0.0,0.0,0.0,0.0,0.9986330181,1.785197815,0.3195652174,0.640625,0.1838961498,0.01474116162,0.5660377358,33.51495759,0.0,5.098681808,36.39820241,54.95175817,34.72467712,12.2386844,4.794537184,22.51475897,5.316788604,25.65562151,6.9237372,5.693927995,5.687386275,0.0,1.667057351,2.053586189,0.0,20.45493089,30.13109509,72.7,1.972222222,1.793888889,0.7413151927,0.4323664651,0.264066358,0.1281501888,0.05333333333,0.3983098011,0.8912352026,29.8329492,-2.921958736,1.743008987,1.855895035,-0.7829290354,0.2419674918,2381.375993,4.44,0.00215,1.110829734,1.157863237,0.6848636974,0.0381678487,5.316788604,0.9798231287,0.7783409721,30.63628169,3.105142332,1.122421574,0.02083333333,0.9610070018,11.33929359,1.054956372,0.9416155241,0.4315971943,1.153491221,-1.916783334,-8.280882876,0.0,0.843304175,0.015625,-0.4891885026,0.9951418067,-3.145451125,2.47,3.330305299,-5.39,-0.3925607602,44.79899817,1.172889748,0.7900878146,4.876664293,57.71377714,0.0,1.194718665,1.700403742,0.474029195,1.148745881,150.0388206,49.6069051,0.7717171717,19.74844179,1.186049129,2.397615156,-0.08564338622,1.242412419,-0.1419325105,1.063160372,1.018111204,-7.757920968,0.9820769562,12.6085345,0.0,0.0,0.4791666667,2.090301687,0.7038418832,1.155367858,1.230068185,3.408695652,0.0,0.0,11.21062871,1.000120497
2.355558733,4.827861254,2.839506173,2.724369297,3.0208762,1.510056558,145.4446603,157.0115152,157.9188001,159.4725839,7.222222222,0.01719890356,-0.5716861687,-0.1061594259,0.1080888137,-0.04694719601,1.592977371,0.6843921966,1.064051865,0.6286803578,1.298230192,0.9431134218,0.7908882928,1.096140351,1.037037037,0.7731884058,0.914622751,0.4426392357,0.6718932183,0.9359687193,1.023310233,0.9886731182,0.9808297977,1.038862585,-0.4923873591,0.9684575887,7.014213094,0.3002092232,0.2203425021,0.1149386659,0.1565980496,0.01964185503,3.83331744,0.0,0.0,0.0,0.0,0.0,3.201210921,0.0,0.0,5.907962727,0.0,0.0,0.9381553766,1.457688207,0.2792553191,0.6153846154,0.1871033944,0.05636604775,0.4444444444,33.06112178,13.55677072,0.0,6.066367068,62.37841095,23.13506761,11.49902367,13.15465994,11.49902367,15.1926253,13.40177551,13.8474744,11.38785599,11.37477255,10.02329115,28.51788288,3.83331744,-3.694652026,10.92424127,18.35520524,94.31,1.8125,1.297777778,0.5053061224,0.3124212648,0.20125,0.1442709928,0.07222222222,0.422690096,0.7947419917,28.97317221,-2.676872075,0.668891496,1.085422478,-0.494476765,0.4493182363,806.1259064,2.36,0.0152,1.186846858,0.8878855494,0.7205323092,0.04055555556,10.05365156,0.9231557535,0.9989568291,39.95174338,2.806127115,0.818245614,0.01794871795,1.047694528,10.02329115,0.9902017218,0.8320992009,0.1321309454,1.314285714,-1.68320399,0.5022222222,12.13273414,0.8929337451,0.03846153846,-0.6834661493,1.181770733,-3.39035269,1.64,3.387336998,-5.12,-0.2787239249,22.76262854,1.072355276,1.24724894,4.711117465,29.57821674,0.0,1.455066344,1.509508519,0.40625,0.9894625058,150.7416113,50.71187832,0.7885057471,4.983978521,1.305090132,2.104516098,0.04242407765,1.038183447,0.0,1.028730843,0.9067075516,-3.333333333,0.8491426649,22.60992016,5.138973738,0.0,0.4820512821,1.900281955,0.9829787234,0.3377234541,1.212317133,2.726315789,5.104226329,-3.694652026,10.58941147,0.8834816064
2.54695347,4.500490354,3.124183007,2.391577061,2.356851852,1.418283712,147.3089717,159.9675702,158.8347426,161.2775098,15.04192421,0.01185756757,-0.2256811218,0.07631905469,-0.09549743874,0.04486605515,1.304826068,1.140524309,0.9385998467,0.523310367,1.079327632,0.9080881519,1.060178271,1.081049149,1.082444051,1.032227575,0.7651775263,1.032345239,1.093549356,0.861293852,0.92777316,0.9981319023,1.014972819,1.166991385,-0.4411416984,0.993840093,3.510026325,1.347835869,0.1626992483,0.05118396501,0.1288113406,0.0,2.022195826,0.0,4.332501179,0.0,2.193763306,0.0,0.0,2.483801233,0.0,5.464938818,0.0,0.0,1.156051296,1.971336136,0.3305084746,0.6893939394,0.2455859152,0.0,0.5245901639,29.67202721,4.983978521,5.098681808,18.20875424,49.24949869,37.43640511,5.693927995,4.736862954,22.51475897,0.0,62.06348431,6.9237372,17.80867761,0.0,0.0,9.81409874,8.628129919,0.0,23.73959916,28.03955089,61.0,2.111111111,1.561666667,0.7975056689,0.2653533636,0.186257716,0.1313151719,0.06172839506,0.2787603221,0.9164128697,30.89935649,-2.894746311,1.258737129,1.090251058,-0.7191453266,0.2433123961,2391.414006,3.59,0.0165,1.414775976,1.619363622,0.6727301626,0.0318707483,9.303962602,1.006043729,0.8023826665,149.0501901,2.375453885,0.9923476807,0.02323232323,0.9500488211,17.82637577,1.004595157,0.8983688641,0.3469073098,1.070055429,-2.014742732,-123.2475141,5.516700718,0.9880548125,0.0,-0.2500362562,0.9026312535,-4.743265555,1.91,3.522681072,-3.8,-0.248651227,91.77768326,0.9929329336,0.9091450214,4.946157861,87.92125773,0.0,1.143899881,1.65461659,0.5755385488,1.0960785,157.0659101,50.49134762,0.795959596,29.21545116,1.055842163,2.408056266,-0.1399436338,1.051809535,0.0,1.110190759,1.158478325,-18.38269282,0.9923995245,0.0,0.0,0.0,0.4767676768,2.264264141,0.6158704245,1.104637962,1.142580096,3.134615385,0.0,0.0,48.50709783,0.9738507772
2.462826447,4.212044087,2.949152542,3.017304189,2.660027952,1.757127915,144.1659287,153.5028767,153.116545,155.7051317,7.211072664,0.01503772994,-0.6047044758,0.2746456076,-0.1651971555,-0.08863812657,1.602572835,1.53759601,1.204616384,0.5702390063,1.011240874,1.074027301,1.216279096,1.045341615,1.267080745,1.142449852,1.123309368,0.8584584357,1.059909411,0.8845688677,0.8952842616,1.151639504,1.043218567,0.9577689896,-0.3869134947,0.9938486659,4.005274287,0.6050205064,0.2314290308,0.1115493625,0.1097114615,0.0,0.0,0.0,0.0,0.0,2.07135708,0.0,0.0,0.0,0.0,0.0,0.0,0.0,0.9462528345,1.752450922,0.3201219512,0.6477272727,0.1853179454,0.0404040404,0.6176470588,31.00404986,9.967957042,0.0,41.66862122,24.26546827,11.58306779,5.693927995,0.0,21.95893118,5.733667477,14.95193556,0.0,0.0,5.13155848,0.0,0.0,0.0,0.0,10.68920501,18.26135118,64.69,1.222222222,1.326666667,0.3257142857,0.09448223734,0.0425,0.01632486481,0.06349206349,0.4236990573,0.9080704063,20.73935905,-1.720318506,0.0749972144,1.337042018,-0.6070092993,0.04929411398,1319.279635,4.34,0.0044,0.9628516733,0.7358342936,0.6791339464,0.04279569892,5.733667477,1.109103623,0.9561968487,92.99148753,2.851537979,1.250475857,0.00303030303,1.022169339,0.0,1.107842882,1.20123519,0.2781133619,0.9462143928,-0.9535260692,-21.76547482,11.33678588,0.7031077067,0.02272727273,-0.3176630062,1.129762316,-3.635476281,1.6,2.932804578,-5.68,-0.01365036982,32.86185611,0.9484753084,0.644091192,4.858476049,24.16224529,1.435015826,0.9956881417,1.637850726,0.2951743197,0.9394202012,146.1972284,49.53705226,0.7444444444,14.95193556,1.096594486,2.154658264,-0.03983490638,0.9025139029,0.0,1.053396268,1.105944764,-5.456747405,1.20733967,0.0,0.0,0.0,0.496969697,2.065256992,0.6121369817,1.402792242,1.14757813,3.661290323,5.918594262,0.0,21.7817039,1.085627796
2.497208695,4.513463657,3.3125,2.44028298,2.134100612,1.581122307,144.000306,156.6712328,159.1303121,151.9834538,9.842975207,0.01412150388,-0.4356589511,0.04138601147,-0.08288693757,-0.1037634672,1.415651066,1.131708532,1.004260681,0.5442672477,1.086818633,1.077433294,1.254144744,1.04254277,0.9471142521,1.446023742,0.8806539687,1.054924927,0.8934831902,0.8553382836,0.9181363196,1.189600371,0.9384426978,1.035341044,-0.4173607762,0.993844579,3.51001883,0.6094207542,0.2052808217,0.09032972377,0.1433457877,0.0,2.022904813,0.0,0.0,0.4207821817,2.22272854,0.0,0.0,0.0,0.0,5.512646588,0.0,0.0,1.134641204,1.888847156,0.3435114504,0.6730769231,0.2643470353,0.01894586895,0.5681818182,31.58237972,14.95193556,0.0,6.066367068,31.89811458,35.76911223,16.52595619,4.736862954,21.95893118,0.0,33.14967801,6.9237372,30.27788178,0.0,0.0,6.698744471,3.632463227,0.0,7.444584377,20.57191057,63.69,1.388888889,1.354444444,0.5275283447,0.2693609851,0.136257716,0.05163350679,0.06718346253,0.3466355334,0.8685072019,27.72436245,-2.447051409,0.5062432875,0.5947064721,-0.9189985796,0.5889239454,2649.880063,6.71,0.0047,1.115768403,1.14904208,0.6734561893,0.03564327485,9.720841475,1.097340293,0.9713140783,109.862282,2.400980939,1.140367344,0.0,0.9801117935,4.736862954,1.047982589,1.097481016,0.01875521655,1.044611307,-1.089864842,-32.24334252,4.699919916,0.8184385026,0.0,-0.1152313999,0.973945425,-4.435268544,1.58,3.819909676,-5.96,0.1869836632,65.04937156,0.5022340746,0.9179788245,4.845890206,53.42883379,3.310557302,1.045893198,1.550009246,0.3281604308,0.8746405418,150.6081336,52.91577678,0.7925925926,19.93591408,0.7161312501,1.639521943,-0.01801649578,1.109217122,0.0,1.114437299,0.9424608954,-16.7231405,1.190238801,0.0,0.0,0.0,0.5038461538,2.192696995,0.6615871614,1.054037577,1.10659026,3.520833333,0.0,0.0,21.4210879,0.7554499457
2.55375461,4.413009073,2.748148148,2.94921875,2.440442561,1.488319459,148.2991478,159.5748317,156.2513714,157.4374748,12.64806331,0.01512459924,-0.4214781845,-0.05766824959,-0.03286935977,0.0008746537024,1.44723382,0.8922264573,0.7563912677,0.4671563858,1.063826204,1.112418374,1.121284621,1.077186126,1.250128853,1.154889396,0.6956622272,0.6434882595,0.7378904952,0.9271276023,0.8266972972,1.160061971,0.9249455163,0.9437620712,-0.4356902908,0.9776566619,7.008271822,1.343850114,0.1489909272,0.1089572074,0.130682846,0.0,0.0,0.0,0.0,0.0,1.819785,0.0,2.786465574,0.0,0.0,0.0,0.0,0.0,1.234874181,1.792292877,0.3567961165,0.6637931034,0.2132966268,0.04773706897,0.4897959184,27.95485275,0.0,5.098681808,12.13273414,48.73693008,41.26943352,5.693927995,4.794537184,22.51475897,11.05045608,32.20037792,0.0,12.11474962,5.687386275,0.0,2.09865947,0.8699774822,0.0,15.49921546,29.36794629,98.72,2.006944444,1.707777778,0.6271201814,0.2454018644,0.162816358,0.1439669421,0.06146572104,0.3066670127,0.8644540784,24.63086343,-2.453202462,1.193902105,1.423674917,-0.4850896078,0.08778305287,2195.54859,2.77,0.193,1.140486282,1.036543571,0.6825626887,0.0355787037,11.05045608,0.9993321564,0.9179358798,30.72677649,2.594238683,1.319873596,0.02643678161,0.8538887858,17.76011521,0.964681357,1.104875933,0.2772738907,0.972659176,-1.715484973,14.07538526,5.693927995,0.8378540573,0.01724137931,-0.2705199429,1.121170742,-3.602195323,1.04,3.825106079,-3.06,-0.2204987823,52.80408356,0.670067963,0.6971084482,5.009380053,60.87630154,0.0,0.9497723317,1.612717331,0.3802083333,1.223303533,152.5658165,48.65407825,0.7614583333,19.74844179,0.7275813154,1.789603765,0.01281360394,0.9208676707,-0.229261984,1.014105932,0.92233006,-9.964598084,1.142731017,11.62597056,5.733667477,0.0,0.4735632184,2.030837585,0.5921136315,0.7563465925,1.223653362,3.741071429,5.401903658,0.0,17.75538512,1.071311508
2.390735094,4.331820604,2.363636364,2.625706215,2.631421744,1.508126524,146.0803651,155.0367744,154.99188,158.3510474,15.7392753,0.02876418127,-0.3449783119,-0.27194359,-0.1521256224,0.1076273212,1.347063237,0.9091318487,0.8142249699,0.5088812892,1.15075789,1.34535056,0.9340192528,1.381131342,1.440846039,0.8911566344,0.9035966836,1.156934711,0.8441031007,0.7482852695,0.9737389541,0.8409217734,1.14262739,0.9110015727,-0.5277847106,0.9871941861,3.517547361,1.419941378,0.1803403222,0.07428232473,0.05040857505,0.0,6.666256248,0.0,0.0,0.0,0.0,0.0,3.334270676,0.0,0.0,22.09108738,0.0,0.0,0.8641817838,1.740695932,0.3166226913,0.6481481481,0.1887004935,0.01940035273,0.4081632653,35.45468631,0.0,0.0,6.066367068,31.18920547,35.77071733,11.49902367,18.94745182,28.74755917,24.26424042,26.31337114,6.9237372,5.693927995,11.37477255,0.0,22.09108738,1.910063424,4.756192824,8.77705093,18.04410385,61.84,2.125,1.568888889,0.4644897959,0.2421264802,0.156875,0.1691664116,0.06267806268,0.2289653391,0.8902199566,23.42228331,-2.331147937,1.235871091,1.802496101,-0.7020800298,0.3359794071,977.4533353,3.9,0.00562,1.342137356,1.501576152,0.7120519952,0.04022792023,24.26424042,0.8350162147,0.9327759058,85.65631137,2.353076217,1.15581479,0.03209876543,1.089983256,0.0,1.113237351,1.152345814,0.5054533534,1.0980195,-1.906405281,35.68554769,0.0,1.002169052,0.09259259259,-0.472955602,1.204863967,-2.606005119,1.96,3.192907997,-5.25,-0.4515331077,22.81821238,0.7874802565,0.5743191789,4.781470187,81.49312786,0.0,1.270122325,1.593051857,0.3333333333,0.972450287,155.6689747,49.86036791,0.8238095238,4.983978521,1.444775255,2.421801847,0.08861506779,1.079287308,0.0,0.7710199051,0.8457972942,7.715951687,0.8498021932,0.0,0.0,0.0,0.4679012346,1.950540675,0.5842026826,1.002900428,1.022676579,2.801724138,0.0,0.0,27.02332062,0.9599020759
2.478998053,4.531737251,3.213675214,3.01984127,2.8726647,1.531139663,150.5752208,158.9065809,160.4429129,162.5301929,11.13609467,0.02082809754,-0.5901936955,-0.02521585881,0.07628768031,-0.09643419108,1.661689804,0.8885460281,1.181247582,0.4800952104,1.155423759,0.9103608847,0.9647846333,1.096025829,1.003329298,0.9914672766,0.7603600283,0.5161077978,0.837741801,0.8958724057,0.999197121,0.9779132523,1.082118277,1.079807087,-0.3832848054,0.972936617,7.008276699,1.434202279,0.1318109077,0.08658969209,0.08329573016,0.0,1.957560358,0.0,7.296656436,0.0,0.0,0.0,3.313609904,1.717935449,0.0,0.0,0.0,0.0,0.9203648175,1.688159573,0.3592017738,0.6796875,0.2076933912,0.05821759259,0.5384615385,28.81366083,14.98529578,5.425791397,12.14238718,49.39795972,28.71782518,12.16293986,4.794537184,11.38785599,16.47624748,32.20656318,13.08951281,27.57024916,5.687386275,5.907179729,0.0,2.416194775,0.0,11.91630315,25.92287692,126.39,1.729166667,1.877777778,0.6131972789,0.3084057697,0.211882716,0.2426303438,0.0697167756,0.406701482,0.7986980535,30.89542096,-2.201926963,1.506587814,1.714414083,-0.8992168894,0.1397019522,2146.50863,1.92,0.152,1.226224196,0.9288718366,0.6899617195,0.04172839506,16.0344346,0.9211055661,1.012931194,35.3808444,2.831433998,1.04679803,0.03020833333,1.027639584,6.544756406,1.107581055,0.9256875831,0.3559597664,1.175404645,-1.537392054,-13.84763314,6.338535363,0.8198502429,0.015625,-0.2084470306,1.053086956,-3.476888686,1.28,3.874524318,-3.52,-0.2012184556,46.02638289,0.9444687431,0.8155034272,4.848666003,61.86686391,0.0,0.9401116675,1.512939576,0.5755385488,1.125154537,154.5195576,46.84385206,0.7657407407,25.38663948,0.7554656253,1.8259154,-0.06103801497,0.9691654607,0.4458248827,1.120359591,0.9710457725,-7.923076923,0.9290976194,11.26050332,10.72607221,0.0,0.4697916667,1.973330752,0.6852788529,0.4704970137,1.190864089,3.290598291,5.306778772,0.0,23.62654039,1.039550906
2.447406335,5.223103586,2.975409836,3.21959755,3.2031893,1.62478383,144.3883249,155.5053319,155.116866,156.3815423,11.06843522,0.01720817351,-0.4513845054,-0.02085196524,0.04592782758,-0.03139278588,1.340356809,0.8016714219,0.9039943173,0.4965534265,1.085881823,0.983004827,0.9197371422,1.155768076,1.238226741,1.002651557,0.7085794272,0.587489822,1.214158301,0.9083046084,0.9186291024,1.062189693,1.007473866,0.9832881022,-0.3874078304,0.9929418699,8.001919866,1.381898438,0.2259155236,0.1305729684,0.1084181901,0.0,1.92057956,0.0,0.0,0.0,1.311097861,0.0,3.331488778,0.0,10.33705855,0.0,0.0,0.0,0.880115219,1.427411386,0.3613892365,0.640625,0.1749900716,0.02992822129,0.568627451,30.28035517,4.390415048,0.0,12.13273414,67.58740788,34.9019044,11.56673267,9.496942443,28.26427081,5.316788604,20.05846296,12.74095804,5.693927995,15.7651876,0.0,14.19562262,1.92057956,0.0,16.45984242,34.31422992,70.93,2.5625,1.764444444,0.6506122449,0.3247669438,0.205625,0.2191613101,0.06535947712,0.4004752971,0.8121013622,27.49003623,-3.087580778,1.345271041,2.322007198,-0.9175478109,-0.1534966717,2293.991248,5.58,0.000394,0.9679550334,0.7798679662,0.6899617195,0.03393162393,10.423316,1.083421176,0.7783627765,93.42607812,3.273224044,1.021985572,0.0244047619,1.023625162,0.0,0.9560618928,1.062271599,0.4854144674,1.113083459,-1.735392961,-8.664359862,12.13273414,0.7877639393,0.046875,-0.4731665566,0.9887999918,-3.950224007,3.0,3.425617863,-6.29,-0.1533661302,22.63869376,0.9255995694,0.8126320977,4.894812669,48.72702807,0.0,1.242507154,1.712707257,0.4722222222,0.8983634165,148.005064,48.61474825,0.7788515406,14.95193556,0.975969363,2.246807479,-0.05852388518,1.015255305,0.0,1.022591265,1.101725217,0.2245290273,1.068835871,0.0,0.0,0.0,0.4755952381,1.927812037,0.6678500757,0.8370462385,1.122163344,3.325203252,0.0,0.0,27.9781672,0.9937483748
2.479390399,4.67741432,3.305785124,2.959259259,2.986590038,1.596867947,146.2974315,155.869144,157.2207366,159.3880929,11.13609467,0.01644958013,-0.573278819,-0.04010397014,-0.1358616789,0.1894116657,1.572180471,1.237765032,0.5859573319,0.4738571716,1.136397454,1.00914102,1.017880129,1.033273028,1.136299261,0.9866071429,0.7493249814,0.5164457739,0.8838404341,0.9004041639,0.9880281126,0.9051181789,1.033286222,1.016730109,-0.3955862763,0.9729366222,7.008276683,1.400923668,0.1472043396,0.09993708231,0.08505527698,0.0,1.959717879,0.0,0.0,0.0,1.622562232,0.0,0.0,0.0,0.0,0.0,0.0,0.0,0.939564403,1.677417319,0.3610503282,0.65625,0.1833480856,0.04276785714,0.5384615385,31.96357891,4.983978521,0.0,24.26546827,48.8853911,35.63533974,5.824404498,4.794537184,22.64523548,5.733667477,30.82707233,6.9237372,27.43977266,0.0,5.907179729,0.0,1.959717879,0.0,14.29069945,31.47405198,110.44,2.034722222,1.905,0.8172789116,0.3754251701,0.353125,0.1940618304,0.06100217865,0.3752888672,0.8043082238,33.97575706,-2.285408488,0.8745756098,2.161813599,-1.066570371,0.06637453892,2274.612598,4.97,0.0119,1.129808772,0.8603694995,0.6899617195,0.0396875,10.717646,0.8143328537,0.9529173219,122.509569,2.974747475,1.058685397,0.02395833333,1.029776818,6.420821623,1.117642593,0.9066439345,0.2203683608,1.16643209,-1.684710651,-47.20710059,0.0,0.8025638666,0.0,-0.1729421547,1.051216814,-2.963469315,1.33,3.597396517,-4.85,-0.1705009332,50.7604209,1.06925881,0.8636506151,4.879024159,59.0591716,0.0,1.00364487,1.649783106,0.4462514172,1.111960767,149.9806667,48.40089436,0.7561904762,24.9198926,0.9995032394,2.103043201,-0.1221465325,0.9911890764,-0.4500862385,0.9576720544,1.012745513,-5.017751479,0.8864846412,11.55235153,5.733667477,0.0,0.4760416667,1.990054614,0.6852788529,1.042424791,1.176963811,3.440677966,5.434177917,0.0,28.11518542,1.01593678
2.478994092,4.543847834,3.529411765,3.488953062,3.494360269,1.679226015,149.0315359,155.6355357,157.8815434,162.8657156,4.183391003,0.02316642297,-0.6984026067,-0.05168574114,-0.155376727,0.03039864361,1.925320653,0.873435467,1.151685731,0.4244423789,0.8438556305,1.05840778,1.141306024,1.000050785,1.008787098,0.9704887742,0.6014635279,0.2529257445,0.7684677267,0.832824665,1.022126234,1.261425532,1.286477174,0.7004801479,-0.43831478,0.9893221672,8.007392488,0.60498389,0.1469248199,0.2073156125,0.1146045727,0.0,1.918979875,0.0,7.220510286,0.0,0.0,-4.715741119,3.257575468,1.694622754,0.0,3.921625561,0.0,0.0,0.9091899358,1.284936311,0.307715311,0.6764705882,0.2197295168,0.01712284914,0.5490196078,34.57756726,14.98529578,5.425791397,35.61190719,42.82867707,24.01174382,17.78197519,17.9081081,17.13736782,15.47944295,27.67776379,13.08951281,16.13452668,18.30280362,6.362358859,41.02748194,2.296012004,0.0,11.96691268,24.04739053,76.74,1.979166667,2.157777778,0.7740136054,0.2837144117,0.291882716,0.2487460463,0.06060606061,0.5132030109,0.8969753491,35.42207038,-3.132514591,0.9644639617,1.869081269,-0.9415403323,0.3561136138,2292.158454,4.43,0.000579,0.9818075349,0.7199431353,0.697309751,0.04403628118,10.05365156,0.8634695799,0.5339648896,95.15144511,3.041591019,1.040733035,0.03165266106,0.7707414967,6.544756406,0.9833285619,1.027192833,0.6491341317,0.9062010955,-1.300924333,-66.28172925,29.80805538,0.8313377602,0.02941176471,-0.1063667881,0.8561490528,-6.637416851,2.82,3.952768709,-6.7,0.08566488547,39.26126281,0.6233235681,1.038749753,4.84866222,61.60096544,1.457532109,0.9133525504,1.428592537,0.6380385488,1.047028579,159.5265694,45.3779069,0.8821768707,20.40266096,0.7850803925,1.719656633,-0.03971518149,0.3871434431,0.9125078508,0.8352209648,1.029661927,-15.64705882,1.416079415,0.0,4.992404733,0.0,0.4683473389,1.929647687,0.9523047375,0.953764349,0.6792063253,3.490909091,0.0,0.0,10.57107519,1.087929268
2.475845804,4.356319718,3.139534884,3.274431058,3.28427896,1.604016094,144.7227279,153.9030889,158.3535104,153.0522818,6.431290898,0.02252518381,-0.6120048039,-0.07123047824,0.06761422848,0.114627386,1.517919242,0.8009377975,0.2821001767,0.5066034678,1.053347648,1.006932066,0.8482414507,1.153148249,0.9365713018,1.271914003,0.649373523,0.4849171343,0.8501782227,0.9483186681,1.040034385,1.210683433,0.9790051332,1.030131259,-0.3752358812,0.9729411994,8.001919869,1.432397384,0.2195557195,0.1540712279,0.0872910733,0.0,0.0,0.0,0.0,0.0,0.0,0.0,0.0,0.0,9.054265439,0.0,0.0,0.0,0.8937325208,1.390545196,0.355664283,0.6388888889,0.1724691728,0.03741409718,0.5609756098,33.19656922,14.16893075,0.0,12.13273414,48.53093655,29.08404162,11.64162534,14.29147963,33.90261496,0.0,26.02776825,5.817220841,10.35798868,4.390415048,5.969305288,13.31466888,0.0,0.0,14.19850435,27.927141,78.87,1.409722222,1.465555556,0.4570521542,0.3567806752,0.275,0.1363126212,0.07936507937,0.4823677858,0.6806937978,24.50755053,-1.753416567,1.356765458,1.623002601,-0.7048237197,0.2450649676,1747.697749,4.86,0.00713,0.9275797067,0.6908396102,0.6963983015,0.03757834758,10.09050592,0.9362896564,0.947764103,160.5705733,3.768087855,1.091151031,0.03139329806,1.11857702,0.0,1.02171092,0.9724511086,0.3394832118,1.18603373,-1.498288006,43.6989887,24.26546827,0.7567441633,0.01851851852,-0.3853634549,1.131445171,-2.723648285,2.78,3.254165884,-4.94,-0.2945558259,22.38428247,0.8222143444,0.6162743575,4.814805348,23.69303986,0.0,0.7365338234,1.64054541,0.2795493197,0.6971910615,147.5160065,46.23770573,0.805090312,14.95193556,1.042172096,2.103386121,-0.04278912395,0.801501362,-0.9810456493,0.7195069712,0.8656022048,-5.750148721,1.176075739,11.04449806,0.0,0.0,0.4686067019,1.858971172,0.7253674469,0.3994307111,1.023441983,3.455555556,0.0,0.0,16.95130748,0.7548596531
2.489034642,4.578097402,3.425742574,3.043016975,2.716481481,1.668655312,148.2300298,156.6360981,156.3308786,158.5773313,9.401991852,0.01271383553,-0.4467240567,0.05917792667,-0.05129025634,-0.04503994143,1.519419663,1.025211676,1.273352267,0.4926652888,1.071554802,1.013915069,1.128479257,1.030594557,1.0686273,1.124284971,0.8382377497,0.8122685379,0.8100384187,0.8735508074,0.9419397731,1.100368409,1.000953469,1.021839375,-0.4158682752,0.9779950878,3.066005337,1.197964042,0.1608051927,0.09620444119,0.1048899075,0.0,1.96231655,0.0,0.0,0.0,0.7577671333,0.0,3.223587176,0.0,0.0,0.0,5.60688723,0.0,0.9607104014,1.532206719,0.3280182232,0.6666666667,0.1849101569,0.01620071685,0.5957446809,33.84052441,14.18117935,10.19736362,24.26546827,61.10326455,29.3384529,12.02124807,0.0,22.51475897,5.316788604,34.47495837,6.9237372,5.693927995,5.687386275,0.0,3.39397765,1.96231655,0.0,14.24582729,23.31571702,72.93,1.666666667,1.891666667,0.654829932,0.3169721592,0.189382716,0.1365146414,0.06481481481,0.4255575349,0.9465810684,24.61839711,-1.89324875,0.8525387862,1.255657603,-1.074762671,0.570637933,2267.077433,3.36,0.00453,1.121057748,1.031644065,0.6833808251,0.04299242424,5.316788604,1.006620513,1.024793545,19.28994477,2.874281873,1.161569932,0.01222222222,0.9866014873,0.0,1.097105202,0.9700277894,0.3404577939,1.090007991,-1.381297929,-9.914088829,6.327320075,0.7961864826,0.01666666667,-0.3471358173,0.9671645006,-4.209684252,3.03,3.467782792,-5.47,-0.1750133912,39.54325046,0.8447895897,0.7985220372,4.858724972,58.25506765,0.0,1.15850033,1.534280837,0.6137329932,1.117802517,152.8073423,48.38776794,0.7860215054,29.36252149,1.020726988,2.086806059,0.1146938036,1.090970057,0.4767675002,1.063851247,0.9841864176,-10.89225894,1.23255409,0.0,0.0,0.0,0.4877777778,1.982145219,0.6613441008,1.110309601,1.213058822,3.642857143,0.0,0.0,5.693927995,0.980689543
2.527684553,3.951139256,2.571428571,2.645663957,2.287760417,1.582108434,144.7140155,154.7185566,153.5657036,157.094209,10.8531775,0.0146557676,-0.2117518127,0.02075064838,-0.1842691178,0.02450654465,1.176481269,1.038810084,0.7141105896,0.500481336,1.08584186,1.040133297,1.132924433,1.213155675,1.280103896,1.075894837,0.7851711603,1.088774751,0.7760290442,0.8278441546,0.8982076281,1.199491124,1.015614611,0.987313464,-0.5293598993,0.9879813945,3.513557274,1.399905568,0.3163476781,0.07587720504,0.08579236005,0.0,1.675285231,0.0,4.246591317,0.0,0.0,0.0,0.0,0.0,0.0,5.24688712,0.0,0.0,1.130388794,1.79904153,0.3227848101,0.6477272727,0.1978735067,0.0,0.5405405405,24.72911526,0.0,5.098681808,24.27512131,35.90493987,11.76029506,11.44343983,4.736862954,28.26427081,4.736862954,21.87426081,0.0,5.693927995,0.0,0.0,7.264326415,0.810834908,1.675285231,13.26955239,20.42153318,39.94,1.381944444,1.268333333,0.2719274376,0.1441326531,0.05469135802,0.02061014182,0.06349206349,0.3141452669,0.9500679145,20.31861007,-1.587926779,0.877796797,1.089260755,-0.740441615,0.148210926,1510.737134,3.2,0.0388,1.111945933,1.444496739,0.6791339464,0.03963541667,4.736862954,0.9673494859,1.026270827,58.56961046,2.46969697,1.259082689,0.02121212121,0.9832082187,6.544756406,1.111596634,1.039945827,0.3056453831,0.9566706021,-1.084719676,13.0182615,0.0,0.8674666031,0.02272727273,-0.1545989077,1.0781611,-2.381139668,2.09,3.295158192,-3.46,-0.2913773937,40.50295521,0.806168365,0.4695865375,4.893937783,47.87289993,0.0,0.997940717,1.713184827,0.2777777778,1.126669705,151.5170365,50.05059267,0.7893939394,14.76446326,0.8312131757,1.914295174,0.2463576378,0.9690451929,0.0,0.8887250274,0.9445358546,-5.30898466,1.193192804,0.0,0.0,0.0,0.4787878788,2.064768519,0.518961039,1.102692458,1.132036606,3.405063291,0.0,0.0,25.04240994,0.9687822183
2.450829886,4.557563262,3.163636364,2.878986626,2.759344109,1.402129323,148.6684509,162.2122103,164.832373,159.8351457,6.826272695,0.01300006041,-0.2749013998,-0.05838386525,-0.008824186874,-0.09328952318,1.329498302,0.9888948197,1.279091278,0.5129172249,0.8562680205,1.127243629,1.090938477,0.9668872326,1.004215673,1.080201477,0.5450569083,0.5965329162,0.6995564288,0.954629469,0.9727023369,0.9687290533,0.884376339,0.967006602,-0.4302141194,0.9929434613,8.001919149,1.216307925,0.1640906909,0.077329588,0.06495360686,0.0,0.0,0.0,0.0,0.6271483954,1.650770798,0.0,6.785258101,0.0,0.0,0.0,0.0,6.042657061,0.8451637517,1.348087593,0.3288590604,0.6693548387,0.2300787639,0.03245356794,0.5471698113,29.99488542,4.390415048,5.098681808,11.60093989,68.24726451,35.21191463,16.85062228,4.390415048,11.25737949,10.63357721,32.8379546,11.73512689,12.84164325,15.7651876,0.0,16.27157836,3.020975377,0.0,15.70955687,26.67161381,67.66,2.131944444,1.565,0.6727891156,0.2439058957,0.2025,0.1474380165,0.05442176871,0.3713143709,0.8687147249,29.47250363,-3.145420253,0.8118178495,1.228229738,-0.8006874655,0.5428562026,2405.953157,4.18,0.00388,1.141316461,1.263364001,0.6841461785,0.03556818182,10.63357721,0.9708882321,0.8830294499,35.06964641,2.678395062,0.9856735589,0.01935483871,0.9989515116,6.544756406,0.9480319835,1.009952604,0.240466776,1.135376178,-1.664650982,-15.53097407,12.13273414,0.8698632778,0.04838709677,-0.05626210294,0.9006975565,-5.332684194,3.11,3.900604694,-4.81,-0.09473803907,54.88408645,1.125719531,0.9419825573,4.840549811,58.01078983,0.0,1.096233725,1.566411543,0.3160430839,0.8703079971,154.6095184,49.79445297,0.803030303,25.06523039,0.8116896228,1.827315761,-0.009413761854,0.8155445155,0.0,1.176812172,0.975686314,-6.211463154,0.9348358996,0.0,5.917906046,0.0,0.4806451613,2.001855423,0.7978195801,0.8096728722,1.193365693,3.099173554,0.0,0.0,17.57815784,0.7825482481
2.497512609,4.437620321,2.762711864,2.787598204,2.239957265,1.537814722,146.1153623,155.6193201,166.5220706,154.8812123,14.49705749,0.01097656346,-0.5004129183,0.05538556734,0.1316900579,-0.307108869,1.525196161,1.08964441,0.9988864666,0.4190755467,1.057922702,1.080948831,1.19937446,0.9588035478,0.7939709379,1.456853876,0.9809938994,0.6691494638,0.7431731189,0.7806310964,1.140699459,1.209015552,0.642241497,1.068576417,-0.3955876574,0.9893395914,3.046653978,1.183765089,0.1938480386,0.09579455114,0.2331185203,0.05590169944,8.439110204,0.0,0.0,0.0,1.728260385,-0.08980268959,0.0,0.0,0.0,0.0,0.0,0.0,1.002829743,1.704717007,0.32,0.6538461538,0.2119902115,0.01766381766,0.4468085106,31.98519802,4.983978521,0.0,32.90394574,31.18920547,29.0660571,5.824404498,0.0,22.64523548,0.0,24.9198926,6.9237372,32.28954409,0.0,0.0,0.0,8.439110204,0.0,6.605905283,17.50419298,67.35,1.465277778,2.052777778,0.74861678,0.3527336861,0.156875,0.06999285787,0.07751937984,0.3036030983,0.9008795567,26.02241899,-2.011281618,0.6830322579,1.535383668,-0.8496291209,0.06983122726,2052.598179,5.2,0.00647,1.295409794,1.089967304,0.7042765503,0.05263532764,4.983978521,1.025414127,1.232189912,18.31933598,2.643596987,1.380405108,0.01923076923,1.301974241,5.414990469,0.725669356,1.023862803,0.3906903831,1.470005439,-1.373415037,-42.43458579,0.0,0.9328145373,0.0,0.04367266594,1.047688867,-3.079364865,1.69,3.38354417,-4.85,-0.0578145945,45.1969694,0.5759215975,1.830385344,4.897288225,89.45314622,0.0,1.114035637,1.663259325,0.6215632086,1.07792506,153.272376,50.89866763,0.7592592593,24.9198926,1.309550532,2.171044681,0.08793257328,1.123784788,0.0,1.227084527,0.9774296529,-16.3214124,1.171690582,0.0,0.0,0.0,0.4807692308,2.040599017,0.7854029062,0.7996310991,1.143785638,3.4,0.0,0.0,28.11518542,1.040873529
2.447549256,4.422793308,3.097560976,3.884313725,3.807189542,1.479592746,151.6958674,164.6616636,164.6938987,161.3620473,5.537414966,0.02225064749,-0.4354855026,0.09316356098,0.01844566421,-0.002019496567,1.435372209,0.7673201844,0.8241117144,0.4403169014,1.130868545,0.9935791218,0.8827568351,0.9807553957,1.109802158,1.002010157,0.5933138284,0.562716927,1.076064071,0.9231713684,0.98311287,0.9771372177,0.9616749573,0.8922417666,-0.422871105,0.9728356617,8.002961619,1.420165358,0.1498875907,0.09718800562,0.06495360686,0.0,0.0,0.0,0.0,0.0,1.121067445,0.0,3.16958853,0.0,0.0,0.0,0.0,0.0,0.6297079449,1.052625436,0.3826701376,0.6696428571,0.1772239607,0.05735681369,0.5238095238,29.54628285,8.780830095,5.098681808,0.0,36.39820241,23.64452491,29.21259952,13.57536728,11.25737949,11.05045608,25.65562151,11.63444168,0.0,20.15560264,17.54162141,28.93828445,-0.06145509195,0.0,9.0878341,22.45569324,98.72,2.194444444,1.573888889,0.6041269841,0.2431342908,0.210316358,0.1763126212,0.06060606061,0.4395094374,0.687528448,26.18100388,-2.279288312,0.8397485586,2.093177045,-0.8186525216,0.3487734146,1192.135491,2.49,0.0824,0.9936344724,1.006220632,0.7026070582,0.03838753388,11.05045608,0.8497725981,0.8071728667,130.4498451,3.924119241,1.065774439,0.04268707483,0.9872522707,11.33929359,0.9422660558,1.12940306,0.410547301,1.13991307,-1.662742947,-20.77777778,10.87864651,0.7895154468,0.05357142857,0.03050720113,0.9468016432,-2.829696433,1.67,3.944841529,-3.67,-0.223569193,18.19910121,1.192844811,0.6952035878,4.837243589,36.33333333,0.0,1.048476563,1.433890506,0.3620323129,0.8884481364,155.4356208,43.49756155,0.8353302611,19.74844179,0.5597565477,1.447475893,-0.1750070673,1.130701842,-0.5155455407,1.012764085,1.022240058,-0.4535147392,0.9368871855,11.10621146,5.733667477,0.0,0.4573129252,1.715090283,0.7914868106,0.6970083708,1.161782023,3.4,5.20259234,0.0,17.57815784,0.97047805
2.450618565,4.190498528,3.2,2.986064347,2.539760349,1.642605648,145.6443485,158.09036,158.2644884,154.3311969,7.252314815,0.01585094849,-0.5674684133,-0.1339368546,-0.1804791235,-0.05985811902,1.591127058,1.07815449,0.7829927359,0.5001464504,1.063868396,1.215827285,1.255084159,0.9653465347,1.129549575,1.255625563,0.9081429748,0.8324883492,1.072449271,0.8762256574,0.9142544134,1.227956504,1.101457604,0.9716109063,-0.3737444639,0.9938462057,3.048003442,0.6101412682,0.2079717352,0.1225138149,0.0621574583,0.0,1.969422057,0.0,0.0,0.0,0.0,0.0,3.349606718,0.0,0.0,0.0,0.0,0.0,0.9772236616,1.746835895,0.3088235294,0.6739130435,0.2047969837,0.02077294686,0.6111111111,27.08446216,15.29317186,0.0,18.19910121,25.12283841,34.71851567,0.0,0.0,0.0,10.63357721,15.80357683,13.08951281,16.26500318,11.37477255,0.0,0.0,1.969422057,0.0,8.447215278,16.08430033,64.27,1.159722222,1.227777778,0.4212698413,0.1360701688,0.07625771605,0.02479338843,0.05555555556,0.3769491871,0.8866100904,26.06868342,-1.952125455,0.9084227058,1.836569155,-0.7785318988,0.4264946864,2031.481801,4.01,0.0318,1.17323192,0.9993836702,0.6803501566,0.03960573477,5.316788604,1.115744618,0.8287154407,19.02963524,2.725661376,1.169554455,0.007246376812,1.083223371,0.0,1.134856461,0.9695808339,0.244249238,1.020440754,-1.299835943,-35.19478738,0.0,0.7815483915,0.02173913043,0.0235402701,0.9304020218,-3.719096791,1.82,3.682456251,-4.22,0.041608408,33.80555134,0.8424702755,0.5919836231,4.883734558,41.29115226,1.552309802,1.354052462,1.551327734,0.2639243197,0.8886109438,151.1224196,49.11661243,0.7777777778,15.28474565,0.6184628474,1.487468751,-0.08280441822,1.245956373,0.63736678,1.143526892,1.087864322,-15.4367284,1.233727328,0.0,4.992404733,0.0,0.4927536232,2.009659864,0.6397562833,1.210242508,1.178730704,3.8125,0.0,0.0,5.687386275,0.7116417386
2.478998053,4.531737251,3.403846154,2.809016087,2.79533356,1.682029091,148.0103313,154.5546233,156.7303088,157.3441764,10.85274894,0.01850997732,-0.6302646196,-0.03632539316,-0.05169907773,0.005767519995,1.681414535,1.076433913,1.002224369,0.5078511369,1.080971481,0.9885072594,1.051359349,1.060376704,0.9451445515,1.088348271,0.7437343872,0.5458088391,0.656480306,0.8393745447,1.006611013,1.188697824,1.301735037,0.9321528286,-0.383636506,0.972936617,7.00827662,0.6049843589,0.1374346587,0.09330061666,0.1342464278,0.0,1.964201672,0.0,7.4293965,0.0,0.0,0.0,3.385412887,1.745930064,0.0,0.0,0.0,0.0,1.01945892,1.724265015,0.349137931,0.6640625,0.2179363445,0.04455357143,0.5490196078,30.09484751,14.98529578,5.425791397,35.61190719,42.82867707,29.57519531,12.03246336,4.794537184,11.38785599,16.47624748,27.22258466,13.08951281,26.49251536,5.13155848,5.907179729,0.0,2.52847988,0.0,11.96691268,25.72835324,110.6,1.729166667,1.877777778,0.6131972789,0.3084057697,0.211882716,0.2426303438,0.0697167756,0.4366480821,0.8085480801,30.12978517,-2.442619558,0.3288324493,1.321220577,-0.7717788264,0.4192112857,2405.546696,3.04,0.0221,1.110554208,0.8215734086,0.6899617195,0.04172839506,11.05045608,1.094160162,1.019086578,130.1286907,3.040657645,1.05589752,0.01666666667,1.070344177,6.544756406,1.190064268,1.129322574,0.08490507855,1.128091326,-1.447384538,-18.79477979,6.338535363,0.7856332165,0.015625,-0.1862766929,1.028383718,-4.488477433,2.06,3.913553022,-5.01,0.1253144694,44.39282129,1.054101828,0.9984880308,4.848666003,55.63018497,1.55389175,0.9473745822,1.512680149,0.5755385488,1.036546346,152.3722909,48.38728898,0.7752380952,20.40266096,0.7702786768,1.75887232,-0.02261969407,0.9434786902,0.5475823573,0.9998426399,0.9883749645,-8.985390235,1.400767819,11.27195315,10.72607221,0.0,0.4833333333,1.980954997,0.6826911885,0.6358659936,1.064475138,3.394495413,5.318228602,0.0,10.57107519,1.073250507
2.489372579,4.663815541,3.547169811,3.668137084,3.248371056,1.674972571,150.9427908,157.2124529,157.9020027,164.1289162,4.019992311,0.02245942756,-0.6536291568,-0.06235534849,-0.1523244448,0.0668815408,1.887420931,0.9247043698,0.7954251957,0.4031347679,0.8959332676,1.055717632,1.123589503,1.010103751,1.037154536,0.9774692278,0.6061565275,0.2389714991,0.5694032273,0.8436156063,0.9864553424,1.147834853,1.037587701,0.8264999508,-0.4382318797,0.9778299933,8.00739318,1.197958066,0.1499911517,0.2116435251,0.1048899075,0.0,1.889656709,0.0,0.0,0.0,0.6669152278,-4.758526534,2.976840435,0.0,0.0,3.901256179,5.516129509,0.0,0.8393597026,1.197252734,0.3246791132,0.6785714286,0.1881080167,0.01680650038,0.5490196078,35.24491142,14.18117935,10.19736362,6.066367068,73.23599868,29.3384529,17.7707599,17.9081081,28.26427081,10.05365156,40.83731723,6.9237372,5.693927995,18.85863142,6.362358859,44.24145001,1.889656709,0.0,11.99634369,24.65421357,82.16,2.229166667,2.442777778,0.936462585,0.4348702444,0.3165740741,0.2487460463,0.06627680312,0.5290454121,0.9325525532,35.31762793,-2.184634642,1.653231091,1.534696123,-1.605944026,0.6486684757,2678.901008,3.97,0.000497,0.9801324676,0.7095128323,0.7022507149,0.04609014675,10.05365156,0.6298950087,0.5291455474,95.16257694,3.398206382,1.025165305,0.03360544218,0.7469597498,0.0,0.9514935231,0.9228014981,0.5125873085,0.9378091156,-1.329174799,14.02511854,35.27459128,0.8176690074,0.02857142857,-0.3600892738,0.8513537904,-6.995584337,3.04,3.84774593,-6.89,-0.3143517242,16.82083098,0.7914746016,0.9810426578,4.859068625,64.10026058,0.0,0.9615523336,1.385260978,0.7387329932,1.051763149,160.4482422,43.79148084,0.8882275132,29.36252149,0.7850803925,1.824679412,0.0008914265502,0.3930837558,0.2205543089,0.8214979576,0.8592347762,-10.37216455,1.166448121,0.0,0.0,0.0,0.4663945578,1.892192041,0.9550071824,0.8999561306,0.7585598346,3.548672566,0.0,0.0,5.693927995,0.9791477113
2.477181776,4.590853691,3.268292683,3.165972222,3.167562724,1.594328635,144.9101629,155.8896455,156.9936431,158.3734211,9.419753086,0.01278863019,-0.3691494043,-0.1064648377,-0.05429088354,0.2031939835,1.349563057,1.304144584,0.9409701102,0.467766953,1.107526319,1.106768635,1.080564591,1.023422135,1.168915413,1.120611702,0.526293281,0.5242962607,1.190114117,0.9023353477,0.9855938316,1.030469576,1.027994062,0.9862002432,-0.4251734506,0.9113304311,7.008273932,1.420015222,0.1418617894,0.1073913263,0.0761440227,0.0,1.935183324,0.0,0.0,0.0,1.929508048,0.0,2.831912268,0.0,0.0,0.0,0.0,0.0,0.9649867065,1.636535142,0.3326488706,0.6397058824,0.179459215,0.01408963585,0.5555555556,31.41548497,0.0,10.36057336,24.26546827,61.01812524,34.72467712,12.2386844,4.794537184,28.58398029,5.316788604,25.65562151,18.25485007,11.25737949,5.687386275,0.0,1.616664856,1.953768374,0.0,19.92357471,32.74940545,96.49,2.284722222,1.945,0.7821315193,0.4323664651,0.288757716,0.2142658912,0.05450733753,0.4134430785,0.9024531628,33.12812966,-2.518367903,1.227185169,2.24563283,-0.8249018884,0.1895863155,2605.424084,4.48,0.00261,1.08431492,1.119943861,0.6909702525,0.0381372549,5.316788604,1.010290272,0.8304936262,31.66772843,3.504516712,1.096601154,0.02254901961,0.9679136249,11.33929359,1.066939775,0.9494643412,0.5371950102,1.178644183,-1.534784906,3.404663923,0.0,0.8198653585,0.01470588235,-0.6160345646,1.0044723,-3.081883462,1.8,3.594016263,-5.6,-0.5886256539,33.41768391,1.129988479,0.8734211479,4.876787905,58.8696845,0.0,1.161523956,1.663244827,0.536529195,1.126950269,149.6235346,48.09593141,0.779047619,19.74844179,0.9958229169,2.160871239,-0.08520564585,1.018669106,-0.2401826995,1.037990752,0.9942266759,-7.481481481,1.037342373,12.72525549,0.0,0.0,0.4774509804,2.065915647,0.7145084373,1.006327488,1.178925736,3.43220339,0.0,0.0,22.84330152,1.028320284
2.489906793,4.649301453,3.485148515,3.045974794,2.698004115,1.74671223,148.0907525,156.313344,155.935428,158.4078371,9.349932096,0.0128045106,-0.4572122123,0.03804372011,-0.02960373967,-0.05264030584,1.527393829,0.989617618,1.288477371,0.4978792783,1.085667127,1.004651851,1.123216775,1.054602488,1.057574331,1.079192979,0.8367350204,0.8207385016,0.8376785217,0.8269778698,0.9293751307,1.095216661,1.058010639,1.018935918,-0.4158683153,0.9779546959,3.066006625,1.197958333,0.1586211913,0.0952834448,0.1521354666,0.0,1.950410878,0.0,0.0,0.0,0.7408984465,0.0,3.159929768,0.0,0.0,0.0,5.607874885,6.269200269,0.9357404083,1.522029752,0.3453304375,0.6693548387,0.1867741161,0.01628264209,0.5957446809,33.21853575,14.18117935,10.19736362,29.8000411,61.10326455,23.65106663,12.02124807,0.0,22.51475897,5.316788604,34.47495837,6.9237372,5.693927995,5.687386275,0.0,3.336763335,1.950410878,0.0,11.87733662,24.10551714,72.93,1.854166667,2.082777778,0.654829932,0.4157375913,0.229382716,0.1944679114,0.07555555556,0.4672145584,0.9479180566,24.17296101,-2.194956531,0.6083393922,1.263741638,-0.7275748455,0.4310077448,2105.430495,4.0,0.00126,1.119452489,1.060765094,0.6894086529,0.04527777778,5.316788604,1.004737849,1.03398087,17.80228604,2.878111885,1.122729478,0.004915514593,0.9884900922,0.0,1.098254649,0.9384887949,0.4366559962,1.096944877,-1.324867281,-1.803665141,6.327320075,0.7596740657,0.03225806452,-0.411087694,0.9726090351,-3.575777964,3.51,3.675785394,-6.13,-0.202343161,33.85586419,0.8752019406,0.9510209052,4.85960534,57.14376093,0.0,1.08970248,1.487602608,0.6545493197,1.124804477,152.6340949,47.91405002,0.8047619048,29.36252149,0.851895745,1.878803458,0.09601494395,1.070476985,0.3998230558,1.050246921,0.9720526578,-8.818469896,1.200985308,0.0,0.0,0.0,0.4950844854,1.965149334,0.6771406928,1.102958026,1.209173635,3.683673469,0.0,0.0,16.40394758,0.9228518586
2.427611449,4.188333736,2.917808219,2.726337449,2.93715847,1.581604828,143.9190223,154.0845471,156.1793365,155.8224009,7.159763314,0.01916955502,-0.4448537678,-0.1995735608,0.02385848535,-0.07506031486,1.346208543,0.8115451639,1.108161458,0.6142379454,1.037207473,1.16427588,0.9374872512,1.245981532,1.256540698,0.930510167,0.9751172708,0.6888466757,0.8783606557,0.9810364011,0.9549870422,0.9668589742,1.018108806,0.8595394201,-0.3817039373,0.9938724285,6.002807773,1.381899691,0.2774640505,0.1603666013,0.07183363128,0.0,0.0,0.0,0.0,0.0,1.454085483,0.0,3.357896589,0.0,10.17030951,0.0,0.0,0.0,1.058873719,1.663829733,0.3034682081,0.6354166667,0.1709410777,0.03707264957,0.5897435897,34.60446232,0.0,0.0,36.39820241,30.33183534,23.64452491,5.749511833,5.106527395,17.00689132,5.316788604,15.07448444,0.0,0.0,11.37477255,0.0,0.0,0.0,0.0,16.4813494,23.35162424,58.04,1.6875,0.92,0.2832653061,0.1809019904,0.085625,0.04530149985,0.06006006006,0.3873180096,0.8569505963,21.70862663,-2.069038732,1.037471582,1.434996066,-0.7471076458,0.1962147475,803.7253948,3.7,0.00243,1.026975255,0.805629926,0.681465016,0.02705882353,10.423316,0.970287972,0.8895244707,77.20206121,2.797564688,0.9945728291,0.01944444444,1.116336228,0.0,0.984230107,1.044632565,0.341979378,1.155748663,-1.438764958,23.72057857,0.0,0.7698079347,0.04166666667,-0.4270413347,1.081271842,-3.085546691,2.39,2.819774933,-5.46,-0.2649037613,28.14885275,0.7789563773,0.4949846176,4.855222899,22.382643,0.0,1.204959618,1.754648317,0.2274305556,0.9548839729,146.1018162,49.63237541,0.7448717949,9.967957042,1.385993533,2.465627286,0.1155272816,0.9765775772,0.0,0.9763345656,0.9151274974,2.733727811,0.9581702264,0.0,0.0,0.0,0.4805555556,2.027556322,0.6486344538,0.777435047,1.233465343,3.071428571,0.0,0.0,22.2842392,0.9808211923
2.479015615,4.520309251,3.461538462,2.882839506,2.80226722,1.653870001,147.0871539,155.3161335,157.6064265,158.3069203,9.1536,0.01524651028,-0.4581291007,0.02884153779,-0.1556879175,-0.01165692595,1.512611824,1.270352014,1.173037282,0.5630011431,1.024738686,1.052115352,1.16340185,1.005312043,1.067793697,1.054408677,0.5985608202,0.6109231788,0.6972699424,0.8523468135,1.017468009,1.164211678,1.219850234,0.9457989088,-0.3983578406,0.9113366495,6.027276297,0.6049844314,0.1499062506,0.07931505811,0.1189424619,0.0,1.978921121,0.0,7.884040334,-0.01183121803,0.0,0.0,6.539359984,1.961304441,0.0,0.0,0.0,0.0,1.036829229,1.803335734,0.3237885463,0.6612903226,0.2145569101,0.0302378625,0.56,28.95208964,9.976383254,5.261891555,35.61190719,42.82867707,24.01174382,12.03246336,0.0,17.4570773,10.74258,27.48118054,18.25485007,21.69797817,5.13155848,0.0,0.0,2.563882331,0.0,13.77113205,25.27831061,89.23,1.729166667,1.837777778,0.614829932,0.2711404006,0.269382716,0.1695724926,0.0589569161,0.4112052996,0.9263071946,26.0884089,-2.791245547,-0.2129104467,1.096332069,-0.4318516379,0.3335204723,2164.998956,3.87,0.0065,1.116281435,1.100022337,0.6841461785,0.04176767677,5.316788604,1.1407635,1.009703278,25.11631822,2.78792735,1.151394778,0.01182795699,1.049049177,6.544756406,1.114809609,1.244388507,0.3943534511,1.136569142,-1.320589611,-35.62968889,0.0,0.8008294989,0.01612903226,-0.3915433617,1.027493085,-4.741587516,2.17,3.972585734,-5.74,-0.005986088748,38.22704568,1.127370822,0.9652946778,4.848683342,45.32462222,1.58805301,1.040793703,1.556515455,0.5130385488,1.178057494,153.0097775,49.35101703,0.7686868687,20.40266096,0.65509775,1.671270456,0.002441966237,0.7390460571,1.045911104,1.083858226,1.032919741,-13.5864,1.374988784,0.0,4.992404733,0.0,0.488172043,1.998284106,0.7143690226,1.222195399,1.043672024,3.558823529,0.0,0.0,22.20374799,1.184225849
2.48420259,4.366523009,2.987341772,3.865497076,3.575036075,1.549324375,148.3867578,157.8299594,158.049454,159.9553103,9.869806094,0.03115705194,-0.5437894286,0.02542635541,0.0983560962,-0.1813356503,1.562736294,0.9466987591,1.048937394,0.4450403915,1.104697452,0.8969234096,1.056090764,1.081168831,1.049742452,1.201298701,0.7710620376,0.570451943,1.191468567,0.7861405245,0.9663289302,1.273279703,1.013488276,1.028884916,-0.4868152398,0.9729436343,7.00827491,1.454781307,0.180786494,0.1069876433,0.07796367974,0.0,1.89518923,0.0,0.0,0.0,0.0,0.0,0.0,0.0,0.0,10.74611593,0.0,0.0,0.8549645167,1.596443689,0.3963963964,0.6979166667,0.1904836376,0.04326923077,0.5263157895,28.0838837,9.967957042,0.0,6.066367068,31.18920547,17.95713863,11.38785599,14.26826309,28.70474243,15.20739338,27.23517873,6.9237372,16.18239317,0.0,5.907179729,12.51380111,2.091165262,0.0,6.8747513,18.05252325,92.26,1.479166667,1.580555556,0.5845351474,0.2524644117,0.120632716,0.02469135802,0.07407407407,0.396989851,0.7109178541,25.45196233,-1.930380805,1.131927804,1.385145633,-0.6276550115,0.2567953493,1961.065231,1.99,0.182,1.30729115,1.103380711,0.6950597415,0.04515873016,15.20739338,1.172168355,0.8646933595,142.4854841,3.770745429,1.192894554,0.0375,0.9847756445,0.0,1.108159132,0.8581407419,0.2071506407,1.044711507,-1.366444018,15.966759,0.0,0.8482350935,0.0,-0.3375425881,0.9678081916,-2.49650876,0.88,3.806588042,-3.27,-0.2579395201,11.38131427,0.8298191316,0.6240609067,4.853876764,53.1634349,0.0,0.8590466708,1.489651553,0.4452947846,1.117266646,154.5298377,45.82038352,0.8192307692,14.53505669,0.7438069081,1.441339472,0.09289080191,0.9169704156,-0.5940774072,1.065580908,0.974046654,-12.07756233,1.298529108,11.56457095,5.733667477,0.0,0.4625,1.89518923,0.6494826312,0.8503505921,1.134489703,3.50617284,5.392358172,0.0,5.687386275,0.9864705506
2.434221777,4.302585104,2.941176471,3.20248538,3.126177024,1.605624101,145.8395111,155.9424091,155.8651756,159.236814,5.756026297,0.01186379532,-0.254495542,-0.0432516831,0.08250262369,0.002589759106,1.15227982,0.9959521469,0.8060641106,0.4943965517,1.086118479,0.9879752431,0.9333938294,1.243237532,1.134395604,1.011133603,0.5457404046,0.649900382,0.9738554047,0.9394095453,0.960059429,1.084547215,1.041253662,1.07666844,-0.3788322463,0.9938435771,8.001918079,1.427567903,0.1850120332,0.1231618762,0.0761440227,0.0,0.0,0.0,0.0,0.0,0.0,0.0,0.0,0.0,0.0,0.0,0.0,0.0,0.9710445011,1.431404059,0.3074027604,0.6354166667,0.1723326249,0.02052380952,0.6216216216,26.28829917,4.390415048,5.098681808,6.066367068,54.09438804,29.7174337,11.51114884,4.390415048,33.77213846,0.0,20.16532066,5.817220841,0.0,4.390415048,0.0,13.10584627,0.0,0.0,14.27102878,23.22645939,54.46,0.9930555556,0.8955555556,0.3386394558,0.1645408163,0.06655864198,0.06938271605,0.07207207207,0.3986933839,0.8630577381,21.48029924,-1.590183518,0.9028826661,1.348122637,-0.8292339329,0.1400684308,1050.000952,4.88,0.0157,0.8904795362,1.140158464,0.681465016,0.02633986928,0.0,0.980980433,0.8710096819,54.46079567,3.053104575,1.032121724,0.0255952381,0.9717390772,0.0,1.022527372,1.001142391,0.320875719,1.118131868,-1.255363838,6.816654492,12.13273414,0.7751567797,0.02083333333,0.03743711013,1.054712644,-2.735026769,2.29,3.039081406,-3.97,-0.1755826212,33.77213846,0.9102081961,0.4868306735,4.814735277,26.45288532,0.0,0.8321619411,1.667042088,0.267396542,0.8614573143,149.1260098,47.12886706,0.7925714286,20.16532066,0.7710628382,2.17037196,-0.01155266623,0.974551814,0.0,0.9006085193,1.009877265,-0.7552958364,1.087472069,0.0,0.0,0.0,0.4744047619,1.962828798,0.6632554945,0.5451722538,1.064096471,3.358974359,0.0,0.0,11.38785599,0.925331737
2.434970856,4.409315887,3.037383178,2.643405601,2.501001001,1.421654982,146.8786299,158.6528003,156.2904256,161.2481328,9.12773161,0.01620044691,-0.2306819413,-0.03210203901,0.06174106542,0.008211280229,1.211696035,1.030231666,0.7985112327,0.5912875909,1.103346646,0.9350690234,1.052657083,1.247401128,0.9798994975,1.075867141,0.7727894609,1.184949384,0.9125578873,0.9154022444,0.9326848435,1.095604133,1.153592627,1.156320629,-0.5233661825,1.734391199,3.511592327,1.370797007,0.1982969523,0.0762695301,0.0761440227,0.0,0.0,0.0,0.0,0.0,0.0,0.0,0.0,2.363468757,0.0,11.30849591,0.0,0.0,1.037278043,1.774155775,0.2571428571,0.6640625,0.2176551115,0.01546717172,0.5614035088,31.85410782,0.0,5.098681808,6.066367068,54.09438804,49.35170292,18.05032179,9.473725908,39.52165029,4.736862954,64.5201455,0.0,0.0,0.0,0.0,11.30849591,5.152574264,0.0,24.85851024,25.64220074,76.16,1.055555556,0.9266666667,0.4594557823,0.2091364324,0.154683642,0.09825732068,0.06018518519,0.2807401512,0.905937107,29.37696883,-2.772017007,1.512481377,1.036960535,-0.7893227442,0.2882455991,1542.281613,4.61,0.0234,1.273465479,1.529375006,0.6746676532,0.02106060606,9.473725908,1.084677029,0.7674418605,47.56430947,2.552440291,0.8189539246,0.02604166667,0.8757702946,4.736862954,1.173879285,0.8448537724,0.2519738644,1.166384809,-1.838195709,-7.565096953,0.0,0.9456111293,0.015625,-0.34687003,0.8086092715,-3.870197062,1.03,3.50248497,-3.95,-0.2451770319,72.36968344,0.7836796445,0.6499918594,4.8182335,54.77685442,0.0,1.059888593,1.638978904,0.267396542,0.9454193246,155.1746061,49.94361528,0.7949494949,25.06523039,1.163223904,2.330405045,-0.008110525552,1.027427955,0.0,0.9235996782,0.9141220691,-6.692828563,1.122538287,0.0,0.0,0.0,0.4739583333,2.07498404,0.6738199193,0.9920684756,1.10941333,2.781690141,0.0,0.0,24.60161992,0.859679555
2.501030012,4.686156221,3.652631579,2.950171468,2.851563401,1.630506124,145.6016788,153.5691813,156.2608888,153.0057518,12.71527778,0.02608007179,-0.5825456676,-0.05505363268,0.04083244293,0.09690111473,1.596394061,0.9537626929,0.7817706475,0.4754457172,1.065607886,0.9050781394,0.9673508262,1.131142061,0.8610456396,1.274280409,0.7748421953,0.5864162261,0.8430475024,0.8231498296,0.9462658541,1.072576695,1.089541422,0.9880345329,-0.4868808309,0.9729256188,7.008276203,0.6101347224,0.1616503696,0.08845103879,0.1175920237,0.0,2.077230178,0.0,0.0,0.0,0.0,0.0,0.0,0.0,0.0,10.97242517,0.0,0.0,1.029627583,1.693143191,0.3810623557,0.6666666667,0.2176646508,0.04898989899,0.5208333333,33.6282067,9.967957042,0.0,19.05647134,36.75265697,22.07041725,16.52595619,14.26826309,44.84581083,15.20739338,27.6520576,0.0,22.97565387,0.0,5.907179729,10.97242517,2.297886851,0.0,8.640809102,26.3913575,103.12,1.701388889,1.750555556,0.6580498866,0.4306264172,0.284066358,0.1631527395,0.07709750567,0.4016414823,0.7694905067,27.98266268,-2.584315429,0.8175392811,1.385204446,-0.882198599,0.5471235464,3088.005551,5.58,0.0048,1.063573607,0.9898112517,0.6888187153,0.03890123457,20.19137191,0.9630225719,1.05113391,157.9266082,3.358447044,0.9855994114,0.01888888889,1.115426163,6.420821623,1.195692121,0.9983187868,0.2275395924,1.041264494,-1.354446688,-51.97010031,0.0,0.7804455049,0.0,-0.4607607371,1.047478451,-3.529088996,1.58,3.943030336,-6.09,-0.1550751089,45.38664412,0.9247795837,0.8292978265,4.850482361,61.31095679,1.565653204,0.7825058064,1.552570798,0.458404195,0.9747227459,150.0506471,48.90457884,0.7898989899,14.95193556,0.8575262387,1.641932165,-0.07805928516,0.8873882821,-0.46054313,1.051860615,1.022502629,-12.75173611,1.189049847,11.37057927,5.733667477,0.0,0.4811111111,2.050362583,0.619348618,0.5082660007,1.045856727,3.481132075,5.351517682,0.0,11.38785599,1.012241449
2.601884439,4.17682568,2.540740741,2.822822823,2.62470024,1.584443642,143.6624423,150.8696316,161.1126952,149.3672499,17.09280217,0.01272129728,-0.3692118452,0.02385354987,-0.05293269713,0.02218484337,1.264289143,0.7801175113,0.4976994327,0.4676081425,0.926282595,1.171203401,1.209288678,1.177897904,0.9504417567,1.477768814,0.7204704328,0.422989731,1.252128353,0.8109354851,1.121122127,1.27854466,0.8859539877,1.04696394,-0.4357037485,0.9113269412,6.027325397,1.13463699,0.3004823133,0.1733756634,0.489065941,0.1020620726,6.760015931,0.0,0.0,0.3350009448,0.0,0.1262688177,0.0,0.0,9.687315431,0.0,0.0,0.0,1.197622827,1.698543635,0.3510638298,0.6057692308,0.2308798789,0.01761633428,0.4255319149,29.96240415,0.0,10.36057336,51.10304694,29.17754317,23.58956544,11.44343983,5.106527395,34.20301562,0.0,14.88701214,16.74610334,37.94649713,0.0,0.0,2.093595994,7.610515978,0.0,11.00912057,23.4353437,61.84,2.958333333,1.949444444,0.8989115646,0.4248000126,0.096875,0.01234567901,0.08585858586,0.3964931973,0.9060538209,19.52432222,-2.389147457,1.220001916,0.8849342834,-0.4868170984,0.08261218547,2243.956395,4.33,0.00273,0.9993835505,0.7603135168,0.7105510391,0.04533591731,5.106527395,1.158731862,0.6584559343,121.0222678,2.704218107,1.136445747,0.01794871795,1.243722818,6.544756406,1.019149054,1.171362843,0.2544534463,1.475889232,-1.314995199,-43.13897691,5.693927995,0.89126656,0.01923076923,-0.2597595363,0.987383522,-2.249870182,2.99,3.415667043,-5.43,-0.2145684319,28.92903888,0.9318932369,1.750682983,5.012270736,74.45314622,0.0,0.8167732854,1.74949995,0.6849135488,0.7902267585,148.9090012,51.82811543,0.7580246914,9.780484743,1.287857979,2.138921809,-0.06655164956,0.6724461363,0.0,0.9586476298,1.005268457,-21.88773201,1.300013618,0.0,5.414990469,0.0,0.4820512821,1.954696555,0.7529353234,0.7155933619,1.014985137,3.182539683,0.0,0.0,17.3266008,0.6923754683
2.489329897,4.617412528,3.495049505,3.266010802,3.008703704,1.66347221,149.0744103,158.5566781,157.8224854,159.5690393,8.349932096,0.01371086196,-0.4557487778,-0.06804428936,-0.04351163641,0.07788052116,1.492300585,0.9512601783,1.16562728,0.4495960808,1.096762073,1.03194324,1.040039487,1.022153181,1.057574331,1.087558816,0.5759313814,0.5962254378,0.7768477698,0.8611268577,0.9521990572,1.112418377,0.9962552911,0.9825488431,-0.4158683421,0.977954765,8.001919364,1.197963628,0.1553439994,0.09296755541,0.1048899075,0.0,1.929128407,0.0,0.0,0.0,0.7165404728,0.0,3.024420509,0.0,0.0,0.0,5.527711115,0.0,0.9014922944,1.373967523,0.3552505586,0.6693548387,0.1834415511,0.01671466974,0.5957446809,30.74707046,18.5715944,10.19736362,12.13273414,67.16963161,29.3384529,17.83846891,4.390415048,22.51475897,5.316788604,34.47495837,12.74095804,5.693927995,10.07780132,0.0,16.7904264,1.929128407,0.0,11.91980475,24.4497476,72.93,1.979166667,2.002777778,0.736462585,0.3482221592,0.269382716,0.1695724926,0.06666666667,0.4630700109,0.879047746,25.75921783,-2.016407447,0.828802466,1.521057397,-1.077738551,0.5579302165,2454.161904,3.78,0.00332,1.028423925,0.9860741607,0.6894086529,0.04353864734,5.316788604,0.8864455415,0.7673917102,19.00411523,3.206515096,1.122729478,0.01874039939,0.9870674232,0.0,0.9890180867,0.9708731696,0.2679812107,1.096944877,-1.421660517,3.405965495,18.46005421,0.7895953803,0.03225806452,-0.1904989408,0.9480555277,-3.882719123,3.4,3.675785394,-5.58,-0.1323694718,22.51475897,0.8646566501,0.861516116,4.85902328,57.73084855,0.0,1.18804132,1.487830041,0.6137329932,1.024310896,153.8576693,46.69882692,0.8181547619,29.36252149,0.7932811173,1.878803458,-0.003994430218,1.053952959,0.3141749076,0.9496646743,0.9288235442,-9.64825713,1.225091722,0.0,0.0,0.0,0.4812596006,1.936014589,0.7086356088,0.688647459,1.134441752,3.683673469,0.0,0.0,5.693927995,0.9746471782
2.553529065,4.407593632,2.81595092,2.553774929,2.157921811,1.407733137,147.1801679,159.7729878,158.1152527,159.0643186,15.42578125,0.01272969071,-0.1742732839,0.08949700763,-0.09873475847,-0.1166428946,1.225738034,1.300912118,0.9043788679,0.5344158388,1.046560197,0.9860769861,1.254205254,1.128933566,0.9702797203,1.208714363,0.7252958107,0.9547128547,1.095654337,0.860581164,0.9268628333,1.179539241,1.062122701,1.009442669,-0.5231632193,0.9939076817,3.510572827,1.343850105,0.2108306089,0.05185672424,0.130682846,0.0,2.182491987,0.0,0.0,0.0,2.063253638,0.0,0.0,4.84380445,0.0,6.119604398,0.0,0.0,1.292274092,1.833326397,0.3203285421,0.6838235294,0.2438745908,0.0,0.515625,34.99906791,0.0,5.098681808,6.066367068,55.78460206,74.37219635,18.05032179,4.736862954,28.26427081,4.736862954,75.92659722,0.0,12.11474962,0.0,0.0,8.273815259,7.07555044,2.182491987,25.03403413,30.55536272,59.31,1.881944444,1.81,0.6067120181,0.3313177123,0.188757716,0.1100948883,0.06060606061,0.2115241872,0.9461760507,27.00613119,-3.072592389,1.94067192,1.250292826,-0.6622731412,0.2309271543,2459.311533,3.77,0.0122,1.418451765,1.626867181,0.6737412396,0.03480769231,9.636772685,1.074554939,0.8305884234,42.0524619,2.359577369,1.06993007,0.02254901961,0.8822069875,12.96557803,1.061158864,0.9659351692,0.1900830672,1.108504399,-1.902023357,3.876953125,11.25737949,1.004190261,0.01470588235,-0.1649511269,0.8091728092,-4.6486446,1.74,3.364310346,-3.85,-0.03138561207,85.71392593,0.8450763095,0.9913683937,5.007866759,90.30175781,0.0,1.185289653,1.669794462,0.3854166667,0.9731085432,157.4329705,50.75550397,0.7931372549,29.54826125,1.366030031,2.635689654,-0.03167553013,1.030776303,0.0,1.041648453,0.9189795856,-10.01953125,1.18374603,0.0,0.0,0.0,0.4774509804,2.142924383,0.625722104,1.330742171,1.11180144,3.077380952,0.0,0.0,11.21062871,0.8406741486
2.479390399,4.67741432,3.36440678,3.006591337,3.011111111,1.576975634,146.2974315,156.8978237,158.005839,160.2658384,11.13609467,0.01649094823,-0.5838248969,-0.04777966888,-0.1661838947,0.1741626069,1.589265426,1.325139587,0.636261338,0.4643324043,1.117516499,1.030828291,1.097285477,1.004370286,1.141719546,1.017168323,0.7552039613,0.5122249678,0.9283846511,0.9170460431,0.9678428972,0.9238167275,1.012733397,0.9387813281,-0.3941166727,0.9729366222,7.008276683,1.400923906,0.1459812191,0.09910670533,0.0808551339,0.0,1.954092879,0.0,0.0,0.0,1.622562232,0.0,0.0,0.0,0.0,0.0,0.0,0.0,0.9315019188,1.702905134,0.3610503282,0.65625,0.183334878,0.04276785714,0.5384615385,31.35595088,9.967957042,0.0,18.19910121,61.01812524,23.87504468,11.51833249,4.794537184,22.77571198,5.733667477,30.82707233,6.9237372,27.43977266,0.0,5.907179729,0.0,1.954092879,0.0,14.10146271,30.58174811,110.44,2.034722222,1.905,0.8172789116,0.3754251701,0.353125,0.1940618304,0.06100217865,0.3866782306,0.8307614798,33.13182658,-2.463374475,1.136184898,2.000184237,-0.9230841149,0.2010118966,2108.434666,4.97,0.0112,1.129808772,0.8606313281,0.6899617195,0.0396875,10.717646,0.9025105936,0.9676734507,124.2687463,3.041902072,1.05080317,0.02395833333,1.015801031,6.420821623,1.109818503,0.868814539,0.1722474013,1.139514426,-1.700720737,-69.10650888,0.0,0.8025638666,0.0,-0.2856680824,1.04869302,-3.590685883,1.33,3.542887539,-4.89,-0.2417176644,50.8908974,1.126941987,0.8448670042,4.879024159,61.0591716,0.0,1.020941824,1.648344574,0.4462514172,1.140425706,149.8965501,48.40089436,0.7561904762,24.9198926,1.015550679,2.157552179,-0.143992458,0.9892467586,-0.453141794,1.008010963,1.088805135,-6.792899408,0.9119715344,11.55000423,5.733667477,0.0,0.4760416667,1.968286336,0.6852788529,1.098572094,1.225562482,3.47826087,5.431830614,0.0,28.11518542,1.009684959
2.478945707,4.515688836,3.48,3.034307992,2.949163105,1.70280329,146.638395,154.5215311,155.860498,157.8766556,9.257392753,0.0183251519,-0.6073493088,0.007591300423,-0.1814411939,0.03600768055,1.621342601,1.058042047,1.230134059,0.482965531,1.032910691,0.9992378577,1.140859215,1.058296752,0.9995024876,1.09932443,0.5662876615,0.48491251,0.7866250181,0.8472927869,0.988472387,1.223288292,1.296686333,0.9290011136,-0.4344124384,0.9110327857,6.027292383,0.604984483,0.1555886582,0.1169798303,0.1146045727,0.0,1.96811182,0.0,7.447979295,0.0,0.0,0.0,3.398538045,1.750467425,0.0,4.831347783,0.0,0.0,1.047505027,1.766811311,0.3168103448,0.671875,0.2122861542,0.01575126263,0.5714285714,29.67963356,14.98529578,5.425791397,35.61190719,42.82867707,24.01174382,17.78197519,4.736862954,23.39264948,15.47944295,21.31540493,24.60668602,16.13452668,5.13155848,0.0,4.831347783,2.554008745,0.0,13.40077596,24.86183046,100.53,1.479166667,1.837777778,0.6123809524,0.2590230537,0.211882716,0.2226303438,0.06222222222,0.45203055,0.8506200377,29.00652177,-2.771538024,-0.03787055683,1.269469573,-0.5899337688,0.2714361101,1993.885075,3.4,0.00427,1.150355583,0.8516214679,0.6848636974,0.04083950617,10.05365156,1.167280994,0.7901805768,122.1839254,2.88867284,1.144337138,0.01666666667,1.017383643,6.544756406,1.161386167,1.096530471,0.3253165099,1.10475856,-1.216640198,-34.35147392,6.338535363,0.8033035994,0.03125,-0.3039231932,0.9956811936,-4.150028188,2.06,3.881085338,-6.0,0.1536828412,44.39282129,0.6937904533,0.9242705142,4.848613101,57.13605442,1.56348941,0.9985322143,1.509738114,0.5755385488,1.086762893,152.1513151,47.15332685,0.804040404,20.40266096,0.7200859697,1.733624506,-0.009548465603,0.6755036392,0.9906123051,0.9708833922,1.018211471,-12.29987505,1.467177148,0.0,4.992404733,0.0,0.4833333333,1.985492358,0.6623486342,1.105842769,1.043834294,3.549019608,0.0,0.0,10.57107519,1.124921624
2.499718172,4.249168262,3.594594595,3.423392013,3.213566056,1.950049806,144.6031258,151.4412212,155.6142638,160.0871451,4.661157025,0.02970790271,-0.5204572624,-0.1806318424,0.1203590285,-0.1282772725,1.371180885,0.7231703618,1.246120719,0.6551820499,1.00091472,1.174688725,1.167381041,1.066352941,0.8448,0.9826666667,1.006984081,0.632382985,0.7834288033,0.7867307198,1.000328989,1.117174463,1.098469552,0.754209804,-0.404541236,0.992888764,6.003871347,0.604990524,0.2515016012,0.1451746004,0.1556646061,0.0,0.0,0.0,0.0,0.0,0.6652700617,0.0,0.0,0.0,19.32053784,0.0,0.0,12.13325533,0.782960476,1.272933332,0.4040047114,0.65625,0.1949327965,0.04478021978,0.6060606061,37.0193354,9.499376415,5.098681808,34.53866566,30.33183534,22.21590337,16.50664736,10.21305479,33.32747834,0.0,24.81111301,0.0,0.0,0.0,0.0,1.631514393,0.0,0.0,4.419932764,16.71521575,70.65,2.263888889,1.326666667,0.3313378685,0.1728395062,0.1625,0.09896949291,0.07777777778,0.6106815023,0.7964511754,21.59854889,-1.643032656,0.2389899888,1.666393126,-0.4758484065,-0.140866951,668.3132118,4.34,0.00086,0.8901001447,0.6309417285,0.7018571043,0.0402020202,10.21305479,0.9244067657,0.7899886554,143.7583458,3.26404182,0.9510175439,0.0,1.039686942,0.0,1.203585447,0.9542248666,0.2832929355,1.056,-0.6400562755,-12.36966749,23.46952001,0.595764346,0.08333333333,-0.5719994285,0.9233294431,-4.379420551,2.93,3.615265045,-6.53,-0.1187693422,10.57107519,0.5989521426,1.017758419,4.84116039,11.87994422,1.377101101,0.9758075467,1.412106674,0.4844104308,1.079373917,145.5900505,44.58782129,0.8373626374,14.59805822,0.7124174244,1.429129075,0.04701120425,1.030562063,0.0,1.146230651,1.059382542,-3.239669421,1.283689542,0.0,0.0,0.0,0.5053571429,1.815131102,0.7626666667,0.6938847962,1.268906764,3.543859649,0.0,0.0,16.91340488,0.938479711
2.554836249,4.485121551,3.082758621,2.867078189,2.620646766,1.574551904,143.157357,155.3535475,153.7786958,153.9652992,10.95747041,0.01231527101,-0.2810992081,-0.03916393839,0.01234215064,0.0329606264,1.20619869,1.099269731,0.8061246274,0.4377221532,1.105456922,1.024282077,1.062941868,1.114572068,1.242666061,1.141969664,0.5162420615,0.5444007194,0.7257465039,0.9133850057,0.8596552421,1.113521895,0.9367326159,0.9454402929,-0.4947074941,0.9113411747,6.027277092,1.343837243,0.2303232499,0.0643116103,0.130682846,0.0,0.0,0.0,0.0,0.0,1.896409603,0.0,0.0,0.0,0.0,6.095464296,0.0,0.0,1.237561817,1.748676339,0.3410526316,0.6515151515,0.1965683472,0.0,0.5961538462,33.5458927,0.0,10.36057336,6.066367068,79.06876542,35.58204725,17.19295166,4.736862954,40.08300395,4.736862954,19.74844179,11.33111287,17.67820111,0.0,0.0,8.20926243,0.9218617148,0.0,23.3351397,37.60678778,76.62,1.881944444,1.93,0.7160544218,0.2534643487,0.249691358,0.129382716,0.05761316872,0.3592072783,0.9364626359,18.21230984,-3.362104407,1.59271099,2.008634896,-0.6096982865,0.05812579024,3042.258681,5.06,0.0011,1.040268053,1.131543245,0.6727301626,0.03641509434,4.736862954,0.9843874848,1.08618282,63.97381747,2.62816092,1.276751729,0.0202020202,0.9154025476,12.96557803,0.9849278604,1.063636821,0.5739360892,1.002853312,-1.316904174,0.8402366864,5.693927995,0.8076665837,0.01515151515,-0.3436314245,1.17391835,-4.980269388,2.53,3.499975744,-5.68,-0.3109475576,52.80408356,0.9372936314,0.7610224281,5.014176947,63.70414201,0.0,1.241935731,1.73796933,0.4618055556,1.123369896,147.9740502,48.41107316,0.7838383838,19.74844179,1.077956689,2.200463974,0.0360926005,0.7502323662,0.0,0.9794043377,1.01954477,-9.906434911,1.099882507,0.0,0.0,0.0,0.4797979798,2.052022342,0.5925951391,0.5827639938,1.157888175,3.948275862,0.0,0.0,22.84330152,1.033171828
2.492910199,4.14043611,3.461538462,2.909245923,2.544983681,1.959243724,145.5755682,152.0973202,156.5923552,161.0993913,4.983471074,0.01448261576,-0.5526897356,0.1497763499,-0.2041831647,-0.04575885976,1.613884563,1.424735867,1.001591411,0.6122834445,0.9724236721,1.125654872,1.329238321,0.9733222867,0.8695124594,0.9450704225,1.166596288,0.8050139277,0.8745320996,0.7874453459,1.010788212,0.9623419828,1.074070288,0.8673873143,-0.4045538748,0.992923626,4.005253878,0.6049906405,0.2624090304,0.1398715266,0.1399133806,0.0,0.0,0.0,0.0,0.0,0.7948529227,0.0,0.0,0.0,0.0,0.0,0.0,12.17601682,0.9664586451,1.709108489,0.3709353673,0.652173913,0.197465579,0.04326293996,0.6060606061,34.80616962,9.499376415,5.098681808,46.6713998,30.33183534,21.83692257,5.007623697,0.0,21.82845468,5.733667477,14.59805822,0.0,0.0,5.687386275,0.0,1.753432382,0.0,0.0,6.202229591,16.61138079,56.21,1.826388889,1.295555556,0.3992290249,0.1562106324,0.095625,0.1156004489,0.0701754386,0.5847145897,0.9122550072,20.83398635,-2.196777473,0.1068867063,0.4162296359,-0.5415171661,-0.05351594732,639.6217811,4.59,0.000942,0.8967034247,0.7532763641,0.6945359572,0.04318518519,5.733667477,0.8384309987,0.9806987686,82.90967776,2.614065633,1.041126761,0.0,1.034244176,0.0,1.166031585,0.9787017835,0.3841295502,1.043736101,0.1066236682,-16.8492104,11.33678588,0.6179173328,0.0652173913,-0.4402465805,0.9214220784,-4.303876225,3.76,3.479197621,-6.25,-0.1458630754,26.7893276,0.9198040139,0.9860626919,4.822546319,22.27327143,1.472056406,0.9763804483,1.47014445,0.3689413265,1.109924108,146.6341915,47.67707985,0.7975238095,14.59805822,0.7773177107,1.565196499,-0.00656489203,1.033911563,0.0,1.304638575,1.150182055,-5.396694215,1.015087595,0.0,0.0,0.0,0.5157349896,1.971998386,0.7436619718,1.446345994,1.231821639,3.636363636,5.821390894,0.0,16.91340488,0.9985518185
2.484898405,4.193045613,2.682539683,3.27169707,2.648484848,1.827852483,145.965132,153.2484731,151.2583652,157.2887678,7.887052342,0.01721664399,-0.6162560328,-0.007799284142,-0.01463977084,0.1385377579,1.598124771,1.414046374,0.9487835419,0.5500537162,0.9504834456,1.095056458,1.081071058,1.11627907,1.370431894,1.256706501,1.075287742,0.8899131241,1.164472597,0.8279794913,0.8489371073,1.202946332,1.053787407,0.8657461099,-0.3889681743,0.9938487239,4.005275089,0.6050173749,0.2232543014,0.1075765583,0.1281276805,0.0,0.0,0.0,0.0,0.0,1.684975382,0.0,0.0,0.0,0.0,0.0,0.0,0.0,1.021252834,1.735921674,0.3230769231,0.6704545455,0.1818084169,0.04191919192,0.6363636364,31.8952241,14.95193556,0.0,17.40315295,30.33183534,29.54020642,5.693927995,0.0,21.82845468,5.733667477,19.93591408,0.0,0.0,5.13155848,0.0,0.0,0.0,0.0,8.634808095,17.27515275,77.58,1.472222222,1.161666667,0.3780498866,0.07306626354,0.0225,0.0,0.06349206349,0.3944196669,0.8411852554,14.649564,-2.105002186,-0.04925927465,1.683119366,-0.5220689081,-0.02049630033,1504.871383,3.79,0.0443,1.04927032,0.7323143798,0.6791339464,0.03416666667,5.733667477,0.9395990229,0.9483449269,93.33019488,3.248089359,1.308867876,0.007575757576,0.9608705829,0.0,1.086525698,1.221916089,0.2743190852,0.8614143332,-0.7631579344,-16.0684624,11.33678588,0.7039576171,0.02272727273,-0.2133608812,1.145766188,-3.908399114,1.2,3.141546013,-4.3,0.1861286537,27.21467889,1.153242735,0.6259959811,4.90972599,23.59014386,1.448243575,0.9314282253,1.546489418,0.1770833333,1.192487387,149.047804,47.44714678,0.7611111111,19.93591408,0.9399863639,1.902848107,-0.1405237667,0.8077535459,0.0,0.9832210177,1.172083211,-3.917355372,1.069765646,0.0,0.0,0.0,0.4924242424,2.002756992,0.5603543743,1.19246746,1.034153907,3.784615385,5.946547934,0.0,10.57107519,1.358471851
2.434977084,4.410912534,3.009433962,2.549074074,2.418450561,1.392957269,146.328402,158.662316,157.406043,160.6475041,9.225765306,0.01368819019,-0.2344338595,-0.04210693844,0.04626458178,0.009595526771,1.229940193,1.104752373,0.8702972969,0.5654174284,1.029098111,0.9853747715,1.065143205,1.212315587,0.9415089801,1.070130425,0.7351932862,0.9807370472,1.019788301,0.9551000222,0.9511299171,1.083762508,1.04001012,1.137339254,-0.5233653236,1.734391235,3.510571743,1.338814635,0.2247783093,0.08645485876,0.0761440227,0.0,0.0,0.0,0.0,0.0,0.0,0.0,0.0,2.457218757,0.0,5.924736155,0.0,0.0,1.052429558,1.7783109,0.2629213483,0.6532258065,0.2246163215,0.01528897849,0.5535714286,29.3787587,0.0,5.098681808,6.066367068,80.0255441,36.2621901,18.05032179,4.736862954,39.52165029,4.736862954,51.30638157,0.0,12.84164325,0.0,0.0,5.924736155,4.115641778,0.0,25.10408871,25.64220074,66.93,1.090277778,0.9005555556,0.4251247166,0.2061287478,0.138742284,0.08652178349,0.06146572104,0.2973126298,0.9302304769,28.77571467,-2.197095679,1.776673561,1.232350314,-0.764341013,0.09042284315,1574.137085,5.03,0.00782,1.228002724,1.431103293,0.6736212297,0.02094315245,4.736862954,1.070567352,0.8602948448,64.89923255,2.52148847,0.859623266,0.02150537634,0.9115843519,0.0,1.092179781,0.8580676032,0.2625161789,1.160440163,-1.629130332,-16.9630102,25.93115606,0.933723873,0.01612903226,-0.1573318009,0.8424074497,-4.205435538,1.83,3.484529921,-4.65,-0.2278047433,52.67328866,0.8516566827,0.6499918594,4.818141123,60.08163265,0.0,1.045286639,1.6890401,0.2830569728,1.004064577,153.6895128,50.80212444,0.7739583333,25.06523039,1.0364125,2.322825001,-0.04884313498,0.9208240258,0.0,0.9880307682,0.9685859484,-7.017219388,1.108286793,0.0,0.0,0.0,0.4784946237,2.08385978,0.6750053453,1.039781894,1.143856476,2.893129771,0.0,0.0,11.38785599,0.9110372455
2.490706047,4.620469972,3.186046512,3.425849403,3.32943067,1.477664203,152.173094,161.3589707,162.7599018,165.637776,11.04663923,0.02290345345,-0.5185708697,0.067314727,-0.1623035497,-0.1093070911,1.588712068,1.254865681,1.063490342,0.4894009097,1.065944091,0.958151992,1.219466172,1.023633133,1.061821448,0.9828429933,0.6509371467,0.5398933786,0.7920649302,0.9031922897,1.017631264,0.9813100877,1.045797572,1.00283175,-0.3757915094,0.9728800211,8.001920628,1.297042875,0.1189959443,0.07819892105,0.09767036445,0.0,1.808571318,0.0,7.33315014,-0.1216279328,0.0,0.0,6.260327211,1.834398105,0.0,0.0,0.0,0.0,0.7117557307,1.395362087,0.3851414361,0.6818181818,0.2056796817,0.07289055973,0.5185185185,27.30672217,19.35077682,0.0,12.14238718,43.33159265,28.71782518,17.85686786,9.184952232,11.38785599,16.47624748,38.37233879,12.74095804,27.57024916,10.07780132,11.72440057,14.74765701,2.121413265,0.0,9.70370472,25.55428919,124.32,2.041666667,2.183888889,0.696462585,0.377196712,0.3387654321,0.2523191511,0.071278826,0.3865233449,0.7659390357,27.69541695,-2.366666077,1.161979206,2.040656886,-0.7882961459,0.2636786666,2684.020059,2.34,0.107,1.143959367,1.008924349,0.6954248033,0.044569161,16.0344346,0.9745596721,0.9310426425,40.98885041,3.287898363,1.176825163,0.03578643579,1.018539409,6.544756406,1.064853784,0.9537171154,0.2591413225,1.173592127,-1.821614808,8.067215364,6.066367068,0.828040126,0.0303030303,-0.4118230567,0.9695585633,-3.010574723,1.65,4.162476745,-3.87,-0.1449220669,5.57310453,0.767428568,0.8871420888,4.883136552,56.98079561,0.0,0.9559385598,1.469144204,0.6224135488,1.160971691,156.7351567,46.38091466,0.7810776942,25.38663948,0.5260439251,1.592410757,0.04833863975,0.9089690061,0.2742860106,1.152196339,0.9284571988,-6.04218107,0.9347054829,11.44836776,10.72607221,0.0,0.4642135642,1.823974622,0.7419260572,1.175104999,1.132525863,3.396694215,5.364958865,0.0,17.9326124,1.074718558
2.483395363,4.386364923,2.954545455,2.905151947,2.706252124,1.410723378,147.0894303,160.896256,160.3959673,158.7162361,12.1472,0.02391700865,-0.5446602296,0.1350137652,-0.1289186064,-0.006207897104,1.587539271,1.129346349,0.9628846016,0.4622641509,1.089411468,0.9330119543,1.071683992,0.9751922231,1.005437571,1.068579533,0.6633791199,0.6593134562,0.8620690799,0.8888264994,0.8792207831,1.084034244,1.021817047,1.057369849,-0.4868801914,0.9778942015,7.008271469,0.6101358035,0.1702456728,0.08662531897,0.07931626887,0.0,3.998637429,0.0,0.0,0.0,0.0,0.0,2.897630052,0.0,0.0,10.91816041,0.0,0.0,0.9584537715,1.89608594,0.3349875931,0.6696428571,0.2542886346,0.03658730159,0.38,28.07245217,9.967957042,0.0,6.9237372,31.54366003,36.02384191,16.52595619,14.26826309,33.45795484,14.79051451,34.196814,6.9237372,31.28371294,0.0,0.0,10.91816041,4.930674447,0.0,6.689475064,19.05880226,89.13,1.576388889,1.598333333,0.6370068027,0.2849899219,0.2500154321,0.1356004489,0.06718346253,0.3064268272,0.8091801777,26.25728492,-2.53167326,0.7720652238,1.031172559,-0.6396500628,0.4060889637,2150.663284,5.64,0.0277,1.296946821,1.074288642,0.6967807472,0.04098290598,19.77449303,1.072513561,1.299504363,149.8301512,2.565011223,1.141993394,0.02023809524,0.9672479546,11.21535881,1.071160207,1.133082268,0.08726707662,0.9866539203,-1.007788161,-14.47111111,0.0,0.9349215564,0.0,-0.3358099826,1.021569069,-3.691155992,1.08,3.90875844,-5.23,0.05767876071,45.64759713,0.7166677786,0.7368419724,4.831548831,80.92444444,1.556913509,1.005293604,1.483786682,0.4930909864,0.979311847,155.0645298,50.47104599,0.8122222222,20.26872417,0.6452932501,1.73509775,0.06607105588,1.193276982,0.03659497968,0.9426781327,1.002477064,-7.976,1.165465064,11.94474877,0.0,0.0,0.4797619048,2.005263525,0.6722678095,1.351455628,1.146875719,3.288461538,0.0,0.0,5.693927995,0.8966614791
2.441492375,4.128881734,2.974683544,2.935714286,2.456709957,1.552372241,144.4949818,155.8926008,160.4675738,150.9225805,5.734842951,0.01327024697,-0.5649659201,-0.1634719612,-0.1185549812,-0.07084027315,1.584388826,0.9657593596,0.7379295538,0.5557360743,0.9771385942,1.276563092,1.196646457,1.083727811,1.114839614,1.435587489,0.8681003289,0.8832706767,0.9450743336,0.9885639883,0.9577570423,1.195319277,0.8949761642,0.9491015781,-0.3737343026,1.734223195,3.046910785,1.443403308,0.2191094953,0.1290186608,0.05143799709,0.0,0.0,0.0,0.0,0.0,0.0,0.0,3.365952145,0.0,0.0,0.0,0.0,0.0,0.9963253758,1.753790627,0.2702702703,0.652173913,0.1836231201,0.01956521739,0.6216216216,34.66167566,10.30919334,0.0,48.53093655,18.19910121,29.2079764,0.0,0.0,0.0,10.63357721,10.81959831,6.165775612,11.12690298,11.37477255,0.0,0.0,0.0,0.0,16.50120121,21.02090433,51.38,1.0,1.008888889,0.306122449,0.07306626354,0.0225,0.01632486481,0.05079365079,0.3852632079,0.9013922896,21.50704852,-1.64655331,0.6931333376,1.566361844,-0.5671370622,0.1300458485,1274.145052,3.43,0.0263,1.132765982,0.9094261638,0.6732572563,0.03254480287,5.316788604,1.042024036,1.12998615,29.58315444,2.670886076,1.322992392,0.01739130435,1.223888227,0.0,1.036106275,0.9832985118,0.4168821087,1.06339814,-1.290994202,-7.184075968,0.0,0.7968822267,0.02173913043,-0.2210766627,1.135104007,-2.974298323,3.49,2.772711092,-3.6,-0.1924848583,28.66745114,0.5697285665,0.4092868722,4.88298475,27.51862673,0.0,1.413119118,1.737052101,0.1944444444,0.8681751391,148.4413028,49.22976446,0.75,10.30076712,1.396307791,2.436742274,-0.02173188653,1.005481086,0.7091260393,1.043548333,0.9482930862,-11.30679328,1.195547787,0.0,4.992404733,0.0,0.4826086957,2.021458333,0.6403846154,0.9602960526,1.145128951,3.628571429,0.0,0.0,5.687386275,0.7160716106
2.499718172,4.249168262,3.787878788,2.755672045,2.484929127,2.225187997,141.7851802,150.3493614,153.125529,156.9660705,1.648283039,0.00904939681,-0.5138705267,-0.04363509887,-0.1125027034,-0.2680479268,1.510492261,1.294380303,1.481569251,0.6365624317,0.985188197,1.153933692,1.349796424,1.073076923,0.8032388664,0.9368131868,0.8375284972,1.10849702,0.6977716568,0.7439936355,1.047725877,1.122147629,1.246951861,0.7100875226,-0.4045491344,0.992888764,3.041832401,0.6049894753,0.1775619387,0.1736077036,0.1842762654,0.0,0.0,0.0,0.0,0.0,0.7472530864,0.0,0.0,0.0,0.0,0.0,0.0,24.35462047,0.8218907439,1.692686418,0.3801256003,0.65625,0.2022214977,0.0,0.6451612903,55.8047709,9.499376415,5.098681808,57.74054544,36.39820241,21.17216961,5.007623697,0.0,21.82845468,0.0,14.59805822,0.0,0.0,0.0,0.0,1.713497417,0.0,0.0,4.419932764,16.71521575,30.19,2.263888889,1.326666667,0.3313378685,0.1728395062,0.1625,0.09896949291,0.07777777778,0.7104232121,0.9516778523,18.85621371,-1.557533857,-0.9013315129,0.7836797161,-0.3425198847,-0.3356758345,864.54982,6.58,3.25e-05,0.9348512015,0.9645121787,0.7018571043,0.0402020202,0.0,0.8875963323,1.137025269,103.9738123,2.504364634,1.021978022,0.0,0.9907602704,0.0,1.255649134,0.9425170789,0.1661478382,1.006837607,0.5645131203,-13.58024691,11.33678588,0.5924521781,0.08333333333,-0.6002476217,0.9497162982,-4.962129682,5.07,3.239316973,-7.71,-0.1639613556,26.7893276,0.2945214183,1.231318752,4.84116039,16.51851852,1.43896947,1.046820803,1.412106674,0.4844104308,1.183761591,144.7685562,41.8827768,0.8753968254,14.59805822,1.080960484,1.714879337,0.02645264164,0.9547922598,0.0,1.219950434,1.080223048,-3.030176899,1.271303513,0.0,0.0,0.0,0.5371031746,1.847137275,0.8205882353,1.508315129,1.250519086,3.857142857,0.0,0.0,21.93603819,1.152308195
2.438964785,4.376840904,2.970588235,3.171783626,3.533898305,1.604211985,145.8395111,155.8277695,157.1804689,159.7563551,6.756026297,0.012062995,-0.2319565314,-0.1339572546,-0.05978758705,-0.003180045358,1.139358911,1.104868086,0.9475381678,0.4880172414,0.9945181256,1.174447392,1.03915608,1.290152156,1.21978022,1.011133603,0.5438213174,0.6779251465,1.061027498,0.9394095453,0.9293592126,1.084547215,1.051045417,1.013810398,-0.3776230982,0.9938719867,8.001917987,1.425802462,0.1798547815,0.1197287114,0.08900986808,0.0,0.0,0.0,0.0,0.0,0.0,0.0,0.0,0.0,0.0,0.0,0.0,0.0,0.9006075208,1.431404059,0.3074027604,0.6354166667,0.1723870095,0.02052380952,0.6216216216,29.04376798,4.390415048,5.098681808,18.19910121,41.9616539,29.7174337,11.51114884,4.390415048,33.77213846,0.0,20.16532066,5.817220841,0.0,4.390415048,0.0,14.02519779,0.0,0.0,14.00357629,22.72753512,54.46,1.368055556,0.8955555556,0.3394557823,0.1839490426,0.05530864198,0.03295582083,0.07207207207,0.3823464208,0.8906604399,20.71401969,-1.65460158,0.7143287378,1.533920999,-0.8307165736,0.2340560347,1061.393602,4.88,0.0157,0.8904795362,1.180016733,0.681465016,0.02487654321,0.0,0.980980433,1.102835408,56.85503868,3.035947712,1.04385038,0.0255952381,1.020131312,0.0,1.135033817,1.005047639,0.486706061,1.060047096,-1.368625703,32.78962747,6.066367068,0.7751567797,0.02083333333,0.08778137725,1.080229885,-2.839431909,2.29,3.039081406,-3.97,-0.2023314081,22.51475897,0.8689478473,0.4672265175,4.831061693,27.45288532,0.0,0.9101760104,1.666401298,0.2395833333,1.02857786,149.1260098,47.12886706,0.7925714286,20.16532066,0.8995733112,2.17037196,0.1227472924,0.9381383658,0.0,0.8912271805,0.9298655757,-0.5661066472,1.087472069,0.0,0.0,0.0,0.4744047619,1.914798511,0.6175137363,0.8527312186,1.064096471,3.384615385,0.0,0.0,11.38785599,0.9324432809
2.418348561,4.527285573,3.129032258,3.776923077,3.848699764,1.534694559,150.3940387,162.5512898,164.5912769,161.3424918,4.346938776,0.0182639437,-0.3324012605,0.2193988027,-0.01968392072,-0.0715585851,1.275091863,0.8386330049,0.9095661276,0.4601770353,1.085488219,0.9315510049,0.9181616639,1.177769319,1.102064441,0.9153846154,0.5313604033,0.6202766102,1.029567991,0.9444248896,1.014361302,1.033095719,1.001398231,0.9369920743,-0.3753149849,0.9929434621,8.002958195,1.417758105,0.1920508422,0.1033284893,0.06856204604,0.0,0.0,0.0,0.0,0.0,1.484493371,0.0,3.209803949,0.0,0.0,0.0,0.0,0.0,0.7725594188,1.076265074,0.3612903226,0.6666666667,0.1708787285,0.04432234432,0.6285714286,28.92622508,8.780830095,5.098681808,0.0,36.39820241,23.64452491,22.66784312,8.780830095,11.25737949,5.316788604,20.16532066,11.63444168,0.0,20.15560264,11.63444168,27.32307035,0.0,0.0,7.83022589,20.03385019,66.49,1.5,1.208888889,0.373968254,0.1597222222,0.14,0.1025425977,0.0701754386,0.4496971453,0.7565182884,21.3750784,-2.136900752,0.7019382687,1.579665978,-0.7740210525,0.05233259757,752.8986437,3.97,0.0241,0.9053093647,1.069622565,0.6882623788,0.03663299663,5.316788604,0.8594661414,0.9951615971,23.83749463,3.650537634,0.9936619718,0.03869047619,1.035552176,0.0,0.9467409464,1.085396937,0.405878845,1.173239437,-1.43538768,10.85061224,6.196843572,0.7492704424,0.0625,0.0641237676,1.016903808,-2.51038916,2.49,3.449454802,-3.97,-0.1713657521,34.91988892,1.005143915,0.5368188969,4.80790263,21.88408163,0.0,1.102051696,1.501922875,0.2395833333,0.8213331104,153.258031,43.18323228,0.8318681319,20.16532066,0.6145650001,1.679828215,-0.08538551804,1.018143669,0.0,1.08450463,1.008157239,2.979591837,0.9491700916,0.0,0.0,0.0,0.4613095238,1.795023673,0.7277613047,0.8378158588,1.117826901,3.3,0.0,0.0,17.57815784,0.9791375787
2.533386305,4.178865078,2.977777778,2.683061197,3.208608907,1.610260143,142.8976294,155.3082346,153.6443467,157.3703611,10.3962585,0.009568442372,-0.2456306312,-0.08413046519,-0.03983422946,-0.01338615685,1.203662336,1.081917619,1.067385681,0.5248710988,1.197808492,1.095719662,1.102387125,1.061201071,1.102328579,0.9441030218,0.7545850053,0.5528026341,0.8269399724,0.8571149249,0.925310936,1.114947315,0.9900246842,1.141077507,-0.4286567014,0.9685373377,7.014207244,0.2964151701,0.1637947843,0.1101141885,0.2864797176,0.03402069087,3.164892644,0.0,4.107403169,0.0,0.0,0.0,0.0,0.0,0.0,0.0,0.0,0.0,1.018899754,1.639726474,0.3196721311,0.63,0.2024891453,0.0,0.4761904762,28.55705665,8.417796984,5.098681808,24.27512131,42.82867707,17.51314867,5.693927995,8.417796984,22.51475897,0.0,29.43802943,6.9237372,11.38785599,0.0,9.837253136,25.35594006,2.683848503,-3.21497177,10.99723661,21.16131431,64.85,2.069444444,1.539444444,0.5723809524,0.4238000756,0.1996990741,0.1116212631,0.07936507937,0.396162501,0.8536184566,27.86921957,-2.170402474,0.5688866725,0.6889240391,-0.1030529687,0.355075048,1853.028796,2.97,0.0373,1.115633952,1.205024884,0.7041633411,0.04051169591,0.0,1.004994808,0.9411622673,12.01574795,2.546021948,0.9775039946,0.012,0.9465578477,16.38200954,1.097951429,0.8028284398,0.236586397,1.131440891,-1.564400883,35.73015873,6.255769184,0.8849630192,0.0,-0.3348172684,1.06488473,-3.980524097,2.16,3.427333494,-3.81,-0.280895464,40.44737137,0.6284471325,1.540954964,4.929626073,44.96447468,0.0,1.20291437,1.581657699,0.5312145692,1.080302284,149.954192,51.10677835,0.82,14.76446326,0.8930898811,1.964983929,0.1525500432,1.189044845,0.0,1.04521224,0.8094063704,-14.56462585,1.048205747,23.41233371,0.0,0.0,0.488,1.966767272,0.831884058,0.4373580456,1.198778246,3.319148936,0.0,-3.21497177,22.82809587,0.7887706615
2.530454796,4.024228194,2.744186047,2.601953602,2.346856725,1.582928217,144.6883738,155.1948001,153.6483872,158.2651642,12.976875,0.01343118756,-0.2284308993,0.05142454982,-0.2045825682,0.03891696362,1.206294218,1.04384194,0.7886743822,0.4655813953,1.154337349,1.008977273,1.165714286,1.146525623,1.249068971,1.081483688,0.8409590385,0.9741131281,0.8383679434,0.7986610069,0.9090461351,1.143500945,1.02671882,1.156196877,-0.5293606965,0.9878632894,3.513557971,1.399863887,0.3131896757,0.0751275622,0.08579236005,0.0,3.678265004,0.0,4.258602372,0.0,0.0,0.0,0.0,0.0,0.0,5.262617148,0.0,0.0,1.132845333,1.977689437,0.3534743202,0.6413043478,0.2042675015,0.0,0.5,24.98785342,0.0,5.098681808,24.27512131,42.82867707,11.25737949,11.44343983,4.736862954,28.26427081,4.736862954,21.87426081,6.9237372,11.38785599,0.0,0.0,7.289315702,2.810050081,1.678040052,10.99723661,21.16131431,39.94,1.569444444,1.459444444,0.4907482993,0.1768864953,0.09031635802,0.03713906744,0.06606606607,0.3148038056,0.9546408044,19.85100612,-1.715121593,0.8834135875,1.13761624,-0.7134927165,0.1912395931,1762.835961,3.7,0.0197,1.130489772,1.406506256,0.6874430569,0.0429248366,4.736862954,0.9295683845,1.006819973,60.23096123,2.441860465,1.173807944,0.02028985507,0.9781315071,6.544756406,1.10983699,0.969569037,0.3286265004,0.9940910671,-1.14055932,-23.0,0.0,0.8966358068,0.02173913043,-0.1804695507,1.060119048,-2.773666826,2.32,3.35869497,-3.88,-0.2772871577,46.1968832,0.7615056901,0.5986859824,4.905393638,64.0,0.0,1.118724544,1.71971739,0.3628472222,1.178190239,152.1379724,50.83098864,0.7855072464,14.76446326,0.8877443751,1.963233125,0.09084778149,1.14020417,0.0,1.079302326,0.9664473684,-16.97125,1.123510297,0.0,0.0,0.0,0.4797101449,2.07157124,0.5485365085,1.187171078,1.144450052,3.363636364,0.0,0.0,25.04240994,1.011681137
2.490442419,4.555414393,3.230769231,3.343272171,3.002252252,1.455194872,150.7422912,162.2205903,163.0500826,164.9364602,9.5504,0.01851781404,-0.4202252355,0.0882278936,-0.1122882851,-0.1037721893,1.504461933,1.254853251,1.163893019,0.5115740741,1.0390625,0.9509345794,1.219036697,1.021634615,1.077513495,1.080628088,0.6096643519,0.6401148504,1.096812197,0.9278108045,0.9903619376,0.985976529,0.9988715118,1.059105987,-0.3757882448,0.992943462,8.001919069,1.297044177,0.1438542817,0.07200113532,0.07802850942,0.0,1.839998403,0.0,7.481984581,-0.07945335418,0.0,0.0,6.396193674,1.870748588,0.0,0.0,0.0,0.0,0.9813853603,1.431712569,0.3478701826,0.6833333333,0.2082598057,0.04822510823,0.56,29.07485563,19.35077682,0.0,24.27512131,37.26522558,23.15437369,17.85686786,4.390415048,11.38785599,10.74258,32.46515906,12.74095804,17.21226049,10.07780132,5.817220841,14.67133491,2.307401952,0.0,12.00682005,22.70892798,81.23,1.604166667,1.832777778,0.614829932,0.345946712,0.229382716,0.1531455974,0.06481481481,0.3592769664,0.8579965795,28.21357374,-2.151474605,1.337103164,2.054124056,-0.6294296932,0.1401140513,2402.054046,3.13,0.0272,1.153810694,1.21092118,0.6833808251,0.04262273902,10.30076712,0.960534506,0.9168901822,29.59329576,3.201566952,1.218772466,0.03047619048,0.9832937806,6.544756406,1.023862668,0.9355966879,0.3172031566,1.140491453,-1.874259233,-33.16,6.066367068,0.8561746053,0.03333333333,-0.2545010027,0.9550438596,-2.744730193,2.4,3.917487984,-4.14,-0.1918444578,16.9544188,1.018428032,0.7448831904,4.882871891,52.96,0.0,1.038419754,1.539717744,0.5599135488,1.192883695,156.5904547,47.73520052,0.7822510823,25.38663948,0.7101955001,1.726368206,-0.05414934165,0.914438101,0.8371918829,1.253205128,1.029279279,-11.1008,0.9360394825,0.0,4.992404733,0.0,0.4695238095,1.9842524,0.7167022792,1.362455893,1.143195637,3.495327103,0.0,0.0,17.9326124,1.055214205
2.483449667,4.396690103,3.079207921,2.755653021,2.919687418,1.572750983,146.7345417,159.0164246,159.3037088,156.7590167,11.54866455,0.02193815016,-0.7136435401,-0.0959214034,-0.0504215878,0.03401200358,1.772247193,1.026447631,1.142651396,0.461425221,1.211046317,1.150491068,0.9340591517,0.9468733338,1.055969609,0.9880417397,0.6972307365,0.5278331227,1.010372979,0.8073625475,0.8840345331,0.9531398069,0.978295621,0.959770983,-0.4776858709,0.9778532218,7.008273877,0.6094207541,0.1804790733,0.164494661,0.1110709264,0.0,5.575590134,0.0,0.0,-0.17393551,2.075726759,0.0,2.724611993,0.0,0.0,5.113341032,0.0,0.0,1.002879635,1.835502452,0.3614457831,0.6696428571,0.2405056069,0.03634920635,0.4042553191,31.38312842,19.74647275,0.0,6.066367068,32.90394574,16.63744226,16.52595619,9.531400138,21.95893118,5.316788604,32.13312054,6.9237372,25.36580689,4.794537184,6.093240071,6.21848502,5.817368447,0.0,3.464144285,15.46788441,92.79,1.826388889,1.598333333,0.7186394558,0.3162399219,0.3053240741,0.1651872258,0.06565656566,0.3734668358,0.8460799461,26.96809765,-2.230653121,0.5163215703,0.9484925938,-0.9379002644,0.7542299195,2726.359613,5.86,0.00736,1.216827225,0.8648518715,0.7026070582,0.03995833333,15.03763008,1.080738466,1.229233282,30.42700184,2.656921865,1.014280943,0.005952380952,0.8530166895,11.28161936,1.112929637,1.164447335,0.08870986175,1.033621046,-0.9534186082,-30.45626478,0.0,0.8501072829,0.0,-0.2027626441,1.070832099,-4.755622155,1.12,4.019717246,-6.48,0.231291263,37.86947981,0.9696128599,1.065517403,4.831606468,76.34756803,3.144098498,1.288728689,1.407369913,0.4930909864,0.9808856936,154.1759132,51.10387772,0.8088888889,25.25270269,0.6599904257,1.534871606,-0.003188883497,1.074437107,-0.4669698351,0.9199227544,1.05741742,-5.996378452,0.8871398016,11.78782843,0.0,0.0,0.494047619,2.091976726,0.7352677279,0.8931009322,1.091767795,3.494505495,0.0,0.0,34.0698107,0.8333790794
2.434221777,4.302585104,2.941176471,2.764701105,2.599846551,1.702870641,144.5853473,153.1026674,153.5807316,157.7247293,5.756026297,0.01059569142,-0.2274929273,-0.1639687472,-0.07875068644,0.09425447814,1.155687114,1.106213601,0.8117615668,0.5772477584,1.031820743,1.145958551,1.085549004,1.243237532,1.134395604,1.011133603,0.787980181,1.022431489,0.9647692799,0.8934112415,0.9740305481,1.068063616,1.092931846,1.072104687,-0.3789345633,0.9938435771,3.059383876,1.304720641,0.1958948138,0.1304065059,0.0761440227,0.0,0.0,0.0,0.0,0.0,0.0,0.0,0.0,0.0,0.0,0.0,0.0,5.960493907,1.03180839,1.763374988,0.2962515115,0.6354166667,0.1765597879,0.01980952381,0.6216216216,27.41466746,0.0,5.098681808,29.8000411,41.9616539,34.74006701,5.693927995,0.0,33.77213846,0.0,20.16532066,0.0,0.0,0.0,0.0,0.0,0.0,0.0,14.27102878,23.22645939,54.46,0.9930555556,0.8955555556,0.3386394558,0.1645408163,0.06655864198,0.06938271605,0.07207207207,0.4227228896,0.9505140753,20.78580455,-1.552496346,0.3805497678,1.010153343,-0.8018663157,0.2031554007,1075.726667,5.11,0.00607,0.9760302914,1.203064985,0.681465016,0.02633986928,0.0,0.9949734926,0.930581229,51.21686068,2.596435488,1.032121724,0.007738095238,0.9753622811,0.0,1.167375108,0.9531995534,0.3599775621,1.118131868,-1.032529073,1.80999017,0.0,0.7377911271,0.02083333333,-0.3367807874,1.032748054,-2.989268504,2.4,3.039081406,-4.52,-0.1998300092,33.77213846,0.909257988,0.6128188311,4.814735277,24.58788518,0.0,0.8378701243,1.667042088,0.267396542,1.060573305,147.5334209,48.70120046,0.7754285714,20.16532066,0.7710628382,2.17037196,0.07734724421,0.8914573085,0.0,0.9161377823,1.023354559,-0.7552958364,1.048290646,0.0,0.0,0.0,0.4922619048,2.042193878,0.6632554945,1.110928328,1.147163524,3.358974359,0.0,0.0,11.38785599,0.8577922201
2.478936865,4.51049676,3.189655172,2.841861598,2.716021825,1.529342206,149.2712213,158.8721414,159.3910426,162.626687,12.75,0.01999122412,-0.4506544149,0.1515275869,0.03628957905,-0.1641522989,1.503246492,1.103741742,1.290744082,0.4944376026,1.160743934,0.824498344,0.9938092357,1.134920635,1.034482759,1.015037594,0.876613779,0.9183986976,0.7091238839,0.8419023279,0.9742927238,0.9460447433,1.080558625,1.066050342,-0.529345944,0.9878601675,3.513572536,1.434202554,0.1865275199,0.08296766566,0.06365387513,0.0,3.636391248,0.0,7.398095471,0.0,0.0,0.0,3.395337039,1.742801609,0.0,5.218525494,0.0,0.0,0.9842737348,1.921955869,0.3348519362,0.685483871,0.2114118318,0.0312153796,0.5384615385,27.54306817,14.98529578,5.425791397,12.14238718,49.39795972,23.15437369,17.91245169,4.736862954,17.13736782,15.47944295,33.40918099,13.08951281,17.21226049,5.687386275,0.0,5.218525494,2.517724679,1.65707352,11.91630315,24.29046293,92.53,1.479166667,1.837777778,0.5723809524,0.2590230537,0.211882716,0.2226303438,0.06349206349,0.359313175,0.8571948402,28.10094457,-2.322690933,0.7916645007,1.543411854,-1.025139433,0.029394677,1827.899299,2.77,0.035,1.310011246,1.218150285,0.6841461785,0.04273901809,15.03763008,0.9157697123,1.115105137,98.77127978,2.74137931,1.06779661,0.02795698925,1.015169566,6.544756406,1.115060367,0.9090188918,0.4846689175,1.118012422,-1.764277142,14.11242604,6.338535363,0.8866574571,0.03225806452,-0.2438414553,1.018281807,-4.03750446,1.72,3.751632789,-3.95,-0.2053723577,51.77589473,0.6699775892,0.7412859105,4.848604167,72.47928994,0.0,1.050678849,1.551751125,0.5755385488,1.13301132,155.9281231,48.09529404,0.7838383838,25.38663948,0.7699826926,1.948806929,0.1459875054,1.10351367,0.9335681456,1.115730281,0.8811422414,-8.0,0.8903079118,0.0,4.992404733,0.0,0.4720430108,1.998196912,0.6275510204,0.9409178916,1.159043268,3.254237288,0.0,0.0,30.73633793,1.051738124
2.553040383,4.346112611,2.785714286,2.575925926,2.083333333,1.50240302,144.1755027,158.017984,154.4333074,156.6073003,14.1852552,0.007402612772,-0.1642638889,-0.02342428465,-0.1072791578,-0.1395201278,1.172263988,1.203762243,1.056462585,0.4224489796,1.071691822,1.136368367,1.245225455,1.111429832,1.305325528,1.200242718,0.7457312058,0.8214472094,1.078178977,0.9066266955,0.788504403,1.100348041,0.9363896442,0.9758442718,-0.4357096678,0.9879793438,3.042105136,1.343864516,0.1868248023,0.08275355392,0.130682846,0.0,2.13547063,0.0,0.0,0.0,2.189593648,0.0,0.0,0.0,0.0,0.0,0.0,0.0,1.319494992,1.899158951,0.3492063492,0.6442307692,0.2302750424,0.0,0.5217391304,28.08857777,0.0,5.098681808,31.18920547,49.09138463,35.07913167,5.693927995,0.0,22.51475897,0.0,19.74844179,0.0,24.73241481,0.0,0.0,2.166832955,3.120409059,0.0,16.37303072,28.26905539,43.6,1.756944444,1.547777778,0.5251247166,0.1652730537,0.0825,0.03295582083,0.06201550388,0.2970809456,0.9634107722,15.03298775,-2.350826154,1.236992538,1.416519324,-0.6533995773,-0.1546358883,2140.13226,4.89,0.00493,1.116322485,1.296268348,0.6734561893,0.03599483204,0.0,0.988420928,1.24605682,9.847522251,2.342151675,1.358765342,0.01538461538,0.8944767049,19.38639965,1.011354493,1.046094199,0.2435071712,0.9047539337,-1.266561708,-91.47826087,22.20705519,0.8858049236,0.0,-0.07221636143,1.225706499,-3.887155129,2.88,3.320562819,-4.57,-0.04124954866,48.40570598,0.9485384251,0.6328934241,4.996396487,75.42155009,0.0,1.178710955,1.78327797,0.3107993197,1.236159887,150.5589706,51.64301269,0.7615384615,19.74844179,0.9893429349,2.202999137,-0.1654548445,0.9975586595,0.0,1.279942479,1.111969112,-22.68620038,1.063331499,0.0,0.0,0.0,0.4846153846,2.149158951,0.5191747573,1.213090146,1.215419546,3.716981132,0.0,0.0,11.21062871,1.072676271
2.490628178,4.596945263,3.283333333,3.473958333,3.288839725,1.503021051,150.4984338,161.2261068,162.8661206,164.7062174,9.499807766,0.01893057271,-0.42133715,0.05590577402,-0.1681219488,-0.1102973051,1.482583345,1.278740997,1.154289488,0.4798855102,1.027319164,0.992135392,1.242959272,1.009586225,1.086042449,1.034902597,0.5414841282,0.5540216954,0.9123720535,0.8955665018,1.006614275,0.9965619403,1.007997674,1.006185222,-0.3981345302,0.9113317266,8.001919845,1.29704352,0.1388167936,0.06948652881,0.07802850942,0.0,1.818946474,0.0,7.382088777,-0.1078514162,0.0,0.0,6.304262458,1.846362548,0.0,0.0,0.0,0.0,0.7930057307,1.407326529,0.360343184,0.6796875,0.202022834,0.04584183673,0.5490196078,27.19754195,19.35077682,5.261891555,12.14238718,43.33159265,23.15437369,17.85686786,4.390415048,17.4570773,10.74258,32.46515906,24.07207091,22.77571198,10.07780132,5.817220841,14.7241185,2.180068844,0.0,11.49572378,25.28980124,105.02,1.916666667,2.063888889,0.696462585,0.377196712,0.3140740741,0.2027323742,0.06535947712,0.3940349295,0.8559193304,28.20007841,-2.45339229,1.07618617,2.030228997,-0.8206579485,0.1579998792,2472.979898,3.17,0.0322,1.128686701,1.186501971,0.6899617195,0.04391252955,10.30076712,0.9752834427,0.9251575704,28.04738849,3.361574074,1.209550693,0.03169642857,0.9863050698,6.544756406,1.029404689,0.9646473399,0.344114732,1.166087434,-1.65007987,-12.68858131,6.066367068,0.8271828943,0.03125,-0.1305944872,0.9727281184,-4.823220166,1.76,4.159965971,-4.35,-0.06549440792,11.2604908,0.9705372476,0.8282165237,4.883058285,53.4982699,0.0,1.025792414,1.510307446,0.5599135488,1.168894388,156.0894821,46.37097979,0.7889795918,25.38663948,0.5177719991,1.512459371,-0.001131945426,0.8073220675,0.7971611038,1.216360967,0.9744865876,-9.044982699,0.9505705768,0.0,4.992404733,0.0,0.4683035714,1.873974622,0.7272145268,1.262669398,1.104697669,3.527272727,0.0,0.0,29.5652852,1.079753888
2.468628887,4.132437192,2.655172414,2.85,2.488636364,1.654814688,145.2967564,153.4703315,152.4166073,161.0598867,7.280991736,0.0115294807,-0.204644982,-0.1404208383,-0.02003442341,0.005857914416,1.135785536,1.17177776,1.091682146,0.5326779538,1.003105251,1.1250375,1.112272763,1.311213518,1.369924571,1.02734255,0.7647478804,1.038540125,1.102811245,0.9146174555,0.881612631,1.02094209,1.049961289,0.8932934114,-0.387978746,1.734391618,3.059378604,1.390175303,0.2101965513,0.1399273102,0.09087175382,0.0,0.0,0.0,0.0,0.0,2.084955541,0.0,0.0,0.0,0.0,0.0,0.0,0.0,1.106484316,1.776239449,0.297029703,0.6428571429,0.1744849237,0.02164502165,0.6363636364,29.94070558,0.0,5.098681808,24.26546827,29.82891977,29.54020642,5.693927995,0.0,22.51475897,0.0,20.16532066,0.0,0.0,0.0,0.0,0.0,0.0,0.0,13.01793638,20.14478228,54.46,1.055555556,0.8766666667,0.2228571429,0.05265810028,0.0225,0.0,0.06734006734,0.3475038432,0.932608777,13.86810706,-1.733820714,0.8748819942,1.485429159,-0.6547522796,0.09241541856,1098.115324,3.97,0.0374,0.9745072262,1.22230133,0.670033492,0.02739583333,0.0,0.8729698264,0.8840616196,46.81610692,2.663793103,1.132818416,0.01904761905,0.9279922672,0.0,1.123977316,1.046279586,0.4020442614,0.9794378419,-1.123390431,-10.50505051,0.0,0.7624110314,0.0,-0.1828242898,1.073844323,-2.2201416,1.74,2.838071837,-3.54,-0.2578306698,33.41768391,0.8863453375,0.4015074953,4.89325204,25.39669421,0.0,0.815551268,1.713247672,0.0893920068,1.180535525,148.118121,48.15008344,0.7545454545,20.16532066,1.053178409,2.206322282,-0.07274096386,0.8633390706,0.0,1.096291832,1.074822501,-1.537190083,0.9729566831,0.0,0.0,0.0,0.480952381,2.076258503,0.5256869773,1.104670109,1.133217712,3.38028169,0.0,0.0,11.21062871,1.066520408
2.597850078,4.101665835,2.572519084,2.630704365,2.312396352,1.525601798,145.0869966,153.5821454,162.0972247,153.8110988,17.62630208,0.01284793601,-0.3860697834,0.01533050976,-0.1134696196,0.007532301879,1.314854586,0.9539838686,0.7070326311,0.4774777405,1.057402812,1.188467447,1.383259482,1.148424734,0.9915261547,1.385646218,0.9949710566,0.5107568841,1.024501253,0.8125377887,1.137579186,1.239652506,0.9040648674,1.02037886,-0.4349781178,0.991510793,6.002808208,1.134637098,0.3013639207,0.1738843431,0.4665289338,0.1020620726,8.853357781,0.0,0.0,0.3910761527,0.0,0.1731802327,0.0,0.0,9.67224571,0.0,0.0,0.0,1.258329554,1.7337363,0.3656509695,0.62,0.2419431816,0.01841025641,0.4166666667,27.20665253,0.0,5.098681808,38.9703128,42.16764743,23.72004194,11.44343983,5.106527395,28.26427081,0.0,19.87099066,12.33872767,38.07697363,0.0,0.0,2.145043462,9.756531676,0.0,7.015426052,18.96324038,50.94,2.833333333,1.989444444,0.8785034014,0.3797004913,0.096875,0.01234567901,0.0826873385,0.3225774031,0.8978706103,20.00470256,-2.468484815,1.191478187,0.9054046876,-0.5149506722,-0.120552008,1852.844609,4.26,0.00493,1.135304618,0.8136231018,0.7106888094,0.05101139601,5.106527395,1.099788169,0.6861882481,119.6945386,2.49173028,1.135710031,0.01866666667,1.234656487,6.544756406,0.9911808129,1.128724974,0.2256407801,1.470557872,-1.014720656,-66.89236111,5.693927995,0.9584479136,0.02,-0.1406615392,1.01343373,-3.396696076,2.84,3.404520514,-4.82,-0.03377800774,34.75344337,0.8559290985,1.799994583,4.993807265,86.00520833,0.0,0.9565816542,1.726902799,0.641510771,0.9233410433,151.630624,52.02985719,0.7602564103,14.76446326,1.186160354,2.180441986,-0.003017361532,0.9459305761,0.0,1.156994298,0.9869634458,-25.73480903,1.233874327,0.0,5.414990469,0.0,0.4813333333,2.023902759,0.7772133273,0.8074267202,1.13458482,3.095238095,0.0,0.0,11.38785599,0.7802471478
2.434934798,4.385913417,2.969387755,2.655838041,2.757309942,1.457857962,148.1880842,156.6762634,161.7812134,163.4394797,11.66666667,0.01537181689,-0.3018627239,-0.005432252056,-0.01504795827,0.09060525831,1.318138821,1.15925914,0.9934224119,0.5347430272,0.9459419758,0.9065277268,1.043252862,1.086335404,0.9013605442,0.914346247,0.7987861163,0.9682289691,1.25345406,0.8280126981,1.035312916,1.050880246,0.8635677563,0.9738365478,-0.5082116703,0.9888932787,3.510694751,1.353642494,0.2107263855,0.09384094428,0.0761440227,0.0,4.105194738,0.0,0.0,0.0,0.0,0.0,0.0,2.136737195,0.0,5.717097266,0.0,0.0,1.012421326,1.765452935,0.2740046838,0.6583333333,0.2046388653,0.01630824373,0.4259259259,27.38642147,4.983978521,5.098681808,6.066367068,56.41145242,48.52540074,5.693927995,4.736862954,39.6521268,4.736862954,57.29619125,0.0,6.420821623,0.0,0.0,5.717097266,1.637248623,4.105194738,16.34728313,23.19568192,79.82,1.118055556,1.015555556,0.4806802721,0.2219860166,0.123433642,0.1230507091,0.06565656566,0.2589018402,0.9156865486,27.98986524,-1.950112645,1.345390583,1.375318711,-0.6005447192,0.1066261733,1445.598246,4.23,0.0351,1.349440014,1.395319278,0.6920312592,0.02417989418,9.636772685,1.180373069,0.9548853842,34.41453474,2.681405896,0.8754464286,0.02555555556,1.098823359,0.0,0.9151619588,0.8298354502,0.1797483726,1.155639098,-1.45999706,-52.92318244,0.0,0.9733430824,0.01666666667,-0.07283733788,0.8894273648,-3.772545192,1.02,3.602395701,-4.02,0.03490374476,46.73771649,1.09421181,0.7927689883,4.818008324,71.20164609,0.0,1.052619076,1.585774287,0.3732993197,1.117219713,157.447872,49.71227209,0.7892473118,30.04920891,0.8363196196,2.152491801,-0.1206179347,0.9951802862,0.0,0.9987624319,1.185193382,-6.777777778,1.107115173,0.0,0.0,0.0,0.4744444444,2.033650872,0.664160401,1.1672429,1.016702299,2.941666667,0.0,0.0,17.99473795,1.019209046
2.482821465,4.350846645,3.089108911,2.855638284,2.593325999,1.447267104,147.4070993,159.4282346,159.5753832,159.0692396,10.13852422,0.02597623644,-0.5775844303,-0.07837074117,-0.1041934066,0.144789106,1.605467593,1.088203779,0.6876452399,0.4761126836,1.092965953,1.044678273,1.121040945,0.9491930844,0.976001165,1.175777925,0.7504039609,0.5531366355,0.8723137687,0.9073389021,0.9437998209,1.157068894,1.053284437,1.045629855,-0.4868779013,0.9728907128,7.008275244,0.6101363001,0.1701557516,0.08657956477,0.07931626887,0.0,1.969884762,0.0,0.0,0.0,0.0,0.0,0.0,0.0,0.0,10.90706604,0.0,0.0,0.9703602135,1.90468281,0.3479381443,0.6666666667,0.2488892211,0.05543209877,0.4042553191,29.48648364,9.967957042,0.0,0.0,37.96448165,29.4790855,16.52595619,14.26826309,33.45795484,15.20739338,27.6520576,6.9237372,30.78079736,0.0,0.0,10.90706604,2.211360909,0.0,7.716486024,19.69235798,103.12,1.576388889,1.438333333,0.6630839002,0.2734158478,0.230632716,0.1267258443,0.06349206349,0.3354667202,0.7728724866,26.29075162,-2.316018587,0.293582343,0.5926671147,-0.5834331711,0.300244724,2049.650148,5.19,0.0627,1.19593613,0.9582387431,0.6963983015,0.03887387387,20.19137191,1.000439657,0.8253175845,150.6484075,2.864839262,1.115711009,0.02098765432,0.9711994556,11.21535881,1.092032903,1.122823551,0.192549338,1.028260792,-1.162419945,-42.65816609,0.0,0.8817586209,0.0,-0.1803428473,0.9435584961,-2.452086792,0.86,3.94574861,-4.92,-0.01326356245,64.23875221,0.9241214459,0.7480065221,4.830954496,68.15426789,1.571779222,0.8874448683,1.477254645,0.3680909864,1.011004441,153.302771,49.99421855,0.7988888889,14.95193556,0.7555271278,1.608840241,-0.07615033233,1.181186102,-0.2690337063,1.011483187,1.021146207,-13.25124491,1.218030133,10.90400864,5.733667477,0.0,0.4790123457,2.013860394,0.7107492355,0.9372870967,1.144987996,3.28,5.207753169,0.0,5.693927995,0.8533178341
2.474740486,4.498005413,3.053030303,2.901475694,2.850331675,1.466463745,146.2371118,159.6814892,158.7182556,159.3119219,9.108418367,0.01211140675,-0.3160717297,0.05832555545,-0.1226103676,0.004947148333,1.347610444,1.123100306,0.8847044885,0.5041466608,1.14537887,1.080805755,1.117525098,1.034377907,1.181147746,1.088706772,0.6420414758,0.8310504904,0.7585689396,0.9474767049,0.9165954269,1.059053412,1.001831439,1.063932438,-0.4324510555,0.9929796051,7.00214461,1.269246097,0.1550874149,0.0711208106,0.07129411522,0.0,1.961369464,0.0,0.0,-0.9337611023,1.655222388,0.0,3.000267704,0.0,0.0,0.0,0.0,0.0,0.9802223593,1.685472104,0.311440678,0.6515151515,0.2002335208,0.01458704694,0.5535714286,35.89326767,5.106527395,5.098681808,30.33183534,48.8853911,48.5008745,5.693927995,5.106527395,22.51475897,5.316788604,30.96032148,6.9237372,12.11474962,5.687386275,6.227901171,1.826510299,2.447681743,0.0,19.80125865,28.71285941,88.42,1.722222222,2.033888889,0.7152380952,0.2885015117,0.348757716,0.1809019488,0.05664488017,0.3636252832,0.8843739382,32.70441676,-2.367162953,0.7868557918,1.976594455,-0.8427190641,0.1301393751,3569.713311,3.93,0.00473,1.204648552,1.239673076,0.6855377302,0.04327423168,5.316788604,1.041737724,1.066551785,37.38141913,2.656565657,1.160180626,0.02323232323,0.9581220502,11.6512838,1.024675149,1.000488963,0.6365435664,1.118386167,-1.818028877,37.42538265,0.0,0.8866416214,0.01515151515,-0.2273746791,1.069161422,-3.570069368,2.01,3.50616757,-4.75,-0.3243835265,44.92947468,0.7910534362,0.7824687534,4.874326233,62.71045918,0.0,1.288417043,1.64766217,0.535643424,1.072727349,152.6262586,49.48358974,0.781372549,24.73242031,1.157297059,2.301187352,0.1446873928,1.213182463,0.0,0.9665357195,0.8929164739,-8.136479592,1.06799778,0.0,0.0,0.0,0.4767676768,2.018874087,0.7544668588,1.286803606,1.265557454,3.275590551,0.0,0.0,16.72732943,1.005459544
2.497208695,4.513463657,3.254901961,2.360414178,1.979451674,1.517425653,143.3032368,157.175487,160.3100729,153.0315294,10.44612476,0.01029213076,-0.5247115456,-0.06716653569,-0.1415036022,-0.1207308503,1.558769959,1.397056959,1.089542371,0.5126350962,0.9278198238,1.215894993,1.421821589,0.9633559584,0.9247572816,1.422643282,0.8710554987,0.7823306164,1.006664352,0.9241295955,0.9099142368,1.15947854,0.8876316398,1.036562165,-0.3637164681,0.993844579,3.040427984,0.6094207479,0.2027589878,0.09974522888,0.1433457877,0.0,2.039433738,0.0,0.0,0.5457821817,2.259257465,0.0,0.0,0.0,0.0,0.0,0.0,0.0,1.165891204,1.902736045,0.3391959799,0.6538461538,0.2839350358,0.01785375119,0.5434782609,34.25414256,14.95193556,0.0,25.32883194,31.89811458,22.5553483,16.52595619,0.0,21.95893118,0.0,19.93591408,6.9237372,49.54034665,0.0,0.0,1.206097884,2.039433738,0.0,9.695575596,21.78580178,54.46,1.388888889,1.354444444,0.5275283447,0.2693609851,0.136257716,0.05163350679,0.06718346253,0.3210047396,0.9150418702,26.5061711,-2.465995537,0.6331751419,0.3223980589,-0.8807086271,0.5787999279,2317.872662,7.34,0.000369,1.082230238,0.9903985699,0.6734561893,0.03564327485,4.983978521,1.073914654,1.024557424,25.11076209,2.279354609,1.163956311,0.0,0.9803026254,0.0,0.9940132253,1.057571989,-0.0314787995,1.025553616,-0.9849102367,-73.20541903,42.36747952,0.830745017,0.0,-0.01769872362,0.9760024301,-4.661800971,2.64,3.566344024,-7.6,0.4252448771,33.4305129,0.5431522426,0.9179788245,4.845890206,62.35034657,3.351777586,0.966493219,1.627168473,0.3281604308,0.9348806598,149.0690585,54.58797248,0.7641975309,19.93591408,1.119216162,1.957217932,-0.1365893687,0.9236895788,0.0,1.266030042,1.055001651,-18.62381853,1.159266704,0.0,0.0,0.0,0.5102564103,2.217388353,0.6699029126,1.290616726,1.158600771,3.46,0.0,0.0,21.4210879,0.7630825257
2.480066464,4.664261695,3.318965517,3.265015015,3.180041152,1.624156942,148.5354983,157.6605555,159.3045716,161.8383904,11.5496,0.01734393257,-0.4667300645,0.06772113045,-0.1465676907,0.02792896134,1.511438313,1.22740737,1.113552969,0.4306389723,1.037544554,1.048704955,1.048683819,1.145639159,1.148442072,0.9165394121,0.4992319944,0.4735693428,0.6742873691,0.8600512025,0.9362959552,0.9482935911,1.068880855,0.9584468995,-0.3996313397,0.9108416499,6.028466039,1.421355598,0.1458524996,0.08555061277,0.09973826696,0.0,1.939560434,0.0,7.207536416,0.0,0.0,0.0,3.22022555,1.696399817,0.0,0.0,0.0,0.0,0.8948460956,1.621552915,0.3461538462,0.6742424242,0.1982620778,0.02909090909,0.56,31.07264911,14.98529578,15.94957451,18.20875424,37.26522558,17.46698741,24.30138249,0.0,23.52629862,10.74258,26.29938345,35.75173855,28.33916347,5.687386275,0.0,0.0,2.266889106,0.0,13.25552767,27.86004267,130.88,2.166666667,2.068888889,0.614829932,0.4011558327,0.309382716,0.2275257627,0.07264957265,0.451816328,0.899975212,30.1106621,-2.266704577,0.5975371706,1.971512741,-0.6792424211,0.1330264511,2901.74754,2.79,0.0244,1.185388865,1.11891662,0.6904812668,0.0405664488,10.30076712,0.8785512067,0.8807610642,72.0162771,3.149664751,1.087049013,0.02727272727,0.9845619692,6.544756406,1.120972479,0.9839214629,0.3238176103,1.121452548,-1.651850126,10.9632,6.338535363,0.7959195943,0.01515151515,-0.3752113636,1.056813392,-3.196139206,0.74,3.932180011,-4.77,-0.3737663731,34.51459212,0.9677159958,0.7967487627,4.849748974,60.1616,0.0,1.02709462,1.526742394,0.5538548753,1.110305199,153.216661,45.03289764,0.78,25.38663948,0.73509775,1.711676179,0.04053133966,0.6725258219,0.8592572972,1.032929481,0.9281851296,-2.4416,0.9145750776,0.0,4.992404733,0.0,0.4727272727,1.951795121,0.6177041575,1.008314452,1.118106437,3.464285714,0.0,0.0,40.44082965,1.10514222
2.494860584,4.585936561,3.6125,2.977213839,3.025265576,1.687868017,145.7653998,151.5107178,155.851185,153.1581378,8.653061224,0.02980478062,-0.5685004066,-0.09227384407,0.06234065606,0.1342905211,1.562381458,0.8950641294,0.6867823244,0.5305959149,1.083992231,0.9556283104,0.8959249672,1.246991979,0.8794688458,1.228044332,0.7717873141,0.6261114289,0.9030999491,0.8214741451,1.041559954,1.11766699,0.9322902463,0.9818215117,-0.4868774002,0.9730025181,7.008275784,0.6101848837,0.1656905879,0.0906617452,0.1175920237,0.0,0.0,0.0,0.0,0.0,0.0,0.0,0.0,0.0,0.0,10.90563433,0.0,0.0,0.9184778912,1.684027965,0.3722084367,0.6785714286,0.1994588156,0.05311059908,0.5952380952,34.18958283,9.967957042,0.0,12.13273414,30.33183534,28.26726082,16.52595619,14.26826309,44.84581083,15.20739338,27.6520576,0.0,10.35798868,0.0,5.907179729,10.90563433,0.2207955615,0.0,8.982056596,24.8194172,103.12,1.381944444,1.500555556,0.506122449,0.3442066641,0.208441358,0.1067258443,0.07729468599,0.4205560062,0.7315065138,26.52607008,-2.25801377,0.8550668442,1.422660723,-0.8652572053,0.5217735195,1950.192093,4.68,0.0178,1.027655157,1.009996236,0.681686114,0.03572751323,20.19137191,0.9553631287,1.040645675,155.2141981,3.520100309,0.9627961799,0.02023809524,1.168137123,0.0,1.186064889,1.021747823,0.2622126408,1.079775799,-1.208820013,-5.16654069,11.33678588,0.7189459597,0.0,-0.4237602066,1.061384358,-3.649593437,1.4,3.828255888,-5.22,-0.2184857505,33.2718945,0.8998738635,0.7380107335,4.843471961,32.2436382,1.5144495,0.7682071345,1.525774316,0.314271542,0.8723614663,149.0046466,46.53961842,0.7956989247,14.95193556,0.8191993323,1.564061535,-0.07385391958,0.8985827776,-0.4624829717,0.9001592193,0.9759425146,-5.224489796,1.268949845,11.31020987,5.733667477,0.0,0.4797619048,1.956449172,0.6380928854,0.4749570351,1.011847177,3.5,5.324205886,0.0,5.693927995,0.7809001463
2.478903901,4.498947703,3.207207207,3.069444444,3.049622438,1.505878609,149.7946163,161.4990051,161.8595455,162.5143437,8.715277778,0.01703470662,-0.5083152447,0.1013058521,-0.04823469523,-0.09620798389,1.569670841,1.206257633,1.234580138,0.4573961938,1.149855545,0.8360432694,1.005098816,1.054281988,1.056209518,0.9874856487,0.5925677984,0.5971022839,0.4847016895,0.9079924669,0.9777729186,0.9613096148,1.010743696,0.8714015927,-0.383282185,0.9929414619,8.001919186,1.434202656,0.1582343463,0.09254182119,0.06365387513,0.0,1.956358544,0.0,7.288968252,0.0,0.0,0.0,3.260132958,1.71617439,0.0,0.0,0.0,0.0,0.9220051186,1.421955869,0.3478701826,0.6833333333,0.2081978856,0.0331547619,0.5833333333,27.78001276,19.37571083,5.425791397,12.14238718,49.39795972,23.15437369,17.9801607,4.390415048,11.38785599,10.74258,26.29938345,18.90673365,17.21226049,10.07780132,0.0,13.13701162,2.41074126,0.0,11.91630315,24.29046293,83.3,1.479166667,1.797777778,0.5723809524,0.2590230537,0.211882716,0.2026303438,0.06481481481,0.4187898409,0.8205171341,29.50962124,-2.376581412,0.97251529,1.900150409,-0.9082457213,0.07949335836,2067.529251,3.13,0.0278,1.13746691,1.091810975,0.6833808251,0.04384823848,10.30076712,0.8484502005,0.88655128,29.33742736,2.900900901,1.127836545,0.03047619048,0.9919341038,6.544756406,0.9827923899,0.9252014647,0.3105030578,1.138893766,-1.604705764,1.444444444,18.4712695,0.8399818365,0.03333333333,-0.08271355636,1.032161977,-3.441106871,2.4,3.773554151,-3.89,-0.1225400545,46.02638289,0.8246481343,0.7362386076,4.84857093,58.44444444,0.0,1.044145865,1.540603776,0.5755385488,0.9274227522,155.2232052,46.83435575,0.7973214286,25.38663948,0.7350877607,1.81140835,0.1321316009,1.024889257,0.8986928777,1.098849715,0.9023583163,-7.932291667,0.8995278689,0.0,4.992404733,0.0,0.4695238095,1.971569693,0.6960964409,0.6890348644,1.141041115,3.485436893,0.0,0.0,23.62654039,1.022434879
2.479015615,4.520309251,3.263636364,2.712488129,2.687435099,1.684515081,146.6826228,154.393322,155.5741658,157.7762571,12.51557093,0.01766001006,-0.4714963471,0.0651694672,-0.1501957655,0.1629870373,1.500129729,1.240473746,0.9991037037,0.5229137409,1.06957477,1.013566451,0.9973562045,1.079307537,1.063418059,0.9804396712,0.8498054809,0.9918576159,0.8015408946,0.7856842935,0.9803638036,1.033646687,1.296434957,1.002171379,-0.5293500557,0.9878600702,3.513570969,0.604984461,0.2021691202,0.08992630494,0.1146045727,0.0,3.658412682,0.0,7.526216895,0.0,0.0,0.0,3.448656463,1.769695302,0.0,5.323047129,0.0,0.0,1.12070892,1.937293656,0.3252212389,0.6693548387,0.221985203,0.01596102151,0.5490196078,29.67113157,14.98529578,5.425791397,35.61190719,42.82867707,24.01174382,17.78197519,4.736862954,17.13736782,15.47944295,28.42520247,13.08951281,16.13452668,5.13155848,0.0,5.323047129,2.630863047,1.673333891,11.86652881,23.88832352,76.74,1.729166667,1.837777778,0.614829932,0.2711404006,0.269382716,0.1695724926,0.0589569161,0.3795420362,0.8849481583,26.31220509,-2.576392418,0.7529964995,1.601448951,-0.642422667,0.2769624433,2255.370748,3.89,0.00508,1.192605992,1.155817556,0.6841461785,0.04176767677,10.05365156,1.052586754,1.074946268,93.20293578,2.663720539,1.11391129,0.01397849462,1.062812281,6.544756406,1.204271321,1.120102997,0.2178203274,1.047267025,-1.402391916,-11.05181768,0.0,0.850069437,0.03225806452,-0.2032945298,1.004756209,-4.327802208,2.51,3.763837885,-5.44,0.1727316283,50.14233313,0.8955140178,0.9242705142,4.848683342,65.71322995,1.598662578,1.064137455,1.551421144,0.5130385488,1.068172202,153.8360163,49.79497264,0.7947916667,20.40266096,0.8242960788,1.908587457,0.05250883048,1.059829494,1.016885622,0.8810241423,0.9608684688,-4.321799308,1.269722735,0.0,4.992404733,0.0,0.4860215054,2.061213084,0.6231671554,1.188152911,1.032417708,3.409090909,0.0,0.0,17.68087273,1.08191062
2.478903901,4.498947703,3.295238095,2.768715524,2.624514991,1.685800705,146.0676287,153.7663145,156.8715096,156.1013165,11.5904,0.0126470027,-0.5396822277,0.1496285497,-0.1430123923,0.1327928165,1.61799717,1.396014269,1.410917667,0.5158019987,1.038130701,0.9759848525,1.0794906,1.001602564,0.9299089069,1.047207447,0.8760093448,0.8517694067,0.8283418253,0.8173616901,1.033535669,1.073842488,1.256064283,0.9825877972,-0.3836346575,0.9929414619,3.057284777,0.6049846518,0.1672712213,0.1034121956,0.1146045727,0.0,4.08824229,0.0,7.567211275,0.0,0.0,0.0,3.472360166,1.779671963,0.0,0.0,0.0,0.0,1.256107699,1.993612103,0.3325791855,0.6583333333,0.2262521845,0.01577060932,0.56,30.79327908,14.98529578,5.425791397,53.30809282,37.61968013,24.01174382,12.03246336,0.0,11.38785599,10.74258,21.31540493,20.01325001,21.69797817,5.13155848,0.0,0.0,4.806526545,0.0,11.96691268,24.04739053,67.51,1.479166667,1.797777778,0.5723809524,0.2590230537,0.211882716,0.2026303438,0.06481481481,0.3938420199,0.8993123238,26.91080039,-2.528190752,0.0126608859,0.8678933804,-0.5827358211,0.4171241241,1988.806325,4.35,0.00291,1.147939062,1.01518339,0.6833808251,0.04384823848,5.316788604,1.079143488,1.108050052,32.10077698,2.648736038,1.140671228,0.008888888889,1.086848239,6.544756406,1.159854055,1.154267523,0.1068285155,1.124945981,-1.018908046,-29.84355556,11.12690298,0.8363240628,0.01666666667,-0.185667362,0.9479312891,-4.505178157,3.04,3.657096983,-5.66,0.1817040922,45.37412621,0.979863159,1.022895799,4.84857093,65.80248889,1.623109857,1.097586149,1.598916169,0.5755385488,1.048086695,152.4625167,50.78250783,0.7731182796,20.40266096,1.000782,1.986759206,0.06403548674,1.067511624,1.034437062,0.9614940538,1.039285302,-8.112,1.314795328,0.0,4.992404733,0.0,0.4911111111,2.137416788,0.6543803419,1.309504804,1.051961615,3.451923077,0.0,0.0,10.57107519,1.049949576
2.470650007,4.448351521,2.972222222,2.906944444,2.988034188,1.599325309,147.6171479,155.8783496,159.9053234,159.694862,11.92899408,0.01385282434,-0.4756778122,-0.07999421271,-0.01507080647,0.06524310794,1.487265207,0.6854341935,1.038003544,0.4051535598,1.074382299,1.062608247,0.9896091205,1.171409214,1.091540404,1.067283951,0.5771254188,0.6097928954,0.7911671924,0.7432727622,0.9723505488,1.212423211,0.9327323038,0.8110440485,-0.4341307323,0.9777466642,7.008279439,1.402655014,0.1768194001,0.152548227,0.1070226459,0.0,3.639324927,0.0,0.0,0.0,1.267636369,0.0,0.0,0.0,0.0,0.0,0.0,0.0,0.9217876937,1.532993756,0.3794117647,0.6770833333,0.1834707535,0.0,0.5384615385,25.55637877,14.64975998,5.098681808,12.13273414,37.25557254,18.30505147,0.0,0.0,17.07524226,5.559266895,24.31554143,6.9237372,5.693927995,0.0,0.0,3.250529415,1.942534874,1.696790052,8.650847419,18.22527406,65.6,1.493055556,1.54,0.4978684807,0.2093726379,0.14125,0.07846138149,0.08547008547,0.3428917292,0.860381884,22.80247245,-1.795611318,0.6760388797,1.186857777,-0.6509966146,0.2852378323,1056.630333,2.43,0.0638,1.316092926,1.06170059,0.6950597415,0.04277777778,4.567099648,1.149836576,1.620917289,8.831937724,3.205246914,1.041252635,0.02777777778,1.156535955,7.047671983,1.047356852,0.9421268391,0.2223530618,1.126945786,-1.131299479,26.83760684,10.89441972,0.8914149604,0.02083333333,-0.341715056,1.235639991,-2.599284483,2.42,3.549746207,-3.19,-0.2338748827,22.76917026,0.762996429,0.696179025,4.91132348,65.55621302,0.0,1.185919722,1.55963102,0.3550524376,1.066554967,155.6861186,47.61865735,0.8152777778,24.31554143,0.7477246015,1.735656012,0.1378686051,0.92274555,0.0,0.9302728013,0.8800651466,-6.473372781,1.25004145,12.33781422,7.047671983,0.0,0.4722222222,1.947605453,0.5989858907,0.8289372171,1.025895994,3.329268293,0.0,0.0,29.12101657,1.052639392
2.483449667,4.396690103,3.037383178,2.667882529,2.712459058,1.550402108,145.95912,158.1291007,161.5068162,157.5506205,11.95460225,0.01543810314,-0.5939157582,-0.1039876937,-0.06706319997,0.03600271282,1.642630444,1.194228185,1.251338282,0.4854496698,1.033679297,1.235129057,1.047069995,0.8794630872,0.9321453367,0.9885702664,0.6653921038,0.6004542713,1.027963121,0.8474136424,0.9734071245,0.9455494357,0.8866068905,0.9606062444,-0.3635928517,0.9778532218,7.008271331,0.6094207478,0.1570550408,0.09909604183,0.1110709264,0.0,6.036563504,0.0,0.0,0.32606449,2.112255684,0.0,2.946834215,0.0,0.0,0.0,0.0,0.0,1.034129635,1.849391341,0.3571428571,0.6517857143,0.2529558684,0.03452380952,0.387755102,30.62271913,14.95193556,0.0,19.91384147,24.97437738,23.05826388,16.52595619,4.794537184,21.95893118,5.316788604,25.84309381,12.84164325,31.78662852,0.0,0.0,1.125143988,6.403341818,0.0,4.153180513,17.53684317,83.56,1.826388889,1.598333333,0.7186394558,0.3162399219,0.3053240741,0.1651872258,0.06565656566,0.3546420502,0.8614739669,27.7310987,-2.286426813,-0.1440437261,0.6469772845,-0.8196187315,0.5575327574,2139.026326,6.7,0.0069,1.180993179,0.9960191106,0.7026070582,0.03995833333,10.30076712,1.058395386,1.102386117,34.73372418,2.526627181,1.025226597,0.0,0.928320093,11.33929359,1.008179781,1.123942051,-0.01673350296,1.126249906,-0.7674638588,-60.41043084,0.0,0.8616067874,0.0,-0.1386031077,0.9466079767,-4.535935842,1.33,3.932620367,-6.35,0.1456041877,43.69388431,1.08975456,1.26856555,4.831606468,73.44782267,3.185318782,1.04307903,1.476391006,0.4930909864,1.01729339,152.7713388,52.69456373,0.7833333333,25.25270269,0.6738683675,1.682089477,-0.02121582353,1.236843448,0.03303016486,1.028685282,1.14907881,-8.279050396,0.8742418683,12.01005065,5.917906046,0.0,0.5,2.116668084,0.7437274135,0.9430164822,1.139518625,3.381443299,0.0,0.0,27.96584431,0.8215712051
2.542257615,4.314852378,3.024096386,2.737726098,2.390410959,1.627216969,146.5154789,154.4824564,156.3614444,157.4680636,11.82117028,0.01187001286,-0.2468319871,-0.07282163223,-0.06452640749,0.05654137247,1.306920982,1.049199832,0.7505159706,0.4655770391,1.059872436,1.056329954,1.025821409,1.195616821,1.218933648,0.9770078859,0.7665435035,0.9112127984,1.010531633,0.7578813484,0.954156427,1.130872382,0.9863878311,1.025134269,-0.4454180085,0.9938723241,3.043383126,1.397986833,0.2065366127,0.07374070909,0.1397268263,0.0,2.008618565,0.0,4.268576153,0.0,2.112397566,0.0,0.0,0.0,0.0,0.0,0.0,0.0,1.130494615,1.806904185,0.3739130435,0.6875,0.1977619312,0.0,0.5897435897,25.00643644,4.983978521,5.098681808,18.20875424,35.90493987,18.80796705,5.693927995,0.0,22.51475897,0.0,24.31554143,0.0,5.693927995,0.0,0.0,4.058595679,0.8065458081,2.008618565,12.40239232,22.1591619,48.53,1.986111111,1.254444444,0.3796371882,0.1962947216,0.08969907407,0.02479338843,0.07046070461,0.292451012,0.9358492208,24.4890953,-1.691626989,0.7550408104,1.143461259,-0.8656018826,0.2597234279,1590.665581,2.59,0.045,1.233982263,1.478279638,0.6706519733,0.03484567901,4.567099648,1.022067609,1.119556959,6.628968796,2.580321285,1.132012854,0.02083333333,1.042088171,13.59242839,1.018556236,0.9956495487,0.3761180257,1.011384089,-1.471394083,-37.62064431,0.0,0.843559247,0.0,-0.1386318231,1.140663746,-2.440077383,2.02,3.426930273,-3.16,-0.2491082555,45.78684481,0.9459868112,0.6597440455,4.930389993,54.62984878,0.0,0.8975089119,1.673106674,0.3498441043,1.116873097,153.69586,48.68718614,0.7833333333,24.31554143,0.6770864604,1.858471946,0.009081884192,0.9420847705,0.0,0.9310418909,1.146339959,-5.505588429,1.146343746,0.0,7.047671983,0.0,0.4791666667,2.139351852,0.5210708725,1.096175548,1.058187476,3.670731707,0.0,0.0,35.29333391,1.014567619
2.479390399,4.67741432,3.308943089,2.883879781,2.822041554,1.609251384,145.1774373,153.4881586,156.6195585,158.7192127,11.41046636,0.01294858835,-0.4467305868,-0.04290641363,-0.1503974298,0.1485492303,1.445812892,1.058275229,0.7553100092,0.4924980569,1.112319796,1.068966915,1.124816806,1.040859365,1.131169632,1.031697878,0.728796103,0.5054553618,0.8124111886,0.8760288337,1.028528987,0.9402414941,1.02503012,1.020487308,-0.4294256781,0.9729366222,7.00827661,1.416541753,0.1651711791,0.1121352122,0.09578587773,0.0,1.969434432,0.0,0.0,0.0,2.01129617,0.0,0.0,0.0,0.0,0.0,0.0,0.0,1.04253963,1.713849957,0.352173913,0.6328125,0.1861552394,0.02861519608,0.5283018868,30.65052892,0.0,5.098681808,30.33183534,60.51520966,34.60074234,5.693927995,4.794537184,22.51475897,5.733667477,25.65562151,6.9237372,21.61536816,0.0,5.907179729,1.877209467,2.478434967,0.0,20.00390291,33.44786919,86.69,2.034722222,1.905,0.8172789116,0.3754251701,0.353125,0.1940618304,0.06100217865,0.3780303178,0.8659344189,28.09302165,-2.801247928,1.134617224,1.577229734,-0.9679928285,0.4035800858,2987.064359,4.5,0.00399,1.030700936,0.9276433351,0.6899617195,0.0396875,5.733667477,0.856811277,0.9289848852,112.2917575,2.883017164,1.058495226,0.02083333333,1.088471094,6.544756406,1.107023819,0.8693583209,0.4925855181,1.186430949,-1.618133764,-13.63154147,0.0,0.8173718895,0.0,-0.3754198072,1.058574367,-3.824595258,2.47,3.427313674,-5.14,-0.488503018,44.67506339,0.839514891,0.8946957262,4.879024159,59.71377714,0.0,0.9255958312,1.708670556,0.4462514172,1.13746975,149.304831,49.6069051,0.7578431373,19.74844179,1.052347878,2.300606781,-0.07081555408,0.957835769,-0.4421969716,0.9982328008,0.9262182258,-7.411178355,0.9184578184,11.55927847,5.733667477,0.0,0.4791666667,2.121721281,0.6882687145,1.065015401,1.126228965,3.385245902,5.441104855,0.0,17.75538512,0.9962717737
2.497208695,4.513463657,3.282828283,2.399470899,2.055357345,1.541975425,145.516037,158.2229217,160.2204343,153.3505109,10.15012346,0.01293144357,-0.4835805216,-0.00747421647,-0.1166694751,-0.1171735827,1.536527047,1.286830601,0.9884551855,0.5535767957,1.002648404,1.160124318,1.348313767,1.000252589,0.9349662162,1.433397683,0.9265251942,0.8976604654,0.9500547803,0.8823421276,0.9037005482,1.184768243,0.9169923201,1.057599497,-0.3636977943,0.993844579,3.040434968,0.6094207528,0.1870556795,0.09202052987,0.1433457877,0.0,2.031169275,0.0,0.0,0.4832821817,2.240993002,0.0,3.43223749,0.0,0.0,0.0,0.0,0.0,1.150266204,1.8957916,0.3417721519,0.6730769231,0.2665359764,0.03553113553,0.5555555556,31.09092842,14.95193556,0.0,6.066367068,44.98762739,22.5553483,16.52595619,0.0,21.95893118,5.316788604,33.0254269,6.9237372,30.27788178,0.0,0.0,1.196097884,4.14072769,0.0,7.444584377,20.57191057,66.49,1.388888889,1.354444444,0.5275283447,0.2693609851,0.136257716,0.05163350679,0.06718346253,0.3398227298,0.9009012406,29.2468676,-2.427310966,0.4014269516,0.4079647642,-0.8389962404,0.657461109,2804.061769,6.39,0.00714,1.12656307,1.090257901,0.6734561893,0.03564327485,10.30076712,1.094685749,1.025633312,3.659671721,2.33832495,1.151837424,0.0,0.9508075012,0.0,1.002939156,1.082200636,-0.0128820267,1.040324481,-1.026901632,-52.97805213,4.699919916,0.8108877104,0.0,-0.2350804726,0.9866645088,-4.984890578,1.58,3.84432053,-5.72,0.4235139558,64.92512045,0.4852420308,0.9179788245,4.845890206,54.43347051,3.331167444,1.015890727,1.550009246,0.3281604308,0.8453148998,151.4858806,53.34454786,0.7619047619,25.25270269,0.7002172223,1.647532566,-0.07450908412,1.014959225,0.0,1.204725684,0.9996852316,-17.68444444,1.185677228,0.0,0.0,0.0,0.5064102564,2.205042674,0.6655060673,1.183024641,1.130712623,3.489795918,0.0,0.0,21.4210879,0.7616251127
2.478540819,4.468967295,3.125,3.248015873,3.069212963,1.469547508,147.4992284,158.9211017,160.3039297,161.0080717,9.410466358,0.02483359852,-0.6058913888,0.06891933227,-0.1431076919,0.001662454005,1.656320795,1.067388569,0.934503928,0.5111402888,1.118709643,1.01479526,1.113460153,1.095978492,1.135301179,1.051254521,0.6754058364,0.6414036451,0.7941069156,0.905860457,0.9977960937,1.11499351,0.9854835172,1.092345955,-0.4868280483,0.9779517541,7.008273483,1.433689841,0.1494980805,0.1051567388,0.06274916425,0.0,1.938233913,0.0,0.0,0.0,0.0,0.0,5.658246704,0.0,0.0,10.95577139,0.0,0.0,0.8931949608,1.828819387,0.3266666667,0.6875,0.1934419779,0.03143382353,0.5660377358,35.8316196,14.76249423,0.0,24.26546827,43.32193961,23.64452491,5.693927995,14.26826309,28.70474243,20.10730312,27.35911351,6.9237372,11.38785599,10.48192346,0.0,12.89609594,2.406228197,0.0,15.24326266,25.20346136,90.3,1.791666667,1.846666667,0.7144217687,0.2915485639,0.3365740741,0.1650851954,0.05777777778,0.380029017,0.8224771622,29.61898403,-2.488839006,2.064262432,1.791436649,-0.9609658835,0.261794299,2495.361022,3.05,0.0141,1.336400293,1.049457205,0.6848636974,0.04103703704,20.10730312,1.146893849,1.097239921,171.7454317,2.837268519,1.162869198,0.03125,1.039242984,6.544756406,1.121766031,0.8787725452,0.3137127298,1.104107191,-1.842685497,42.03844785,0.0,0.8833923704,0.015625,-0.5856950939,1.042487249,-4.191791287,1.99,3.638773619,-4.61,-0.2749649593,22.76262854,0.8221963375,0.7262370818,4.848206398,60.95977216,0.0,1.047105125,1.569568094,0.4913194444,1.122156525,154.1488446,47.96712593,0.8029411765,19.85184529,1.147332742,2.089146835,0.1455492795,1.060446139,-0.301796224,0.9031036211,0.8949767044,-8.289782841,1.148612273,12.29050157,0.0,0.0,0.46875,1.945992596,0.7038418832,1.34002686,1.133533202,3.368421053,0.0,0.0,17.92607068,0.9733195601
2.483385735,4.381949493,3.164835165,2.953703704,2.93856555,1.620824777,146.886971,158.9458494,157.2915951,156.8818744,11.1875,0.02374474647,-0.6908796473,-0.01361536979,-0.06824024877,-0.008727819754,1.75056619,1.101057092,1.224027729,0.47565784,1.091708543,1.098262314,1.04226689,0.9904761905,1.076725522,1.038095238,0.6725037858,0.5699153882,1.01551559,0.8028640673,0.8399712747,0.9655855939,1.026263622,1.008800112,-0.4694063616,0.9779111491,7.008273656,0.6094207635,0.1789567949,0.1650354368,0.1110709264,0.0,3.791212276,0.0,0.0,0.0,2.067772926,0.0,2.602376379,0.0,0.0,5.202865016,0.0,0.0,0.9920025773,1.831460703,0.3375,0.6759259259,0.2349530978,0.03797360579,0.4318181818,29.89947947,19.74647275,0.0,6.066367068,25.98020854,23.18219866,16.52595619,9.531400138,21.95893118,5.316788604,32.57391056,6.9237372,18.44206969,4.794537184,6.093240071,6.303321409,4.367339315,0.0,3.993947608,16.13367148,92.79,1.576388889,1.518333333,0.6370068027,0.2849899219,0.2253240741,0.1356004489,0.06878306878,0.3781348568,0.8339410735,28.67165337,-2.257303159,0.1974802041,0.9838493295,-0.935126368,0.6544685748,2885.568206,5.64,0.0155,1.204687771,0.9233579063,0.6963983015,0.03995614035,15.03763008,0.9985420434,1.390958228,37.24462868,2.805016657,1.058768873,0.006172839506,0.8504677584,11.34374492,1.089067063,1.197659023,0.08019604061,0.9555555556,-0.5420243582,-26.43250689,11.33678588,0.8231907145,0.0,-0.2526689589,1.14126061,-4.611195328,0.88,4.088097609,-6.04,0.1352727835,37.86947981,0.9098518055,0.8298151429,4.831538567,64.97337006,3.131494327,1.086600999,1.392308413,0.4930909864,0.9732629105,154.1874405,50.37374612,0.8126436782,25.25270269,0.4605605115,1.37133401,0.01212576824,0.9456693985,-0.4646550203,1.028096833,1.060637513,-9.0625,0.8452287996,11.57741176,0.0,0.0,0.4938271605,2.082247575,0.6447821682,0.9508019278,1.075318584,3.646341463,0.0,0.0,21.4210879,0.869019352
2.527327576,4.526851821,3.404255319,3.864994026,3.483164983,1.636881127,144.9111147,152.6172049,156.1405262,155.5196823,8.86857761,0.02486893947,-0.412963751,-0.1025235361,-0.02943812098,0.02323929416,1.3788412,0.9145547845,0.8270946931,0.4854359058,0.9547893666,1.05762211,1.021094184,1.256335341,1.060593808,1.265309165,0.5393963713,0.6183445102,0.8764434866,0.8535901243,0.9995297414,1.107892757,1.045803144,0.9207229439,-0.4868797365,0.9113369665,7.008281684,1.400028722,0.1815233018,0.1117725772,0.1079403259,0.0,0.0,0.0,0.0,0.0,0.0,0.0,0.0,0.0,0.0,10.85422445,0.0,0.0,0.6977296968,1.669942317,0.3602941176,0.6637931034,0.1846961226,0.01781609195,0.6046511628,31.00835773,4.681802935,5.261891555,12.13273414,54.09438804,6.196843572,0.0,9.473725908,45.77039023,15.0329928,21.55740557,11.33111287,5.563451492,0.0,0.0,12.30371282,0.1612053627,0.0,15.04576359,28.1838859,92.93,2.111111111,1.891666667,0.6407256236,0.3283100277,0.1693904321,0.07356596266,0.07092198582,0.4598621671,0.807430943,27.26252556,-2.743629645,1.179422552,1.737297385,-0.4795100704,0.3163503859,2017.878406,3.96,0.00874,1.032367322,1.229697891,0.6825626887,0.04112318841,9.473725908,0.9799138642,1.149084021,140.7524765,3.907801418,1.154903938,0.03103448276,1.120377218,0.0,1.162595537,0.8872864601,0.3596630277,1.065169277,-1.71789613,-22.47971877,4.681802935,0.7756381551,0.01724137931,-0.5511391143,1.067548996,-3.16198757,2.01,3.536194319,-4.86,-0.4850994954,0.0,0.8914451203,0.6501483644,4.910146291,35.48566793,0.0,0.7621684218,1.605904727,0.422760771,1.005084625,149.3930129,44.85478048,0.8166666667,14.76446326,0.9120763011,1.890070436,0.03370857509,0.7326645103,0.0,0.981367723,1.040181934,-9.518658734,1.097841427,13.38548509,0.0,0.0,0.4689655172,1.864212492,0.6037283203,1.20528272,1.086870284,3.656565657,0.0,0.0,34.27136656,0.88022077
2.491958451,4.420120051,3.230769231,3.280274657,2.622574956,1.548291537,146.0578528,159.2047685,159.1758292,157.2777911,12.63090737,0.01716509848,-0.5913930955,-0.09918943808,-0.01603483539,-0.1848502774,1.655945169,1.232386589,1.557350358,0.455768004,0.864155282,1.102380514,1.349246658,0.8743203012,0.924212167,1.295218685,0.6428946382,0.5980853029,1.321427476,0.8652005636,0.8301245627,1.024172594,0.9591797521,1.017558682,-0.3616985329,0.9779389747,7.008271333,0.6094207568,0.1594659942,0.1308176126,0.1224818131,0.0,4.045336169,0.0,0.0,0.0,2.059960334,0.0,2.916417549,0.0,0.0,0.0,0.0,0.0,0.9673252341,1.832447167,0.3333333333,0.6574074074,0.2524777201,0.03601532567,0.4130434783,29.55684488,14.95193556,0.0,19.41092589,25.47729296,23.18219866,10.70155169,4.794537184,21.95893118,5.316788604,32.38785022,6.9237372,36.07825012,0.0,0.0,1.094737645,4.688078339,0.0,5.304130703,16.64290775,83.56,1.576388889,1.563333333,0.6483446712,0.2988394432,0.1753240741,0.09713906744,0.07407407407,0.3647941893,0.8532075354,26.45092961,-1.965204645,0.5079986835,0.7970417317,-1.034096218,0.4570928663,2575.179953,6.49,0.00406,1.16807596,1.115423203,0.6963983015,0.04008547009,10.30076712,1.080237062,1.301437731,20.39100137,3.289550641,1.112932414,0.0,0.8419812575,0.0,1.066867091,1.052725706,-0.00365859447,0.922592518,-0.8986372619,-108.8680949,11.33678588,0.8356615394,0.0,-0.1034497513,0.9489036881,-3.73604239,1.37,3.955323576,-6.82,0.1994445184,45.01719506,1.042352689,0.8160242705,4.840336163,71.15984037,3.119152896,0.7996022469,1.462831588,0.4870323129,1.012542031,152.6142173,52.2001832,0.7862068966,25.25270269,0.5709709241,1.56823838,-0.1844199106,0.8386868697,-0.1915774072,1.432555994,1.281885705,-14.64508507,0.9233223613,12.49413864,0.0,0.0,0.5,2.072663533,0.6217427305,1.522824977,1.16212097,3.461538462,0.0,0.0,21.4210879,0.8030213046
2.416226907,4.505158566,2.763779528,2.739247312,2.312661499,1.529854629,144.2487615,155.1327327,156.5978243,154.7861711,14.19544322,0.01757093037,-0.3911565367,-0.05953769335,-0.113062138,-0.08881351592,1.389697027,1.125498439,0.7163086915,0.4996493259,1.15696032,1.125665171,1.200278299,1.219011799,1.203348943,1.192188852,0.9262575707,0.9407337415,0.8414828203,0.8697371636,0.9691679685,1.176219238,1.031463497,1.011711655,-0.5266281431,0.9877912755,3.514126327,1.435688978,0.2129165051,0.0717373049,0.1091699815,0.0,5.672929043,0.0,0.0,0.0,0.0,0.0,3.383440595,0.0,0.0,11.68448586,0.0,0.0,1.062946883,1.757710861,0.313225058,0.6333333333,0.1854955342,0.01584229391,0.4905660377,34.0894592,4.983978521,0.0,24.26546827,61.87549537,23.64452491,17.19295166,9.473725908,28.63639149,14.79051451,17.07775458,13.8474744,11.25737949,11.37477255,0.0,11.68448586,4.014281032,1.658648011,14.82745572,25.18324594,56.27,1.8125,1.6,0.6881632653,0.2947845805,0.176875,0.1775329048,0.06419753086,0.313277165,0.9464858197,23.21922173,-2.529925213,1.019966261,1.911103468,-0.7858473616,0.09961090892,1834.854313,5.32,0.000584,1.191097233,1.321118624,0.6974691495,0.03720930233,14.79051451,1.077973851,1.127682595,53.35494534,2.664698163,1.094570601,0.02111111111,1.084595502,0.0,1.073456767,0.9774557951,0.4964942886,1.160372195,-1.941853106,4.825204699,0.0,0.9137273722,0.05,-0.5378113557,1.147463192,-3.576765582,2.87,3.26736425,-6.22,-0.1868824962,39.76951986,0.7007712089,0.717987017,4.832453814,77.68351727,0.0,1.295634803,1.720519914,0.4079861111,0.9007973687,151.0004443,51.19505253,0.7752688172,9.967957042,1.382720991,2.460556205,0.01071352653,1.143378596,0.0,1.039527709,0.8971393945,-7.91491634,1.153927646,0.0,0.0,0.0,0.4788888889,2.006619478,0.6285349389,1.149012225,1.17358421,3.06504065,0.0,0.0,18.49111181,0.8670065048
2.478964104,4.505698205,3.5,2.962623796,2.901608679,1.667940475,147.0132531,156.9001186,157.678053,158.3164596,8.401991852,0.01444276483,-0.5477254325,-0.03427516813,-0.1024867316,0.06490874254,1.581313348,1.419282925,1.120064557,0.4847586447,1.053915892,1.076305354,1.047257632,1.013559936,1.066417363,1.056333682,0.5777208927,0.6225355015,0.5926583602,0.8491981352,0.9879303619,1.164805311,1.274207815,0.9148333759,-0.3836346177,0.99294184,8.001919132,0.6049849127,0.1638231171,0.1012809882,0.1146045727,0.0,1.958451573,0.0,7.397627547,0.0,0.0,0.0,3.313452381,1.738445302,0.0,0.0,0.0,0.0,0.978927994,1.437293656,0.3374877009,0.6666666667,0.2191237024,0.016968766,0.5957446809,30.03797401,19.37571083,5.425791397,35.61190719,42.82867707,24.01174382,17.8496842,4.390415048,11.38785599,10.74258,21.31540493,18.90673365,16.13452668,9.521973528,0.0,13.48030755,2.438124717,0.0,11.86652881,23.88832352,67.51,1.729166667,1.797777778,0.614829932,0.2711404006,0.244691358,0.1695724926,0.06018518519,0.4312945699,0.8282324146,25.40396062,-2.793950429,0.2944533067,1.813198141,-0.585039628,0.2487880678,2572.048501,4.25,0.00405,1.035250555,0.9822209399,0.6833808251,0.0428042328,5.316788604,1.016048666,0.843912795,20.76275551,2.995756173,1.100615814,0.01603174603,1.028987786,6.544756406,1.094326315,1.083234769,0.09281554002,1.066716163,-1.398249352,-8.815703435,29.80805538,0.8046707758,0.03333333333,-0.1169734667,1.008597776,-4.292063854,3.2,3.74719309,-5.39,0.3279925455,44.39282129,0.9433688268,0.9192232113,4.848631425,52.44389115,1.530407691,1.067662271,1.540160503,0.5130385488,0.9828520961,152.9376697,48.38932521,0.80906298,20.40266096,0.7932811173,1.807395762,0.01156710765,1.026136763,0.9746404426,0.9115155562,0.927605941,-10.11815301,1.422899948,0.0,4.992404733,0.0,0.483968254,1.973470235,0.6944113059,0.808684752,1.030533611,3.621052632,0.0,0.0,10.57107519,1.101779996
2.475439514,4.23232078,3.0,3.447553727,3.346129996,1.597344164,150.4109527,161.0048466,162.5714088,159.5578563,9.346938776,0.01993550183,-0.5404631453,-0.04922749659,-0.03991920991,-0.09479822489,1.569890389,1.002590506,1.018159849,0.4457377303,0.9643214542,1.15235137,1.046233163,1.126226292,1.209269663,1.049580336,0.5498493391,0.6052485204,0.8650763447,0.812711915,0.9037582254,1.03511525,0.9284951057,0.9025845016,-0.3865783902,0.9776445192,8.001919628,1.304328602,0.1584159042,0.1532468896,0.08765981412,0.0,1.521821937,0.0,0.0,0.0,1.081401467,0.0,5.754883742,0.0,0.0,0.0,0.0,5.98535589,0.6541964286,1.299373151,0.3702770781,0.6785714286,0.1797058126,0.03849206349,0.5238095238,31.75786126,9.184952232,9.780484743,11.60093989,36.39820241,35.71483021,16.85062228,9.184952232,11.25737949,10.63357721,32.82722828,5.817220841,0.0,20.55972478,5.817220841,15.4035518,0.0,1.521821937,7.83022589,21.18674185,84.73,2.125,1.738888889,0.5968253968,0.2380794911,0.24125,0.1976349352,0.07575757576,0.4123642394,0.8170086648,24.50168415,-2.010503948,0.2342358519,1.57792771,-0.6873477765,0.3363142826,1399.028967,2.78,0.0121,1.123170687,1.016498021,0.7026070582,0.03952020202,10.63357721,0.8704569397,1.260289127,29.8439665,3.189534231,1.109802158,0.02738095238,1.014765505,0.0,1.0565158,1.078081,0.4036035374,1.032374101,-1.300397632,54.67626886,36.12541969,0.7877492682,0.05357142857,-0.3419838525,1.130058528,-3.832801036,2.86,3.861275458,-4.61,-0.4146819951,0.0,0.9784340439,0.7518523005,4.877473763,46.99176955,0.0,1.126360124,1.426901074,0.3211805556,0.9417277575,155.8700809,44.97282987,0.8388888889,25.06523039,0.7385607145,1.531041965,-0.005097238711,0.9337839452,-0.3866056675,1.073955079,0.8313528749,3.859410431,0.94464147,12.07132267,0.0,0.0,0.4726190476,1.734935043,0.6710431655,0.8463744849,1.103022947,3.355555556,0.0,0.0,17.57815784,0.9775411469
2.555078771,4.432375033,2.788321168,2.526378897,2.265065913,1.495942458,144.8464238,158.4877891,153.0409286,159.2091834,17.2336,0.01224376414,-0.2416839159,-0.06203098523,-0.05803984264,0.008073194133,1.222994644,0.8302582398,0.7403840651,0.4080596646,1.163432179,1.05447993,1.060325802,1.161540241,1.382399229,1.043021965,0.8013125689,0.883936711,1.091964846,0.8546782519,0.7581009069,1.04052498,0.9893831232,1.069451491,-0.5229839381,0.9878157192,3.510570586,1.343863662,0.2712586037,0.07719803404,0.1570351599,0.0,3.9719429,0.0,0.0,0.0,2.149387791,0.0,0.0,0.0,0.0,5.664938443,0.0,0.0,1.291380412,1.886233569,0.364764268,0.6517857143,0.2283352175,0.0,0.48,26.3550291,4.983978521,5.098681808,18.19910121,56.51803741,29.38520368,11.44343983,4.736862954,28.26427081,4.736862954,26.35532375,6.9237372,24.73241481,0.0,0.0,7.811105378,5.565452274,0.0,13.73277723,27.60406272,52.83,1.944444444,1.818888889,0.6531972789,0.2867220962,0.177191358,0.07835935109,0.07246376812,0.2755952698,0.9582446066,20.6437026,-2.599943524,1.564951289,1.751890485,-0.7743182072,-0.04093873715,2193.977233,4.93,0.00519,1.182296523,1.372591764,0.681686114,0.03869976359,4.736862954,0.9744716156,1.222282185,15.29911785,2.320356853,1.242104388,0.02023809524,0.8480223553,12.96557803,1.083179137,1.000118289,0.3114092405,0.9011430512,-1.489196628,-68.6048,16.82083098,0.9231505555,0.01785714286,-0.07155672863,1.267421706,-3.521878938,2.53,3.529669372,-4.66,-0.1463225174,53.1206204,0.9308300748,0.7123352952,5.002197932,92.2256,0.0,1.238595894,1.723930929,0.4288548753,1.288844256,152.4538233,51.06772221,0.7845238095,19.74844179,0.7832251892,2.114186817,-0.1200595744,1.08672287,0.0,1.059431971,1.076825265,-15.9392,1.028801948,0.0,0.0,0.0,0.4797619048,2.136233569,0.5128299842,1.059857996,1.186128953,3.541666667,0.0,0.0,23.51143867,1.137835581
2.598536944,4.112844703,2.583941606,2.551318267,2.09741784,1.541613285,145.5322426,154.5260803,161.4299729,154.9897587,19.07830071,0.006701377923,-0.1691533402,-0.006512383481,-0.1038867918,-0.1268038675,1.217148304,1.241258967,1.062233389,0.4223354958,1.120173,1.201633404,1.403659383,1.159317422,1.038062284,1.442613336,0.9681448924,0.6281198108,1.326857732,0.772943613,1.122866966,1.226628322,0.9389028316,1.068351162,-0.4349775878,0.9915107246,3.042073608,1.134637089,0.1928552892,0.08568810238,0.4665289338,0.1020620726,11.00297337,0.0,0.0,0.4324357521,0.0,0.2060728458,0.0,0.0,0.0,0.0,0.0,0.0,1.313801965,1.881884448,0.3636363636,0.63,0.2463572446,0.0,0.4081632653,28.85512551,0.0,5.098681808,26.83757867,49.09138463,35.61081351,5.693927995,0.0,22.51475897,0.0,19.74844179,19.26246487,43.77090163,0.0,0.0,2.189591837,11.93985971,0.0,5.189898142,16.6380053,43.6,2.958333333,1.909444444,0.9389569161,0.3038548753,0.0625,0.0,0.07751937984,0.2767228595,0.9603202782,18.4951808,-2.338647341,1.030150518,0.8763296799,-0.4940274022,-0.1527621895,1666.421116,4.69,0.00782,1.247166029,1.262696501,0.7106888094,0.04773611111,0.0,1.105854268,0.7804705466,3.327765779,2.332927818,1.138962994,0.016,1.184423638,6.544756406,0.9988444996,1.115764607,0.2300695351,1.443911151,-0.8515729672,-124.2665556,16.82083098,1.007403923,0.0,-0.06569128359,1.013012048,-3.449699848,2.58,3.269139375,-4.35,0.007197468405,29.32046839,0.9689580883,1.854558428,4.997145139,100.4048313,0.0,1.348411483,1.717499725,0.610260771,0.9560226608,153.8013082,52.14201464,0.764,19.74844179,1.298953888,2.34557047,-0.2633878808,1.246497662,0.0,1.368259608,1.096575598,-35.10453978,1.204788806,0.0,5.414990469,0.0,0.484,2.148006425,0.756454618,1.186306356,1.12554587,3.091603053,0.0,0.0,11.38785599,0.8227359522
2.525338955,4.403136561,3.166666667,4.445011338,4.375816993,1.56606309,147.0552359,156.1162666,160.0140535,157.6679597,9.21642562,0.01920828775,-0.5373378531,-0.1255792371,0.03696735665,0.05497175759,1.50297978,0.898234129,0.675819152,0.4321890093,1.002205507,1.052315782,0.9896779382,1.17371594,1.007446964,1.256477961,0.57249479,0.5472337755,1.011572101,0.9512244273,0.995102988,1.111650088,1.015850386,1.087623399,-0.4023963473,0.9726938403,8.002963604,1.394802091,0.1555775557,0.118827496,0.131346577,0.0,0.0,0.0,0.0,0.0,0.0,0.0,0.0,0.0,0.0,0.0,0.0,0.0,0.4429714664,1.235017671,0.4018426648,0.6206896552,0.1800091533,0.05354064039,0.5227272727,37.8919591,13.46263303,0.0,24.26546827,54.09438804,11.12690298,11.63444168,13.57536728,28.07166874,11.29293437,15.68766447,11.63444168,10.35798868,8.780830095,23.10088831,29.0938682,0.0,0.0,13.93683421,29.75833961,80.88,2.541666667,2.056666667,0.7779138322,0.4142258755,0.290625,0.1693704724,0.08695652174,0.5256126869,0.6912728181,22.10739849,-2.284338899,1.255668883,2.084039715,-0.5608146339,0.299912011,1789.43914,4.69,0.00395,0.7948517078,0.8308392903,0.7083876247,0.04375886525,5.733667477,0.9815219778,1.040810866,116.3285916,4.859375,1.081423746,0.03661740558,1.102964921,0.0,1.028474023,0.90016107,0.3998785627,1.140410496,-1.463946617,-7.066115702,47.14637241,0.7441331319,0.05172413793,-0.3845935786,1.08625636,-2.076044205,4.11,2.986840993,-5.21,-0.354690519,0.0,0.8080640791,0.716390412,4.907192894,35.13842975,0.0,0.8490035844,1.595273649,0.4479520975,0.8166329918,148.7214868,45.78230573,0.8175595238,9.780484743,1.358509943,2.472590625,-0.01621784389,0.922448324,-0.5884911776,0.9661175672,1.001200622,-11.34710744,1.096035039,24.48536675,5.733667477,0.0,0.4633825944,1.65690973,0.7059584418,0.8376457864,1.029647869,3.428571429,5.253910196,0.0,16.94476576,0.833229789
2.478903901,4.498947703,3.11965812,2.913291796,2.608134921,1.532004255,148.7144744,158.2270532,160.5793272,162.0675059,11.82852749,0.01512289503,-0.5002492977,0.1872527403,-0.02174274371,-0.06618720033,1.600987535,1.419409606,1.234855012,0.48468849,1.117846798,0.9063867099,1.048145151,1.043017464,0.992012404,0.9838084421,0.9030857354,0.7605897659,0.8027623524,0.8739240173,1.028429083,0.9539205299,1.039393081,1.077895103,-0.38328166,0.9929414619,3.057287549,1.434202526,0.1612723038,0.09431792027,0.06365387513,0.0,4.066000909,0.0,7.434471211,0.0,0.0,0.0,3.426799624,1.751677348,0.0,0.0,0.0,0.0,1.23346881,1.986970789,0.3426573427,0.675,0.2153263677,0.03083333333,0.5490196078,27.76419866,14.98529578,5.425791397,29.8385728,44.18896278,23.15437369,12.16293986,0.0,11.38785599,10.74258,26.29938345,20.01325001,22.77571198,5.687386275,0.0,0.0,4.642832605,0.0,11.91630315,24.29046293,83.3,1.479166667,1.797777778,0.5723809524,0.2590230537,0.211882716,0.2026303438,0.06481481481,0.3673626516,0.8809788871,25.85935857,-2.484321492,0.8571832799,1.177150037,-0.8421257782,0.07559277016,1775.101084,3.24,0.02,1.263348207,1.129415371,0.6833808251,0.04384823848,10.30076712,0.9321683677,1.095332524,66.19174135,2.628205128,1.127866107,0.02333333333,1.03814702,6.544756406,1.071996838,0.9077933051,0.4167560072,1.175294323,-1.690497211,-12.25221069,5.563451492,0.8728922111,0.01666666667,-0.1675492192,0.9755382743,-3.889481757,2.24,3.685406512,-4.16,-0.1978957232,46.02638289,0.9291510403,0.8399111954,4.84857093,72.90695886,0.0,1.068028239,1.599272775,0.5755385488,1.137737619,154.6078004,49.01939235,0.7625,25.38663948,0.9027274513,1.98701883,0.1178771051,1.142185519,0.9482796546,1.054070885,0.9881298084,-6.397923875,0.9277006437,0.0,4.992404733,0.0,0.4766666667,2.088622536,0.6584003843,1.113414318,1.176699777,3.339285714,0.0,0.0,23.62654039,1.003513653
2.480081368,4.57156931,3.1640625,2.900858175,2.772569444,1.485628527,147.5967449,157.5778633,158.8021311,160.1577461,12.84056122,0.02531805969,-0.5648609039,-0.0125664041,0.07890751009,-0.08917231483,1.612944642,0.7662450433,1.147745334,0.4959842605,1.100221619,0.8840556274,0.9201953113,1.134493685,0.9926006136,1.010031649,0.7836193035,0.5940282103,0.8414811931,0.9025015269,0.9624173122,0.9709364693,1.068357346,1.016467124,-0.4868866713,0.9729224913,7.008276949,1.424213939,0.1422704829,0.07784742295,0.0822774992,0.0,2.080033024,0.0,0.0,0.0,0.0,0.0,3.323818237,0.0,0.0,11.00887229,0.0,0.0,1.007363274,1.690914394,0.3548387097,0.6666666667,0.2070298978,0.05733005733,0.5,31.09121391,4.983978521,0.0,12.99010427,61.01812524,22.50821725,5.824404498,14.26826309,34.14425914,20.52418199,27.6520576,0.0,28.80005837,5.687386275,5.907179729,11.00887229,2.757574476,0.0,13.68110042,30.23940689,115.15,1.729166667,1.917777778,0.6131972789,0.3084057697,0.221882716,0.2549760229,0.06837606838,0.3863619115,0.7831370653,32.98258019,-2.841932038,1.166248501,1.913257985,-0.890832582,0.2383026139,3171.239637,4.55,0.00756,1.185843099,1.036830921,0.6904812668,0.04080378251,25.50816051,0.9598191962,1.038428846,180.7650555,2.786892361,1.071092416,0.0303030303,1.023943634,12.96557803,1.170905767,0.9622499418,0.3540218163,1.117271251,-1.820308803,-56.53061224,0.0,0.8543666361,0.01515151515,-0.4539552406,1.086046428,-3.61978613,1.39,3.790071227,-5.49,-0.3690362607,52.0212877,0.9522220244,0.7800721516,4.852746254,68.93877551,0.0,0.8137721718,1.595484221,0.6163548753,1.157607092,152.4611344,48.6149362,0.772972973,14.95193556,0.9281101509,2.017283695,-0.05893173353,0.8996023011,-0.4514779469,1.106042307,1.067131408,-9.477040816,0.9381915821,11.28173525,5.733667477,0.0,0.4696969697,2.01223114,0.6670276123,0.4663490489,1.142010782,3.2,5.316291952,0.0,23.62654039,1.013489055
2.479001939,4.631280891,3.398230088,2.875,2.743295019,1.642406372,143.0831174,152.9262545,156.3068326,157.3923172,9.9336,0.008293624389,-0.1779764776,-0.07877877878,-0.137797619,0.1088355106,1.119614768,1.293366728,0.8846832365,0.4797786292,1.066816817,1.108677643,1.15158046,1.027146811,1.164971022,1.102169349,0.5350823045,0.5254419192,0.8094588123,0.8704842323,1.022110785,1.001904341,0.9992655869,1.003481291,-0.4294243985,0.9113367049,6.027276355,1.417033027,0.1517475095,0.06735872175,0.0761440227,0.0,1.981398874,0.0,0.0,0.0,2.041494094,0.0,0.0,0.0,0.0,0.0,0.0,0.0,1.065584898,1.803063462,0.3266666667,0.6290322581,0.1817506082,0.0,0.56,30.56605905,0.0,10.36057336,30.33183534,60.51520966,29.03729084,5.693927995,0.0,28.58398029,0.0,19.74844179,18.25485007,16.82083098,0.0,0.0,1.915285809,2.554288299,0.0,22.25607564,32.77124234,67.39,1.909722222,1.785,0.7356462585,0.3441751701,0.273125,0.1610039792,0.05442176871,0.385977876,0.9635242893,26.95382491,-2.335577368,0.630870347,1.708844506,-1.048251297,0.2298074409,2295.766178,5.33,0.0012,1.029753449,1.288771809,0.6841461785,0.03880434783,0.0,0.8956190731,0.927682811,7.048739863,2.860373648,1.065761353,0.01612903226,1.069524491,6.544756406,1.079914375,0.8727420821,0.5965406847,1.178708887,-1.651536565,0.04,0.0,0.8189598276,0.0,-0.3786815383,1.066263877,-3.696928641,2.61,3.310115252,-5.6,-0.5522680745,44.67506339,0.8503938702,0.8357701611,4.87862781,56.56,0.0,1.068218196,1.758874706,0.4462514172,1.141772384,148.2149672,49.59300473,0.764516129,19.74844179,1.07548875,2.333740938,-0.04418445539,0.7691941942,0.0,1.047935103,0.8982362267,-10.9108,0.9840721493,0.0,0.0,0.0,0.4838709677,2.138181336,0.6667444211,1.087673611,1.112210021,3.495495495,0.0,0.0,29.38805792,0.9938542943
2.479001939,4.631280891,3.462962963,3.028034979,2.929526749,1.609560206,144.226992,156.5061101,157.7740327,159.4458081,9.635985006,0.0119572228,-0.4564159634,-0.08945088397,-0.1396992502,0.1177349343,1.422910132,1.483774085,0.9086790903,0.4502277163,1.073799549,1.068965517,1.125159642,0.9867521659,1.178341075,1.088888889,0.5793055915,0.5326537114,0.942837815,0.9146784534,0.9587382348,0.9685689506,0.9828998619,0.9394340769,-0.3984033315,0.9113367049,6.027276489,1.401259818,0.1657447437,0.0818752694,0.06121327886,0.0,1.966057321,0.0,0.0,0.0,1.652760156,0.0,0.0,0.0,0.0,0.0,0.0,0.0,1.012751919,1.757726527,0.3355704698,0.6532258065,0.1788392674,0.01491935484,0.5714285714,31.93238853,9.967957042,5.261891555,18.19910121,61.01812524,18.31159319,11.51833249,0.0,28.84493329,0.0,24.9198926,18.25485007,22.64523548,0.0,0.0,0.0,1.966057321,0.0,16.1175846,30.30889664,91.14,1.909722222,1.785,0.7356462585,0.3441751701,0.273125,0.1610039792,0.05442176871,0.3988873239,0.9270493051,30.65739048,-2.362502928,0.6173880409,1.951043149,-0.9122324535,0.1370880277,2500.570209,5.8,0.00336,1.128583213,1.084107402,0.6841461785,0.03880434783,4.983978521,0.9314329116,0.9685346617,28.26619829,3.015946502,1.056485121,0.01935483871,0.9909792411,6.420821623,1.079668928,0.8576616102,0.2848605127,1.127890002,-1.585639391,-51.89795918,0.0,0.8043253249,0.0,-0.1443046341,1.057053292,-3.237241779,1.45,3.396690695,-5.36,-0.217557034,50.8908974,0.9956057232,0.7859414391,4.87862781,57.75510204,0.0,1.157236336,1.696596304,0.4462514172,1.143748883,148.8157428,48.26287559,0.7625,24.9198926,1.052316792,2.218019149,-0.1315110773,0.8106516451,0.0,1.086845466,1.058748404,-10.3998334,0.9604290924,0.0,0.0,0.0,0.4806451613,1.993617728,0.6640407657,1.112125824,1.211403964,3.605769231,0.0,0.0,39.74785822,1.007099589
2.465643417,4.283921669,2.935483871,2.973381671,2.701956674,1.858157958,143.9739518,153.0548419,152.351071,154.6114403,6.123702422,0.01492122814,-0.6333730612,0.1514258902,-0.2006727667,-0.07218187571,1.621491961,1.413549912,1.261908157,0.5861304209,1.036789788,1.068253418,1.134772598,1.035227037,1.208998549,0.9951620706,1.134996113,0.847816524,0.8261943039,0.8270493719,0.9325094015,0.9862004227,1.030876361,0.9418063223,-0.3944131821,0.9929419474,4.005274654,0.6050198846,0.2342784951,0.1128875401,0.1090616971,0.0,0.0,0.0,0.0,0.0,1.709081227,0.0,0.0,0.0,0.0,0.0,0.0,5.964692814,0.96336446,1.757452657,0.343417825,0.652173913,0.1877317429,0.04087784679,0.6176470588,30.03943921,9.967957042,0.0,35.07045991,36.39820241,16.78292838,0.0,0.0,21.82845468,5.733667477,14.95193556,0.0,0.0,5.13155848,0.0,0.0,0.0,0.0,8.462470418,19.69219069,64.69,1.284722222,1.517777778,0.4301587302,0.1352985639,0.0725,0.06172839506,0.07207207207,0.5097904863,0.8814507007,24.78872935,-2.272945135,-0.112705499,1.063136673,-0.5631071972,0.275493331,2051.322224,4.96,0.00399,0.9610720325,0.7093344202,0.6874430569,0.04743055556,5.733667477,0.9864655487,0.9364314638,90.03420624,2.784444739,1.214873177,0.0,1.023461608,0.0,0.9883889447,1.237695538,0.06848341449,0.9967218858,-0.7318660325,-1.292750651,11.33678588,0.6582347921,0.04347826087,-0.3341878536,1.144230769,-3.894826162,2.37,3.2039599,-5.53,0.1941692413,32.86185611,0.6302418024,0.8330734285,4.863974766,22.17634243,1.425820106,0.9531644287,1.570290325,0.4297406463,1.091509229,145.9522924,48.49782155,0.7700952381,14.95193556,0.8235294118,1.883502942,0.1789147639,0.888483438,0.0,0.9407386423,1.00543958,-3.512110727,0.8628931923,0.0,0.0,0.0,0.5064182195,1.957558159,0.6821872671,1.46116451,1.143878379,3.746031746,5.937862952,0.0,27.29840462,1.182984228
2.479665346,4.592143098,3.5625,3.231040564,3.106995885,1.661766559,147.8576336,158.8781108,160.684604,159.362657,9.349932096,0.01595587589,-0.5088455435,-0.0820878804,-0.05698237828,0.04028000862,1.529575001,1.257509889,1.081710314,0.4385985993,0.9790098329,1.094296231,0.9776112059,1.078939469,1.055079684,0.9884558235,0.5349663017,0.6209469118,0.5561428657,0.8361368736,0.9623167871,1.168932448,1.267573593,0.8781389542,-0.3836349625,0.9925445055,8.003004566,0.6049847752,0.1534625213,0.09490509593,0.1442023177,0.0,1.919539727,0.0,7.206416412,0.0,0.0,0.0,3.114285714,1.692191859,0.0,0.0,0.0,0.0,0.8867723818,1.099330693,0.3647475072,0.6693548387,0.2166534607,0.01743471582,0.5957446809,31.83179984,23.76612587,5.425791397,35.61190719,31.19885851,29.57519531,12.03246336,8.780830095,11.38785599,10.74258,21.31540493,24.72395449,16.13452668,13.91238858,11.63444168,27.5406754,2.029999908,0.0,9.823552408,23.86358443,67.51,2.041666667,1.908888889,0.614829932,0.3699058327,0.284691358,0.2275257627,0.07555555556,0.4678099884,0.7885187336,28.29158396,-2.583451918,0.7429403579,1.892927879,-0.6130626846,0.3670265672,2599.830376,4.67,0.00291,0.9748353851,1.032080696,0.6894086529,0.04338383838,5.316788604,0.9659818203,1.123743363,17.84311569,3.227237654,1.06519121,0.02242703533,1.005342419,6.544756406,1.082562881,1.083668941,0.08780306502,1.074052525,-1.535375826,21.09436145,23.74168831,0.798112485,0.04838709677,0.002876613715,1.15177998,-4.816288815,3.58,3.903869513,-5.49,0.4632829278,34.07025039,0.9639313293,0.9422401065,4.849338157,55.14073739,1.41381661,1.043355147,1.493257633,0.5538548753,0.9335211886,153.9753421,46.71643133,0.8404761905,20.40266096,0.7394656915,1.650719339,0.006463140817,0.7722307286,0.9016594755,0.8142847182,0.8318244184,-8.112267995,1.416534743,0.0,4.992404733,0.0,0.4775729647,1.927216792,0.6771406928,0.6891518719,0.9969757034,3.663157895,0.0,0.0,10.57107519,1.0950144
2.492035489,4.487359145,2.888888889,2.733560091,3.03480589,1.617923678,147.3991036,154.2576256,161.9265127,160.0736553,15.08673469,0.01285467479,-0.480852615,-0.0779251144,-0.05781279077,0.1696048632,1.504656611,0.7304488471,0.9027343364,0.3833055092,1.064435043,1.06883267,0.9912652039,1.176410592,1.173759526,1.063807911,0.58868143,0.5910551455,1.396988737,0.7017415548,1.026803091,1.206700908,0.8367400712,0.8202981361,-0.4341321577,0.9777152688,7.008279652,1.400895413,0.1743234778,0.1503949091,0.1344810761,0.0,5.651512663,0.0,0.0,0.0,1.274166982,0.0,0.0,0.0,0.0,0.0,0.0,0.0,1.017009637,1.538202089,0.4056338028,0.67,0.1903330472,0.0,0.5,26.04224331,14.64975998,5.098681808,12.13273414,43.67639416,18.30505147,0.0,0.0,17.07524226,5.559266895,24.31554143,13.8474744,11.25737949,0.0,0.0,3.294369174,3.949514277,1.701998386,6.471547555,18.20753213,65.6,2.0625,1.78,0.6970975057,0.2297808012,0.14125,0.07846138149,0.08672086721,0.3282079126,0.8671669724,22.8521175,-1.894601042,0.8496142056,1.153068004,-0.5375911895,0.289670415,1320.599449,2.94,0.0339,1.325780962,1.071215283,0.7020670914,0.04564102564,4.567099648,1.215227994,1.565405992,8.099367496,3.02345679,1.073536117,0.02666666667,1.274331603,7.047671983,0.9571305232,0.9332732768,0.1513232897,1.127586791,-1.325922564,-40.59183673,10.89441972,0.9176426882,0.02,-0.3959029013,1.31042571,-2.610378844,2.66,3.629481708,-3.57,-0.2992049903,28.33262175,1.037610009,0.8318685693,4.939734113,81.48979592,0.0,1.165135682,1.572036793,0.4366496599,1.152939416,156.050752,48.57697346,0.8106666667,24.31554143,0.8517723217,1.762835715,-0.0775991504,0.9097669048,0.0,0.9662493044,1.137216646,-15.6122449,1.287578128,12.42274194,7.047671983,0.0,0.4733333333,1.963376795,0.583234547,0.8256533182,0.9856740234,3.373626374,0.0,0.0,29.12101657,1.138213449
2.483385735,4.381949493,3.070707071,2.618634259,2.634130658,1.561155083,146.0578528,159.9350345,157.6264411,157.3129716,11.63090737,0.01620156269,-0.5778642928,0.06283080431,-0.05747209266,-0.0126992477,1.610225786,1.254295568,1.091604111,0.4769528305,1.197549556,1.004620283,1.05908195,0.977774463,1.044091233,1.072121122,0.6434435879,0.6139651609,0.8837289492,0.8652005636,0.8218864025,1.042686725,0.9962458505,0.9885781782,-0.3640315676,0.9779111491,7.008271111,0.6094207569,0.1683340252,0.1038885657,0.1110709264,0.0,3.895903634,0.0,0.0,0.0,2.123714284,0.0,2.824598601,0.0,0.0,0.0,0.0,0.0,1.047558133,1.851460703,0.3333333333,0.6574074074,0.2473579341,0.03601532567,0.4130434783,29.55684488,14.95193556,0.0,6.066367068,25.98020854,36.02384191,16.52595619,4.794537184,21.95893118,5.316788604,32.38785022,6.9237372,24.86289132,0.0,0.0,1.131706392,4.535530137,0.0,5.488817875,18.33738983,83.56,1.576388889,1.518333333,0.6370068027,0.2849899219,0.2253240741,0.1356004489,0.06878306878,0.3676936024,0.8713565536,29.63745681,-2.65206635,0.3596462012,0.5536116794,-0.660343363,0.6871010674,3074.962331,6.49,0.0161,1.16807596,0.9350921275,0.6963983015,0.03995614035,10.30076712,1.019998832,1.338425496,28.46683348,2.544304499,1.068653836,0.0,0.8623852504,11.21535881,1.050646677,1.074188056,0.1426000052,1.001955315,-0.6630985614,-18.35853812,0.0,0.8356615394,0.0,-0.2952827014,1.103157981,-4.898453282,1.1,3.955323576,-5.83,0.3421585417,43.69388431,0.6358224935,0.8603172599,4.831538567,67.15984037,3.197002012,1.26674964,1.466425876,0.4930909864,0.9690660364,152.6142173,52.2001832,0.7862068966,25.25270269,0.5709709241,1.56823838,0.06063616712,1.283683804,0.03534497968,1.040823485,0.9934525095,-10.2452741,0.9742543429,11.79963399,0.0,0.0,0.5,2.123063901,0.6553504457,0.9003104984,1.16212097,3.393617021,0.0,0.0,21.4210879,0.8757970055
2.43849921,4.504189134,2.923076923,2.671010517,2.805578938,1.677420942,143.7896721,152.3103804,158.0852997,153.4832998,9.503401361,0.01772725376,-0.462831711,-0.1307629018,-0.01360294654,0.01542913591,1.367957858,0.8304140972,0.8928786477,0.581361142,1.050609612,1.118048297,1.000082845,1.217674155,1.077801381,1.15582404,0.9859012343,0.6563158189,1.372269866,0.8577817207,1.020153614,1.088243416,0.9317702452,0.8980867165,-0.3818395905,0.9929531552,6.002808249,1.304464196,0.2762402534,0.1596592802,0.1135002979,0.0,1.986431231,0.0,0.0,0.0,1.42341819,0.0,3.407812736,0.0,10.25548433,0.0,0.0,6.100206976,0.9964455782,1.658726781,0.3530070975,0.6346153846,0.1807095864,0.03585818943,0.5476190476,28.66751562,0.0,0.0,29.8000411,48.8853911,28.66715822,5.749511833,5.106527395,17.00689132,5.316788604,15.07448444,6.9237372,5.563451492,11.37477255,0.0,0.0,1.986431231,0.0,11.26381934,25.06022617,58.04,1.9375,1.462222222,0.5706122449,0.246409675,0.105625,0.1115192327,0.07588075881,0.4395766336,0.8823394762,24.12017924,-2.294812311,0.8353642376,1.365457277,-0.6872409346,0.2072383398,1405.630399,4.83,0.000836,1.045454903,0.7877511992,0.6959864369,0.03847953216,10.423316,1.11606741,0.9770451236,63.20373731,2.774205219,1.025238151,0.009706959707,1.238701423,0.0,0.9436526457,1.003844855,0.2588671933,1.20027881,-1.266474026,-12.8196579,0.0,0.7579622084,0.05769230769,-0.5940673775,1.122242441,-3.699249011,3.1,3.550937415,-5.92,-0.3028674813,33.71230425,0.9748043785,0.8171398717,4.876998421,37.25783153,0.0,1.181722677,1.694594124,0.3836805556,0.9120891318,147.083025,50.40758628,0.7661564626,9.967957042,0.840100298,1.841380008,-0.09520942434,0.9453078191,0.0,1.047794007,1.078110495,-6.507936508,1.098416264,0.0,0.0,0.0,0.4902930403,1.979409801,0.6757125155,0.7731807133,1.165993704,3.135416667,0.0,0.0,22.2842392,0.9135498568
2.479111826,4.547271052,3.12,3.018126177,3.056273946,1.526190147,147.7678113,156.7782015,158.6586773,160.8911761,11.41046636,0.026684431,-0.5606011355,0.08652962401,-0.1131196355,-0.06756787684,1.602021068,1.043348349,1.01130255,0.5073431032,1.12712131,0.9102200954,1.005318746,1.106635593,1.082947805,0.921215594,0.7907875008,0.5894675785,0.5313304544,0.8740983212,1.018115806,0.9559684651,1.064892119,0.9486023576,-0.4868851367,0.972936301,7.008276743,1.430639411,0.1444275508,0.07905164212,0.0822774992,0.0,1.952686545,0.0,0.0,0.0,0.0,0.0,3.286112896,0.0,0.0,10.97545765,0.0,0.0,0.9135910722,1.680214706,0.3666666667,0.671875,0.1947446665,0.059375,0.5283018868,31.28229084,4.983978521,0.0,12.13273414,55.45467375,22.50821725,5.824404498,14.26826309,34.14425914,20.52418199,27.6520576,6.9237372,21.87632117,5.687386275,5.907179729,10.97545765,2.588365377,0.0,11.82790416,28.28433715,115.15,1.854166667,1.957777778,0.614829932,0.2711404006,0.2940740741,0.2356881951,0.06535947712,0.3998106863,0.7726923918,31.44142638,-2.539933055,1.281219329,1.84296174,-0.9568408257,0.1989592035,2779.235079,4.16,0.014,1.173581139,1.0387553,0.6899617195,0.04256038647,25.50816051,0.9719569774,1.000331401,178.0652763,2.824666667,1.121280747,0.03125,1.03512595,6.544756406,1.18996811,0.9453428032,0.3573037857,1.139029807,-1.906850496,-2.374154503,0.0,0.8297547841,0.015625,-0.4075119275,1.028557183,-3.423758303,1.18,3.763957316,-5.03,-0.357010086,45.60046608,0.7671149666,0.8178845035,4.84878054,59.95977216,0.0,0.8528898612,1.582901204,0.5755385488,1.147712037,152.3607579,47.96712593,0.775,14.95193556,0.9429088387,1.963963139,0.1458788032,0.9578706232,-0.4680082881,1.015964279,0.9505145623,-4.215379138,0.9380492531,11.44713977,5.733667477,0.0,0.46875,1.967442848,0.6882687145,0.9002493583,1.128301273,3.305785124,5.381482355,0.0,23.62654039,1.017046826
2.487009195,4.261518188,2.772727273,3.09244562,2.541861785,1.90698264,143.9739518,151.6380716,149.2113874,155.4240932,7.123702422,0.01503348894,-0.5943088524,0.05640216116,0.02297515788,-0.01475592122,1.577655479,1.412509701,1.158347712,0.5940188589,0.9851330408,1.051737393,1.108162066,1.07012233,1.257256894,1.163176446,1.112719455,0.8886730673,1.213597965,0.8012615236,0.911781923,1.091177662,1.069827703,0.8638731236,-0.3876330503,0.9929419474,4.005274667,0.6050165637,0.2347559593,0.1131187036,0.1323278235,0.0,0.0,0.0,0.0,0.0,2.000787282,0.0,0.0,0.0,0.0,0.0,0.0,5.925984915,1.052361111,1.611966333,0.343417825,0.652173913,0.1878159942,0.04087784679,0.6176470588,30.99869023,4.983978521,0.0,41.13682697,24.26546827,23.34336285,5.693927995,0.0,21.82845468,5.733667477,14.95193556,0.0,0.0,5.13155848,0.0,0.0,0.0,0.0,8.857406552,20.15362571,64.69,1.534722222,1.352777778,0.4824943311,0.1385739481,0.0925,0.03713906744,0.07207207207,0.479912648,0.8965942281,20.25030454,-2.399473009,-0.1937372504,1.265458768,-0.6125296875,0.1655021392,2043.384683,4.96,0.00455,0.9610720325,0.7340575899,0.6874430569,0.03865079365,5.733667477,1.020835361,0.9099581697,89.48658048,3.042177606,1.203634757,0.0,0.9118820884,0.0,1.107271431,1.242232492,0.319653371,0.9546068765,-0.7512492147,-20.53116323,11.33678588,0.6582347921,0.04347826087,-0.5676358474,1.113093976,-3.582425197,2.11,3.214210357,-5.44,0.1785605085,32.73137961,1.051831294,0.82952794,4.913771694,21.17634243,1.447233796,0.8928553648,1.572415124,0.3047052154,1.150888967,146.0842685,48.49782155,0.7700952381,14.95193556,0.8132789545,1.873252484,-0.1558625593,0.8065504198,0.0,1.077322915,1.153044318,-5.455017301,0.8813670763,0.0,0.0,0.0,0.5064182195,2.048261107,0.6381751853,1.219868386,1.071962066,3.739130435,5.966009525,0.0,21.11040922,1.210849983
2.598599924,4.177615663,2.64516129,2.518864013,2.38121345,1.496981687,144.7481467,154.4154414,161.0072678,153.6647655,20.921875,0.01206718801,-0.4214670369,-0.1384942845,-0.09011862114,-0.02921096908,1.456967563,0.7670059865,0.8412844679,0.405634448,1.023915363,1.269280056,1.173520069,1.189074924,1.071884984,1.253635973,0.6543513407,0.5115007047,0.7398976579,0.8035041759,1.056713566,1.176291255,0.9303783243,0.9943278297,-0.4922512719,0.9778508232,7.008273305,1.134637091,0.2338284567,0.170726223,0.4804178227,0.1020620726,10.63799214,0.0,0.0,0.3549003585,0.0,0.1394037261,0.0,0.0,0.0,5.117696379,0.0,0.0,1.233510041,1.828967782,0.3533653846,0.6206896552,0.250606547,0.0,0.3571428571,31.02657594,4.794537184,5.098681808,38.9703128,49.09138463,23.72004194,5.693927995,9.531400138,22.51475897,0.0,27.34065052,12.33872767,55.35869951,0.0,0.0,7.25520126,11.88452176,0.0,7.980633221,21.73132837,57.01,3.208333333,2.069444444,0.9389115646,0.5590986395,0.2909490741,0.1598857259,0.08796296296,0.2988904237,0.9290552413,24.98220183,-2.752842531,1.118010582,0.7651899355,-0.3828097265,-0.01671795604,2769.846445,5.11,0.00207,1.221128224,1.143087801,0.7158201402,0.04403073286,4.736862954,1.111640689,1.098408094,30.47658319,2.31344086,1.124600639,0.02183908046,1.181612516,11.28161936,1.022905139,1.154196402,0.1582956887,1.378974593,-0.8041129507,30.97959184,5.693927995,1.016188158,0.0,-0.2139233331,1.122645693,-3.761263655,3.4,3.334204595,-5.55,-0.06493985036,34.75344337,0.73818579,1.850458984,5.002715684,112.244898,0.0,1.121741438,1.693323978,0.6909722222,0.9346008074,153.223459,51.64892868,0.7942528736,14.76446326,1.382605749,2.473150327,0.07241268476,0.7640382117,-0.2968882427,0.9784437663,0.832603574,-14.328125,1.184459174,12.04412527,5.414990469,0.0,0.4781609195,2.016989307,0.7505279688,0.5718314856,1.082908094,3.048275862,0.0,0.0,23.55818945,0.8113867417
2.557011231,4.503481626,3.936708861,3.81210897,3.611533507,1.817681677,144.9227928,155.9805176,155.9530945,154.302549,6.077339102,0.02458257913,-0.6249518054,0.1017057132,0.07330546078,-0.03923340964,1.572983981,0.8383571298,0.8676798747,0.4785085759,0.9895557351,0.9998514131,0.8735036841,0.8898063201,0.968100812,1.01029313,0.5774933337,0.4874048489,0.9366882819,0.8795546175,0.8007173122,1.033608652,1.175511014,0.912414327,-0.4060536366,0.972539243,8.001921173,0.6048934911,0.19178554,0.1291619787,0.3209421867,0.0,0.0,0.0,1.635157785,0.4514792749,0.6837866119,0.0,0.0,1.056189736,9.03394333,0.0,5.178010007,0.0,0.9965113119,1.34915182,0.4232245681,0.6666666667,0.2499033731,0.01915514593,0.5348837209,32.84089438,13.88979146,5.098681808,35.31654427,43.18313163,11.48135754,21.69013503,19.08601681,11.25737949,0.0,47.34627086,5.817220841,29.46110098,4.390415048,18.42124142,15.28635825,-0.4889180378,0.0,5.651091228,20.47702423,87.8,2.944444444,1.762222222,0.8344217687,0.4694428697,0.3768904321,0.2368207326,0.07523148148,0.5880511798,0.6905775078,28.47501584,-1.436049127,0.9767480586,1.034924299,-0.1989210391,0.2702281808,3814.583371,4.8,0.00327,0.909895659,0.7530591983,0.6996944958,0.03916049383,5.106527395,1.08600018,0.9649743508,185.8973401,3.498280981,1.073904179,0.00380952381,0.9220862189,9.589074368,1.011329188,0.933334311,-0.08687079801,1.022101751,-0.8163520933,-44.62333994,23.46952001,0.7128586441,0.01666666667,-0.337247446,1.091727945,-2.608786357,2.01,4.289735327,-7.21,0.474883952,34.51106162,0.8027348595,1.443141874,4.889108447,41.09879214,1.500669929,0.7322101039,1.334036395,0.739654195,0.9759459059,150.4081535,46.84563269,0.8746543779,19.49796795,0.5490614064,1.136529428,-0.0390774323,0.9996177223,-1.118522964,0.9934643463,1.051258422,-11.46673878,1.198763803,23.76690269,0.0,1.042453835,0.4961904762,1.621587543,0.7784989264,0.5976117379,1.118838765,4.160493827,0.0,0.0,16.2929925,1.088182395
2.556275984,4.472411765,2.913385827,2.854912764,2.390772128,1.56711025,146.3076746,156.5851931,154.6703335,157.2926313,14.19782707,0.01376833914,-0.4635751236,0.04459695183,-0.03512717053,-0.04755113074,1.460436184,0.9097463756,0.8135361603,0.4071275569,1.107228212,1.025314991,1.17652714,1.081901585,1.18991194,1.168277177,0.6911987976,0.4530491683,0.7646017877,0.8556843266,0.8682646925,1.187252743,0.9985329959,1.050212806,-0.4357126765,0.9729406777,7.008275627,1.343847059,0.1890085052,0.1283542617,0.1503247011,0.0,1.986246729,0.0,0.0,0.0,1.721297609,0.0,0.0,0.0,0.0,0.0,0.0,0.0,1.226651759,1.745528681,0.405,0.6517857143,0.211665326,0.03325396825,0.5106382979,26.88249416,0.0,5.098681808,12.13273414,55.66066728,40.64258317,5.693927995,4.794537184,22.51475897,5.733667477,25.65562151,6.9237372,28.16666629,0.0,5.907179729,2.095952433,2.905878355,0.0,12.06427509,28.93790881,86.69,2.069444444,1.938888889,0.6859410431,0.3257668808,0.232816358,0.1101969187,0.07092198582,0.3432404149,0.8483788421,21.61537291,-2.397336997,1.744369273,1.843095046,-0.608403271,-0.01204879314,2289.359455,3.69,0.0375,1.07307332,0.840951617,0.6875124249,0.04125295508,5.733667477,1.026984353,0.9756821065,96.65839382,2.63735783,1.219044919,0.02380952381,0.9386340073,12.96557803,1.071247283,1.024195394,0.339330627,0.9992363958,-1.21053556,11.26346763,5.693927995,0.8307010758,0.0,-0.2286577767,1.088642124,-3.634578556,1.84,3.720954608,-3.85,-0.0835655883,58.49801155,0.8510250218,0.8129646745,5.016359348,73.12901766,0.0,0.9546782983,1.666153001,0.4270833333,1.151530166,150.8949697,49.21862217,0.7655555556,19.74844179,0.7320504672,1.833634244,-0.04179430407,0.8884025059,-0.4535390235,1.153641614,0.878709789,-19.78813943,1.153849734,11.55543523,5.733667477,0.0,0.4761904762,2.015619331,0.5928972988,0.635150777,1.165202399,3.711711712,5.437152329,0.0,11.21062871,1.025983461
2.554852869,4.494754609,3.094594595,2.89084507,2.679549114,1.547426851,145.143249,155.7533836,154.2609384,155.047059,12.6,0.01657996986,-0.4501459458,-0.06924801344,0.06876251255,0.005785772225,1.420845698,0.7826905548,0.8220894246,0.4512286419,1.138289645,0.9896855526,1.016853277,1.125428735,1.177870315,1.078237719,0.7001354731,0.5168716132,0.6160515251,0.9149077088,0.8717581057,1.102337642,0.9679518636,0.9808471242,-0.4947181511,0.9729968731,7.008277118,1.343837209,0.1874700016,0.1017365183,0.1503247011,0.0,0.0,0.0,0.0,0.0,1.854149459,0.0,0.0,0.0,0.0,6.0880002,0.0,0.0,1.223624988,1.653768932,0.3649484536,0.6544117647,0.2002780667,0.0279956427,0.5636363636,33.49917118,0.0,5.098681808,6.066367068,79.06876542,41.14549874,17.19295166,9.531400138,34.01378264,10.47053043,25.65562151,0.0,22.47273829,0.0,5.907179729,8.191423177,0.9105578599,0.0,21.32644375,38.03017578,95.92,2.131944444,1.97,0.7160544218,0.2781557067,0.259691358,0.1747862463,0.06349206349,0.3554636761,0.8523574758,28.57290575,-2.846926776,1.954525425,2.033173037,-0.8473032819,-0.07506329155,2722.811531,4.23,0.00364,1.040805205,0.9061051663,0.6785393781,0.03581818182,10.47053043,0.9913048148,1.039571874,74.572512,2.655968468,1.166698675,0.02450980392,0.9383166866,12.96557803,1.016258824,1.03396186,0.4565035761,1.020731707,-1.794770071,-8.803966942,5.693927995,0.8052731863,0.01470588235,-0.2930836625,1.155851381,-4.040704935,2.41,3.605555365,-5.22,-0.2453431586,52.80408356,0.7816133487,0.8199479932,5.014410979,67.16033058,0.0,1.073122994,1.69133482,0.5243055556,1.1074881,148.9996695,48.5680742,0.7759259259,19.74844179,1.055522687,2.175804348,0.05226513463,0.9174110632,-0.4672309862,0.9977225552,0.9998870346,-11.08,1.080399494,11.34079582,5.733667477,0.0,0.4754901961,2.038076061,0.6173780488,0.4425589594,1.169806436,3.755905512,5.336571758,0.0,11.21062871,1.019116895
2.479015615,4.520309251,3.297297297,3.159067086,2.938583078,1.560510262,145.817401,154.9312634,159.4995637,161.7514613,9.9336,0.02258793037,-0.5624663556,0.0536445929,-0.1207944057,-0.02892923188,1.585180586,1.275879804,1.011352094,0.4979332692,1.054724519,0.9410364985,1.055147459,1.097591283,1.077243199,1.01089956,0.644322511,0.617318952,0.6350253144,0.8543536252,1.05282098,0.9999202382,0.9897793665,0.8835238988,-0.4868809218,0.9113366024,6.027276618,1.424257628,0.1684706171,0.08572212558,0.06263564417,0.0,1.95978238,0.0,0.0,0.0,0.0,0.0,3.319717734,0.0,0.0,10.97496971,0.0,0.0,0.9956574797,1.787344336,0.3409090909,0.6693548387,0.1908421796,0.0311502118,0.56,31.26935238,4.983978521,5.261891555,18.19910121,54.95175817,17.80213589,5.693927995,9.473725908,40.21348046,14.79051451,21.74487787,18.25485007,16.82083098,5.948339281,0.0,10.97496971,2.714256223,0.0,13.77113205,27.69615003,95.85,1.729166667,1.837777778,0.614829932,0.2711404006,0.269382716,0.1695724926,0.0589569161,0.4050689924,0.8596443832,28.80216785,-2.494571687,0.7746717938,1.843182456,-0.8544803651,0.1560738358,3029.681154,4.98,0.00274,1.169962633,1.05143256,0.6841461785,0.04176767677,19.77449303,0.9816472166,1.030164919,151.6576286,2.926426426,1.122208792,0.02688172043,1.163531034,6.544756406,1.123877527,0.8614314202,0.5680494949,1.1269372,-1.800117649,-29.2944,0.0,0.8296626622,0.01612903226,-0.28912402,1.04340697,-3.168592193,1.7,3.722055263,-5.81,-0.4278033097,39.6521268,0.9074408297,0.7703214932,4.848683342,56.6336,0.0,0.9590552922,1.628790988,0.5130385488,1.243657854,151.6956697,48.00479604,0.7828282828,14.95193556,0.959483369,1.921800927,0.08716369012,0.7610344329,0.0,1.074717029,1.004102158,-8.5476,0.9770692127,0.0,0.0,0.0,0.4731182796,1.974624127,0.6667444211,1.071606307,0.9637660562,3.418181818,0.0,0.0,23.02052879,1.040119905
2.478465215,4.435043518,2.966666667,2.928928929,3.057710728,1.383439851,149.2095217,161.931559,162.7768334,161.5089748,12.24371302,0.02509886801,-0.6238533342,-0.1135167899,-0.04109846094,0.05751814963,1.701095918,0.9465038099,0.8742414081,0.459382819,1.067373853,1.110711629,0.9389412348,0.9920380079,1.049541284,0.9936688983,0.6964604928,0.5949317614,0.8614494102,0.8599770299,0.9683846078,1.059862407,0.906348589,1.122727261,-0.4868251128,0.9778527228,7.008272747,1.290860233,0.1567782008,0.1088093443,0.06274916425,0.0,5.764854169,0.0,0.0,0.06318986797,0.0,0.0,5.641931511,0.0,0.0,10.9188931,0.0,0.0,0.9015952352,1.874131435,0.362962963,0.6896551724,0.2218058136,0.03537263626,0.3846153846,29.45689899,14.76249423,0.0,6.066367068,45.03667987,23.99897946,5.693927995,14.26826309,28.70474243,20.10730312,33.40095434,6.9237372,25.23533039,4.794537184,0.0,12.86442598,6.282772406,0.0,8.385600675,20.04794799,90.3,1.854166667,1.695555556,0.6956462585,0.3366480852,0.315941358,0.186305479,0.06419753086,0.3116041659,0.8197973812,30.31560006,-2.278560387,1.376732141,1.236678969,-0.7097031476,0.4744898938,2228.272908,2.63,0.0796,1.494901409,1.052546224,0.702762221,0.04037037037,20.10730312,1.157724886,1.147925658,164.0376762,2.703472222,1.05212001,0.03448275862,0.9884291026,6.544756406,1.057297495,0.9081837394,0.231076877,1.104352918,-1.404239859,-30.0,0.0,0.9902276119,0.0,-0.2469821906,1.023263434,-3.267135209,1.56,3.768435326,-3.82,-0.2643093859,28.51868209,0.8849845796,0.931578883,4.848130358,88.0,0.0,1.113783316,1.49331415,0.5104166667,1.076667913,158.052357,48.38577202,0.8129032258,25.1686339,0.9187391829,1.932004392,0.08214611957,1.076309821,-0.2288332611,0.8850917431,1.029559475,-9.116863905,1.124870135,11.9315163,0.0,0.0,0.4655172414,1.948747417,0.7520266889,0.8501433615,1.138924831,3.252252252,0.0,0.0,17.92607068,0.9406486317
2.479001939,4.631280891,3.377192982,2.8820059,2.789577188,1.639479345,143.0831174,152.8296981,157.1594388,157.2013021,9.9336,0.008210555968,-0.1771816272,-0.07200577201,-0.08234302571,0.09188248399,1.113091905,1.148480435,0.93954972,0.4797786292,1.076964896,1.062434692,1.077840505,1.027146811,1.164971022,1.062070759,0.5350823045,0.5254419192,0.84953294,0.8704842323,1.026527658,0.923828783,0.9562887887,1.004579115,-0.4301059315,0.9113367049,6.027276355,1.417501412,0.1527935287,0.05820905185,0.07492180438,0.0,1.988768489,0.0,0.0,0.0,2.021902258,0.0,0.0,0.0,0.0,0.0,0.0,0.0,1.027373045,1.799784141,0.3266666667,0.6290322581,0.1817453097,0.0,0.56,31.44058453,0.0,10.36057336,30.33183534,54.95175817,34.60074234,5.693927995,0.0,28.58398029,0.0,19.74844179,18.25485007,16.82083098,0.0,0.0,1.915285809,2.561657913,0.0,22.14961982,32.72977621,67.39,1.909722222,1.785,0.7356462585,0.3441751701,0.273125,0.1610039792,0.05442176871,0.3910206292,0.9563319313,30.81402013,-2.734640926,0.7825085369,1.40817469,-0.8089308363,0.04295809357,2962.280591,5.33,0.0012,1.029753449,1.236521501,0.6841461785,0.03880434783,0.0,0.8517725715,0.9516144349,7.560523191,2.823586745,1.075450092,0.01612903226,1.126157434,6.544756406,1.003168478,0.9128037255,0.5493607078,1.178708887,-1.667907463,-27.08,0.0,0.8189598276,0.0,-0.4418255557,1.095146871,-3.228030419,2.61,3.310115252,-5.6,-0.4048304745,44.67506339,0.9215057653,0.8357701611,4.87862781,56.56,0.0,1.137151385,1.758783089,0.4462514172,1.176634072,148.2149672,49.59300473,0.764516129,19.74844179,1.11548875,2.333740938,-0.08543334738,0.7818068068,0.0,1.099263965,0.9482504323,-10.3024,0.8955242384,0.0,0.0,0.0,0.4838709677,2.115681336,0.6667444211,1.02160767,1.112210021,3.518181818,0.0,0.0,29.38805792,1.035614835
2.479730606,4.635891784,3.485981308,4.185185185,3.384042921,1.680530251,149.0315359,155.6350949,157.6537758,169.0764653,5.183391003,0.02324637171,-0.6938305658,-0.03421984228,-0.2014359679,-0.08735311021,1.921901401,0.8717386516,1.091142514,0.4207064557,0.8339769875,1.029096212,1.309908051,1.028829225,1.082274899,0.888534331,0.600715868,0.2570378739,0.5399728862,0.832824665,0.9936526418,1.167044328,1.269745209,0.8058014839,-0.4380566303,0.9893222081,8.007392488,0.6049838896,0.1458259555,0.2059561938,0.1386608339,0.0,1.896579006,0.0,7.105214987,0.0,0.0,-4.769379377,3.131717687,1.666993245,0.0,4.152619427,0.0,0.0,0.8452098818,1.284936311,0.307715311,0.6764705882,0.2197679059,0.01712284914,0.5490196078,36.90343662,14.98529578,5.425791397,41.67827426,31.19885851,29.57519531,17.78197519,17.9081081,17.13736782,15.47944295,27.67776379,13.08951281,16.13452668,18.30280362,6.362358859,42.44780141,1.995789187,0.0,11.78434065,23.61701469,76.74,2.104166667,2.237777778,0.6940136054,0.4061712648,0.3187654321,0.3266993164,0.06464646465,0.5049180159,0.9091017067,31.47027505,-3.136195111,0.9400020275,1.688129724,-0.9415613491,0.3283243261,2626.460646,4.43,0.000579,0.9818075349,0.7344830281,0.697309751,0.04387799564,10.05365156,0.9409424952,0.568523298,35.93270397,3.392047421,1.165399477,0.03165266106,0.7708844985,6.544756406,0.9753596198,0.9630610398,0.4378958875,0.8729460094,-0.944383886,10.43094536,29.80805538,0.8313377602,0.02941176471,-0.2074081219,0.901096878,-6.542851636,2.82,3.952768709,-6.7,-0.0895196372,16.14417972,0.7245762619,1.013844879,4.849405459,62.60096544,1.375924312,0.9264862921,1.428288907,0.6788548753,1.150867333,159.5265694,45.3779069,0.8821768707,20.40266096,0.8783134808,1.719656633,0.0269820317,0.3812124874,0.8635750113,0.9627276077,0.8370523948,-6.079584775,1.338454163,0.0,4.992404733,0.0,0.4683473389,1.902018178,0.9250960307,1.464970298,0.6792063253,3.557522124,0.0,0.0,10.57107519,1.152995769
2.479313555,4.590769353,2.97080292,2.778829966,2.73102981,1.546350209,149.5353358,158.160379,158.4852696,162.8713264,16.76913265,0.02376259442,-0.4169562158,-0.0465686872,-0.08049793362,0.05683817435,1.458021858,1.093251539,0.899945112,0.4826518935,1.114425552,1.047384799,0.9394506866,1.210094341,1.171268724,0.9032665584,0.872403815,1.017775902,0.7061309918,0.7736002982,0.9635915905,0.8753088485,1.124758851,1.087101564,-0.5282555269,0.9871954839,3.515319449,1.434182958,0.1592655595,0.07140183623,0.07754276402,0.0,5.209230813,0.0,7.366626229,0.0,0.0,0.0,3.390059261,1.735139763,0.0,10.71300781,0.0,0.0,0.9349826101,1.865242906,0.349137931,0.6893939394,0.2122072117,0.03036075036,0.5,31.11015337,14.98529578,5.425791397,12.14238718,37.26522558,29.22074076,12.16293986,9.473725908,22.88687966,20.21630591,40.51897853,13.08951281,17.21226049,5.687386275,0.0,10.71300781,2.45873745,3.23647401,10.00791679,24.46744655,101.76,1.916666667,2.148888889,0.6540136054,0.2902730537,0.3165740741,0.2556881951,0.06837606838,0.3032386757,0.8634010828,31.98418839,-2.380471239,0.9228408803,1.821483912,-0.9617912734,0.2232312549,2010.13957,2.83,0.0315,1.362862317,1.350025284,0.6904812668,0.04385487528,19.77449303,0.854276595,1.031173593,35.79577374,2.606853204,1.095119961,0.03131313131,1.03889645,6.544756406,1.156151344,0.9814040143,0.4250196872,1.069602358,-1.960579382,37.36734694,6.338535363,0.9213906582,0.04545454545,-0.265503999,1.077645998,-3.242791494,1.42,3.806856417,-4.11,-0.238019234,46.02638289,0.7547746441,0.791095659,4.848985196,87.93877551,0.0,0.989482134,1.517241634,0.5755385488,1.131632846,157.4033236,47.86880698,0.800952381,25.38663948,0.9332975448,2.000498505,0.1507158939,1.009736673,0.9165952176,0.886745127,0.8401591507,2.20440051,0.8339689873,0.0,4.992404733,0.0,0.4686868687,1.990535066,0.5836491608,1.005285664,1.105942261,3.179104478,0.0,0.0,37.84613547,1.049225879
2.553695638,4.40138536,2.790322581,3.017832647,2.481416012,1.562045432,147.0796277,158.2650412,154.7856217,157.4125923,11.1020794,0.01662419247,-0.4759091001,-0.1141304964,0.004862127278,-0.003990743388,1.390789151,0.7964997766,0.7926397286,0.6577259475,1.070270565,1.156416745,1.135447036,1.080643984,1.251765325,1.165722656,1.157274509,0.3546563909,0.7389761838,0.9523052932,0.8273426716,1.181947581,0.9579527722,0.92977546,-0.4356902272,0.988898415,6.005360987,0.4229255669,0.1397907237,0.1074296711,0.130682846,0.0,0.0,0.0,0.0,0.0,1.765335045,0.0,2.602437796,0.0,18.36954844,0.0,0.0,0.0,1.224644896,1.778095238,0.387654321,0.6607142857,0.2268111235,0.05184331797,0.5217391304,30.65183986,0.0,5.098681808,12.13273414,48.73693008,41.26943352,5.693927995,9.105499747,22.51475897,4.722094864,28.85394153,0.0,12.11474962,5.687386275,11.64276621,23.06005341,0.9182194579,0.0,14.37315563,26.71479523,96.09,2.006944444,1.707777778,0.6067120181,0.2330561854,0.147191358,0.1439669421,0.05797101449,0.3185675475,0.8094161348,25.18683755,-3.395538612,1.408176378,1.258756876,-0.7885491027,-0.02035841395,2034.067016,0.72,0.0142,1.17141127,0.6669055865,0.681686114,0.0363356974,9.105499747,1.023666906,0.5377771909,195.5167456,2.607211602,1.30442954,0.01785714286,0.867095234,12.96557803,1.010178665,0.8901203419,0.3560802496,0.9742093373,-1.081973866,23.55555556,5.693927995,0.8161540393,0.01785714286,0.02704129079,0.9958791209,-4.676746742,1.07,3.818225609,-5.19,-0.09172143392,52.80408356,0.6315180815,0.7474141517,5.008913883,27.38888889,0.0,1.156443723,1.529580646,0.3524305556,1.206268892,150.7881093,49.25910097,0.7838709677,19.74844179,0.7750322707,1.705336347,0.01597345101,0.8312496654,0.0,1.017821875,0.8917307183,-10.4442344,1.034651763,0.0,0.0,0.0,0.4821428571,2.014572153,0.61453125,0.6812480625,1.213858212,3.773584906,0.0,0.0,11.21062871,0.9776389674
2.479016573,4.541191139,3.136,2.933654729,2.897173489,1.545834205,148.9538979,157.8651086,160.1863854,162.0283685,13.08367627,0.02179707262,-0.52747036,-0.048120795,0.06580350134,-0.05217296947,1.583719561,0.8007920258,1.048534572,0.4644908296,1.075928444,0.9310563778,0.8785589334,1.15072736,1.056405445,0.9414428475,0.6498261063,0.6324599051,0.8854896092,0.831777339,0.9943804193,0.9504420005,1.019883755,1.083491173,-0.4964155048,0.9776679496,7.008274488,1.434202204,0.158350718,0.1147758045,0.07754276402,0.0,3.32514212,0.0,7.307077741,0.0,0.0,0.0,3.331626485,1.72048647,0.0,4.745046903,0.0,0.0,0.9214343564,1.719409573,0.349137931,0.6818181818,0.2100980799,0.03036075036,0.5185185185,29.15388612,19.77983296,5.425791397,12.14238718,49.39795972,23.15437369,12.16293986,9.531400138,11.38785599,10.74258,39.37848628,13.08951281,27.57024916,5.687386275,0.0,4.745046903,2.420056658,1.365359539,11.91630315,25.92287692,109.6,1.729166667,1.877777778,0.6531972789,0.3084057697,0.211882716,0.2426303438,0.07264957265,0.3724141487,0.827937697,32.19571938,-2.444472479,0.9088672675,1.73980864,-0.8739826095,0.1755999528,2168.187824,2.7,0.0367,1.300582885,1.128741614,0.6904812668,0.03995271868,15.03763008,0.9372086854,1.456927637,69.88735551,2.728222222,1.069062837,0.03131313131,1.056267058,11.28161936,1.067676941,0.9570277018,0.302366567,1.120327839,-1.503690185,-42.3744856,13.4483329,0.8795457303,0.01515151515,-0.1947612619,1.159820773,-3.764813105,1.89,3.84122157,-4.18,-0.2775383352,46.02638289,1.098725876,0.7982445288,4.848684801,74.97256516,0.0,0.9436192402,1.522200507,0.5755385488,1.181570052,155.6255508,47.17769406,0.800952381,25.38663948,0.7785018522,1.913665932,-0.09123900934,0.7921472639,0.5352876813,1.05431886,1.013407841,-7.514746228,0.9130165197,11.62855887,4.992404733,0.0,0.4686868687,1.975881773,0.6451241259,0.4903344802,1.129639151,3.327731092,0.0,0.0,36.29978942,1.082717107
2.482833341,4.35821191,2.882352941,2.596580356,2.427093059,1.379042503,146.9424867,161.1625392,160.6330343,158.8751732,12.42150231,0.02260609255,-0.5503920265,-0.1350065963,-0.03889241924,0.1266125171,1.598384854,1.086790109,0.7712711091,0.4660149828,1.055569335,1.107573591,0.9766518453,0.9824429641,1.040965208,1.100909538,0.6604398659,0.6517786151,0.8305503867,0.9179178897,0.8809016128,1.103849575,1.028800744,1.068524368,-0.4868818539,0.9779100867,7.008271675,0.6101352801,0.1678108657,0.08538642731,0.07931626887,0.0,3.980892035,0.0,0.0,0.0,0.0,0.0,2.948880052,0.0,0.0,10.95102414,0.0,0.0,0.9787978092,1.915002501,0.3229665072,0.6637931034,0.2627614403,0.03507601038,0.358490566,28.33507142,9.967957042,0.0,6.9237372,37.96448165,36.02384191,16.52595619,14.26826309,33.45795484,14.79051451,34.196814,6.9237372,37.70453456,0.0,0.0,10.95102414,4.869662329,0.0,8.320894015,19.90571311,89.13,1.701388889,1.438333333,0.6630839002,0.2734158478,0.2553240741,0.1467258443,0.06565656566,0.3341602653,0.8101370788,25.56783826,-2.274440466,0.8773543993,0.2874225123,-0.736507361,0.5284168965,2753.129017,6.04,0.0167,1.305603786,1.080020091,0.6971368173,0.03595833333,19.77449303,1.085665544,1.239508373,155.0016872,2.559653491,1.087436869,0.01954022989,0.9633611495,11.21535881,1.101172309,1.133218504,0.3004459894,0.9853509586,-1.386736469,-2.19765832,0.0,0.9569520564,0.0,-0.1527209791,1.075444059,-3.818896802,1.31,3.844646162,-5.61,0.05977705047,64.23875221,0.7743418492,0.7368419724,4.830967155,85.17483486,1.581423322,0.9786841973,1.501143036,0.3680909864,0.9349092515,155.0014178,50.84318649,0.8086021505,20.26872417,0.7219747643,1.883274293,-0.0302757117,1.158157866,0.1036514789,0.8869032163,0.9316306138,-6.368458526,1.174572647,11.6144253,0.0,0.0,0.4804597701,2.024180085,0.683531746,0.8646460567,1.161187992,3.151785714,0.0,0.0,5.693927995,0.8580472482
2.482821465,4.350846645,3.132653061,2.987555818,2.677702955,1.450814107,145.9171834,158.8759208,158.7963596,158.2077626,9.196124764,0.03015273606,-0.5743181211,-0.09344949721,-0.1184032732,0.1449424046,1.547741839,1.065969069,0.6493354434,0.4830411671,1.071256861,1.077016307,1.145357642,0.9564619946,0.9929102906,1.200045702,0.7477876702,0.473412435,0.8312457292,0.9098436747,0.9362256082,1.178064383,1.055113838,1.053674785,-0.4868784174,0.9728907128,7.008294022,0.610136352,0.174824626,0.1100176771,0.07931626887,0.0,1.958050442,0.0,0.0,0.0,0.0,0.0,0.0,0.0,8.783034591,10.88502764,0.0,0.0,0.9561526571,1.890793921,0.3497409326,0.6666666667,0.2479984837,0.03916560238,0.4130434783,29.78408745,9.967957042,0.0,0.0,37.96448165,29.4790855,16.52595619,19.37479049,33.45795484,9.473725908,32.82071055,6.9237372,30.78079736,0.0,5.969305288,10.88502764,2.189322507,0.0,7.716486024,19.69235798,97.33,1.576388889,1.438333333,0.6630839002,0.2734158478,0.230632716,0.1267258443,0.06349206349,0.3916162207,0.7134431013,26.05029045,-2.195081885,0.9284117739,0.4675061493,-0.7087175134,0.4366668293,1946.821534,5.43,0.0241,1.208005255,0.8995986464,0.6963983015,0.03887387387,19.56423182,1.045310897,0.8257642291,214.1231228,3.027368355,1.137465246,0.02345679012,0.9775755085,11.21535881,1.115410292,1.127254364,0.4764091646,1.009631776,-1.036275363,-26.18882588,0.0,0.8841417284,0.0,-0.1261666147,0.9734140461,-4.415113509,1.26,3.983114047,-5.48,0.1776302567,45.64759713,0.8570958883,0.7292229112,4.830954496,64.87628649,1.555250297,0.8364738374,1.477254645,0.3680909864,1.029541834,152.6572416,49.63534907,0.8287356322,14.95193556,0.7284733697,1.54044791,-0.05750524859,0.9934039132,-0.7690337063,0.9782359396,0.9720664111,-13.6294896,1.224910853,10.68178641,0.0,0.0,0.4765432099,1.999971505,0.722565876,0.9298181733,1.160080219,3.340206186,0.0,0.0,5.693927995,0.8523540649
2.554302666,4.403790864,2.82,2.636846405,2.202777778,1.470344702,146.5297484,157.4801269,157.9926932,155.8748109,15.70942149,0.01298473755,-0.1886345547,0.02701573597,-0.05336386051,-0.1140718563,1.211396925,1.152413832,0.8784887136,0.494094536,1.007250786,1.090694756,1.194094974,1.038030684,1.003991939,1.332057307,0.7735069153,0.9453731548,1.041099619,0.8077723902,0.93204654,1.221464778,0.9244790784,0.9729545965,-0.5233080116,0.9888943064,3.5105696,1.34383719,0.2406744252,0.05849495718,0.130682846,0.0,4.094378337,0.0,0.0,0.0,2.038992189,0.0,0.0,2.11441708,0.0,6.002179149,0.0,0.0,1.279705804,1.824327941,0.3348837209,0.6666666667,0.2256444869,0.0,0.4363636364,30.32695086,0.0,5.098681808,6.066367068,68.89864111,42.12680366,18.05032179,4.736862954,28.26427081,4.736862954,51.89533385,0.0,12.11474962,0.0,0.0,8.144086824,2.478399875,4.094378337,17.64299179,29.19467202,56.07,1.756944444,1.627777778,0.5756462585,0.2970600277,0.135007716,0.1148882767,0.06018518519,0.2746703779,0.9326195251,26.13009543,-2.561309316,1.71816289,1.382649129,-0.3064464358,0.2083781328,3151.171428,3.95,0.0157,1.333260587,1.547808663,0.6833808251,0.03391203704,9.636772685,1.134178323,0.9338124844,49.11723181,2.492777778,1.193358907,0.02222222222,0.9518815342,12.96557803,0.9748822203,1.064701151,0.2962536937,1.023921529,-1.284946704,-43.11735537,11.25737949,0.9746531377,0.01666666667,-0.1502742453,0.8947543653,-3.452114585,1.93,3.47343795,-3.97,-0.1593973052,59.5349003,0.8213376484,0.925875479,5.010248762,86.12099174,0.0,1.14216999,1.673671138,0.4340277778,1.063191044,156.1996921,50.75331461,0.7922222222,24.64835152,1.075659263,2.307921763,-0.02325349301,1.112467263,0.0,1.073771961,1.0223019,-15.56033058,1.223600757,0.0,0.0,0.0,0.4777777778,2.105694444,0.5910361698,1.043711374,1.054224365,3.496124031,0.0,0.0,11.21062871,0.8979723949
2.503771792,4.578740877,3.353982301,2.887687097,2.613897083,1.688724436,144.4024695,154.3209913,154.0857208,157.1080646,10.9336,0.0103289282,-0.4354420876,0.04282893273,-0.009093618448,-0.09146909397,1.477402148,1.085318149,1.367831236,0.5241471735,1.056422018,1.035064011,1.188911854,1.045993541,1.168967492,1.160691616,0.8868745233,0.8682793164,0.957053134,0.9038252204,0.9037542876,0.9915919533,0.9477659297,1.008512802,-0.3991629065,0.977994598,3.042270034,1.197963627,0.1726182589,0.1032718103,0.1262270929,0.0,1.975789347,0.0,0.0,0.0,1.987294898,0.0,3.249375236,0.0,0.0,0.0,5.653641083,0.0,1.039506698,1.822419506,0.3195652174,0.6370967742,0.1844720873,0.01478494624,0.58,39.47712607,4.681802935,5.098681808,42.46456948,61.10326455,34.72467712,5.693927995,0.0,22.51475897,5.316788604,24.86087867,6.9237372,5.693927995,5.687386275,0.0,1.700610355,1.975789347,0.0,18.65478674,29.53173944,55.63,1.847222222,1.913888889,0.7079818594,0.3474505543,0.195625,0.0988674625,0.06349206349,0.4359306642,0.9584866021,22.11064243,-2.538337838,1.282627205,1.938760387,-1.123923232,0.2971650538,2157.209969,5.5,0.000495,1.030619112,1.038957835,0.6841461785,0.03905895692,5.316788604,0.9937747876,1.0018281,29.74319104,2.748169999,1.150713345,0.005376344086,0.9891279234,0.0,1.085271031,0.9569486259,0.2431353635,1.054310144,-1.207443938,-68.10222222,0.0,0.7837251665,0.01612903226,-0.4972558165,1.016193182,-4.698270297,3.35,3.239479184,-6.6,-0.1657957171,44.79899817,0.9982927439,0.8086059398,4.931689505,55.47111111,0.0,1.191918319,1.689950482,0.5781604308,1.172003006,148.286967,50.8380814,0.7583333333,19.74844179,1.367407577,2.404377005,-0.01384639556,1.118475229,0.4904766104,1.220720773,1.124010247,-15.9108,1.075677695,0.0,0.0,0.0,0.4946236559,2.072419506,0.6349946868,1.15129444,1.229499236,3.630630631,0.0,0.0,11.21062871,0.9948722726
2.483395363,4.386364923,3.081632653,2.954775828,2.768104875,1.553696454,146.7345417,159.2846612,159.9102956,158.5079717,11.54866455,0.02210128118,-0.6986215823,0.1119224581,-0.1739882364,-0.02020572712,1.756282835,1.128068154,1.21747363,0.4760035426,1.097356013,1.024363792,1.143203379,0.9541353383,1.055596465,1.033646617,0.6677861696,0.5679803084,0.8691257596,0.8386123347,0.853861581,1.01910024,0.9355383035,1.032746105,-0.4783734741,0.9778943163,7.008273862,0.6094207521,0.1793667469,0.1623840997,0.1110709264,0.0,3.912919577,0.0,0.0,0.0,2.080236877,0.0,2.728084215,0.0,0.0,5.054313254,0.0,0.0,1.006400534,1.837067279,0.3253012048,0.6696428571,0.2451999459,0.03634920635,0.4042553191,29.61817405,19.74647275,0.0,12.99010427,25.47729296,16.63744226,16.52595619,9.531400138,21.95893118,5.316788604,32.63603612,6.9237372,24.86289132,4.794537184,6.093240071,6.161894482,4.562175867,0.0,4.965747861,16.85516317,92.79,1.576388889,1.598333333,0.6370068027,0.2849899219,0.2500154321,0.1356004489,0.06718346253,0.3696740383,0.8319511059,26.76798945,-2.382095152,0.463343972,0.662998506,-0.923090506,0.5028612995,2841.61897,6.03,0.00741,1.216827225,0.8922040214,0.6967807472,0.04098290598,15.03763008,1.074023482,1.443396012,41.59994804,2.663142829,1.163555195,0.005952380952,0.8690645908,11.28161936,1.041954178,1.111990877,0.09032855042,0.9491921769,-0.7827856247,13.31210704,0.0,0.8501072829,0.0,-0.1953160294,1.179408912,-4.308001669,1.12,4.062270437,-6.59,0.1224694023,44.29030143,0.7716283155,0.8298151429,4.831548831,70.34756803,3.148721092,1.094520793,1.412098345,0.4930909864,1.105270606,154.176459,51.10387772,0.8088888889,25.25270269,0.4737162235,1.492318415,0.09601778501,0.9422916297,-0.4467383537,0.9135074058,0.9366875589,-6.67270258,0.9252191877,11.73630065,0.0,0.0,0.494047619,2.094442291,0.6546428571,1.433840529,1.091468362,3.590909091,0.0,0.0,34.57272627,0.916191324
2.525465088,4.350539949,3.097826087,4.262210012,4.533096927,1.603248677,144.6129659,155.6097154,159.7779981,156.2644334,7.502082094,0.01396334015,-0.3825789487,0.03117309186,-0.1003644071,-0.1076035428,1.287461117,1.100780405,0.8716504942,0.4206854094,0.9632324075,1.03135056,1.179768313,1.145722035,1.075065553,1.303101435,0.4958887731,0.5537042388,0.8953328648,0.9591875676,0.9949783805,1.156973344,0.9869991563,1.079935485,-0.4026846353,0.9113279368,8.002962042,1.391840221,0.1536964219,0.1482297567,0.111704722,0.0,0.0,0.0,0.0,0.0,0.0,0.0,0.0,0.0,0.0,0.0,0.0,0.0,0.5455074746,1.275626839,0.3739098837,0.6160714286,0.1749130942,0.01895965283,0.5609756098,34.16878189,13.46263303,5.261891555,18.19910121,54.59730362,11.12690298,11.63444168,8.780830095,34.14089006,5.559266895,9.780484743,22.96555455,5.563451492,8.780830095,17.19370858,29.09427658,0.0,0.0,15.8245699,29.43175027,61.58,2.166666667,2.131666667,0.6799092971,0.3829758755,0.230625,0.0867258443,0.08080808081,0.5473219742,0.7999282716,22.08827572,-2.41505328,0.6353178882,2.269196782,-0.6840648613,0.2413534183,1925.919805,5.52,0.00118,0.7800141478,1.019146244,0.7026070582,0.04737037037,0.0,1.010269355,1.090981249,46.62771152,4.361714976,1.228532357,0.03197278912,1.077608275,0.0,1.050067625,0.9232235054,0.4111855786,1.129354577,-1.65339461,51.47471743,41.08000535,0.7487351429,0.05357142857,-0.3452013659,1.100906575,-2.41440782,4.27,2.996723041,-5.68,-0.3337597421,0.0,0.5954490703,0.6574648469,4.912044912,31.22843546,0.0,0.8647121118,1.646822393,0.4479520975,0.7694696598,147.3097048,45.03528544,0.8308702791,9.780484743,1.244379269,2.360828964,0.09575822818,0.8573774206,0.0,1.062573609,0.8996626003,-8.976799524,1.125035817,13.16356552,0.0,0.0,0.4680272109,1.644193123,0.6869737068,1.031258596,1.007791798,3.606382979,0.0,0.0,28.57743857,0.8266619502
2.534264182,4.087730639,2.716049383,3.641289438,3.723905724,1.54895523,146.020388,161.0530484,158.2749666,160.3634725,9.030092593,0.01065996358,-0.2144819564,-0.03539900703,-0.006471309683,0.08592141884,1.160861069,1.278304376,0.827341472,0.3608720747,1.002728513,0.9595582052,0.9762013036,1.006056223,1.230507829,1.078469774,0.5075915501,0.559823627,1.478696432,0.8580228331,0.8989585114,1.148699896,0.9314764397,1.22532682,-0.4286544868,0.9925253564,8.00300164,1.398650725,0.1803913284,0.1101334744,0.09769712196,0.0,1.907150095,0.0,3.932597317,0.0,0.0,0.0,0.0,0.0,0.0,0.0,0.0,0.0,0.8836243386,1.139726474,0.4084880637,0.6413043478,0.1970244911,0.0,0.5555555556,28.4710263,8.780830095,5.098681808,18.20875424,42.82867707,11.25737949,5.693927995,8.780830095,22.51475897,0.0,14.76446326,18.55817888,11.38785599,8.780830095,11.63444168,28.79723995,2.57165989,0.0,8.827326328,21.08468864,30.71,1.756944444,1.530555556,0.6800907029,0.1912399219,0.08125,0.01234567901,0.07602339181,0.442675887,0.8201499429,19.9957353,-1.652802073,0.9285368234,1.45090375,-0.6256470175,0.09927501499,1829.96633,4.49,0.0114,0.8783084618,1.246129151,0.6945359572,0.04501633987,0.0,0.9324127824,0.8191137683,11.14744268,3.719478738,1.216940586,0.03167701863,0.8887309703,6.544756406,0.922749808,1.019925148,0.2451087087,1.013649101,-1.072856406,-3.851851852,6.066367068,0.8300810523,0.04347826087,0.03282330201,1.02498986,-3.232164799,3.44,3.412671531,-3.92,-0.1252152673,28.71160254,0.6538970267,0.6397535458,4.923302386,54.25925926,0.0,1.061857155,1.641372414,0.4349135488,0.9462731714,152.1330144,47.39792446,0.849068323,14.76446326,0.8446214432,1.75725347,-0.089413852,0.7686811212,0.0,1.004054873,1.093885651,-16.07638889,1.134138027,0.0,0.0,0.0,0.4683229814,1.909712826,0.6453945584,0.7104802485,1.043073478,3.835616438,0.0,0.0,17.9326124,0.9815043209
2.518129829,5.028129914,3.570175439,3.333829365,3.501867414,1.588523216,144.6843737,154.6070626,158.0460644,159.258248,12.73087274,0.02437159998,-0.5143645271,0.0114275453,-0.1099807628,0.02535291889,1.510719666,0.9731241061,0.8870411761,0.4305539398,1.017672949,1.010462715,1.012522782,1.192926647,1.161248931,0.9475245937,0.5682548435,0.6296353642,0.7666387506,0.7929875258,0.9814693794,1.03654789,0.9860622306,0.9951247578,-0.486833122,0.9773367753,7.009363935,1.425532331,0.1558016895,0.08979216402,0.1422096726,0.0,1.913744831,0.0,0.0,0.0,0.0,0.0,0.0,1.22662373,0.0,10.9615947,0.0,0.0,0.8561432724,1.669521253,0.4082073434,0.696969697,0.1926230028,0.0,0.5882352941,37.61787068,9.967957042,0.0,18.19910121,43.32193961,17.95713863,5.693927995,19.06280028,28.70474243,9.473725908,38.04226819,6.9237372,32.10383334,0.0,0.0,12.84773888,2.15254897,0.0,13.98330084,30.58512372,86.55,3.340277778,1.917777778,0.721723356,0.5311712648,0.375941358,0.2532476278,0.07142857143,0.3979392428,0.7717925932,33.78394872,-2.919741901,1.896750345,1.866950841,-0.4914359993,0.3389484633,2820.701467,3.64,0.0085,1.306365198,1.123857163,0.6826172357,0.03688034188,9.473725908,1.129522295,1.277213007,163.7205282,3.065545809,1.015691831,0.03232323232,1.067196615,6.544756406,1.113133641,0.8314715662,0.2180353812,1.039622882,-1.939982835,35.41176471,4.899909731,0.8516790408,0.0,-0.5452736716,1.143942919,-3.786519545,1.72,3.615081946,-4.5,-0.223982327,11.38131427,0.880404416,0.9065543138,4.88780659,68.22491349,0.0,0.9988138734,1.601879605,0.6519982993,1.166462771,152.1348349,46.32356161,0.8414141414,19.43496642,1.151550117,2.057343396,0.1169262725,0.9325821858,-0.6324813369,0.8237375469,0.9015821312,-5.645905421,1.076425068,25.68710668,0.0,0.0,0.4676767677,1.916832168,0.6135051326,1.019967887,1.074379667,3.633928571,0.0,0.0,29.05297366,0.9991695082
2.553527452,4.404687016,2.913907285,2.634259259,2.208881579,1.401361092,146.3350095,160.2413681,156.1320816,159.2282539,13.06805556,0.01455572918,-0.1945202094,0.0141800585,-0.07730522005,-0.1455812197,1.188240928,1.207831172,0.8117676166,0.5295542966,1.089474568,0.9962260076,1.245962733,1.151972791,1.099948213,1.240497152,0.7249284211,1.110422765,0.8584678671,0.8975083591,0.8566375674,1.208622603,1.074297949,1.06220994,-0.5231631068,1.734393607,3.511590511,1.343850133,0.2055775358,0.05056465908,0.130682846,0.0,0.0,0.0,0.0,0.0,2.04092658,0.0,0.0,2.375686849,0.0,11.48355778,0.0,0.0,1.286102513,1.828136085,0.3063829787,0.6818181818,0.2427400715,0.0,0.55,33.57731045,0.0,5.098681808,6.066367068,48.73693008,61.28268354,18.05032179,9.473725908,28.26427081,4.736862954,64.10326663,0.0,12.11474962,0.0,0.0,13.63110197,6.08412525,0.0,25.03403413,30.55536272,65.3,1.819444444,1.618888889,0.5658956916,0.2819349962,0.157507716,0.08530149985,0.05450733753,0.2263926621,0.9113768023,26.66698472,-3.193505563,1.852120142,1.508190372,-0.5590176676,0.08782264172,2529.470149,4.14,0.0182,1.335897103,1.547711749,0.667786626,0.03174291939,9.473725908,1.089191476,0.7869593332,54.24012705,2.421265636,1.109596882,0.02525252525,0.8390845143,17.70244098,1.085704232,0.919711852,0.3217241194,1.011446633,-2.000155453,19.22,11.25737949,0.9718211798,0.01515151515,-0.229178356,0.8583820335,-4.562964565,1.54,3.461070021,-3.78,-0.1493324436,85.83817705,0.6189808623,0.767761596,5.007840723,77.95,0.0,1.175168382,1.667416309,0.3611111111,1.063510972,155.6031541,50.31472514,0.8070707071,24.64835152,1.265269116,2.445820575,0.02497303005,1.068979159,0.0,1.03836006,0.8395162985,-14.54472222,1.193373268,0.0,0.0,0.0,0.4747474747,2.127924383,0.6063817074,1.195013178,1.152477136,3.223684211,0.0,0.0,24.42439264,0.9170172475
2.477060554,4.55375734,3.256410256,3.065789474,3.089453861,1.542357022,146.2154412,158.4589318,157.2302657,159.5563365,9.136094675,0.01387505288,-0.3606633144,-0.1157129793,-0.08039852718,0.1219732764,1.363452398,1.175361155,0.8646626356,0.4830918733,1.128138916,1.09932858,1.074254107,1.026769912,1.186114958,1.109591413,0.6125355183,0.6446208113,1.396696775,0.9171827735,0.9455031897,1.006305175,1.03761177,1.036370849,-0.4251730531,0.97795332,7.008272485,1.422917668,0.1395410934,0.1056191638,0.07129411522,0.0,1.943539736,0.0,0.0,0.0,1.614660505,0.0,2.898301157,0.0,0.0,0.0,0.0,0.0,0.9361330181,1.673092003,0.3216630197,0.65625,0.1813610699,0.01511994949,0.5769230769,35.69888432,0.0,5.098681808,30.33183534,48.8853911,35.53529648,12.2386844,4.794537184,22.51475897,5.316788604,30.63960004,6.9237372,5.693927995,5.687386275,0.0,1.646649187,2.027961189,0.0,17.80297453,28.03162653,85.59,1.972222222,1.793888889,0.7413151927,0.4323664651,0.264066358,0.1281501888,0.05333333333,0.3752368429,0.8639575323,29.99249432,-2.221219464,1.049737411,2.161708624,-0.9854023396,0.2293750915,2382.792496,3.87,0.00881,1.177178973,1.212030697,0.6848636974,0.0381678487,5.316788604,0.989823309,0.7798263663,41.69940261,3.201329535,1.113827538,0.02395833333,0.9254621073,11.33929359,1.079056982,0.9270845772,0.5868678876,1.131203008,-1.58914727,-5.177514793,0.0,0.8476724274,0.015625,-0.2519801998,0.9712275813,-3.75537184,1.73,3.475031166,-4.65,-0.36542654,39.23554668,1.249972,0.7713042037,4.876664293,59.0591716,0.0,1.173472668,1.63637924,0.474029195,1.157349192,151.6755573,48.40089436,0.7838383838,24.73242031,1.169396833,2.225408552,-0.09744638968,1.258227418,-0.1542781895,0.999336518,1.026655106,-6.461538462,1.019118978,12.5985345,0.0,0.0,0.4760416667,1.987801687,0.7010103383,1.151989026,1.270016243,3.446428571,0.0,0.0,16.72732943,1.007323961
2.371086539,4.081059337,2.764705882,2.723809524,2.308823529,1.467863223,146.2990076,160.9631389,160.0145037,161.5191261,7.156318481,0.01173112616,-0.595629719,-0.08998045421,-0.3602780289,-0.03932815215,1.645613007,1.334694204,0.7075968458,0.472582349,1.167740325,1.298138356,1.395666132,0.9429032258,1.35483871,1.189285714,0.9790408958,0.6244725738,1.130249442,0.9376176771,0.9613404239,1.254132803,0.9946715687,0.9937036333,-0.3869295,0.992942205,3.052002653,1.508548782,0.2319437888,0.1227023691,0.01290994449,0.0,3.916247927,0.0,0.0,0.0,0.0,0.0,3.290613662,0.0,0.0,0.0,0.0,0.0,0.9988439048,1.922913832,0.297029703,0.6428571429,0.180923789,0.02164502165,0.5135135135,30.41087843,14.95193556,0.0,24.26546827,38.11294267,23.14160933,11.51179077,0.0,11.51833249,5.316788604,14.95193556,13.8474744,11.38785599,11.50524905,0.0,0.0,3.916247927,0.0,8.659591027,13.59017078,50.7,1.25,0.9866666667,0.467755102,0.07835726883,0.0625,0.03295582083,0.04301075269,0.3427191258,0.9399139217,20.81984617,-1.852069708,0.7706046443,1.253962514,-0.5810361159,0.005163340598,1104.750503,3.63,0.0174,1.267490589,0.8818914843,0.6979280843,0.03794871795,5.316788604,1.164359845,0.8439873418,28.68406466,2.51879085,1.158444023,0.01904761905,1.022421269,0.0,1.15491469,0.8062305943,0.3646604534,1.13671275,-0.9941408144,-13.20672023,0.0,0.9051327957,0.02380952381,-0.1274539527,1.063670412,-2.72482085,2.42,3.065580054,-4.26,-0.008378872541,28.58703304,0.8460428142,0.520631668,4.742173078,54.65449233,0.0,1.640442956,1.660803437,0.1927083333,1.049416962,152.8980357,50.65854935,0.7545454545,14.95193556,1.406462163,2.143873312,-0.2265264334,1.440189873,0.0,1.196243666,0.9272416832,-13.17165814,1.270597647,0.0,0.0,0.0,0.480952381,2.002014414,0.7344913151,1.533024412,1.259881185,3.147058824,0.0,0.0,0.0,0.9114446944
2.478998053,4.531737251,3.239316239,2.981317601,2.790509259,1.517766253,147.6335199,157.1044313,158.7412315,160.5623519,11.41046636,0.0258332345,-0.5433509142,-0.02521947284,0.0390755006,-0.06941331253,1.58856466,0.815198301,1.010172969,0.5025856396,1.143521911,0.9232710313,1.033484897,1.135567243,1.001215896,1.041539382,0.7780701089,0.5883352896,0.8226033288,0.8632345486,1.020361278,1.123276256,1.062672999,0.9848063328,-0.4868281371,0.9729364648,7.008276731,1.433524982,0.1476722118,0.08080349712,0.08239101928,0.0,1.9539356,0.0,0.0,0.0,0.0,0.0,3.330562064,0.0,0.0,10.98450347,0.0,0.0,0.9138447557,1.69243792,0.36,0.6796875,0.1935504969,0.04580357143,0.5283018868,31.28229084,9.967957042,0.0,6.066367068,55.45467375,29.2079764,5.693927995,14.26826309,28.70474243,20.52418199,27.23517873,6.9237372,21.74584467,5.687386275,5.907179729,12.9814619,2.667236009,0.0,14.61310424,28.18942403,104.29,1.729166667,1.877777778,0.6131972789,0.3084057697,0.211882716,0.2426303438,0.0697167756,0.3813082811,0.7743999773,31.21286219,-2.484280882,1.847909091,1.541481263,-0.833710637,0.2679193157,2467.262668,3.11,0.0151,1.254990716,1.089943594,0.6899617195,0.04172839506,20.52418199,1.102984991,0.9757522006,173.1592806,2.847340931,1.038397215,0.03125,1.063874967,6.544756406,1.139922474,0.8591332291,0.2998498072,1.156419575,-1.916243619,3.170523318,0.0,0.8565735773,0.015625,-0.7484068815,1.02907083,-3.905218553,1.45,3.733969498,-4.75,-0.3381293422,40.03047287,0.8567113185,0.8174649439,4.848666003,62.95977216,0.0,0.9051626112,1.5767741,0.5755385488,1.111230736,153.2265298,47.96712593,0.7885714286,14.53505669,0.9429088387,1.993950957,-0.03601591352,0.9423863787,-0.4497079797,1.026283715,0.9528809861,-10.01744393,1.118305849,11.26222695,5.733667477,0.0,0.46875,1.9738691,0.6882687145,0.5170574583,1.148055866,3.221311475,5.308502409,0.0,17.92607068,0.9743222995
2.553461894,4.37582027,2.738095238,2.512641975,2.004106041,1.618496294,143.4371455,155.6270044,151.5303032,156.5671024,14.09053871,0.007561650348,-0.1452545409,-0.05621926796,-0.07467164725,-0.1651505868,1.136174605,1.243615551,1.08578364,0.4558431839,0.9793702659,1.151411847,1.251924194,1.128049046,1.332037915,1.215911532,0.7418125712,0.8689230801,1.120850387,0.8905245383,0.833771628,1.13436716,0.938148306,0.9751458631,-0.4356903293,0.9879334422,3.043357927,0.6267117691,0.1826995524,0.0809176922,0.130682846,0.0,2.174618485,0.0,0.0,0.0,2.216390726,0.0,0.0,0.0,0.0,0.0,0.0,0.0,1.31496554,1.835791227,0.3275434243,0.6388888889,0.2419704787,0.0,0.5106382979,28.32893244,0.0,5.098681808,19.05647134,54.48978369,40.47753073,5.693927995,0.0,22.51475897,0.0,25.50129539,0.0,19.03848682,0.0,0.0,2.159635561,3.156236703,0.0,15.84713486,27.96991219,43.6,1.756944444,1.627777778,0.5258956916,0.2126480222,0.111882716,0.06479338843,0.06060606061,0.3040399669,0.96234705,23.81597393,-2.442864868,0.9463293392,1.43764226,-0.4901868677,-0.09675969436,2189.823013,4.97,0.00395,1.060876113,1.317276228,0.6747025075,0.03617283951,0.0,0.9867975485,1.088852305,9.601507378,2.316823437,1.331724568,0.002469135802,0.9200142132,12.96557803,1.080504646,0.9144559722,0.3230794857,0.8635735315,-1.165966652,-41.53890649,27.10253867,0.8523541517,0.01851851852,0.06604104816,1.181024209,-4.046339924,3.15,3.490983644,-5.14,-0.07218422631,42.04380997,0.7726871353,0.7457304765,5.007288956,72.26900055,0.0,1.158025455,1.719090839,0.3298611111,1.161783328,149.752065,52.97592083,0.7691358025,19.74844179,0.8171568501,2.063605208,-0.1636233529,0.8799558507,0.0,1.18082543,1.004313244,-12.95654142,0.9943852592,0.0,0.0,1.84711915,0.4975308642,2.205231481,0.5190192981,1.16851127,1.145234716,3.660550459,0.0,0.0,11.21062871,0.8884037934
2.504538822,4.397443284,2.795918367,2.57337963,1.920164609,1.707336408,143.967415,151.8389005,165.5694275,149.7898893,14.10204082,0.01110859801,-0.5633719317,0.02633109072,-0.02350928107,-0.2026570666,1.607335958,1.106351562,1.185986541,0.4748522104,1.07350131,1.186460407,1.415367987,0.9342644125,0.6885221963,1.517143692,1.088480935,0.7374781853,0.8281191018,0.7026543877,1.16482858,1.328064093,0.6963153841,0.9551049612,-0.363815893,0.989342054,3.040426744,0.6094207801,0.2136141494,0.1051563642,0.2787760247,0.05590169944,8.510922688,0.0,0.0,0.0,2.214473353,-0.0477251433,0.0,0.0,0.0,0.0,0.0,0.0,1.122780612,1.882028166,0.3260869565,0.6458333333,0.2516027875,0.01955555556,0.4523809524,33.04100152,14.95193556,0.0,26.83757867,19.05647134,22.05243273,16.52595619,0.0,21.95893118,0.0,19.93591408,6.9237372,32.28954409,0.0,0.0,1.181183338,8.510922688,0.0,2.697679302,12.37803984,54.46,1.506944444,1.768333333,0.7413151927,0.2690932855,0.1296990741,0.02,0.08130081301,0.3581584923,0.9139522608,25.16776928,-2.184060443,0.1466665857,0.5879024305,-1.085867365,0.5851707422,2144.425034,7.02,0.000915,1.109582984,1.008605587,0.7040406978,0.05052380952,4.983978521,1.126231798,1.1932352,11.41662894,2.438070393,1.395074659,0.0,1.294389899,5.414990469,0.7015908901,1.109731269,0.07318119304,1.445624469,-0.7967914347,-53.13756614,4.699919916,0.8349093209,0.0,-0.03468007697,0.989521877,-3.846008345,2.18,3.656749494,-7.09,0.152920242,38.99396439,0.3184411388,2.014993234,4.853464981,75.68858655,3.293228287,1.065592486,1.544228799,0.5721017574,1.030238124,150.7728888,54.37365646,0.7693333333,19.93591408,1.066523512,1.735567928,-0.1015732217,1.133055358,0.0,1.229739278,0.9843708048,-17.42857143,1.43181118,0.0,0.0,0.0,0.5111111111,2.177497166,0.7748701973,1.077487961,1.038112454,3.551724138,0.0,0.0,21.4210879,0.8842870026
2.419257706,5.074247918,2.587878788,2.783587509,2.49852833,1.561620276,145.3717835,154.0950641,155.2590416,156.7499278,20.76538565,0.02474201779,-0.3419204503,-0.2181709805,-0.2119645207,-0.03168351535,1.343690779,1.100237281,0.8344720102,0.4817926888,1.085107768,1.365953999,1.155926024,1.296782691,1.346785578,1.068906023,0.9097182463,1.08600169,0.7246017198,0.7453526176,0.9699855798,0.972437136,1.12925125,1.021873382,-0.5277863299,0.9871941858,3.517584118,1.419940974,0.1571313878,0.06472254585,0.1162158973,0.0,8.75109199,0.0,0.0,0.0,0.0,0.0,3.37410764,0.0,0.0,22.60493744,0.0,0.0,1.042947794,1.74794445,0.343035343,0.6470588235,0.1900338476,0.0150140056,0.4262295082,38.22799714,4.983978521,0.0,12.13273414,49.74276123,41.46464532,11.44343983,18.94745182,40.13541516,24.26424042,31.29734967,13.8474744,11.25737949,11.37477255,0.0,22.60493744,3.993373943,4.757718047,11.26610896,25.58544504,74.73,2.6875,2.062222222,0.7885714286,0.3769211388,0.265,0.1897765534,0.06535947712,0.249986277,0.9070762218,22.83805174,-3.231787187,1.7915859,2.137854194,-1.045342877,0.0436918678,2005.103684,5.46,0.000495,1.300784042,1.482783408,0.7081992654,0.03818930041,24.26424042,0.9151405183,0.8631213351,59.62512448,2.482828283,1.167574271,0.02843137255,1.115007518,0.0,1.143139553,1.064651338,0.6028997794,1.086290428,-2.249571747,44.57215802,0.0,0.9752418522,0.07352941176,-0.3936887098,1.101209634,-4.652143914,2.2,3.357035646,-6.55,-0.3888401746,28.32608003,0.5573916426,0.8391081681,4.838515412,106.5278151,0.0,1.263432611,1.633659728,0.5277777778,0.9400819869,154.4392747,50.25731273,0.8104761905,9.967957042,1.520789442,2.573701691,0.1014063249,1.059209398,0.0,0.8921415576,0.7988191484,1.801128729,0.9556392006,0.0,0.0,0.0,0.4715686275,1.991715684,0.5765925756,1.181827845,1.048264693,2.986928105,0.0,0.0,27.02332062,0.884018496
2.538080078,4.197074624,2.9,2.914862915,2.396766169,1.601379823,146.8695189,156.0849088,154.934109,155.840365,8.299382716,0.01364147573,-0.332085641,-0.03387244629,-0.1658707809,0.09887680303,1.354680584,1.026783908,0.6816516811,0.4965277778,1.063642757,1.139649924,1.114718615,1.16729294,1.257810478,1.063300585,0.781168716,0.9321997463,1.128402678,0.8703211496,0.9156973972,1.173397912,0.9955780127,0.9206124484,-0.4286202732,1.734393935,3.043587707,1.398299046,0.2117809562,0.1029520324,0.1044262599,0.0,0.0,0.0,4.254590813,0.0,1.98971238,0.0,0.0,0.0,0.0,0.0,0.0,0.0,1.125498866,1.718682603,0.3545454545,0.6847826087,0.1944538739,0.02028985507,0.6388888889,24.78957248,4.983978521,5.098681808,18.20875424,35.90493987,11.76029506,5.693927995,0.0,22.51475897,0.0,24.73242031,0.0,5.693927995,0.0,0.0,2.021915391,0.8053729686,0.0,12.40239232,22.1591619,59.39,1.513888889,1.214444444,0.3501587302,0.06627928949,0.02500771605,0.004691358025,0.06267806268,0.3281304733,0.917963125,22.96291587,-1.479645967,0.772397197,1.095499675,-0.8309748068,0.1936438535,1534.117111,3.14,0.046,1.115404088,1.183254075,0.6619740814,0.03571895425,4.983978521,1.016520033,1.007066714,40.80914643,2.627083333,1.310458557,0.02173913043,0.9657683149,6.544756406,1.044773275,1.073157655,0.4252331837,0.9793558015,-1.274167346,-15.55555556,0.0,0.7754873938,0.0,-0.1359343201,1.079204204,-2.422575781,1.79,3.423514851,-3.44,-0.250937689,45.78684481,1.021888948,0.5382636618,4.920619776,36.11111111,0.0,0.9052917973,1.668559693,0.2777777778,1.081254535,151.0769993,47.40972592,0.7666666667,24.73242031,0.6014301237,1.74641015,-0.02720730704,0.970199736,0.0,0.9427083333,1.123548922,-4.567901235,1.182745356,0.0,0.0,0.0,0.4782608696,2.108101852,0.5386456908,1.159364991,1.161459077,3.876712329,0.0,0.0,35.29333391,0.9412262972
2.434728389,4.343468478,3.0,2.735142119,2.761437908,1.630146282,145.532927,152.8590562,153.2016152,159.2967969,9.861392029,0.016116055,-0.2470489091,-0.09124396121,0.1103988141,0.06848487419,1.180386931,0.7376189085,0.8748161358,0.5378198326,1.089181629,0.9491931997,0.932155461,1.341111051,1.091296247,1.057034621,0.8029639343,1.112950036,1.13429988,0.8445739723,0.9510718319,1.066529,1.121464661,1.068089503,-0.5293588258,0.9879796335,3.513564372,1.427567371,0.2740296599,0.1044424965,0.0761440227,0.0,1.658658386,0.0,0.0,0.0,0.0,0.0,0.0,0.0,0.0,5.212652821,0.0,0.0,1.037241775,1.76699103,0.2932960894,0.64,0.1777525287,0.01902564103,0.5609756098,26.05754667,0.0,5.098681808,6.066367068,54.09438804,29.7174337,11.44343983,4.736862954,39.52165029,4.736862954,27.2751182,0.0,0.0,0.0,0.0,5.212652821,0.0,1.658658386,14.27102878,23.22645939,63.69,0.9930555556,0.9355555556,0.3386394558,0.1768864953,0.08218364198,0.06938271605,0.0701754386,0.3196594186,0.9180052151,22.03047749,-1.51020846,1.191624178,1.37299001,-0.9241594051,0.1992186641,1042.898545,4.5,0.0206,1.0622166,1.33564108,0.6824906866,0.02598765432,4.736862954,1.066544232,0.9817545325,69.22065895,2.761796043,0.947550236,0.02266666667,1.0010765,0.0,1.199775547,0.9516488247,0.3515683682,1.086619263,-1.308544132,-22.14277216,0.0,0.8348891959,0.02,-0.1199421678,1.021324483,-2.807417788,1.57,3.282950784,-4.03,-0.2367118207,39.52165029,1.032747335,0.4918779764,4.816996788,41.23616895,0.0,0.8902410621,1.676002545,0.267396542,1.046599767,150.6621929,49.0676262,0.7756410256,20.16532066,0.8118100613,2.07460122,-0.08409041435,0.9184870287,0.0,0.9524634437,1.090924697,-3.681737061,1.093112235,0.0,0.0,0.0,0.4773333333,2.054665533,0.5692102016,0.8151565873,1.066188134,3.096774194,0.0,0.0,18.49765353,0.9605016915
2.524627573,4.355924644,3.097826087,4.634615385,4.086288416,1.603248677,144.6129659,155.6097154,159.9126236,156.127673,7.502082094,0.01398990302,-0.3815747069,-0.1395291995,0.02021990017,0.0677873205,1.287379318,1.255971915,0.6010365656,0.4206854094,0.9632324075,1.119963018,1.057723315,1.162570888,1.05839787,1.320135441,0.4958887731,0.5537042388,1.036480117,0.9591875676,0.9949783805,1.149411897,0.9841722306,1.080222371,-0.4026325556,0.911327936,8.002962042,1.394802504,0.1527083321,0.1472750351,0.111704722,0.0,0.0,0.0,0.0,0.0,0.0,0.0,0.0,0.0,0.0,0.0,0.0,0.0,0.4953249664,1.248963952,0.3739098837,0.6160714286,0.1749130942,0.01895965283,0.5609756098,34.16878189,13.46263303,5.261891555,24.26546827,54.09438804,5.563451492,11.63444168,8.780830095,34.14089006,5.559266895,9.780484743,22.96555455,5.563451492,8.780830095,17.19370858,29.08398707,0.0,0.0,15.8245699,29.45826601,61.58,2.291666667,2.016666667,0.7370975057,0.3829758755,0.230625,0.0867258443,0.08080808081,0.5500419334,0.794270702,22.6626124,-2.296887551,1.021195237,1.564705131,-0.5926879585,0.1816627621,1863.482751,5.52,0.00118,0.7800141478,1.040824381,0.7026070582,0.04481481481,0.0,0.9610332888,1.063429549,44.12765721,4.903381643,1.21204199,0.03197278912,1.077608275,0.0,1.001650949,0.9267978606,0.4009884716,1.129354577,-1.70575444,9.47471743,35.01363828,0.7487351429,0.05357142857,-0.3047555555,1.115834122,-2.728320154,4.27,2.996723041,-5.68,-0.2530622104,0.0,0.686670158,0.6574648469,4.906175147,31.22843546,0.0,0.9194796531,1.646818451,0.4167020975,0.8176581501,147.3097048,45.03528544,0.8308702791,9.780484743,1.244379269,2.360828964,-0.04891770486,0.858331228,0.0,0.9720347924,1.003043802,-8.976799524,1.122856014,13.16517613,0.0,0.0,0.4680272109,1.670856011,0.6869737068,0.913615369,1.007791798,3.617021277,0.0,0.0,28.57743857,0.8287953742
2.483398458,4.389739793,3.065420561,2.872620284,2.808160607,1.46587806,146.4786784,160.0880807,160.5538802,159.7245958,12.15770737,0.01976636993,-0.6969262037,0.1019724484,-0.1330312959,-0.06892485341,1.769071294,1.381216129,1.463734723,0.4810551532,0.99243424,0.9918074757,1.203444497,0.90331039,0.964117941,1.085544455,0.6613230739,0.5542328846,1.394715523,0.8983535665,0.8560985917,1.015006512,0.9377197517,1.017486565,-0.4783526919,0.9778948737,7.008274275,0.6094207294,0.1720343588,0.1557498465,0.1110709264,0.0,4.078889362,0.0,0.0,0.0,2.084553994,0.0,2.770193767,0.0,0.0,5.207229921,0.0,0.0,1.009717786,1.841242626,0.3033707865,0.6583333333,0.2621866162,0.03347222222,0.358490566,30.22962691,19.74647275,0.0,25.83174751,25.47729296,16.63744226,16.52595619,9.531400138,21.95893118,5.316788604,32.63603612,6.9237372,37.70453456,4.794537184,6.093240071,6.317138587,4.76773245,0.0,7.628461034,17.91607126,92.79,1.576388889,1.598333333,0.6778231293,0.2849899219,0.2500154321,0.1556004489,0.06419753086,0.3520192173,0.8518448742,29.23327714,-2.631361144,0.7864901803,0.4355746921,-0.7616776671,0.7319051574,3332.171455,6.81,0.00213,1.23835016,0.8891777494,0.6974691495,0.03898373984,15.03763008,1.112166678,1.339295513,3.655028631,2.835557607,1.037675607,0.005555555556,0.8681951902,11.28161936,1.047363727,1.054551291,0.05339589897,0.9441118561,-0.8588176481,-13.37601361,0.0,0.8979351065,0.0,-0.1905039701,1.047695986,-4.777274619,1.57,3.918971342,-7.51,0.3564511254,57.13194468,0.9286406621,0.8298151429,4.831552189,79.38499268,3.156696821,1.047255513,1.449952451,0.4930909864,1.025648876,154.1586141,52.08963391,0.8020833333,25.25270269,0.674989387,1.808949113,-0.02609825928,0.8845530402,-0.4289114451,1.097541381,1.04710833,-8.387682449,0.9329927646,11.94055944,0.0,0.0,0.4944444444,2.100873093,0.6756750593,1.448144554,1.120525685,3.264150943,0.0,0.0,34.57272627,0.8488514144
2.553695638,4.40138536,2.771653543,2.865591398,2.392609127,1.525937962,146.1575842,158.5215522,154.6903754,157.2015167,12.19782707,0.0126714554,-0.3848744463,-0.09496978933,0.002301375392,-0.02960692233,1.368892033,0.8952672913,0.8684030935,0.4274839348,1.11437162,1.116278734,1.112480153,1.068944679,1.271492729,1.161495557,0.5618626822,0.5444617147,0.7661253285,0.8957294332,0.8370681249,1.163094959,0.9455310014,0.9473201092,-0.4356902739,0.9729550651,7.008272635,1.343850149,0.1752688991,0.1185879739,0.130682846,0.0,1.503322189,0.0,0.0,0.0,1.879769411,0.0,2.824660018,0.0,0.0,0.0,0.0,0.0,1.249157927,1.799538379,0.3675,0.6607142857,0.2093800254,0.01720032841,0.5106382979,27.94130786,0.0,5.098681808,12.13273414,48.73693008,48.19317072,5.693927995,4.794537184,22.51475897,5.316788604,25.65562151,0.0,19.03848682,5.687386275,0.0,2.108416128,2.438701885,0.0,14.37315563,27.81618899,72.7,2.006944444,1.707777778,0.6067120181,0.2330561854,0.147191358,0.1439669421,0.05797101449,0.3093117819,0.8612320418,24.26830234,-2.233708888,1.331893178,1.790397802,-0.6731780573,-0.004036518644,2240.181979,3.63,0.0505,1.161400443,0.9918177056,0.681686114,0.0363356974,5.316788604,1.014317171,0.5810407341,33.80943873,2.548993876,1.296109171,0.02380952381,0.884082233,17.76011521,0.9933685468,1.067204642,0.2649186055,0.9672379379,-1.291720147,16.91036668,12.61766519,0.8598411501,0.01785714286,-0.3284094254,1.027051964,-3.541044841,1.84,3.693630937,-3.45,-0.2065064484,58.49146983,0.650275411,0.7270017372,5.008913883,69.12901766,0.0,1.240899415,1.661975932,0.3524305556,1.227963139,151.7675632,49.21862217,0.7816091954,19.74844179,0.7746036587,1.860957915,0.005559828399,1.180684448,-0.09500272476,1.041240748,0.891023195,-11.29877773,1.136108174,11.382915,0.0,0.0,0.4761904762,2.044664746,0.6028824704,0.7178549129,1.222902187,3.740740741,0.0,0.0,11.21062871,1.078822477
2.557071713,4.562983379,2.810606061,2.820939803,2.393897782,1.567993344,143.3483149,156.5053829,154.5460211,156.4671404,13.38275718,0.009759034512,-0.2202869056,0.01774014293,0.003207431361,-0.03852540894,1.162135761,1.020172669,0.9406337266,0.5146114226,1.019574433,1.03519316,1.076672363,1.17124183,1.133463288,1.125466552,0.7089809278,0.6004880501,0.7527088267,0.8930596023,0.8402146835,1.151480537,0.8865638477,0.9936585127,-0.4356906439,0.9714533864,7.014207436,0.2951903676,0.1516252341,0.1004313216,0.2825546671,0.02405626122,1.651470337,0.0,0.0,0.0,1.587386096,0.0,0.0,0.0,0.0,0.0,0.0,0.0,1.197601214,1.668496788,0.3120567376,0.6465517241,0.2222912538,0.0,0.4897959184,30.52988608,8.417796984,5.098681808,19.05647134,48.73693008,35.58204725,5.693927995,8.417796984,22.51475897,0.0,33.91909238,0.0,19.03848682,0.0,9.837253136,26.67357722,2.551346131,-3.283457876,15.84713486,27.96991219,77.74,2.131944444,1.867777778,0.6499773243,0.3476788864,0.311882716,0.1709090909,0.08163265306,0.3414941652,0.8471465343,29.62403544,-2.856594144,1.223385607,1.399382389,-0.3288825098,0.2373472809,2254.437701,3.69,0.0188,1.152771024,1.195111399,0.6899952042,0.03811791383,0.0,1.004368161,1.542683456,12.98014051,2.695823981,1.161481481,0.01379310345,0.9367587773,22.80283117,1.018166249,0.9427266167,0.1281844285,1.02254082,-1.267690172,-8.455504651,5.693927995,0.889703139,0.0,-0.1313716739,1.321973731,-4.11823136,2.17,3.594517094,-4.18,0.006991015915,47.28738284,0.9308322499,1.345683507,5.030790199,51.522051,0.0,1.043982087,1.598346092,0.4479166667,1.148889697,150.2903905,50.84242562,0.8172413793,19.74844179,0.8246198358,2.020192751,-0.03642569875,0.9852303755,0.0,1.069913189,0.9196031359,-10.4302374,1.006507055,24.60262478,0.0,0.0,0.4862068966,1.985060232,0.7259259259,0.5200759135,1.168834092,3.660869565,0.0,-3.283457876,21.85896579,0.8832730028
2.479446586,4.559174955,3.265486726,3.127314815,2.8778826,1.565864707,148.7469203,158.6013569,159.9835815,161.9911032,10.63598501,0.01671880257,-0.4898109316,-0.09203739961,-0.07541630976,0.07019490252,1.556239342,1.204237849,1.126584531,0.4634122443,1.087378641,1.006773538,1.001856451,1.128175182,1.123715992,0.9537712895,0.585806112,0.5524066865,0.8430720638,0.8896698369,0.9587793505,0.9305213494,1.045701949,1.019738425,-0.3970912534,0.911339649,6.027276508,1.434075492,0.153641727,0.09011034916,0.08448720846,0.0,1.960612362,0.0,7.30743222,0.0,0.0,0.0,3.296614439,1.720785858,0.0,0.0,0.0,0.0,0.9235193373,1.78306698,0.3333333333,0.6774193548,0.2040256432,0.03049853372,0.5714285714,30.22465849,14.98529578,10.68768295,24.27512131,37.26522558,17.46698741,18.23216117,0.0,17.4570773,10.74258,26.29938345,24.42062568,22.77571198,5.687386275,0.0,0.0,2.394222214,0.0,13.72041178,25.48287041,107.09,1.729166667,1.757777778,0.5331972789,0.3699058327,0.204691358,0.1944679114,0.06802721088,0.4154845949,0.8985272787,30.29823685,-1.787647228,0.7308494278,1.600092067,-0.8045552178,0.1491882889,2187.811674,2.75,0.0206,1.217280346,1.14738264,0.6841461785,0.0390617284,10.30076712,0.8522138748,0.9764350554,19.21467119,2.978367748,1.096836983,0.02580645161,1.006452481,6.544756406,1.06738057,0.9455516495,0.3597601736,1.127890002,-1.634069499,-9.330695544,6.338535363,0.820511253,0.01612903226,-0.2510392955,1.087436113,-2.541699734,1.38,3.799452685,-4.57,-0.3170981184,46.02638289,1.021588668,0.7342487627,4.849116668,59.32444815,0.0,1.016258507,1.556636112,0.5538548753,1.143383887,153.7075299,46.74505976,0.7727272727,25.38663948,0.8171244901,1.815257159,-0.03973560201,0.7573910915,0.8992880763,1.052691732,0.9769231097,-4.660974594,0.8919794755,0.0,4.992404733,0.0,0.4741935484,1.976181161,0.6316485333,1.033824849,1.165724475,3.453703704,0.0,0.0,34.87737816,1.080593079
2.534674628,4.598942645,3.44,4.045532646,4.159853249,1.6359058,144.4433418,152.6652993,157.2877824,155.5613241,9.074380165,0.02397713981,-0.4180494422,0.07139000999,-0.1428045455,-0.05050573714,1.375566915,0.9825463285,0.9505324754,0.458670178,0.9401369856,1.008331606,1.122908217,1.231303658,1.057236995,1.239457987,0.5165781827,0.5881161927,0.9414775042,0.8584182711,1.013862802,1.101087121,1.043925398,1.056191083,-0.4868798843,0.9113320353,8.001920409,1.39137419,0.1811396587,0.1115543688,0.1255936109,0.0,0.0,0.0,0.0,0.0,0.0,0.0,0.0,0.0,0.0,10.80905451,0.0,0.0,0.654627845,1.316716272,0.3861082737,0.65,0.1859418411,0.01786482335,0.5909090909,33.94087439,9.072217983,5.261891555,18.19910121,48.53093655,11.12690298,5.817220841,13.86414096,45.63991372,15.0329928,16.57342705,17.14833371,5.563451492,4.390415048,11.37648774,26.78348917,0.1267165641,0.0,15.04576359,31.1282403,80.04,2.298611111,2.197777778,0.7354648526,0.4285793021,0.2297067901,0.09009488828,0.07709750567,0.5013551192,0.7946563913,26.03677355,-2.753946002,1.148440341,2.118887264,-0.637109507,0.4074166729,2137.985131,4.94,0.00143,0.8735106222,1.178311087,0.6888187153,0.04485260771,9.473725908,1.065830158,1.170283274,140.7034517,4.157777778,1.17884937,0.03380952381,1.147237437,0.0,1.182491633,0.914919819,0.5466657542,1.074907812,-1.891746421,36.32231405,10.74817,0.7646185333,0.03333333333,-0.4539880556,1.06925842,-2.742447212,3.4,3.439832002,-5.78,-0.4442947437,0.0,0.7637941505,0.7123218982,4.931474058,35.95041322,0.0,0.7501331583,1.622879259,0.5538194444,0.8867646355,148.6042359,44.62114817,0.8359447005,9.780484743,1.092130632,2.019599616,0.09851068337,0.8022402758,0.0,0.9826163645,0.952139166,-7.549586777,1.103428587,13.34851253,0.0,0.0,0.4661904762,1.783978766,0.6261845039,1.245047556,0.9753347853,3.653846154,0.0,0.0,28.57743857,0.8564710905
2.47919456,4.548122311,3.069767442,2.569550466,2.752173913,1.550941773,148.4885439,156.9498913,160.6751917,163.5770398,13.91975309,0.01425458694,-0.5018382988,-0.07253310188,0.1144430539,0.1413197503,1.611020551,1.149542552,1.109601832,0.4684343434,1.09863856,0.9766883713,0.7969003007,1.024674465,1.204451386,0.7824621227,0.9274724302,0.6981384003,1.283168794,0.8342492746,1.080794955,0.8674502868,0.9925651784,0.9762463528,-0.3832819285,0.9929188504,3.057290394,1.43418935,0.1597286254,0.09341899671,0.06365387513,0.0,6.193937567,0.0,7.447733822,0.0,0.0,0.0,3.481244069,1.754872175,0.0,0.0,0.0,0.0,1.230017028,1.989628032,0.3648648649,0.6693548387,0.2197751249,0.02971652004,0.5185185185,30.15823057,14.98529578,5.425791397,18.20875424,62.23960296,23.15437369,12.16293986,0.0,11.38785599,10.74258,26.29938345,26.93698721,28.33916347,5.687386275,0.0,0.0,6.770602974,0.0,9.794672464,24.60238641,83.3,2.166666667,1.988888889,0.696462585,0.3023904006,0.324691358,0.2026303438,0.05777777778,0.3579826566,0.8852970527,25.30336322,-2.791507448,0.9913844917,1.284446728,-0.9020991131,0.1596107264,1951.964934,3.76,0.0102,1.273040708,1.122689715,0.6894086529,0.04419753086,10.30076712,0.9725419045,0.8985352124,67.63502807,2.544788975,1.040567185,0.02258064516,1.083240714,6.544756406,1.069905116,0.863327166,0.2541830988,1.173216809,-1.565040969,-79.0,11.12690298,0.8958941687,0.01612903226,-0.1246018187,1.038791764,-4.238669596,2.45,3.666317062,-4.54,-0.1725971049,46.02638289,1.388814606,1.006577862,4.84886367,87.0,0.0,1.091939632,1.607324281,0.5130385488,1.203720677,154.9564336,49.59307996,0.7606060606,25.38663948,1.083876389,2.08857044,-0.2050367575,1.218946452,0.9492649282,1.024019262,1.164975845,-3.268518519,0.8790894217,0.0,4.992404733,0.0,0.4774193548,2.164654767,0.6679502888,0.9359935082,1.139197924,3.272727273,0.0,0.0,23.62654039,1.144208545
2.479150728,4.583601775,3.25210084,3.079231644,2.87654321,1.547045413,146.9088126,157.1375709,158.8014546,160.6937876,9.287379973,0.02379145548,-0.5304780801,-0.05772794357,0.06114549491,-0.05685607028,1.577231837,0.885335704,1.054080573,0.6112817258,1.126232062,0.9451028777,0.9677419817,1.104999801,0.9532532849,0.9915088444,0.8911538631,0.5185653573,0.8115715237,0.8647754529,1.024257192,1.130253194,1.003784211,0.9642933756,-0.4868321942,0.968524792,7.014216481,0.3002066653,0.1482338421,0.07763040083,0.1929949,0.01964185503,1.935539908,0.0,0.0,0.0,0.0,0.0,3.259558663,0.0,0.0,10.9624359,0.0,0.0,0.8910717412,1.463271253,0.3127659574,0.6742424242,0.1946720032,0.0468013468,0.5185185185,33.91662091,23.52472776,0.0,6.066367068,55.45467375,23.64452491,5.693927995,17.89152289,28.70474243,19.92948825,29.74579598,6.9237372,11.38785599,5.687386275,10.02329115,35.82502592,2.560057898,-3.727789,14.61310424,26.46701045,121.36,1.979166667,1.917777778,0.6540136054,0.3577884858,0.2425,0.2956881951,0.07407407407,0.4172835455,0.7361378748,36.96481016,-3.197433137,1.505550769,1.336993208,-0.6494732285,0.5399820394,2519.307196,2.01,0.0159,1.315355906,1.144882277,0.6970128713,0.04080378251,14.79051451,1.093680031,0.94250495,171.9376281,2.905176886,0.9574475994,0.02525252525,1.05510139,16.56804756,1.123402209,0.7865924067,-0.0601761671,1.165278436,-2.31240423,-18.50800183,12.13273414,0.8748730999,0.01515151515,-0.8539703396,1.020462353,-4.760226914,1.06,3.760824526,-4.96,-0.2957641662,28.45655653,0.8737325592,1.387918528,4.848822136,35.49169334,0.0,0.9406026094,1.468030535,0.6067885488,1.082079458,153.5593233,48.32185019,0.8148148148,14.53505669,0.9624846009,1.994062976,-0.07177580976,0.9481397701,0.0,0.998537104,0.9843238449,-9.973593964,1.057067808,22.89945391,5.138973738,0.0,0.4747474747,1.945738356,0.8661456572,0.4010486369,1.135180087,3.2,5.162669075,-3.727789,22.82155415,0.8329421287
2.478903901,4.498947703,3.479166667,2.778184778,2.678656709,1.74455896,146.0295952,154.6627463,156.0859804,156.9824689,8.401991852,0.01343402776,-0.5549134885,0.1126688495,-0.1578171439,0.1370045912,1.616848692,1.331463636,1.311071099,0.5479366939,1.039761687,1.011539262,1.110380088,1.013559936,0.9920161512,1.056333682,0.8526267472,0.9069794489,0.8673471306,0.8152846252,0.9970488836,1.174387659,1.295444741,0.9822380494,-0.3836347181,0.9929414619,3.057283058,0.6049843636,0.1705155979,0.105417972,0.1146045727,0.0,1.982841128,0.0,7.516015789,0.0,0.0,0.0,3.429276266,1.767180181,0.0,0.0,0.0,5.985401454,1.134644105,1.890160077,0.3278114049,0.6666666667,0.2225054328,0.01650793651,0.5957446809,30.07588135,14.98529578,5.425791397,47.21284708,42.82867707,29.03437713,12.03246336,0.0,11.38785599,10.74258,21.31540493,13.08951281,16.13452668,5.13155848,0.0,0.0,2.642483408,0.0,11.96691268,24.04739053,67.51,1.479166667,1.797777778,0.5723809524,0.2590230537,0.211882716,0.2026303438,0.06481481481,0.4716029822,0.9035801957,28.71703635,-2.514754953,-0.2894025073,0.6115351874,-0.5950689764,0.4631121564,2203.569401,4.47,0.00156,1.133422462,1.009692111,0.6833808251,0.04384823848,5.316788604,1.157407611,1.141715182,30.2354183,2.738254458,1.144995484,0.001746031746,1.04088595,6.544756406,1.178536448,1.153642652,0.2252311037,1.087034566,-0.8145319063,-32.88824059,0.0,0.7741049506,0.03333333333,-0.2406564925,0.9991973353,-4.753211743,3.31,3.789746282,-5.93,0.2361106881,49.41545461,0.90664357,1.045211369,4.84857093,49.75638941,1.597046756,1.074629915,1.540247171,0.5755385488,1.09945731,151.7288371,49.68752494,0.7952380952,20.40266096,0.7507279259,1.76484257,0.03194514333,1.043667115,1.016989863,0.9959649229,1.050253732,-12.11815301,1.400113114,0.0,4.992404733,0.0,0.4982539683,2.005472344,0.6944113059,1.333995224,1.084240045,3.621052632,0.0,0.0,10.57107519,1.055054619
2.448407349,4.263284078,2.961038961,3.299196787,3.018518519,1.551155196,150.0218546,162.9071435,159.9432576,163.3945515,10.851875,0.01576077397,-0.270498605,-0.07034949566,-0.1223523558,-0.1029061835,1.288865257,0.8561043126,0.9245077037,0.4028651815,1.095208907,1.126584574,1.116341462,1.161649454,1.280117327,0.9030717464,0.5775459259,0.6246353563,0.691816444,0.7875019701,0.9115842958,1.137464516,1.147934883,0.8795302852,-0.4340990214,0.9929407581,8.001918197,1.409403453,0.1873339944,0.0882659421,0.08220369498,0.0,3.680913601,0.0,0.0,0.0,1.688794654,0.0,3.327026172,0.0,0.0,0.0,0.0,0.0,0.8609475519,1.404257219,0.3765281174,0.68,0.1802456283,0.02079120879,0.55,25.40958791,9.374393569,5.098681808,0.0,37.25557254,30.8226734,16.72732943,4.390415048,11.38785599,5.316788604,24.73242031,12.74095804,5.693927995,15.7651876,5.817220841,15.84917641,1.820582491,1.86033111,6.069430483,17.35618681,68.52,2.097222222,1.248888889,0.4147845805,0.2048217435,0.18,0.1357024793,0.07222222222,0.32104177,0.8585318053,22.37169179,-2.109340779,0.7544204297,1.608905417,-0.7253544186,0.06196991717,933.9882592,2.96,0.0643,1.154487725,1.32510193,0.6955416231,0.03469135802,5.316788604,1.012025775,0.827165179,5.938131367,2.924242424,1.041041041,0.03257142857,0.9230594884,7.047671983,1.063007619,0.9952229528,0.3252126801,1.104247104,-1.642732495,63.885,6.066367068,0.8725356991,0.04,-0.244518616,0.9992116673,-2.554602646,1.52,3.706198333,-3.26,-0.2417529678,28.10210198,1.022266633,0.6800588782,4.842947434,63.9675,0.0,1.289986892,1.502872518,0.2621527778,0.9702899226,157.13422,46.49131169,0.8197802198,24.73242031,0.577985387,1.615729762,0.0654685248,1.000941447,0.0,0.9650314618,0.7839647203,1.998125,1.11662198,0.0,7.047671983,0.0,0.4674285714,1.870648673,0.6355192402,1.378509951,1.197657445,3.114942529,0.0,0.0,17.57815784,0.9959465816
2.479111826,4.547271052,3.087301587,2.954248366,2.925287356,1.535474468,148.4111189,158.4354811,158.9463001,162.0193274,12.16518334,0.01659012321,-0.4910888196,0.08655815039,-0.1058824453,-0.0431214025,1.535897833,1.308018056,1.16166739,0.4514178773,1.175731369,0.9327185025,1.019042337,1.077703944,1.082947805,0.8997378311,0.6384461648,0.6201694087,0.5261713645,0.8711516523,0.9805301307,0.926541931,1.078199442,1.043039165,-0.3856228635,0.9729364532,7.008272924,1.434196465,0.1491359745,0.08722449459,0.097674566,0.0,3.524287001,0.0,7.32461262,0.0,0.0,0.0,3.342632958,1.724846371,0.0,0.0,0.0,0.0,0.9263898979,1.805858471,0.3568281938,0.671875,0.2116649676,0.03008578431,0.5283018868,30.24433177,14.98529578,5.425791397,24.27512131,44.18896278,28.71782518,12.16293986,4.794537184,11.38785599,10.74258,32.0826284,13.08951281,34.49398636,5.687386275,0.0,0.0,3.988318243,0.0,11.82790416,25.86406442,100.37,1.854166667,1.957777778,0.614829932,0.2711404006,0.2940740741,0.2356881951,0.06535947712,0.395568724,0.8417262004,30.23285924,-2.357136065,1.250027542,1.641201356,-0.7739136444,0.003488957098,2259.568145,3.16,0.0476,1.255466419,1.08609763,0.6899617195,0.04256038647,10.30076712,0.9413092725,1.007551174,27.25425001,2.729276896,1.121280747,0.02708333333,0.9951005528,6.544756406,1.124467561,0.9505284851,0.1859384892,1.156419575,-1.576704325,5.148451406,6.338535363,0.8659919951,0.015625,-0.2522174393,1.029657361,-3.749361218,1.59,3.778147618,-3.81,-0.09096398465,46.02638289,0.8869951893,0.8586399347,4.84878054,75.67070132,0.0,1.073365695,1.566306573,0.5755385488,1.142235722,154.2850091,48.05463568,0.781372549,25.38663948,0.9441339626,1.949772836,0.1450772197,1.206608538,0.9376198896,0.9877027412,0.9278995416,-2.136347455,0.903224463,11.66994063,4.992404733,0.0,0.4729166667,1.980241674,0.6739297829,0.9220105663,1.180956639,3.305785124,0.0,0.0,23.62654039,1.047595131
2.479015615,4.520309251,3.510204082,3.039116309,2.85606894,1.712631764,145.9988968,153.8651411,157.2383784,157.1023978,9.328125,0.01398932191,-0.534469659,0.04449621576,-0.05644050626,-0.1211845011,1.568695073,1.2968241,1.344695422,0.4981370573,1.041351748,0.9616662427,1.036564102,1.013752634,1.079573421,1.023437312,0.5671182007,0.577404318,0.6380288783,0.8340867552,1.010419693,1.026028723,1.116738311,0.9713617994,-0.3983578889,0.9113366495,6.027276383,0.60498736,0.1619215929,0.1001055623,0.1073021503,0.0,1.979185672,0.0,7.385450718,0.0,0.0,0.0,3.394801587,1.738711849,0.0,0.0,0.0,0.0,1.02320892,1.798404767,0.3237885463,0.6612903226,0.2145229825,0.01559139785,0.5833333333,30.07249401,14.98529578,10.68768295,35.61190719,42.82867707,24.01174382,6.338535363,0.0,16.6402965,10.74258,21.31540493,24.42062568,22.51475897,5.13155848,0.0,0.0,2.553858816,0.0,13.77113205,25.27831061,91.3,1.729166667,1.837777778,0.614829932,0.2711404006,0.269382716,0.1695724926,0.0589569161,0.4448631839,0.905564772,28.89842334,-2.325355846,-0.2781968411,1.291577699,-0.5431504472,0.1454258399,2723.437559,3.87,0.00666,1.106229252,0.9848458826,0.6841461785,0.04176767677,5.316788604,1.016489042,1.0396501,43.73068469,2.89314059,1.123803297,0.01182795699,1.11736851,6.544756406,0.9770518206,1.416589106,0.1645552914,1.096000872,-1.045158246,-6.209104938,6.338535363,0.7882212531,0.01612903226,-0.5053803314,1.039447038,-4.486433074,2.17,3.815220818,-5.49,0.08592192636,44.39282129,0.8708438101,0.9395624658,4.848683342,52.30864198,1.557769563,1.069514872,1.556515455,0.5130385488,1.185817429,151.4131156,48.1355192,0.7833333333,20.40266096,0.7767544274,1.769741683,0.05625935585,0.7667824437,0.9371148075,1.161690389,0.9605330594,-10.1171875,1.021269875,0.0,4.992404733,0.0,0.488172043,2.0022553,0.6618553072,1.10977111,1.043386535,3.612244898,0.0,0.0,27.89767599,1.278042356
2.476523727,4.228221225,2.948275862,3.242078189,2.757037037,1.679710867,148.8349854,156.4040319,154.8192767,160.5123403,9.099173554,0.03314205788,-0.6089468803,0.06485725483,-0.09380630248,0.02233338818,1.626544529,1.221642234,0.9840342229,0.5030019797,1.165982519,0.9678173121,1.101392269,1.123141655,1.124637681,1.16057971,1.145877989,0.7504116714,1.193856341,0.7334362995,0.9613799912,1.212869838,1.252709893,0.8625595605,-0.4868649305,0.9929424288,4.005301525,0.6101389397,0.2004813414,0.1020099945,0.07931626887,0.0,1.954622494,0.0,0.0,0.0,0.0,0.0,0.0,0.0,0.0,10.74599844,0.0,0.0,0.965933432,1.880533352,0.396039604,0.7023809524,0.2126786451,0.07023809524,0.5757575758,27.76816663,9.967957042,0.0,0.0,25.12283841,16.63744226,10.70155169,9.473725908,33.45795484,15.20739338,21.74487787,6.9237372,5.693927995,5.948339281,0.0,10.74599844,2.207036964,0.0,2.697679302,12.37803984,86.05,1.451388889,1.233333333,0.5258956916,0.1222206475,0.055625,0.02,0.06984126984,0.3843374984,0.7837736492,21.75128385,-1.919094446,0.5303720481,0.6480669391,-0.6072280764,0.2985264379,1314.287359,3.8,0.0762,1.132876354,0.9201319986,0.6855703213,0.04252873563,20.19137191,1.010723001,0.7699417377,128.5925693,3.036345253,1.160168303,0.01904761905,0.9992085099,0.0,1.237637351,1.274112045,0.3087753427,0.9986735446,-1.016018277,8.863687379,0.0,0.7529765975,0.02380952381,-0.07938771027,0.9089669945,-3.730303174,0.78,3.980169408,-4.36,-0.00873682086,39.15188284,0.9034633094,0.6501659697,4.824530955,43.32017141,1.545147891,1.016946739,1.41493967,0.2395833333,1.145211904,153.6858513,47.73240195,0.7916666667,14.95193556,0.5305992426,1.064224711,-0.03884160131,1.121975606,0.0,1.100816158,0.9952370753,-8.173553719,1.123304557,0.0,0.0,0.0,0.480952381,1.989710937,0.6164251208,1.241472593,0.9325946209,3.596774194,5.827947137,0.0,5.693927995,0.9854851311
2.479029471,4.526849527,3.146341463,3.031848659,2.900545635,1.550384998,148.5111826,158.5092233,159.6436914,161.7930975,10.13609467,0.0157246166,-0.4788635202,-0.002590437511,0.0166322191,-0.07329736105,1.549150028,1.16537344,1.168789929,0.4833819389,1.107254195,0.9679134186,0.9656143368,1.051515508,1.112269737,0.9325317604,0.58399396,0.5708954067,0.9210154176,0.9171861945,1.008991876,0.9396603734,1.041207467,1.034756669,-0.4083836897,0.9110327994,6.027275724,1.424267567,0.1522656084,0.08905243654,0.06365387513,0.0,1.969942999,0.0,7.355131966,0.0,0.0,0.0,3.388982164,1.732222834,0.0,0.0,0.0,0.0,0.9753873987,1.942465128,0.3223684211,0.671875,0.2094889322,0.02941176471,0.5384615385,28.59441315,14.98529578,10.68768295,24.27512131,42.82867707,23.15437369,12.16293986,0.0,17.4570773,10.74258,26.29938345,24.42062568,22.77571198,5.687386275,0.0,0.0,2.470332187,0.0,15.67449932,26.52683459,107.09,1.729166667,1.837777778,0.654829932,0.2711404006,0.269382716,0.1895724926,0.05777777778,0.4023134061,0.9035003084,29.92663584,-2.751063629,0.5642247774,1.502192319,-0.7404977699,0.2451598205,2526.494757,3.14,0.0515,1.228633874,1.105728845,0.6848636974,0.03995169082,10.30076712,0.9314693496,0.7168603107,35.26427424,2.739611563,1.128062613,0.025,0.983215293,12.96557803,1.08104638,0.9554430058,0.2649830094,1.16631865,-1.649606297,-46.18934911,6.338535363,0.845116772,0.015625,-0.2768026063,0.9989893403,-2.972905826,1.59,3.835258088,-3.92,-0.1950083339,51.58983439,1.180564099,0.791095659,4.848697334,62.0591716,0.0,1.0491301,1.571333817,0.5130385488,1.139068481,153.7288018,47.66983334,0.7705882353,25.38663948,0.7554656253,1.86518163,-0.08682621574,0.9767994212,0.9165033903,1.09821341,1.06796453,-4.680473373,0.9208660225,0.0,4.992404733,0.0,0.475,1.987618137,0.6698543233,0.8398708976,1.17669752,3.379310345,0.0,0.0,36.11658333,1.042581479
2.480066464,4.664261695,2.904109589,2.744089835,2.758355917,1.546868551,149.5353358,158.1605413,158.5727552,162.6646942,17.76913265,0.02396427595,-0.4221932456,-0.2167273575,0.03208325963,0.1813631051,1.467114642,0.853454002,0.7879618576,0.4786464836,1.081460674,1.154795017,0.7959686916,1.261744709,1.296998135,0.7923909579,0.868635332,1.045183051,0.9529206713,0.7736002982,0.9469667197,0.8160360978,1.108256262,1.047999837,-0.5270965492,0.9871956667,3.515313479,1.424173312,0.1565571095,0.07019953079,0.09041339701,0.0,5.21020126,0.0,7.356082999,0.0,0.0,0.0,3.388836661,1.732637327,0.0,10.9234963,0.0,0.0,0.9310836052,1.857941804,0.349137931,0.6893939394,0.2122635027,0.03036075036,0.5,31.11015337,14.98529578,5.425791397,18.20875424,37.26522558,17.46698741,12.16293986,9.473725908,22.88687966,20.21630591,40.51897853,13.08951281,17.21226049,5.687386275,0.0,10.9234963,2.423070291,3.239425628,9.857598928,23.997636,101.76,2.166666667,2.068888889,0.614829932,0.4011558327,0.309382716,0.2275257627,0.07264957265,0.3207065023,0.8749756315,29.9861309,-2.631215133,1.150052449,1.66330387,-0.8999377555,0.1284730873,2416.366032,2.83,0.0315,1.362862317,1.403325015,0.6904812668,0.0405664488,19.77449303,0.8616964044,1.061007417,46.45595604,2.548135464,1.079015255,0.03131313131,1.038800985,6.544756406,1.168619615,1.011318029,0.3927646453,1.035914095,-1.859637952,-14.34693878,6.338535363,0.9213906582,0.04545454545,-0.3620989644,1.182549591,-3.624503256,1.42,3.806856417,-4.11,-0.1931955243,46.02638289,1.052990741,0.7720365805,4.849748974,88.93877551,0.0,0.8909367919,1.517018954,0.5538548753,1.132767739,157.4033236,47.86880698,0.800952381,25.38663948,0.9332975448,2.000498505,-0.05423610405,0.9382021952,0.9099694694,0.8131530792,0.9632522355,8.100127551,0.8109797442,0.0,4.992404733,0.0,0.4686868687,1.98803263,0.5558563436,0.8741677857,1.105942261,3.205882353,0.0,0.0,43.53352175,1.058327934
2.529904177,3.992545729,2.632183908,2.648148148,2.086894587,1.585744614,143.850185,154.4014992,155.4123744,156.1039492,12.0591716,0.006909341292,-0.1433039918,0.1520769017,-0.345181678,-0.1068096725,1.194450889,1.471735481,0.9650451815,0.4537702221,1.109027968,1.163828941,1.383321908,1.031690681,1.183351632,1.16420141,0.8932556346,0.7688163776,1.103869226,0.8364624939,0.9747042048,1.172301398,0.9735993809,1.049305428,-0.4286572913,0.992941462,3.040345304,1.399843898,0.2056364325,0.09412488023,0.08579236005,0.0,4.118896841,0.0,4.30055839,0.0,0.0,0.0,0.0,0.0,0.0,0.0,0.0,0.0,1.26234854,2.012621646,0.3644859813,0.625,0.2092807627,0.0,0.5128205128,25.11379186,0.0,5.098681808,41.97130694,37.61968013,11.25737949,5.693927995,0.0,22.51475897,0.0,14.76446326,13.8474744,16.95130748,0.0,0.0,2.050136054,4.952240489,0.0,10.99723661,21.16131431,30.71,1.569444444,1.419444444,0.4907482993,0.1456364953,0.065625,0.01234567901,0.06790123457,0.3332866318,0.988609627,17.57770004,-1.689679101,0.7256466006,0.8367266263,-0.5165295323,0.1505463994,1696.043633,4.18,0.0108,1.067635073,1.373986551,0.6865492513,0.04435763889,0.0,1.000006037,0.966553201,10.8192294,2.245210728,1.27985973,0.01363636364,1.018246898,6.544756406,1.056036134,1.002286977,0.2832654594,1.063818534,-1.036724126,-67.20512821,22.38428247,0.8795857822,0.0,-0.1421167665,1.008815784,-2.84332993,2.9,3.220547731,-4.09,-0.1917106524,23.62654039,0.7157069081,0.6973112673,4.901991542,63.36489152,0.0,1.341950253,1.792049393,0.3628472222,1.132068054,150.3923454,52.10656563,0.7545454545,14.76446326,1.064353205,2.064854488,-0.2157468506,1.246218613,0.0,1.265325303,1.10134357,-21.02761341,1.147419234,0.0,0.0,0.0,0.4863636364,2.16532124,0.5868332311,1.52139215,1.174547725,3.475609756,0.0,0.0,17.9326124,0.9268770534
2.492512437,4.15988082,3.736842105,2.694954451,2.792998063,1.975363773,143.364057,150.688989,153.3114982,160.0139153,7.204081633,0.0156180897,-0.3973774462,0.01532299881,0.2160551123,-0.1601231853,1.363472932,0.8981836777,1.47724548,0.5652870843,1.057326469,0.9068803068,1.081639954,1.116592345,0.7628205128,1.026873767,0.8343273305,1.177694743,1.13245884,0.6943112757,0.9452846976,1.029673086,1.139788242,0.8532996955,-0.5293583159,0.9877778018,3.513558004,0.6049902606,0.3157488359,0.1350816635,0.1399133806,0.0,1.647761911,0.0,0.0,0.0,0.8072543724,0.0,0.0,0.0,0.0,5.175480683,0.0,12.19931621,1.013495682,1.713681632,0.3578621224,0.65625,0.2007314057,0.0,0.5714285714,34.94713969,9.499376415,5.098681808,34.53866566,42.46456948,16.1495363,10.75713553,4.736862954,27.57796651,4.736862954,21.70785576,0.0,0.0,0.0,0.0,6.943835354,0.0,1.647761911,6.22745723,16.92723598,39.42,1.701388889,1.255555556,0.3109297052,0.1793981481,0.1125,0.1030507091,0.07407407407,0.5510829059,0.9208351659,22.42939322,-1.448137018,0.3333577517,1.397488107,-0.5619087632,-0.162483159,601.8676961,5.35,0.000382,1.023495921,1.240436651,0.6950597415,0.04050179211,4.736862954,0.9840089963,1.178175446,58.6143114,2.833604072,0.8939302885,0.0,1.013597641,0.0,1.254301053,0.9179703427,0.2292329813,0.9879150904,-0.6012927495,-36.69658856,11.33678588,0.7124826717,0.0625,-0.5439375936,0.9643661311,-3.707386459,3.99,3.574815247,-6.58,-0.1019958855,32.53883943,0.6770384547,0.9578790288,4.822269788,35.607226,1.482073386,0.9812773958,1.487772705,0.4566326531,1.095214947,148.9091199,48.54533785,0.8501984127,14.59805822,0.8116106273,1.55446777,-0.1602181133,0.9523656518,0.0,1.220965629,1.250550382,-5.510204082,1.128750134,0.0,0.0,0.0,0.5123015873,1.974452089,0.6825236167,0.9134616867,1.126612168,3.296875,0.0,0.0,24.02320242,0.9513615892
2.557663321,4.512952422,3.847058824,3.500494918,3.042703094,1.814715801,146.4107325,154.3310412,155.8610636,155.2294906,8.830123457,0.02689214999,-0.6289348213,0.162400935,0.05778296979,-0.07677209313,1.626006942,0.8621264366,0.8792052488,0.5269968588,0.9252384091,1.061952688,0.9955832527,0.8654359035,0.9869520598,1.057625348,0.6922530943,0.4667402979,0.8501270073,0.8644139294,0.8368710361,1.050342088,1.143224693,0.9282519765,-0.4060531215,0.9725391961,7.009375612,0.6048934242,0.1761797456,0.1186519305,0.3209421867,0.0,0.0,0.0,1.690547997,0.48069092,0.7375824358,0.0,0.0,1.086558406,9.056324159,0.0,5.205926291,0.0,1.032131168,1.793720513,0.42,0.6666666667,0.250969533,0.05181818182,0.5111111111,31.94751282,9.499376415,5.098681808,47.44927841,31.05039749,17.16874381,15.87291419,14.69560176,11.25737949,5.733667477,47.34627086,0.0,29.46110098,5.687386275,18.42124142,1.96989914,-0.4638617936,0.0,5.632365142,20.07206199,113.82,3.069444444,1.762222222,0.8819047619,0.4613803855,0.4122067901,0.1707050301,0.07060185185,0.5362093358,0.7348145245,25.83589666,-1.986045392,1.142050741,1.055188479,-0.2473288575,0.3250726875,3118.171993,3.66,0.0105,0.9693580133,0.7055809039,0.6996944958,0.03830917874,10.84019487,1.164935527,0.9394788152,202.0070047,3.150036311,1.069781961,0.0,0.9514023018,9.589074368,1.093602562,0.902657481,-0.1362027545,1.034122563,-0.7310606416,-31.91111111,0.0,0.6936449654,0.01666666667,-0.5588091852,1.029130789,-3.084708029,1.1,4.316947198,-6.95,0.2608403373,45.03538604,0.8905855536,1.47637284,4.893639208,42.0982716,1.544541837,0.7697290275,1.333913458,0.6589073129,1.132756793,150.0941914,48.71310384,0.8181818182,19.49796795,0.5691031217,1.174905898,-0.0328262853,0.9887933304,-0.988075948,1.143471329,1.029512208,-12.78765432,1.168143858,23.82914499,0.0,1.078464637,0.5,1.900383839,0.7456938207,0.6649731604,1.221178335,4.045977011,5.955444575,0.0,16.2929925,1.08876564
2.459286405,4.186790889,3.068181818,2.595061728,2.168381344,1.907957164,143.8295718,151.4616945,152.1720954,155.8835336,7.52,0.015439973,-0.4914573448,-0.06670812858,-0.1287321544,-0.04212853996,1.472080496,1.121334217,1.150277453,0.542748769,1.150922194,1.065085311,1.235809046,1.200756543,1.073473282,1.16221374,0.9189246884,0.9598365255,0.9967312788,0.7561105908,0.9558804023,1.169707571,1.166316014,0.7794199937,-0.3622990067,0.9938484478,3.042257683,0.6094208209,0.2382323701,0.116023692,0.1110709264,0.0,1.99573644,0.0,0.0,0.0,2.211368234,0.0,0.0,0.0,0.0,0.0,0.0,0.0,1.11305839,1.720505008,0.3409090909,0.675,0.2191274243,0.02412698413,0.6333333333,29.3011671,14.95193556,0.0,6.066367068,19.05647134,16.63744226,10.70155169,0.0,21.95893118,0.0,19.93591408,6.9237372,5.693927995,0.0,0.0,1.179045677,1.99573644,0.0,3.689274218,13.53029849,54.46,1.034722222,0.9133333333,0.3682993197,0.09097064752,0.055625,0.02,0.07407407407,0.3947281483,0.8627268051,18.63172628,-1.689858583,-0.1834267403,0.626619366,-0.8413175583,0.5181760683,1044.507563,5.77,0.0134,1.03423582,1.074476467,0.6763366629,0.03382716049,4.983978521,1.005531262,0.8726713274,26.40034546,2.617852912,1.030004241,0.0,0.9435901568,0.0,1.12748249,1.107894602,0.07595445761,1.033775025,-0.6071009635,11.23259259,4.699919916,0.6973071935,0.0,-0.1728049623,0.9534815782,-3.126816577,1.19,3.781076012,-5.32,0.1362232591,33.16955989,0.513916441,0.7090915348,4.807062246,31.60888889,3.264150867,0.9042569191,1.480159922,0.1493055556,1.093067571,148.5726436,50.08206069,0.7825396825,19.93591408,0.3836591668,1.125814584,-0.04551643235,1.071240177,0.0,1.075757055,0.9298385803,-2.884444444,1.012258666,0.0,0.0,0.0,0.5133333333,2.143330499,0.5785912561,1.20338534,1.036136418,3.555555556,0.0,0.0,27.74840798,1.032582246
2.434970856,4.409315887,2.897435897,2.4514419,2.375,1.363260334,144.6136595,157.4549268,158.6530643,159.7456841,9.111111111,0.01135436038,-0.2549440264,0.007440973481,0.06818106135,0.0111483425,1.221103772,1.185253322,1.054549808,0.548251652,0.8937759725,0.959878699,1.050788839,1.124775718,0.9324202288,1.04406662,0.7163080072,0.8879121921,1.018720582,1.047948975,0.9535737615,1.02734656,1.012263404,1.125863101,-0.5248971818,1.734391199,3.510571965,1.212363224,0.2324182089,0.08915318716,0.0761440227,0.0,0.0,0.0,0.0,0.8415382583,0.0,0.0,0.0,0.0,0.0,6.007219148,0.0,0.0,1.064223635,1.782300108,0.2591792657,0.625,0.2512699138,0.01436237374,0.5333333333,32.47868309,0.0,5.098681808,38.17047518,66.43311571,29.7174337,11.44343983,4.736862954,39.52165029,4.736862954,26.77220262,5.917906046,38.52492974,0.0,0.0,6.007219148,0.8001351475,0.0,27.43102552,29.71100222,63.69,1.055555556,0.9266666667,0.4594557823,0.2091364324,0.154683642,0.09825732068,0.06018518519,0.2581596447,0.9506577762,28.39889319,-2.364387565,1.33399014,0.8965639596,-0.8995190968,0.07984759409,1356.312755,6.38,0.000167,1.117358592,1.228141416,0.6746676532,0.02106060606,4.736862954,1.033247019,0.8366930208,32.916029,2.43019943,0.8346474954,0.01770833333,0.9705975622,0.0,1.066305974,0.8937099643,0.405867506,1.149350649,-1.733657177,-25.55111111,32.10410811,0.9440227584,0.015625,-0.0769920331,0.8500429757,-4.475596898,3.05,3.333275655,-7.25,0.004026447023,58.46725993,0.9300154065,0.6960021216,4.8182335,67.01777778,0.0,0.9806704233,1.770288996,0.267396542,0.9423492502,150.320413,52.05493771,0.7595959596,20.16532066,1.338396042,2.573614941,-0.03722097351,0.8225992686,0.0,1.03298317,1.034132205,-4.333333333,1.042139682,0.0,5.917906046,0.0,0.4822916667,2.093485026,0.7385475852,1.05412719,1.188793425,2.74829932,0.0,0.0,17.99473795,0.8565328639
2.435728067,4.419661774,3.025,2.478235968,2.583333333,1.567189009,144.6864366,153.1129697,155.0960483,159.6649304,11.62570888,0.008701300716,-0.21108114,-0.06388081266,0.0647087092,0.08090229906,1.183694953,1.124598052,0.9764918432,0.5080385295,0.9877159692,0.9788693617,1.011455726,1.234101749,0.9308136261,1.081429368,0.8555390707,0.8698811343,1.311249394,0.8949545526,0.9871799589,1.057249434,1.082994387,1.043662247,-0.3791314583,0.9889172072,3.059390398,1.270375394,0.1794307015,0.1194464028,0.1723690676,0.0,4.400650106,0.0,0.0,0.5233374565,0.0,0.0,0.0,0.0,0.0,0.0,0.0,0.0,1.330719821,1.779811543,0.3174603175,0.6153846154,0.2055689007,0.01709401709,0.5,27.17618782,0.0,5.098681808,44.17930974,41.3102773,29.7174337,5.693927995,0.0,33.77213846,0.0,20.16532066,0.0,25.32883194,0.0,0.0,0.0,4.400650106,0.0,14.27102878,24.90921771,54.46,1.243055556,0.9755555556,0.4202721088,0.1977985639,0.117808642,0.09549841853,0.07777777778,0.3049927662,0.9552681811,21.57875153,-1.802243402,0.9160697772,1.004120657,-0.8389653517,0.3194564513,1161.615963,5.56,0.00356,1.044514858,1.181540417,0.6897119482,0.02567251462,0.0,1.103226678,0.891306778,55.08181869,2.64375,0.8505295836,0.01538461538,1.013272831,0.0,1.136610759,0.8996472356,0.2989831553,1.219500751,-1.345942514,-51.56899811,5.563451492,0.8749905926,0.0,-0.0004833313589,0.9192840973,-2.92944833,2.57,3.307143543,-5.04,-0.1473803225,33.77213846,1.202472416,0.8087367741,4.821652195,59.41398866,0.0,0.8358597974,1.754984108,0.298646542,1.018229312,149.6808312,51.64301269,0.7444444444,20.16532066,1.00085,2.216418413,-0.1744699482,0.8416496978,0.0,1.072633701,1.208085739,-6.155009452,1.079498083,0.0,0.0,0.0,0.4846153846,2.172144799,0.6600765306,0.9375154858,1.087183919,2.873873874,0.0,0.0,11.38785599,0.9438620566
2.432592644,4.6562983,2.975,3.158436214,3.101379157,1.654815447,148.7279603,157.4992747,163.9760886,155.8561857,7.864958449,0.01554013594,-0.3326541045,-0.0499167105,0.007352210875,-0.03266702409,1.311149891,0.7853929535,0.9246558,0.4733135227,1.023561116,1.043067884,0.9426669945,1.199625416,0.9546516942,1.19145394,0.5619766766,0.6407214295,1.372285416,0.8175687187,1.074144081,1.143691795,0.90981976,0.9052299779,-0.3775061467,0.992940763,8.001918144,1.304329657,0.1986672254,0.1069538921,0.1102287127,0.0,1.929352149,0.0,0.0,0.0,1.56205245,0.0,3.338854875,0.0,0.0,0.0,0.0,5.992309623,0.9265405329,1.336615496,0.375,0.66,0.1823027796,0.04088888889,0.5789473684,26.99347139,4.390415048,5.098681808,11.60093989,42.81902403,28.66715822,16.85062228,4.390415048,11.25737949,5.316788604,20.16532066,12.74095804,5.563451492,15.7651876,0.0,14.1405207,1.929352149,0.0,5.798023818,19.79947311,66.49,1.5625,1.48,0.5689795918,0.1801303855,0.14,0.1025425977,0.08333333333,0.4602380765,0.8546243588,22.71180821,-1.877218409,0.7207081383,1.723966556,-0.8074977213,0.2726779214,969.247588,4.69,0.00499,0.9777620708,1.117540489,0.6955416231,0.04228571429,5.316788604,1.024605333,1.100771067,15.50598347,3.03899177,1.056184186,0.02,1.136562109,0.0,0.9118948046,1.069006653,0.3500750989,1.205831904,-1.276195731,-14.21743442,12.13273414,0.7472636961,0.06,-0.2283165139,1.073418652,-3.395269926,2.83,3.902679738,-4.89,-0.2661108443,27.97162548,0.9427804769,0.7959800722,4.842909832,39.66923156,0.0,1.076814317,1.516083216,0.3863024376,0.9094050775,152.3729238,46.59364857,0.8111111111,20.16532066,0.483277052,1.345247776,-0.1314241383,0.9259583665,0.0,1.082673062,1.196234605,-4.837950139,1.103254785,0.0,0.0,0.0,0.48,1.847245895,0.6850924447,0.7632976463,1.127421676,3.268292683,0.0,0.0,17.57815784,0.9181425559
2.53064632,4.028846043,2.678571429,3.187830688,3.349436393,1.527121901,145.9284196,159.0226946,156.9169378,158.1438382,8.3834916,0.01420329161,-0.3192135109,-0.01146308799,-0.05353659644,0.08166073868,1.225921359,1.087316601,0.756819034,0.4946435002,1.03925099,1.016109774,1.087787438,1.037756203,1.286822943,1.029559639,0.6772831876,0.6961039815,1.082794227,0.9164131685,0.8880122343,1.13941969,0.9363856615,1.156512358,-0.4286239526,0.9878633221,8.001918162,1.399828552,0.2331526327,0.1258854745,0.08579236005,0.0,0.0,0.0,4.057336939,0.0,0.0,0.0,0.0,0.0,9.302000314,0.0,0.0,0.0,0.9887126795,1.443862276,0.3604753521,0.6413043478,0.2033804814,0.02224810214,0.5405405405,25.56972271,9.374393569,5.098681808,24.27512131,35.90493987,5.563451492,11.51114884,9.496942443,22.51475897,0.0,19.87099066,5.817220841,11.38785599,4.390415048,0.0,15.15375426,0.5936595033,0.0,12.70216277,22.82812691,50.94,1.569444444,1.459444444,0.4907482993,0.1579821744,0.09125,0.04122028364,0.06606606607,0.4116191086,0.7972031953,18.99837156,-1.769456163,1.034618293,1.282017986,-0.5701352505,0.1830280918,1765.628802,3.46,0.0959,0.9261871142,1.121472217,0.6874430569,0.0429248366,5.106527395,0.8631998611,0.8459317717,128.6423698,3.165674603,1.297457844,0.02960662526,0.9422149677,13.15163837,0.9471137703,1.033563188,0.2756642071,1.00419241,-1.214603604,24.63623083,12.13273414,0.8140703953,0.02173913043,-0.1138651724,1.082377803,-2.786360801,2.2,3.465417554,-2.95,-0.1925699135,22.51475897,0.6863417528,0.5558263275,4.906024121,34.53177502,0.0,0.7890130193,1.648730692,0.4036635488,0.9739057768,150.8544803,48.1291803,0.8117063492,14.76446326,0.7567567568,1.744035811,0.1029145278,0.8020933025,0.0,0.9164823293,0.8967450016,-14.31628926,1.115758057,0.0,0.0,0.0,0.4703933747,1.86900463,0.6263956311,0.6518086096,1.126745047,3.710526316,0.0,0.0,30.23342235,0.9957593797
2.546942326,4.491588993,3.0,2.266134398,2.340095029,1.418454734,147.3022814,160.4068955,157.8429401,162.7812977,20.11654527,0.009187041706,-0.2374891435,0.1104839843,-0.002677874066,0.1054383849,1.38955716,1.175566169,1.1402214,0.4718456292,1.070872638,0.8241011926,0.9841889871,1.092593276,1.043850267,0.9436127745,0.8446024875,0.8054904608,1.236045114,0.8575412809,0.8623406552,0.9640662679,1.053764914,1.18361365,-0.4411377022,0.9872569004,3.042185699,1.348984601,0.1597513465,0.05759486882,0.1288113406,0.0,6.47162037,0.0,4.335801706,0.0,2.206759705,0.0,0.0,2.466440121,0.0,0.0,0.0,0.0,1.161202811,1.974229655,0.3376623377,0.6640625,0.249155046,0.0,0.3709677419,29.50407834,4.983978521,5.098681808,32.05622864,68.88376791,17.80213589,5.693927995,0.0,22.51475897,0.0,48.84972038,6.9237372,31.65615201,0.0,0.0,4.35392516,11.54946392,0.0,19.2354986,27.25752569,51.77,2.298611111,1.570555556,0.8187301587,0.3270817586,0.210632716,0.1561085604,0.0697167756,0.2849917075,0.9560398694,28.62357504,-2.266669987,1.554090676,1.006453843,-0.7646344652,0.2797149167,3140.245739,4.18,0.0052,1.426233442,1.576194186,0.6899617195,0.0320521542,9.467009379,0.9971034265,0.9902050675,0.0,2.314814815,0.8825823498,0.01875,0.9333000038,13.08951281,1.045996401,0.8438896506,0.378919728,1.051563905,-1.695909788,-153.408949,5.516700718,1.026295351,0.0,-0.1345762037,0.9441140592,-3.904510293,2.71,3.399043482,-4.75,-0.3028188478,78.56391933,1.115811289,0.9091450214,4.94607165,109.351717,0.0,1.298240728,1.676636968,0.6345663265,1.090675683,157.3117519,51.39271422,0.775,29.21545116,1.159937854,2.555152828,-0.158533627,0.9819928471,0.0,1.157097223,1.279553599,-19.55150884,0.9699695949,0.0,0.0,0.0,0.48125,2.266918462,0.5745624696,1.081205527,1.161890655,2.905325444,0.0,0.0,35.29333391,0.9860784498
2.548364003,4.030865044,2.886363636,4.587962963,4.585858586,1.664003282,146.2763838,156.3062105,158.8644865,159.5824823,7.729492188,0.03376361953,-0.474877254,-0.1541534775,0.1104630421,-0.2033903866,1.309482828,0.8123639499,1.188098878,0.5232925738,0.7764188213,1.266244331,1.230142926,0.9444552634,1.018730605,1.086660175,0.7654015448,0.6173316373,1.520920716,0.9631505734,0.7848640447,1.22475968,1.160665382,0.707877483,-0.4025985171,0.9574770895,7.00881555,0.6049131424,0.2399813599,0.1385247586,0.1700819133,0.0,0.0,0.0,0.6924886621,0.501599268,0.6402546296,0.0,0.0,0.0,19.28768366,0.0,0.0,0.0,1.001924131,1.222631908,0.438538206,0.6666666667,0.2336790367,0.05037957212,0.53125,28.5542293,4.983978521,9.614079702,11.33678588,24.97437738,17.54772461,27.89450335,15.00759197,22.75640315,0.0,31.09727354,0.0,34.25563817,0.0,0.0,1.534673091,0.0,0.0,3.252752417,13.83625237,87.72,2.118055556,1.393333333,0.3877097506,0.0987654321,0.06532407407,0.03774920926,0.07575757576,0.4862288983,0.6802031566,18.73121702,-1.392420227,1.043804739,1.133156923,-0.2548429622,0.01173554082,639.2867266,2.69,0.128,0.9679658941,0.6628468642,0.6933387359,0.04494623656,10.21305479,0.9997379097,0.8373882666,149.9607166,3.854096521,1.311023813,0.02222222222,1.051650288,0.0,1.079900414,1.06381015,0.115961165,1.046413502,-0.9447948455,-47.91493056,34.05128498,0.7253265191,0.04761904762,-0.1129437718,0.9806342579,-3.637890898,0.74,3.988608501,-4.24,-0.04842567354,17.84926694,0.7955833306,0.8066314647,4.903290807,27.78298611,1.472753029,0.9398863515,1.394808738,0.3637329932,1.070045724,149.5533264,46.74764026,0.8289855072,14.59805822,0.5860902344,1.011391499,0.006643695685,0.8094982854,0.0,1.277301196,1.4077181,-5.51953125,1.334424776,11.42148636,0.0,0.0,0.4777777778,1.533639141,0.6776773157,1.011621103,1.378704511,3.534482759,0.0,0.0,0.0,1.007193033
2.538080078,4.197074624,2.760869565,2.71807152,2.344017094,1.48300706,144.8697502,157.4491661,156.5676654,155.8440342,9.083102493,0.02276401408,-0.4410545484,-0.03994217642,-0.1162533099,0.01980245561,1.438625798,0.8614995429,0.8808102807,0.4684815875,1.03867693,1.050075232,1.021924076,1.234106583,1.299484848,1.057805643,0.7667975567,0.9611229649,1.230562617,0.8480531296,0.9022954751,1.137936853,0.9415044863,0.9111136049,-0.4868737681,1.734393944,3.517051553,1.348826331,0.232031317,0.1180634227,0.1042207808,0.0,0.0,0.0,0.0,0.0,0.0,0.0,0.0,0.0,0.0,10.95591545,0.0,0.0,1.137333239,1.808747927,0.3588957055,0.7065217391,0.2221076636,0.0,0.6052631579,26.86770968,4.983978521,0.0,6.066367068,36.75265697,24.72587309,11.51833249,9.473725908,34.14425914,9.473725908,21.327999,0.0,12.24522612,0.0,0.0,13.26300729,1.28704234,0.0,12.40239232,21.8866936,49.17,1.513888889,1.214444444,0.3501587302,0.06627928949,0.02500771605,0.004691358025,0.06267806268,0.2967340724,0.8421769682,22.80739312,-2.082195593,1.238326648,1.191031748,-0.4033257034,0.1565646701,1611.221159,3.43,0.0595,1.304927117,1.254815702,0.6619740814,0.03571895425,14.04082556,0.9681489699,1.047038101,111.7397811,2.5,1.359079402,0.02753623188,0.9988712117,12.96557803,1.044136637,1.122128114,0.2180561449,0.922158572,-1.281841995,-23.85872576,0.0,0.8770198874,0.0,-0.06654262156,1.149298117,-2.989618915,1.6,3.480525949,-3.16,-0.09397003003,59.35506329,1.053221326,0.5273052045,4.920619776,52.12465374,0.0,0.8317573953,1.667782255,0.2777777778,1.137258221,152.8502441,48.74890143,0.8188405797,14.53505669,0.7239414475,1.767401565,-0.0481985837,0.8299261487,0.0,0.9795867011,1.133609767,-5.56232687,1.143640921,0.0,0.0,0.0,0.4724637681,2.071990741,0.5477922078,1.015676246,1.079616888,3.772151899,0.0,0.0,11.38785599,1.015335348
2.603792083,4.098914982,2.5390625,2.67337963,2.403205128,1.520636652,146.4008444,154.6962972,161.9397171,157.6651255,16.77320054,0.01148526777,-0.2460706911,-0.1675802767,-0.02498689981,0.01965797203,1.192733714,1.08625336,0.9119776849,0.514504008,0.9738995535,1.317710224,1.255795967,1.177559913,1.117429194,1.342418301,0.9545478542,0.8387321791,1.14722319,0.8173282209,1.110240303,1.266526346,0.9288584586,1.012651103,-0.4346331514,0.9876685073,6.002696249,1.13129629,0.2317427121,0.1230406646,0.3550137732,0.07216878365,6.353161244,0.0,0.0,0.04326341648,0.0,-0.03033056973,0.0,0.0,10.07462764,0.0,0.0,0.0,1.094450113,1.792551493,0.3268156425,0.64,0.240937234,0.01902564103,0.4255319149,25.34629145,0.0,5.098681808,19.91384147,42.16764743,36.11372908,5.693927995,5.106527395,22.51475897,0.0,31.46185114,12.33872767,31.15323644,0.0,0.0,2.051582577,7.250901544,0.0,8.380799131,18.73185444,63.83,3.020833333,1.923333333,0.7348752834,0.315696649,0.0625,0.0,0.07407407407,0.3057311426,0.8870385332,16.41095012,-2.190412308,0.9774364922,0.9702847176,-0.5405870252,-0.08916974791,1544.866915,3.56,0.0933,1.22286065,1.11792625,0.7041633411,0.04472868217,5.106527395,1.141508517,0.7067280344,138.4694054,2.697265625,1.173851063,0.02266666667,1.187941124,6.544756406,1.000595834,1.060562626,0.1819037362,1.421100713,-1.041154275,-64.73200543,0.0,0.9653608987,0.0,0.0224470962,0.9756179025,-2.635297057,1.52,3.627693238,-3.09,-0.08627962816,40.44737137,0.9743989514,1.683183489,4.999997217,73.05070167,0.0,0.9702203012,1.653667298,0.4913194444,0.9703716258,153.4498709,50.88720075,0.7756410256,19.74844179,0.8058362336,1.926895614,-0.07748350216,0.8587260626,0.0,1.172019821,1.010260906,-24.46401086,1.271741497,0.0,5.414990469,0.0,0.4773333333,2.005871638,0.7489281046,0.8106780575,1.12957305,3.094488189,0.0,0.0,17.99473795,0.8383844654
2.480021592,4.550656233,3.169354839,2.92289272,2.778007346,1.510960136,145.7399843,157.2517157,158.6400265,159.0996635,11.41046636,0.02162683921,-0.4931476503,0.02448849151,0.0463526317,-0.08993584574,1.527046346,0.9359519479,1.160715715,0.4849390068,1.058574152,0.902366271,0.9586465087,1.112745526,1.027365372,1.022522916,0.6378599298,0.6443054162,0.8501649858,0.894064931,0.9478822678,0.9715958702,1.034208225,1.010402472,-0.4868826185,0.911336655,6.027276895,1.424214188,0.1658880819,0.08440806613,0.06263564417,0.0,2.08804807,0.0,0.0,0.0,0.0,0.0,3.351690497,0.0,0.0,11.01344293,0.0,0.0,1.019439111,1.785821801,0.3296703297,0.6640625,0.2034152444,0.0300245098,0.5283018868,30.22208543,4.983978521,5.261891555,12.99010427,61.01812524,16.94476576,5.824404498,9.473725908,40.21348046,14.79051451,21.74487787,11.33111287,24.00552118,5.687386275,0.0,11.01344293,2.813238391,0.0,15.49828796,29.77042714,95.85,1.479166667,1.877777778,0.5723809524,0.2590230537,0.221882716,0.2349760229,0.06222222222,0.3946664191,0.8735018854,31.61680521,-2.752312626,1.116676347,1.458846881,-0.8881260184,0.207634501,3034.587562,5.38,0.00229,1.181960564,1.19064646,0.6848636974,0.04172839506,19.77449303,0.9510261388,1.083115348,154.5240183,2.760304659,1.157983193,0.02604166667,0.9958436832,12.96557803,1.138506566,0.9778592516,0.4447921076,1.101665556,-1.854239339,-62.31505874,0.0,0.8535014844,0.015625,-0.5434571371,1.093527423,-2.836778123,1.5,3.747394286,-5.95,-0.3922014872,52.0212877,0.9827519255,0.7211465865,4.852686175,65.85938056,0.0,0.8361713343,1.640581622,0.6163548753,1.167247071,151.6176975,48.7992792,0.7803921569,14.95193556,0.9051729896,1.980526168,-0.02720955583,0.7096272969,0.0,1.106359473,1.100102523,-9.558561766,0.9455925636,0.0,0.0,0.0,0.4739583333,2.021312773,0.6426382412,0.5929496297,1.120570244,3.336134454,0.0,0.0,35.25921319,1.015444258
2.477181776,4.590853691,3.268292683,2.746116255,2.692254082,1.678431619,144.2776369,154.0665194,155.7138691,156.7813352,9.419753086,0.01074368915,-0.3033830078,-0.01983676127,-0.1051338299,-0.02722528681,1.320325732,1.214922286,0.9291981877,0.5139635362,1.078877885,1.068741554,1.126369123,1.023422135,1.168915413,1.120611702,0.5672036124,0.5393674829,0.8320966365,0.875056236,1.021366643,1.021806087,0.9258847673,0.9794432969,-0.4272857336,0.9113304311,6.027277283,1.194228955,0.1655701404,0.07939366519,0.0761440227,0.0,1.968516657,0.0,0.0,0.0,2.003993644,0.0,3.202282638,0.0,0.0,0.0,5.588765249,0.0,1.033013917,1.758148041,0.3227091633,0.6323529412,0.1860662197,0.01366946779,0.5555555556,32.26806089,0.0,10.36057336,36.48334172,61.01812524,34.72467712,10.6824301,0.0,28.58398029,5.316788604,24.73694389,18.25485007,11.25737949,5.687386275,0.0,1.824998189,2.357472077,0.0,19.92357471,32.74940545,79.42,2.284722222,1.945,0.7821315193,0.4323664651,0.288757716,0.2142658912,0.05450733753,0.4344280275,0.961283107,28.71846822,-2.390437255,0.9090256373,1.749335371,-0.9699097829,0.320648248,2587.664503,5.93,0.000899,1.023208031,1.203121644,0.6909702525,0.0381372549,5.316788604,1.041336271,0.943238899,26.09951296,2.762571515,1.096601154,0.007843137255,1.035252418,6.544756406,1.034588902,0.9028503817,0.2796186624,1.178644183,-1.497823673,10.55845146,0.0,0.7862862821,0.01470588235,-0.7532930285,1.074661027,-4.19078643,2.2,3.594016263,-6.54,-0.3028647485,44.79899817,1.064964266,1.017758715,4.876787905,56.50175278,0.0,1.175643226,1.663244827,0.536529195,1.116652128,148.7295007,49.93867788,0.7647619048,19.74844179,0.9958229169,2.160871239,-0.02604596601,0.802499793,0.5931506338,1.089840215,0.9422504852,-7.481481481,1.054892253,0.0,0.0,0.0,0.4921568627,2.11799898,0.7145084373,0.9394461388,1.172443263,3.43220339,0.0,0.0,29.38805792,1.124505581
2.479141095,4.559241528,3.108527132,2.946444444,2.978291317,1.545834205,148.9538979,157.8651086,160.1684534,161.8859586,13.08367627,0.02181811829,-0.5244068093,0.05246333694,-0.08853737145,-0.09584242769,1.581013886,1.091947151,1.161094374,0.4644908296,1.060759262,0.9330959317,1.020339891,1.12103117,1.124560635,0.9512283556,0.6498261063,0.6312401175,0.4974798932,0.831777339,0.9943804193,0.9626834421,1.003638588,1.004837943,-0.4964113844,0.9776678664,7.008274488,1.434196594,0.158205242,0.1146963115,0.07754276402,0.0,3.321529192,0.0,7.28823688,0.0,0.0,0.0,3.311170372,1.715970631,0.0,4.801673642,0.0,0.0,0.9158134779,1.712108471,0.349137931,0.6818181818,0.2100980799,0.03036075036,0.5185185185,29.15388612,19.77983296,5.425791397,18.20875424,43.33159265,23.15437369,12.16293986,9.531400138,11.38785599,10.74258,39.37848628,13.08951281,27.57024916,5.687386275,0.0,4.801673642,2.381728836,1.365406853,11.82790416,25.86406442,109.6,1.854166667,1.957777778,0.654829932,0.2711404006,0.2940740741,0.2556881951,0.06837606838,0.3824473349,0.8309015566,31.13332434,-2.950510437,0.8013546445,1.798423602,-0.8153272077,0.3668088611,2332.661741,2.7,0.0367,1.300582885,1.127304941,0.6904812668,0.04078703704,15.03763008,0.9462800302,1.458352389,60.67773073,2.809216193,1.124961548,0.03131313131,1.056267058,11.28161936,1.078017312,0.95791051,0.4308054436,1.102822716,-1.633803195,45.66529492,13.4483329,0.8795457303,0.01515151515,-0.1974132498,1.143905565,-5.100805941,1.89,3.84122157,-4.18,-0.2378230414,46.02638289,0.6649033465,0.7982445288,4.848810246,74.97256516,0.0,0.9610463085,1.522152121,0.5755385488,1.175033439,155.6255508,47.17769406,0.800952381,25.38663948,0.7785018522,1.913665932,0.166211873,0.7999070739,0.5108713435,1.042322741,0.8158215796,-3.727366255,0.9122015486,11.81577396,4.992404733,0.0,0.4686868687,1.971365934,0.6451241259,0.8819613734,1.129639151,3.386554622,0.0,0.0,36.29978942,1.102074418
2.489627297,4.709614217,3.495327103,3.552500312,3.307215234,1.671110381,150.4066888,157.7889795,161.9305644,160.8583299,6.1024,0.01692239715,-0.5276620063,-0.09666841046,0.05250629878,-0.05716231825,1.693800806,0.8118291962,1.244813946,0.405811396,0.9222310086,1.040350064,0.8936402483,1.048387097,0.9366971168,0.9907543174,0.5859879313,0.3604475448,0.5351404479,0.8465979244,0.9965082625,1.118619182,1.000381158,0.8429112737,-0.4158684811,0.977831141,8.007391374,1.197955072,0.1340544584,0.1685072163,0.1406041932,0.00449957706,1.888115468,0.0,0.0,0.0,0.6656086559,-4.405643132,2.934908037,0.0,0.0,0.0,5.490956541,0.0,0.8355428165,0.9953777345,0.3314472901,0.6691176471,0.1903907265,0.01681472589,0.56,34.82509604,14.18117935,23.36860876,6.066367068,73.23599868,29.3384529,12.02124807,13.17124514,22.51475897,5.316788604,34.47495837,6.9237372,11.25737949,18.85863142,11.73975001,41.65313688,1.888115468,0.0,11.99634369,24.65421357,72.93,2.229166667,2.202777778,0.7756462585,0.4348702444,0.267191358,0.2956881951,0.07936507937,0.5211058169,0.9481499287,34.27874728,-2.236616815,1.669456208,1.140500893,-1.239487994,0.4825320756,2684.64687,4.42,0.000773,0.9498797175,0.8954994875,0.7021078894,0.04319172113,5.316788604,0.8011644097,0.9790472807,24.89467075,3.303363332,1.002411818,0.02969187675,0.8982886913,6.176298517,1.034010057,0.9269986274,0.4654530261,1.058467742,-1.239729512,26.04551111,23.14185715,0.8021584919,0.01470588235,-0.2845050735,1.06184492,-5.31934768,3.56,3.782683189,-6.38,-0.05849205447,28.95356512,0.7124846877,1.01599569,4.85933536,60.58737778,0.0,1.011620751,1.42462227,0.8012329932,0.923940311,158.8268799,44.66730801,0.8717006803,29.36252149,0.8007820003,1.861173001,0.02665557371,0.5288463461,0.1976551608,0.9484927725,0.8368552088,-10.7808,1.133841376,0.0,0.0,0.0,0.4703081232,1.889842385,0.9016577061,0.3237365134,0.8609593657,3.570093458,0.0,0.0,11.25737949,0.9351972484
2.483220901,4.616454563,3.247863248,3.414627931,3.060810811,1.45018871,151.5397617,163.9501948,165.6773776,164.2447909,9.5936,0.01951692235,-0.4433256323,-0.05133666594,0.08533710262,-0.03166865434,1.505000946,0.9790110842,1.200870746,0.4652399709,1.093141008,0.9200525224,0.8562393154,1.115925441,1.040124838,0.9555324881,0.5543362403,0.6007089793,0.619044626,0.9144217359,0.9833939999,0.9658674497,0.9917518123,0.9933429702,-0.3746296163,0.9925253564,8.002960574,1.297044256,0.137098969,0.06905223839,0.1081377858,0.0,1.616456927,0.0,7.427456838,-0.09766172153,0.0,0.0,6.102862782,1.85555765,0.0,0.0,0.0,0.0,0.6594831297,1.385459126,0.3757455268,0.685483871,0.206097908,0.04960693955,0.56,30.1954073,23.74119187,0.0,18.20875424,37.26522558,11.77305942,23.79738154,8.780830095,11.38785599,10.74258,32.46515906,18.55817888,17.21226049,14.46821637,0.0,27.74123424,1.893049032,0.0,10.08208983,23.58296898,81.23,1.791666667,1.908888889,0.6376417234,0.4041635173,0.245941358,0.2645627997,0.08,0.3966646616,0.7783372748,32.54069769,-2.729151097,1.218255942,2.181332014,-0.7870082005,0.1378311035,3323.706211,3.55,0.0196,1.083167515,1.222267084,0.6894086529,0.04439276486,10.30076712,0.9052767932,1.232122093,32.14371601,3.267568851,1.085707475,0.03640552995,0.9737986572,6.544756406,1.048362729,0.9217125538,0.199278872,1.175059952,-1.780355747,4.3056,12.13273414,0.8474360554,0.04838709677,-0.1606903739,1.215562686,-3.300392342,2.78,3.981147632,-4.25,0.003629710523,5.57310453,1.049787704,0.7796250903,4.86411098,54.6384,0.0,0.9163680588,1.493523353,0.6884212018,0.9814319086,157.5474193,46.38335578,0.812605042,25.38663948,0.6481274391,1.662708558,0.01943746072,0.870103561,0.8346478962,1.00756112,0.8756320352,-9.3572,0.9364601387,0.0,4.992404733,0.0,0.46359447,1.758721429,0.7269941622,0.4908363559,1.097325073,3.495327103,0.0,0.0,35.00785466,1.037142727
2.482936404,4.362765158,3.070707071,2.712384259,2.326874125,1.580000369,146.0578528,158.2126298,158.1276848,156.7398841,11.63090737,0.01622049363,-0.5782421107,-0.07846243571,0.1387177127,-0.04472322984,1.608914061,0.7032975075,1.158524198,0.4875452438,1.186736467,1.039107772,1.010423051,1.00350537,0.9880668258,1.132159905,0.6335624934,0.6202846962,0.6806917843,0.8483259098,0.8803640824,1.062384109,0.9848454751,0.9934473862,-0.3644036887,0.9776267537,7.008271118,0.6094207572,0.1702540293,0.1039261862,0.1110709264,0.0,3.64462226,0.0,0.0,0.0,2.143746338,0.0,2.654100432,0.0,0.0,0.0,0.0,0.0,1.06912436,1.857844414,0.3333333333,0.6574074074,0.245972114,0.03601532567,0.4130434783,29.55684488,14.95193556,0.0,6.066367068,25.47729296,36.52675749,16.52595619,4.794537184,21.95893118,5.316788604,32.8907658,6.9237372,24.35997574,0.0,0.0,1.143089074,1.986084877,1.658537383,6.09278728,18.69813734,83.56,1.576388889,1.358333333,0.5814512472,0.3409312799,0.185941358,0.1584613815,0.06878306878,0.3593536805,0.8460125321,27.7772158,-2.371183769,0.3108277222,0.6371448548,-0.4810664381,0.6442480118,2820.732543,6.49,0.0164,1.16807596,0.9698239584,0.6963983015,0.03671171171,10.30076712,1.03260033,1.37614399,42.09305619,2.58586205,1.063544153,0.0,0.916839684,11.21535881,1.033731113,1.086480165,0.1141317098,1.031716364,-0.5511233934,-16.86725478,0.0,0.8356615394,0.0,-0.2435168652,1.138834485,-5.002244807,1.1,3.955323576,-5.82,0.1226979139,50.11470593,0.8425239805,0.8603172599,4.831074097,65.15984037,3.220442956,1.078070599,1.470065027,0.4089073129,1.003833621,152.7064416,52.2001832,0.7862068966,25.25270269,0.5709709241,1.56823838,-0.02403246151,1.226384321,0.04925768629,1.079706915,0.9289594964,-10.2452741,0.9864876842,11.46402478,0.0,0.0,0.5,2.137684529,0.6553504457,0.5588952402,1.112008543,3.322916667,0.0,0.0,21.4210879,0.8369413001
2.542257615,4.314852378,3.0,2.596754057,2.256410256,1.628700991,144.9900046,153.5359795,153.7729693,155.7811776,12.16,0.01004014928,-0.1405069187,-0.004223289938,-0.1349379471,-0.05188286141,1.229280533,1.13804482,0.7881649699,0.492071503,1.087658157,1.044461448,1.093936126,1.221219377,1.207650273,1.01468963,0.7998350855,0.9045780474,0.9256352113,0.7865122048,0.9483661898,1.126218693,1.050074128,1.055323047,-0.4664932241,0.9938723241,3.041961411,1.397278957,0.2410172699,0.08192204586,0.1445767338,0.0,2.071118565,0.0,4.304609316,0.0,2.473508677,0.0,0.0,0.0,0.0,0.0,0.0,0.0,1.182549131,1.819249864,0.3706896552,0.6666666667,0.2010594842,0.0,0.575,25.07837358,0.0,5.098681808,18.20875424,41.97130694,35.90773555,5.693927995,0.0,22.51475897,0.0,19.33156291,0.0,5.693927995,0.0,0.0,4.190114953,0.8221708081,2.071118565,14.70806892,24.32669293,35.64,1.986111111,1.254444444,0.3796371882,0.1962947216,0.08969907407,0.02479338843,0.07046070461,0.2788406322,0.9835442722,23.55616808,-1.814130585,1.010725867,1.124974243,-0.8214247546,0.4407393706,1603.66504,3.15,0.0202,1.15311604,1.585699682,0.6706519733,0.03484567901,4.567099648,1.004318426,1.008818342,6.213165586,2.45210728,1.098872951,0.01666666667,0.9875490043,13.59242839,1.059841903,0.98215663,0.3191817551,1.036774479,-1.204405202,-34.22,16.46637642,0.8373941296,0.0,-0.2137462585,1.075573066,-2.582790922,2.4,3.3114712,-3.48,-0.4071049453,29.18999188,0.822218167,0.6785276564,4.930389993,53.54,0.0,0.979368949,1.758098653,0.3498441043,1.067207681,151.4394426,50.28462104,0.7666666667,19.33156291,0.7688721876,2.010456895,0.01985655099,0.9574766236,0.0,1.00508843,1.078080229,-7.92,1.124430747,0.0,7.047671983,0.0,0.4833333333,2.241851852,0.5267324888,1.185762695,1.094281749,3.522727273,0.0,0.0,17.9326124,0.9706787967
2.434981486,4.319810774,2.831168831,2.718300654,2.489379085,1.632400559,144.7338718,152.0935618,155.0184353,159.1287456,8.9375,0.009825470008,-0.2010278609,-0.06445935692,-0.1598968571,0.08465367034,1.152242729,1.288164652,0.7896347613,0.5284009055,1.010061104,1.127301394,1.118297762,1.187707641,1.188452285,0.9603283174,0.817705502,0.9267630633,0.9431335993,0.8855946229,1.019133467,1.077112044,1.017937371,1.071131178,-0.3792163137,0.9938455743,3.059385215,1.427503886,0.1905441432,0.1268445828,0.0761440227,0.0,2.085917374,0.0,0.0,0.0,0.0,0.0,0.0,0.0,0.0,0.0,0.0,0.0,1.219619221,1.776306776,0.3017241379,0.625,0.1812432276,0.01866666667,0.575,26.41852871,0.0,5.098681808,29.82891977,42.81902403,29.7174337,5.693927995,0.0,33.77213846,0.0,20.16532066,6.9237372,5.563451492,0.0,0.0,0.0,2.085917374,0.0,14.12674474,23.05833076,54.46,1.118055556,0.9755555556,0.2806802721,0.1395817586,0.08,0.04938271605,0.06606606607,0.3385684668,0.9489042811,22.95538616,-1.717431671,0.8934605213,1.226051821,-0.8125903502,0.210865493,1507.447412,4.99,0.0111,1.002635692,1.212982767,0.681465016,0.02787301587,0.0,1.003307691,0.8623079827,53.66552016,2.514430014,1.084202085,0.01666666667,1.037926673,0.0,1.107444603,0.9535203787,0.3339689284,1.143579373,-1.260821538,-2.02,5.563451492,0.8175745518,0.0,-0.05556609761,0.9901078222,-2.878147589,2.13,3.195461844,-4.25,-0.2549486631,33.77213846,0.9036671327,0.5905032613,4.817506871,41.83,0.0,0.8802815513,1.740455415,0.2552437642,1.105996014,148.84458,50.28462104,0.748,20.16532066,0.8821053129,2.126466251,0.04537670511,0.9490347121,0.0,0.9244627054,1.008751952,-2.9375,1.09001285,0.0,0.0,0.0,0.4833333333,2.140024172,0.6116819903,1.241427017,1.095555569,3.24137931,0.0,0.0,11.38785599,0.9788848724
2.598841631,4.136798639,2.597014925,2.540855828,2.056510876,1.547153023,145.3956436,154.9790837,161.709892,154.9556316,17.87130362,0.006932664093,-0.2455749542,-0.0135267323,-0.1328685501,-0.1219197996,1.311624759,1.263979514,0.9280608417,0.4346384855,1.02191186,1.198589562,1.365449927,1.156627907,1.011337209,1.350059125,0.9286006147,0.7264175173,1.196062144,0.7876971053,1.038924942,1.140155782,0.8695636958,0.9770031648,-0.4349723905,0.987625614,3.042027938,1.134637064,0.1853999472,0.08952602959,0.4665289338,0.1020620726,8.996491366,0.0,0.0,0.3889338992,0.0,0.1717595742,0.0,0.0,0.0,0.0,0.0,6.197203282,1.260155738,1.756112843,0.3433667781,0.6346153846,0.2558672244,0.0,0.4081632653,29.10698288,4.983978521,5.098681808,45.36225576,41.66473186,29.91688551,10.84703781,0.0,22.51475897,0.0,19.74844179,5.414990469,45.00071083,0.0,0.0,2.156712018,9.902031254,0.0,6.603436335,18.43158883,43.6,2.958333333,1.949444444,0.9389569161,0.3408919123,0.148125,0.01234567901,0.07575757576,0.3454333446,0.960862579,17.67971796,-2.725461643,0.7735348689,0.3896063268,-0.461435828,-0.1549024156,1985.784971,5.19,0.00153,1.244419885,1.23706978,0.7105510391,0.04641534392,0.0,1.090590555,0.9210270777,5.076987816,2.294730053,1.132575892,0.007142857143,1.173352693,12.96557803,0.9893829533,1.078157481,0.2116638243,1.374793698,-0.7453756657,-133.0494547,5.693927995,0.9545545737,0.01923076923,0.04481259323,1.06101955,-3.701790425,3.06,3.357438747,-5.38,0.2270066036,41.174265,1.024026955,1.834031643,4.999578757,95.09978867,0.0,1.093266256,1.660257732,0.6510770975,0.9544564191,153.3079873,52.84191381,0.7879120879,19.74844179,1.237330418,2.257271098,-0.2006284013,1.012204085,0.0,1.277773518,1.176979826,-26.40149938,1.11295107,0.0,5.414990469,0.0,0.4928571429,2.057837087,0.7626118068,1.237828678,1.137541657,3.13740458,0.0,0.0,11.38785599,0.7780821525
2.482383273,4.30402107,3.0,2.408008658,2.026024996,1.656287155,143.9403387,157.0389161,156.6965443,153.0945087,11.76134122,0.01189721143,-0.5396529017,-0.1431720247,-0.1059273699,-0.08575635946,1.571246268,1.173557631,0.9898789738,0.4758720982,1.052302905,1.273678825,1.312242243,0.942464442,1.087554037,1.35822274,0.9607083169,0.8402431548,0.9511339239,0.8258951035,0.8315864994,1.182091742,0.986530713,1.026303907,-0.363784315,0.9878173507,3.0404216,0.6094207858,0.2199755994,0.108133281,0.1110709264,0.0,4.181982507,0.0,0.0,0.0,2.230648962,0.0,0.0,0.0,0.0,0.0,0.0,0.0,1.138385299,1.883941746,0.3399433428,0.652173913,0.2529911733,0.02053140097,0.4871794872,28.49793147,14.95193556,0.0,12.99010427,25.47729296,23.05826388,16.52595619,0.0,21.95893118,0.0,19.93591408,6.9237372,24.86289132,0.0,0.0,1.190195237,4.181982507,0.0,4.650980454,16.02327091,54.46,1.451388889,1.358333333,0.5258956916,0.2109158478,0.09594135802,0.04,0.06606606607,0.3518722491,0.8986121784,22.7724817,-2.057322119,-0.02046992176,0.4795217058,-0.8736494963,0.6436521145,2119.841262,6.97,0.00251,1.092915625,1.013555888,0.6874430569,0.04116161616,4.983978521,1.048934366,0.9593378517,18.18570524,2.361694102,1.264726477,0.0,0.9115670476,6.420821623,1.055927443,1.181323155,0.1009237475,0.9363269332,-0.7522350706,-28.52969538,4.699919916,0.8050723821,0.0,-0.179588607,1.053134476,-3.552300285,1.94,3.789538208,-6.55,0.2129567621,51.83560763,0.5130928182,0.7881484763,4.830502271,61.58711374,3.305401628,1.154287816,1.541302822,0.3272746599,1.012033865,150.2663309,53.81594127,0.7722222222,19.93591408,0.5196067309,1.495864011,-0.06900777507,1.151148041,0.0,1.201586221,0.9447594664,-15.45825115,1.072868706,0.0,0.0,0.0,0.5115942029,2.180756803,0.5790872148,1.165488894,1.141976825,3.586666667,0.0,0.0,21.4210879,0.8655348979
2.483204969,4.356167928,3.156626506,3.291270972,3.235943775,1.550463443,146.1363507,157.6642698,157.610933,156.0673624,8.301875,0.03454055879,-0.5647065506,0.1813461611,-0.09626915737,-0.004216798126,1.523630395,1.071492411,0.8546993794,0.4886642624,1.205283664,0.8667377649,1.066160385,1.012123234,1.013156013,1.191191191,0.7621789764,0.4902192924,0.8867638809,0.840506786,0.9541379681,1.230487041,1.096429583,1.050328711,-0.4868751073,0.9728927718,7.008293607,0.6101374033,0.1806011464,0.1138269128,0.07931626887,0.0,1.928811002,0.0,0.0,0.0,0.0,0.0,0.0,0.0,8.911700783,10.8028479,0.0,0.0,0.9228913402,1.853481487,0.3792134831,0.68,0.2278383624,0.0430617284,0.475,28.91833544,9.967957042,0.0,0.0,25.12283841,23.05826388,16.52595619,19.37479049,33.45795484,9.473725908,32.82071055,6.9237372,17.93915412,0.0,5.969305288,10.8028479,2.141267814,0.0,4.650980454,17.38346181,97.33,1.451388889,1.518333333,0.6370068027,0.2537399219,0.2253240741,0.0908070605,0.06666666667,0.3818396072,0.6906066905,24.83248033,-2.002301705,0.1996088336,0.967316987,-0.5507356751,0.3286910732,2021.920682,4.67,0.0637,1.179194403,0.8955513257,0.6955416231,0.04338095238,19.56423182,1.103604175,0.8805533769,145.6491467,2.926520898,1.171171171,0.02533333333,0.9943242533,11.21535881,1.154223618,1.212978284,0.3300919656,1.030196864,-1.000495809,19.44527778,11.33678588,0.8262273554,0.0,-0.3429843861,0.9802844821,-1.729818309,0.79,4.089822782,-4.74,-0.02324784046,27.65285917,0.633755394,0.7292229112,4.831349667,52.08972222,1.508772886,0.8966980323,1.435253007,0.4522746599,1.003914405,152.4278319,47.96762908,0.8382716049,14.95193556,0.5877443751,1.232105313,0.0670318968,1.088309447,-0.8540068722,0.9383493095,0.9125043207,-14.323125,1.310527087,10.85322099,0.0,0.0,0.4746666667,1.962659071,0.7081500105,0.9161348566,1.127560723,3.6375,0.0,0.0,12.11474962,0.8746210898
2.464302333,4.072513451,2.776595745,2.903703704,2.870266334,1.41654789,147.5474914,161.3773564,161.0335822,159.3149639,10.45283951,0.0225460053,-0.604728055,0.01355752718,-0.03797900037,0.01017822255,1.591049672,0.8674864806,1.247000768,0.5047612499,1.129846936,1.079652018,1.139452347,0.9241642959,1.036475929,1.161317568,0.7683227531,0.5526693093,0.8848861912,0.9453408971,0.8971326744,1.090800532,1.040504442,0.964979294,-0.3635937596,0.9778763872,7.008271541,0.6101372261,0.2178844778,0.1257174394,0.06542737998,0.0,3.913751117,0.0,0.0,0.0,0.0,0.0,2.867978762,0.0,9.510659254,0.0,0.0,0.0,0.9420876807,1.634673903,0.3305785124,0.64,0.2391909549,0.05742857143,0.3555555556,24.99321444,9.967957042,0.0,6.9237372,37.6100271,23.05826388,22.27546802,9.901064579,27.70844301,5.316788604,25.96564269,6.9237372,31.28371294,0.0,0.0,0.0,4.255293067,0.0,5.777470331,16.38359906,90.9,1.444444444,1.452222222,0.5406349206,0.283446712,0.2053240741,0.1025425977,0.07207207207,0.351575665,0.7915458123,23.40259178,-1.965495382,0.369257035,1.016287966,-0.7753167022,0.4468586156,2355.817502,4.9,0.086,1.22118888,0.8137069767,0.7124476124,0.0427124183,15.40729452,1.089327795,1.166231269,166.8044079,2.834449698,1.130701014,0.016,0.8904182069,11.33929359,1.148842898,1.19881535,0.07946755677,1.090168491,-0.7902108733,-38.52021948,11.33678588,0.8986800851,0.02,-0.282705007,1.049341583,-2.498457725,0.75,4.011204419,-4.62,0.2489804524,34.0736808,0.8123545226,0.6935264414,4.782522541,62.15155007,1.530135723,0.9993277753,1.477486721,0.521789966,1.063489852,153.5407693,51.02747748,0.7785714286,20.26872417,0.5224394445,1.480648677,0.02216069146,1.186150442,0.01085785252,1.076986074,1.064471954,-14.31654321,1.118231561,11.69804537,0.0,0.0,0.484,1.979476488,0.729406268,0.8054488317,1.243798385,3.25,0.0,0.0,12.2386844,0.8485415132
2.467094542,4.291957895,2.983870968,3.363609641,3.536338225,1.749797529,145.3298045,156.2191255,154.8115469,156.8657043,6.123702422,0.01633254477,-0.6141739611,0.0812264805,-0.1876758135,0.256158803,1.573447185,1.512470454,0.9322239333,0.4988544116,1.067855014,0.9859538472,1.042117175,1.011963508,1.258345428,1.072707167,0.6763312894,0.6269790717,1.515549026,0.8702000406,0.9095995767,1.088602627,0.9679742572,1.072001144,-0.3944117671,0.99294228,8.001917922,0.6050204281,0.221977556,0.1069603168,0.1090616971,0.0,0.0,0.0,0.0,0.0,1.614080058,0.0,0.0,0.0,0.0,0.0,0.0,0.0,0.8183824641,1.401630714,0.3565365025,0.652173913,0.1833207902,0.04236853002,0.6176470588,28.84238913,14.35837209,0.0,23.46952001,36.39820241,11.76029506,5.817220841,4.390415048,21.82845468,5.733667477,14.95193556,5.817220841,0.0,9.521973528,0.0,13.52254936,0.0,0.0,8.415430261,19.33134772,64.69,1.409722222,1.517777778,0.5037188209,0.1315192744,0.098125,0.03295582083,0.06606606607,0.4785068224,0.789334598,21.62439909,-1.952840085,0.05701197638,1.327925789,-0.4703776087,0.1981317665,1722.904198,4.74,0.0104,0.8722324638,0.6981839455,0.6874430569,0.04599326599,5.733667477,0.8825008165,0.8474342992,93.09601941,3.790919952,1.201948994,0.01221532091,1.006652492,0.0,0.9474685008,1.282181603,0.06046426455,0.968645213,-0.7765010627,-28.19915417,23.46952001,0.6923650199,0.04347826087,-0.017788238,1.092049066,-3.367513317,2.26,3.2039599,-4.98,0.1636294999,21.60447662,0.9628400604,0.7070852708,4.866634771,24.13917724,1.338016582,0.9554097804,1.57014441,0.3264243197,0.9576772949,147.6821734,47.04315341,0.7872380952,14.95193556,0.8235294118,1.883502942,-0.1426706554,1.01135927,0.0,0.8621042235,1.214562203,-4.21799308,1.051054824,0.0,0.0,0.0,0.4877846791,1.905688303,0.6821872671,1.105911823,1.05396035,3.793650794,5.878329082,0.0,27.29840462,1.235867943
2.489417402,4.635372996,3.357142857,2.986454047,2.789437586,1.680261638,148.5938777,155.9702392,155.5744163,159.8518088,12.63706267,0.01699097935,-0.3996888486,0.02115395503,-0.08916181629,0.1128552714,1.42996959,0.8942356688,0.9829463297,0.4831028665,1.099804701,0.9886957803,1.037705899,1.083115828,1.051579749,1.043000427,0.8435001875,0.9171408241,0.8277240431,0.7913115931,0.9430902387,1.032409434,1.043231431,1.087102339,-0.5291677815,0.9779390634,3.513573785,1.197963246,0.2061653358,0.08216682445,0.1048899075,0.0,3.585282635,0.0,0.0,0.0,0.7458180862,0.0,3.218309398,0.0,0.0,5.293729457,5.645589517,0.0,0.9437374735,1.526526044,0.3426724138,0.671875,0.187328697,0.01575126263,0.5490196078,30.33847573,14.18117935,10.19736362,12.13273414,61.10326455,35.40481997,17.7707599,4.736862954,28.26427081,10.05365156,41.58475591,6.9237372,5.693927995,5.687386275,0.0,8.659793197,1.955755626,1.629527009,11.91980475,24.4497476,82.16,1.979166667,2.042777778,0.7772789116,0.3482221592,0.2940740741,0.1695724926,0.06535947712,0.384636032,0.9175320074,30.64661613,-2.062530517,1.20819163,1.52943448,-1.17799465,0.3883533044,2185.375497,3.42,0.00423,1.179045686,1.17435416,0.6899617195,0.04255787037,10.05365156,1.002481311,0.9509484571,90.68468115,2.847773369,1.105203223,0.01666666667,1.010393481,0.0,1.13481464,0.9501380736,0.2269947823,1.073062481,-1.458236292,-11.41637832,6.327320075,0.8351729224,0.03125,-0.2054833607,0.9406189193,-4.155509936,2.72,3.769314557,-5.63,-0.2615185492,45.2927623,0.9341098832,0.8665634189,4.859112107,73.22059891,0.0,1.163483509,1.500233569,0.6137329932,1.115870811,154.6937503,48.38728898,0.804040404,29.36252149,0.8242960788,1.903110785,0.07051468691,1.107006639,0.4323721865,0.9450813337,0.9734805276,-7.907343329,1.190918993,0.0,0.0,0.0,0.4833333333,1.973081858,0.6381678501,1.062830967,1.151655482,3.469026549,0.0,0.0,12.80372554,0.9712062093
2.475258467,4.551180229,3.237288136,2.974434612,2.992929293,1.579680176,146.2217091,157.9963401,158.5210539,159.8726926,9.852748943,0.01488613212,-0.4623449437,0.05018883386,-0.1122412901,-0.03929845524,1.481348608,1.235725863,1.229043147,0.4816028966,1.111555581,0.9950215285,1.04937272,1.046371714,1.156723143,0.9737543945,0.603371585,0.5634527303,0.6132711744,0.9053723345,0.950084712,0.9478654363,1.026694733,0.9551124407,-0.3981347424,0.9113363515,6.027276849,1.429020445,0.1625357769,0.07225270312,0.06541342195,0.0,1.968061701,0.0,0.0,0.0,1.643912856,0.0,3.332529078,0.0,0.0,0.0,0.0,0.0,0.9354481408,1.684253049,0.3267973856,0.6640625,0.1777019754,0.02867647059,0.568627451,32.88361094,4.983978521,5.261891555,18.19910121,49.38830668,29.3384529,5.824404498,0.0,28.71445679,5.316788604,24.9198926,18.25485007,17.08178398,5.687386275,0.0,0.0,2.44135976,0.0,15.34427918,29.33424017,103.17,1.659722222,2.025,0.6156462585,0.2680933485,0.281566358,0.185389246,0.05777777778,0.389586775,0.8956866279,30.73473625,-2.104013569,1.00747872,2.074800766,-0.9157294885,0.0006638924955,2512.324422,5.01,0.00688,1.182217953,1.163058943,0.6848636974,0.04402173913,10.30076712,0.9748495369,1.021927285,25.53382099,2.846751412,1.146190068,0.021875,0.9438083753,6.544756406,1.111936,0.9628531972,0.4076989183,1.14802986,-1.766929648,-14.45597847,0.0,0.8091796514,0.015625,-0.2469399279,1.07628463,-3.185688362,0.92,3.518533745,-5.11,-0.3257002327,50.88435568,0.9066025735,0.7702072531,4.87485025,55.5171088,0.0,1.053067959,1.643300655,0.5573625283,1.119297081,150.9941239,47.91974111,0.7588235294,24.9198926,1.019101342,2.153891597,0.1022571985,0.8046193994,0.0,1.06771451,0.976930228,-6.000768935,0.9378557597,0.0,0.0,0.0,0.478125,2.000082149,0.6668742217,0.966126871,1.209208366,3.464285714,0.0,0.0,46.29261463,1.056454582
2.482756918,4.560493637,3.196581197,3.074668705,2.877627628,1.455194872,150.7422912,162.2205903,163.5533186,163.2249086,9.5504,0.01838991296,-0.4342819427,0.03970165349,0.02682604093,-0.002112097304,1.516031733,1.107692384,1.205835997,0.5115740741,1.111607143,0.8528037383,0.9678899083,1.089242788,1.033232119,0.9957215949,0.6096643519,0.641161859,0.7164934165,0.9278108045,0.9903619376,0.963490688,0.9929304645,1.050443586,-0.374628992,0.9925253564,8.001919071,1.297044508,0.144350754,0.07224962686,0.09238926608,0.0,1.655368773,0.0,7.618667973,-0.05412024617,0.0,0.0,6.445015369,1.901811093,0.0,0.0,0.0,0.0,1.005358063,1.431712569,0.3478701826,0.6833333333,0.2082598057,0.04822510823,0.56,29.07485563,19.35077682,0.0,24.27512131,37.26522558,17.46044569,17.9801607,4.390415048,11.38785599,10.74258,32.46515906,12.74095804,17.21226049,10.07780132,0.0,13.78062924,2.171127544,0.0,12.47983454,22.70206157,81.23,1.479166667,1.797777778,0.6376417234,0.3053980852,0.205941358,0.2149760229,0.06944444444,0.3674978304,0.8320301831,31.94576977,-2.237041993,1.455679575,1.721835061,-0.8778967481,0.1470175762,2785.962711,3.13,0.0272,1.153810694,1.207136859,0.6833808251,0.04384823848,10.30076712,0.9237732049,1.21115469,26.67574143,3.017806268,1.124415888,0.03047619048,0.9832937806,6.544756406,1.031671074,0.927533345,0.235564017,1.177884615,-1.772618985,-27.56,6.066367068,0.8561746053,0.03333333333,-0.2012012543,1.122807018,-3.709659592,2.4,3.877487984,-4.14,-0.07715742186,28.47275129,1.036188725,0.7362351674,4.863646998,52.96,0.0,0.9903076547,1.540459847,0.6476048753,1.006986062,156.5904547,47.73520052,0.7822510823,25.38663948,0.7101955001,1.766368206,0.0316961192,0.8891977163,0.9076288633,1.072649573,0.9786036036,-11.5808,0.9377377788,0.0,4.992404733,0.0,0.4695238095,2.001225328,0.7167022792,0.6241707833,1.143195637,3.457943925,0.0,0.0,29.32046839,1.043030487
2.527110816,3.91853569,2.297619048,2.788751715,2.75,1.437044268,145.1110422,161.0443566,159.704181,156.6554547,7.356734694,0.01092948001,-0.4228638672,-0.01808517185,-0.06081792629,0.05973679281,1.411474643,1.033617162,0.6687349069,0.4249264197,1.078568778,1.120447178,1.076782306,1.140831203,1.381216556,1.061273738,0.5015923567,0.5427486526,1.396069699,0.9457576622,0.8746388521,1.20797489,0.862009481,1.044476001,-0.4431094094,0.9938455052,8.001917432,1.348828131,0.2451987555,0.0919280896,0.09033189192,0.0,0.0,0.0,0.0,0.0,0.0,0.0,0.0,0.0,0.0,0.0,0.0,0.0,1.092572279,1.4925,0.3404864092,0.6666666667,0.2108470318,0.0,0.5714285714,24.15772897,9.374393569,0.0,6.066367068,42.81902403,24.72587309,17.33555333,4.390415048,22.64523548,0.0,14.53505669,5.817220841,12.24522612,4.390415048,0.0,15.4244982,0.9601951058,0.0,13.26955239,20.10785084,30.71,1.381944444,1.228333333,0.2719274376,0.1128826531,0.03,0.01234567901,0.06535947712,0.3321002298,0.8633416364,18.49914231,-1.640075804,0.9280222783,1.065551657,-0.3662594047,0.0434334607,1529.471055,4.0,0.0466,1.075316709,1.241301361,0.6778019067,0.04094444444,4.567099648,0.9558920778,0.8755934477,3.664325793,2.668650794,1.490126042,0.02448979592,0.936689158,12.96557803,0.9039645445,1.141880874,0.049892541,0.9724340815,-1.14461265,58.10938776,12.13273414,0.8697899259,0.02380952381,0.0618644261,1.209681104,-2.600537474,2.49,3.324675604,-3.06,-0.007716878527,47.85603963,0.3716833065,0.4724481531,4.88992845,45.17387755,0.0,1.132072556,1.70389011,0.2777777778,0.9338678281,151.9787193,49.64657009,0.8102040816,14.53505669,0.7328995558,1.804607413,0.07958636779,0.8843567138,0.0,0.8096902412,0.8543797543,-2.211428571,1.202056606,0.0,0.0,0.0,0.4755102041,1.963375378,0.6209929924,0.6173003329,1.069415204,3.710144928,0.0,0.0,11.38785599,0.993902228
2.418348561,4.527285573,2.985915493,3.466216216,3.131944444,1.568129555,148.9012077,158.0143341,162.5978919,162.5370035,7.869806094,0.01556156345,-0.3165637934,-0.02440400061,-0.1596333436,-0.08847060717,1.300891446,0.9253166741,0.9537288474,0.4664466169,0.9955535468,1.087827353,1.174414601,1.139887972,1.08258879,0.8626179245,0.5647619201,0.6336425488,0.7576560746,0.8807830904,1.068976292,1.04798031,0.9799594203,0.8847663519,-0.3756635129,0.9929434621,8.001917991,1.417757826,0.1972302712,0.1061151607,0.06856204604,0.0,1.92756137,0.0,0.0,0.0,1.594080148,0.0,3.303553949,0.0,0.0,0.0,0.0,0.0,0.9859855651,1.461757219,0.3544303797,0.65625,0.1797893311,0.04075091575,0.5789473684,25.24352369,4.390415048,5.098681808,11.62981856,37.25557254,23.64452491,16.85062228,4.390415048,11.25737949,5.316788604,20.16532066,12.74095804,5.563451492,15.7651876,0.0,14.09860995,1.92756137,0.0,7.83022589,20.03385019,66.49,1.5,1.208888889,0.373968254,0.1597222222,0.14,0.1025425977,0.0701754386,0.3810511767,0.8517652577,21.66864452,-2.054199607,0.4594685554,1.339232145,-0.7864226082,0.1386010043,837.9961772,4.06,0.0173,0.9827788868,1.133421396,0.6882623788,0.03663299663,5.316788604,0.9428033809,1.018771431,24.18768711,2.920187793,1.122835562,0.02976190476,1.086602749,0.0,0.9301020638,1.019204351,0.3612492259,1.205831904,-1.537976239,32.39058172,6.066367068,0.7974440547,0.04166666667,-0.07619661695,0.975439556,-2.518341863,2.34,3.680851855,-4.24,-0.2737398462,27.97162548,1.138598455,0.6404914847,4.80790263,40.82825485,0.0,1.144687547,1.575475435,0.2395833333,1.042560325,152.5881706,46.96183577,0.789010989,20.16532066,0.5859121712,1.567075658,0.03029072186,0.9586056398,0.0,1.041625441,0.8624096074,0.9362880886,1.011196485,0.0,0.0,0.0,0.4702380952,1.855023673,0.6672514956,1.491209274,1.134379321,3.189873418,0.0,0.0,17.57815784,1.038576845
2.552503364,4.315870367,2.769230769,2.631631632,2.103773585,1.549278599,144.164589,157.1625315,154.0037272,156.8603054,12.70470525,0.007814272873,-0.1579593435,-0.02165420923,-0.1438774246,-0.1149674493,1.152825219,1.207401251,1.028911168,0.4289361702,1.104752475,1.138762887,1.266306306,1.109475893,1.329144022,1.223217783,0.7501959943,0.785786061,1.12673936,0.8769878325,0.8317004632,1.15973288,0.9448618492,1.004087094,-0.4357126271,0.9938453721,3.042116129,1.343865392,0.1936003629,0.08575461263,0.130682846,0.0,2.022597212,0.0,0.0,0.0,2.183056868,0.0,0.0,0.0,0.0,0.0,0.0,0.0,1.314499244,1.892986111,0.3636363636,0.65,0.2154797521,0.0,0.5581395349,27.76270778,0.0,5.098681808,24.26546827,49.59430021,35.07913167,5.693927995,0.0,22.51475897,0.0,19.74844179,6.9237372,17.80867761,0.0,0.0,2.156628874,3.00589598,0.0,14.54639206,26.44538367,43.6,1.756944444,1.507777778,0.5251247166,0.1529273747,0.056875,0.01234567901,0.06349206349,0.3107470361,0.9600122217,16.01795003,-2.325863493,1.231894483,1.495115136,-0.6117195274,-0.09996435949,2067.542451,4.52,0.00877,1.099751452,1.289551885,0.6721101656,0.03677506775,0.0,1.002190813,1.068656909,9.502881969,2.359924027,1.349170775,0.016,0.8977058897,12.96557803,1.015733684,1.020129884,0.3423259858,0.939110306,-1.23705933,-39.0,22.20705519,0.8599464506,0.0,-0.1317843137,1.152083333,-3.59250047,2.66,3.337577835,-4.12,-0.1219413571,41.98488435,0.8160683115,0.6707057761,4.995009575,68.0,0.0,1.241930686,1.77473879,0.2699829932,1.245834034,150.3015832,51.06314193,0.764,19.74844179,0.9188319768,2.088686919,-0.1687122771,1.104257607,0.0,1.244444444,0.9773584906,-22.78853434,1.122451189,0.0,0.0,0.0,0.484,2.142986111,0.5394888992,1.247113979,1.204661894,3.81443299,0.0,0.0,11.21062871,1.069790639
2.563009046,3.97468675,2.37755102,2.607142857,2.053191489,1.514867855,145.7804246,154.2674961,165.462619,156.1975289,10.87,0.008359930452,-0.1082221707,-0.1824739989,-0.1817782041,-0.09536397719,1.112893347,1.278977254,0.7220241921,0.485306479,0.8997386605,1.458008505,1.362255746,0.9232954545,1.056120415,1.412337662,0.7867095275,0.7953339309,1.191203545,0.8188232486,1.200282581,1.306958352,0.677982148,0.9275252516,-0.4352125109,0.9929025382,3.04576716,1.160371354,0.2051083971,0.09101639843,0.0940067503,0.0,4.580256677,0.0,0.0,0.0,0.0,0.2567064673,0.0,0.0,0.0,0.0,0.0,0.0,1.302641723,1.819503456,0.2735849057,0.6477272727,0.227453123,0.0,0.5,25.85560805,0.0,5.098681808,19.91384147,41.66473186,36.39266661,5.693927995,0.0,22.51475897,0.0,19.74844179,5.414990469,19.54140239,0.0,0.0,2.1525548,5.531894054,0.0,10.94090161,16.35430171,43.6,2.236111111,1.322222222,0.4531972789,0.1471403376,0.03125,0.0,0.06006006006,0.2616418338,0.9393886377,19.00197491,-1.993442636,0.9689364365,0.9077091012,-0.5280513279,-0.07987314685,1355.578952,3.59,0.0548,1.207186419,1.355813785,0.6889313532,0.04006734007,0.0,1.128766539,0.6457400146,5.423541327,2.329931973,1.458806818,0.01818181818,1.224608521,12.96557803,0.7912689721,1.125551827,0.2660030092,1.487121212,-0.8177444827,-18.085,11.25737949,0.935285258,0.0,0.08589941364,0.96254989,-3.115823545,1.89,3.401205059,-3.18,0.02497107429,29.91688551,0.8229433411,1.623159156,4.924062008,62.7175,0.0,1.030235276,1.697846699,0.3159722222,1.157029928,152.8831113,51.22571585,0.7727272727,19.74844179,0.927985387,1.920723036,-0.1237456674,1.025414728,0.0,1.025217316,0.9321139376,-12.48,1.314060641,0.0,5.414990469,0.0,0.4818181818,2.051203704,0.7901691332,1.209318807,1.118945644,3.6375,0.0,0.0,5.693927995,0.9629410701
2.476126138,4.307658617,2.817073171,3.355413105,3.025584795,1.520803003,146.7401428,158.0266245,157.9245791,159.7712948,10.01038781,0.0278266106,-0.4695687665,0.01867286424,0.03569564485,-0.06026509095,1.448911557,0.9646259421,0.8707899067,0.5200945062,1.072000407,0.9630136986,1.089122635,1.103148865,1.183127158,1.109748901,0.97975168,0.968743518,1.16496033,0.8009843574,0.9495464727,1.25912561,0.990472355,0.9919997428,-0.4868117291,0.9878630511,6.002696239,1.438829424,0.1993476483,0.1014342432,0.06274916425,0.0,1.934830434,0.0,0.0,0.0,0.0,0.0,0.0,0.0,9.437722243,10.78429623,0.0,0.0,0.9104492105,1.802462207,0.3644859813,0.6956521739,0.2028115871,0.02300724638,0.5263157895,27.25526357,9.967957042,0.0,6.066367068,31.18920547,17.95713863,5.693927995,14.5802533,28.70474243,9.473725908,26.43452639,6.9237372,11.38785599,0.0,0.0,12.68239808,2.039260447,0.0,8.385600675,18.47927566,69.4,1.479166667,1.455555556,0.5029024943,0.1753826531,0.09594135802,0.02469135802,0.06606606607,0.3369553677,0.7416611126,22.7555036,-1.843822904,1.247711989,1.212455628,-0.5967792027,0.129020823,1791.39588,2.69,0.218,1.354079496,1.206122037,0.6874430569,0.04410774411,14.5802533,1.107842447,0.8507212694,128.5878877,3.122289973,1.243800345,0.0347826087,1.001314696,6.606881965,1.122853434,0.9079323605,0.2067785091,1.0350132,-1.559419268,12.63157895,0.0,0.8936252501,0.0,-0.51643603,1.01746983,-2.756712691,1.08,3.647592147,-2.73,-0.2290375929,22.8247541,0.8770936067,0.5918727121,4.845786517,47.89196676,0.0,0.8539498745,1.548151709,0.3446003401,1.158876226,154.6383206,47.58509543,0.8291666667,14.53505669,0.7438069081,1.600335366,0.08178393973,0.6890571562,0.0,0.987061079,0.9563763862,-11.29501385,1.294282447,0.0,0.0,0.0,0.4652173913,1.939435049,0.6116646552,0.9120803897,1.140000011,3.4375,0.0,0.0,17.98819623,1.029493954
2.480193002,4.586890084,3.089552239,2.926290464,2.944878472,1.485628527,147.5967449,157.5778633,158.7847684,160.366464,12.84056122,0.02533537787,-0.5627624379,0.0848610387,-0.100189963,-0.06546038811,1.611106133,1.022984311,1.058089954,0.4959842605,1.085933027,0.9118320231,0.9921972884,1.107156488,1.072008663,0.9322630015,0.7836193035,0.5929535324,0.5388082372,0.9025015269,0.9624173122,0.9317433183,1.053180719,0.9168708543,-0.4868866541,0.9729223297,7.008276949,1.42421381,0.1421530045,0.07780668145,0.0822774992,0.0,2.076756568,0.0,0.0,0.0,0.0,0.0,3.297285735,0.0,0.0,11.00740324,0.0,0.0,1.001554035,1.683173286,0.3548387097,0.6666666667,0.2070298978,0.05733005733,0.5,31.09121391,4.983978521,0.0,19.05647134,54.95175817,22.50821725,5.824404498,14.26826309,34.14425914,20.52418199,27.6520576,0.0,28.80005837,5.687386275,5.907179729,11.00740324,2.71473507,0.0,13.58001705,30.19697142,115.15,1.854166667,1.997777778,0.614829932,0.2711404006,0.3040740741,0.2480338741,0.0641025641,0.3840855018,0.7723350511,33.87046942,-3.029973773,1.288197551,1.30782096,-0.8920864797,0.176954616,2597.343137,4.55,0.00756,1.185843099,1.036357867,0.6904812668,0.04162037037,25.50816051,0.9724926009,1.040987603,180.9144438,2.784825871,1.141643413,0.0303030303,1.023943634,12.96557803,1.181572579,0.9801562007,0.3517403009,1.10059556,-2.035365191,-32.67346939,0.0,0.8543666361,0.01515151515,-0.5015139922,1.076164295,-2.97223218,1.39,3.790071227,-5.49,-0.3390938933,52.0212877,0.7783258277,0.7800721516,4.852858251,68.93877551,0.0,0.8258181612,1.595430564,0.6163548753,1.147181793,152.4611344,48.6149362,0.772972973,14.95193556,0.9281101509,2.017283695,0.137364902,0.9062089276,-0.4667503885,1.021207835,1.024329419,-4.992984694,0.9144318143,11.47191301,5.733667477,0.0,0.4696969697,2.0082421,0.6670276123,0.8792049922,1.142010782,3.261538462,5.392922264,0.0,23.62654039,1.026216219
2.477060554,4.55375734,3.223140496,2.604041363,2.510611162,1.635647765,144.3995229,154.8961175,155.6496898,156.4561625,9.410466358,0.01019926995,-0.2936794216,-0.06028572901,-0.06324566243,0.04765776808,1.348400235,1.180214241,0.9370978519,0.5574821448,1.108614468,1.067087958,1.106529561,1.036146273,1.179970216,1.11814346,0.8768792672,0.8705084129,1.012161478,0.8992425181,1.001063623,0.96745814,0.9124068869,1.018692888,-0.4272858256,0.97795332,3.042251609,1.194229606,0.1734209861,0.08314916212,0.0761440227,0.0,1.986873069,0.0,0.0,0.0,2.050257213,0.0,3.278671527,0.0,0.0,0.0,5.592154799,0.0,1.066660229,1.808345964,0.3094736842,0.6328125,0.1909160923,0.01426767677,0.5660377358,34.37954936,0.0,5.098681808,48.61607585,54.95175817,34.72467712,10.6824301,0.0,22.51475897,5.316788604,24.73694389,6.9237372,5.693927995,5.687386275,0.0,1.875390684,2.457289893,0.0,20.45493089,30.13109509,55.63,1.972222222,1.793888889,0.7413151927,0.4323664651,0.264066358,0.1281501888,0.05333333333,0.4085424563,0.9571909786,29.21025187,-2.823323178,0.1232040154,1.332918597,-0.9255412724,0.02241981616,2399.523668,5.89,0.000744,1.0453108,1.255172837,0.6848636974,0.0381678487,5.316788604,0.9735714532,0.9716878082,31.82593016,2.633761861,1.122421574,0.005208333333,1.031289432,6.544756406,1.021095738,0.9574191359,0.4398472586,1.153491221,-1.57010282,-4.827854911,0.0,0.8075162962,0.015625,-0.3599985035,1.077546436,-3.654762739,2.88,3.330305299,-6.33,-0.1411168123,44.79899817,1.111151415,0.9344253819,4.876664293,55.21767335,0.0,1.212759457,1.700403742,0.474029195,1.136862342,149.1351734,51.59619192,0.7565656566,19.74844179,1.186049129,2.397615156,-0.03900778358,1.231232826,0.6914008228,1.10744738,0.9730484258,-7.757920968,0.9575599644,0.0,0.0,0.0,0.4947916667,2.14238502,0.7038418832,1.097646434,1.220552823,3.408695652,0.0,0.0,17.75538512,1.09751057
2.494406727,4.663273992,3.429906542,2.875685871,2.717854647,1.641681838,148.0142773,158.4048524,156.907041,159.1994603,11.7136,0.01178451062,-0.4844041943,0.003217816167,-0.008974729827,-0.005725965057,1.574938134,0.9934576134,1.308107672,0.4508367323,1.167173155,1.00481836,1.072788984,0.9843034663,1.183046766,1.060818012,0.8959045708,0.6970448018,0.7988506553,0.8582738199,0.9004742814,1.040611132,0.9698857625,1.116735331,-0.4158652574,0.9779546579,3.056926202,1.197963603,0.1611402727,0.09640490851,0.1048899075,0.0,3.84055231,0.0,0.0,0.0,0.773970837,0.0,3.23105274,0.0,0.0,0.0,5.623994668,0.0,0.9647844755,1.898808395,0.3502202643,0.6612903226,0.1898077959,0.01559139785,0.56,34.53185431,14.18117935,10.19736362,24.26546827,68.02700174,29.3384529,11.51833249,0.0,22.51475897,5.316788604,34.47495837,13.8474744,11.51833249,5.687386275,0.0,3.43622302,3.84055231,0.0,12.78445964,23.26778041,72.93,2.138888889,1.971666667,0.7103854875,0.4041635173,0.2540740741,0.1766166718,0.06222222222,0.420521874,0.9534451445,26.89399843,-1.96020287,0.5815643417,1.56000383,-1.184293635,0.2683675371,2336.206145,3.88,0.00225,1.13504606,1.00806626,0.6894086529,0.04286231884,5.316788604,0.9836153638,0.997944514,25.62219107,2.798257759,1.101618705,0.01182795699,0.9741322803,0.0,1.077379459,0.9629516257,0.4713282428,1.056097271,-1.686407753,-16.93528889,0.0,0.8210261529,0.01612903226,-0.4065632209,1.056859518,-4.395171922,3.24,3.528884071,-5.89,-0.4180999618,45.36765496,0.8355091656,0.8985220372,4.86412358,78.24017778,0.0,1.274035126,1.545586992,0.6545493197,1.159732342,153.1404212,49.35101703,0.7833333333,29.36252149,1.174581119,2.114972119,0.1022509825,1.339540017,0.4775493932,1.033665214,0.9745710553,-9.5412,1.178456251,0.0,0.0,0.0,0.488172043,1.995478553,0.6676477,1.065024024,1.26373921,3.586538462,0.0,0.0,5.693927995,1.028635046
2.552718635,4.326264007,2.712962963,2.668320826,2.06372034,1.620932094,143.990752,156.5706705,153.6835809,155.571615,9.2725,0.008499036872,-0.1502764812,-0.05952874276,-0.1325867755,-0.1440710271,1.117316674,1.17674052,0.9747460753,0.4712662163,1.034121032,1.177211641,1.241453749,1.130997842,1.300989884,1.206160698,0.6818898131,0.8742370107,1.114708875,0.858382155,0.8363942711,1.197439212,0.9307782552,0.8983612049,-0.4356902105,0.9938452717,3.043349741,1.304250488,0.1979789389,0.08768493759,0.130682846,0.0,0.0,0.0,0.0,0.0,1.987684188,0.0,0.0,0.0,0.0,0.0,0.0,6.150399214,1.280650983,1.813494395,0.3573085847,0.66,0.2113157481,0.0,0.6,28.92133003,0.0,5.098681808,23.73367403,48.73693008,40.60468056,5.693927995,0.0,22.51475897,0.0,19.74844179,0.0,12.11474962,0.0,0.0,2.126514848,0.9623126627,0.0,14.37315563,26.71479523,43.6,1.756944444,1.587777778,0.4654875283,0.1922398589,0.08719135802,0.02479338843,0.06349206349,0.3771894428,0.9579673225,20.91628169,-2.253214635,0.8570673187,1.326909541,-0.6528183174,-0.09808348693,2008.025021,4.63,0.00506,1.080502717,1.298954772,0.6721101656,0.03872628726,0.0,1.032542537,1.091328843,9.076603088,2.372923335,1.407370232,0.007428571429,0.8959541393,12.96557803,1.022467135,1.035424195,0.2790038026,0.9186119874,-0.8569279151,11.18962963,11.25737949,0.7867686307,0.02,-0.4484081418,1.157354491,-3.466438347,2.93,3.460791296,-4.35,-0.17353354,47.24063207,0.7812295967,0.7305885677,5.002782686,50.25012346,0.0,1.11096054,1.703290391,0.2864583333,1.208311394,149.4188314,50.04976446,0.7914285714,19.74844179,0.7912871114,1.861136799,-0.07377839021,0.9508021386,0.0,1.093058694,0.9411421745,-7.9425,1.120511646,0.0,0.0,0.0,0.4925714286,2.068304989,0.5778606252,1.178877664,1.195001379,3.965909091,0.0,0.0,11.21062871,0.9418199014
2.437605773,4.66066248,3.098901099,2.743124312,2.795424837,1.606622158,148.4037054,155.2986544,156.9347929,159.1807552,10.56892961,0.01447366433,-0.2487043915,-0.09478718092,-0.004694848679,0.01920208799,1.300808244,0.8860178073,1.02487367,0.5481545673,1.044398051,1.019892544,1.004733459,1.232,0.9868531469,1.065833968,0.7907784953,0.9745405097,1.050629469,0.8164755762,0.9926046518,1.002867159,1.085503024,1.036249661,-0.4248306941,0.993907053,3.059652532,1.427596318,0.1653675592,0.0883659783,0.09538903167,0.0,1.984931639,0.0,7.896109341,0.0,0.0,0.0,0.0,3.952001539,0.0,0.0,0.0,0.0,1.017049968,1.767602307,0.3006993007,0.6833333333,0.1873277498,0.01591397849,0.5918367347,29.03142239,4.983978521,5.098681808,6.066367068,41.9616539,67.76176881,11.51179077,0.0,33.77213846,4.899909731,37.09688089,0.0,0.0,5.817862778,0.0,0.0,0.0,1.984931639,18.81998401,24.37400445,73.83,1.243055556,1.037777778,0.5802721088,0.1892321744,0.149058642,0.1200877461,0.0756501182,0.2315137776,0.9353093676,27.77385297,-2.032212995,1.444849687,1.660478714,-0.9277105725,0.169490992,1227.189969,3.15,0.0343,1.307545431,1.4583145,0.6779429349,0.02358585859,9.799819462,1.020033166,0.9766117551,8.796737795,2.739316239,0.9453638254,0.02333333333,1.01544575,0.0,1.101910084,1.036562597,0.4878877646,1.191963801,-1.376905364,5.825905873,0.0,0.8627431021,0.0,-0.3092209485,0.9795660151,-3.768119152,0.81,3.407992571,-3.36,-0.2681734627,39.59000124,0.9001150661,0.7051784193,4.832093162,50.22782174,0.0,0.9145752657,1.60505311,0.298646542,0.9572872894,154.7717297,48.20369036,0.7774193548,30.04920891,0.8574696414,2.206717273,0.03022802708,0.9319413373,0.0,0.9997323484,0.9692087273,-1.067055394,1.007671731,0.0,0.0,0.0,0.4766666667,2.045277778,0.6144557329,1.000686646,1.076351831,3.18018018,0.0,0.0,11.38785599,0.9103937086
2.483411652,4.393808153,3.028846154,3.080124679,2.681924062,1.536206699,146.5993687,157.8337941,163.6025051,159.8872301,11.87,0.02086003029,-0.7008538981,0.1857101927,-0.2872624304,-0.02160500537,1.766555672,1.25856321,1.246041152,0.4824266486,1.021867671,1.051438922,1.284424962,0.8496216898,0.9010691376,0.9941567927,0.686920612,0.5547851391,0.8131698193,0.8227166055,0.9939359603,1.033305425,0.7873817549,1.058681143,-0.4780888487,0.9778352414,7.008274083,0.609420743,0.1759030624,0.1593530798,0.1110709264,0.0,5.949934732,0.0,0.0,0.2892306123,2.078707411,0.0,2.748639771,0.0,0.0,5.166581773,0.0,0.0,1.00531238,1.837917619,0.3488372093,0.6637931034,0.2493492075,0.03485354097,0.38,31.09165737,19.74647275,0.0,19.91384147,24.97437738,16.63744226,16.52595619,9.531400138,21.95893118,5.316788604,32.63603612,12.84164325,25.36580689,4.794537184,6.093240071,6.273348022,6.579727681,0.0,3.993947608,16.92104445,92.79,1.576388889,1.758333333,0.6370068027,0.2849899219,0.2747067901,0.2017161514,0.06913580247,0.3703825823,0.8390579428,27.62088631,-2.292082459,0.5611181746,0.4884649215,-0.9394304109,0.6022517437,2788.938556,6.25,0.0035,1.228012266,0.8898546831,0.702762221,0.04395833333,15.03763008,1.090584532,1.356320829,34.19741022,2.608057666,1.21815889,0.005747126437,0.9859865197,11.28161936,0.8826970385,1.068963662,-0.1411667323,1.097814208,-0.6694976907,29.88817778,0.0,0.8749425937,0.0,-0.1076707118,1.104319046,-4.146173779,1.34,3.995408502,-7.03,0.04195307561,37.86947981,0.7359828045,1.238063433,4.831566351,77.11964444,3.149076948,1.062742541,1.426287304,0.5555909864,1.187394135,154.2276852,51.66154758,0.8053763441,25.25270269,0.6603910002,1.648447688,0.1345777112,0.9202554229,-0.4496550203,0.8702610992,0.9036806708,-4.94,0.9408434255,11.88185621,5.917906046,0.0,0.4942528736,2.095819701,0.7426538818,1.956923849,1.072528328,3.604395604,0.0,0.0,34.57272627,0.9611898327
2.49208412,4.128587376,3.513513514,2.991764351,2.63825833,1.959243724,145.5755682,152.0973202,156.6260122,158.066585,4.983471074,0.01446265149,-0.5562290943,0.05760952081,0.1369640827,-0.3119069799,1.616947559,1.003103714,1.521403485,0.6122834445,0.9981860479,1.08053168,1.321786741,0.9951946976,0.7322210184,1.081690141,1.166596288,0.8089909485,0.7441497284,0.7874453459,1.010788212,1.063183202,1.094784497,0.7294320784,-0.4045540699,0.9929231492,4.005253954,0.6049906404,0.2628557004,0.1401033375,0.1399133806,0.0,0.0,0.0,0.0,0.0,0.8035570988,0.0,0.0,0.0,0.0,0.0,0.0,12.1751179,1.002754941,1.710723052,0.3709353673,0.652173913,0.197465579,0.04326293996,0.6060606061,34.80616962,9.499376415,5.098681808,46.6713998,30.33183534,21.83692257,5.007623697,0.0,21.82845468,5.733667477,14.59805822,0.0,0.0,5.687386275,0.0,1.760542171,0.0,0.0,6.22745723,16.92723598,56.21,1.701388889,1.215555556,0.3109297052,0.1481481481,0.1025,0.0907050301,0.07602339181,0.5837113083,0.9114157256,21.31380542,-1.447090935,0.1638653432,1.235245583,-0.4949245049,-0.208290471,591.6617359,4.59,0.000942,0.8967034247,0.7513441491,0.6945359572,0.04191570881,5.733667477,0.877729412,1.085325008,81.95493715,2.838115894,1.027605634,0.0,1.034244176,0.0,1.147497728,1.047853689,0.2979121299,1.069829503,-0.5471083538,-23.50690973,11.33678588,0.6179173328,0.0652173913,-0.6097919743,0.9169301769,-3.840511632,3.76,3.479197621,-6.25,-0.1608787115,32.47671387,0.6150868051,0.9860626919,4.821140475,22.27327143,1.477567214,0.9545557404,1.470289774,0.4566326531,1.055188383,146.6341915,47.67707985,0.7975238095,14.59805822,0.7773177107,1.565196499,0.1168736285,0.9939074127,0.0,1.290987012,1.217777557,-4.30486685,1.122430564,0.0,0.0,0.0,0.5157349896,1.943202089,0.7436619718,0.9598722589,1.231821639,3.545454545,5.711085183,0.0,16.91340488,0.9418608185
2.554852869,4.494754609,3.102040816,2.977218225,2.745336577,1.551007973,143.8674908,155.3769546,153.9033605,154.5413649,11.43072702,0.0200746428,-0.4636733178,-0.08390042248,0.07501561934,0.02152728556,1.375520604,0.6831785595,0.6867808128,0.4621088657,1.081921551,1.009908537,0.9899003874,1.11870474,1.185369616,1.079310745,0.7060321806,0.4401510847,0.5635452654,0.9209238747,0.8715218303,1.11646208,0.9498264639,0.9795584156,-0.4947142896,0.9729968731,7.008295908,1.343837211,0.1891766589,0.1327545388,0.1458973615,0.0,0.0,0.0,0.0,0.0,1.817620533,0.0,0.0,0.0,9.117165574,6.047183873,0.0,0.0,1.211790669,1.528768932,0.3664596273,0.6544117647,0.1995707164,0.01470588235,0.5740740741,33.77652222,4.794537184,5.098681808,6.066367068,79.06876542,35.58204725,17.19295166,14.63792753,34.01378264,4.736862954,30.82427447,0.0,22.47273829,0.0,5.969305288,8.140402769,0.901668971,0.0,21.32644375,38.03017578,90.13,2.131944444,1.97,0.7160544218,0.2781557067,0.259691358,0.1747862463,0.06349206349,0.3769222686,0.8053343071,29.09220064,-2.952233684,1.487377768,2.161694006,-0.8169722356,0.1240816229,2655.728748,4.47,0.0014,1.051345349,0.8307831507,0.6785393781,0.03581818182,9.843390349,1.01458422,1.02158703,151.3449276,2.672902494,1.192902102,0.02647058824,0.9407055751,12.96557803,1.002750147,1.031367948,0.4057909894,1.00935766,-1.688295579,4.222222222,17.82666213,0.8089237944,0.01470588235,-0.4186970044,1.167693102,-3.930265473,2.81,3.575827518,-5.77,-0.1582420612,52.80408356,0.7163574333,0.8066659745,5.014410979,61.88888889,0.0,0.9567365428,1.69133482,0.5243055556,1.130113354,148.3585401,48.04259593,0.8,19.74844179,1.038032367,2.179059984,0.05777512506,0.7023744279,-0.9672309862,0.9472952643,0.9736629702,-10.81069959,1.085857667,11.11857359,0.0,0.0,0.4735294118,2.024187172,0.628710068,0.3761751677,1.190323202,3.829268293,0.0,0.0,16.7740802,1.010480231
2.432592644,4.6562983,2.975,3.578078078,3.521021021,1.560000071,149.9515347,160.2680228,165.8692236,158.0307327,7.864958449,0.01680054182,-0.3379683978,0.2358783364,-0.02613786971,-0.02565176909,1.29273489,0.8106551585,0.871123162,0.4211943332,1.064282105,0.8810425768,0.9319807214,1.199625416,0.9546516942,1.19145394,0.5330047993,0.6005374979,1.156657356,0.8630665613,1.065126768,1.155279207,0.9548454203,0.9182776033,-0.3773923353,0.992940763,8.002958535,1.417579067,0.1894191891,0.101975147,0.1102287127,0.0,1.881341175,0.0,0.0,0.0,1.491023983,0.0,3.278090986,0.0,0.0,0.0,0.0,0.0,0.865776644,1.081473407,0.3888888889,0.66,0.1782447032,0.04215873016,0.5789473684,28.45279785,8.780830095,5.098681808,0.0,42.81902403,23.64452491,22.66784312,8.780830095,11.25737949,5.316788604,20.16532066,18.55817888,5.563451492,20.15560264,11.63444168,27.50290548,1.881341175,0.0,5.798023818,19.79947311,66.49,1.5625,1.48,0.5689795918,0.1801303855,0.14,0.1025425977,0.08333333333,0.4397255365,0.7551576274,22.7292878,-1.693500868,0.8420190651,2.114734144,-0.7804859615,0.01230120879,1043.955761,4.47,0.013,0.9278699292,1.069163823,0.6955416231,0.04228571429,5.316788604,0.9372077536,0.9623890897,18.29591324,3.46875,1.056184186,0.03714285714,1.119094458,0.0,0.8985110357,1.122124949,0.3208445524,1.205831904,-1.571468982,-22.03878116,0.0,0.7870805654,0.06,-0.01385549889,1.022250878,-2.224146757,2.72,3.79741658,-4.34,-0.1273582706,46.17072668,0.9449710545,0.6699919145,4.842909832,41.79501385,0.0,1.064062543,1.516083216,0.3863024376,0.7714581112,153.8931223,44.98200333,0.826984127,20.16532066,0.5885402099,1.450510934,-0.1134766051,0.9937577592,0.0,1.034225358,1.19636194,-4.837950139,1.109020079,0.0,0.0,0.0,0.4628571429,1.808357006,0.6850924447,0.7976412166,1.082895385,3.268292683,0.0,0.0,17.57815784,0.9051123745
2.478964104,4.505698205,3.234234234,3.142094017,2.973570658,1.505878609,149.7946163,161.4990051,161.8933029,163.0143946,8.715277778,0.01708195725,-0.5027849166,-0.04252886613,-0.09247365815,0.1016292333,1.565085691,1.262861749,1.04497817,0.4573961938,1.126171599,0.9888047166,1.009790059,1.054281988,1.103858068,0.9632032147,0.5925677984,0.5960329268,0.8019529546,0.9079924669,0.9777729186,0.948339808,1.012761172,1.010816119,-0.3832821179,0.99294184,8.001919185,1.434200906,0.1579040874,0.09236860505,0.06365387513,0.0,1.951810259,0.0,7.264887483,0.0,0.0,0.0,3.200410735,1.710450688,0.0,0.0,0.0,0.0,0.9159389884,1.414654767,0.3478701826,0.6833333333,0.2081978856,0.0331547619,0.5833333333,28.67625339,19.37571083,5.425791397,18.20875424,43.33159265,23.15437369,17.9801607,4.390415048,11.38785599,10.74258,26.29938345,18.90673365,17.21226049,10.07780132,0.0,13.45766866,2.362364555,0.0,11.82790416,24.11537292,83.3,1.729166667,1.797777778,0.614829932,0.2711404006,0.244691358,0.1695724926,0.06018518519,0.413723989,0.8215922961,30.81745447,-2.258914913,0.6851133032,1.670219486,-0.8773181591,0.0248056413,2019.978647,3.13,0.0278,1.13746691,1.100246254,0.6833808251,0.0428042328,10.30076712,0.7548383675,0.7806496158,28.72139566,3.02002002,1.136009274,0.03047619048,0.9919341038,6.544756406,0.967809449,0.9254620381,0.3834238711,1.119086918,-1.681793712,-19.55555556,18.4712695,0.8399818365,0.03333333333,-0.09380914246,1.004545603,-2.654674182,2.4,3.731887484,-3.89,-0.1076265456,34.51459212,0.999065752,0.7362386076,4.848631425,58.44444444,0.0,1.082614348,1.540524996,0.5130385488,1.044398179,155.2232052,46.83435575,0.7973214286,25.38663948,0.7767544274,1.853075017,-0.03736073009,1.048274956,0.8884830352,0.9779762461,0.9686733631,-6.723958333,0.8986753692,0.0,4.992404733,0.0,0.4695238095,1.965845991,0.6960964409,0.8821874949,1.141041115,3.504854369,0.0,0.0,23.62654039,1.025692933
2.454495545,4.663924,3.534883721,2.987282463,2.751234568,1.572100334,149.0006855,158.6675721,161.6284164,158.2350917,8.611111111,0.01479265198,-0.5556343882,-0.05568945018,-0.2438528819,0.01577963661,1.592075764,1.169541849,0.8327501364,0.4343454046,1.027114274,1.119198639,1.171511541,1.003496503,1.137296037,1.09849187,0.8206497871,0.6962174625,0.9596776948,0.9130529061,0.9653972834,1.133018844,0.9849990058,1.051136422,-0.3825225255,0.9938439006,3.175928456,1.443264862,0.1807553419,0.1064571694,0.06631517472,0.0,1.955712929,0.0,0.0,0.0,1.677482734,0.0,3.399178477,0.0,0.0,0.0,0.0,0.0,0.9414219577,1.910287541,0.3515625,0.6666666667,0.1914346581,0.03473818646,0.619047619,30.28397282,15.29317186,0.0,29.47885337,43.32193961,16.94476576,11.21062871,0.0,0.0,10.63357721,26.23034702,13.08951281,16.95130748,11.37477255,0.0,0.0,1.955712929,0.0,9.660261767,22.17639206,92.95,1.506944444,1.457222222,0.4734240363,0.2683216805,0.145,0.06938271605,0.06060606061,0.4472010767,0.9163640462,27.57541916,-1.713186154,0.7413727931,1.551736772,-0.8712396661,0.1824276549,1679.139117,3.31,0.0163,1.042263911,0.8928823359,0.6747025075,0.03834795322,5.316788604,1.041095876,1.110929342,35.86035119,2.968346253,1.08041958,0.02592592593,1.134691513,0.0,1.105562791,0.8114689909,0.4650588469,1.080986581,-1.719503214,-25.03401361,0.0,0.7746897329,0.01851851852,-0.3296799365,1.09963387,-3.041485714,2.62,3.506759104,-4.38,-0.2483067323,45.52525708,0.8657648288,0.6563212123,4.903407469,54.62811791,0.0,1.326030021,1.571003243,0.3871527778,0.9008324472,151.7489267,46.23614084,0.7689655172,25.71151584,1.017358475,1.885558319,-0.1080661689,1.060862246,0.5872083386,1.029971002,0.9782745462,-11.94444444,1.152534011,0.0,4.992404733,0.0,0.4740740741,2.0013907,0.6357555488,1.220187734,1.20917819,3.658536585,0.0,0.0,11.20408699,0.8579997796
2.43507894,4.433063446,2.781512605,2.471326165,2.33726647,1.418810661,146.4559789,157.6228139,159.4651286,157.3579815,8.529336735,0.01201062524,-0.2236314743,0.03610640825,-0.03515923049,0.05819926676,1.210290755,0.9080071792,0.6614610987,0.6083737713,0.9900045622,0.9199559701,1.004813423,1.170740978,0.9377062591,1.083407478,0.7975387475,1.134570668,0.9309027758,0.9814998703,0.9846681831,1.121158197,1.000347829,1.036997724,-0.4172111911,1.734391238,3.510026147,1.236775191,0.1772374113,0.08800123374,0.0761440227,0.0,0.0,0.0,0.0,0.5509583343,0.0,0.0,3.634589033,0.0,0.0,5.429018523,0.0,0.0,1.276545595,1.78197412,0.2696629213,0.6451612903,0.227747887,0.02965135223,0.5535714286,28.60244194,0.0,5.098681808,30.33183534,48.2340145,55.51779486,5.693927995,4.736862954,33.77213846,5.316788604,39.42092542,0.0,18.40509474,0.0,0.0,5.429018523,2.592781115,0.0,22.98078527,29.16999877,75.72,0.9305555556,1.086666667,0.3386394558,0.2585191484,0.102183642,0.07774920926,0.06146572104,0.2837506822,0.9284186659,29.06824253,-2.531372564,1.201810221,0.7894882114,-0.7637691812,0.3148539809,1273.745165,5.03,0.0191,1.149558967,1.353954295,0.6736212297,0.02527131783,10.05365156,1.053038422,0.7647700567,106.4319044,2.43977591,0.9878127004,0.02150537634,1.020199306,11.28161936,1.049868714,1.014546157,0.3663541354,1.198801821,-1.785293418,8.832908163,5.563451492,0.909643021,0.0,-0.2009931403,0.846641349,-4.307617188,1.57,3.586685095,-4.09,-0.2076953302,66.37230204,0.9004472568,0.6860252921,4.818847512,48.18877551,0.0,0.9881797301,1.698385517,0.3160076531,0.9150166524,152.4489655,50.80212444,0.7595959596,25.48210926,0.9023093752,2.220669827,0.05430630978,0.9300130241,0.0,0.8743385372,0.9932546486,-0.015625,1.145426194,0.0,0.0,0.0,0.4784946237,2.173791388,0.7243959803,0.9494065665,1.152062504,2.883211679,0.0,0.0,11.38785599,0.8473060476
2.477235024,4.61230613,3.20610687,3.117571059,3.248939779,1.565603297,146.7772957,156.2733449,157.2501031,159.6890316,10.90797168,0.01687549611,-0.5090962305,-0.06015278534,-0.09801888094,0.2713092,1.522946379,1.311035028,0.7854033777,0.4790221306,1.142955282,1.063414671,1.071432878,1.036994924,1.137923819,1.073922795,0.6548028852,0.5143347856,1.30741746,0.906053036,0.9934663919,1.004464964,1.054183969,0.978958462,-0.4251734852,0.9727277853,7.009364939,1.420015207,0.1334087953,0.09059614572,0.09578587773,0.0,1.926101691,0.0,0.0,0.0,1.906869097,0.0,2.795801157,0.0,0.0,0.0,0.0,0.0,0.9487256107,1.541627734,0.3561368209,0.6428571429,0.1835517749,0.04045112782,0.5263157895,31.46175199,0.0,5.098681808,24.26546827,61.01812524,40.28812861,12.2386844,9.589074368,22.51475897,11.05045608,31.56280124,6.9237372,16.05191667,5.687386275,5.907179729,1.592648652,1.907006044,0.0,18.01528817,33.12233403,115.79,2.409722222,2.065,0.8637641723,0.4817491812,0.288757716,0.2342658912,0.06060606061,0.3943271295,0.8158275027,33.86199567,-2.934933695,1.12257414,2.40960527,-1.017029883,0.1759294364,2953.124154,3.65,0.00858,1.087258687,0.9099941205,0.6960923449,0.03896226415,11.05045608,1.004981811,0.8589165584,134.3762778,3.645462256,1.067642545,0.02666666667,0.9921975869,11.33929359,1.096397759,0.9329167955,0.5185254248,1.186586679,-1.459237138,-15.81655894,0.0,0.8182412875,0.01428571429,-0.4955817157,1.000791558,-3.806097631,1.69,3.610310244,-5.14,-0.4570188169,33.41768391,1.030299952,0.932346713,4.876842613,62.13604186,0.0,1.034232608,1.620064026,0.536529195,1.116414168,150.5762064,48.18337522,0.7719298246,19.74844179,0.9784989037,2.22257977,-0.1443694387,1.097656296,-0.8418224866,0.9948697145,1.038296567,-6.623576485,1.015336852,24.20442742,5.733667477,0.0,0.4733333333,2.053951204,0.7304651743,0.9899451204,1.193744753,3.325581395,5.336601629,0.0,11.21062871,1.019438404
2.526167361,4.397522933,3.166666667,4.099206349,4.787581699,1.56606309,147.0552359,156.1162666,159.8900913,157.7949515,9.21642562,0.01918353599,-0.5382208402,0.02118119272,-0.0705645086,-0.106447234,1.503303193,0.7927043781,0.8650146982,0.4321890093,1.002205507,0.9757837255,1.099009448,1.1586683,1.022047645,1.241430321,0.57249479,0.5472337755,0.8864393994,0.9512244273,0.995102988,1.118790388,1.018437639,1.087346231,-0.4024516161,0.9726939016,8.002963604,1.391839671,0.1563421876,0.1194570841,0.131346577,0.0,0.0,0.0,0.0,0.0,0.0,0.0,0.0,0.0,0.0,0.0,0.0,0.0,0.5224622071,1.261680558,0.4018426648,0.6206896552,0.1800091533,0.05354064039,0.5227272727,37.8919591,13.46263303,0.0,18.19910121,54.59730362,16.69035448,11.63444168,13.57536728,28.07166874,11.29293437,15.68766447,11.63444168,10.35798868,8.780830095,23.10088831,29.10415771,0.0,0.0,13.93683421,29.73222312,80.88,2.416666667,2.171666667,0.7207256236,0.4142258755,0.290625,0.1693704724,0.08695652174,0.5126154602,0.7036344695,22.12226512,-2.470892918,1.321272835,2.340539136,-0.6706991907,0.3737046662,1892.159548,4.69,0.00395,0.7948517078,0.8158116022,0.7083876247,0.04620567376,5.733667477,1.030987899,1.065215971,115.8964883,4.340277778,1.095468211,0.03661740558,1.102964921,0.0,1.075211224,0.8968621187,0.2245377502,1.140410496,-1.615134469,34.9338843,59.27910655,0.7441331319,0.05172413793,-0.296431778,1.072995856,-2.315090022,4.11,2.986840993,-5.21,-0.2778115151,0.0,0.7469882696,0.716390412,4.913282332,35.13842975,0.0,0.8114143578,1.595277475,0.4792020975,0.7714070062,148.7214868,45.78230573,0.8175595238,9.780484743,1.358509943,2.472590625,0.111824921,0.9215869473,-0.5884911776,1.049824504,0.9092871221,-11.34710744,1.098111371,24.48375615,5.733667477,0.0,0.4633825944,1.630246842,0.7059584418,0.9427337456,1.029647869,3.419047619,5.253910196,0.0,16.94476576,0.8313314289
2.479015615,4.520309251,3.228070175,3.061786085,3.004232804,1.561725695,148.7469203,158.6221921,160.3684602,161.4527591,9.635985006,0.01658578801,-0.495539082,0.06506152509,-0.1238011834,-0.05333533525,1.559307493,1.246059029,1.180484186,0.4684221064,1.098758185,0.9744181786,1.048442403,1.05459854,1.115912409,0.9546626646,0.5885213199,0.5356734283,0.6020068527,0.8896698369,0.9887946687,0.9498920392,1.031230026,0.9861952867,-0.3981345822,0.9113366495,6.027276518,1.434200358,0.1563954914,0.09147457634,0.06365387513,0.0,1.963946474,0.0,7.32505027,0.0,0.0,0.0,3.323188513,1.724976493,0.0,0.0,0.0,0.0,0.9284924072,1.775765878,0.3333333333,0.6774193548,0.203983539,0.03049853372,0.5714285714,28.73149398,14.98529578,10.68768295,18.20875424,43.33159265,23.15437369,12.16293986,0.0,17.4570773,10.74258,26.29938345,24.42062568,22.77571198,5.687386275,0.0,0.0,2.435441813,0.0,13.69396257,25.50000892,107.09,1.729166667,1.837777778,0.614829932,0.2711404006,0.269382716,0.1695724926,0.0589569161,0.4194584508,0.8933650661,28.68296497,-2.382859743,0.4649123217,1.606909608,-0.898061449,0.1284790138,2257.968094,2.75,0.0458,1.217280346,1.11277679,0.6841461785,0.04176767677,10.30076712,0.9337186788,1.026311574,34.46984755,2.868177388,1.149924253,0.02580645161,0.9952166233,6.544756406,1.080251651,0.9662704908,0.5180775922,1.147852657,-1.54823824,-11.09037901,6.338535363,0.820511253,0.01612903226,-0.4193219447,1.051228473,-3.235191425,1.38,3.799452685,-3.99,-0.2893340678,46.02638289,0.9251132461,0.7565778621,4.848683342,58.32444815,0.0,1.033235381,1.556786174,0.5130385488,1.11933378,153.7075299,46.74505976,0.7727272727,25.38663948,0.7609022962,1.815257159,0.1108459781,0.7851443955,0.907670363,1.08188851,0.9710544141,-6.027488546,0.9247474713,0.0,4.992404733,0.0,0.4741935484,1.980371796,0.6640407657,0.9782583337,1.165724475,3.490566038,0.0,0.0,35.25921319,1.063373736
2.448491686,4.405793053,3.304347826,3.110493827,2.96572104,1.554951268,146.7828605,157.0274102,159.7894011,158.8396163,9.4375,0.0183113238,-0.6886891547,0.01221994373,-0.2084747563,0.08998275038,1.728008655,1.39037468,0.5943738913,0.4638752347,1.055033308,1.104423401,1.221569546,0.9933130699,1.120802005,1.037460317,0.7706019744,0.4711806183,0.8119925012,0.9273998351,0.9634075471,1.055747958,0.9931394082,1.031884843,-0.382523696,0.9729407151,7.008275484,1.443439163,0.1639863163,0.1113608429,0.06732312994,0.0,1.929599353,0.0,0.0,0.0,0.0,0.0,3.280289588,0.0,0.0,0.0,0.0,0.0,0.8962288651,1.674298556,0.3506493506,0.6481481481,0.1891693369,0.05024691358,0.5227272727,33.30462681,15.29317186,0.0,30.33183534,43.32193961,22.50821725,5.693927995,4.794537184,0.0,16.36724469,16.72677804,13.08951281,27.30929616,11.37477255,5.907179729,0.0,1.929599353,0.0,11.55225364,23.74935427,94.47,1.625,1.551111111,0.4897959184,0.3167044596,0.21375,0.1073359861,0.06349206349,0.4307951874,0.8177064689,23.25999028,-2.39849182,1.033768096,1.820107089,-0.6954946078,0.1390341397,1925.335307,3.11,0.0346,1.11439962,0.7217501771,0.6963983015,0.03977207977,11.05045608,0.9759800617,1.041348469,114.4076418,3.07910628,1.062061748,0.02469135802,1.14062063,0.0,1.196506141,0.7791029677,0.4546323254,1.113904762,-1.421712936,-56.19008264,0.0,0.7974726263,0.01851851852,-0.3126354731,1.076113133,-4.229819904,2.5,3.422675468,-4.1,-0.3048127872,22.63215204,0.9525102603,0.6618616046,4.896983372,51.24586777,0.0,1.156196167,1.632244551,0.4010416667,0.9825940957,150.0185492,48.37867444,0.7522222222,10.30076712,1.245650802,2.03675615,-0.05263454179,0.9616047559,0.05722334317,1.020168878,1.053619054,-12.75,1.057817818,11.44954066,10.72607221,0.0,0.475308642,1.947474805,0.6970618034,1.032290871,1.172791903,3.428571429,5.380238602,0.0,5.687386275,0.8668227203
2.478998053,4.531737251,3.203389831,2.929468599,2.780676329,1.535474468,148.4111189,158.4354811,158.964531,162.4239802,12.16518334,0.01657518974,-0.4936054756,-0.0003907530257,0.07475815426,-0.09806834029,1.538074031,1.100347907,1.331266048,0.4514178773,1.191512998,0.8821874776,0.9570136729,1.106635593,1.001215896,0.9949971633,0.6384461648,0.6214577378,0.8178396993,0.8711516523,0.9805301307,0.9628748483,1.094602555,1.098140967,-0.3856738808,0.972936617,7.008272924,1.434202054,0.1492944777,0.08731292733,0.097674566,0.0,3.526300545,0.0,7.338341657,0.0,0.0,0.0,3.35442623,1.728139531,0.0,0.0,0.0,0.0,0.9305688991,1.813159573,0.3568281938,0.671875,0.2116649676,0.03008578431,0.5283018868,29.40027431,14.98529578,5.425791397,12.14238718,56.32169692,28.71782518,12.16293986,4.794537184,11.38785599,10.74258,32.0826284,13.08951281,34.49398636,5.687386275,0.0,0.0,4.016184962,0.0,11.91630315,25.92287692,100.37,1.729166667,1.877777778,0.6131972789,0.3084057697,0.211882716,0.2426303438,0.0697167756,0.3985558473,0.8326561654,29.69834794,-2.443004639,0.7090997638,1.451655257,-0.677695273,0.04999317448,2001.157863,3.16,0.0476,1.255466419,1.086182744,0.6899617195,0.04172839506,10.30076712,0.9241264753,1.010578747,57.02986969,2.786252354,1.026714901,0.02708333333,0.9951005528,6.544756406,1.114051883,0.905637701,0.3232122608,1.173809344,-1.691672187,-4.377714489,6.338535363,0.8659919951,0.015625,-0.3060759284,1.036026376,-4.037356989,1.59,3.778147618,-3.81,-0.1256256041,46.02638289,1.001299141,0.8586399347,4.848666003,75.67070132,0.0,1.059199604,1.566336403,0.5755385488,1.138188737,154.2850091,48.05463568,0.781372549,25.38663948,0.9063981135,1.949772836,-0.03514579522,1.198570733,0.9597137716,1.108640339,0.9403988522,-7.938412246,0.9117022813,11.48272554,4.992404733,0.0,0.4729166667,1.983534834,0.6739297829,0.5034986077,1.180956639,3.231404959,0.0,0.0,23.62654039,1.042762898
2.434221777,4.302585104,2.864864865,2.764416315,2.506535948,1.632400559,144.7338718,152.0935618,154.9555973,156.9925002,8.9375,0.00982348585,-0.2014024596,-0.0594482385,-0.03291841164,-0.04974528522,1.152520201,1.183826432,0.9852218196,0.5284009055,1.023756848,1.077713356,1.099473507,1.209302326,1.032076985,1.102148955,0.817705502,0.9310861563,0.9212002598,0.8855946229,1.019133467,1.071782534,1.068057633,1.071131178,-0.3791399872,0.9938435771,3.05938522,1.427564094,0.1905726806,0.1268635801,0.0761440227,0.0,2.081588338,0.0,0.0,0.0,0.0,0.0,0.0,0.0,0.0,0.0,0.0,0.0,1.238127228,1.77586677,0.3017241379,0.625,0.1812432276,0.01866666667,0.575,25.42195028,0.0,5.098681808,35.89528683,36.75265697,29.7174337,5.693927995,0.0,33.77213846,0.0,20.16532066,6.9237372,5.563451492,0.0,0.0,0.0,2.081588338,0.0,14.27102878,23.22645939,54.46,0.9930555556,0.8955555556,0.3386394558,0.1645408163,0.06655864198,0.06938271605,0.07207207207,0.3356690219,0.9507680819,20.96427823,-1.603229347,0.8278426959,1.030314911,-0.7890838358,0.2482111621,1044.826974,4.99,0.0111,1.002635692,1.212273169,0.681465016,0.02633986928,0.0,0.9894585309,0.9120235523,52.53494247,2.62987988,1.042502005,0.01666666667,1.037926673,0.0,1.144257394,1.014264222,0.3107367318,1.169868554,-1.142691701,-5.92,5.563451492,0.8175745518,0.0,-0.07627988746,0.9553961957,-2.746798063,2.13,3.195461844,-4.25,-0.2232944787,33.77213846,0.8690522099,0.5905032613,4.814735277,41.83,0.0,0.8762536011,1.740472157,0.267396542,0.999232624,148.84458,50.28462104,0.748,20.16532066,0.8321053129,2.126466251,0.07062816522,0.9277280394,0.0,1.014410428,1.019325872,-2.375,1.062296499,0.0,0.0,0.0,0.4833333333,2.098070725,0.6116819903,1.041195062,1.095555569,3.183908046,0.0,0.0,11.38785599,0.8752272561
2.483385735,4.381949493,3.115789474,2.776963777,2.776200274,1.582570391,148.3741409,160.7090778,159.1461288,158.2008077,11.41333333,0.02035407186,-0.7074561017,0.02893586232,-0.06162395292,-0.009395022267,1.783743901,1.114816383,1.204406801,0.4968854057,1.145284689,1.041370208,1.048992843,0.9832704609,1.059220029,1.0554371,0.6716522656,0.5775499011,0.9392598975,0.8322464571,0.8299626601,1.007194907,1.004347382,1.040872905,-0.3627713797,0.9779111491,7.008272101,0.6094207619,0.1416001273,0.1310883217,0.1110709264,0.0,3.843557955,0.0,0.0,0.0,2.095743605,0.0,5.518793927,0.0,0.0,0.0,0.0,0.0,1.019780355,1.841460703,0.3358208955,0.6759259259,0.2366155219,0.0537037037,0.4222222222,29.57900511,19.74647275,0.0,6.066367068,25.98020854,23.18219866,16.52595619,4.794537184,21.95893118,10.63357721,32.511785,6.9237372,18.44206969,4.794537184,0.0,1.116081392,4.732184994,0.0,3.993947608,16.13367148,95.59,1.576388889,1.518333333,0.6370068027,0.2849899219,0.2253240741,0.1356004489,0.06878306878,0.3580224805,0.8496252722,31.25532238,-2.126563852,0.5908858528,0.9767815001,-0.7785493484,0.7630434267,3326.568683,5.32,0.0364,1.216221926,0.8754004383,0.6963983015,0.03995614035,15.61755573,1.06014686,1.360506834,23.56806924,2.669171901,1.063432836,0.003703703704,0.8178340361,6.544756406,1.09200126,1.145004136,-0.0682956664,0.9850746269,-0.6381333732,-21.32098765,0.0,0.8145216855,0.0,-0.181394981,1.112020506,-4.444754751,0.88,4.045329009,-5.49,0.05325944973,37.86947981,0.7897416194,0.8391795126,4.831538567,62.27423868,3.16424817,1.148485952,1.392308413,0.4930909864,0.9756004872,154.9235367,50.89024372,0.7833333333,30.56949129,0.4947702779,1.446524087,0.03996507051,1.115681179,-0.2146550203,1.023212897,1.017602527,-9.644444444,0.9095314897,11.68852287,0.0,0.0,0.4962962963,2.102655738,0.6498756219,0.9218102169,1.085141636,3.511363636,0.0,0.0,27.96584431,0.8646021696
2.487662127,4.554944589,2.838095238,2.863378685,2.588675214,1.535265296,147.2083149,157.2244553,161.031466,156.649848,15.42814815,0.01201245139,-0.500327496,-0.04376999645,-0.04432560192,0.006228296859,1.536793117,0.7460837856,0.9789026533,0.3719429348,1.058942178,1.144666069,1.090561224,1.062498042,1.12476761,1.159124744,0.594615602,0.5763928145,0.5912523916,0.7696677933,0.9269787602,1.216780727,0.8948949251,1.004060138,-0.4341326181,0.9777029695,7.008279858,1.40247849,0.1704198807,0.1470271397,0.1070226459,0.0,5.732683219,0.0,0.0,0.0,1.280380317,0.0,0.0,0.0,0.0,0.0,0.0,0.0,0.9745298459,1.542108982,0.3891891892,0.6634615385,0.2056940438,0.0,0.4666666667,25.68128393,14.64975998,5.098681808,19.05647134,43.67639416,18.30505147,0.0,0.0,17.07524226,5.559266895,24.31554143,6.9237372,18.31159319,0.0,0.0,3.330197625,4.02677794,1.705905279,8.18354319,20.33160863,65.6,1.909722222,1.985,0.6106122449,0.327042391,0.186875,0.0908070605,0.07936507937,0.3201887149,0.8761440714,25.10723136,-2.200998968,0.94013484,1.109159543,-0.6358740227,0.2928703593,1687.049985,3.32,0.018,1.334488541,1.04082999,0.7022609256,0.049625,4.567099648,1.105991555,1.619419122,8.535946934,2.842328042,1.279650926,0.02564102564,1.169951015,13.46849361,1.038392842,1.019357849,0.2475486681,1.077338737,-1.256982313,27.13876543,4.567099648,0.9418874669,0.01923076923,-0.325695437,1.290497045,-2.688554937,2.88,3.542847935,-4.06,-0.2129042494,34.88391988,0.6099036996,0.7874661179,4.928482888,90.33925926,0.0,1.187852529,1.588312856,0.5451743197,1.044029155,155.8068393,49.30967614,0.8064102564,24.31554143,0.7981365991,1.949005161,0.1477536472,0.9172008765,0.0,0.9701086957,0.8254076087,-12.28148148,1.23326118,12.46092379,7.047671983,0.0,0.4743589744,2.047643613,0.5955547112,0.8221827736,1.066164255,3.432989691,0.0,0.0,28.618101,0.9802713319
2.477249331,4.42074812,3.053191489,3.475948788,3.592195099,1.650185493,150.5810552,159.2360913,162.7832731,159.0578367,10.34693878,0.02049448396,-0.5899218285,0.01252907091,-0.07649882611,-0.02264704753,1.610005546,1.059277942,0.7829806569,0.4303127419,1.020850531,1.047792325,1.014097771,1.137114244,1.076060553,1.079849498,0.6290712462,0.5284335078,1.189798627,0.8012152583,0.9837660937,1.097934162,0.9671177489,1.023349555,-0.3862097909,0.9728339493,8.001919692,1.304328272,0.155855868,0.1498252464,0.1309053865,0.0,1.858344811,0.0,0.0,0.0,0.9567746718,0.0,3.236771542,0.0,0.0,0.0,0.0,5.996980608,0.8206377551,1.295759206,0.4080604534,0.6696428571,0.1801163816,0.05587557604,0.5238095238,28.13070029,9.184952232,9.780484743,11.60093989,42.81902403,28.66715822,16.85062228,9.184952232,11.25737949,11.05045608,25.7795563,12.74095804,5.563451492,20.55972478,11.84833535,15.30077749,1.858344811,0.0,5.798023818,20.82169418,98.72,2.1875,2.01,0.7714285714,0.2584876543,0.23125,0.1852892562,0.08395061728,0.4761990146,0.778213646,22.70510792,-2.178243404,0.9414487904,1.474556874,-0.4441463694,0.1800501934,1658.400839,2.84,0.011,1.048958782,0.8154914939,0.7084333691,0.04568181818,11.05045608,0.9974765126,0.9405150171,16.47104443,3.254224674,1.064851589,0.02738095238,1.066039149,0.0,1.023429039,1.004371762,0.1910930414,1.129842531,-1.381109637,-36.77229081,24.39594478,0.7516995274,0.05357142857,-0.2225833761,1.023371306,-3.525471939,2.59,4.109595923,-4.86,-0.3703259385,10.24525443,0.98956975,0.8920863993,4.896512341,49.99176955,0.0,1.028484122,1.429123673,0.5026218821,0.9141689975,154.0910693,44.97282987,0.8215053763,19.74844179,0.4848697137,1.2827215,-0.1128831303,0.9288555055,-0.7229742427,1.053949709,1.174013005,-7.780045351,1.06283117,11.65909273,5.733667477,0.0,0.4726190476,1.709636086,0.6879041249,0.8847677711,1.111628979,3.3125,5.389192908,0.0,17.57815784,0.9702176092
2.60529193,4.131178091,2.378881988,2.58127572,2.275179856,1.535952391,146.1805455,153.8874113,162.1194812,155.6237704,18.3488,0.009933271613,-0.1258405574,-0.07814954924,-0.1570322903,0.05410393277,1.118866741,1.099561403,0.8453185552,0.5022426673,0.9623742186,1.37596026,1.23432646,1.161954593,1.120723946,1.353531336,0.8546108531,1.003925082,1.209291461,0.7645069026,1.150924266,1.060788076,0.9001021984,1.082875581,-0.4346646954,0.9876076995,3.513018849,1.131262631,0.2264495854,0.07007191304,0.3550137732,0.07216878365,8.346258215,0.0,0.0,0.2793745276,0.0,0.09591943027,0.0,0.0,0.0,5.574112707,0.0,0.0,1.23736678,1.831613993,0.3136729223,0.6442307692,0.2417244772,0.0,0.4,25.56683713,0.0,5.098681808,19.91384147,42.16764743,43.22352662,5.693927995,4.736862954,22.51475897,0.0,33.46512129,12.33872767,31.15323644,0.0,0.0,7.725695284,8.1314571,1.76809697,8.380799131,18.73185444,52.83,3.020833333,2.083333333,0.790430839,0.328042328,0.108125,0.01234567901,0.07235142119,0.2358704513,0.9489717934,15.47272456,-2.291020187,1.037822285,0.9869322093,-0.4576603823,0.01544366636,1673.391748,4.09,0.0449,1.301534076,1.483946244,0.7042765503,0.0462962963,4.736862954,0.9579392889,0.6610821906,8.422763067,2.275879917,1.348953215,0.02179487179,1.233248436,11.28161936,0.9770604183,1.240643345,0.3274370901,1.391833393,-1.224437853,-90.6624,5.693927995,1.020061158,0.0,-0.05190525842,0.9396458062,-2.719529306,1.75,3.508896325,-3.41,0.03340640901,34.75344337,0.9510889837,1.683183489,5.003484679,84.3552,0.0,1.050930755,1.662032677,0.4913194444,0.9675172995,155.1868748,51.16891596,0.791025641,19.74844179,0.8525838097,2.134959865,-0.1526670796,1.058717089,0.0,1.074674527,1.045604195,-20.3744,1.056755309,0.0,5.414990469,0.0,0.4782051282,2.047949735,0.7309069212,1.100510787,1.054045785,3.183823529,0.0,0.0,17.99473795,0.8152202555
2.484396887,4.354634933,3.291666667,3.131828175,3.228478478,1.610144477,147.8922439,158.2778486,156.1961872,158.2690638,9.659279778,0.03042762734,-0.6215974158,-0.08695288635,-0.009644824468,0.03341548331,1.628381369,1.14545722,0.9105523115,0.4512195122,1.206258191,0.998853211,1.013366488,1.024996994,1.031114719,1.302778272,0.6817315487,0.620159955,1.359952944,0.7526349913,0.9407579735,1.142562113,1.184972027,1.007860465,-0.4868733236,0.972895829,7.008271847,0.6101379255,0.1841317597,0.09369091237,0.07931626887,0.0,3.372633227,0.0,0.0,0.0,0.0,0.0,2.679537509,0.0,0.0,10.79239261,0.0,0.0,0.9265868292,1.854625535,0.3935860058,0.6979166667,0.2132537485,0.04412393162,0.5,29.46491726,9.967957042,0.0,0.0,25.12283841,23.56117946,10.70155169,14.26826309,33.45795484,14.79051451,27.6520576,6.9237372,12.61766519,5.948339281,0.0,10.79239261,3.592312771,0.0,2.697679302,12.79544806,89.13,1.701388889,1.358333333,0.6891609977,0.3038942429,0.142183642,0.06,0.06267806268,0.3642152454,0.722077814,25.04764827,-1.835403696,0.07062541505,1.363028953,-0.5059322589,0.2056206074,2383.790371,4.12,0.0931,1.252868825,0.9378264053,0.6950597415,0.03880952381,14.45770443,1.065581875,0.5269878465,138.6447109,3.436299726,1.069264069,0.02361111111,1.025211185,4.794537184,1.243925029,1.130682377,0.2345434884,0.9957824039,-0.7352279586,-13.22222222,18.26052308,0.8252995441,0.02083333333,-0.1887669489,0.8307580879,-2.938074939,0.82,3.964904158,-4.28,-0.08677815654,21.95893118,0.8793098416,0.7435800193,4.832570547,59.77777778,1.506882585,1.190059729,1.39952785,0.3802083333,1.039404014,154.9763277,47.52017182,0.8294871795,14.95193556,0.7438069081,1.283023355,-0.08695913632,1.415172344,-0.1917999916,1.085868101,1.028505898,-13.80886427,1.212076796,11.34354229,0.0,0.0,0.4763888889,1.96380312,0.6680392778,0.7179523183,0.9802947918,3.635135135,0.0,0.0,5.693927995,0.8889675402
2.48920546,4.575636554,3.47826087,2.78048273,2.655541989,1.593223731,145.2026966,158.3674785,157.7943482,157.077098,9.644628099,0.01627690021,-0.5366661405,0.1200917635,-0.1241442495,0.003204608538,1.56209165,1.284871296,1.13439464,0.4844480242,1.167795638,0.9838613448,1.23931391,1.077272139,0.9451114337,1.111842415,0.5884343192,0.6134193222,0.8875628245,0.8279714401,0.9375947135,1.029546988,0.9887672506,1.09598137,-0.4072018893,0.9779967343,7.008270585,0.6094207524,0.164101733,0.1074472077,0.1433457877,0.0,1.985627143,0.0,0.0,0.0,2.136514148,0.0,0.0,1.866943815,0.0,0.0,0.0,0.0,1.056575491,1.858051021,0.362962963,0.6851851852,0.2458499105,0.01865079365,0.5681818182,29.5455462,14.95193556,0.0,6.066367068,25.47729296,29.60302029,16.52595619,4.794537184,21.95893118,0.0,37.28775995,6.9237372,24.35997574,0.0,0.0,1.138555577,3.297508738,0.0,7.2233847,19.52943246,74.77,1.895833333,1.393333333,0.7447165533,0.2741874528,0.236875,0.1100948883,0.06913580247,0.3585127357,0.8471887571,31.41145584,-2.471463757,0.6231577715,0.8096881262,-0.7330975232,0.4771454423,2961.465776,6.06,0.0222,1.193479781,1.130068918,0.6807446078,0.03666666667,9.883888252,1.038744755,1.47303463,17.98990914,2.549587732,1.025523013,0.0,0.8515202566,11.33929359,1.094936862,1.10198521,-0.05793992955,1.09683924,-1.05820303,-27.25045914,0.0,0.8075534327,0.0,-0.3013712551,1.021977039,-4.463383844,1.1,4.023677908,-5.11,0.1385857915,56.65946233,0.6987017475,0.9645015976,4.837448726,59.52800735,3.213362402,1.035077231,1.485767646,0.4235756803,1.071308387,152.41333,51.29511415,0.8035714286,24.83582381,0.4434039774,1.435753711,0.05805483346,1.179774961,0.1996968315,1.064241718,0.982902814,-15.42355372,0.9066628443,11.99893954,0.0,0.0,0.5,2.134190838,0.659693166,1.003323587,1.126875801,3.693181818,0.0,0.0,27.96584431,0.8282951232
2.479157266,4.547174271,3.541666667,3.299009632,3.148335204,1.662879136,147.8576336,158.9684329,159.1199551,160.0702419,8.349932096,0.01587557915,-0.515865464,-0.0206844649,-0.095686846,0.01568214022,1.533971709,1.273798402,1.152071878,0.4430017085,0.9937535773,1.023776961,1.076729549,1.005928527,1.023584768,1.023757817,0.5360215424,0.6063578918,0.5420996378,0.8361368736,0.9868625979,1.194245316,1.265318805,0.8453855099,-0.3836351623,0.9925253549,8.003004632,0.6049847756,0.1544818724,0.09550592285,0.1265093346,0.0,1.929811714,0.0,7.261649725,0.0,0.0,0.0,3.210466742,1.705257159,0.0,0.0,0.0,0.0,0.919709887,1.120098348,0.3647475072,0.6693548387,0.2166113565,0.01743471582,0.5957446809,31.83179984,23.76612587,5.425791397,29.54554012,42.82867707,24.01174382,12.03246336,8.780830095,11.38785599,10.74258,21.31540493,24.72395449,16.13452668,13.91238858,11.63444168,26.70699331,2.242262636,0.0,10.00646699,24.29047653,67.51,1.791666667,1.988888889,0.6540136054,0.2902730537,0.291882716,0.2356881951,0.07111111111,0.4796542995,0.7732437318,29.41357405,-2.390219741,0.1842119478,1.767919077,-0.8488190828,0.3954188882,2492.989687,4.67,0.00291,0.9748353851,1.015139621,0.6894086529,0.04625322997,5.316788604,0.9327081323,0.8380369552,36.83555035,3.177533436,1.107460702,0.02242703533,0.9730770244,6.544756406,1.0182613,1.074461088,0.04354644759,1.093404823,-1.555837465,3.725567124,23.74168831,0.798112485,0.04838709677,0.1863177987,1.025190591,-4.743395586,3.58,3.903869513,-5.49,0.3570751839,39.76417839,0.8226870325,0.9653380775,4.848826338,54.14073739,1.459484337,1.00060935,1.493593121,0.5755385488,0.8785245779,153.9753421,46.71643133,0.8404761905,20.40266096,0.7394656915,1.650719339,0.0205884353,0.7904416242,0.9256321781,0.8852389883,0.8666045335,-10.11226799,1.412514991,0.0,4.992404733,0.0,0.4775729647,1.940282091,0.7086356088,0.8238921886,0.9969757034,3.663157895,0.0,0.0,10.57107519,1.09456984
2.479111826,4.547271052,3.351851852,3.068665491,2.912253375,1.682029091,148.0103313,154.5546233,156.7782642,159.9387972,10.85274894,0.01851418345,-0.6293819649,0.01683414424,-0.1512546114,0.02386987861,1.680621967,1.130915773,1.24251725,0.5078511369,1.068842391,1.006367067,1.11199885,1.029862266,1.052547341,0.932869947,0.7437343872,0.5446149243,0.6084250696,0.8393745447,1.006611013,1.07046786,1.269203505,0.97436227,-0.3836369936,0.9729364532,7.00827662,0.6049843589,0.1374180268,0.0932935088,0.1342464278,0.0,1.960212632,0.0,7.408851697,0.0,0.0,0.0,3.366929327,1.741006666,0.0,0.0,0.0,0.0,0.9804506278,1.70349736,0.349137931,0.6640625,0.2179363445,0.04455357143,0.5490196078,30.95894759,14.98529578,5.425791397,35.61190719,42.82867707,29.57519531,12.03246336,4.794537184,11.38785599,16.47624748,27.22258466,13.08951281,26.49251536,5.13155848,5.907179729,0.0,2.470996887,0.0,11.86652881,25.69253031,110.6,1.854166667,1.957777778,0.614829932,0.2711404006,0.2940740741,0.2356881951,0.06535947712,0.4373269884,0.8059943785,28.88620299,-3.064570286,0.5195618329,1.574899316,-0.5935852821,0.3634363175,2367.070908,3.04,0.0221,1.110554208,0.8204266508,0.6899617195,0.04256038647,11.05045608,1.06751678,1.03073772,128.1206632,2.822416552,1.123295234,0.01666666667,1.070344177,6.544756406,1.164130098,1.055859992,0.1995510904,1.109748378,-1.373155783,-12.06629929,17.67532124,0.7856332165,0.015625,-0.2729559038,1.034075879,-4.969960076,2.06,3.913553022,-5.01,0.1927858957,44.39282129,0.6814371148,0.9984880308,4.84878054,55.63018497,1.538831045,0.9487266208,1.512636097,0.5755385488,1.153415463,152.3722909,48.38728898,0.7752380952,20.40266096,0.809494363,1.75887232,0.04325218121,0.9479475022,0.5298872603,0.9159459738,0.9707315274,-6.093425606,1.27738942,11.46331847,10.72607221,0.0,0.4833333333,1.976031598,0.6826911885,1.163909167,1.064475138,3.467889908,5.397661056,0.0,10.57107519,1.158363808
2.436061184,4.456399566,2.951219512,2.737156511,3.126984127,1.64674269,145.2953581,151.8391097,154.6759931,158.1828729,10.18550568,0.01857184715,-0.3939284164,-0.1751143872,0.01149262604,0.2095101722,1.350867922,0.7834562113,0.563623861,0.4962137681,0.9889176245,1.082052305,0.8239740143,1.345843778,1.120976273,0.94426136,0.6015213761,0.6912024681,0.9558057576,0.8332714568,0.9790336444,0.9916870747,1.040084717,1.127859064,-0.4964102503,0.9776987655,7.008273079,1.427557749,0.2228211809,0.161504408,0.09003291159,0.0,1.366433321,0.0,0.0,0.0,0.0,0.0,0.0,0.0,0.0,4.734228103,0.0,0.0,0.9781921349,1.728857762,0.3133159269,0.6388888889,0.1786401136,0.0184303351,0.5348837209,28.92408516,4.794537184,5.098681808,18.19910121,41.9616539,29.7174337,5.693927995,9.531400138,33.77213846,0.0,33.24442349,0.0,10.35798868,0.0,0.0,4.734228103,0.0,1.366433321,14.27102878,24.90921771,80.76,1.243055556,0.9755555556,0.4602721088,0.1977985639,0.127808642,0.1078440975,0.08130081301,0.3482836127,0.8656347501,23.94676767,-1.621227195,1.251622831,1.611702222,-0.7628300459,0.2597617454,1630.419703,4.41,0.0234,1.060423496,1.183664255,0.6903562012,0.02438888889,4.736862954,0.9443781331,1.517941169,50.04260193,2.986449864,0.9342160264,0.02716049383,1.057432885,4.736862954,1.130861756,1.02979836,0.2878220728,1.09360282,-1.127342013,-11.95186587,7.109797541,0.8293299744,0.0,-0.05319100946,1.225224359,-3.296369624,1.72,3.372688882,-4.27,-0.405269222,33.77213846,0.9407201108,0.5488365946,4.823322157,43.52731206,0.0,0.7831257198,1.630772827,0.298646542,1.061651825,150.4848425,47.74480414,0.7976190476,20.16532066,0.8670747097,2.053575873,-0.0136860111,0.6986724035,-0.3595741398,0.7647357724,1.032,-0.262844781,1.003785403,11.58879818,0.0,0.0,0.4728395062,1.990517999,0.5977833775,0.4984431172,1.030840417,3.20212766,0.0,0.0,24.06110502,0.9775274703
2.527110816,3.91853569,2.402777778,3.022376543,2.99691358,1.552206776,144.9636743,158.1879876,156.6950562,156.5519789,6.644628099,0.009711306444,-0.1993153167,-0.007993742369,-0.08862645842,0.101809456,1.145191375,1.40885532,0.7416949557,0.4456911329,1.067944522,1.095371669,1.136512389,1.104700855,1.353846154,1.081196581,0.5143580699,0.5900540138,1.256545923,0.9228615531,0.8991333257,1.240771868,0.9099217778,1.053323468,-0.4286211356,0.9938456229,8.001917467,1.399909181,0.2010574043,0.09479894236,0.08579236005,0.0,0.0,0.0,4.120723262,0.0,0.0,0.0,0.0,0.0,0.0,0.0,0.0,0.0,1.043760393,1.472481104,0.3404864092,0.6428571429,0.1926374728,0.0,0.6060606061,24.93841249,4.390415048,5.098681808,24.27512131,35.90493987,11.76029506,11.51114884,4.390415048,22.51475897,0.0,14.76446326,5.817220841,5.693927995,4.390415048,0.0,15.12584969,0.7602793525,0.0,13.26955239,20.42153318,30.71,1.381944444,1.228333333,0.2719274376,0.1128826531,0.03,0.01234567901,0.06535947712,0.4026810465,0.8899428636,18.75483039,-1.482706798,0.8084381557,1.172624647,-0.6473097257,0.04851909911,1498.008473,3.59,0.0295,0.9077066218,1.298601999,0.6778019067,0.04094444444,0.0,0.8926933916,0.881901005,10.64003311,3.020833333,1.427884615,0.02448979592,0.9454447242,6.544756406,0.9369828868,1.107879334,0.275629991,0.9752281617,-1.073289529,70.23140496,12.13273414,0.8050628862,0.02380952381,-0.0238438507,1.110799439,-2.430219029,2.82,3.189264394,-3.4,-0.1824997544,34.75344337,0.4407542079,0.4645392346,4.88992845,34.03305785,0.0,1.011606015,1.704653617,0.2777777778,0.9170041949,149.9781275,48.15463854,0.8102040816,14.76446326,0.7878787879,1.855129726,0.1580518247,0.9549699272,0.0,0.8142434159,0.8228143993,-1.710743802,1.210319332,0.0,0.0,0.0,0.4755102041,1.94154153,0.6111111111,0.657000407,1.096938397,3.796875,0.0,0.0,17.9326124,0.9301368813
2.554306595,4.406813672,2.869281046,2.58467433,2.21741453,1.433474874,146.4241065,159.1893311,156.4493509,157.5014126,17.01545779,0.01234252831,-0.1955050874,0.1247399725,-0.07519707529,-0.09084571564,1.224420088,1.365852084,0.9115725506,0.484870405,1.046207596,0.9762481359,1.233624095,1.093321626,1.007167753,1.283324566,0.7785474473,0.9400895316,1.079105625,0.8522637918,0.8555463466,1.205779888,1.038415841,1.012999201,-0.5233079923,0.9876600313,3.510570304,1.343837073,0.2359765214,0.05735317729,0.130682846,0.0,4.253046466,0.0,0.0,0.0,2.045528969,0.0,0.0,2.23941708,0.0,6.063845816,0.0,0.0,1.28152322,1.826878961,0.3235955056,0.6612903226,0.2362642458,0.0,0.4137931034,29.29560314,0.0,5.098681808,12.99010427,68.39572554,42.12680366,18.05032179,4.736862954,28.26427081,4.736862954,51.39241828,0.0,19.03848682,0.0,0.0,8.209225713,5.676780893,2.102744724,19.13980455,29.71520691,56.07,1.756944444,1.627777778,0.5756462585,0.3094057067,0.150632716,0.1231527395,0.06349206349,0.2714895788,0.939944521,28.455692,-2.820570863,1.636598034,1.557575409,-0.4853047394,0.1318343817,3236.977237,4.34,0.00943,1.33981433,1.523023105,0.6841461785,0.03321995465,9.636772685,1.137101471,1.00647293,50.4503592,2.484204793,1.070660984,0.02150537634,0.8809976413,12.96557803,1.067413755,0.9815053826,0.2935652227,1.013136495,-1.491639651,-57.28775268,11.25737949,0.9928225269,0.01612903226,-0.1909865344,0.8885791959,-3.08287465,2.14,3.465752814,-4.35,0.0161214947,66.07965671,0.8389164224,0.8332545107,5.010284106,93.4470868,0.0,1.21711447,1.681889874,0.4340277778,1.014655023,156.0102373,51.05332435,0.7892473118,24.64835152,1.01156956,2.392228181,-0.05825841397,1.047837212,0.0,1.107775368,1.036769826,-17.77080856,1.210299495,0.0,0.0,0.0,0.4784946237,2.115898526,0.5750199386,1.183630755,1.115287536,3.231292517,0.0,0.0,11.21062871,0.8704712167
2.479157266,4.547174271,3.27027027,3.298611111,3.333333333,1.501013828,150.6227588,163.4869966,163.2807935,163.9285168,8.703125,0.01849614676,-0.4767904807,0.0144438206,-0.09194791352,0.0128501239,1.52427183,1.235088845,1.078281709,0.4196428571,1.062552011,0.9104484512,1.015750916,1.042995839,1.05885666,0.955879941,0.5469842751,0.5915239769,0.6036367703,0.8946434032,0.9744133324,0.9749934769,1.006060027,0.8713215711,-0.3832827833,0.9925253549,8.003004737,1.434185443,0.1496291964,0.08752873188,0.07555863704,0.0,1.9231704,0.0,7.128909661,0.0,0.0,0.0,3.060966291,1.677262544,0.0,0.0,0.0,0.0,0.880778458,1.083992906,0.3757455268,0.685483871,0.2060379854,0.03407345343,0.5833333333,30.43903568,23.76612587,5.425791397,12.14238718,37.26522558,29.22074076,12.16293986,8.780830095,11.38785599,10.74258,26.29938345,24.72395449,17.21226049,14.46821637,11.63444168,26.66875435,2.210330894,0.0,10.00791679,24.46744655,83.3,1.791666667,1.988888889,0.6540136054,0.2902730537,0.291882716,0.2356881951,0.07111111111,0.4299687621,0.7678581826,31.78318436,-2.73948981,0.9934320443,2.181659398,-0.89298895,0.1588900518,2343.157919,3.55,0.0201,1.066141587,1.11346871,0.6894086529,0.04625322997,10.30076712,0.7337435414,0.7981571697,34.45591202,3.234734735,1.113047798,0.03640552995,0.945689043,6.544756406,0.9165248798,0.919647653,0.2735730053,1.141251725,-1.735778508,14.25,12.40490243,0.8323516745,0.04838709677,-0.01746053834,1.016644205,-3.524389315,2.78,3.885299815,-3.99,-0.08039224756,40.95339826,0.8463098973,0.7823534739,4.848826338,59.5,0.0,1.036570302,1.493931419,0.5755385488,0.8859320883,156.2364618,45.31563466,0.8281385281,25.38663948,0.7240601563,1.699662686,0.05281410552,0.8029052711,0.8394747707,0.984963535,0.8637309293,-6.41015625,0.8930924049,0.0,4.992404733,0.0,0.46359447,1.932657847,0.7092012465,0.7505766018,1.095035408,3.533980583,0.0,0.0,23.62654039,1.015774921
2.535252706,4.640762774,3.490384615,3.906517094,4.41374269,1.598622982,146.7040391,153.3187799,157.5744168,157.0508677,10.86057039,0.02822495295,-0.5080726944,0.04949493422,-0.1041963513,-0.05432234374,1.493185398,0.8101033018,0.9386224277,0.46565478,0.9799094522,0.9594818653,1.052348545,1.231721953,1.005517329,1.183787393,0.6078004747,0.5740274285,0.9243866082,0.8587317526,1.01354445,1.068635862,1.071217973,1.06500166,-0.4868839543,0.9727324402,8.001921193,1.39137364,0.1533435001,0.09443617789,0.1452354659,0.0,0.0,0.0,0.0,0.0,0.0,0.0,0.0,0.0,0.0,10.80324371,0.0,0.0,0.6315825775,1.302769991,0.4120385767,0.6532258065,0.1903533561,0.05060992139,0.5531914894,36.59270839,9.072217983,0.0,18.19910121,48.53093655,16.69035448,5.817220841,18.65867814,39.57069241,20.76666028,22.48060678,5.817220841,10.35798868,4.390415048,17.28366747,26.76732242,0.1137903877,0.0,13.16622083,31.3732393,99.34,2.548611111,2.237777778,0.7762811791,0.4598293021,0.2897067901,0.1562105908,0.08278867102,0.4827647973,0.6887271936,25.84989791,-2.52738562,1.150113461,2.363179642,-0.5879519681,0.2091625736,2331.243399,4.11,0.00483,0.8840017211,1.017276823,0.6946711274,0.04387799564,15.20739338,1.07789711,1.130011178,167.711913,4.145833333,1.0575,0.0380952381,1.167897155,0.0,1.204944273,0.8915857541,0.4411145456,1.085341365,-2.014270213,22.48121322,22.88090414,0.7595423789,0.03225806452,-0.4882877992,1.046211912,-2.867836267,3.28,3.4085807,-5.3,-0.3924564816,0.0,0.8159972021,0.7712474633,4.932312686,40.18560435,0.0,0.7431869334,1.575431876,0.5850694444,0.8859775703,149.8019587,45.3133625,0.8229691877,9.780484743,1.166141177,2.146008151,0.1214957754,0.8902981569,-0.5708544259,0.9758728577,0.9541414417,-9.731552739,1.0797144,24.74274844,5.733667477,0.0,0.4619047619,1.767518711,0.6476579521,1.10515639,0.9973242851,3.47826087,5.294897876,0.0,16.94476576,0.8598235875
2.551700777,4.3056907,2.703703704,2.969498911,2.522458629,1.541746325,145.1309009,159.0340393,155.0619513,156.7621185,9.2725,0.009916616665,-0.1744104261,-0.0251597772,0.03098054101,0.001894052327,1.114735456,1.073547327,0.7802665354,0.405690427,1.02242823,1.011428202,1.043987671,1.12236427,1.291562421,1.173996412,0.5011964697,0.5671068993,0.8940965864,0.8999066507,0.8349080291,1.210684048,0.9209396074,0.9691987212,-0.4356701465,0.9938433704,8.001918196,1.343865525,0.1801198494,0.0946942092,0.130682846,0.0,0.0,0.0,0.0,0.0,2.048170299,0.0,0.0,0.0,0.0,0.0,0.0,0.0,1.219887094,1.244274928,0.3701923077,0.66,0.2072852832,0.0,0.6,27.85694441,4.390415048,5.098681808,18.19910121,42.67056301,29.38520368,11.51114884,4.390415048,22.51475897,0.0,19.74844179,5.817220841,12.11474962,4.390415048,0.0,15.36006051,0.9092699672,0.0,14.56963205,26.85155829,43.6,1.631944444,1.507777778,0.4351927438,0.1647691484,0.108125,0.03713906744,0.06878306878,0.3489118597,0.8703648916,20.81486531,-2.361101864,1.217142007,1.766526309,-0.6311237881,-0.09371760612,2085.999363,4.42,0.013,0.9704076766,1.271348172,0.6721101656,0.03769444444,0.0,0.9171042925,0.6476614832,10.45163291,2.70936214,1.379409234,0.02457142857,0.8294789679,12.96557803,0.8732565882,1.07708663,0.2783568858,0.9404837014,-1.48168764,34.26,17.95713863,0.8239764052,0.02,0.05242993816,1.081069314,-2.359054199,2.82,3.460791296,-3.81,-0.06836876553,47.11015556,0.8465218111,0.6046004101,4.993332649,52.86,0.0,0.9372460337,1.70399451,0.3437854308,0.9836662468,150.756606,48.45410407,0.8085714286,19.74844179,0.7912871114,1.861136799,0.02227025919,0.8282638034,0.0,0.9335542929,0.9298436493,-8.9425,1.171510546,0.0,0.0,0.0,0.4754285714,2.081893004,0.5778606252,0.5125798536,1.084993532,3.954545455,0.0,0.0,17.40747228,1.030282786
2.603308916,4.212044574,2.565217391,2.755460589,2.489952719,1.624519845,144.1443511,150.447037,160.0855606,152.2158269,19.66666667,0.006534022579,-0.0960731633,-0.04573648953,-0.05776194809,-0.03760352197,1.084144104,0.9586051752,0.8343620644,0.4149092692,0.9362055306,1.226149781,1.260094818,1.257273176,0.99875,1.454265286,0.5395850415,0.442934369,1.434899175,0.7524506225,1.115456862,1.261020527,0.9462136915,1.126201238,-0.4357059782,0.9113311692,6.027274506,1.13463699,0.1910731779,0.07269249639,0.5223591954,0.1020620726,8.824944675,0.0,0.0,0.3770927816,0.0,0.1600265338,0.0,0.0,0.0,0.0,0.0,0.0,1.251477702,1.814863079,0.3492063492,0.6153846154,0.2354787687,0.0,0.4166666667,26.76879553,0.0,10.36057336,38.9703128,35.59836479,35.98325258,11.76314931,0.0,28.45350378,0.0,14.76446326,23.66984054,43.50994862,0.0,0.0,2.138144369,9.709157166,0.0,8.585206173,21.18814196,54.5,3.208333333,1.949444444,0.9332879819,0.3607961703,0.0625,0.0,0.08585858586,0.3307311461,0.9561827078,17.70433445,-2.417538419,1.127084861,0.7184927604,-0.3770248398,-0.01097630276,1809.939749,4.77,0.00459,1.113539398,1.239382352,0.7105510391,0.04332098765,0.0,1.187727507,0.6631912343,0.4478404478,2.500301932,1.107886051,0.01538461538,1.21174332,6.544756406,1.055083764,1.108491519,0.2502460844,1.453685897,-1.143454084,-85.21354167,5.693927995,0.9404170189,0.0,-0.1421106645,0.9948602256,-2.426582736,2.72,3.514665441,-4.91,-0.09816241458,34.49249037,1.012507702,1.810816167,5.024908333,89.171875,0.0,0.9545478613,1.739792898,0.6354166667,0.8496683073,151.3278136,52.07723333,0.7615384615,14.76446326,1.018621937,2.07029706,-0.1214667309,0.6091205088,0.0,1.126468644,1.061304561,-29.33333333,1.280419261,0.0,5.414990469,0.0,0.4846153846,2.029006047,0.7044683258,0.8998992943,0.9570026416,3.111940299,0.0,0.0,11.25737949,0.746986737
2.494167094,4.295805141,2.708333333,3.64332826,3.402116402,1.807190912,143.5946678,152.2057646,152.4566434,154.7589992,8.488163265,0.01409895107,-0.6072386337,-0.118291143,0.1424332958,-0.1143776401,1.573693854,1.18003281,1.294439015,0.5190755406,0.9553078946,1.077461931,0.9721416548,1.128304735,1.265910194,1.288119144,0.6629941981,0.6409026574,1.29554009,0.8643567062,0.872363568,1.175092993,0.9914186174,0.9692163068,-0.3876126018,0.9929594654,8.001917793,0.60501714,0.2353473097,0.1133692921,0.1497800171,0.0,0.0,0.0,0.0,0.0,1.882124381,0.0,0.0,0.0,0.0,0.0,0.0,0.0,0.9611602419,1.429867567,0.3533866218,0.6304347826,0.1869699986,0.04097722567,0.6,32.78778218,9.374393569,0.0,41.66862122,24.26546827,22.70997077,5.817220841,4.390415048,21.69797817,5.733667477,9.967957042,5.817220841,0.0,9.521973528,0.0,14.20568673,0.0,0.0,10.85865241,21.93000613,51.8,1.784722222,1.307777778,0.4596825397,0.1143864953,0.038125,0.0,0.07207207207,0.4558296632,0.844241824,10.75902422,-1.791046302,-0.3954789132,1.692349156,-0.5730146426,0.2634191583,1705.631803,5.3,0.00264,0.8028274852,0.6211049462,0.6874430569,0.03534534535,5.733667477,1.167850434,1.064688553,88.71634279,3.601337449,1.265910194,0.007867494824,0.9961055129,0.0,1.001704911,1.282379707,0.127173661,0.9322207084,-1.133729355,-14.76761905,17.40315295,0.6920173962,0.04347826087,-0.2214321262,1.123613513,-4.018447057,3.07,3.057754632,-5.69,0.007861020673,21.34352362,1.141082675,0.7027192373,4.926665293,23.8278458,1.35805839,0.934330912,1.660194215,0.2621527778,1.183721434,145.4059212,49.10957345,0.7712380952,9.967957042,1.100837858,2.071528385,-0.02892474727,0.8922462416,0.0,1.193010722,1.157987707,-6.769795918,1.057331285,0.0,0.0,0.0,0.4921325052,1.998717876,0.5973038864,0.7218430218,0.9573595957,3.671232877,5.917577318,0.0,16.08777591,1.33279839
2.479390399,4.67741432,3.290322581,2.890243902,2.867592593,1.60647446,145.1774373,153.3965538,157.4175979,158.5329395,11.41046636,0.01287022192,-0.447882074,-0.03812850463,-0.1119978953,0.1367837902,1.443815692,0.9701644576,0.7855123519,0.4924980569,1.121637658,1.028247267,1.05916821,1.040859365,1.131169632,0.9967306079,0.728796103,0.5054553618,0.8456671886,0.8760288337,1.032723019,0.868903919,0.9851240384,1.02152993,-0.430107163,0.9729366222,7.00827661,1.416932073,0.1660764318,0.1127497909,0.09456365941,0.0,1.976804047,0.0,0.0,0.0,1.991704333,0.0,0.0,0.0,0.0,0.0,0.0,0.0,0.9939285189,1.713849957,0.352173913,0.6328125,0.1861501066,0.02861519608,0.5283018868,30.65052892,0.0,5.098681808,30.33183534,54.95175817,40.16419383,5.693927995,4.794537184,22.51475897,5.733667477,25.65562151,6.9237372,21.61536816,0.0,5.907179729,1.877209467,2.485804582,0.0,19.89458813,33.40723877,86.69,2.034722222,1.905,0.8172789116,0.3754251701,0.353125,0.1940618304,0.06100217865,0.3763947812,0.8648122293,32.3867762,-2.650662237,1.154617542,1.491139924,-0.920876838,0.08287150674,3699.009189,4.5,0.00399,1.030700936,0.8938343048,0.6899617195,0.0396875,5.733667477,0.8162410672,0.9455554071,109.103443,2.849014337,1.06724312,0.02083333333,1.143129719,6.544756406,1.033946355,0.9058409855,0.4908482806,1.186430949,-1.723324829,-39.96404414,0.0,0.8173718895,0.0,-0.3960438476,1.084738924,-4.277349429,2.47,3.427313674,-5.14,-0.4515538367,44.67506339,0.8893022099,0.8946957262,4.879024159,59.71377714,0.0,0.9664520773,1.708581803,0.4462514172,1.169511847,149.304831,49.6069051,0.7578431373,19.74844179,1.052347878,2.300606781,-0.1014019659,0.9666875435,-0.4421969716,1.044032641,0.9732215849,-6.841580634,0.8381648447,11.55927847,5.733667477,0.0,0.4791666667,2.099221281,0.6882687145,1.01799905,1.126228965,3.404958678,5.441104855,0.0,17.75538512,1.034019067
2.48236264,3.945460161,3.41025641,2.547567175,2.551373955,1.749390571,142.7607609,150.6763958,156.5240747,160.1280446,7.391868512,0.008186869895,-0.4495084976,0.06038625767,-0.1567910283,-0.04380499336,1.509021312,1.654244339,1.469892204,0.5372183347,0.937084929,1.161597709,1.311701165,0.9279699248,0.9903236352,1.042105263,0.8737970942,0.9868398516,1.391681402,0.8526769256,1.022784679,1.031451223,1.117915973,0.7809582323,-0.4046587802,0.9938475708,3.041832901,0.6049930215,0.1727095111,0.1688183657,0.09878289721,0.0,2.092978133,0.0,0.0,0.0,0.9216288738,0.0,0.0,0.0,0.0,0.0,0.0,0.0,1.241032308,1.98657124,0.3227848101,0.630952381,0.2019334369,0.0,0.5882352941,32.65984543,9.499376415,5.098681808,65.43117392,12.99010427,11.12690298,5.007623697,0.0,21.82845468,0.0,14.59805822,6.9237372,5.563451492,0.0,0.0,1.865740741,2.092978133,0.0,10.22575554,15.42353692,30.19,1.201388889,0.9933333333,0.3299319728,0.09448223734,0.04875,0.04938271605,0.05882352941,0.4533481442,0.9461315198,21.88301822,-1.362203929,0.4467455678,0.8783033825,-0.4642519014,0.05466087964,390.5366854,4.58,0.00243,0.9615092905,1.097163787,0.6778019067,0.03973333333,0.0,0.9141194433,1.002442193,101.0734186,2.496676163,1.090873736,0.0,1.069242851,0.0,1.125988859,1.47689637,0.3255066629,1.040451128,-0.7254514533,-44.52825836,5.563451492,0.7778473733,0.0,-0.161996353,0.9476770776,-4.304350743,3.57,3.07265421,-5.49,-0.1123492349,26.7893276,0.9467606757,0.7150232092,4.764641067,38.63283353,1.615315334,0.9689544698,1.686200835,0.2378472222,1.147084498,147.26319,51.94076046,0.7698412698,14.59805822,1.273065074,2.014808631,-0.3946628527,1.022968862,0.0,1.53510741,1.369897764,-10.58217993,1.080789772,0.0,0.0,0.0,0.5015873016,2.14918698,0.6384068279,1.595509681,1.170329251,3.396551724,0.0,0.0,11.89077157,0.9500457973
2.482821465,4.350846645,3.080808081,2.587673611,2.425798651,1.566710196,146.0578528,159.6043131,158.1196861,156.9822501,10.63090737,0.0161243722,-0.5849951113,-0.05904886091,-0.09929627038,0.1280305058,1.613476074,1.291507749,0.7914597215,0.4875452438,1.2029561,1.071547038,1.140180114,0.9263126492,1.004534606,1.140736874,0.6417967388,0.5755618309,0.8591526253,0.8652005636,0.8706170821,1.083511643,0.9840519598,1.009959074,-0.3649753945,0.9728909641,7.008272309,0.609420757,0.1698168104,0.1031159436,0.1110709264,0.0,3.521343853,0.0,0.0,0.0,2.153718992,0.0,2.824598601,0.0,0.0,0.0,0.0,0.0,1.07890188,1.861063938,0.3333333333,0.6574074074,0.2445972413,0.03601532567,0.4130434783,29.87654694,14.95193556,0.0,6.066367068,25.47729296,36.52675749,16.52595619,4.794537184,21.95893118,5.316788604,32.38785022,6.9237372,24.86289132,0.0,0.0,1.148682891,4.164086023,0.0,6.09278728,18.20621283,83.56,1.576388889,1.438333333,0.6630839002,0.2734158478,0.230632716,0.1267258443,0.06349206349,0.3542404884,0.839102029,26.85004796,-2.404904405,-0.0226778959,0.7459138122,-0.8714003241,0.5720010929,2040.282384,6.49,0.0148,1.16807596,0.9325942078,0.6963983015,0.03887387387,10.30076712,1.044495092,0.8518915444,24.56501212,2.648151612,1.08927506,0.0,0.8775975797,11.21535881,1.03372798,1.093445348,0.06394519789,1.031716364,-0.9180906312,-28.51942869,6.9237372,0.8356615394,0.0,-0.2469568613,0.9986968574,-3.266321237,1.1,3.955323576,-5.9,0.2666609374,56.53552755,0.7510005253,0.8902105489,4.830954496,65.15984037,3.231662787,1.227478919,1.46786545,0.3680909864,0.9388255458,152.6142173,52.2001832,0.7862068966,25.25270269,0.6144491849,1.56823838,-0.05332403141,1.314224849,-0.007459632257,1.0167944,0.9771167567,-10.96266541,1.002692084,11.02498168,0.0,0.0,0.5,2.144407482,0.6889581608,0.9392573355,1.16212097,3.333333333,0.0,0.0,21.4210879,0.8469310538
2.403428026,5.293209112,2.575163399,2.792139078,2.594871795,1.540074128,145.4222081,155.1947932,154.8610522,157.6664697,17.94262782,0.02603774353,-0.3409797437,-0.2359820419,-0.2543018429,0.04011026015,1.337855722,1.091981899,0.8210227428,0.4982452287,1.062304492,1.38887047,1.123528146,1.231210402,1.439962125,0.9464406489,0.8993316454,1.122127159,0.7673162763,0.7736774965,0.9371082262,0.920670284,1.080690031,0.9726380288,-0.5277860826,0.9871941861,3.51758125,1.419941043,0.158307509,0.06520699112,0.05166617486,0.0,6.694695804,0.0,0.0,0.0,0.0,0.0,3.362726467,0.0,0.0,22.49209755,0.0,0.0,0.8896488445,1.741141729,0.321888412,0.6515151515,0.1850487197,0.0155674391,0.4482758621,38.16725191,4.983978521,0.0,12.13273414,43.32193961,41.46464532,11.44343983,18.94745182,40.13541516,24.26424042,31.29734967,6.9237372,5.693927995,11.37477255,0.0,22.49209755,1.94262321,4.752072594,13.30615681,25.6926211,74.73,2.5,1.871111111,0.666122449,0.3361048123,0.225,0.1897765534,0.0589569161,0.2419485205,0.9152296158,26.76100054,-2.866047935,1.582193904,2.391331663,-0.8777798709,0.03006391058,1765.599618,4.92,0.000967,1.294153085,1.491527921,0.7032888344,0.03598290598,24.26424042,0.8790268425,0.8131282244,102.2116754,2.452069717,1.22240011,0.02929292929,1.056179387,0.0,1.105859373,1.064622338,0.4855819858,1.036424211,-2.273583892,48.67181926,0.0,0.9576641924,0.07575757576,-0.6120037997,1.100743444,-3.865262357,2.0,3.285355766,-6.16,-0.4260486419,22.76262854,0.6166798263,0.7120666468,4.806856052,92.31391201,0.0,1.265663788,1.627220854,0.4270833333,1.020223554,154.087471,49.86319795,0.8137254902,9.967957042,1.497374747,2.572625229,0.09269225348,1.08597206,0.0,0.8369343461,0.8028670731,5.798156956,0.9126395063,0.0,0.0,0.0,0.4707070707,1.947518555,0.5844464949,1.23088211,1.084038362,3.079710145,0.0,0.0,27.02332062,0.9657574436
2.557236073,4.483107027,2.961832061,3.051038844,2.744175627,1.56711025,146.3076746,156.5851931,154.7412096,157.1236519,14.19782707,0.0137524337,-0.467156569,-0.03561304303,0.05319219342,-0.05086990277,1.46352584,0.8177346489,1.082397325,0.4071275569,1.109609348,0.9960870835,1.124689876,1.068031052,1.168913494,1.18615612,0.6911987976,0.4530491683,0.9119878302,0.8556843266,0.8682646925,1.159264474,0.975248426,1.018941419,-0.435712488,0.9729406901,7.008275627,1.343828866,0.189147945,0.1284201545,0.1503247011,0.0,1.980074255,0.0,0.0,0.0,1.721297609,0.0,0.0,0.0,0.0,0.0,0.0,0.0,1.203966837,1.715167942,0.405,0.6517857143,0.211665326,0.03325396825,0.5106382979,25.97493956,0.0,5.098681808,6.066367068,61.72703435,40.64258317,5.693927995,4.794537184,22.51475897,5.733667477,25.65562151,6.9237372,28.16666629,0.0,5.907179729,2.082220175,2.886523744,0.0,11.89484589,29.02169651,86.69,1.944444444,1.858888889,0.6744671202,0.3570168808,0.165007716,0.0826446281,0.07092198582,0.3460834344,0.8542140039,22.2651864,-2.036753328,1.213218731,1.269677979,-0.5615303473,0.1475342032,2534.144099,3.69,0.0375,1.07307332,0.8426671382,0.6875124249,0.03955082742,5.733667477,1.080333695,0.9868369163,94.89064187,2.762510602,1.253096453,0.02380952381,0.9386340073,12.96557803,1.029537253,1.02041122,0.261958061,0.9992363958,-1.358696008,-19.08555908,5.693927995,0.8307010758,0.0,-0.1630407682,1.094650082,-3.992871065,1.84,3.720954608,-3.85,-0.08698691436,58.49801155,0.7876223031,0.8129646745,5.019434459,73.12901766,0.0,0.9383488417,1.666163573,0.5251558957,1.218543883,150.8949697,49.21862217,0.7655555556,19.74844179,0.6894972757,1.833634244,0.04418446711,0.8845581678,-0.4467478053,1.162994053,0.9774755063,-24.63286555,1.147624505,11.73089742,5.733667477,0.0,0.4761904762,2.001742618,0.5928972988,0.6640009904,1.165202399,3.792792793,5.515530695,0.0,11.21062871,1.048303852
2.489279474,4.623396865,3.475728155,3.196194476,2.916485113,1.718410396,148.0204164,155.6241958,156.4009452,158.5210368,9.277777778,0.01324773915,-0.4510651777,-0.02890979897,-0.009953436495,-0.07653422851,1.48786674,0.9974030678,1.31073082,0.4601794321,1.08230888,1.022091289,1.104112216,1.038913194,1.014950166,1.090206186,0.5619294582,0.5280960101,0.6061816573,0.8461781675,0.9682974007,1.095738262,1.032660873,1.027924141,-0.4158684268,0.9113313423,6.027276828,1.197963748,0.1539266767,0.09208967067,0.1048899075,0.0,1.943960139,0.0,0.0,0.0,0.7330421382,0.0,3.165491938,0.0,0.0,0.0,5.603112534,0.0,0.9270640898,1.516060177,0.3412017167,0.6640625,0.1801325383,0.0154040404,0.5833333333,29.8743737,14.18117935,15.45925517,6.066367068,73.23599868,29.3384529,12.02124807,0.0,28.58398029,5.316788604,34.47495837,18.25485007,11.25737949,5.687386275,0.0,3.325228743,1.943960139,0.0,13.71800807,25.84353075,96.72,1.729166667,2.122777778,0.734829932,0.3361048123,0.2365740741,0.2226303438,0.0697167756,0.470839169,0.9446071336,27.84668957,-1.891337171,0.9271141027,1.382389201,-1.063335899,0.4027328734,1911.131702,3.4,0.00554,1.094092438,0.9967124839,0.6899617195,0.04516548463,5.316788604,0.9882177968,1.036673424,33.91087407,3.005633465,1.136311306,0.01458333333,0.9937935412,0.0,1.095011475,0.9930702298,0.4463925951,1.145699075,-1.209207312,10.41319444,6.327320075,0.7739194071,0.015625,-0.3129277005,1.007898535,-3.884574282,2.39,3.786967448,-5.68,-0.3121602283,33.84932247,0.7863590859,0.8818553705,4.858972795,57.61651235,0.0,1.101742194,1.505206523,0.7074829932,1.110208727,152.3036628,46.40783287,0.7929292929,29.36252149,0.7350877607,1.797995053,0.09988391624,0.7507872256,0.4013116234,1.040368285,0.9388392953,-10.80555556,1.198204465,0.0,0.0,0.0,0.4854166667,1.957759179,0.6778846154,0.6433708622,1.163808843,3.643564356,0.0,0.0,17.3266008,1.000039433
2.598156685,4.12572346,2.6,2.575528007,2.283702409,1.486369874,145.045857,154.5847109,162.0658088,153.7869852,18.88696655,0.01218053691,-0.3888343976,0.007765125896,-0.09577186839,-0.004723994585,1.3264719,0.9465877291,0.7241267002,0.4745684031,1.043212565,1.199751581,1.36831172,1.154411,1.000155441,1.363162691,0.9912409366,0.5303073254,1.006024126,0.847892995,1.081585703,1.187286309,0.9033441936,0.9984535941,-0.434974959,0.9876256621,6.002808455,1.134637095,0.2926393097,0.168850319,0.4665289338,0.1020620726,8.98611209,0.0,0.0,0.3906582,0.0,0.1718530722,0.0,0.0,9.704155719,0.0,0.0,0.0,1.263325302,1.73990914,0.3510638298,0.6153846154,0.2557206477,0.01761633428,0.3921568627,28.37327328,0.0,5.098681808,45.89405,41.66473186,23.72004194,11.44343983,5.106527395,28.26427081,0.0,19.87099066,5.414990469,45.00071083,0.0,0.0,2.155247543,9.890925645,0.0,8.508274228,20.72329238,50.94,2.833333333,2.029444444,0.8785034014,0.4167375283,0.1625,0.04122028364,0.08080808081,0.3058725594,0.9009159541,18.79291702,-2.505327715,1.140070661,0.5661235179,-0.461662646,-0.1719400351,1856.906879,4.64,0.0027,1.151053834,0.8204296587,0.7105510391,0.04949864499,5.106527395,1.083114681,0.7568720209,123.9792846,2.466666667,1.159934498,0.01794871795,1.213894295,12.96557803,0.9923983499,1.15128987,0.1659977158,1.435418941,-1.30235531,-111.1868512,5.693927995,0.9811979846,0.01923076923,-0.04452160456,1.08311348,-3.597607479,3.06,3.303997161,-5.28,0.09393396365,41.174265,0.9197600469,1.762182231,4.99633447,91.43252595,0.0,0.923798806,1.737281155,0.6823270975,0.9381128886,151.7808163,52.22564214,0.7580246914,14.76446326,1.346490872,2.368428181,-0.001318857314,0.8992749702,0.0,1.206264518,1.110483351,-25.21607074,1.17929948,0.0,5.414990469,0.0,0.4820512821,2.055152759,0.7604015041,0.7937709652,1.150658022,3.066666667,0.0,0.0,11.38785599,0.8060504642
2.483385735,4.381949493,3.141304348,2.826258843,2.888327722,1.621516487,146.886971,158.820935,157.6428196,156.9427459,11.1875,0.02349506882,-0.697601261,0.03519519719,-0.05208889641,-0.01186381491,1.74623453,0.9977619857,1.188532639,0.47565784,1.189824121,0.9937862515,0.9879945922,1.028571429,1.107575758,1.058319957,0.6725037858,0.5661607861,0.9360763621,0.8028640673,0.8340346176,1.004718226,1.032806248,1.00421134,-0.478741888,0.9779111491,7.008273656,0.6094207635,0.1833419714,0.165874393,0.1110709264,0.0,3.724182381,0.0,0.0,0.0,2.077479142,0.0,2.694195326,0.0,0.0,4.905007699,0.0,0.0,1.004155355,1.834516258,0.3375,0.6759259259,0.2349530978,0.03797360579,0.4318181818,29.89947947,19.74647275,0.0,6.066367068,25.98020854,16.63744226,16.52595619,9.531400138,21.95893118,5.316788604,32.63603612,6.9237372,18.44206969,4.794537184,6.093240071,6.011089091,4.30030942,0.0,3.993947608,16.13367148,92.79,1.576388889,1.518333333,0.6370068027,0.2849899219,0.2253240741,0.1356004489,0.06878306878,0.3894086547,0.8502304101,30.70739642,-2.889178437,0.5690124001,0.6616526061,-0.8396554321,0.7103206796,2875.801334,5.64,0.0155,1.204687771,0.8905222151,0.6963983015,0.03995614035,15.03763008,1.056078187,1.394700779,82.19619528,2.74534055,1.059943978,0.006172839506,0.8370302169,11.28161936,1.14094004,1.160817099,0.09039260016,0.9555555556,-0.7564167918,-4.919191919,0.0,0.8231907145,0.0,-0.1709114439,1.155579983,-6.181280892,0.88,4.088097609,-6.04,0.0759763484,37.86947981,0.8120567364,0.8298151429,4.831538567,64.97337006,3.143638028,1.143108498,1.392308413,0.4930909864,1.019645473,154.1874405,50.37374612,0.8126436782,25.25270269,0.4605605115,1.37133401,0.04828017272,0.9990196758,-0.4646550203,0.9593656689,0.9773136516,-8.5,0.9090517021,11.57741176,0.0,0.0,0.4938271605,2.090310059,0.6447821682,0.8953986586,1.075318584,3.576470588,0.0,0.0,34.57272627,0.8695995857
2.435579376,4.489073469,2.745454545,2.449192783,2.379012346,1.453744263,145.8352209,156.259157,158.5939618,156.6495025,8.948224852,0.00952783564,-0.1752454657,-0.04222091113,-0.05547824865,0.09896383187,1.194198336,0.9829972071,0.7458488837,0.5768129771,0.9315439547,1.053242671,0.975826972,1.156476033,1.009557318,0.9478490747,0.710656682,0.9046706989,0.9118637993,0.9410523235,1.027279982,0.997194386,0.9294537848,1.087829934,-0.3791549794,1.734391303,3.059396814,1.338814635,0.1650050659,0.1044570171,0.0761440227,0.0,0.0,0.0,0.0,0.0,0.0,0.0,0.0,2.519769497,0.0,0.0,0.0,0.0,1.360256858,1.787176044,0.2785714286,0.6465517241,0.2208739966,0.01563218391,0.5576923077,28.34958738,0.0,5.098681808,30.33183534,61.32352731,36.2621901,5.693927995,0.0,33.77213846,0.0,38.1547432,0.0,18.40509474,0.0,0.0,0.0,3.471744154,0.0,24.45844991,26.60459224,57.7,1.215277778,0.9705555556,0.4073015873,0.1703278534,0.08031635802,0.09407407407,0.05925925926,0.2881372627,0.952722565,25.36019601,-2.228863869,1.664326377,1.061745154,-0.6997649482,0.2185651845,1260.858911,5.12,0.00977,1.169844584,1.421967316,0.6713118813,0.02310846561,0.0,0.9354895251,0.7531612903,18.02106998,2.29040404,1.036358018,0.01724137931,1.022092735,6.544756406,1.006029524,1.112155404,0.3206321213,1.204983778,-1.526635257,-2.647928994,31.49460755,0.9001472525,0.0,-0.04642757186,0.865740458,-4.036964886,2.17,3.44038119,-4.27,-0.0504199769,40.31689487,0.9495132935,0.6998016078,4.81993505,52.24556213,0.0,0.8601073483,1.737700118,0.344635771,0.989820741,152.4505509,51.33177147,0.7533333333,25.06523039,0.9717177887,2.260058528,0.1121034507,0.780541103,0.0,0.8863636364,1.055216285,2.941568047,1.008028135,0.0,0.0,0.0,0.4827586207,2.221404059,0.6657997734,1.051612903,1.115187271,3.075630252,0.0,0.0,11.38785599,0.9213923579
2.479665346,4.592143098,3.111111111,2.666666667,2.628060264,1.563472387,148.4885439,156.9784062,159.0290171,162.7283127,15.91975309,0.01425990228,-0.5050139881,0.1160569582,0.1614027988,-0.04974781285,1.614537504,1.148198788,1.343630671,0.4592041101,1.188252086,0.8079508318,0.8715555556,1.256278967,1.061655603,0.8716751269,0.9173361195,0.7451102731,1.073987218,0.8342492746,1.01617081,0.8766059636,1.155590771,1.005424227,-0.3832819479,0.9925445055,3.057290481,1.414050045,0.159635595,0.09341563398,0.1719070506,0.0,6.234086082,0.0,7.450218549,0.0,0.0,0.0,3.508697772,1.755450688,0.0,0.0,0.0,0.0,1.260109621,1.990068038,0.3648648649,0.6693548387,0.2198468132,0.02971652004,0.5185185185,30.15823057,14.98529578,5.425791397,24.27512131,56.17323589,23.15437369,12.16293986,0.0,11.38785599,10.74258,26.29938345,26.93698721,28.33916347,5.687386275,0.0,0.0,6.812140378,0.0,9.857598928,23.997636,83.3,2.041666667,1.908888889,0.614829932,0.3699058327,0.284691358,0.2275257627,0.07555555556,0.3634470053,0.8939926241,28.68588588,-2.204403603,1.168915645,1.307268539,-0.7873009664,0.1791179053,2328.237601,3.76,0.0102,1.273040708,1.128814769,0.6894086529,0.04338383838,10.30076712,0.9125686345,1.135676151,37.38845497,2.642416226,0.9079949239,0.02258064516,1.066784734,6.544756406,1.16309867,0.8916809532,0.2283433755,1.189858182,-1.640470534,-57.0,11.12690298,0.8958941687,0.01612903226,-0.1410391696,1.040850816,-3.323271045,2.45,3.703354099,-4.54,-0.1194945069,46.02638289,1.190447616,0.9314175464,4.849338157,89.0,0.0,1.043161508,1.60734723,0.5538548753,1.042186776,154.9564336,49.59307996,0.7606060606,25.38663948,1.083876389,2.051533403,-0.09230139854,1.060467437,0.9495761422,1.12381754,1.105868002,-4.111111111,0.8437233773,0.0,4.992404733,0.0,0.4774193548,2.118358471,0.6122877647,0.8953808705,1.139197924,3.014705882,0.0,0.0,23.62654039,0.975682946
2.541721686,3.91159965,2.973684211,3.257291108,2.91215332,1.793093368,143.6897022,155.9696275,157.4876994,157.6879582,5.32,0.01259379638,-0.3910746654,-0.08971174475,-0.1843891441,-0.2727308461,1.312315027,1.323036794,1.225572989,0.4807131379,0.7352891177,1.372817274,1.461270488,0.9036043117,1.029265255,1.117294521,0.4646766494,0.6945152796,2.425631809,0.9272975695,0.7849281182,1.171340417,1.228463701,0.6223087414,-0.402613914,0.9574915386,7.008813497,0.6049127757,0.2261318185,0.1626211288,0.1539444827,0.0,0.0,0.0,0.8197803288,0.5696147554,0.7768055556,0.0,0.0,0.0,0.0,0.0,0.0,5.887494508,1.081718632,1.793619562,0.3868682097,0.6625,0.2420024042,0.0,0.5666666667,28.47076648,4.983978521,9.614079702,35.07045991,24.97437738,16.50399085,16.39547969,4.794537184,11.25737949,0.0,20.88421875,0.0,34.25563817,0.0,0.0,1.661964758,0.0,0.0,4.969523767,14.40748187,47.26,1.680555556,1.202222222,0.3673015873,0.0625,0.04063271605,0.03774920926,0.07347670251,0.5469332503,0.8562529472,19.37357916,-1.596104066,0.2676889898,0.5020813714,-0.2043286158,0.01663654816,540.7730347,4.3,0.0169,0.9996820239,1.014374941,0.6844934983,0.04452674897,0.0,0.9957762228,0.9654876968,197.5179167,3.131633095,1.355650685,0.0,0.9947107615,0.0,1.083710204,1.05707522,0.117637805,1.020738204,-0.3360425115,-43.83972565,12.84164325,0.7304629101,0.025,-0.1390526099,1.078496809,-3.177986008,2.37,3.799581231,-4.78,-0.01294873445,21.81810863,0.76540253,0.8676929292,4.850608614,32.04263374,1.571847399,0.8669158316,1.460883267,0.3359552154,1.124739668,149.1416994,48.98258436,0.845952381,14.59805822,0.6,1.107309365,-0.4023404871,0.529621589,0.0,1.414314419,1.429900565,-6.591111111,1.200187908,11.41513856,0.0,0.0,0.504047619,1.864657659,0.6997198007,1.628592129,1.33974703,3.7,0.0,0.0,0.0,0.9937505449
2.544444728,4.376036068,3.125,2.560657596,2.30308642,1.626474535,144.9489288,154.026755,153.8242828,156.9890776,14.47214711,0.00922302494,-0.1611694183,0.03144652425,-0.1656784265,-0.02036319964,1.267859783,1.154665724,0.8969571366,0.4585666293,1.15034626,1.015531742,1.132048872,1.158204334,1.180392157,1.022088836,0.8710680637,0.7873115191,1.028650802,0.7624971828,0.9521608994,1.08175675,1.053616304,1.184053394,-0.4664934324,0.9929587712,3.04035729,1.397244298,0.238421663,0.08104822821,0.1445767338,0.0,4.090610258,0.0,4.31662037,0.0,2.475383677,0.0,0.0,0.0,0.0,0.0,0.0,0.0,1.185005669,2.016736872,0.3966942149,0.66,0.2068145203,0.0,0.5348837209,25.31690106,0.0,5.098681808,18.20875424,48.89504414,35.40481997,5.693927995,0.0,22.51475897,0.0,19.33156291,6.9237372,11.38785599,0.0,0.0,4.202707546,2.837897901,2.073873386,12.3941942,24.98386549,35.64,2.173611111,1.445555556,0.5984580499,0.2537399219,0.120632716,0.06132231405,0.07235142119,0.2785897674,0.9877364622,22.7204304,-1.892690518,1.030475707,1.178498005,-0.7715673488,0.4918373914,1835.439349,3.66,0.0102,1.167715249,1.545284574,0.6786356339,0.03804093567,4.567099648,0.9681704587,1.005775262,5.921902784,2.429976852,1.040448757,0.016,0.983889938,13.59242839,1.062623446,0.9199845008,0.3518698253,1.052867647,-1.288259289,-64.0,16.46637642,0.8649951288,0.0,-0.2412654674,1.060606061,-3.09945192,2.62,3.333842233,-3.89,-0.3857088532,34.88391988,0.7994835164,0.8076271013,4.938419101,70.0,0.0,1.136218551,1.762312788,0.4036635488,1.116136414,152.0041044,51.06314193,0.764,19.33156291,0.825808721,2.092422522,-0.1329771714,1.16366105,0.0,1.172902961,1.06995614,-18.71498107,1.06590271,0.0,7.047671983,0.0,0.484,2.248654573,0.5489361702,1.300056416,1.107303649,3.474226804,0.0,0.0,17.9326124,1.007912959
2.460728968,4.848711797,3.505494505,2.784348865,2.599773243,1.592733857,146.9618643,157.5202936,158.7915527,158.9419224,12.23251418,0.01314508033,-0.462561352,-0.01666632543,-0.1447961987,-0.06814366081,1.530857124,1.365447376,0.9360240755,0.4430376483,1.11473815,1.019410314,1.135000582,1.094460227,1.130461165,1.052041331,0.8964879272,0.7247474168,0.9626202315,0.8190629294,0.939643254,1.066302573,1.081434493,1.050442734,-0.4399134371,0.9929587708,3.048132821,1.428244122,0.1796605646,0.1057986651,0.09806536251,0.0,3.904079596,0.0,0.0,0.0,2.161279031,0.0,3.457160336,0.0,0.0,0.0,0.0,0.0,0.963135813,1.861798556,0.3656716418,0.6696428571,0.195732824,0.01674876847,0.5652173913,30.84234955,15.29317186,5.098681808,24.26546827,43.32193961,29.37866196,5.693927995,0.0,0.0,10.63357721,20.60008305,13.08951281,16.95130748,11.37477255,0.0,1.861815007,1.965102311,1.938977284,11.18197485,24.1830971,69.2,1.979166667,1.497222222,0.4881632653,0.3061303225,0.213132716,0.1348882767,0.06763285024,0.3483851568,0.9431070653,30.51812159,-2.334123543,1.002834733,1.616252822,-0.7852770218,0.2517169376,2407.559025,3.34,0.00744,1.192742332,1.056911043,0.681686114,0.03743055556,5.316788604,0.9660629137,1.116154743,21.19484735,2.865689866,0.9503060567,0.02142857143,1.097141547,7.047671983,1.198669202,0.772841505,0.4666637569,1.094559832,-1.637183693,-35.03591682,0.0,0.8419336171,0.01785714286,-0.2401525765,1.098654596,-3.31301049,3.05,3.506544483,-4.37,-0.3137105966,45.39478057,0.9534926001,0.7674857619,4.910266443,70.25141777,0.0,1.379572342,1.651509591,0.4279691043,0.9279275171,153.002926,48.8070408,0.7689655172,20.08125187,1.075737901,2.017017473,-0.1003115158,1.147774389,0.6040331843,1.061694881,0.9926679542,-10.39508507,1.05575757,0.0,12.04007672,0.0,0.4785714286,2.073218117,0.61453125,1.205538528,1.163059844,3.350515464,0.0,0.0,17.40093056,0.9096952006
2.482948494,4.369701087,2.87394958,2.861821261,2.346457101,1.379042503,146.9424867,161.1625392,160.6984583,158.6763478,12.42150231,0.02260006806,-0.5508059373,-0.08395157844,0.06763494668,-0.01934657807,1.598578088,0.76899515,0.9912273102,0.4660149828,1.055569335,1.068294492,0.9896290106,0.9674438349,1.026094276,1.09321087,0.6604398659,0.6517786151,0.6817933047,0.9179178897,0.8809016128,1.085750803,1.011532353,1.053253445,-0.486881848,0.9778937848,7.008271675,0.6101352802,0.1678834944,0.08542338265,0.07931626887,0.0,4.019216738,0.0,0.0,0.0,0.0,0.0,2.909887469,0.0,0.0,10.94653182,0.0,0.0,0.9710943531,1.90984869,0.3229665072,0.6637931034,0.2627614403,0.03507601038,0.358490566,28.33507142,9.967957042,0.0,6.9237372,37.96448165,36.02384191,16.52595619,14.26826309,33.45795484,14.79051451,34.196814,6.9237372,37.70453456,0.0,0.0,10.94653182,4.984528428,0.0,8.320894015,20.08812386,89.13,1.701388889,1.438333333,0.5814512472,0.3409312799,0.210632716,0.1784613815,0.06565656566,0.3125228745,0.8347820895,28.75229065,-2.328037354,0.7977313507,0.603421699,-0.5658566481,0.613294332,2636.97538,6.04,0.0167,1.305603786,1.077782102,0.6971368173,0.03595833333,19.77449303,1.074437786,1.273127679,151.8134663,2.507832763,1.134041306,0.01954022989,0.9633611495,11.21535881,1.060836876,1.126851001,0.3457989404,0.9853509586,-1.348148104,8.972153,0.0,0.9569520564,0.0,-0.1428932857,1.062910558,-4.564871862,1.31,3.844646162,-5.61,0.02564460065,64.36268699,0.8223066757,0.7368419724,4.831087004,85.17483486,1.574411112,0.9657755588,1.501730749,0.4089073129,1.036295504,155.0014178,50.84318649,0.8086021505,20.26872417,0.7219747643,1.883274293,-0.006581479946,1.154600965,0.0881224705,0.9361946339,0.8946620505,-5.708081168,1.158112722,11.8425896,0.0,0.0,0.4804597701,2.019026274,0.683531746,1.007413158,1.161187992,3.169642857,0.0,0.0,5.693927995,0.8820570652
2.479730606,4.635891784,3.192,3.878726287,3.748263889,1.52479137,151.5781896,160.0685171,161.7134876,168.3136364,5.571005917,0.02563496816,-0.6570422121,0.01376135733,-0.1489606516,-0.1636895066,1.885203501,0.8575438436,1.09708339,0.4016114578,0.8776633278,0.9567766419,1.13131668,1.039315275,1.141813264,0.9125695094,0.6099341314,0.247714679,0.4181185954,0.8893532722,0.9913126359,0.9533945663,1.055480285,0.6704795608,-0.4353723444,0.9893222081,8.007392646,1.240140882,0.1332620998,0.189097092,0.08066422057,0.0,1.889937692,0.0,6.972474923,0.0,0.0,-4.792018266,2.965781106,1.63899863,0.0,4.116513985,0.0,0.0,0.8358149501,1.248830869,0.3163233938,0.6911764706,0.2101437256,0.03351229381,0.5384615385,35.54195691,14.98529578,5.425791397,24.27512131,37.26522558,17.46698741,12.16293986,17.9081081,17.13736782,15.47944295,32.66174231,13.08951281,17.21226049,18.85863142,6.362358859,42.36489577,2.017532804,0.0,11.76696401,23.81549845,92.53,2.104166667,2.237777778,0.6940136054,0.4061712648,0.3187654321,0.3266993164,0.06464646465,0.4844006908,0.8884546629,35.66923115,-2.499649374,1.778319235,2.017839804,-1.18554222,0.215966058,2824.319126,3.31,0.004,1.064998774,0.8676610405,0.697309751,0.04387799564,15.03763008,0.8497975041,0.5635166506,51.90294607,3.414111111,1.122460497,0.0443977591,0.7499244158,6.544756406,0.9478636789,0.9454829304,0.6910757869,0.9191162037,-1.614905217,58.87573964,24.53763657,0.8650939576,0.02941176471,-0.2658163071,0.9207152929,-5.506348083,2.04,3.936930328,-5.2,-0.2548147736,11.26703252,0.8050927044,0.8354847831,4.849405459,67.5147929,0.0,0.8232248086,1.428431027,0.6788548753,1.03481482,161.4949685,44.06425836,0.8697089947,25.38663948,0.8614228369,1.76350939,0.1438335373,0.3829630181,0.7774176039,1.143613383,0.7482076474,-0.5695266272,0.8464145272,0.0,4.992404733,0.0,0.4556022409,1.894393933,0.9220211222,1.165208121,0.7619900302,3.458333333,0.0,0.0,29.31392667,1.060545869
2.596847574,4.055144593,2.464,2.602191641,2.061155914,1.538811367,145.60484,154.1595662,161.8925309,155.3754612,17.18903592,0.007248248358,-0.1438069726,0.01618676303,-0.1677671786,-0.1210053253,1.176742693,1.281947009,0.9151172879,0.4426860565,1.049430623,1.218046396,1.409838788,1.193663503,1.050603217,1.406492117,0.9064493229,0.7041778331,1.262047665,0.7879547701,1.123018354,1.257449802,0.9243572805,1.007787156,-0.4349769101,0.9916128073,3.045311096,1.13463711,0.1950841067,0.08667826669,0.4665289338,0.1020620726,8.948709871,0.0,0.0,0.436781935,0.0,0.2109888747,0.0,0.0,0.0,0.0,0.0,0.0,1.309727891,1.844847411,0.3362068966,0.6354166667,0.242249822,0.0,0.4347826087,26.09929743,0.0,5.098681808,26.83757867,42.16764743,36.11372908,5.693927995,0.0,22.51475897,0.0,19.74844179,12.33872767,38.07697363,0.0,0.0,2.180332577,9.886605988,0.0,7.015426052,16.54069007,43.6,2.770833333,1.798333333,0.7348752834,0.2582514487,0.046875,0.0,0.07588075881,0.271436375,0.9488148711,17.66740671,-2.081039551,0.8665368331,0.7582811471,-0.4255905211,-0.2904327176,1415.056178,4.18,0.0156,1.235107535,1.30998806,0.7040406978,0.0473245614,0.0,1.116290788,0.7714886533,3.947695642,2.315333333,1.177015119,0.01666666667,1.192415068,6.544756406,0.9871158023,1.126157263,0.205892424,1.459161505,-0.995561669,-74.60113422,11.25737949,0.985455795,0.0,0.0555082551,1.002313555,-2.990759023,2.35,3.336184318,-3.93,0.1412080387,29.18999188,0.9060278452,1.725458984,4.986436443,87.4952741,0.0,1.156405317,1.711255484,0.4756944444,0.942173118,153.4449662,51.9290439,0.7666666667,19.74844179,1.062909848,2.187377638,-0.2158779823,1.088323494,0.0,1.205715841,1.007565148,-23.22495274,1.250007046,0.0,5.414990469,0.0,0.4833333333,2.064673091,0.7503282814,1.264058289,1.111651164,3.081967213,0.0,0.0,11.38785599,0.7972212673
2.479665346,4.592143098,3.388888889,2.532462522,2.599432766,1.715241105,145.9770422,152.7827526,154.3128004,160.905854,15.71306515,0.01190044546,-0.5428470777,0.1449637136,-0.04421719233,0.1551323848,1.630287458,1.482560055,1.378936789,0.4882031345,1.13147054,0.8279600872,0.9834839684,1.24724257,1.009327251,0.9127065254,0.8937935067,0.8251203022,0.9781196409,0.7802333168,1.006014742,1.110295051,1.369558595,1.017725006,-0.3836350842,0.9925445055,3.057287729,0.6049842514,0.1656097579,0.1023880699,0.2378043927,0.0,6.299471727,0.0,7.582958613,0.0,0.0,0.0,3.520952381,1.783445302,0.0,0.0,0.0,0.0,1.309247823,1.996709352,0.3544857768,0.6532258065,0.2304076644,0.01518817204,0.5283018868,31.40358503,14.98529578,5.425791397,41.67827426,55.67032032,24.01174382,12.03246336,0.0,11.38785599,10.74258,21.31540493,26.93698721,27.26142966,5.13155848,0.0,0.0,7.024931908,0.0,9.823552408,23.86358443,67.51,2.041666667,1.908888889,0.614829932,0.3699058327,0.284691358,0.2275257627,0.07555555556,0.3868399348,0.9186554403,26.28547732,-2.772526122,-0.1580163283,1.161492086,-0.4893930086,0.3046546448,2357.452536,4.87,0.00148,1.160368181,1.008284625,0.6894086529,0.04338383838,5.316788604,1.16399311,1.112652505,16.01765051,2.656207133,0.8479168153,0.008602150538,1.07367116,6.544756406,1.284822244,0.8916076221,-0.1244888311,1.14381456,-1.272680654,-49.29033662,16.69035448,0.8593066484,0.01612903226,-0.1771735738,0.9742916913,-4.858695856,3.25,3.661171563,-6.04,0.219750922,45.37412621,1.077118596,1.109777642,4.849338157,81.47213322,1.63001559,1.099273741,1.606978399,0.5538548753,1.0023914,152.953981,51.38666017,0.7708333333,20.40266096,1.104326887,2.066748892,-0.008346954601,1.005386896,1.03573355,0.9950776967,1.106495663,-8.124599502,1.490236394,0.0,4.992404733,0.0,0.4913978495,2.158250121,0.6072101984,1.209788066,1.018835717,3.022900763,0.0,0.0,10.57107519,0.99613766
2.489564699,4.6862198,3.464285714,4.030435528,3.395661866,1.674972571,150.9427908,157.2124529,157.902168,164.0365947,4.019992311,0.02251122592,-0.6489870991,-0.1137738129,-0.02080542731,-0.1026807519,1.883170904,0.7110347005,1.011510222,0.4031347679,0.8780101768,1.085654069,1.014887846,0.996266713,1.043636752,1.019328442,0.6061565275,0.2384997173,0.558354706,0.8436156063,0.9864553424,1.124957332,1.035699166,0.8504615132,-0.4379787028,0.9778299974,8.00739318,1.197957711,0.1494514387,0.2109235208,0.1048899075,0.0,1.879582156,0.0,0.0,0.0,0.6533171805,-4.794439428,2.902408037,0.0,0.0,3.981229457,5.49681444,0.0,0.8179913762,1.200842523,0.3246791132,0.6785714286,0.1881080167,0.01680650038,0.5490196078,36.1090115,14.18117935,10.19736362,12.13273414,61.10326455,35.40481997,17.7707599,17.9081081,28.26427081,10.05365156,40.83731723,6.9237372,5.693927995,18.85863142,6.362358859,44.79141315,1.879582156,0.0,11.91980475,24.4497476,82.16,2.479166667,2.282777778,0.9380952381,0.4469875913,0.324691358,0.2626303438,0.06237816764,0.5163689278,0.9302827335,35.29887123,-2.237155556,1.785412797,1.587005082,-1.543130765,0.5864370347,2654.849616,3.97,0.000497,0.9801324676,0.7181281266,0.7022507149,0.04227366255,10.05365156,0.8567837504,0.5100426346,92.14037834,3.513199956,1.06973771,0.03360544218,0.7469597498,0.0,0.9514407027,0.9402853586,0.6907969247,0.9216399929,-1.372459208,24.82468281,29.20822422,0.8176690074,0.02857142857,-0.2884800437,0.8298963163,-5.9426429,3.04,3.84774593,-6.89,-0.4044017867,16.82083098,0.7567578454,0.9810426578,4.859263724,64.10026058,0.0,0.9874107263,1.385174003,0.7387329932,1.059371151,160.4482422,43.79148084,0.8882275132,29.36252149,0.8242960788,1.824679412,0.01020205111,0.3983323284,0.150803309,1.026310319,0.8373943387,-7.479430988,1.168956944,0.0,0.0,0.0,0.4663945578,1.879865724,0.9550071824,0.7575702239,0.7585598346,3.601769912,0.0,0.0,5.693927995,0.9664932023
2.5666259,4.588869829,2.822368421,2.85955711,2.29222973,1.583004036,145.4836216,155.8669565,152.7340905,158.146255,19.87004998,0.01738286914,-0.2158740108,0.06392882127,-0.2561188394,-0.06898125265,1.176135065,1.30874455,0.8580738001,0.4236540159,1.060526546,1.112929932,1.351076108,1.148648649,1.286795627,1.212369947,0.7779949468,0.9801712653,1.071057233,0.7380351429,0.8313563363,1.198164944,1.043732762,0.9587722788,-0.5291147373,0.9872002708,3.514920505,1.343178184,0.2293735799,0.0610145464,0.1401266307,0.0,5.33047856,0.0,0.0,0.0,1.798334646,0.0,0.0,0.0,0.0,11.15906491,0.0,0.0,1.244145592,1.836319444,0.392251816,0.6637931034,0.2166457319,0.0,0.4705882353,28.54971258,0.0,5.098681808,6.066367068,37.96448165,47.38909309,17.19295166,9.473725908,34.01378264,9.473725908,33.96803687,6.9237372,17.80867761,0.0,0.0,13.28103061,2.936712237,3.326427968,9.744957246,26.52295334,62.06,2.506944444,2.09,0.8932426304,0.3597962333,0.183132716,0.08601367207,0.06018518519,0.2226911869,0.926242235,15.35324435,-2.3818119,1.408401666,1.74016382,-0.8567569509,0.2017356667,2371.060659,4.59,0.00793,1.23242244,1.372737458,0.6881880924,0.03943396226,9.473725908,1.109108852,0.7767898092,82.2401395,2.493421053,1.392158253,0.02528735632,0.9473797786,12.96557803,1.099934742,1.008986495,0.1830821563,0.8756418485,-1.454772635,-43.0,5.693927995,0.9365676739,0.03448275862,-0.0643658784,0.9499497824,-2.901493044,1.99,3.544591893,-4.44,-0.1045173892,69.99703522,0.8958847536,0.7880039393,5.054783424,97.0,0.0,1.236221257,1.66536466,0.5121882086,1.257248727,154.2053858,50.09635567,0.808045977,19.74844179,0.8975379904,2.127833449,-0.08706334093,1.098162209,0.0,1.130556975,0.9995736027,-26.05574779,1.187012295,0.0,0.0,0.0,0.4747126437,2.048412698,0.4947339246,1.413898706,1.075090611,3.674418605,0.0,0.0,30.81644801,1.076019905
2.48268941,4.323768632,3.034090909,2.787111409,2.436225551,1.482232951,147.9372851,159.4982643,159.107875,157.7358788,11.3877551,0.02485824717,-0.5132570142,0.1042256118,-0.08982325155,-0.03261636887,1.558863878,1.154968778,0.8585227914,0.5072862129,1.009206925,1.055174007,1.208761749,0.967032241,1.038242894,1.316790417,1.092531525,0.9341221214,0.9212616999,0.8513152668,0.8802018891,1.241553013,1.070018579,1.125399927,-0.4868700299,0.9878153998,4.004860439,0.610137334,0.1970030474,0.1002401502,0.07931626887,0.0,1.988328908,0.0,0.0,0.0,0.0,0.0,0.0,0.0,0.0,10.88954096,0.0,0.0,1.00796438,1.9255391,0.3448275862,0.6770833333,0.2475140301,0.06018518519,0.4523809524,27.04056386,9.967957042,0.0,0.0,38.08841643,23.05826388,16.52595619,9.473725908,33.45795484,15.20739338,28.28963427,6.9237372,17.93915412,0.0,0.0,10.88954096,2.898840486,0.0,6.09278728,17.1366556,86.05,1.451388889,1.358333333,0.5814512472,0.2109158478,0.150632716,0.05234567901,0.06432748538,0.338122589,0.8216438426,24.71660672,-2.246143458,0.6356449582,0.2445683936,-0.6403483629,0.5452612505,2307.396229,4.89,0.0811,1.188651315,1.107514675,0.6882623788,0.03995098039,20.19137191,1.13054171,0.9113262444,129.0543294,2.529847082,1.226915185,0.01666666667,0.9596423962,6.420821623,1.117836516,1.191712433,0.3174531988,0.942653277,-1.279024412,-38.75686571,0.0,0.8627183298,0.0,-0.1793130012,0.9492146597,-4.172382376,0.85,3.926519261,-4.42,0.02203255475,57.81793058,0.6669878503,0.6646731887,4.83081718,60.7702192,1.599854419,0.8791395125,1.488637844,0.3272746599,0.9492614351,154.166357,50.5342196,0.7814814815,14.95193556,0.5597565477,1.465798162,0.006000201222,0.9994996307,0.0,1.119779272,1.012537502,-17.81632653,1.314568843,0.0,5.733667477,0.0,0.4833333333,2.034716685,0.6118217054,1.064155918,1.10497506,3.447058824,5.625882587,0.0,5.693927995,0.8562664564
2.489223894,4.609166181,3.465346535,3.226015947,3.052037037,1.66347221,149.0744103,158.5566781,157.7870569,159.5676304,8.349932096,0.01366148945,-0.4631945484,0.08028097411,-0.07711301051,-0.02817323477,1.498422711,1.102311023,1.170653136,0.4495960808,1.121386892,0.9141964017,1.075591569,1.022153181,1.025767584,1.087558816,0.5759313814,0.5973396208,0.4771771205,0.8611268577,0.9521990572,1.106243265,0.9945472249,0.8994228969,-0.4158683429,0.9779547335,8.001919365,1.197963927,0.155718815,0.09316242322,0.1048899075,0.0,1.933676692,0.0,0.0,0.0,0.722606603,0.0,3.084142731,0.0,0.0,0.0,5.545981618,0.0,0.911702137,1.370377734,0.3552505586,0.6693548387,0.1834415511,0.01671466974,0.5957446809,29.83951586,18.5715944,10.19736362,6.066367068,73.23599868,29.3384529,17.83846891,4.390415048,22.51475897,5.316788604,34.47495837,12.74095804,5.693927995,10.07780132,0.0,16.48094531,1.933676692,0.0,11.99634369,24.65421357,72.93,1.729166667,2.082777778,0.734829932,0.3361048123,0.2365740741,0.2026303438,0.07111111111,0.473032887,0.8728876002,28.09645136,-1.954801563,1.232595694,1.567388682,-1.074154639,0.3320564805,1902.220223,3.78,0.00332,1.028423925,0.9765928376,0.6894086529,0.04628395062,5.316788604,0.9007333935,0.8786555651,35.03177485,3.086236401,1.122729478,0.01874039939,0.9870674232,0.0,1.003867223,0.9639738594,0.3958916818,1.116533179,-1.348719672,18.04426337,18.46005421,0.7895953803,0.03225806452,-0.06868198946,0.9818476059,-4.005729261,3.4,3.675785394,-5.58,-0.1264990805,28.16193619,0.7636760116,0.861516116,4.858916337,57.73084855,0.0,1.142934252,1.487895022,0.6762329932,0.9082127147,153.8576693,46.69882692,0.8181547619,29.36252149,0.7507279259,1.878803458,0.1435678535,1.029497206,0.3567750588,0.980640746,0.8776285457,-10.8184699,1.229941416,0.0,0.0,0.0,0.4812596006,1.943233373,0.7086356088,0.7215339102,1.134441752,3.683673469,0.0,0.0,5.693927995,0.9718848122
2.554419443,4.433858685,2.922077922,2.680354267,2.268205706,1.38956811,144.8037892,159.4494881,156.2600774,154.6625296,11.66942149,0.01406520877,-0.2202924921,0.06729999568,-0.09957887893,-0.0833328188,1.17760212,1.107194438,0.8428255809,0.4894932015,1.093894804,1.056256401,1.167676911,1.087826701,1.137486993,1.272791024,0.7338246099,1.061417384,0.9146064745,0.9417924409,0.8531650172,1.180294578,0.9355624273,0.9829969498,-0.5217570929,1.734393689,3.51166118,1.243178376,0.2300667737,0.05610841425,0.130682846,0.0,0.0,0.0,0.0,0.1933021637,2.026949641,0.0,0.0,0.0,0.0,11.79653889,0.0,0.0,1.276694547,1.824670229,0.3318284424,0.6693548387,0.2460482597,0.0,0.5636363636,29.99511672,0.0,5.098681808,6.066367068,67.64494039,42.18892921,18.05032179,9.473725908,28.26427081,4.736862954,39.0661721,0.0,24.95639286,0.0,0.0,13.93879321,2.375280102,0.0,20.90545082,33.07099305,62.06,1.604166667,1.752777778,0.5030839002,0.2060893802,0.121882716,0.1044750536,0.05664488017,0.2562488093,0.9315595801,30.39169732,-3.03006104,2.417834987,1.734753448,-0.4190460542,-0.1278071877,3050.177044,4.65,0.00705,1.197830853,1.392218062,0.6652498418,0.03577097506,9.473725908,1.092378413,1.021232923,15.66964893,2.461940837,1.298709677,0.02365591398,0.8814415432,17.70244098,1.011477173,1.07592919,0.2617211437,0.9700030148,-1.73504809,-19.82247934,11.25737949,0.9247929169,0.01612903226,-0.35766638,0.9949879808,-4.738384307,2.14,3.521469833,-4.48,0.004214239016,72.43866911,0.7886852496,0.7274988432,5.010764346,74.77024793,0.0,1.161508789,1.713210657,0.4618055556,1.092788318,152.1281585,50.55748388,0.8010752688,19.74844179,1.00293199,2.25988988,0.04837708759,1.086424594,0.0,1.028480614,0.9948736702,-12.89454545,1.173064815,0.0,0.0,0.0,0.476344086,2.104991497,0.6357526882,1.061343491,1.19239628,3.696,0.0,0.0,17.3145951,0.9296237912
2.489068717,4.330861325,3.14516129,4.196933493,4.095568783,1.697955764,146.4265994,154.9726588,155.0153376,156.489545,8.123702422,0.04216799896,-0.5635375359,0.01304467063,0.0067845835,-0.1888585747,1.526176318,0.886477388,1.304429863,0.4876832297,1.019702217,0.8307879349,1.050279895,1.053727708,0.9917437252,1.183342566,0.7848951028,0.4956593986,1.307816392,0.7458280817,0.9853048718,1.19441,1.194658769,0.9586397897,-0.48687096,0.9729446467,7.008293415,0.610138462,0.1808867153,0.1413325737,0.08952247613,0.0,1.879969717,0.0,0.0,0.0,0.0,0.0,0.0,0.0,9.221046443,10.67718928,0.0,0.0,0.862510813,1.7875274,0.4141104294,0.6956521739,0.2092316713,0.04776811594,0.5588235294,29.11802345,14.76249423,0.0,0.0,25.12283841,16.63744226,10.70155169,19.37479049,33.45795484,9.473725908,32.82071055,6.9237372,16.31286968,0.0,5.969305288,10.67718928,2.06119077,0.0,2.697679302,13.02227314,97.33,1.451388889,1.483333333,0.5927891156,0.1993024061,0.105007716,0.02,0.07602339181,0.4616410832,0.6311729364,23.18977142,-1.86176707,0.6998647196,0.996805863,-0.6308522726,0.4752943115,1768.837135,3.93,0.0531,1.144262537,1.017704643,0.6945359572,0.04494949495,19.56423182,1.061295167,0.8754541393,181.4553624,4.274741139,1.162930596,0.02753623188,0.9629236153,0.0,1.177768482,1.241562283,0.3542113339,1.000462351,-1.069909224,5.958477509,11.33678588,0.755705254,0.0,-0.2568712478,0.894260302,-4.146948887,0.57,4.194388489,-4.81,0.006869825378,11.25737949,0.9245082146,0.6871614931,4.837340183,39.23260285,1.419486515,0.6203770728,1.385353225,0.4462159864,1.074337167,152.1066583,45.04329847,0.8493333333,14.95193556,0.4561698531,0.8930743523,0.02207397603,0.6806576626,-1.118961666,1.157585228,1.081186698,-10.89446367,1.242782828,11.26610502,0.0,0.0,0.4724637681,1.896704984,0.660966118,1.021459911,1.088571613,3.784615385,0.0,0.0,5.693927995,0.920359093
2.415358586,4.386276537,2.868421053,2.971698113,2.634990253,1.506078082,144.3858134,157.5543824,158.6791883,153.7535254,9.673469388,0.0142407383,-0.431836192,0.03828639845,-0.09946923943,-0.02535826295,1.41248291,1.207780186,0.9136545206,0.4585167736,1.168978962,1.036799426,1.206670519,1.087912088,1.113484646,1.212938005,0.6141812134,0.5960821078,0.9133929333,0.932071799,0.9844447674,1.1637736,0.9822351461,0.9759227132,-0.4915767511,0.992525869,8.001918986,1.435689019,0.2289126456,0.08378473698,0.09215963608,0.0,3.974897958,0.0,0.0,0.0,0.0,0.0,3.249459114,0.0,0.0,6.194725109,0.0,0.0,1.04191935,1.419216367,0.3256374914,0.6293103448,0.1812130415,0.01687465791,0.5306122449,31.93042219,9.374393569,0.0,12.13273414,74.00822951,29.33191118,17.26066067,9.127278001,22.88687966,10.05365156,9.967957042,19.66469524,11.25737949,15.7651876,0.0,19.30652932,3.974897958,0.0,15.06316447,25.56795761,47.04,1.6875,1.48,0.7069387755,0.3114134543,0.18375,0.1443730232,0.06060606061,0.3901285414,0.8908828199,25.83015668,-2.340465476,1.428908591,2.013590133,-0.67071751,-0.03649349186,2092.027564,5.68,0.000456,1.021909432,1.085825671,0.6971368173,0.03794871795,10.05365156,0.9561438044,0.8722588107,45.32315521,2.831871345,1.099730458,0.02348111658,1.044239202,0.0,0.918952044,1.002840555,0.5218741265,1.214285714,-1.86284543,5.219491878,12.13273414,0.8698665892,0.05172413793,-0.4252419882,1.060766414,-3.713562758,3.6,3.275219204,-6.16,-0.0738445245,28.32608003,0.7770970262,0.7332200804,4.830717173,65.47355269,0.0,1.544008895,1.715055851,0.4201388889,0.6904507469,149.8764946,50.33579663,0.7893650794,9.967957042,1.316925,2.33949064,-0.03741326324,1.068909411,0.0,1.043561385,0.9291835714,-8.265306122,1.133289308,0.0,0.0,0.0,0.4765188834,1.978592406,0.7252747253,0.7460364313,1.152333828,3.20754717,0.0,0.0,5.693927995,0.8147806237
2.483445175,4.409015629,2.981818182,3.194271374,2.612372517,1.557021405,146.4786784,154.9258029,167.4756083,161.1118053,12.15770737,0.01974486039,-0.7043564232,0.2594842893,-0.3917105449,-0.02159633307,1.777307116,1.389506005,1.274371298,0.4937978266,0.9598077313,1.074761265,1.410188061,0.7378952708,0.7211207799,0.9501656845,0.7100039468,0.5318507191,0.7645973939,0.7658417608,1.223185911,1.047131581,0.6357983775,1.082393807,-0.4778197801,0.9777854316,7.008274308,0.6094207349,0.1729008324,0.1567368034,0.1110709264,0.0,8.007290123,0.0,0.0,0.0,2.076106145,-0.08298018775,2.765861993,0.0,0.0,5.269591032,0.0,0.0,1.003390892,1.838342789,0.3033707865,0.6583333333,0.2509168625,0.03347222222,0.358490566,33.57645115,19.74647275,0.0,26.83757867,24.47146181,16.63744226,16.52595619,9.531400138,21.95893118,5.316788604,32.63603612,12.33872767,32.28954409,4.794537184,6.093240071,6.374963598,8.594471583,0.0,3.993947608,16.13367148,92.79,1.701388889,1.918333333,0.6778231293,0.321255354,0.3393981481,0.2678318539,0.06944444444,0.3756908884,0.863722593,30.59614153,-2.799239051,0.258409117,1.108981639,-0.6992319461,0.7726226041,2919.336561,6.49,0.00172,1.23835016,0.8836553041,0.7100918047,0.04678861789,15.03763008,1.105913767,1.212371015,26.42677282,2.56314846,1.229412296,0.005555555556,1.171589999,11.28161936,0.7165472158,1.030644332,0.08953134258,1.470463995,-0.7024403131,45.19061746,0.0,0.8979351065,0.0,-0.2401714286,0.9807338539,-5.834964526,1.57,3.918971342,-7.45,0.07096538944,37.86947981,0.7039460514,2.390475315,4.831603237,85.38499268,3.148251002,1.043626678,1.437707054,0.6180909864,1.266117438,154.3294551,52.08963391,0.8020833333,25.25270269,0.920641274,1.808949113,0.1680009081,0.9295245725,-0.4577800203,0.8296925198,0.8762354138,-3.286578854,0.9558742508,12.02407843,5.414990469,0.0,0.4944444444,2.096508406,0.8750947831,2.464016377,1.023277328,3.617021277,0.0,0.0,34.57272627,1.004598511
2.475845804,4.356319718,3.136363636,3.061173533,3.085600907,1.601621314,143.8137918,153.9889948,156.88388,154.1877092,8.650621958,0.01271820306,-0.4833355777,-0.03882586022,0.08125012204,0.08860061291,1.379699805,0.9563027756,0.4636616931,0.4500194626,1.151677027,0.9249283001,0.8505520433,1.173558601,0.9310534228,1.259068149,0.5393116736,0.5846769149,0.8829066344,0.9026143538,1.006587194,1.182860186,1.02193541,1.001291619,-0.3857259184,0.9729411994,8.001919505,1.432397289,0.1923152733,0.09584756743,0.1060972487,0.0,1.537779396,0.0,0.0,0.0,0.0,0.0,0.0,0.0,0.0,0.0,0.0,0.0,0.9337325208,1.418322974,0.3510401189,0.6296296296,0.1780669637,0.01836104812,0.5348837209,32.63405351,9.374393569,0.0,24.26546827,43.32193961,34.64749311,11.64162534,9.184952232,33.90261496,0.0,20.73518051,5.817220841,17.28172588,4.390415048,0.0,13.33507704,1.537779396,0.0,14.19850435,27.927141,58.64,1.409722222,1.465555556,0.4570521542,0.3567806752,0.275,0.1363126212,0.07936507937,0.4346680611,0.7931762919,24.19727328,-1.88839001,1.153717328,1.356030399,-0.716194481,0.2989944241,1753.350222,5.86,0.00578,0.9581243064,0.9262783355,0.6963983015,0.03757834758,4.983978521,1.012529623,0.9154062748,28.69914645,3.470328283,1.034937888,0.02522045855,1.089272141,0.0,1.049632031,0.9213277996,0.2486641166,1.193742656,-1.417295951,4.38831801,19.05647134,0.8105530468,0.01851851852,-0.2957390964,1.073746551,-2.879981882,2.74,3.310131767,-4.68,-0.1999142993,28.07821046,0.9464013669,0.6726928837,4.814805348,44.50405625,0.0,0.9609037944,1.703865908,0.2795493197,0.7163575932,148.3911564,48.64139867,0.7957482993,14.95193556,1.104277755,2.116132987,-0.05346026244,1.071050984,0.01895435068,0.7850527796,0.9274281063,-7.612763656,1.189269874,11.48894251,0.0,0.0,0.4747795414,1.892029023,0.6934664461,0.4106612094,1.006085459,3.295918367,0.0,0.0,11.38785599,0.7939766727
2.478903901,4.498947703,3.207207207,2.909484805,2.694294618,1.57952162,148.829875,159.3485211,160.2431936,161.4494405,8.715277778,0.01605308889,-0.5111398772,0.1340426436,0.02173601105,-0.08652583659,1.597480027,1.232712324,1.239045997,0.5144859286,1.126989842,0.9356012687,1.028405848,1.054281988,1.056209518,0.9874856487,0.8845713701,0.8109847473,0.8959947737,0.8696137268,0.9837412122,0.9697838481,1.03391428,1.071249314,-0.3832817955,0.9929414619,3.057285826,1.304727454,0.164104639,0.09597465705,0.06365387513,0.0,1.976199814,0.0,7.383275726,0.0,0.0,0.0,3.368157649,1.739185567,0.0,0.0,0.0,5.969801387,0.9690885496,1.854054634,0.3375984252,0.6833333333,0.211579616,0.03226190476,0.5833333333,28.71083985,14.98529578,5.425791397,23.74332707,49.39795972,28.177007,12.16293986,0.0,11.38785599,10.74258,26.29938345,13.08951281,17.21226049,5.687386275,0.0,0.0,2.509947609,0.0,11.91630315,24.29046293,83.3,1.479166667,1.797777778,0.5723809524,0.2590230537,0.211882716,0.2026303438,0.06481481481,0.440543788,0.8924841645,29.18215291,-2.261161064,0.7366731661,1.265395249,-0.9039505407,0.05375859869,2098.701255,3.35,0.0106,1.250822375,1.12357045,0.6833808251,0.04384823848,10.30076712,0.9135333964,1.129907131,27.76654196,2.681088496,1.127836545,0.01619047619,0.987073778,6.544756406,1.076056236,0.9070590945,0.3767535361,1.138893766,-1.371081042,-28.07990398,6.338535363,0.8057494171,0.03333333333,-0.3297822381,1.030199685,-3.815923587,2.51,3.773554151,-4.44,-0.116213235,46.02638289,0.9044321512,0.8622267653,4.84857093,56.22153635,0.0,1.052398603,1.540603776,0.5755385488,1.158255769,154.0428157,48.24675953,0.7839285714,25.38663948,0.7350877607,1.81140835,0.03294745194,1.127390331,0.9308324553,1.110206155,1.027956338,-7.932291667,0.9248398051,0.0,4.992404733,0.0,0.4838095238,1.99458087,0.6960964409,1.052810781,1.212996507,3.485436893,0.0,0.0,23.62654039,0.9909585178
2.522733116,4.446991436,3.044247788,3.461835749,3.52359882,1.639571811,145.5551487,152.4355627,155.3217247,156.7675134,15.6875,0.02287544598,-0.328286221,-0.1350005344,0.009219788951,0.1080247527,1.289780278,0.8519256626,0.7408240169,0.46619621,0.9366525134,1.144442114,0.9123650423,1.306474314,1.155491699,1.197901049,0.5446483392,0.6674434426,1.034022137,0.7687019084,0.943808923,0.9735924125,1.09913052,1.010588099,-0.5283489169,0.9113276882,7.008281928,1.400027586,0.1911998925,0.1083494866,0.1079403259,0.0,3.109596788,0.0,0.0,0.0,0.0,0.0,0.0,0.0,0.0,10.72422445,0.0,0.0,0.6684704376,1.665810085,0.3475177305,0.6416666667,0.1810800126,0.01709677419,0.4791666667,32.29197377,4.681802935,5.261891555,12.13273414,54.09438804,6.196843572,0.0,9.473725908,45.77039023,15.0329928,28.98405835,11.33111287,5.563451492,0.0,0.0,12.16590032,0.0,3.109596788,13.54639888,26.39880165,92.93,2.291666667,2.176666667,0.7518367347,0.4270754598,0.230625,0.1279461279,0.07729468599,0.3900871851,0.8708884813,26.84622834,-2.307493793,0.9549070829,1.958382602,-0.5888906486,0.08387734908,2259.370404,4.22,0.00851,1.109540842,1.431730532,0.7029070397,0.04353333333,9.473725908,0.9124552026,1.125146949,79.36621042,3.547935103,1.087212644,0.03,1.128058616,0.0,1.218027012,0.9673387012,0.3519668663,1.037636669,-1.436775151,-93.11111111,4.681802935,0.8573201633,0.05,-0.5166408366,1.100741051,-2.914482998,1.82,3.568654089,-5.0,-0.427514555,0.0,0.9821666885,0.6501483644,4.917842442,62.33333333,0.0,0.8265520888,1.595090401,0.535643424,0.9919509865,151.9923721,47.57439168,0.8129032258,14.76446326,1.140188666,2.016308412,0.009241105755,0.7442207406,0.0,0.9128110709,1.146247847,-9.9375,0.9867342979,13.43940098,0.0,0.0,0.47,1.859212492,0.5402298851,1.078061995,1.036608203,3.308333333,0.0,0.0,48.49096164,0.8929443329
2.447093052,4.793948725,3.13,2.856229323,3.240003106,1.614440359,144.7216271,155.5442346,158.9492957,156.0137833,11.09037037,0.01779936019,-0.4610514897,-0.1256650061,0.02882840204,-0.04737028428,1.360256577,0.7425335688,0.8973705473,0.4925394445,0.9600473733,1.132578952,0.9103044279,1.207936335,1.113316628,1.135146366,0.6952777147,0.5920619779,1.129332362,0.8754222799,0.9224047234,1.089899389,0.9916049776,1.061682954,-0.3817537555,0.9877164069,8.001918968,1.304326965,0.2540009045,0.1468055473,0.1141622592,0.0,2.017820977,0.0,0.0,0.0,1.303301032,0.0,3.356077098,0.0,10.29948396,0.0,0.0,6.032799568,0.9644160998,1.327967941,0.3694581281,0.6339285714,0.1941264787,0.03563492063,0.5111111111,28.03448816,4.390415048,0.0,24.59104416,54.44884259,28.66715822,11.56673267,9.496942443,17.00689132,5.316788604,15.07448444,5.817220841,12.48718869,15.7651876,0.0,14.29720066,2.017820977,0.0,10.78528013,27.64213788,58.04,2.25,1.773333333,0.6514285714,0.3408919123,0.215625,0.1404958678,0.08080808081,0.467319627,0.8411547037,21.66335514,-2.232619483,0.9981352607,1.70183324,-0.7684211434,0.05089532831,1332.397184,5.63,0.000345,0.9638311356,0.7746283939,0.7026070582,0.0403030303,10.423316,1.030270649,1.003155252,121.0541193,2.95563786,0.9209837781,0.01666666667,1.138877401,6.420821623,1.032559588,0.9338277945,0.08406588934,1.105844705,-1.641123724,-65.41360159,12.13273414,0.7796739732,0.07142857143,-0.3519279456,1.105641394,-3.938369241,3.69,3.828988176,-6.47,-0.1499713988,17.67165939,0.8617572637,0.8182542999,4.894186103,48.48731596,0.0,1.163119204,1.647829141,0.4930555556,0.8855283883,148.7218822,49.64790863,0.7988888889,9.967957042,0.6834419445,1.662864921,-0.04402021013,0.8980022815,0.0,1.042623384,1.157519187,-14.31358025,1.088658952,0.0,0.0,0.0,0.4833333333,1.833619171,0.663755887,0.6773374447,1.087100952,3.111111111,0.0,0.0,22.2842392,0.8868389574
2.478964104,4.505698205,3.411764706,2.622318111,2.649559083,1.685800705,146.0676287,153.7663145,156.9194649,160.2989134,11.5904,0.01264783856,-0.5395434782,0.09456313326,-0.1096639568,0.1756703637,1.6178824,1.494180311,1.275598056,0.5158019987,1.032934996,0.9536907823,1.027097535,1.001602564,1.062753036,0.9557038835,0.8760093448,0.8485571093,0.971301665,0.8173616901,1.033535669,1.101423199,1.224456026,0.9999325716,-0.3836345073,0.99294184,3.057284784,0.6049846518,0.1672719035,0.1034126674,0.1146045727,0.0,4.097914854,0.0,7.569080012,0.0,0.0,0.0,3.480119048,1.780111969,0.0,0.0,0.0,0.0,1.249918767,1.993954531,0.3325791855,0.6583333333,0.2262521845,0.01577060932,0.56,29.9187536,14.98529578,5.425791397,53.30809282,37.61968013,24.01174382,12.03246336,0.0,11.38785599,10.74258,21.31540493,20.01325001,21.69797817,5.13155848,0.0,0.0,4.817587998,0.0,11.86652881,23.88832352,67.51,1.729166667,1.797777778,0.614829932,0.2711404006,0.244691358,0.1695724926,0.06018518519,0.3960070552,0.9106332523,26.58713195,-3.021859999,0.07321260254,1.134999841,-0.6000809464,0.3294017303,2139.566019,4.35,0.00291,1.147939062,1.015477692,0.6833808251,0.0428042328,5.316788604,1.148658452,1.059147051,27.49656934,2.683369644,1.051682692,0.008888888889,1.086848239,6.544756406,1.133343323,0.9733495208,0.3076019796,1.106039326,-1.333309317,-37.77688889,11.12690298,0.8363240628,0.01666666667,-0.1599282523,0.991000948,-4.405723211,3.04,3.617096983,-5.66,0.3049713523,45.37412621,1.054958636,1.022895799,4.848631425,65.80248889,1.624157691,1.098921204,1.598911262,0.5130385488,1.175954965,152.4625167,50.78250783,0.7731182796,20.40266096,0.9607820003,2.026759206,0.01250543476,1.082487049,1.034640443,0.9790762512,1.070026556,-10.1248,1.338006891,0.0,4.992404733,0.0,0.4911111111,2.183713084,0.6543803419,1.286525107,1.051961615,3.451923077,0.0,0.0,10.57107519,1.173578059
2.489223894,4.609166181,3.465346535,3.041173697,2.719320988,1.740090696,148.0907525,156.3193058,156.0906875,158.4139853,8.349932096,0.01265889347,-0.4634021685,0.07528393966,-0.05914573135,-0.06202629347,1.529039708,1.095401983,1.250186372,0.5031901654,1.083235206,1.017617962,1.128702847,1.022153181,1.025767584,1.087558816,0.8426922983,0.800223025,0.7961000317,0.8269778698,0.9642722052,1.070285364,1.031022745,1.029892633,-0.4158683152,0.9779547335,3.066006577,1.197962146,0.1622406423,0.09706374365,0.1048899075,0.0,1.953517962,0.0,0.0,0.0,0.7456177798,0.0,3.192167423,0.0,0.0,0.0,5.606745507,5.974580683,0.9438417146,1.524524683,0.3453304375,0.6693548387,0.1867141934,0.01628264209,0.5957446809,30.7849778,14.18117935,10.19736362,17.66730696,73.23599868,34.36108622,12.02124807,0.0,22.51475897,5.316788604,34.47495837,6.9237372,5.693927995,5.687386275,0.0,3.358995671,1.953517962,0.0,11.99634369,24.65421357,72.93,1.729166667,2.082777778,0.734829932,0.3361048123,0.2365740741,0.2026303438,0.07111111111,0.4851766488,0.9463483511,28.01159943,-1.786960274,0.7580408127,1.30703454,-1.155590694,0.5671215673,2550.097043,4.0,0.00126,1.119452489,1.008331832,0.6894086529,0.04628395062,5.316788604,1.011557687,1.05698337,19.51484514,2.869062009,1.122729478,0.004915514593,0.9853270158,0.0,1.103912146,0.9626069693,0.330787506,1.116533179,-1.319559123,-5.496336536,6.327320075,0.7596740657,0.03225806452,-0.4288396606,0.9629415456,-4.095966474,3.51,3.675785394,-6.13,-0.3129686241,39.54325046,0.8109756257,0.9875042737,4.858916337,56.14376093,0.0,1.161984759,1.487895022,0.6762329932,1.133709733,152.6340949,47.91405002,0.8047619048,29.36252149,0.7507279259,1.878803458,0.1400873605,1.090936323,0.4361401382,1.054302632,0.9788240389,-10.8184699,1.126022278,0.0,0.0,0.0,0.4950844854,1.970239546,0.7086356088,1.133492522,1.209173635,3.683673469,0.0,0.0,5.693927995,0.962118759
2.478793984,4.473770881,3.4375,2.779473613,2.653385709,1.662759939,146.1688725,154.841507,157.148242,155.8097542,9.372566772,0.013470729,-0.5346896222,0.1681684608,0.08087769283,-0.1624160067,1.602459466,1.306929059,1.326810002,0.5385371777,1.054939075,0.9098965566,0.9936580778,1.023674242,1.03714364,1.094129555,0.8482306971,0.9153877665,0.8110277244,0.8623184619,0.9868779623,1.037392272,1.123297828,1.003608145,-0.3841204441,0.9938424863,3.057263684,0.6049877535,0.168967786,0.1044615368,0.1073021503,0.0,2.0002376,0.0,7.485346521,0.0,0.0,0.0,3.452896825,1.763097889,0.0,0.0,0.0,0.0,1.21158855,2.0002376,0.3091334895,0.6637931034,0.2218371014,0.01639846743,0.5957446809,33.13142796,14.98529578,5.425791397,53.8110084,30.69594294,24.01174382,6.338535363,0.0,10.57107519,10.74258,21.31540493,13.08951281,16.95130748,5.13155848,0.0,0.0,2.719077411,0.0,14.31861096,22.53967696,67.51,1.416666667,1.606666667,0.5331972789,0.2398904006,0.164691358,0.1365146414,0.05797101449,0.4063987056,0.9119569556,25.92276692,-2.96510097,0.2826825663,1.064869272,-0.6254337812,0.391100539,2267.394437,3.84,0.0056,1.134596526,1.012641533,0.676937285,0.04016666667,5.316788604,1.036276766,1.088069268,28.99309774,2.741319444,1.141637812,0.009195402299,1.116183697,6.544756406,0.99939705,1.420758523,0.2230185056,1.060349952,-1.380770186,-28.11925959,5.563451492,0.8116679997,0.01724137931,-0.1407252745,0.9986816039,-5.02556226,2.82,3.584304619,-5.28,0.0374583276,45.37412621,0.9304356595,0.8562291324,4.84846034,51.29797294,1.612823838,1.118515808,1.590019291,0.5130385488,1.122160906,151.8999972,50.00811246,0.7755555556,20.40266096,1.020726988,1.970284233,0.06593033089,1.104618072,0.9771455866,1.204227924,1.028944683,-12.12222725,1.062033288,0.0,4.992404733,0.0,0.4908045977,2.100379751,0.6449464654,1.061150803,1.089059077,3.578947368,0.0,0.0,16.26500318,1.201255557
2.566577762,4.583620745,2.904761905,2.972624799,2.698872786,1.590894272,144.6944362,155.5955877,153.5583306,156.1586501,17.15826739,0.01519714395,-0.3685903215,0.0520064886,-0.08897918642,0.007959900951,1.35008478,1.169627915,0.9391132119,0.3925371561,0.9799446984,1.039859513,1.154040608,1.123880062,1.310775296,1.226189796,0.5715990939,0.5777138749,1.048523114,0.7936502172,0.826102554,1.142838467,0.9278642951,1.077424123,-0.4963776006,0.9776701433,7.008273414,1.343043853,0.2294203302,0.1666476987,0.1554655659,0.0,3.376057418,0.0,0.0,0.0,1.546251312,0.0,0.0,0.0,0.0,5.040085102,0.0,0.0,1.176365741,1.782925642,0.392251816,0.6551724138,0.2142963571,0.0,0.4897959184,27.27226084,4.794537184,5.098681808,12.13273414,55.66066728,35.07913167,5.693927995,9.531400138,22.51475897,0.0,32.82754461,6.9237372,28.16666629,0.0,0.0,7.111213456,2.866231494,1.399730654,11.82835611,28.56224093,69.9,2.319444444,1.898888889,0.9217687075,0.3169721592,0.165941358,0.06183042547,0.06944444444,0.3050070706,0.9150048267,9.272676168,-2.392158792,1.178465616,1.014550274,-0.3864094707,0.2115673008,2531.128193,4.46,0.00926,1.163700024,1.150298553,0.6881880924,0.03582809224,4.736862954,1.014603352,1.386790079,34.62517931,2.855820106,1.294383234,0.02528735632,0.9412173221,17.70244098,1.029485437,1.05076845,0.03504853675,0.8830486202,-1.082410586,-71.70637234,12.80372554,0.8926414063,0.0,0.03762039535,1.127560521,-1.551702451,2.46,3.601015263,-4.52,-0.2107858468,58.49801155,0.8752412321,0.7748724428,5.053219496,86.61099542,0.0,0.9711687249,1.671450412,0.5573270975,1.241057194,152.2089005,49.4824017,0.808045977,19.74844179,0.7583930502,2.013694581,-0.01587152745,0.7348879158,-0.3713941379,1.152079454,1.060588886,-31.08163265,1.109369255,12.49936712,0.0,0.0,0.4747126437,1.996468858,0.5248307837,1.000022922,1.104380386,3.888888889,0.0,0.0,23.88387775,1.093526352
2.489975236,4.71596176,3.19379845,3.073921028,2.718962963,1.690803163,148.9083903,155.3654683,154.9429922,160.6029834,15.76892562,0.02075573822,-0.3632307174,0.04849614467,-0.2890040533,0.1847012955,1.375888378,1.174993855,0.7894834076,0.4762873966,1.100380678,1.050066621,1.174857681,1.102466149,1.06547793,1.012861736,0.8485937258,0.9857869279,0.7804354379,0.7220477107,0.9456300612,1.039038164,1.081867653,1.064852221,-0.529354413,0.977891196,3.514945347,1.197962429,0.1779205555,0.07093111156,0.1048899075,0.0,5.151582052,0.0,0.0,0.0,0.7338690391,0.0,3.21303162,0.0,0.0,10.71245891,5.684291803,0.0,0.9267645456,1.52084537,0.3558282209,0.6764705882,0.1894627029,0.01529411765,0.5090909091,32.97442507,14.18117935,10.19736362,6.066367068,48.97053041,47.53755411,23.52027174,9.473725908,34.01378264,14.79051451,48.69455345,6.9237372,5.693927995,5.687386275,0.0,14.05060874,1.949194701,3.202387351,9.959216892,24.77369417,91.39,2.416666667,2.273888889,0.8997278912,0.3794721592,0.3987654321,0.2026303438,0.06172839506,0.3307756647,0.9003906711,29.83603179,-2.295373844,1.27536627,1.735041241,-1.32017055,0.3698685579,2281.72668,3.48,0.00388,1.232907982,1.252858372,0.6957683909,0.04290356394,14.79051451,1.025000012,0.7945506502,103.4315688,2.787587329,1.18751256,0.02058823529,1.032605061,0.0,1.169949387,0.9312949114,0.4434496745,1.044513666,-1.593280325,32.36326905,6.327320075,0.8704192806,0.04411764706,-0.1387935889,0.8592307991,-4.636943726,2.42,3.843485662,-5.8,-0.2560641564,33.84932247,0.9109546234,0.9346048007,4.859682142,88.04852158,0.0,1.259376071,1.469822674,0.6137329932,1.118878717,156.3050571,48.3058823,0.82,29.36252149,0.950266591,1.937874051,0.1077656968,1.158093926,0.3879768728,0.8230645835,0.8965858089,-1.556694215,1.193273207,0.0,0.0,0.0,0.4794117647,1.964018497,0.6204697804,1.343249714,1.097336602,3.3984375,0.0,0.0,19.91352308,0.9600809366
2.491354202,4.275538042,2.68,3.20962963,2.666666667,1.794331729,145.8406206,155.199154,151.4701055,156.5622072,10.25231481,0.01585984054,-0.575695827,0.1249484841,-0.01607020327,0.09944951998,1.566150722,1.28497732,1.07457675,0.4955332625,1.033674441,1.074146036,1.130461685,0.9884467266,1.291720154,1.207702182,1.097125467,0.8271669163,1.185173254,0.7920328137,0.8364746317,1.234870868,1.090908868,0.9143549936,-0.3989091992,0.9929423376,4.005275594,0.6050168691,0.2190975601,0.105574127,0.1234317777,0.0,1.969162415,0.0,0.0,0.0,1.708679086,0.0,0.0,0.0,0.0,0.0,0.0,0.0,0.9801417234,1.751691127,0.3529411765,0.6630434783,0.1887907273,0.03988405797,0.5833333333,29.72606633,4.983978521,0.0,17.40315295,37.25557254,23.65106663,5.693927995,0.0,21.82845468,5.733667477,19.93591408,6.9237372,5.693927995,5.13155848,0.0,0.0,1.969162415,0.0,6.723200076,16.8748562,77.58,1.534722222,1.432777778,0.4441269841,0.1224489796,0.04125,0.01234567901,0.06606606607,0.3762926527,0.882440789,12.87466026,-1.853297408,0.05554501583,1.790278537,-0.7232237683,-0.1196205732,1736.593261,4.28,0.0327,1.070758351,0.7827313237,0.6874430569,0.03979938272,5.733667477,1.131768977,0.9370772612,95.8819808,2.93654321,1.37373169,0.007246376812,0.9008422635,0.0,1.150897063,1.209521754,0.1814898794,0.913081287,-0.8836630548,-70.62174211,11.33678588,0.7436166449,0.02173913043,-0.2635806459,1.075737744,-4.726034029,1.04,3.474937501,-4.45,0.1230896197,38.55578411,1.10336377,0.7533780642,4.929401308,41.95781893,1.441879252,1.058346538,1.559714887,0.3116496599,1.110097356,149.8349816,49.11661243,0.7586666667,19.93591408,0.8406850696,1.6949875,-0.1338156393,0.9655402137,0.0,1.015116611,1.334825907,-9.497685185,1.340236335,0.0,0.0,0.0,0.4927536232,1.978174131,0.5806260492,1.198790238,1.139787556,3.739726027,5.971664462,0.0,21.60447662,1.147825347
2.467429019,4.444052454,3.032258065,2.822239369,2.579379138,1.414631977,148.6684509,162.0157313,164.0819914,158.7112036,7.826272695,0.0129263941,-0.2809442213,-0.07268920751,0.01103194595,-0.1220117078,1.330948691,0.9549829319,1.249634785,0.5129172249,0.8678845922,1.137550659,1.089554357,1.0309195,1.03339666,1.179794521,0.5398195628,0.604574093,0.6071503257,0.954629469,0.9561507326,1.091928548,0.9062819223,0.8293963805,-0.4308075987,0.9929434613,8.00191915,1.216250059,0.1640480787,0.07729420917,0.08263127639,0.0,0.0,0.0,0.0,0.5932762928,1.807806182,0.0,6.852749604,0.0,0.0,0.0,0.0,6.055886962,0.9029170953,1.352371614,0.3288590604,0.6693548387,0.2299945501,0.03245356794,0.5471698113,30.13556166,4.390415048,5.098681808,11.60093989,68.24726451,35.21191463,16.85062228,4.390415048,11.25737949,10.63357721,32.8379546,11.73512689,12.84164325,15.7651876,0.0,16.35374068,2.959357796,0.0,16.15318254,27.80954257,67.66,2.159722222,1.4,0.5063038549,0.2574798438,0.18875,0.1850851954,0.0589569161,0.3787920274,0.8736360892,23.31022179,-2.782015546,0.5416512231,1.336815108,-0.6397582985,0.3330300234,2325.057498,4.18,0.00388,1.141316461,1.245809697,0.6841461785,0.03043478261,10.63357721,1.01304263,0.8575182268,2.608085941,2.644364795,1.032320205,0.01935483871,0.9891169715,6.544756406,0.9722886793,1.013404248,0.2946384892,1.126709184,-1.869525216,27.13288416,12.13273414,0.8698632778,0.04838709677,-0.1793080896,0.9131136241,-5.051521246,3.11,3.848625684,-4.81,-0.2181161384,54.88408645,0.9664339287,0.9310435774,4.867349407,58.01078983,0.0,1.105439743,1.566831522,0.3368055556,0.8466014849,154.6095184,49.79445297,0.803030303,25.06523039,0.8494254719,1.87929477,0.04362265776,0.8029201679,0.0,1.122404982,0.8895213664,-5.461018156,1.039533291,0.0,5.917906046,0.0,0.4806451613,1.933541404,0.7677131808,0.7340306196,1.193365693,3.1171875,0.0,0.0,17.57815784,0.7778208109
2.478945707,4.515688836,3.177966102,3.056565657,2.718079922,1.550384998,148.5111826,158.5092233,159.6619223,162.4198265,10.13609467,0.0157189114,-0.4797711177,0.0405743607,-0.08147893939,0.008285825799,1.549921615,1.386814753,1.173414265,0.4833819389,1.119160154,0.9460721419,1.054651503,1.067093515,1.017763158,1.015119617,0.58399396,0.5725075363,0.7106804804,0.9171861945,1.008991876,0.9729876864,1.057896818,1.067756849,-0.408395219,0.9110327857,6.027275724,1.426059173,0.152286462,0.08906267472,0.06365387513,0.0,1.971674587,0.0,7.363740218,0.0,0.0,0.0,3.386001013,1.73430713,0.0,0.0,0.0,0.0,0.9950428844,1.952928091,0.3223684211,0.671875,0.2094889322,0.02941176471,0.5384615385,27.74046552,14.98529578,10.68768295,24.27512131,42.82867707,23.15437369,12.16293986,0.0,17.4570773,10.74258,26.29938345,24.42062568,22.77571198,5.687386275,0.0,0.0,2.487529809,0.0,15.58646447,26.27830895,107.09,1.479166667,1.837777778,0.6123809524,0.2590230537,0.211882716,0.2226303438,0.06222222222,0.4006864785,0.902748663,30.43538633,-2.697931787,0.6424109054,1.533404289,-0.8322998122,0.2140423837,2298.690589,3.14,0.0515,1.228633874,1.10564904,0.6848636974,0.04083950617,10.30076712,0.8960077081,0.7406526572,34.27611413,2.749293785,1.128062613,0.025,0.983215293,12.96557803,1.071019804,0.9207511386,0.3281590025,1.185283181,-1.604654079,-21.85207101,6.338535363,0.845116772,0.015625,-0.2596094682,0.9778761062,-2.874335085,1.59,3.835258088,-3.92,-0.2920970412,51.58983439,0.956347031,0.791095659,4.848613101,62.0591716,0.0,1.046731034,1.571359192,0.5755385488,1.132842429,153.7288018,47.66983334,0.7705882353,25.38663948,0.7170040868,1.86518163,-0.008714409375,0.9675296758,0.9209838233,1.055473363,1.005949104,-7.562130178,0.9408533649,0.0,4.992404733,0.0,0.475,1.989702433,0.6698543233,0.9554579391,1.17669752,3.336206897,0.0,0.0,36.11658333,1.031398465
2.489279474,4.623396865,3.433962264,2.959410669,2.752743484,1.680261638,148.5938777,155.9702392,155.574251,159.9664443,12.63706267,0.01694058782,-0.4045692856,0.1130505018,-0.01471255494,-0.09623289653,1.433737356,1.021379518,1.105575044,0.4831028665,1.121588338,0.8854823267,1.052139994,1.098813159,1.000103817,1.085781412,0.8435001875,0.9200408883,0.6387290264,0.7913115931,0.9430902387,1.066111932,1.045175895,1.044523986,-0.529344468,0.9779390641,3.513573993,1.197963531,0.2069567507,0.08246844233,0.1048899075,0.0,3.59163307,0.0,0.0,0.0,0.7475331417,0.0,3.219346813,0.0,0.0,5.213756179,5.63687025,0.0,0.9465774048,1.527240733,0.3426724138,0.671875,0.187328697,0.01575126263,0.5490196078,29.47437565,14.18117935,10.19736362,6.066367068,73.23599868,29.3384529,17.7707599,4.736862954,28.26427081,10.05365156,41.58475591,6.9237372,5.693927995,5.687386275,0.0,8.585418375,1.956635876,1.634997194,11.99634369,24.65421357,82.16,1.729166667,2.122777778,0.734829932,0.3361048123,0.2365740741,0.2226303438,0.0697167756,0.3937330165,0.9234235618,28.6244859,-1.978596498,0.675740539,1.378192258,-1.177887639,0.4302977571,2523.586878,3.42,0.00423,1.179045686,1.162312795,0.6899617195,0.04516548463,10.05365156,1.008715901,1.063143057,91.8570326,2.921791288,1.054638369,0.01666666667,1.010393481,0.0,1.13490402,0.9367572949,0.5761187737,1.09140543,-1.837843936,13.98013585,6.327320075,0.8351729224,0.03125,-0.4066157554,0.9598949298,-4.069003185,2.72,3.769314557,-5.63,-0.3137681654,45.2927623,0.7090053638,0.8665634189,4.858972795,73.22059891,0.0,1.12451575,1.500292291,0.7074829932,1.102996944,154.6937503,48.38728898,0.804040404,29.36252149,0.7850803925,1.903110785,0.2193541727,1.074743425,0.4434034601,1.016255094,0.9021333913,-10.46097655,1.19540333,0.0,0.0,0.0,0.4833333333,1.974483373,0.6381678501,0.9923174138,1.151655482,3.415929204,0.0,0.0,12.80372554,0.9842354794
2.454495545,4.663924,3.5,2.937830688,2.660628019,1.581865967,147.2916676,157.2172324,160.5709956,157.6989052,8.929150892,0.01485775373,-0.5020530234,-0.01117032491,-0.2766266119,0.01189052502,1.53335304,1.400349602,0.6593175512,0.4770994593,1.031024552,1.118351436,1.211913467,1.022556161,1.102820057,1.091318786,0.8864274692,0.769724801,1.025085047,0.90054243,0.9862933871,1.088759054,0.9828811996,1.034119561,-0.3825238893,0.9938439006,3.063580888,1.43562593,0.1785153727,0.1051242829,0.07173753613,0.0,1.962143731,0.0,0.0,0.0,2.038593845,0.0,3.433067366,0.0,0.0,0.0,0.0,0.0,0.9594385393,1.806243,0.3488372093,0.6666666667,0.1925997468,0.0337164751,0.6046511628,30.78533471,15.29317186,5.098681808,24.26546827,43.32193961,22.33098998,5.693927995,0.0,0.0,10.63357721,21.01696192,13.08951281,16.95130748,11.37477255,0.0,0.0,1.962143731,0.0,11.18197485,24.1830971,80.06,1.506944444,1.457222222,0.4734240363,0.2683216805,0.145,0.06938271605,0.06060606061,0.3870138214,0.9190855772,27.82714273,-1.661369744,0.7826813432,1.861036872,-0.7635385099,0.3282003883,1806.030385,3.87,0.00858,1.089240289,0.9326054841,0.6747025075,0.03834795322,5.316788604,0.9706754153,1.11169726,36.78966264,2.874368687,1.078479741,0.02222222222,1.136650286,0.0,1.142548203,0.7824872065,0.4040616783,1.10473884,-1.68116823,-45.20713899,0.0,0.7824777035,0.01851851852,-0.2700448404,1.075669026,-2.89935726,2.83,3.472127167,-4.58,-0.2433221442,45.39478057,0.9103535878,0.6751048231,4.903407469,50.38128718,0.0,1.282464074,1.64652857,0.3871527778,0.9133669852,150.7746655,47.81698476,0.7551724138,20.49813074,1.040210604,1.954137587,-0.166301944,1.059971267,0.6011936781,1.066156307,1.034754789,-11.93077339,1.092881538,0.0,4.992404733,0.0,0.4777777778,2.041968117,0.6379950745,1.311265538,1.204222562,3.588235294,0.0,0.0,17.40093056,0.8645660171
2.489913525,4.718787952,3.198412698,2.871814018,2.818167305,1.690970878,148.9083903,155.3654718,154.9464867,160.6108865,16.76892562,0.02100375987,-0.3763507193,-0.09483714712,-0.07107795884,0.117086258,1.396672208,0.8621748198,0.8503269941,0.4722529622,1.078542914,1.07268001,0.9407155082,1.175477153,1.124671149,0.9691033088,0.8446466366,1.027025787,0.6822241358,0.7220477107,0.9300698088,0.9339566087,1.07646388,1.10674696,-0.5282523117,0.9778911978,3.515322348,1.197962774,0.1740275182,0.06989596119,0.1187787964,0.0,5.136265821,0.0,0.0,0.0,0.7355840945,0.0,3.214069035,0.0,0.0,10.70155971,5.675572536,0.0,0.9296044769,1.521560058,0.3558282209,0.6764705882,0.1895173383,0.01529411765,0.5090909091,32.97442507,14.18117935,10.19736362,6.066367068,61.10326455,35.40481997,12.02124807,9.473725908,34.01378264,14.79051451,48.69455345,6.9237372,5.693927995,5.687386275,0.0,14.045308,1.950074951,3.18619087,10.16328661,24.66428404,91.39,2.166666667,2.353888889,0.8572789116,0.3673548123,0.3412654321,0.2556881951,0.07407407407,0.3531056945,0.9172339859,28.88080993,-2.057911566,1.324926456,1.826271867,-1.242127856,0.4137534249,2099.862216,3.48,0.00388,1.232907982,1.331100646,0.6957683909,0.0444129979,14.79051451,0.9334409768,0.9865308718,106.9497468,2.75680972,1.048754954,0.02058823529,1.032603101,0.0,1.170458114,0.9705453318,0.4515405514,1.044513666,-1.53565754,12.76874197,6.327320075,0.8704192806,0.04411764706,-0.2003754308,1.0254595,-4.454618487,2.42,3.843485662,-5.8,-0.3441161441,33.84932247,0.8068932286,0.9163731674,4.859622528,89.04852158,0.0,1.030687702,1.469797453,0.7074829932,1.09822901,156.3050571,48.3058823,0.82,29.36252149,0.950266591,1.937874051,0.1651576982,0.9802304812,0.3990081465,0.8510575367,0.9033345985,-2.251570248,1.079408877,0.0,0.0,0.0,0.4794117647,1.965420013,0.5934928334,0.9746850313,1.097336602,3.317829457,0.0,0.0,19.91352308,0.9729937931
2.604253965,4.256187809,2.666666667,2.778240741,2.609455482,1.607773743,143.7011617,150.0788821,160.3551745,150.8347462,20.1068,0.01193830755,-0.3696707454,-0.02898209135,-0.05801846827,0.02315799365,1.272549262,0.7936271538,0.5657889937,0.4492792029,0.9500548095,1.199865657,1.241058052,1.209464271,0.9475420721,1.431689952,0.7309835647,0.4140418972,1.229334601,0.7772135721,1.129370037,1.241118325,0.9249953314,1.126050699,-0.4357069928,0.9113264144,6.027325697,1.134636977,0.2962555273,0.1709368449,0.5223591954,0.1020620726,8.729592585,0.0,0.0,0.3313869992,0.0,0.1222178918,0.0,0.0,9.723706615,0.0,0.0,0.0,1.200079365,1.703751968,0.3759590793,0.6018518519,0.2354456222,0.01688712522,0.4,28.71493402,0.0,10.36057336,51.10304694,35.59836479,23.58956544,17.51266114,5.106527395,34.20301562,0.0,14.88701214,23.66984054,43.50994862,0.0,0.0,2.102855253,9.579082854,0.0,8.585206173,23.65338352,61.84,3.270833333,2.140555556,1.0769161,0.5069365709,0.1325,0.01234567901,0.09178743961,0.3713371529,0.9073960995,17.18555431,-2.73777412,1.33339725,1.066553069,-0.4654811689,0.2572138393,2114.259257,4.85,0.00144,1.020130294,0.7596516372,0.7164655742,0.04653381643,5.106527395,1.129394967,0.6427847695,123.0319315,2.665412809,1.073230848,0.01728395062,1.254084851,6.544756406,1.061802286,1.110188051,0.2383723422,1.46513321,-1.527632555,-84.96,5.693927995,0.9160101652,0.01851851852,-0.1917115551,1.005564303,-2.317339412,3.2,3.495534133,-5.8,0.06395208686,34.49249037,0.9259663184,1.885351766,5.029619215,87.52,0.0,0.8421918212,1.753229315,0.7942885488,0.8352161166,149.6402938,52.18016449,0.755952381,9.780484743,1.178713939,2.148322057,-0.0787035632,0.6864239786,0.0,1.084874376,1.039139817,-30.9336,1.252723468,0.0,5.414990469,0.0,0.4827160494,1.976124982,0.7327669238,0.7381718587,0.9796208331,3.123188406,0.0,0.0,11.25737949,0.732499185
2.54695347,4.500490354,3.056603774,2.302449965,2.270477208,1.382418595,146.6991071,160.0282319,160.4088461,161.2003559,15.5356513,0.009058392537,-0.2290304729,0.1390251409,-0.03268326776,0.1065727349,1.364606192,1.245928054,1.080261495,0.5015941336,0.9923780488,0.9100288155,1.046482856,1.027151046,1.064534931,1.009969414,0.7306354261,0.7895689538,1.271734169,0.9189125312,0.9306392203,0.9874265173,0.9379881138,1.108226066,-0.4411379767,0.993840093,3.042186159,1.320916122,0.1581869665,0.05703086567,0.1288113406,0.0,2.029116241,0.0,4.351594149,0.0,2.238454664,0.0,0.0,2.608801233,0.0,0.0,0.0,0.0,1.172580222,1.996027494,0.3270440252,0.6742424242,0.2606811393,0.0,0.5079365079,31.81744853,4.983978521,5.098681808,24.62957587,81.72541116,17.80213589,5.693927995,0.0,22.51475897,0.0,48.84972038,6.9237372,37.07114248,0.0,0.0,4.390614003,7.514839607,0.0,26.45686494,28.36133856,51.77,2.111111111,1.561666667,0.7975056689,0.2653533636,0.186257716,0.1313151719,0.06172839506,0.2727061868,0.9512785103,36.09707332,-2.755467321,1.445209756,1.000224257,-0.8221356044,0.3667209029,3597.134809,4.23,0.00288,1.378040834,1.542094164,0.6727301626,0.0318707483,9.467009379,1.033784881,0.91726039,0.0,2.279524808,0.9961253198,0.01818181818,0.9859625642,13.08951281,0.9405069043,0.8988911822,0.2376167425,1.06042178,-1.546204861,-131.2653061,49.9768863,0.9940370751,0.0,-0.1025536132,0.9542867701,-4.792185806,2.91,3.367446982,-4.87,-0.09040464529,53.36619862,1.196773536,0.9091450214,4.946157861,96.55102041,0.0,1.161244929,1.715191289,0.5755385488,1.118591003,155.6897591,51.51329749,0.7727272727,29.21545116,1.28827396,2.609832942,-0.1710526316,0.9364502479,0.0,1.119748257,1.253430964,-16.19803477,1.001987989,0.0,0.0,0.0,0.4818181818,2.284264141,0.6265845163,1.154787747,1.182609333,3.120253165,0.0,0.0,35.29333391,0.9952870724
2.55472079,4.386264159,2.854700855,2.912912913,2.61163522,1.544198133,145.0808317,159.0450802,155.5730219,158.1047389,11.73336939,0.008916713954,-0.2018053137,0.007810350234,-0.06044269452,-0.0501925046,1.145341237,1.126650932,1.102617261,0.3781428727,1.0823205,0.998946558,1.160282148,1.073484707,1.258469125,1.165152288,0.5201565343,0.534704427,0.795021122,0.8635890236,0.8368279625,1.173520184,0.9404051611,0.9329284919,-0.43571226,0.9929418574,8.001918361,1.34384996,0.1840266246,0.08568345047,0.130682846,0.0,1.983685366,0.0,0.0,0.0,1.591760572,0.0,0.0,0.0,0.0,0.0,0.0,0.0,1.222343632,1.479324977,0.3956170704,0.6538461538,0.2125529684,0.0,0.5581395349,25.71909067,4.390415048,5.098681808,6.066367068,55.66066728,41.14549874,11.51114884,4.390415048,22.51475897,0.0,19.74844179,12.74095804,17.80867761,4.390415048,0.0,15.7403068,2.906099361,0.0,12.06427509,27.27428713,43.6,1.944444444,1.778888889,0.6434920635,0.2829428068,0.112816358,0.05366799306,0.06565656566,0.3313003692,0.8775885076,18.17237654,-2.231613788,1.431570922,2.029350193,-0.6202275714,0.0399065302,2156.221363,4.92,0.00654,0.9913839642,1.161968544,0.679730678,0.04136950904,0.0,0.9148386755,0.7216488654,10.22975099,2.595916429,1.301382823,0.02362637363,0.8926813456,12.96557803,0.8997951415,1.016039653,0.3451376483,0.9465408805,-1.372771456,35.18063818,17.82666213,0.8517999064,0.01923076923,-0.1894623606,1.028372708,-3.611730348,3.04,3.544039244,-4.22,0.08766132337,52.98131083,0.7456929498,0.7336998549,5.006925977,70.23147647,0.0,1.263420067,1.709450473,0.3715277778,1.097443327,151.3648772,49.45063475,0.8043956044,19.74844179,0.7071249292,1.882225511,0.06589719265,0.9514562866,0.0,1.114306158,0.838335614,-19.64196863,1.116573058,0.0,0.0,0.0,0.4763736264,2.005891854,0.5931900296,0.7544509486,1.096144755,3.87628866,0.0,0.0,11.21062871,1.066107612
2.479665346,4.592143098,3.288288288,2.911878759,2.675676216,1.676778225,148.693276,159.0421644,159.8608281,161.1906456,9.703125,0.01630182589,-0.5054463891,0.08380175969,0.01277785151,-0.04165366432,1.5937266,1.189180972,1.144573119,0.5137511995,1.133034488,0.9365731445,0.9943582054,1.089697145,1.111799493,0.9250451041,0.8785459077,0.8229607137,0.9527377453,0.8218335825,0.912449656,0.9194526895,1.061472477,1.045965248,-0.3832821625,0.9925445055,3.057287055,1.280792098,0.1595873549,0.09364179094,0.1973581657,0.0,1.962915763,0.0,7.317731478,0.0,0.0,0.0,3.292308883,1.723342995,0.0,0.0,0.0,12.42032077,0.9260764743,1.751846125,0.3545966229,0.685483871,0.2126431927,0.03239770982,0.5833333333,33.49567735,14.98529578,5.425791397,41.41063402,37.26522558,17.46698741,12.16293986,0.0,11.38785599,10.74258,26.29938345,13.08951281,17.21226049,5.687386275,0.0,0.0,2.397883639,0.0,9.857598928,23.997636,83.3,2.041666667,1.908888889,0.614829932,0.3699058327,0.284691358,0.2275257627,0.07555555556,0.4736532526,0.8930158082,27.61545956,-2.39777418,0.2644154599,0.9992724003,-0.5478449174,-0.122460704,2357.287217,3.99,0.00295,1.24908257,1.172439084,0.6894086529,0.04338383838,10.30076712,0.9229614341,1.092621018,36.59546091,2.693786379,1.097480696,0.008755760369,0.9858813144,6.544756406,1.079231962,0.9458643271,0.3167843536,1.12238806,-1.283737388,-20.20747599,6.338535363,0.7672959942,0.04838709677,-0.603203711,1.068766519,-3.957932729,2.99,3.885299815,-5.08,0.0184352204,46.02638289,1.026240977,0.9674800741,4.849338157,56.36145405,0.0,1.012600124,1.493626464,0.5538548753,1.156611928,153.8756829,47.94515428,0.8021645022,25.38663948,0.7240601563,1.699662686,-0.01860097979,1.123854011,0.9024019309,1.097348256,1.0084285,-4.41015625,0.859912119,0.0,4.992404733,0.0,0.4912442396,1.978738298,0.6783664097,1.073304389,1.207775641,3.54368932,0.0,0.0,39.35919329,1.119916296
2.489906793,4.649301453,3.485148515,3.392554012,2.919814815,1.662991775,149.0744103,158.5928224,158.7283312,159.6049042,9.349932096,0.01392874075,-0.4540102529,-0.03512865759,0.06806575264,-0.0682207499,1.497528439,0.9302326302,1.249747718,0.4448159689,1.062287327,0.9971167103,1.007450078,1.054602488,1.057574331,1.079192979,0.57413995,0.6257512863,0.5808741287,0.8611268577,0.9357955958,1.110628579,0.9989356066,0.951898572,-0.4158683423,0.9779546959,8.001919274,1.197963203,0.1507171948,0.09087640511,0.1206384272,0.0,1.923404705,0.0,0.0,0.0,0.7087588689,0.0,2.916874213,0.0,0.0,0.0,5.499850193,0.0,0.8877294344,1.370377734,0.3552505586,0.6693548387,0.1835014738,0.01671466974,0.5957446809,32.27307381,18.5715944,10.19736362,18.19910121,61.10326455,23.65106663,17.83846891,4.390415048,22.51475897,5.316788604,34.47495837,12.74095804,5.693927995,10.07780132,5.817220841,17.26700934,1.923404705,0.0,11.87733662,24.10551714,72.93,1.854166667,2.082777778,0.654829932,0.4157375913,0.229382716,0.1944679114,0.07555555556,0.4482294523,0.9020061052,27.25304871,-1.553859383,1.305766194,1.545047495,-0.9989689824,0.3964943784,1967.664645,3.78,0.00332,1.028423925,1.064746394,0.6894086529,0.04527777778,5.316788604,0.9687484586,1.215512665,30.94259566,3.163610806,1.122729478,0.01874039939,0.9719183045,0.0,1.101667807,0.9657708873,0.346380106,1.096944877,-1.649082905,21.60454705,17.07549008,0.7895953803,0.03225806452,-0.259842091,1.062304935,-4.603280787,3.4,3.675785394,-5.58,-0.217394532,16.82083098,0.8776859088,0.8419119601,4.85960534,58.73084855,0.0,1.033012412,1.487602608,0.6545493197,1.023732429,153.8576693,46.69882692,0.8181547619,29.36252149,0.851895745,1.878803458,0.03753490961,0.9404413498,0.2442675002,1.000352792,0.871533903,-8.818469896,1.227555589,0.0,0.0,0.0,0.4812596006,1.928672992,0.6771406928,0.5793608115,1.134441752,3.683673469,0.0,0.0,11.38131427,0.9814056862
2.489724459,4.668558331,3.398230088,2.653568202,2.75082672,1.693122126,147.8212355,154.1617217,157.3372468,161.8619334,13.91990032,0.01121081003,-0.449699921,-0.1487069261,0.1351199137,0.06424878725,1.541169805,0.9761341751,1.40907487,0.4532381153,1.048863998,1.007692178,0.9379677146,0.990659186,1.144232143,0.975283101,0.8876443176,0.6769073975,1.118603765,0.7845020544,1.051435973,1.13686563,0.9583364193,1.0150763,-0.4158683341,0.977918308,3.066011618,1.197962873,0.1573717773,0.09415622716,0.1048899075,0.0,6.096673659,0.0,0.0,0.0,0.7586471456,0.0,3.305253842,0.0,0.0,0.0,5.69343296,0.0,1.169179635,1.536151492,0.3710021322,0.65625,0.1954306371,0.01502525253,0.5283018868,32.05202886,14.18117935,10.19736362,12.13273414,86.07764193,29.3384529,12.02124807,0.0,22.51475897,5.316788604,34.47495837,20.7712116,16.82083098,5.687386275,0.0,3.417125798,6.096673659,0.0,9.959216892,24.77369417,72.93,2.416666667,2.113888889,0.8180952381,0.3794721592,0.349382716,0.2026303438,0.0641025641,0.4055930238,0.9469230273,27.67778503,-2.067259365,0.9878974265,1.205669329,-1.047999341,0.3728555418,2087.174398,4.4,0.00123,1.148048388,1.010521959,0.6950597415,0.04314058957,5.316788604,1.121715391,0.8213984171,33.84819766,2.807003168,1.000990994,0.01145833333,1.076629098,0.0,1.084450801,0.7459848671,0.3205560243,1.145279255,-1.262345878,-46.11281199,17.45422306,0.8442015151,0.015625,-0.1508869737,0.9669887831,-4.41435302,3.45,3.664940071,-6.23,-0.1352428394,39.54325046,0.9714046682,1.131855371,4.859423894,89.23226929,0.0,1.211463378,1.554155632,0.6137329932,1.174769153,153.7567075,50.11285704,0.7808080808,29.36252149,1.104326887,2.062980383,-0.0853031244,1.187252907,0.4849156484,1.084833138,1.062108313,-8.55998576,1.573858415,0.0,0.0,0.0,0.4885416667,2.127363739,0.6745379073,0.9319306486,1.132409346,3.405172414,0.0,0.0,5.693927995,1.066707919
2.484634915,4.048025312,3.568181818,2.544323012,2.799768519,1.760102326,143.7824367,150.150385,155.4365099,161.6836711,10.5367036,0.01432297294,-0.3837039984,0.03177426915,0.1526523821,-0.02476539204,1.37293881,0.9841041276,1.514560249,0.5160522254,1.031471315,0.922852176,1.065674919,1.035489068,0.8908974378,1.034428116,0.8643448247,1.075830859,1.469512888,0.7532837604,1.022830733,1.029874391,1.153730118,0.8762771739,-0.5293572566,0.9878632576,3.513557841,0.6049924266,0.3101888239,0.1327025289,0.09878289721,0.0,3.752323684,0.0,0.0,0.0,0.8956705352,0.0,0.0,0.0,0.0,5.187422727,0.0,0.0,1.230798317,1.938867874,0.3431085044,0.6413043478,0.203818077,0.0,0.5263157895,27.81464996,9.499376415,5.098681808,35.09933858,37.25557254,11.12690298,10.75713553,4.736862954,27.57796651,4.736862954,21.70785576,6.9237372,5.563451492,0.0,0.0,7.036528689,2.087297458,1.665026226,7.98925394,16.86175326,39.42,1.263888889,1.224444444,0.3788208617,0.1380779164,0.085625,0.0947862463,0.06606606607,0.4117047984,0.9170773176,24.91702085,-1.384526148,0.9187283164,1.148676865,-0.5519041562,0.1152715687,470.0020719,4.59,0.00244,1.045958369,1.26542566,0.6874430569,0.04373015873,4.736862954,1.010048757,1.056820699,60.67851062,2.791386083,0.9308763025,0.005797101449,1.088067626,0.0,1.169646289,1.324841846,0.3082911315,1.050461158,-0.9821150721,-60.28839643,5.563451492,0.8290294898,0.02173913043,-0.1293737395,0.94753362,-3.83192233,3.22,3.404793302,-5.65,-0.1416543405,32.53883943,0.8626893106,0.7830645909,4.778990701,52.84518313,1.598280869,0.963819823,1.625861333,0.3411635488,1.108859658,150.3482553,51.55563714,0.7971014493,14.59805822,0.9344677633,1.843134211,-0.3841319012,1.011565993,0.0,1.434792146,1.380003258,-11.24238227,1.084507222,0.0,0.0,0.0,0.4942028986,2.141525135,0.6116646552,1.052480064,1.076342487,3.109589041,0.0,0.0,19.00056911,0.9414482101
2.48472859,4.098811002,3.25974026,2.787489712,2.458847737,1.6806945,145.5516439,156.8361569,158.0905854,155.2807717,10.46745562,0.0144085401,-0.5744572957,-0.2629750835,-0.1136319839,-0.05633089043,1.604492138,1.052201096,0.8458192204,0.4660774674,1.053371792,1.289591207,1.230921822,1.052013423,1.13210018,1.348277405,0.9272979676,0.7715102604,1.102328902,0.813529049,0.9308393273,1.298836642,1.18479164,1.071755169,-0.3822071725,0.9929589145,3.048021971,0.6100524687,0.2077465344,0.1230500175,0.09720242102,0.0,4.039644274,0.0,0.0,0.0,0.0,0.0,3.386400699,0.0,0.0,0.0,0.0,0.0,1.162321796,1.754185169,0.338028169,0.6666666667,0.2110202323,0.01977777778,0.5641025641,26.4826473,15.29317186,0.0,6.066367068,49.05645694,29.3384529,10.69500997,0.0,0.0,10.63357721,15.80357683,20.01325001,22.51475897,10.68846825,0.0,0.0,4.039644274,0.0,5.991368287,15.40762866,64.27,1.659722222,1.217777778,0.6287528345,0.1809019904,0.078125,0.03295582083,0.05847953216,0.4015609797,0.884314082,22.05701218,-2.074700971,0.2441821955,1.070888702,-0.3058481321,0.1323116179,1457.277777,4.51,0.0191,1.188024679,0.9335753978,0.6882623788,0.03581699346,5.316788604,1.228879396,0.9188342617,20.08000768,2.647426647,1.057885906,0.006944444444,1.097807882,0.0,1.227039744,0.8213023089,0.226481643,1.036073826,-0.8045867013,-42.8516327,0.0,0.8136717102,0.02083333333,-0.2205870517,1.024637688,-3.275128421,2.06,3.801445732,-4.51,-0.0251441768,39.36900284,0.886343638,0.7266524068,4.902859877,57.26232742,1.620460653,1.536746981,1.563036884,0.3186295351,0.8814336016,151.9272681,50.32269969,0.7746666667,15.28474565,0.6953696277,1.483956487,-0.07882363236,1.169900449,0.6292649282,1.150517078,1.075139432,-19.28402367,1.404936108,0.0,4.992404733,0.0,0.4930555556,2.10171375,0.6117769255,1.122662178,1.124715952,3.539473684,0.0,0.0,0.0,0.8057588292
2.492402031,5.113762321,3.610619469,8.475158085,4.567791005,1.673300038,152.3542257,158.8172251,166.4638427,177.7169807,2.428266287,0.02070523451,-0.5629851124,0.01031283828,0.377142488,-0.005781412186,1.784060853,1.045415335,0.8774263343,0.3717471478,0.8373210145,0.7895603279,1.077151117,0.9296893306,0.9788125561,0.8440118123,0.6022361602,0.3438508866,0.4285415674,0.8217210618,1.055147977,1.173811175,0.9483069124,0.696360451,-0.4158686826,0.9777273759,8.010506005,1.197950774,0.1146786404,0.1441962134,0.1763184789,0.008999154119,1.79214845,0.0,0.0,0.0,0.5442117412,-9.994971573,2.448587176,0.0,0.0,0.0,5.317795205,0.0,0.7085705218,0.04403040607,0.3343398298,0.6710526316,0.194717492,0.01683696421,0.5283018868,48.05971503,14.18117935,36.5398539,6.066367068,67.16963161,29.3384529,12.02124807,26.34249029,22.51475897,5.316788604,34.47495837,6.9237372,16.82083098,32.02987656,29.16688629,82.41799134,1.79214845,0.0,9.959216892,24.77369417,72.93,2.916666667,2.949444444,1.14462585,0.4520030234,0.5775308642,0.4670931538,0.07986111111,0.5956920686,0.9539409997,32.46269766,-2.698176093,1.449441362,0.8140269893,-1.614443626,0.6049821018,3658.138162,5.52,0.000123,0.9064102156,0.8024113983,0.7168924139,0.04835154827,5.316788604,0.7839790128,1.031037814,27.60846308,3.965803562,1.251855574,0.04348370927,0.8863178268,12.35259703,1.009817455,0.7282073197,0.6159735569,0.9992176319,-1.278692918,97.87864404,12.52416365,0.809395531,0.01315789474,-0.3823627506,1.047754813,-8.769103943,4.07,3.872856109,-7.31,0.07426123319,4.681802935,0.6536408705,1.233469343,4.915686279,61.9058186,0.0,0.9226702384,1.337577022,0.8637329932,0.9569454035,164.0779659,41.28037908,0.9398046398,29.36252149,0.9483898586,1.855064346,0.1374473996,0.5206745118,-0.2489278891,0.8347566806,0.6802571569,-8.406194375,1.546707571,0.0,0.0,0.0,0.4565162907,1.79214845,1.062418378,0.8341631831,0.7395089998,3.818965517,0.0,0.0,16.82083098,1.06154705
2.477181776,4.590853691,3.302521008,2.842170518,2.774155698,1.675279763,145.4159357,155.651977,155.9095839,158.1123377,9.115699537,0.01227692022,-0.3053781813,-0.02786567226,-0.09510029335,-0.0005208116516,1.314743663,1.147352423,0.8422281601,0.4955516111,1.081130658,1.058356074,1.101303434,1.015724816,1.176404448,1.114114114,0.5702878682,0.5646047383,0.8590043444,0.8618396671,1.004732835,1.048841328,0.9430279775,0.9849038221,-0.4272851737,0.9113304311,6.027277397,1.194229067,0.1556992848,0.07466042401,0.07129411522,0.0,1.958516657,0.0,0.0,0.0,1.642882533,0.0,3.192282638,0.0,0.0,0.0,5.578765249,0.0,0.9705139174,1.682922378,0.3246492986,0.6470588235,0.1836802621,0.01400560224,0.5660377358,34.41823681,0.0,10.36057336,30.41697465,54.95175817,35.53529648,10.6824301,0.0,28.58398029,5.316788604,29.72092241,18.25485007,11.25737949,5.687386275,0.0,1.804590026,2.331847077,0.0,17.2886037,30.63361268,92.31,2.284722222,1.945,0.7821315193,0.4323664651,0.288757716,0.2142658912,0.05450733753,0.4285123961,0.9334302616,30.0101113,-2.140492039,0.4678056847,2.100962012,-1.070419864,0.3082651875,2727.537531,5.36,0.00368,1.081993779,1.259786706,0.6909702525,0.0381372549,5.316788604,1.048384885,0.9381624918,27.75414179,2.84562714,1.089328063,0.01078431373,1.000685596,6.544756406,1.053978322,0.8904068246,0.4238089497,1.159251148,-1.557082497,15.39606819,0.0,0.7892553513,0.01470588235,-0.4378861332,1.052353845,-3.786836397,1.47,3.719535308,-5.8,-0.3189114224,44.92947468,1.132753895,0.9989751043,4.876787905,57.56417863,0.0,1.151804948,1.602986393,0.536529195,1.12144049,150.3199833,48.69180406,0.7761904762,24.73242031,0.9806446878,2.008385146,-0.03203179062,0.8228570723,0.5808049548,1.026491909,0.9530208906,-6.175863297,1.091170287,0.0,0.0,0.0,0.4892156863,2.01549898,0.7127893444,0.9372690913,1.206731008,3.469565217,0.0,0.0,34.90475864,1.13683216
2.479029471,4.526849527,3.460784314,3.044375157,2.88718087,1.70280329,146.638395,154.5215311,155.8600735,157.7571457,9.257392753,0.01833869752,-0.6052906347,-0.04070932252,-0.1499910509,-0.0006845049004,1.619596074,1.32011461,0.911205667,0.482965531,1.015450703,1.077807802,1.095117906,1.041088674,1.080762852,1.047761194,0.5662876615,0.4833515941,0.7005702466,0.8472927869,0.988472387,1.176205263,1.2920203,0.9792440684,-0.4344010557,0.9110327994,6.027292383,0.604984483,0.155564137,0.1169649632,0.1146045727,0.0,1.964749993,0.0,7.430721208,0.0,0.0,0.0,3.383764881,1.746328559,0.0,4.920269352,0.0,0.0,0.9903375441,1.746043656,0.3168103448,0.671875,0.2122861542,0.01575126263,0.5714285714,30.56486862,14.98529578,5.425791397,35.61190719,42.82867707,24.01174382,17.78197519,4.736862954,23.39264948,15.47944295,21.31540493,24.60668602,16.13452668,5.13155848,0.0,4.920269352,2.504808625,0.0,13.39518067,24.90338715,100.53,1.729166667,1.837777778,0.654829932,0.2711404006,0.269382716,0.1895724926,0.05777777778,0.4540996929,0.8595269575,27.85793764,-2.869845335,0.2539588966,1.416112359,-0.5894079099,0.3194019802,2181.607251,3.4,0.00427,1.150355583,0.8521086766,0.6848636974,0.03995169082,10.05365156,1.081216929,0.7640749802,120.9905844,3.047476398,1.135733099,0.01666666667,1.017383643,6.544756406,1.161611507,1.125685362,0.335911963,1.084108867,-1.280428205,-11.41723356,6.338535363,0.8033035994,0.03125,-0.1393324573,1.000392619,-4.179758934,2.06,3.881085338,-6.0,0.1016684351,44.39282129,0.949529366,0.9242705142,4.848697334,57.13605442,1.550823072,1.009584018,1.509674981,0.5130385488,1.072205511,152.1513151,47.15332685,0.804040404,20.40266096,0.7609022962,1.733624506,-0.01371220724,0.6885112721,0.9826607977,0.9846878681,0.9578373186,-7.967097043,1.410308713,0.0,4.992404733,0.0,0.4833333333,1.981353492,0.6623486342,1.05245355,1.043834294,3.588235294,0.0,0.0,10.57107519,1.110398745
2.484122564,4.013894017,3.372093023,2.76799441,2.670670671,1.74238037,145.845287,151.4372488,158.2896713,160.3190581,8.592592593,0.01319187032,-0.5424713612,0.06995145715,0.09903424648,-0.1647928792,1.631223005,1.099100862,1.57202316,0.5490855299,0.972972973,1.077305507,1.265272463,0.9152027027,0.8590909091,1.069811321,1.162209038,0.7508056036,1.108593632,0.8317018731,1.071794263,1.048943436,1.104296116,0.7718421906,-0.4046588199,0.992941462,4.005253743,0.6049928079,0.2580581533,0.1375457188,0.09878289721,0.0,2.084746438,0.0,0.0,0.0,0.8919732615,0.0,0.0,0.0,0.0,0.0,0.0,0.0,1.229540417,1.883312319,0.3567073171,0.6363636364,0.2005441069,0.0404040404,0.5555555556,27.38437883,9.499376415,5.098681808,47.23207271,25.12283841,16.81428926,5.007623697,0.0,21.82845468,5.733667477,14.59805822,6.9237372,5.563451492,5.687386275,0.0,1.841293462,2.084746438,0.0,7.98925394,16.86175326,56.21,1.263888889,1.184444444,0.3788208617,0.1068279164,0.075625,0.08244056729,0.06790123457,0.4391404103,0.9073440865,23.58492331,-1.369508954,0.7204509383,0.9676788122,-0.4607564351,0.05300832847,462.9605368,3.84,0.00603,0.9323395669,0.7830632226,0.6865492513,0.04555555556,5.733667477,0.9166653005,0.9772280289,84.63913334,2.794286535,1.045898438,0.00303030303,1.1052584,0.0,1.07938768,1.488906026,0.3606347808,1.125,-0.9342144847,-49.51303155,5.563451492,0.7491567453,0.02272727273,-0.198146887,0.9121787304,-3.888019118,2.99,3.467585765,-5.32,-0.1991298771,32.47671387,0.8380500754,0.8112482541,4.773957061,40.55967078,1.593774697,0.9390298387,1.613859381,0.3411635488,1.075669471,148.3813604,51.26066079,0.7444444444,14.59805822,0.9098579862,1.702339237,-0.1549776776,1.038309849,0.0,1.524760124,1.387166887,-10.65432099,1.068033612,0.0,0.0,0.0,0.496969697,2.138052912,0.6663461538,1.076368706,1.172183884,3.296875,5.720397446,0.0,11.89077157,0.9148115269
2.529904177,3.992545729,2.494623656,2.716049383,2.718567251,1.458525256,145.3165078,160.6433275,158.0086496,158.6484334,9.628808864,0.008049133928,-0.1918062861,-0.002814254503,-0.08844269602,0.0761606167,1.162937413,1.421613151,0.8730170777,0.3891494684,1.129370629,1.080539119,1.143518519,1.079545455,1.329218107,1.064351852,0.5144796976,0.5179597771,1.297616362,0.9073975544,0.8827043675,1.14808631,0.9326360002,1.155764564,-0.4357148898,0.992941462,8.001917602,1.344599701,0.2134899131,0.09768963408,0.0940067503,0.0,1.977020209,0.0,0.0,0.0,0.0,0.0,0.0,0.0,0.0,0.0,0.0,0.0,1.226772487,1.501782407,0.3719346049,0.6363636364,0.2203151295,0.0,0.5263157895,24.41431234,4.390415048,5.098681808,18.19910121,49.59430021,23.49606389,11.51114884,4.390415048,22.51475897,0.0,14.76446326,12.74095804,17.80867761,4.390415048,0.0,15.31312551,2.916845338,0.0,10.99723661,21.16131431,30.71,1.569444444,1.419444444,0.4907482993,0.1456364953,0.065625,0.01234567901,0.06790123457,0.3535119203,0.8980356409,18.22532242,-1.742998914,1.003664723,1.226171421,-0.5430223149,-0.03492033894,1747.666623,4.49,0.0181,0.9783092704,1.217018839,0.6865492513,0.04435763889,0.0,0.8585066518,0.8437809693,9.619598003,2.64516129,1.360042735,0.02337662338,0.9142671536,12.96557803,0.9360181907,1.053142217,0.2526082338,1.003521127,-1.109327702,18.78947368,17.82666213,0.8885525333,0.02272727273,-0.001141172553,1.144270339,-3.080062423,3.13,3.410235568,-3.67,-0.05625691572,47.59508662,0.4395624979,0.6081458985,4.901991542,62.32409972,0.0,1.266270769,1.711870415,0.3628472222,1.011758807,151.89922,50.5007425,0.8051948052,14.76446326,0.8001676831,1.837691945,0.03566644576,0.9379644252,0.0,0.9861455749,0.8733974359,-15.45429363,1.116425878,0.0,0.0,0.0,0.4766233766,1.996595149,0.637195122,0.659397389,1.116789107,3.628205128,0.0,0.0,5.693927995,1.047113643
2.463179155,4.300860603,2.988505747,4.067155067,3.684931507,1.498207809,151.6958674,164.3691282,163.579493,162.1065908,6.537414966,0.02216603691,-0.4391655622,0.1166834985,0.03283940729,-0.1082080105,1.435669422,0.6437365528,1.126417538,0.4403169014,1.142899061,0.9415186773,0.9137904349,1.066786571,1.15300477,1.012520753,0.5907596523,0.5669738872,0.8392043054,0.9231713684,0.9550439611,1.052309654,0.9973481375,0.9016704922,-0.4237101016,0.9728356492,8.00296162,1.402889494,0.1498265858,0.09716042898,0.08263127639,0.0,0.0,0.0,0.0,0.0,1.174354482,0.0,3.181753118,0.0,0.0,0.0,0.0,0.0,0.6255686781,1.050127628,0.3826701376,0.6696428571,0.177130724,0.05735681369,0.5238095238,33.04621867,8.780830095,5.098681808,0.0,36.39820241,23.64452491,29.21259952,13.57536728,11.25737949,11.05045608,25.65562151,11.63444168,0.0,20.15560264,17.54162141,29.01338893,-0.09724998213,0.0,9.199015408,22.92697619,98.72,2.222222222,1.408888889,0.4972335601,0.2418587805,0.224375,0.1934516886,0.06565656566,0.4207352711,0.7233075868,22.95959006,-2.597662782,0.90996284,1.708641997,-0.7516337811,-0.0619439651,1366.631017,2.49,0.0824,0.9936344724,0.9879732454,0.7026070582,0.03276485788,11.05045608,0.8287268839,0.7921763362,130.7885248,3.724137931,1.068843838,0.04268707483,0.9764507741,11.33929359,0.9636311291,1.094266537,0.4377918199,1.129159173,-1.446197505,40.77777778,17.07549008,0.7895154468,0.05357142857,-0.07327217499,0.9309265922,-2.956733876,1.67,3.766037363,-3.67,-0.179073084,18.19910121,0.7806419591,0.6842646078,4.861352741,36.33333333,0.0,1.054419636,1.434219361,0.3802083333,0.8857006357,155.4356208,43.49756155,0.8353302611,19.74844179,0.8158252978,1.62628006,-0.02425650507,1.123890706,-0.5346482779,1.059100291,0.8839957554,3.823129252,0.9524338419,11.28708419,5.733667477,0.0,0.4573129252,1.712675789,0.7570743405,0.7503067784,1.161782023,3.304347826,5.272966521,0.0,17.57815784,0.9999086453
2.553307464,4.33105758,2.696428571,2.926455026,2.531986532,1.54407666,145.0689175,156.8329489,154.6385674,156.1514694,10.46936347,0.01672396569,-0.3451087007,0.08639322549,-0.0982757282,0.01575294297,1.221432971,1.114590907,0.7769185816,0.4850476503,1.044547059,1.076403058,1.207486346,1.105212256,1.294992433,1.231441878,0.8730576808,0.6112185644,1.159540554,0.9021297811,0.8472994572,1.208404142,0.9305575393,0.8915905022,-0.4356897963,0.9938451804,6.002808358,1.343837907,0.2938856825,0.1695781641,0.130682846,0.0,0.0,0.0,0.0,0.0,1.794073077,0.0,0.0,0.0,9.971024987,0.0,0.0,0.0,1.232866591,1.667853127,0.3687150838,0.66,0.2078171715,0.01902564103,0.5853658537,28.3756861,0.0,5.098681808,6.066367068,54.80329715,35.58204725,11.44343983,5.106527395,28.26427081,0.0,24.85496918,0.0,12.11474962,0.0,0.0,2.091672336,0.9339613253,0.0,14.17941827,26.6775463,63.83,1.631944444,1.587777778,0.4540136054,0.1428571429,0.04125,0.01234567901,0.06349206349,0.3251090437,0.8567804635,19.33803286,-1.875348091,1.034089304,1.394845955,-0.6117493604,0.1481862638,1980.220121,3.52,0.0258,1.066716709,0.8522958227,0.6721101656,0.03872628726,5.106527395,1.044885487,0.8723167798,122.241061,2.735119048,1.420894475,0.02266666667,0.918518172,12.96557803,1.008871542,1.092633935,0.373333564,0.9475785272,-1.169754256,-12.62105889,5.693927995,0.8104470631,0.02,-0.1206643286,1.095650981,-3.066179042,1.88,3.541808786,-3.76,-0.1168702314,52.80408356,0.986210367,0.6161419305,5.004670617,48.88399762,0.0,0.9291699597,1.70320637,0.3315972222,1.213109619,149.6602993,49.0676262,0.7756410256,19.74844179,0.8207679135,1.815743219,0.007468809927,0.9243869882,0.0,1.049011783,1.042498598,-13.58953004,1.188874733,0.0,0.0,0.0,0.4773333333,2.004351852,0.5637613662,0.96268159,1.213105313,3.945054945,0.0,0.0,11.21062871,1.046447304
2.483511858,4.555745886,3.239316239,3.283639144,3.201951952,1.455619542,150.7422912,162.1886413,162.5938958,164.0970986,8.5504,0.01826139493,-0.4288343427,-0.04063623293,0.01041813691,-0.002523011177,1.506769354,1.177517264,1.234388443,0.5162037037,1.098214286,1.021028037,1.003440367,1.029146635,1.107034413,1.003440367,0.6114093661,0.6107986111,1.413461538,0.9278108045,1.004565131,0.9514910341,0.9986354361,1.067768388,-0.3794991276,0.9930113507,8.001919155,1.297044434,0.1466441363,0.07339749766,0.06799176425,0.0,1.774165069,0.0,7.562182332,-0.0649086011,0.0,0.0,6.42444368,1.888830126,0.0,0.0,0.0,0.0,0.9951482204,1.409998403,0.3478701826,0.6833333333,0.2081978856,0.04822510823,0.56,29.07485563,14.3667983,0.0,24.27512131,31.19885851,29.22074076,17.9801607,4.390415048,11.38785599,10.74258,32.46515906,12.74095804,17.21226049,10.07780132,0.0,14.08994541,2.270202642,0.0,12.12884096,22.92586712,81.23,1.729166667,1.797777778,0.7112018141,0.2769274376,0.250933642,0.1895724926,0.05555555556,0.3614551433,0.8234576823,28.84315424,-2.450030778,1.066066097,1.926847823,-0.908020336,-0.0716939821,2550.998192,3.13,0.0272,1.153810694,1.157684579,0.6833808251,0.04180878553,10.30076712,0.9440981558,0.6858594804,27.42560382,2.893874644,1.140141984,0.03047619048,0.9978838586,6.544756406,0.9945684072,0.9325392217,0.2682912128,1.140491453,-1.607099477,-57.76,12.13273414,0.8561746053,0.03333333333,-0.08135448137,0.9451754386,-4.009030689,2.4,3.877487984,-4.14,-0.05822226283,17.0848953,0.9610580113,0.7619708197,4.864804781,51.96,0.0,1.084812339,1.540168313,0.5755385488,1.116557036,156.5904547,47.73520052,0.7822510823,25.38663948,0.7101955001,1.766368206,-0.07502598753,1.042322716,0.8797920341,1.116452991,1.122747748,-13.6208,0.9398961201,0.0,4.992404733,0.0,0.4695238095,1.99388373,0.7478632479,0.9418754411,1.143195637,3.495327103,0.0,0.0,23.62654039,1.046021396
2.474740486,4.498005413,3.045112782,2.511753086,2.431495405,1.594922804,144.396871,155.9222516,156.1388795,155.5955983,9.840561224,0.009586985303,-0.2821036885,0.01313068563,-0.1596273132,0.02197625804,1.333115534,1.218158101,0.9936761116,0.5554677263,1.131798458,1.110387113,1.124007862,1.049631764,1.181147746,1.086432277,0.8604551277,0.8502401086,0.8952308297,0.9215521192,0.9675182862,1.009553952,1.020001485,1.008442245,-0.4322499614,0.9779513541,3.042254454,1.193723817,0.1732768316,0.08269002881,0.0761440227,0.0,1.99558434,0.0,0.0,0.0,2.069766482,0.0,3.295569203,0.0,0.0,0.0,5.560216427,0.0,1.088002972,1.813992266,0.3,0.6287878788,0.1996472711,0.0137849079,0.5535714286,34.97741995,0.0,5.098681808,48.61607585,54.95175817,47.69025515,5.693927995,0.0,22.51475897,5.316788604,24.73694389,6.9237372,12.11474962,5.687386275,0.0,1.959418462,2.668817916,0.0,22.5010088,30.75936659,55.63,1.722222222,2.033888889,0.7152380952,0.2885015117,0.348757716,0.1809019488,0.05664488017,0.3852515623,0.9634091712,27.8533095,-2.520913302,1.097971565,1.531711589,-1.145074,0.4534234876,3033.715364,6.29,0.00113,1.059198421,1.187980701,0.6855377302,0.04327423168,5.316788604,0.9886395782,1.077826203,14.8150731,2.449503388,1.195407642,0.005050505051,1.010717798,6.544756406,1.034660691,1.078077556,0.4306810075,1.156580211,-1.473880413,13.3531746,0.0,0.8297784501,0.01515151515,-0.358570186,1.108120356,-4.599300168,3.08,3.394579079,-6.05,-0.3535763111,49.78750028,0.709640446,0.9344253819,4.874326233,61.28798186,0.0,1.347478595,1.709746807,0.535643424,1.082128343,149.4320538,52.19155369,0.7549019608,19.74844179,1.193939354,2.412775843,0.08418842673,1.21118759,0.7826482204,1.06159316,0.939639198,-8.332589286,0.9335974627,0.0,0.0,0.0,0.4949494949,2.157318017,0.7100864553,1.188325855,1.226010421,3.322580645,0.0,0.0,16.19913081,1.041430944
2.479345253,4.587777999,3.030769231,2.805503243,2.573178017,1.694861495,147.1267119,153.8608868,154.9474118,157.9163259,15.56826446,0.02132887365,-0.4242943601,0.0894010859,-0.3073005327,0.1473669127,1.435611588,1.503401069,0.8187761365,0.5115082857,1.077860707,1.106518076,1.131224633,1.099683219,1.112139785,0.9311583188,0.8525729584,1.04286882,0.7071105374,0.720369697,0.9834105964,0.9959406627,1.31437753,0.9512703998,-0.5295654778,0.9872001172,3.514939731,0.6049838681,0.1755339538,0.07810139099,0.1146045727,0.0,5.268518982,0.0,7.494747653,0.0,0.0,0.0,3.4444161,1.762033457,0.0,10.77109426,0.0,0.0,1.02982929,1.853960323,0.3396226415,0.6742424242,0.2220834814,0.01550802139,0.5090909091,32.34373128,14.98529578,5.425791397,23.47917305,42.82867707,30.07811089,23.53148702,9.473725908,22.88687966,20.21630591,35.53500001,13.08951281,16.13452668,5.13155848,0.0,10.77109426,2.551246566,3.290001115,9.781768621,24.43877474,85.97,2.166666667,2.148888889,0.696462585,0.3023904006,0.3740740741,0.2026303438,0.05555555556,0.3384265015,0.8600628176,30.15670869,-2.973848323,0.2536841619,1.320090861,-0.7640507689,0.3899701285,2815.879878,3.94,0.00456,1.246454741,1.229656219,0.6904812668,0.04385487528,14.79051451,1.003091749,0.9442384045,106.390118,2.575783476,1.22529148,0.01818181818,1.083004756,6.544756406,1.236175615,1.139924382,0.3262949897,1.021190652,-1.468239294,55.79155188,0.0,0.8848085675,0.04545454545,-0.1186443446,0.9452508477,-4.575895919,2.2,3.817215782,-5.61,0.267198246,55.89184496,0.8000752967,0.9923118959,4.849016367,80.06887052,1.577366019,1.145445814,1.517085777,0.5130385488,1.051405389,155.4926101,49.5433796,0.8117647059,20.40266096,0.950266591,1.964143932,0.1259660316,1.108495752,0.9999126937,0.7652643904,0.8199797894,6.350413223,1.18206464,0.0,4.992404733,0.0,0.4818181818,1.997058389,0.6066637531,1.407306473,0.9825257012,3.344,0.0,0.0,24.79067027,1.056185599
2.544795296,4.40918586,2.946902655,2.882382382,2.479372937,1.484819103,147.0329911,158.2622088,157.8935981,156.8019839,12.29395085,0.01459830968,-0.3109469315,-0.005201873696,-0.031618951,0.02402220473,1.30043801,0.9433872987,0.7673070186,0.5314574689,0.9888228588,1.107528804,1.074860519,1.062545692,1.222453865,1.083866224,0.890275112,0.9203548982,0.8199039674,0.8879610889,0.8620849799,1.10744448,0.9027420747,1.012321638,-0.441058727,0.987931948,6.002696927,1.353059441,0.1961319791,0.1039478473,0.1288113406,0.0,0.0,0.0,4.250093418,0.0,2.018777006,0.0,0.0,0.0,9.15088575,0.0,0.0,0.0,1.107802369,1.798185678,0.3350649351,0.6759259259,0.221657483,0.01794532628,0.5,25.24015988,4.983978521,5.098681808,18.20875424,42.3257615,24.91193343,5.693927995,5.106527395,22.51475897,0.0,36.02895079,0.0,12.11474962,0.0,0.0,4.112770601,1.700713351,0.0,18.09991009,25.69979338,68.76,1.861111111,1.379444444,0.533015873,0.1985701688,0.0931404321,0.06530149985,0.06565656566,0.3100456851,0.8627008016,29.43528542,-1.755134442,1.111402049,0.8956741028,-0.7502124358,0.2027632544,2241.548538,2.71,0.0891,1.244918896,1.239887005,0.6747025075,0.03284391534,9.673627043,1.06170309,0.8793801368,156.3437906,2.576696165,1.284026605,0.02469135802,0.9740808521,13.08951281,0.9825280336,1.079301592,0.3065740531,0.9436011833,-1.305272353,-56.2362949,0.0,0.8769814498,0.0,-0.2247743957,1.112364846,-2.319569539,1.66,3.678545317,-3.18,-0.268050874,52.33160121,0.9542859032,0.6219316936,4.938450799,52.76937618,0.0,0.9236005432,1.642944843,0.467864229,1.114132658,153.6556268,49.28545145,0.7845238095,24.31554143,0.6011192273,1.845016639,0.0008826218514,0.8058704234,0.0,0.9513216961,1.13610395,-8.646975425,1.130914808,0.0,0.0,0.0,0.475308642,2.162858088,0.546084089,0.9180485668,1.16620639,3.621359223,0.0,0.0,35.29333391,0.9979476052
2.478793984,4.473770881,3.214953271,3.045654565,2.88599537,1.523882004,147.6075591,158.6008728,158.703596,161.0990231,9.372566772,0.01865184647,-0.4519285258,0.07028636884,0.04905813658,-0.03916367122,1.479177485,1.199860695,1.214142928,0.4864260567,1.143721032,0.9143386003,0.9748484242,1.070404807,1.137894737,0.9593945414,0.8569012904,0.9209631689,0.9823189696,0.8974144661,0.9584601293,0.9058522987,1.033097739,1.054029138,-0.5162590627,0.9938424863,3.510577866,1.434531922,0.203750442,0.09269389143,0.06365387513,0.0,1.972652724,0.0,7.358504747,0.0,0.0,0.0,0.0,1.733737534,0.0,5.87198166,0.0,0.0,0.9415406489,1.92213901,0.3203883495,0.6810344828,0.209230388,0.01697318008,0.5957446809,32.18596602,14.98529578,5.425791397,30.34148838,37.26522558,17.46698741,24.51933366,4.736862954,17.13736782,10.16265435,26.29938345,13.08951281,17.21226049,0.0,0.0,5.87198166,2.300429242,0.0,14.22659736,22.82523952,80.5,1.416666667,1.606666667,0.5331972789,0.2398904006,0.164691358,0.1365146414,0.05797101449,0.3949479381,0.8866723896,30.216055,-2.366273214,0.7629932834,1.684487714,-0.8805438335,0.2719262098,2067.300743,3.04,0.0391,1.242406046,1.240718322,0.676937285,0.04016666667,9.720841475,0.8718853236,1.138899715,34.87272302,2.802180685,1.145593123,0.02643678161,0.9845950423,6.606881965,1.07169743,0.9363727446,0.2659150301,1.092481769,-1.600248956,-35.03983703,6.338535363,0.8574486622,0.01724137931,-0.034348556,1.059148633,-3.079169501,2.02,3.584304619,-3.71,-0.1029842697,46.08850845,1.05066048,0.6579525772,4.84846034,59.09053871,0.0,1.068320201,1.59041542,0.5130385488,1.159076943,153.5631546,47.7774352,0.7922222222,25.38663948,1.020726988,1.970284233,0.00792794397,1.15240043,0.9199233644,1.130408837,1.063111871,-7.666817565,0.8817340967,0.0,4.992404733,0.0,0.4735632184,1.989132837,0.6449464654,0.9937601196,1.178075481,3.556701031,0.0,0.0,17.08178398,1.032841836
2.432294,4.545341807,2.93902439,3.332716049,3.166666667,1.595267208,144.9044843,154.7277747,159.3972822,160.5652797,9.503401361,0.01898525196,-0.4477815531,-0.09017916287,-0.1006619025,-0.09457652411,1.342261376,0.8348092918,1.052159668,0.5038001543,0.98840391,1.141185036,1.146006944,1.16548812,1.183948486,0.880204461,0.7023968465,0.594488226,0.7207976725,0.8988177494,1.005754583,1.025088238,0.9925271305,0.8603044595,-0.3816817224,0.9929407504,8.00191865,1.381899406,0.2585610159,0.1494411664,0.08469947665,0.0,1.913615089,0.0,0.0,0.0,1.323246814,0.0,3.269526172,0.0,10.18764651,0.0,0.0,0.0,0.9644558743,1.445297164,0.3652879784,0.6346153846,0.176788935,0.03703558346,0.5476190476,26.67117399,4.390415048,0.0,17.69618563,49.38830668,23.64452491,11.56673267,9.496942443,17.00689132,5.316788604,15.07448444,12.74095804,5.563451492,15.7651876,0.0,14.17340334,1.913615089,0.0,11.26959012,25.33152128,58.04,2.1875,1.462222222,0.386122449,0.2302847065,0.184375,0.1404958678,0.07046070461,0.394676401,0.8108683789,22.41989402,-2.308622725,0.9940593919,1.767059098,-0.8289668641,0.2360711924,923.330762,4.61,0.00218,0.946620824,0.7890149473,0.6959864369,0.03749287749,10.423316,0.9457958294,0.9602253239,79.44155782,3.011517615,1.066914498,0.02619047619,1.151207477,0.0,0.9558187843,0.9868411371,0.4359231627,1.178051425,-1.670803431,42.85714286,6.066367068,0.7930760291,0.05769230769,-0.249083127,1.011780754,-3.502361346,2.99,3.550937415,-5.37,-0.2310972425,16.93822404,0.9040035769,0.7050412072,4.864588,39.81632653,0.0,1.236829457,1.693850743,0.2864583333,1.034768931,148.4765403,48.85154232,0.781462585,9.967957042,0.7924812504,1.841380008,0.04669095839,0.9565856001,0.0,0.998046875,0.816796875,2.219954649,0.9970486835,0.0,0.0,0.0,0.4738095238,1.833664443,0.6757125155,1.21680931,1.079897236,3.11827957,0.0,0.0,22.2842392,1.019929959
2.479564954,4.591571285,3.0,3.008913765,2.832888889,1.497581915,150.1287662,160.8410993,160.5068487,162.457208,12.33190083,0.01876581317,-0.5664426947,0.05411211629,-0.06423802124,-0.1010351581,1.644646751,1.005961287,1.222162933,0.4658620539,1.182222662,0.9498613445,0.9933046848,1.067178337,1.161331007,0.9007303728,0.6577656272,0.5831065625,0.5113402829,0.9051268693,0.952347714,0.9358385995,1.013297008,1.033939994,-0.3832872774,0.9728874708,7.00827392,1.434073753,0.1319175692,0.07749483598,0.08448720846,0.0,3.449495526,0.0,7.310006535,0.0,0.0,0.0,6.199811902,1.721292652,0.0,0.0,0.0,0.0,0.9200813579,1.853900313,0.347639485,0.6818181818,0.2099694876,0.04335016835,0.5090909091,31.86602872,14.98529578,5.425791397,24.27512131,37.26522558,24.39072461,12.16293986,4.794537184,11.38785599,16.05936861,32.20656318,13.08951281,24.13599769,11.37477255,0.0,0.0,3.881026768,0.0,11.76696401,25.23371231,112.4,1.854166667,1.997777778,0.6131972789,0.3699058327,0.2540740741,0.2605836139,0.0641025641,0.3759552592,0.8525083259,23.48571641,-2.864608124,0.589946109,1.343688942,-0.5588379815,0.129478891,3184.061503,2.38,0.0997,1.310822657,1.033013916,0.6904812668,0.04077097506,15.61755573,0.9283634185,0.7004960008,89.02925825,2.751610306,1.133897991,0.02929292929,0.9720647402,11.33929359,1.088883761,0.9845196423,0.3232007772,1.124167861,-1.342503723,29.2231405,13.26227256,0.871503092,0.0303030303,-0.2879312926,1.019021063,-0.9482368659,1.49,3.765946344,-3.54,0.00812807681,46.02638289,0.8243709277,0.8363108353,4.849236419,76.49586777,0.0,1.061050837,1.519719022,0.6163548753,1.158744615,155.577371,47.59726111,0.7768518519,25.38663948,0.9962543185,2.01541337,0.1532936212,1.275321229,0.7715730789,1.014306471,0.8948174807,1.850578512,0.8974161475,11.52661107,4.992404733,0.0,0.4707070707,1.976687955,0.67720605,1.071351174,1.247799371,3.330708661,0.0,0.0,35.00131294,1.097522734
2.489329897,4.617412528,3.411214953,2.902469136,2.734626136,1.68158777,148.0142773,155.3282134,156.8633083,159.3722988,11.7136,0.01191697446,-0.4483522929,-0.004987411384,0.01389165977,0.01227528567,1.530777925,1.037860603,1.341131133,0.4705334827,1.059544482,1.004810395,1.062498995,1.007194245,1.049329483,1.083496839,0.8625152227,0.7414374579,0.9689473348,0.8245444986,0.9996451684,1.118731664,0.9929957002,1.018318996,-0.4158683044,0.977954765,3.06600847,1.197963465,0.1590692995,0.09516888768,0.1048899075,0.0,4.008661771,0.0,0.0,0.0,0.7582071395,0.0,3.264420509,0.0,0.0,0.0,5.650160095,0.0,1.152975931,1.534179106,0.3502202643,0.6612903226,0.1903400822,0.01559139785,0.56,30.59601634,14.18117935,10.19736362,18.19910121,73.59045324,29.3384529,12.02124807,0.0,22.51475897,5.316788604,34.47495837,13.8474744,11.25737949,5.687386275,0.0,3.405551724,4.008661771,0.0,11.91980475,24.4497476,72.93,1.979166667,2.002777778,0.736462585,0.3482221592,0.269382716,0.1695724926,0.06666666667,0.419490948,0.9447779599,27.81905609,-1.893286438,0.9532300442,1.191549598,-1.046102252,0.3538339438,2013.853583,3.88,0.00239,1.13504606,1.020428974,0.6894086529,0.04353864734,5.316788604,1.066262436,0.9436266454,32.41109657,2.838756202,1.070732199,0.01182795699,1.033279428,0.0,1.102116177,0.8796676247,0.3585083629,1.128931565,-1.254511173,-29.10862222,6.327320075,0.8210261529,0.01612903226,-0.186868464,0.9419142936,-3.954908218,3.24,3.622683189,-5.85,-0.1881162137,45.10670196,0.9079005232,0.9651887039,4.85902328,74.24017778,0.0,1.184810506,1.544654418,0.6137329932,1.10640903,153.3143896,49.35101703,0.7833333333,29.36252149,0.9607820003,2.021173001,0.006563564727,1.130618095,0.4808415743,1.07259851,1.023487749,-9.7612,1.411923933,0.0,0.0,0.0,0.488172043,2.044030406,0.6676477,1.052047129,1.170492231,3.514018692,0.0,0.0,5.693927995,0.9749951243
2.479015615,4.520309251,3.089430894,2.877394636,2.708576998,1.529342206,149.2712213,158.8721414,159.3912007,162.4763837,12.75,0.02003942051,-0.4468943195,0.06794930524,-0.09772703738,0.1054316512,1.500332517,1.255892368,0.8274635937,0.4944376026,1.139575351,0.9568916813,0.9941934205,1.119047619,1.100985222,0.9236453202,0.876613779,0.9156935468,0.8672381263,0.8419023279,0.9742927238,0.9273145603,1.078266968,1.074385005,-0.529171611,0.9878600702,3.513572326,1.43420064,0.1859088621,0.08270546158,0.06365387513,0.0,3.636171301,0.0,7.393476832,0.0,0.0,0.0,3.394299624,1.741700688,0.0,5.30040824,0.0,0.0,0.9551533645,1.914654767,0.3348519362,0.685483871,0.2114118318,0.0312153796,0.5384615385,28.3970158,14.98529578,5.425791397,18.20875424,37.26522558,29.22074076,17.91245169,4.736862954,17.13736782,15.47944295,33.40918099,13.08951281,17.21226049,5.687386275,0.0,5.30040824,2.503787692,1.657733824,11.82790416,24.11537292,92.53,1.729166667,1.837777778,0.614829932,0.2711404006,0.269382716,0.1695724926,0.0589569161,0.3366721259,0.8681464933,29.55941196,-2.367358994,1.313416619,1.635695528,-0.9684317067,0.1217578273,2216.818738,2.77,0.035,1.310011246,1.229063862,0.6841461785,0.04176767677,15.03763008,0.9080831938,1.010513747,100.2273828,2.669150858,1.140435835,0.02795698925,1.015169566,6.544756406,1.114969751,0.9377381023,0.4221500561,1.099378882,-1.686334138,-9.917159763,6.338535363,0.8866574571,0.03225806452,-0.1205655412,1.004047761,-3.332198084,1.72,3.751632789,-3.95,-0.220290618,51.77589473,1.006392307,0.7412859105,4.848683342,72.47928994,0.0,1.084617444,1.551691863,0.5130385488,1.146073111,155.9281231,48.09529404,0.7838383838,25.38663948,0.8084442311,1.948806929,0.04112665297,1.13347071,0.9307282143,0.9345154658,0.9670699738,-2.8125,0.9038690939,0.0,4.992404733,0.0,0.4720430108,1.997095991,0.6275510204,1.101159619,1.159043268,3.313559322,0.0,0.0,30.73633793,1.036370699
2.482842195,4.371118968,2.961538462,2.808917997,2.383658468,1.451431216,145.2910006,158.553924,159.1155841,157.8265275,10.08710372,0.02117709673,-0.5439457755,-0.098574729,-0.1319730239,0.08778937804,1.570230741,1.105881511,0.6957200333,0.5061776569,1.076190141,1.154903175,1.181591634,1.0155902,1.081524836,1.17040578,0.6565401086,0.6613212159,0.8244158746,0.9536987168,0.951448647,1.160441693,1.046917377,1.058417966,-0.4868865925,0.977951217,7.008272631,0.6101341164,0.1574361246,0.08010749572,0.07931626887,0.0,1.980461182,0.0,0.0,0.0,0.0,0.0,2.928236546,0.0,0.0,10.99806812,0.0,0.0,0.9750851305,1.889150038,0.3138075314,0.6590909091,0.2345794538,0.03007215007,0.5438596491,33.96432435,9.967957042,0.0,18.19910121,50.09721579,35.16647178,16.52595619,14.26826309,33.45795484,14.79051451,27.6520576,6.9237372,30.78079736,5.687386275,0.0,10.99806812,2.219939982,0.0,15.29994029,25.05237829,89.13,1.888888889,1.669444444,0.722675737,0.3061696901,0.2409490741,0.1378512397,0.05664488017,0.3152322285,0.8378250354,20.3887335,-3.472281551,1.360497209,1.556351432,-0.5635421143,0.4236569362,3607.172973,6.69,0.00176,1.185067349,1.046411405,0.6855377302,0.03709876543,19.77449303,0.9974359798,1.037895272,148.1751909,2.623409307,1.177630507,0.01717171717,1.008617728,11.21535881,1.091020002,1.121733809,0.09713590981,1.068078636,-1.449940694,3.750863514,0.0,0.879109,0.01515151515,-0.3769516307,1.01853793,-0.764559601,2.21,3.786661219,-6.66,0.1435623776,69.92613848,0.8575510837,0.8201753057,4.830977123,72.11555692,1.580919516,0.9874403935,1.586380565,0.3489937642,1.003105292,151.3963777,50.87730568,0.7961904762,14.95193556,1.04403114,2.046228796,-0.03927397475,1.161732402,0.02837370108,0.9941924997,0.9145329104,-11.28316405,1.189410356,12.18382723,0.0,0.0,0.4828282828,2.026249448,0.7138267188,1.32738614,1.188239806,3.203252033,0.0,0.0,5.693927995,0.8808402317
2.485124195,4.382906562,2.888888889,2.826466916,3.158408408,1.60297111,147.7994006,155.8522294,160.0308049,160.6537243,11.92899408,0.01455029339,-0.5411689529,-0.07214060326,-0.06553627258,0.1824664382,1.534657737,0.7253856819,0.9341794455,0.3987250789,1.086715726,1.056989539,1.013604736,1.180706113,1.238811728,1.087841587,0.5947198647,0.569877515,1.508839057,0.7987248069,0.9690246894,1.204140538,0.9199925383,0.8524864064,-0.4110187125,0.977764313,7.008280435,1.404458667,0.1793716673,0.1480783452,0.1096839966,0.0,3.937569546,0.0,0.0,0.0,1.221528093,0.0,0.0,0.0,0.0,0.0,0.0,0.0,1.012013889,1.413202089,0.3882352941,0.6666666667,0.1869038914,0.02061111111,0.5384615385,25.85598978,14.64975998,5.098681808,12.13273414,43.67639416,11.25737949,0.0,0.0,17.07524226,5.559266895,24.73242031,13.8474744,11.25737949,0.0,0.0,1.799661754,3.937569546,0.0,6.471547555,18.20753213,76.46,1.875,1.588888889,0.6570975057,0.1491480852,0.12125,0.04530149985,0.07977207977,0.365028387,0.8468176787,18.1513505,-2.046563055,0.6287086609,1.528382553,-0.5357268874,0.2568688097,1492.328419,3.48,0.0485,1.212630218,0.8324863591,0.6950597415,0.04294294294,4.983978521,1.171832688,1.06837749,41.02680038,3.182441701,1.040377633,0.02777777778,1.171364083,0.0,1.038190931,0.9119760283,0.1753298593,1.082751834,-1.120533059,-18.80144642,6.327320075,0.8550047773,0.02083333333,-0.3849744736,1.197365856,-2.696363315,2.42,3.720798372,-3.62,-0.2623297661,28.33262175,0.9980776133,0.7081566143,4.916329185,64.55621302,0.0,1.135424909,1.564673898,0.3620323129,1.11654639,153.750528,47.61865735,0.7946666667,24.73242031,0.7953730771,1.564603846,-0.1322552662,0.9734726202,0.0,0.9899678629,1.072050523,-14.91715976,1.275163127,12.05468639,0.0,0.0,0.4722222222,1.951864712,0.5989858907,0.8462003121,1.082559411,3.364705882,0.0,0.0,29.12101657,1.099042653
2.554842385,4.491463272,2.952095808,2.569194943,2.501141553,1.527389017,144.9591998,154.647031,158.0902222,156.1571572,16.31139438,0.0113255609,-0.2338012371,0.01546626341,-0.1102295767,0.1062491757,1.250955279,1.124030396,0.9065771212,0.4944062129,1.0072368,1.010863407,1.036668013,1.020013439,1.117283737,1.005180053,0.7876431795,0.8254589026,1.437583871,0.8209672109,0.9918611918,1.025273879,0.8165644756,0.9542102622,-0.4947415004,0.9888899919,3.511120661,1.34383709,0.2090805286,0.05837999226,0.130682846,0.0,4.139939267,0.0,0.0,0.0,1.981673861,0.0,0.0,2.153200163,0.0,6.251749727,0.0,0.0,1.26477354,1.823401211,0.3445544554,0.6571428571,0.2125524305,0.0,0.5,33.98248383,0.0,5.098681808,18.19910121,86.59482674,42.12680366,17.19295166,4.736862954,34.01378264,4.736862954,38.74369548,0.0,17.67820111,0.0,0.0,8.391873184,1.843518489,4.139939267,23.3351397,37.60678778,56.07,2.131944444,2.09,0.8368707483,0.3028470648,0.269691358,0.1459116417,0.05458089669,0.2972657446,0.941628561,26.98987973,-2.880679388,1.990650749,1.943681374,-0.751257403,-0.03370317351,2771.379838,5.11,0.000923,1.22661994,1.392371222,0.6793555896,0.03666666667,9.636772685,0.9958037817,0.9852561945,70.07261228,2.453592814,1.17623763,0.01904761905,1.046138752,19.51033443,0.8792744733,1.038634622,0.387066427,1.080175225,-1.931420661,-71.71488033,11.25737949,0.9177035052,0.01428571429,-0.2711985625,0.9993685308,-4.617078261,2.99,3.466820172,-5.38,-0.191114614,70.84786363,1.424660313,1.111767991,5.014270452,91.50468262,0.0,1.195622516,1.740848142,0.4618055556,1.1743602,153.2149178,51.16835191,0.779047619,24.64835152,1.218766497,2.487376138,-0.1490578245,1.129285336,0.0,1.004833326,1.179242013,-8.847814776,1.04631741,0.0,0.0,0.0,0.480952381,2.109787451,0.6138349531,1.18349401,1.049015985,3.61971831,0.0,0.0,11.21062871,1.089548448
2.489578501,4.667901197,3.414414414,3.185128029,3.10202332,1.677894903,149.9215863,156.0873279,156.720858,160.363268,10.8792772,0.0178130734,-0.5697075948,0.05498430102,-0.1488782431,0.008197882176,1.622755777,1.1901113,0.9058826568,0.4712530987,1.105961652,0.9889056413,1.106803817,1.035530034,1.042693428,1.025941792,0.7464098244,0.5096462942,0.4948992105,0.8483334008,0.9725061847,1.065090684,1.031471564,1.030330195,-0.415868477,0.9727332745,7.008276925,1.197963212,0.1402848594,0.09526558908,0.1245317625,0.0,1.930889466,0.0,0.0,0.0,0.7151570628,0.0,3.111087176,0.0,0.0,0.0,5.599671149,0.0,0.9014647462,1.504768675,0.3655462185,0.6666666667,0.1844527283,0.04402356902,0.5490196078,30.76219167,14.18117935,10.19736362,12.13273414,67.16963161,34.9019044,12.02124807,4.794537184,22.51475897,11.05045608,40.3821381,6.9237372,16.05191667,5.687386275,5.907179729,3.269237546,1.930889466,0.0,11.91980475,26.11327834,116.02,2.104166667,2.162777778,0.8180952381,0.3482221592,0.3187654321,0.2356881951,0.071278826,0.4460863154,0.8544962233,26.44480004,-2.275612791,1.065990437,1.355855556,-1.042490007,0.6017448368,2586.982726,2.57,0.0183,1.100146157,0.8121042826,0.6954248033,0.04325555556,11.05045608,1.021059082,1.010205612,125.3499217,3.025080636,1.079870825,0.01919191919,1.020155448,0.0,1.134659142,0.8953782209,0.3976122549,1.134972738,-1.541545826,8.856080994,6.327320075,0.7696251407,0.01515151515,-0.2578968128,0.9857025449,-4.940322108,2.01,3.793728528,-5.21,-0.3129922369,22.51475897,0.7456903674,0.9407809356,4.859276549,61.56200607,0.0,1.009198397,1.464151022,0.6762329932,1.084980064,153.2231385,46.90235383,0.7842592593,29.36252149,0.7702786768,1.878696814,0.1580232386,0.9753809488,-0.1778200235,0.970215298,0.9213030224,-8.418685121,1.302949391,11.49763659,5.733667477,0.0,0.4808080808,1.939622262,0.6951708023,0.9614625238,1.182124876,3.526785714,5.385104174,0.0,5.693927995,0.9894265938
2.499666132,4.648287414,3.593406593,2.996071829,2.864166355,1.684799834,145.6785274,152.0313229,155.9181832,153.7981836,11.14864198,0.02761001101,-0.5799412478,-0.07506134472,0.03363443172,0.1260565844,1.582512901,0.8643493278,0.7529898769,0.4904298998,1.088204695,0.9352481106,0.9428456159,1.175892537,0.8888746373,1.207231726,0.7828729689,0.5889201549,0.8749987118,0.7877766182,1.05504164,1.097277602,0.9415622774,0.980525279,-0.4868793612,0.9729396741,7.008275997,0.6101561804,0.1647069317,0.0901235131,0.1014071587,0.0,1.962832197,0.0,0.0,0.0,0.0,0.0,0.0,0.0,0.0,10.93954208,0.0,0.0,0.9648127677,1.687596638,0.3947368421,0.6724137931,0.2044752491,0.05096982759,0.5555555556,34.01851817,9.967957042,0.0,12.13273414,37.25557254,22.07041725,17.21226049,14.26826309,45.53211513,15.20739338,27.6520576,6.9237372,15.36561237,0.0,5.907179729,10.93954208,2.182437914,0.0,7.699472853,24.91500457,103.12,1.701388889,1.625555556,0.6580498866,0.4306264172,0.274066358,0.1425425977,0.0787037037,0.4369075538,0.7694022216,30.49350277,-2.181032881,0.9035908309,1.153524528,-0.7536525343,0.6564664043,2554.060638,5.19,0.00883,1.046286852,0.9805835,0.6881880924,0.03780361757,20.19137191,0.9204177588,1.041351568,154.1050917,3.394858228,0.9603806415,0.01954022989,1.164152938,0.0,1.205308722,0.8823836287,0.2761836133,1.087383359,-1.512390895,-14.18518519,0.0,0.7510906754,0.0,-0.3439627268,1.05850058,-4.564366902,1.36,3.874721987,-5.63,-0.1404442835,38.9658225,0.9173030861,0.9394910954,4.848896332,51.52400549,1.57240249,0.8257290265,1.538943376,0.4175878685,0.9037560962,149.7519182,47.86951281,0.7927083333,14.95193556,0.8702502102,1.61713111,-0.07137844476,0.9126482144,-0.4623322218,0.9695526367,0.9849381388,-10.43506173,1.10677471,11.34189048,5.733667477,0.0,0.4804597701,1.988047418,0.6441425715,0.4973830795,1.027513786,3.485148515,5.338135017,0.0,10.70155169,0.7376273446
2.482963186,4.604900475,3.25,3.212549603,3.166420846,1.503021051,150.4984338,161.2261068,163.3522978,163.0405109,9.499807766,0.01880517949,-0.4348368549,0.0364773302,-0.0449080501,-0.02059930641,1.493531886,1.138902038,1.194810994,0.4798855102,1.097314705,0.8983903156,1.002916873,1.074027899,1.044537642,0.9547340863,0.5414841282,0.5548315206,0.6202043052,0.8955665018,1.006614275,0.9739842255,1.002135933,0.9978673375,-0.3981344719,0.9113318054,8.001919847,1.297043851,0.1392790929,0.06971793865,0.09238926608,0.0,1.634316845,0.0,7.518772169,-0.08251830822,0.0,0.0,6.353084152,1.877425053,0.0,0.0,0.0,0.0,0.8169784333,1.407326529,0.360343184,0.6796875,0.202022834,0.04584183673,0.5490196078,27.19754195,19.35077682,5.261891555,12.14238718,43.33159265,17.46044569,17.9801607,4.390415048,17.4570773,10.74258,32.46515906,24.07207091,22.77571198,10.07780132,0.0,13.81955174,2.043794437,0.0,11.94528192,25.32910667,105.02,1.791666667,2.028888889,0.7192743764,0.3366480852,0.310632716,0.2480338741,0.0697167756,0.4031261608,0.8412346471,32.53313138,-2.172355477,1.366220135,1.856360405,-0.8301955713,0.1499613494,2951.959999,3.17,0.0322,1.128686701,1.182603349,0.6899617195,0.04508641975,10.30076712,0.9402465533,1.147488915,30.71900304,3.182407407,1.120504016,0.03169642857,0.9863050698,6.544756406,1.036778895,0.9566330625,0.3536808628,1.201967047,-1.839847834,-5.100346021,6.066367068,0.8271828943,0.03125,-0.2357590742,1.13190181,-3.560210527,1.76,4.120750285,-4.35,-0.1537970096,11.2604908,0.990583357,0.8195685007,4.863853266,53.4982699,0.0,0.9794481392,1.51100352,0.6476048753,0.9921299065,156.0894821,46.37097979,0.7889795918,25.38663948,0.5177719991,1.551675057,0.07393168814,0.7879288841,0.8675980841,1.043471982,0.9255993006,-9.476355248,0.9522616362,0.0,4.992404733,0.0,0.4683035714,1.89094755,0.7272145268,0.7007519069,1.104697669,3.490909091,0.0,0.0,40.95314119,1.067650368
2.441560253,4.658379014,3.064935065,4.159477124,3.879084967,1.619303823,147.7382956,155.1695195,161.574898,164.4458854,3.591875,0.01609232575,-0.4011657339,-0.07686049908,0.02410155427,-0.03763466346,1.512070043,0.9282520636,0.7711987847,0.4301178091,0.8272634712,1.015010587,0.9672020124,1.152833587,1.06960099,0.8811547898,0.5809292139,0.3797273748,0.9611098501,0.9172631565,1.015275679,1.093925018,1.010401761,1.060591144,-0.3788729862,0.9898858772,8.007387534,1.218960329,0.1511330999,0.2210168165,0.1118583084,0.00449957706,0.0,0.0,0.0,0.0,0.0,-4.398485454,0.0,0.0,0.0,0.0,0.0,0.0,0.7956722018,1.044250707,0.2809633028,0.6388888889,0.1823177635,0.02082388511,0.575,33.14506678,0.0,18.26992695,18.19910121,41.9616539,29.7174337,5.693927995,13.17124514,33.77213846,0.0,20.16532066,0.0,5.563451492,13.17124514,11.73975001,38.96114992,0.0,0.0,14.12674474,23.05833076,54.46,1.493055556,1.193333333,0.4031292517,0.2748803225,0.170617284,0.1754984185,0.07751937984,0.4738521327,0.9525133732,32.1343259,-1.757367028,1.172908362,1.098525932,-1.082199671,0.2533605625,1975.491216,5.48,0.00396,0.8417620802,0.9773058408,0.6983392735,0.02910569106,0.0,0.9655970669,1.029661621,65.39513433,3.741702742,1.034817218,0.03862433862,0.8675699658,6.176298517,1.04002248,0.939445804,0.423016954,1.019693839,-1.27429048,12.02,6.066367068,0.7909974356,0.0,-0.07117603581,1.101028433,-4.56174343,2.73,3.195461844,-4.79,-0.1592688502,23.25963712,0.8668268255,0.6413102475,4.846099172,29.77,0.0,0.7724503891,1.567676587,0.3715632086,0.9646946794,155.8750024,44.56896726,0.862244898,20.16532066,0.8821053129,2.126466251,-0.06052891487,0.4985434699,0.0,0.8955271702,0.9857536765,-0.291875,1.083035324,0.0,0.0,0.0,0.4613756614,1.862506233,0.9324882142,0.7226466601,0.7622711528,3.413793103,0.0,0.0,16.95130748,0.9721177985
