SpDiam_A,AATS3d,AATS2s,AATS3v,AATS1i,AATS2i,AATS3i,AATS4i,ATSC8dv,ATSC1d,ATSC8d,ATSC0i,AATSC0c,MATS1c,MATS2s,MATS7s,GATS1c,GATS2c,GATS5c,GATS7c,GATS8c,GATS2dv,GATS5dv,GATS7dv,GATS8dv,GATS1d,GATS3d,GATS5d,GATS6d,GATS7d,GATS8d,GATS2s,GATS6s,GATS6v,GATS3p,GATS5p,GATS1i,GATS6i,BCUTs-1h,BCUTs-1l,BCUTi-1h,BCUTi-1l,RPCG,Xch-6d,Xc-5d,Xc-3dv,Xc-4dv,AXp-1d,SsCH3,SdCH2,SdsCH,SsssCH,SaaNH,SdsN,SsOH,SssO,SdS,SaaS,SddssS,MINaasC,AETA_alpha,AETA_beta_ns_d,ETA_epsilon_5,ETA_dEpsilon_C,IC2,ZMIC2,PEOE_VSA1,PEOE_VSA2,PEOE_VSA3,PEOE_VSA6,PEOE_VSA7,PEOE_VSA11,SMR_VSA5,SMR_VSA6,SlogP_VSA2,SlogP_VSA3,EState_VSA1,EState_VSA2,EState_VSA3,EState_VSA6,VSA_EState7,AMID_C,TopoPSA(NO),GGI5,GGI7,GGI8,GGI9,JGI3,TSRW10,TASA,Mor02m,Mor10m,Mor11m,Mor12m,Mor16m,Mor21m,Mor22m,Mor23m,iLOGP,Silicos-IT_Log_P,AATS5d,AATS6i,AATS7s,AATS8s,AATSC0v,ATSC1dv,ATSC7d,AXp-0d,Ali_Log_S,CIC1,CIC2,ESOL_Solubility_(mg/ml),EState_VSA4,EState_VSA5,ETA_dAlpha_B,ETA_dEpsilon_D,GATS1dv,GATS1v,GATS2d,GATS2i,GATS2v,GATS3c,GATS3dv,GATS3i,GATS3s,GATS4dv,GATS4i,GATS4s,GATS5i,GATS6dv,GATS6p,GATS7i,GATS7p,GATS8i,GGI6,IC1,JGI4,MATS6s,MATS8s,MAXaaCH,MLOGP,MOMI-Z,Mor03m,Mor13m,Mor26m,Mor30m,Mor31m,PEOE_VSA4,PEOE_VSA9,RNCG,RNCS,SMR_VSA1,SMR_VSA3,SMR_VSA4,SMR_VSA9,SdO,SdssC,SlogP_VSA10,SlogP_VSA4,SsNH2,SssS,VSA_EState8,VSA_EState9,Xc-5dv,Xc-6dv
4.839461542,3.787878788,3.390909091,228.5324078,147.1796749,150.6171579,157.7127406,157.5471253,-4.77734375,5.948242188,-1.061523438,58.36712249,0.01397489853,-0.2495754875,-0.1658202617,0.0172003215,1.182327592,1.246185255,1.133463905,0.9915227988,0.8710952174,0.841361097,1.126852886,1.037747837,1.054312577,0.5734104046,1.230805161,1.083108542,1.071025181,0.9369451056,0.9323746417,1.028766213,1.014141547,1.075745611,0.8922283984,1.00979996,1.072004703,1.118539237,3.05962641,1.43179288,14.69085683,10.96965878,0.1271728419,0.3895195512,0.2749716524,0.3862693728,0.0,0.4339923432,0.0,0.0,0.0,0.0,2.897754472,0.0,0.0,0.0,0.0,0.0,0.0,0.7975373205,0.4761904762,0.0,0.7727272727,-0.08899521531,3.924800876,32.27661356,0.0,15.06663885,4.983978521,6.066367068,36.39820241,0.0,0.0,0.0,25.14929918,0.0,0.0,0.0,0.0,12.39368714,5.362040921,1.614035966,67.35,0.4377777778,0.1771187642,0.06701152683,0.026875,0.02517361111,68.744902,416.4490182,18.1625912,0.5432375962,0.4682079224,1.737758926,0.5708497276,0.06138746374,-0.2431574667,-0.6661725059,1.81,3.42,-6.1808863,0.16626787,3.1478524,7.485037,-11.137731,-8.23004,9.280767,1.8324883,11.257745,7.284588,5.5889144,14.33,-1.6492935,-5.8050227,17.11966,30.863474,9.4591,-0.037123293,0.2899498,2.87725,3.4475358,-23.802614,-4.295947,-0.7163714,-11.800103,3.445449,18.617062,11.365444,2.6204956,-9.836026,3.2445204,1.2717476,-7.533907,-6.417635,-7.386084,2.0303733,-0.40163964,4.2212157,14.868671,-11.763016,-29.46049,-2.3659842,-2.462627,-12.003054,-6.3089166,4.9218574,-23.505102,-1.8576263,3.4776847,-10.400282,16.0413,16.882666,2.1260786,13.232733,16.782347,25.71292,-24.239845,-3.9069684,-16.687786,28.979279,-1.47521,-14.690533,0.31740642,-3.7802305,-3.891015
4.848826338,3.495652174,2.954467354,217.3192547,148.4885439,154.9564336,156.9974297,159.1825006,-36.0,14.91975309,-3.561728395,91.83830858,0.01425164682,-0.5025169592,0.2016279898,0.03522916934,1.611680411,1.121534753,1.040639598,1.191607552,1.130587517,0.9092731438,0.8658313908,1.012285554,1.05482794,0.6401190268,1.151004193,0.9995704803,0.9045160161,1.0505197,0.9986234191,0.7223819476,1.089970161,0.9200111328,1.033133869,0.9365699445,1.273040708,1.009188059,3.057290442,1.434148518,14.63947554,10.94639828,0.09344475674,0.5652352563,0.441638319,0.9619196634,0.0,0.430390951,6.223711232,0.0,7.445865085,0.0,3.480510519,4.228406519,0.0,0.0,0.0,0.0,0.0,0.8381679894,0.4774193548,0.01612903226,0.7606060606,-0.06522875817,4.671011113,30.15823057,10.30076712,4.983978521,14.98529578,18.20875424,62.23960296,0.0,27.315968,5.316788604,26.29938345,6.544756406,0.0,0.0,6.544756406,11.34744789,8.24322367,1.607335694,83.3,0.7225,0.5755385488,0.2902730537,0.291882716,0.03732638889,82.90283416,633.9944889,29.42344251,0.8716442058,1.131052016,1.432149594,0.4188119352,-0.2513881744,-0.1137559505,-0.7600180486,0.0,3.76,-7.7827296,1.6387751,3.7740853,9.976843,-13.883512,-10.050206,11.365449,1.5992906,12.281037,9.304203,7.5784407,16.354929,-1.5004627,-8.237533,20.008856,38.75144,12.254251,-1.5422012,1.8867157,4.661405,4.3885183,-29.224117,-2.289053,-0.75795805,-14.408396,3.9961445,24.789335,12.422512,5.4815865,-13.069832,2.3669224,0.68857354,-11.405965,-7.9668517,-8.7867985,2.471267,1.7961113,5.497052,19.011389,-14.209269,-36.731747,-0.8358511,-3.6439939,-15.89057,-9.599279,7.6155467,-29.105062,-3.525463,6.9854827,-13.981508,20.670725,20.08268,1.4939789,17.906544,20.602604,30.20396,-27.54616,-4.6633973,-18.048338,36.008064,-1.8266387,-16.823586,-1.8266299,-5.7615438,-4.7968545
5.008635141,3.412903226,2.771579431,199.2136073,147.0960267,156.9133286,159.3784206,157.5531245,44.47039557,15.40816327,5.06122449,100.4224909,0.01574823075,-0.2751540405,0.0149525344,-0.09930677768,1.323837456,1.525928202,1.156991004,0.8634870136,0.7638778965,0.9806644077,1.03404136,1.05066548,0.8370136266,0.6308139535,1.166666667,1.081395349,1.230992351,0.9107292747,0.7517199612,0.6749311295,1.164763093,0.9714662444,0.8918131867,0.8462198513,1.403119844,0.9898505025,7.008272534,1.343850104,14.69239096,10.92970797,0.09868344179,0.674685838,0.5136135945,1.009607632,0.0,0.4292459108,2.075821541,0.0,0.0,0.0,0.0,0.0,0.0,5.882335879,0.0,0.0,0.0,0.6479740833,0.4733333333,0.01428571429,0.8123809524,-0.08553201185,4.808618766,32.60149878,14.53668242,19.44429716,0.0,6.066367068,55.78460206,6.606881965,19.38639965,39.83357957,75.28902055,17.76011521,0.0,12.51406169,5.749511833,6.196843572,5.730236915,1.623732213,76.38,1.271388889,0.4444444444,0.3522297808,0.204382716,0.03675766284,87.87697752,664.6460842,22.92103684,1.32652771,0.378965901,1.896691312,-0.01702475692,-0.4200626083,-0.06707575848,-0.712726534,3.66,3.31,-10.320342,-6.847626,4.740341,3.980007,-12.384157,-6.8261843,12.108746,4.6691957,22.06455,11.339685,3.8070178,23.391863,0.107744046,-5.5874677,30.024282,29.593826,10.223112,13.7088995,-4.3021336,-5.847376,4.6173697,-29.692629,-23.81626,-3.129677,-12.695727,-3.5814736,10.334135,20.80221,-10.8629265,-10.136224,9.186726,9.090852,1.1699809,-1.3548322,-8.882879,5.328729,-18.474201,7.2146864,8.191126,-12.404193,-34.911526,-12.299492,0.20992854,-11.50817,-2.4590256,0.2599992,-32.041893,5.53287,-7.722135,-7.773359,16.170576,27.67095,9.674061,5.2454677,27.263123,37.089798,-38.48575,-5.9652863,-33.45884,27.209082,-1.2079362,-22.73671,21.177452,-2.9362073,-8.80382
4.84886367,3.656565657,3.62988993,232.6788054,147.8576336,153.9753421,158.8206985,159.1756787,20.05890046,7.349932096,-4.259393391,128.7701358,0.01549032751,-0.5376742661,0.03598751821,0.05164021434,1.543132941,0.9282329246,0.8777650361,1.003565555,0.9305926229,0.8361575094,1.156148328,0.8524908636,0.8295561501,0.7401305247,1.005928527,1.06519121,1.023757817,1.079192979,1.022153181,0.5778282529,0.7262785625,0.9065858464,0.9731639697,1.092928705,0.9748353851,0.8122309652,8.002961739,0.6049847703,17.42581788,10.31162892,0.09759523029,0.5652352563,0.2749716524,0.9822172901,0.0,0.4299099009,1.925263429,0.0,7.237568955,0.0,0.0,4.181762676,0.0,0.0,0.0,1.440856245,0.0,-0.6088775295,0.4775729647,0.04838709677,0.8404761905,-0.1201982331,4.81512316,31.83179984,5.316788604,4.983978521,23.76612587,23.47917305,42.82867707,5.13155848,13.46849361,5.316788604,21.31540493,6.544756406,11.63444168,6.544756406,10.69500997,5.008912524,7.98291635,1.493307708,67.51,0.6669444444,0.5130385488,0.3023904006,0.324691358,0.04609929078,82.88111178,521.4002569,27.48782268,0.02029542686,0.5423020925,1.683786806,0.1203656052,-0.008272208518,-0.451531824,-0.5396658437,0.0,4.67,-6.565999,1.7496054,2.8096533,8.132198,-11.302082,-8.0383415,9.343067,0.8295678,10.089847,7.844416,6.1932874,13.365467,-0.6462857,-7.2270427,16.379744,31.589865,10.295877,-1.1504471,1.8816384,3.8565211,3.8629076,-24.088934,-1.4337816,-0.67309827,-11.624288,2.8052466,20.589306,10.00458,4.8382587,-11.356993,1.4635861,0.40164137,-9.702612,-6.005013,-7.205442,2.273321,1.4167202,4.6762824,15.437054,-11.373209,-30.249949,-0.33892402,-2.9089952,-13.1371155,-7.988948,6.6267285,-24.026087,-2.916148,6.4284353,-11.7459545,17.073917,16.36947,1.4627595,14.876556,17.003222,24.445856,-21.735634,-4.0304384,-14.447073,29.116327,-1.225978,-13.548114,-1.6030307,-5.1228285,-4.142492
4.84846034,3.555555556,2.999367842,224.5095143,146.1688725,151.8999972,154.9795386,156.3238166,-37.40058347,9.372566772,-9.028972386,84.79436911,0.01349493528,-0.5367914382,0.02063624676,0.1425932307,1.605557444,1.026886441,1.024601083,1.249043924,0.9545634688,0.9369893347,0.9958392936,0.998869326,1.063139687,0.6449464654,1.023674242,1.141637812,1.094129555,1.231608073,1.16734782,0.9153877665,1.319684022,0.8710982429,0.9762742353,1.110864233,1.134596526,0.9524748865,3.05728196,0.6049850547,14.63943665,10.31162903,0.1044982807,0.5992559472,0.2749716524,0.8562291324,0.0,0.4320955403,1.991639716,0.0,7.557686138,0.0,0.0,4.228838311,0.0,0.0,0.0,1.619959136,0.0,0.8618948413,0.4908045977,0.01724137931,0.7755555556,-0.07265173645,4.533861863,33.13142796,5.316788604,4.983978521,14.98529578,53.8110084,30.69594294,5.13155848,13.46849361,5.316788604,21.31540493,6.544756406,0.0,0.0,0.0,22.68423376,8.373354593,1.590019291,67.51,0.6669444444,0.5130385488,0.2398904006,0.164691358,0.03294573643,80.46990232,611.7259744,27.64460032,0.02180851767,1.06425679,0.742252457,0.2511484296,-0.0101566461,-0.2890510852,-0.5864022038,0.0,3.84,-6.653214,1.7738035,2.5416408,7.8898244,-11.150733,-7.87901,9.41502,0.6137682,10.250635,7.9944134,6.2096987,13.46161,-0.359703,-7.3529286,16.287647,31.404634,10.378802,-0.985543,1.8905034,3.928395,3.9335916,-23.999683,-1.3283019,-0.7206747,-11.377908,2.7396245,20.568626,10.0138035,4.913827,-11.42076,1.3605512,0.41301322,-9.669554,-5.8916836,-7.281767,2.2374456,1.2106943,4.652733,15.41612,-11.122148,-30.259413,-0.4048968,-2.834988,-13.089276,-7.7816033,6.666312,-23.884323,-2.9566708,6.526393,-11.704395,16.941954,16.17191,1.6765912,14.888355,16.878801,24.24089,-21.50366,-4.165691,-14.518686,28.948105,-1.0935433,-13.468786,-1.4869488,-5.1588707,-4.1645284
4.832911472,3.277227723,3.503875969,208.1079645,145.2487057,152.868582,159.4887652,159.1539262,-29.56375434,9.655047533,-6.315074694,87.07591279,0.01444978724,-0.586122949,0.2900007613,-0.00825629086,1.614372904,0.9604905337,1.123802496,1.266936745,0.8037005729,0.6900152619,1.113730073,1.01977527,1.024165362,0.8642140921,1.000684215,0.9688840899,0.984142107,1.179139566,1.090948227,0.5549929326,0.867564984,0.9668929306,0.8750426108,0.7973955805,1.235389404,1.047052377,7.014207891,0.2980105395,14.55717173,10.31100078,0.09732883382,0.5997530532,0.2749716524,1.388101507,0.07216878365,0.4338265007,3.775986215,0.0,0.0,0.0,3.2902303,0.0,0.0,0.0,0.0,3.097591329,-3.309492663,0.5573450491,0.505952381,0.0,0.8177777778,-0.1289248763,5.038319437,32.01007426,4.983978521,0.0,28.09182741,12.99010427,25.47729296,0.0,26.81305243,5.752853607,34.10656467,16.56804756,10.02329115,12.29761001,12.24522612,11.33678588,0.5667098363,1.33570882,100.63,0.6838888889,0.6180909864,0.377196712,0.3087654321,0.04565972222,80.42540071,553.5748055,31.92182127,-0.0630462131,0.5465229577,0.3952347066,0.997304713,-0.1030917389,-0.8665326994,-0.7572712575,2.48,5.4,-9.131203,1.3223544,4.964757,12.011775,-16.88721,-12.252619,13.694734,2.536727,15.425465,10.834578,8.8163595,20.269825,-2.441573,-9.181471,24.79223,46.709198,14.281447,-1.3550177,1.4599537,5.0350547,5.0640078,-35.41287,-4.38565,-0.9164552,-17.720873,5.0478683,28.971842,15.754881,5.4943,-15.241195,3.832487,1.2311575,-12.758466,-9.7461195,-10.5928,3.076257,1.3926864,6.490065,22.572247,-17.631548,-44.066105,-1.9058034,-4.240912,-18.696243,-10.891049,8.325914,-35.19576,-3.4888978,6.973201,-16.463274,24.568352,24.829361,2.1825602,20.89678,24.997505,37.493195,-34.681637,-5.4815083,-22.914692,43.557873,-2.3506866,-20.98085,-1.2064321,-6.329931,-5.769395
4.902346148,3.909090909,3.887860082,235.7354696,147.1889596,150.5716193,153.1917434,157.0609274,27.17013233,10.59924386,-4.850661626,74.48233525,0.02916173558,-0.4949766607,0.04521201485,-0.01119422128,1.486387289,1.046260393,0.8945637726,0.9311638669,0.7987170989,0.8517541176,1.002873503,0.9475536428,0.891158381,0.6291793313,1.255180989,1.065315004,1.179711246,0.995130575,0.9114280033,0.5904261633,1.203174491,0.8907468047,1.070056407,0.89836922,1.035286165,0.9139932815,7.009368063,1.401734117,14.69241021,10.94951956,0.0952698347,0.634753638,0.6297166902,0.7090739295,0.0,0.4298292218,0.0,0.0,0.0,0.0,3.172627551,0.0,0.0,10.86650503,0.0,0.0,0.0,0.3604620607,0.4644444444,0.01666666667,0.8050505051,-0.1140752033,4.540534109,33.15744284,15.20739338,19.6717347,4.681802935,6.066367068,54.59730362,11.49902367,0.0,6.792942306,27.4645853,0.0,5.907179729,12.3522092,39.70116891,48.66141305,1.636103324,1.557415785,112.23,1.288888889,0.4756944444,0.3908100277,0.2493904321,0.04722222222,82.10710869,465.1469369,27.90289226,1.42947192,0.2597373308,2.106107968,0.331449438,-0.2853101583,-0.1876807207,-0.6818815627,2.75,3.13,-9.337009,0.77088296,10.341964,18.036901,-21.003632,-17.361519,13.311489,6.1380854,10.011903,9.926325,11.120471,16.543802,-8.187593,-9.261399,25.44767,53.226383,15.900412,-6.2098126,3.832695,3.6199453,4.02677,-39.154324,-2.2534854,1.7762175,-23.844576,7.1319375,35.28864,14.059645,7.0220947,-15.324421,2.6462338,0.7636444,-15.8769455,-13.763498,-10.473042,2.1475594,7.906933,7.163451,26.961704,-22.449028,-47.31445,0.85919356,-5.915921,-22.895706,-19.979212,10.862537,-39.80913,-7.0220666,8.966474,-17.159307,32.946594,30.431992,-6.8516064,22.717228,30.172478,40.202984,-39.32538,-3.721261,-19.244465,49.210186,-6.2038856,-22.174345,-7.6257253,-6.764553,-4.416738
5.014623533,3.65,3.00719246,219.6874826,144.8388578,152.5405354,154.6968957,156.6866838,-58.27895727,17.22037087,-2.948400967,97.66969536,0.01411582004,-0.3566992165,0.05049341764,0.06080921197,1.358289805,1.2642319,0.9526759143,0.8002199202,1.250105082,0.8419966176,0.9947445943,0.9235367654,1.119501509,0.5969404058,1.142888526,1.133757318,0.959038262,0.9735691448,0.8822129467,0.6296649041,0.5089013338,1.063490339,0.9663319512,1.105929266,1.212469863,1.018159063,7.008273069,1.343837143,14.69237363,10.92966136,0.1045499747,0.674685838,0.6844375989,1.030272772,0.0,0.4287931716,3.47790223,0.0,0.0,0.0,0.0,0.0,0.0,6.175691526,0.0,0.0,0.0,0.6198719781,0.4768518519,0.01388888889,0.7981481481,-0.07446040144,4.724777947,34.81406799,9.636772685,19.44429716,0.0,6.066367068,79.06876542,0.0,19.38639965,14.09534397,44.65087521,12.96557803,0.0,5.907179729,17.06247516,37.3248314,5.714453295,1.694984141,73.14,1.111666667,0.5243055556,0.3275384228,0.279691358,0.03904826958,89.06078288,685.2884189,26.52293225,1.678773877,0.4759143069,2.497010411,0.2320451249,-0.316712198,-0.2635333507,-0.6498553789,4.14,4.64,-7.2409196,-1.5840942,5.1538553,8.658609,-13.609519,-9.355212,10.394795,2.904781,15.433325,7.512168,4.510329,18.083376,-2.3849702,-5.9613276,24.089659,33.377625,9.726177,4.25382,-1.8087064,-1.8362708,3.939671,-29.737446,-12.263578,-0.9540268,-15.17911,1.1855447,17.85746,15.846649,-1.7932996,-12.663282,5.5126476,3.562193,-4.9525995,-4.4351525,-8.138596,4.574136,-5.875592,5.8247185,13.349833,-14.599902,-33.181187,-5.3182974,-1.3124156,-12.040601,-5.5633526,3.6680083,-29.616491,2.0343754,-0.24016148,-10.516368,18.6542,24.415245,4.08018,11.169504,23.176704,33.305794,-30.795803,-4.74701,-23.321459,30.448662,-1.0777919,-19.148123,6.714757,-3.545003,-6.320409
4.832087205,3.595959596,3.33240023,222.4636425,145.4544747,151.4510451,155.7660774,157.7326513,13.27391975,9.715277778,-0.07638888889,80.33790092,0.02566272021,-0.5423423379,0.0378510845,-0.02112203811,1.56315811,1.140932247,0.9032349666,1.186500644,0.8600610875,0.9127178814,0.9620575943,0.9783379595,0.9726777466,0.6637198622,1.130891,1.084782274,1.056533658,1.075158859,1.010149254,0.7036757073,1.045760671,1.019999973,0.9196415132,0.9093535495,1.149692263,1.137599562,7.008272213,0.6101356715,14.55672932,10.31169772,0.08888261617,0.7018151258,0.3928227826,0.7990375584,0.0,0.4314657775,1.952277995,0.0,0.0,0.0,3.348289714,0.0,0.0,10.93236962,0.0,1.534617103,0.0,0.6072428409,0.4811111111,0.0,0.8052083333,-0.1062627033,4.678508855,33.97362214,19.77449303,4.794537184,9.967957042,18.19910121,37.25557254,11.49902367,13.46849361,6.792942306,27.6520576,6.544756406,0.0,19.24487844,17.13736782,12.13273414,0.0,1.544432243,89.13,0.7744444444,0.4748795351,0.3817476064,0.2340740741,0.04008838384,82.76115118,558.7091708,32.99708002,1.143065544,0.2962533188,0.6041077112,0.6692323693,-0.03222247175,-0.5703335731,-0.8539439372,2.78,5.51,-7.9255476,1.6068017,8.904836,15.160136,-17.52878,-13.957573,11.034634,3.805307,9.506332,8.087174,8.120651,14.566954,-5.387425,-8.45499,23.113739,43.25739,13.044111,-3.6120543,2.66104,0.8148515,3.8778257,-34.470585,-4.1110454,1.2883954,-20.243736,3.8845332,28.716942,12.529785,5.0509605,-15.301449,1.757111,0.63435966,-12.702597,-8.863383,-8.452349,3.5265882,4.480964,6.645669,20.48851,-18.637474,-39.271034,0.73283505,-4.0540643,-18.184996,-15.634,9.335285,-34.394077,-3.5859609,7.8155727,-14.8028345,27.482002,26.878782,-3.750193,17.782106,26.772976,34.45897,-31.659672,-4.043755,-16.753643,38.680428,-4.1273537,-18.961384,-4.0796213,-6.524926,-4.9489202
4.818276879,3.505263158,3.312236287,220.3603927,145.2372638,150.6142273,154.6452864,155.3612222,14.99432892,8.595463138,-1.884688091,74.40034618,0.0170240073,-0.269653478,-0.04586740534,-0.04657048201,1.189782636,1.292450751,0.8964784221,0.8070235967,0.9435662025,0.9801925041,0.9552872861,0.8870872404,0.9321438519,0.6831561296,1.133281192,1.06756993,0.9861451049,0.8848363175,0.9963375232,0.7564420335,0.926549612,1.072108108,0.9509612956,0.9902267429,1.078808284,0.9630119569,7.008271862,1.427567332,14.69084662,10.94877953,0.09015818944,0.4048115028,0.2749716524,0.6362155437,0.0,0.4420487077,1.498885423,0.0,0.0,0.0,2.930680267,0.0,0.0,5.416356525,0.0,0.0,0.0,0.6549790798,0.4738095238,0.01785714286,0.7942528736,-0.08759305211,4.756513858,26.92233453,4.736862954,19.86117603,0.0,6.066367068,61.01812524,5.783244946,6.9237372,6.606881965,32.55544757,4.794537184,0.0,12.39012691,5.749511833,12.39368714,5.392220783,1.640647526,80.76,0.8613888889,0.3229520975,0.2262692114,0.112183642,0.02422086721,76.78218309,562.6658015,24.84350472,1.258085386,0.290697516,1.450149492,0.3658094751,-0.2063855443,-0.1551051709,-0.713038085,2.14,4.79,-7.2592697,0.17311528,5.9490743,10.950012,-14.5305,-11.150049,10.685968,2.984863,12.473655,7.799751,6.6750097,16.297577,-3.5757,-6.8651924,22.015408,37.97083,11.160867,-0.38635635,0.41436207,1.3509148,3.7459106,-30.561348,-6.719515,-0.17618048,-16.453217,3.576649,23.076057,13.74882,2.393312,-12.777078,3.903076,1.6600281,-9.071771,-7.5825,-8.581928,3.1379921,0.007662058,5.57898,17.513203,-15.835411,-35.56928,-2.3684516,-2.822379,-14.787404,-9.557832,6.182644,-30.151457,-1.4566718,3.8853908,-12.520229,21.663574,23.17104,0.5716441,15.08429,22.86579,32.675854,-30.570345,-4.4339433,-19.662971,34.89932,-2.4825542,-18.468143,0.2402026,-4.5133166,-4.9096007
4.848604167,3.574074074,2.956622383,222.1989868,147.9609889,153.6858859,157.3723122,158.3109128,-12.00460224,12.75,-3.75,93.37712654,0.01506305891,-0.4995143091,0.185352577,-0.09900995601,1.593991991,1.14066828,0.9144295364,1.424769528,0.9090360117,0.8511665696,0.8903736318,1.118813672,0.9729904004,0.6275510204,1.134920635,1.06779661,1.015037594,1.115763547,1.033163265,0.7708239048,0.9557405389,0.8928851384,0.9628516802,0.8925708375,1.202428832,0.9921134398,3.057289002,0.6294009932,14.63947534,10.33556631,0.09315111428,0.5805272079,0.2749716524,0.877368674,0.0,0.4340286995,4.061561316,0.0,7.43851296,0.0,3.472952911,4.225979082,0.0,0.0,0.0,0.0,0.0,0.8342003916,0.488172043,0.03225806452,0.7686868687,-0.07507002801,4.930457026,28.42005889,10.30076712,4.983978521,14.98529578,12.14238718,55.6537289,0.0,18.36397708,11.57255779,32.55515263,6.544756406,0.0,0.0,6.544756406,23.10933284,10.30863816,1.551751125,83.3,0.785,0.5755385488,0.2590230537,0.211882716,0.03147163121,82.788247,641.8043703,30.21533539,0.2683412712,1.008356152,1.69991549,0.3656077369,-0.4620515532,-0.02110102187,-0.7394638663,0.0,3.33,-7.9312696,0.98900455,3.554067,9.417537,-14.004878,-9.75993,11.749143,1.5077752,14.645127,9.4735985,6.9129677,18.244852,-1.0325438,-8.009744,21.835142,38.570652,12.053527,0.32448322,0.79652333,3.4800255,4.6634884,-30.358345,-5.1926813,-1.1132722,-14.516725,3.3174958,23.550346,14.105082,3.778954,-13.618292,3.5165517,1.3945166,-9.875375,-6.9888825,-9.189005,3.1427822,-0.85112727,5.66315,18.23011,-14.430132,-37.27362,-2.5111494,-2.9285252,-15.135157,-7.750671,6.6361227,-30.134756,-1.8945552,5.3297367,-13.747342,20.106089,21.281433,3.592097,17.047565,21.431517,32.251472,-29.278542,-5.2232785,-20.784384,35.795048,-1.168253,-18.173176,0.79759645,-5.3716273,-5.3870616
4.849338157,3.631067961,3.667647059,221.029323,150.6227588,156.2364618,163.5217372,164.1776681,10.75,9.703125,-4.06640625,126.7583443,0.01874242464,-0.4735516832,-0.003021478251,0.03749536636,1.526630217,1.180068953,1.081570041,1.037366544,1.012070363,0.743837535,1.054946833,0.9305233805,0.8735090153,0.6783664097,1.089697145,1.097480696,0.9250451041,1.047273286,1.019645186,0.608092821,0.6512697479,0.9702662119,0.9521273999,1.019254095,1.066141587,0.8162745172,8.003004674,1.425951198,17.42586388,10.96021804,0.08568957784,0.5652352563,0.5072794607,0.7638800108,0.0,0.430872001,1.912898413,0.0,7.073676348,0.0,3.272393707,4.164378165,0.0,0.0,0.0,0.0,0.0,-0.9245484729,0.46359447,0.04838709677,0.8281385281,-0.1181869111,4.860902344,30.43903568,10.30076712,4.983978521,23.76612587,18.20875424,37.26522558,11.63444168,13.46849361,5.316788604,26.29938345,6.544756406,11.63444168,12.23214268,11.51833249,5.008912524,7.794033608,1.493626464,83.3,0.7780555556,0.5538548753,0.3699058327,0.284691358,0.04166666667,82.9374568,519.5286616,30.97009812,0.9142737892,1.075240333,2.216510363,0.2604904114,-0.2500826331,0.07105057468,-0.915551887,0.0,3.55,-7.843793,1.8215951,3.7393055,10.061217,-13.94102,-10.028852,11.399177,1.4623607,12.29259,9.385954,7.593418,16.374897,-1.3385223,-8.423715,20.061214,38.860466,12.368767,-1.5665996,2.031226,4.6947618,4.4825153,-29.37402,-2.1149132,-0.7904011,-14.417153,3.8372476,24.978638,12.356308,5.6523137,-13.342876,2.2049723,0.62141544,-11.612765,-7.8207383,-8.797352,2.5803313,1.854919,5.5812244,19.02142,-14.2027025,-36.904877,-0.6746397,-3.6527102,-15.994648,-9.712235,7.7896814,-29.289984,-3.5408494,7.2797713,-14.176021,20.790627,20.127672,1.5626472,18.070448,20.718683,30.203287,-27.32947,-4.7136784,-17.935743,36.02087,-1.7512658,-16.77848,-1.9113259,-5.935586,-4.898167
4.876664293,3.47008547,3.180704898,217.1731371,145.0431459,150.0388206,156.7504081,156.9724815,-8.280882876,9.410466358,-2.418298327,87.14913321,0.01228273946,-0.3650620415,0.03788342654,0.1068993061,1.374355166,1.157863237,1.270589764,0.9457194813,1.172889748,0.9275405778,1.111519675,1.063160372,1.018111204,0.7038418832,1.036146273,1.122421574,1.11814346,1.146050842,1.00910137,0.6260982147,1.155367858,0.9300088911,0.9262611805,1.000120497,1.110829734,1.09375006,7.008272423,1.420015394,14.6923632,10.93106303,0.1120478328,0.5159226139,0.2749716524,0.7900878146,0.0,0.4348055467,1.953539736,0.0,0.0,0.0,0.0,0.0,0.0,0.0,0.0,0.0,0.0,0.7402327937,0.4791666667,0.015625,0.7717171717,-0.06778746368,4.541871326,33.51495759,5.316788604,19.44429716,0.0,36.39820241,54.95175817,0.0,13.46849361,5.316788604,25.65562151,11.33929359,0.0,12.45193614,0.0,10.87864651,3.689419282,1.700403742,72.7,0.9380555556,0.474029195,0.4323664651,0.264066358,0.04024943311,82.0681549,606.0975272,29.8329492,1.743008987,0.8255223115,1.855895035,0.1473571538,-0.516298361,-0.2616650206,-0.7829290354,3.07,4.44,-7.113271,1.566727,2.9723809,8.536606,-12.225732,-8.542563,10.227452,0.8450735,11.956098,8.499715,6.348187,15.275992,-0.53721684,-7.638069,18.435476,33.90402,10.984526,-0.38309997,1.4968807,3.5840762,4.2453527,-26.453604,-2.9069965,-0.88101685,-12.552237,2.7217464,21.57343,11.5192,4.4312196,-12.436174,2.1220016,0.7757981,-9.697404,-6.0498824,-7.9642096,2.7284381,0.298146,5.0778947,16.232069,-12.363861,-32.772877,-1.1880739,-2.7714138,-13.783321,-7.737817,6.658754,-26.323273,-2.3730457,6.106348,-12.5252075,18.115425,18.166353,2.5243483,15.584136,18.682407,27.26982,-24.240616,-4.6039596,-16.79395,31.225895,-1.0493627,-15.195441,-0.52503455,-5.293597,-4.716775
4.711117465,3.168421053,4.314574315,210.5714866,145.4446603,150.7416113,157.0115152,157.9188001,0.5022222222,7.222222222,-2.333333333,72.39067622,0.01719890356,-0.5716861687,0.4196841878,-0.04694719601,1.592977371,0.8878855494,0.9646504683,1.064051865,1.072355276,0.8118051495,0.9431134218,1.028730843,0.9067075516,0.9829787234,1.096140351,0.818245614,0.7731884058,1.004938272,1.018518519,0.4426392357,0.3377234541,0.9295485469,0.9959352021,0.8834816064,1.186846858,0.8590622216,7.014213094,0.3002092232,14.54819748,10.31928434,0.1149386659,0.2347080484,0.5508638321,1.24724894,0.0589255651,0.4395957733,3.83331744,0.0,0.0,0.0,0.0,0.0,0.0,5.907962727,0.0,0.0,-3.694652026,0.07174101135,0.4820512821,0.03846153846,0.7885057471,-0.09169989662,4.186762964,33.06112178,10.05365156,4.983978521,13.55677072,6.066367068,62.37841095,0.0,18.74295787,5.316788604,13.40177551,10.02329115,10.02329115,4.895483476,11.49902367,12.13273414,0.0,1.509508519,94.31,0.6597222222,0.40625,0.3124212648,0.20125,0.04769736842,60.91287501,501.6069879,28.97317221,0.668891496,1.156508286,1.085422478,0.08833317236,-0.6949813069,-0.6246469494,-0.494476765,2.17,2.36,-8.328699,1.7308929,6.7744207,15.671722,-16.44821,-14.054992,10.901677,4.8377094,5.0712104,9.461611,11.282615,10.912854,-6.015896,-8.926926,17.685177,44.951828,14.589454,-7.7383356,6.391732,5.870882,4.0237255,-29.71956,4.121059,2.1919236,-18.283028,5.715853,31.651138,8.566268,8.832115,-12.780305,-0.7761819,-0.90753454,-16.010044,-11.981989,-7.521398,0.80778974,10.301102,5.7308445,24.25151,-16.975168,-39.34961,3.9780035,-5.881099,-20.789343,-19.701471,10.97901,-31.985172,-8.9270935,11.468855,-15.279346,27.339642,21.895834,-7.880734,21.692062,23.357645,29.670847,-28.119522,-2.3382936,-11.63141,40.795044,-4.821593,-15.988701,-10.471896,-6.224472,-2.6653483
4.946157861,3.297297297,2.630649718,193.4246016,147.3089717,157.0659101,159.9675702,158.8347426,-123.2475141,15.04192421,-18.13571621,97.51704162,0.01185756757,-0.2256811218,-0.005937840983,0.04486605515,1.304826068,1.619363622,0.8883589934,0.9385998467,0.9929329336,1.045026966,0.9080881519,1.110190759,1.158478325,0.6158704245,1.081049149,0.9923476807,1.032227575,1.311390341,1.153119093,1.032345239,1.104637962,0.9199427804,0.8868826241,0.9738507772,1.414775976,0.9490612384,3.510026325,1.347835869,14.69239158,10.94500663,0.05118396501,0.8107686014,0.4184429249,0.9091450214,0.0,0.4278724429,2.022195826,0.0,4.332501179,0.0,0.0,0.0,0.0,5.464938818,0.0,0.0,0.0,0.9161256607,0.4767676768,0.0,0.795959596,-0.06990761548,4.874895174,29.67202721,9.303962602,14.56569119,4.983978521,18.20875424,49.24949869,0.0,26.43407163,32.84803315,62.06348431,17.82637577,0.0,0.0,0.0,0.0,7.401129124,1.65461659,61.0,0.8097222222,0.5755385488,0.2653533636,0.186257716,0.0405982906,86.74119039,618.6167616,30.89935649,1.258737129,0.9127104968,1.090251058,0.1922801137,-0.3450146154,0.006706318222,-0.7191453266,3.61,3.59,-9.765064,-4.832163,2.9632196,3.0237231,-9.889726,-4.6462426,10.561682,2.2646267,18.774847,10.516461,3.0802813,19.661644,2.2856066,-6.174327,25.01804,23.513096,9.852529,12.851177,-1.9634733,-5.4075556,4.116145,-25.309658,-19.605356,-2.8031454,-9.913725,-5.140447,9.138238,17.352781,-8.528989,-10.844787,6.620759,7.905089,0.7294021,1.2333869,-7.2488327,4.840611,-16.767296,6.913764,6.4181542,-8.9948015,-29.357674,-9.97671,-0.3064812,-9.654919,-2.2701542,0.6502325,-27.051867,4.9500446,-4.7166305,-7.3180203,13.632171,22.858324,9.72458,4.84707,23.70534,30.406546,-29.537516,-5.847969,-27.282196,20.896914,-0.13871424,-18.108496,18.760185,-3.2840457,-7.8348794
4.858476049,3.757142857,3.136547467,239.0219702,144.1659287,146.1972284,153.5028767,153.116545,-21.76547482,7.211072664,-3.702422145,61.6294254,0.01503772994,-0.6047044758,-0.06694110223,-0.08863812657,1.602572835,0.7358342936,0.7045379161,1.204616384,0.9484753084,0.8653180963,1.074027301,1.053396268,1.105944764,0.6121369817,1.045341615,1.250475857,1.142449852,1.092588694,1.05191609,0.8584584357,1.402792242,1.066547629,0.9989846184,1.085627796,0.9628516733,1.113479189,4.005274287,0.6050205064,14.55239054,10.31163031,0.1115493625,0.4607729437,0.2749716524,0.644091192,0.0,0.4323865235,0.0,0.0,0.0,0.0,0.0,0.0,0.0,0.0,0.0,1.435015826,0.0,0.519084887,0.496969697,0.02272727273,0.7444444444,-0.07555555556,3.990868356,31.00404986,5.733667477,4.983978521,9.967957042,41.66862122,24.26546827,5.13155848,0.0,5.733667477,14.95193556,0.0,0.0,0.0,5.13155848,6.196843572,1.752450922,1.637850726,64.69,0.6288888889,0.2951743197,0.09448223734,0.0425,0.03594771242,70.36922208,466.5801964,20.73935905,0.0749972144,0.247951908,1.337042018,0.281349613,0.008981748561,-0.4556865043,-0.6070092993,2.17,4.34,-6.010847,1.4856548,2.9867053,8.078667,-10.626458,-8.11988,8.517882,1.4515748,7.5297675,7.1285324,6.483652,11.115115,-1.5893143,-6.4664335,13.7784,30.052244,9.770934,-2.7043047,2.4783854,4.574297,3.2701232,-21.468178,0.675364,-0.28386968,-10.954329,3.738349,20.21309,8.185946,5.502798,-9.369551,0.92726827,0.022621453,-9.983079,-7.1196547,-6.5957255,1.132139,3.5279105,4.067803,15.557803,-10.629059,-27.95969,0.5015996,-3.444815,-12.941402,-8.952426,6.5973473,-21.519884,-4.356362,6.626418,-10.69336,16.456392,14.392325,-0.682095,14.54117,15.06982,21.45687,-20.047382,-3.1273592,-11.814222,28.140497,-1.9840791,-11.929177,-3.5927114,-4.6541224,-3.0500243
4.845890206,3.455445545,2.574074074,208.4911895,144.000306,150.6081336,156.6712328,159.1303121,-32.24334252,9.842975207,-7.609504132,77.84575342,0.01412150388,-0.4356589511,-0.02481822452,-0.1037634672,1.415651066,1.14904208,1.154258748,1.004260681,0.5022340746,0.959813419,1.077433294,1.114437299,0.9424608954,0.6615871614,1.04254277,1.140367344,1.446023742,1.210008098,0.9606518939,1.054924927,1.054037577,1.008735236,0.7896129138,0.7554499457,1.115768403,1.047569839,3.51001883,0.6094207542,14.55687168,10.3110027,0.09032972377,0.6893292996,0.3583049857,0.9179788245,0.0,0.4258663194,2.022904813,0.0,0.0,0.4207821817,3.616639267,0.0,0.0,5.512646588,0.0,3.310557302,0.0,0.9522751323,0.5038461538,0.0,0.7925925926,-0.09772486772,4.743300369,31.58237972,9.720841475,0.0,14.95193556,6.066367068,31.89811458,0.0,25.68328649,13.21376393,33.14967801,4.736862954,0.0,0.0,5.917906046,22.67357176,2.022162383,1.550009246,63.69,0.8822222222,0.3281604308,0.2693609851,0.136257716,0.03561253561,78.29249809,538.7994134,27.72436245,0.5062432875,0.6351978727,0.5947064721,0.8407406097,0.1431370753,-0.3152016798,-0.9189985796,3.29,6.71,-6.5628376,-0.085396886,4.063153,7.96288,-11.667308,-8.367525,9.255848,1.3728274,12.591678,6.9686465,4.5002885,14.935029,-1.3340077,-6.2698746,19.85836,29.737179,9.251142,2.3509614,-0.30498746,-0.66936,3.6346412,-26.253067,-8.109658,-0.66837704,-13.04851,0.96540433,17.609655,12.679905,0.4830606,-12.074199,3.4061005,2.2904997,-6.10638,-3.8315897,-7.440049,3.7341013,-3.5222042,5.16459,12.681441,-12.28808,-29.517693,-3.2600513,-1.3592445,-11.121668,-6.045492,4.6374617,-25.793163,0.6679151,2.410931,-9.992525,17.276329,20.278381,2.9518428,11.096907,20.098688,27.822212,-24.9467,-4.5614147,-18.41994,26.700996,-0.7916026,-15.8529625,3.6034918,-3.9778605,-5.289771
5.009380053,3.617391304,3.072839506,209.5589046,148.2991478,152.5658165,159.5748317,156.2513714,14.07538526,12.64806331,0.5872553103,82.70574452,0.01512459924,-0.4214781845,0.01220900912,0.0008746537024,1.44723382,1.036543571,0.9231608964,0.7563912677,0.670067963,0.7958868123,1.112418374,1.014105932,0.92233006,0.5921136315,1.077186126,1.319873596,1.154889396,0.9420724095,0.8118453628,0.6434882595,0.7563465925,1.115185938,0.7967584127,1.071311508,1.140486282,1.102314322,7.008271822,1.343850114,14.69238074,10.92976559,0.1089572074,0.5913525046,0.3957624643,0.6971084482,0.0,0.4315610527,0.0,0.0,0.0,0.0,0.0,0.0,0.0,0.0,0.0,0.0,0.0,0.6831338108,0.4735632184,0.01724137931,0.7614583333,-0.08755609135,4.887128529,27.95485275,11.05045608,19.44429716,0.0,12.13273414,48.73693008,0.0,19.38639965,11.86154501,32.20037792,17.76011521,0.0,12.45193614,5.687386275,12.39368714,5.674389572,1.612717331,98.72,1.035277778,0.3802083333,0.2454018644,0.162816358,0.04181134259,80.95692049,553.1817254,24.63086343,1.193902105,0.3691730813,1.423674917,0.3755674872,-0.3490113036,-0.05851159845,-0.4850896078,2.11,2.77,-8.671085,0.5977323,5.3652763,11.860412,-16.537172,-12.365733,13.155251,3.3402221,14.420145,10.110734,8.627531,19.391502,-3.4187183,-8.185133,23.828983,45.521572,13.567709,-1.6970736,1.0610467,4.8589826,4.58303,-33.95447,-4.5527415,-0.659932,-17.582272,5.7292128,27.882412,15.415815,4.838871,-13.689662,4.2773957,1.3790029,-12.024889,-10.303679,-10.208054,2.5461447,1.7903311,6.0191336,22.158995,-17.563519,-42.404106,-2.2202413,-4.3411436,-18.12481,-10.848553,7.621157,-33.718594,-3.6749523,5.843435,-15.456899,23.939583,24.213455,1.2635479,19.930668,24.003452,36.49737,-34.723362,-4.8942842,-22.285334,42.77542,-2.881228,-20.55881,-1.4849294,-5.5657606,-5.1524444
4.781470187,3.489130435,3.136546185,222.5590535,146.0803651,155.6689747,155.0367744,154.99188,35.68554769,15.7392753,0.5293627655,71.18533849,0.02876418127,-0.3449783119,-0.05150798815,0.1076273212,1.347063237,1.501576152,1.346189467,0.8142249699,0.7874802565,1.071673043,1.34535056,0.7710199051,0.8457972942,0.5842026826,1.381131342,1.15581479,0.8911566344,0.8111243857,0.8763040238,1.156934711,1.002900428,1.176725569,1.01923203,0.9599020759,1.342137356,1.1434127,3.517547361,1.419941378,14.54803385,10.95880687,0.07428232473,0.2222222222,0.2539338937,0.5743191789,0.0,0.4530652259,6.666256248,0.0,0.0,0.0,0.0,0.0,0.0,22.09108738,0.0,0.0,0.0,0.5506359717,0.4679012346,0.09259259259,0.8238095238,-0.08538128538,4.169934589,35.45468631,24.26424042,4.983978521,0.0,6.066367068,31.18920547,11.49902367,6.9237372,26.64618123,26.31337114,0.0,0.0,0.0,22.99804733,27.5262362,1.740695932,1.593051857,61.84,0.7708333333,0.3333333333,0.2421264802,0.156875,0.0505952381,61.89693008,571.339037,23.42228331,1.235871091,0.2158373764,1.802496101,-0.3080488765,-0.3962345318,-0.6564783976,-0.7020800298,3.37,3.9,-4.1959486,0.49291566,11.24785,14.219607,-15.137255,-12.059227,6.583776,3.9825907,4.7002,2.8395457,4.5797315,8.311857,-6.81,-4.907209,19.906565,30.929852,7.745819,-2.6854057,-0.28502074,-5.3362503,1.8800085,-28.795794,-7.746997,1.996053,-19.168915,2.2462926,20.500118,9.598335,1.4197693,-12.089563,1.48722,1.4404185,-7.7124686,-5.886281,-5.07985,4.2474113,2.6146264,5.4091635,12.748297,-16.450993,-27.538912,1.081585,-1.7646419,-12.947939,-14.298717,6.4824805,-26.996702,0.0090171695,4.2588124,-9.747411,23.892122,25.815136,-6.294981,8.889612,24.51088,27.507421,-25.920145,-2.2314487,-11.892427,26.461317,-4.4583526,-15.501659,-2.5479732,-4.256408,-4.453068
4.848666003,3.558558559,3.49969475,218.431184,150.5752208,154.5195576,158.9065809,160.4429129,-13.84763314,11.13609467,-3.443786982,91.56728906,0.02082809754,-0.5901936955,0.1515404183,-0.09643419108,1.661689804,0.9288718366,0.9299383677,1.181247582,0.9444687431,0.8524031266,0.9103608847,1.120359591,0.9710457725,0.6852788529,1.096025829,1.04679803,0.9914672766,1.088669951,1.011595972,0.5161077978,0.4704970137,0.9378775593,0.9894244384,1.039550906,1.226224196,0.9771343654,7.008276699,1.434202279,14.63950728,10.95447882,0.08658969209,0.5805272079,0.441638319,0.8155034272,0.0,0.4323245357,1.957560358,0.0,7.296656436,0.0,3.410010524,4.203282323,0.0,0.0,0.0,0.0,0.0,0.4649502918,0.4697916667,0.015625,0.7657407407,-0.09406926407,4.944974093,28.81366083,16.0344346,9.778515705,14.98529578,12.14238718,49.39795972,0.0,13.46849361,5.316788604,32.20656318,6.544756406,5.907179729,0.0,12.1082079,17.14164666,8.061299199,1.512939576,126.39,0.9030555556,0.5755385488,0.3084057697,0.211882716,0.03528911565,83.97882496,565.2188065,30.89542096,1.506587814,0.9018592594,1.714414083,0.3953957612,-0.2438017622,0.07449998418,-0.8992168894,0.0,1.92,-10.86728,1.5047791,7.224337,16.126663,-21.255684,-16.064177,16.416208,4.711799,14.903739,12.674059,12.100081,22.038784,-5.1139197,-10.685305,27.640331,58.440487,17.604599,-4.938368,3.2637436,7.8158216,5.4948215,-41.387287,-1.4672588,-0.39241,-22.144182,8.28419,37.354843,17.002012,8.74008,-16.56,3.8292894,0.7521709,-17.620909,-14.597602,-12.354836,2.1811721,6.313821,7.506825,29.594263,-22.05921,-53.321842,-0.500705,-6.863249,-24.404804,-16.502329,11.043268,-41.52259,-7.1882377,9.826662,-20.106049,31.289436,29.15773,-1.3590207,26.967464,29.190624,43.45265,-41.86766,-5.1401744,-24.42375,55.158264,-4.588774,-24.152798,-5.664777,-7.5410852,-5.5965576
4.894812669,3.752212389,3.471590909,234.6008388,144.3883249,148.005064,155.5053319,155.116866,-8.664359862,11.06843522,5.00461361,104.7620402,0.01720817351,-0.4513845054,0.02880841363,-0.03139278588,1.340356809,0.7798679662,1.217253788,0.9039943173,0.9255995694,0.83050309,0.983004827,1.022591265,1.101725217,0.6678500757,1.155768076,1.021985572,1.002651557,0.9300025188,0.8842829706,0.587489822,0.8370462385,1.038742741,0.919282232,0.9937483748,0.9679550334,1.052322885,8.001919866,1.381898438,17.42477326,10.93671007,0.1305729684,0.3707908119,0.3813168503,0.8126320977,0.0,0.4327922232,1.92057956,0.0,0.0,0.0,0.0,0.0,10.33705855,0.0,0.0,0.0,0.0,-0.3457264764,0.4755952381,0.046875,0.7788515406,-0.07757219949,4.696455979,30.28035517,10.423316,14.95193556,4.390415048,12.13273414,67.58740788,0.0,6.9237372,5.316788604,20.05846296,0.0,0.0,11.56673267,27.84769069,36.65915542,3.34677797,1.712707257,70.93,1.055555556,0.4722222222,0.3247669438,0.205625,0.0474537037,68.35723961,551.4029768,27.49003623,1.345271041,0.4198524754,2.322007198,0.1506020025,-0.1724022778,-0.4860435534,-0.9175478109,3.15,5.58,-6.7889953,1.9556063,3.1479626,8.804894,-11.891902,-8.594108,9.620277,1.1064254,9.599102,8.053901,6.723934,13.275571,-1.0415866,-7.4864407,16.47139,33.233063,10.775059,-2.006875,2.3386738,4.4131107,3.9228792,-24.737175,-0.5536945,-0.52922904,-12.205983,3.315397,21.956028,9.872435,5.582358,-11.521505,1.2121415,0.15260202,-10.676651,-6.7974844,-7.3263636,2.1014411,2.5736399,4.841048,16.504892,-11.934839,-31.42045,0.20343228,-3.3859973,-14.043287,-9.070363,7.238371,-24.740921,-3.6749327,7.212401,-12.325057,18.086678,16.730473,0.6709709,15.862414,17.420038,24.883806,-22.33606,-3.8866093,-14.126235,30.689524,-1.6243511,-13.736633,-2.6491184,-5.4425178,-4.0253067
4.879024159,3.628318584,3.402625153,226.701812,146.2974315,149.9806667,155.869144,157.2207366,-47.20710059,11.13609467,-6.668639053,88.27294219,0.01644958013,-0.573278819,0.1449498114,0.1894116657,1.572180471,0.8603694995,1.104041214,0.5859573319,1.06925881,0.8616251006,1.00914102,0.9576720544,1.012745513,0.6852788529,1.033273028,1.058685397,0.9866071429,1.11341245,0.9924728215,0.5164457739,1.042424791,0.9430125552,0.9736194564,1.01593678,1.129808772,0.9584327358,7.008276683,1.400923668,14.55770457,10.94899447,0.09993708231,0.4971938746,0.441638319,0.8636506151,0.0,0.4323245357,1.959717879,0.0,0.0,0.0,3.443195704,0.0,0.0,0.0,0.0,0.0,0.0,0.4749606219,0.4760416667,0.0,0.7561904762,-0.08264069264,4.700936479,31.96357891,10.717646,19.74647275,4.983978521,24.26546827,48.8853911,0.0,13.34455882,0.0,30.82707233,6.420821623,5.907179729,0.0,11.98427311,24.52642128,3.876104416,1.649783106,110.44,0.9519444444,0.4462514172,0.3754251701,0.353125,0.03989651416,82.20630352,568.2255663,33.97575706,0.8745756098,0.4912868184,2.161813599,0.2180276611,-0.3595929688,-0.137255519,-1.066570371,2.43,4.97,-9.908409,1.9835743,5.7098126,13.823374,-18.570683,-13.705259,14.6783285,3.0740192,14.4148855,11.687261,10.299453,20.316525,-3.2081676,-10.245569,25.254995,51.316986,15.859472,-3.4359484,2.8360214,6.5554757,5.283778,-37.488804,-1.8725748,-0.61466336,-19.258772,6.2047715,32.98772,15.462156,7.710394,-16.102406,3.0147467,0.6513646,-15.518399,-11.606813,-11.0951605,2.6654615,4.2955475,6.988571,25.554714,-19.080606,-47.63826,-0.4883213,-5.499361,-21.28302,-13.803696,10.083228,-37.477673,-5.581064,9.293667,-18.245758,27.443617,25.972052,0.31003118,23.856594,26.39757,38.844936,-36.183857,-5.3022814,-22.27068,47.933422,-3.2089727,-21.53439,-3.934321,-7.2745585,-5.622468
4.84866222,3.730769231,5.94478738,234.3538628,149.0315359,159.5265694,155.6355357,157.8815434,-66.28172925,4.183391003,-1.868512111,154.1265422,0.02316642297,-0.6984026067,0.5912033734,0.03039864361,1.925320653,0.7199431353,0.7905382356,1.151685731,0.6233235681,0.6656400339,1.05840778,0.8352209648,1.029661927,0.9523047375,1.000050785,1.040733035,0.9704887742,1.159037559,0.9455025608,0.2529257445,0.953764349,0.9289252045,0.9655404074,1.087929268,0.9818075349,0.8370299167,8.007392488,0.60498389,17.43070829,10.31162828,0.2073156125,0.5805272079,0.2749716524,1.038749753,0.01102166785,0.4299329235,1.918979875,0.0,7.220510286,0.0,0.0,4.183249593,0.0,3.921625561,0.0,1.457532109,0.0,-0.2600960045,0.4683473389,0.02941176471,0.8821768707,-0.1506262573,4.887344949,34.57756726,10.05365156,4.983978521,14.98529578,35.61190719,42.82867707,5.13155848,19.83085246,5.316788604,27.67776379,6.544756406,6.362358859,5.749511833,11.67631489,17.14164666,3.240689369,1.428592537,76.74,0.8683333333,0.6380385488,0.2837144117,0.291882716,0.03958333333,86.30658525,661.309055,35.42207038,0.9644639617,1.260533931,1.869081269,1.003585513,0.3966786571,-0.2431783918,-0.9415403323,0.0,4.43,-7.494229,2.0222151,4.9728866,10.866441,-14.007669,-10.121748,10.471858,1.3608263,11.457838,8.251278,6.651842,15.185965,-1.6229602,-8.290223,20.698153,36.69585,11.643522,-0.84536713,1.8293136,1.9544291,4.320161,-29.81502,-3.9745004,-0.32519165,-15.277695,2.2209737,23.889772,12.19811,4.371262,-14.488329,1.8901482,0.7208444,-10.73647,-5.9170732,-8.0356,3.7236085,0.9952597,5.903329,16.868824,-14.491141,-34.95462,-0.43376988,-2.9673567,-15.094426,-10.248204,7.675723,-29.610785,-1.8465475,6.774424,-13.645291,21.42822,21.735596,1.0415587,16.072407,22.14145,30.08683,-26.18963,-4.6506305,-16.966572,32.896877,-1.698189,-16.63143,-0.8654359,-6.044952,-5.368162
4.814805348,3.704545455,4.194847021,232.4594881,144.7227279,147.5160065,153.9030889,158.3535104,43.6989887,6.431290898,3.530041642,88.14717408,0.02252518381,-0.6120048039,0.1186626501,0.114627386,1.517919242,0.6908396102,1.058018761,0.2821001767,0.8222143444,0.7661439631,1.006932066,0.7195069712,0.8656022048,0.7253674469,1.153148249,1.091151031,1.271914003,0.8754583856,0.7138913662,0.4849171343,0.3994307111,1.011461589,1.06469341,0.7548596531,0.9275797067,0.7937061844,8.001919869,1.432397384,17.42477227,10.94957568,0.1540712279,0.4353954059,0.441638319,0.6162743575,0.0,0.4371397847,0.0,0.0,0.0,0.0,3.296085365,0.0,9.054265439,0.0,0.0,0.0,0.0,-0.3155280302,0.4686067019,0.01851851852,0.805090312,-0.1042647296,4.315379908,33.19656922,10.09050592,4.983978521,14.16893075,12.13273414,48.53093655,0.0,0.0,0.0,26.02776825,0.0,5.969305288,11.38067233,11.51833249,36.65915542,3.372901092,1.64054541,78.87,1.202222222,0.2795493197,0.3567806752,0.275,0.03356481481,76.22777559,407.3670746,24.50755053,1.356765458,0.7668384381,1.623002601,0.5939711467,-0.0740671933,-0.1688572701,-0.7048237197,2.21,4.86,-7.180786,1.0023633,3.9206393,9.452966,-13.239004,-9.693197,10.720547,2.0478065,11.869126,8.48371,6.9683976,15.717775,-2.016559,-7.2008176,19.309715,36.63574,11.24105,-1.2037122,1.2293397,4.0104074,3.9451785,-27.686333,-3.2358518,-0.6368586,-13.943785,4.0786233,22.861315,12.27863,4.378841,-11.880779,2.9207344,0.90881425,-10.057779,-7.766195,-8.288129,2.3106337,1.2931329,5.0676837,17.821634,-13.836901,-34.492195,-1.4033321,-3.382064,-14.731349,-8.730709,6.5803885,-27.508347,-2.9233606,5.527242,-12.8354,19.378584,19.419254,1.4415029,16.424025,19.565777,29.267296,-27.130238,-4.2735357,-17.75865,34.180225,-1.9437175,-16.385525,-1.1900532,-4.953302,-4.429912
4.858724972,3.686868687,3.212059621,230.5848719,148.2300298,152.8073423,156.6360981,156.3308786,-9.914088829,9.401991852,-7.184246265,87.60467455,0.01271383553,-0.4467240567,0.08258669654,-0.04503994143,1.519419663,1.031644065,1.178931684,1.273352267,0.8447895897,0.8872279518,1.013915069,1.063851247,0.9841864176,0.6613441008,1.030594557,1.161569932,1.124284971,1.202205712,1.138338534,0.8122685379,1.110309601,0.8538989269,0.9252444689,0.980689543,1.121057748,0.9189730928,3.066005337,1.197964042,14.69645343,10.31321831,0.09620444119,0.586770121,0.3928227826,0.7985220372,0.0,0.4314657775,1.96231655,0.0,0.0,0.0,0.0,0.0,0.0,0.0,5.60688723,0.0,0.0,0.7497935038,0.4877777778,0.01666666667,0.7860215054,-0.09281197574,4.533861863,33.84052441,5.316788604,4.983978521,14.18117935,24.26546827,61.10326455,10.75961411,6.9237372,5.316788604,34.47495837,0.0,0.0,0.0,5.112436885,9.197200829,5.326671766,1.534280837,72.93,0.9169444444,0.6137329932,0.3169721592,0.189382716,0.03623188406,81.71603792,627.7489573,24.61839711,0.8525387862,1.075044697,1.255657603,0.3154873102,-0.2042082484,-0.07284953301,-1.074762671,2.86,3.36,-7.1551456,-0.15098733,2.9755726,7.635398,-12.263377,-8.391079,10.567159,1.6998711,14.6418705,8.304076,5.358418,17.444248,-0.89558566,-6.514295,20.669407,33.336975,10.190225,2.0763159,-0.46812457,1.8187706,4.181254,-27.179184,-7.396877,-1.245783,-12.886341,2.559309,19.035389,13.973204,1.289178,-11.812856,4.3725414,2.1576686,-6.945855,-5.413412,-8.292902,3.283952,-3.2003536,5.0668755,15.159994,-12.902321,-32.838066,-3.9334314,-2.1026397,-12.429056,-5.1081324,4.6021957,-26.914322,-0.33436596,2.6926763,-11.427495,16.934599,19.807182,4.649679,13.686464,19.410675,29.927664,-27.441635,-4.864479,-20.746952,31.019455,-0.6660719,-17.132193,3.2444122,-4.045602,-5.1800847
4.893937783,3.727272727,3.011784512,223.248414,144.7140155,151.5170365,154.7185566,153.5657036,13.0182615,10.8531775,-3.80788897,59.37314014,0.0146557676,-0.2117518127,-0.1157561682,0.02450654465,1.176481269,1.444496739,0.6927426529,0.7141105896,0.806168365,0.9575459904,1.040133297,0.8887250274,0.9445358546,0.518961039,1.213155675,1.259082689,1.075894837,0.8874009108,1.000081169,1.088774751,1.102692458,1.076025299,0.8998686643,0.9687822183,1.111945933,1.004907652,3.513557274,1.399905568,14.69232466,10.9459449,0.07587720504,0.5386030745,0.2823601614,0.4695865375,0.0,0.4345801857,1.675285231,0.0,4.246591317,0.0,0.0,0.0,0.0,5.24688712,0.0,0.0,0.0,0.8495296097,0.4787878788,0.02272727273,0.7893939394,-0.06444444444,4.37824019,24.72911526,4.736862954,9.665781456,0.0,24.27512131,35.90493987,0.0,6.544756406,7.109797541,21.87426081,6.544756406,0.0,0.0,0.0,13.30664111,6.045632847,1.713184827,39.94,0.6605555556,0.2777777778,0.1441326531,0.05469135802,0.04064542484,72.43458935,493.3790019,20.31861007,0.877796797,0.5055820387,1.089260755,0.4498160765,0.02660532557,-0.2349334379,-0.740441615,3.06,3.2,-4.6896734,-0.03353682,2.6704602,5.091762,-7.459581,-5.3705626,5.993635,0.47199592,8.145408,4.659904,2.7830853,9.504747,-0.48833784,-4.5549736,13.21953,18.610537,6.297984,2.1864374,-0.02898469,-1.2342952,2.518232,-17.494692,-5.6495657,-0.33448017,-8.528099,-0.08507644,11.485994,8.362234,-0.008158892,-8.467757,1.7372663,1.6688814,-3.7112188,-1.709065,-4.8637986,2.6901171,-3.022594,3.6655183,7.7735057,-7.7237797,-19.097996,-2.2001672,-0.6550555,-7.18565,-4.249905,3.2379284,-17.09436,0.74595445,1.7161978,-6.252476,11.741171,13.716534,1.7903802,6.6703897,13.851889,17.979994,-15.764417,-3.307983,-11.848562,16.288353,-0.42151386,-10.110264,2.8391395,-2.8375041,-3.7205703
4.840549811,3.156716418,2.90846739,191.4580413,148.6684509,154.6095184,162.2122103,164.832373,-15.53097407,6.826272695,-4.326094696,107.859061,0.01300006041,-0.2749013998,0.03540395683,-0.09328952318,1.329498302,1.263364001,1.181500545,1.279091278,1.125719531,0.8187674313,1.127243629,1.176812172,0.975686314,0.7978195801,0.9668872326,0.9856735589,1.080201477,1.162243858,1.008409187,0.5965329162,0.8096728722,1.043957593,0.9667850681,0.7825482481,1.141316461,1.007854241,8.001919149,1.216307925,17.42477348,10.95005715,0.077329588,0.5131164885,0.3003491901,0.9419825573,0.0,0.432942848,0.0,0.0,0.0,0.6271483954,0.0,0.0,0.0,0.0,0.0,0.0,0.0,-0.3638821358,0.4806451613,0.04838709677,0.803030303,-0.1018788411,4.916230832,29.99488542,10.63357721,14.64975998,4.390415048,11.60093989,68.24726451,0.0,19.38639965,18.40630142,32.8379546,6.544756406,0.0,5.817220841,22.19791885,24.52642128,7.733259611,1.566411543,67.66,0.7052777778,0.3160430839,0.2439058957,0.2025,0.04441550926,80.98620389,611.2717954,29.47250363,0.8118178495,1.589481564,1.228229738,0.0316464718,-0.2388430203,-0.3654605722,-0.8006874655,3.67,4.18,-7.269923,0.39737695,2.2778592,6.994198,-11.466015,-7.4342213,10.214851,0.7327447,14.427884,8.400914,5.003982,16.814875,0.24459454,-6.9741726,19.867617,31.147528,10.029876,2.6018426,0.089874335,1.5460483,4.316113,-26.169062,-6.8089767,-1.3243546,-11.817228,1.3179507,18.25759,13.142961,1.5714399,-12.390709,3.4733014,2.0269349,-6.839091,-3.9742684,-7.9597898,3.5675352,-3.6963768,5.163859,13.915367,-11.67848,-31.397459,-3.5224931,-1.7514901,-11.781665,-4.783652,4.834178,-26.007706,-0.00816045,3.3698254,-11.215934,16.148636,18.799614,5.2262464,13.187885,18.84031,28.143616,-24.836895,-5.032457,-19.55583,28.517134,-0.01510489,-15.897747,3.5870883,-4.385021,-5.3552833
4.897288225,3.371428571,2.830882353,212.3884238,146.1153623,153.272376,155.6193201,166.5220706,-42.43458579,14.49705749,-15.54594839,77.19567328,0.01097656346,-0.5004129183,0.2651067204,-0.307108869,1.525196161,1.089967304,1.101795055,0.9988864666,0.5759215975,0.8390992282,1.080948831,1.227084527,0.9774296529,0.7854029062,0.9588035478,1.380405108,1.456853876,1.101258312,1.114942587,0.6691494638,0.7996310991,1.003365098,1.173292129,1.040873529,1.295409794,1.08271177,3.046653978,1.183765089,14.55742367,10.95053359,0.09579455114,0.393931682,0.7079843543,1.830385344,0.25,0.4280977518,8.439110204,0.0,0.0,0.0,3.502142227,0.0,0.0,0.0,0.0,0.0,0.0,0.8894241308,0.4807692308,0.0,0.7592592593,-0.06572504708,4.245038319,31.98519802,4.983978521,14.95193556,4.983978521,32.90394574,31.18920547,0.0,33.10993927,0.0,24.9198926,5.414990469,0.0,5.414990469,0.0,12.39368714,3.413314497,1.663259325,67.35,1.104444444,0.6215632086,0.3527336861,0.156875,0.03488756614,75.45396219,547.1301404,26.02241899,0.6830322579,0.4447490058,1.535383668,0.2213948411,-0.167566844,0.1915748574,-0.8496291209,2.82,5.2,-6.547254,1.0736555,2.858468,7.785294,-11.330383,-8.03328,9.453032,0.9815549,11.43083,7.8157716,5.7948537,14.439914,-0.73522127,-6.80581,17.34327,31.400517,10.0635605,-0.1263891,1.1035242,3.1359336,3.8832855,-24.577305,-3.3616412,-0.840564,-11.7424135,2.5997128,19.647114,10.97405,3.6218405,-11.184107,2.3796632,0.9268695,-8.592193,-5.741268,-7.506341,2.4438868,-0.16590512,4.6721973,14.999923,-11.568178,-30.362036,-1.5640255,-2.443484,-12.580758,-6.885285,5.8526335,-24.475468,-2.0085366,5.054439,-11.298668,16.679111,17.008059,2.4657974,14.112599,17.3837,25.670233,-23.194382,-4.2531695,-16.161531,29.055456,-1.0090828,-14.407969,-0.06699917,-4.6538553,-4.312599
4.837243589,3.6,4.241512346,221.9577835,151.6958674,155.4356208,164.6616636,164.6938987,-20.77777778,5.537414966,3.181405896,115.2841378,0.02225064749,-0.4354855026,0.04180016019,-0.002019496567,1.435372209,1.006220632,1.13839954,0.8241117144,1.192844811,0.8331132629,0.9935791218,1.012764085,1.022240058,0.7914868106,0.9807553957,1.065774439,1.002010157,0.9725719424,0.8539859289,0.562716927,0.6970083708,1.141719693,0.9247523289,0.97047805,0.9936344724,0.9878453589,8.002961619,1.420165358,17.42581605,10.95058275,0.09718800562,0.4110544159,0.3003491901,0.6952035878,0.0,0.4352001174,0.0,0.0,0.0,0.0,0.0,0.0,0.0,0.0,0.0,0.0,0.0,-0.5670867609,0.4573129252,0.05357142857,0.8353302611,-0.1527537938,4.832560875,29.54628285,11.05045608,19.44429716,8.780830095,0.0,36.39820241,0.0,6.544756406,5.316788604,25.65562151,11.33929359,17.54162141,17.80213589,22.40817398,30.59278835,4.701148846,1.433890506,98.72,0.8094444444,0.3620323129,0.2431342908,0.210316358,0.05103359173,77.4304137,414.6825361,26.18100388,0.8397485586,0.3503479212,2.093177045,0.5301394183,-0.004124978304,-0.3858428508,-0.8186525216,2.03,2.49,-8.677416,1.3406315,5.4058714,12.4526825,-16.576212,-12.491203,12.935646,3.309993,12.021653,10.1605,9.417887,17.506142,-3.5983324,-8.693129,21.875376,45.74087,13.993475,-3.6273408,2.6217382,6.092192,4.4615326,-32.716682,-1.1843209,-0.3533158,-17.25697,6.1980295,29.410358,13.447129,6.9222264,-13.427944,2.8178174,0.57346165,-13.856486,-11.105746,-9.792943,1.8603172,4.5686817,6.0064774,23.132599,-17.126059,-42.03235,-0.39585936,-5.19705,-19.10376,-12.788058,8.838983,-32.78475,-5.5497475,7.9690537,-15.858679,24.573555,22.877504,-0.71077085,21.179369,23.084265,34.131905,-32.555332,-4.307225,-19.311964,43.042248,-3.3692143,-18.976957,-4.2417846,-6.1298532,-4.5500956
4.883734558,3.680555556,3.171644763,228.7140895,145.6443485,151.1224196,158.09036,158.2644884,-35.19478738,7.252314815,-5.956790123,67.03703341,0.01585094849,-0.5674684133,0.1086914583,-0.05985811902,1.591127058,0.9993836702,1.322033993,0.7829927359,0.8424702755,0.8562857932,1.215827285,1.143526892,1.087864322,0.6397562833,0.9653465347,1.169554455,1.255625563,1.311173975,0.9566103669,0.8324883492,1.210242508,0.9314872156,0.8754117466,0.7116417386,1.17323192,0.8624864651,3.048003442,0.6101412682,14.55571024,10.3117069,0.1225138149,0.4268434734,0.2194160968,0.5919836231,0.0,0.4343394744,1.969422057,0.0,0.0,0.0,0.0,4.685046296,0.0,0.0,0.0,1.552309802,0.0,0.8250290795,0.4927536232,0.02173913043,0.7777777778,-0.0833015873,4.551462154,27.08446216,5.316788604,4.983978521,15.29317186,18.19910121,25.12283841,10.84324348,6.9237372,5.316788604,15.80357683,0.0,0.0,0.0,5.835619786,23.73047302,4.261869069,1.551327734,64.27,0.5902777778,0.2639243197,0.1360701688,0.07625771605,0.03410947712,71.04622485,482.0749836,26.06868342,0.9084227058,0.3110147095,1.836569155,0.3605592316,0.03088999046,-0.1474941292,-0.7785318988,2.78,4.01,-6.2931743,2.2135758,2.6639729,8.076976,-10.669455,-7.7407255,8.610512,0.75281787,7.8473577,7.4099975,6.352524,11.330398,-0.6647683,-7.121014,14.149439,30.14669,10.008081,-2.429885,2.747004,4.4740877,3.7107522,-22.02721,0.8794562,-0.3854617,-10.822633,3.0059257,20.5536,8.259019,5.8794246,-10.605263,0.36285055,-0.23765606,-10.480387,-6.241526,-6.4903564,1.8096588,3.263733,4.4341273,15.239161,-10.439157,-28.422552,0.979922,-3.3123922,-13.123143,-8.944349,7.193545,-22.058086,-4.0094824,7.647685,-11.379176,16.65158,14.571925,0.059918225,14.8506775,15.40853,21.469278,-19.06415,-3.4462976,-11.629571,27.696438,-1.547036,-11.821226,-3.3850338,-5.3536296,-3.509995
4.848666003,3.598130841,3.373942294,230.3952196,148.0103313,152.3722909,154.5546233,156.7303088,-18.79477979,10.85274894,-4.282199154,92.45596396,0.01850997732,-0.6302646196,0.1324729269,0.005767519995,1.681414535,0.8215734086,0.9064609744,1.002224369,1.054101828,0.8896740737,0.9885072594,0.9998426399,0.9883749645,0.6826911885,1.060376704,1.05589752,1.088348271,1.090964493,1.033431616,0.5458088391,0.6358659936,0.9194099983,1.00261432,1.073250507,1.110554208,1.003844652,7.00827662,0.6049843589,14.63946922,10.31162842,0.09330061666,0.5805272079,0.441638319,0.9984880308,0.0,0.4323245357,1.964201672,0.0,7.4293965,0.0,0.0,4.216933667,0.0,0.0,0.0,1.55389175,0.0,0.4875891807,0.4833333333,0.015625,0.7752380952,-0.09560825648,4.902146665,30.09484751,11.05045608,9.778515705,14.98529578,35.61190719,42.82867707,5.13155848,13.46849361,5.316788604,27.22258466,6.544756406,5.907179729,0.0,12.1082079,28.47843254,8.212963268,1.512680149,110.6,0.9030555556,0.5755385488,0.3084057697,0.211882716,0.03528911565,83.97882496,582.7841872,30.12978517,0.3288324493,1.158076518,1.321220577,0.5252566033,-0.03274755212,-0.4785737167,-0.7717788264,0.0,3.04,-9.702149,1.7782747,6.0410132,14.1641865,-18.526802,-13.996926,14.40657,3.686297,12.883878,11.374266,10.730962,19.127508,-3.9898725,-9.856208,23.983505,51.273937,15.7617235,-4.5052752,3.3332417,7.1215324,5.0065403,-36.365826,-0.4608161,-0.37546054,-19.23117,6.978587,33.29436,14.509395,8.255292,-15.004432,2.7859058,0.42473406,-15.988506,-12.583715,-10.874645,1.9635309,5.853218,6.698353,26.124928,-19.023184,-46.972065,0.076103926,-6.0362883,-21.629826,-14.782088,10.17596,-36.513992,-6.6345444,9.515855,-17.900322,27.601242,25.26323,-1.2168679,24.0665,25.61205,37.612446,-35.832085,-4.702523,-20.872751,48.24005,-3.83673,-20.842323,-5.3994937,-7.0246696,-4.9972334
4.859068625,3.855769231,6.173845194,240.1371359,150.9427908,160.4482422,157.2124529,157.9020027,14.02511854,4.019992311,-5.303344867,156.4491924,0.02245942756,-0.6536291568,0.6036731526,0.0668815408,1.887420931,0.7095128323,0.7450943237,0.7954251957,0.7914746016,0.649129647,1.055717632,0.8214979576,0.8592347762,0.9550071824,1.010103751,1.025165305,0.9774692278,1.065712978,1.039315275,0.2389714991,0.8999561306,0.9018911014,0.9153788709,0.9791477113,0.9801324676,0.8269007663,8.00739318,1.197958066,17.43070964,10.3132174,0.2116435251,0.5680413817,0.3928227826,0.9810426578,0.01102166785,0.4294393512,1.889656709,0.0,0.0,0.0,0.0,0.0,0.0,3.901256179,5.516129509,0.0,0.0,-0.3268286424,0.4663945578,0.02857142857,0.8882275132,-0.1717326475,4.887344949,35.24491142,10.05365156,4.983978521,14.18117935,6.066367068,73.23599868,10.75961411,13.28609606,5.316788604,40.83731723,0.0,6.362358859,10.86194872,22.72241949,16.90908504,0.2665202855,1.385260978,82.16,1.118333333,0.7387329932,0.4348702444,0.3165740741,0.04205974843,87.51665402,684.8115367,35.31762793,1.653231091,1.052793975,1.534696123,0.6946878066,0.1505328645,-0.0007803478146,-1.605944026,3.62,3.97,-8.140211,0.3844409,4.849743,10.213706,-14.94026,-10.25449,11.935637,1.9078277,16.141533,8.967351,5.906349,19.306164,-1.5156002,-7.8577332,24.913277,38.55591,11.630169,2.368409,-0.27380815,0.27146387,4.674633,-32.980324,-9.4726,-1.0933521,-16.25512,1.7486765,22.534788,16.003187,1.3254116,-15.22576,4.5140767,2.507124,-8.290608,-5.212307,-9.224211,4.7214527,-3.5813603,6.4081826,16.572733,-15.742797,-37.79432,-3.7904406,-2.1662827,-14.437307,-7.342584,5.821147,-32.534492,0.5761332,3.4545498,-13.527559,21.231373,24.969728,4.41081,15.215133,24.569382,35.3747,-31.468674,-5.574316,-23.233458,34.89456,-0.8819129,-19.992916,3.9574714,-5.1231976,-6.6085615
4.876787905,3.546218487,3.296985816,225.5138161,144.9101629,149.6235346,155.8896455,156.9936431,3.404663923,9.419753086,0.1234567901,91.64075312,0.01278863019,-0.3691494043,0.02775912726,0.2031939835,1.349563057,1.119943861,1.224695753,0.9409701102,1.129988479,0.8941627778,1.106768635,1.037990752,0.9942266759,0.7145084373,1.023422135,1.096601154,1.120611702,1.107031655,0.9753345916,0.5242962607,1.006327488,0.9314642644,0.946112472,1.028320284,1.08431492,1.063908435,7.008273932,1.420015222,14.69238603,10.93106299,0.1073913263,0.4971938746,0.2749716524,0.8734211479,0.0,0.4364434561,1.935183324,0.0,0.0,0.0,0.0,0.0,0.0,0.0,0.0,0.0,0.0,0.4840531564,0.4774509804,0.01470588235,0.779047619,-0.08189572551,4.759064585,31.41548497,5.316788604,19.44429716,0.0,24.26546827,61.01812524,0.0,13.46849361,5.316788604,25.65562151,11.33929359,0.0,12.45193614,16.94476576,35.14411478,3.634142302,1.663244827,96.49,1.111666667,0.536529195,0.4323664651,0.288757716,0.04310796646,84.36464873,652.6949851,33.12812966,1.227185169,0.2873471083,2.24563283,0.2680654904,-0.5187121316,0.01296560658,-0.8249018884,3.21,4.48,-8.848012,2.330656,4.7381015,12.21147,-16.235743,-11.86712,12.859129,2.2115128,12.250399,10.475247,9.1586275,17.459154,-2.291142,-9.535089,21.761421,45.01054,14.2244,-3.344151,3.0604653,6.090252,4.877915,-32.832275,-0.56407416,-0.55035716,-16.657911,5.150605,29.513454,13.03569,7.539884,-14.679841,1.9292619,0.21714693,-14.344534,-9.929955,-9.661795,2.4501145,4.2956862,6.2846556,22.534342,-16.422283,-41.92478,0.28802267,-4.912551,-18.978212,-12.547334,9.47689,-32.86728,-5.2912545,9.281643,-16.404444,24.289488,22.40125,0.1718272,21.405476,23.059162,33.360428,-30.576794,-4.7533607,-18.662075,41.851948,-2.676584,-18.392723,-4.1070094,-6.9307985,-5.0280023
4.85960534,3.767676768,3.197029007,241.2091734,148.0907525,152.6340949,156.313344,155.935428,-1.803665141,9.349932096,-6.400633771,86.70222862,0.0128045106,-0.4572122123,0.07899585575,-0.05264030584,1.527393829,1.060765094,1.162888606,1.288477371,0.8752019406,0.8872323928,1.004651851,1.050246921,0.9720526578,0.6771406928,1.054602488,1.122729478,1.079192979,1.129139511,1.116337296,0.8207385016,1.102958026,0.8330669198,0.9227624651,0.9228518586,1.119452489,0.9258480503,3.066006625,1.197958333,14.69645642,10.31321812,0.0952834448,0.5680413817,0.5106739128,0.9510209052,0.0,0.430872001,1.950410878,0.0,0.0,0.0,0.0,0.0,0.0,0.0,5.607874885,0.0,0.0,0.5787615209,0.4950844854,0.03225806452,0.8047619048,-0.1105046463,4.702693107,33.21853575,5.316788604,4.983978521,14.18117935,29.8000411,61.10326455,10.75961411,6.9237372,5.316788604,34.47495837,0.0,0.0,0.0,15.82245647,15.2635679,5.268556292,1.487602608,72.93,1.028055556,0.6545493197,0.4157375913,0.229382716,0.03784013605,82.94391709,645.1625866,24.17296101,0.6083393922,1.203734206,1.263741638,0.5832354684,0.002652127421,-0.265611952,-0.7275748455,3.64,4.0,-7.1246653,-0.19373575,3.0108445,7.6379337,-12.261899,-8.4124975,10.545696,1.7584769,14.604487,8.264426,5.3507757,17.421719,-0.96624875,-6.4517055,20.640186,33.325817,10.154091,2.05019,-0.50847524,1.8164814,4.158844,-27.123915,-7.426294,-1.2413467,-12.898536,2.6135604,18.985163,13.975206,1.2458036,-11.718723,4.416394,2.1686614,-6.9101005,-5.471628,-8.283711,3.2582347,-3.1779115,5.0422425,15.158241,-12.924975,-32.78562,-3.9583492,-2.110137,-12.4080715,-5.099365,4.559781,-26.857962,-0.34110457,2.618295,-11.38315,16.90868,19.792385,4.603504,13.643005,19.366917,29.918625,-27.49767,-4.831249,-20.75088,31.032207,-0.7045469,-17.139809,3.2311938,-4.000006,-5.1522193
4.855222899,3.546511628,3.273569024,223.4270567,143.9190223,146.1018162,154.0845471,156.1793365,23.72057857,7.159763314,-0.8284023669,62.46764447,0.01916955502,-0.4448537678,-0.02892808684,-0.07506031486,1.346208543,0.805629926,1.396193927,1.108161458,0.7789563773,0.9054252199,1.16427588,0.9763345656,0.9151274974,0.6486344538,1.245981532,0.9945728291,0.930510167,0.8956486704,0.9974083896,0.6888466757,0.777435047,1.040049847,0.9819441881,0.9808211923,1.026975255,1.014867223,6.002807773,1.381899691,14.54937327,10.93671092,0.1603666013,0.3214781694,0.2730118646,0.4949846176,0.0,0.4373949292,0.0,0.0,0.0,0.0,0.0,0.0,10.17030951,0.0,0.0,0.0,0.0,0.2087397831,0.4805555556,0.04166666667,0.7448717949,-0.05746943115,3.899408685,34.60446232,10.423316,9.967957042,0.0,36.39820241,30.33183534,0.0,0.0,5.316788604,15.07448444,0.0,0.0,5.749511833,5.386224214,24.52642128,3.49732946,1.754648317,58.04,0.5833333333,0.2274305556,0.1809019904,0.085625,0.04440789474,58.73923509,467.7143654,21.70862663,1.037471582,0.3039448977,1.434996066,-0.05117055834,-0.300138395,-0.2285010423,-0.7471076458,2.54,3.7,-5.573916,1.602943,2.579404,7.236191,-9.684914,-7.1339946,7.802674,0.9419208,7.3915615,6.5896053,5.628183,10.505728,-0.96071106,-6.143887,13.068939,27.197857,8.905324,-1.9941297,2.1306853,3.834075,3.1805735,-19.963892,0.11394876,-0.33529004,-9.941192,2.8994112,18.222778,7.783161,4.8481064,-9.225794,0.770043,0.012615055,-8.978424,-5.8238993,-5.9718637,1.5094874,2.563888,3.913871,13.738702,-9.661336,-25.596828,0.40028438,-2.8944252,-11.63839,-7.7727323,6.0980043,-19.973871,-3.4305599,6.167669,-9.98566,14.9261055,13.401147,0.09880853,13.098448,14.036152,19.886189,-18.009731,-3.0904956,-11.074132,25.171696,-1.4893169,-11.000845,-2.6908503,-4.4980235,-3.1131566
4.848683342,3.5,3.000658899,222.3919265,147.0871539,153.0097775,155.3161335,157.6064265,-35.62968889,9.1536,-5.5012,91.41802687,0.01524651028,-0.4581291007,-0.02481871828,-0.01165692595,1.512611824,1.100022337,0.9665187943,1.173037282,1.127370822,0.9806950651,1.052115352,1.083858226,1.032919741,0.7143690226,1.005312043,1.151394778,1.054408677,1.244650643,1.041509977,0.6109231788,1.222195399,0.9495193098,0.9996044492,1.184225849,1.116281435,0.9489375119,6.027276297,0.6049844314,14.63947942,10.31162855,0.07931505811,0.5805272079,0.2749716524,0.9652946778,0.0,0.4340286995,1.978921121,0.0,7.884040334,-0.01183121803,0.0,4.358917274,0.0,0.0,0.0,1.58805301,0.0,0.6492243223,0.488172043,0.01612903226,0.7686868687,-0.0884610814,4.98875844,28.95208964,5.316788604,15.41868244,9.976383254,35.61190719,42.82867707,11.29733409,19.63426922,5.316788604,27.48118054,6.544756406,0.0,6.165775612,12.1082079,23.74168831,7.872209116,1.556515455,89.23,0.7294444444,0.5130385488,0.2711404006,0.269382716,0.03679078014,82.7928273,646.1699673,26.0884089,-0.2129104467,0.4755866073,1.096332069,0.5650146313,-0.233668316,-0.1195685686,-0.4318516379,3.32,3.87,-8.03711,1.1268965,4.5358176,10.786302,-14.911939,-11.050661,11.962081,2.512598,12.648675,9.4703455,8.074833,17.176981,-2.5664933,-8.029766,21.166471,41.342392,12.666976,-1.9413946,1.6641957,4.865444,4.3092594,-30.72076,-2.881343,-0.61059904,-15.663944,4.9152365,26.019022,13.335969,5.3197002,-12.9439125,3.0851595,0.9119213,-11.710479,-9.189101,-9.227795,2.2841191,2.248846,5.6247573,20.352493,-15.533122,-38.660217,-1.2506471,-4.0716653,-16.797173,-10.3539915,7.5982704,-30.596544,-3.8464875,6.5129447,-14.40498,21.946032,21.486193,0.9332223,18.695927,21.694193,32.34461,-30.30685,-4.5467577,-19.316692,38.687183,-2.4366426,-18.08399,-2.069546,-5.5525455,-4.7073746
4.853876764,3.828947368,3.856135987,228.7129341,148.3867578,154.5298377,157.8299594,158.049454,15.966759,9.869806094,-3.850415512,62.43560312,0.03115705194,-0.5437894286,0.1304179118,-0.1813356503,1.562736294,1.103380711,0.8046443056,1.048937394,0.8298191316,0.8654672497,0.8969234096,1.065580908,0.974046654,0.6494826312,1.081168831,1.192894554,1.201298701,1.155679763,0.9979619947,0.570451943,0.8503505921,0.8469953429,0.9529762349,0.9864705506,1.30729115,0.8583123023,7.00827491,1.454781307,14.5583261,10.9595763,0.1069876433,0.4847080484,0.441638319,0.6240609067,0.0,0.4301553163,1.89518923,0.0,0.0,0.0,0.0,0.0,0.0,10.74611593,0.0,0.0,0.0,0.1721971844,0.4625,0.0,0.8192307692,-0.1245454545,4.504120605,28.0838837,15.20739338,9.361636832,9.967957042,6.066367068,31.18920547,17.32342816,6.9237372,6.792942306,27.23517873,0.0,5.907179729,12.4868703,23.01735616,10.76394322,1.596443689,1.489651553,92.26,0.83,0.4452947846,0.2524644117,0.120632716,0.03997747748,74.70592296,390.023197,25.45196233,1.131927804,0.6025702551,1.385145633,0.3446451667,-0.07726935451,-0.1319974112,-0.6276550115,2.55,1.99,-7.7427797,0.55589294,9.320593,15.243213,-17.87168,-14.624262,11.158037,4.8555837,9.413863,7.9705167,8.580023,14.700969,-6.75048,-7.704793,22.95233,44.170105,12.982205,-4.0935,2.4019053,1.4482038,3.5152082,-34.101646,-4.2270947,1.3497488,-20.608467,5.1172543,28.714113,12.746965,4.6768656,-13.666701,2.7194397,0.9672803,-12.424418,-10.457447,-8.856949,2.5962808,4.977981,6.3057256,21.44653,-19.286705,-39.61046,-0.006318286,-4.3439307,-18.48399,-15.915025,8.706934,-34.221317,-4.3812456,6.621525,-14.234277,27.738472,26.94361,-4.821637,17.819708,26.50577,35.09824,-33.815426,-3.5329304,-17.442402,40.39935,-4.8523045,-19.47644,-4.662072,-5.6644664,-4.33926
4.814735277,3.679487179,3.563492063,228.947131,145.8395111,149.1260098,155.9424091,155.8651756,6.816654492,5.756026297,-0.6990504018,85.2828526,0.01186379532,-0.254495542,-0.02581789209,0.002589759106,1.15227982,1.140158464,1.315378389,0.8060641106,0.9102081961,0.8586754242,0.9879752431,0.9006085193,1.009877265,0.6632554945,1.243237532,1.032121724,1.011133603,0.9417420814,0.9613522071,0.649900382,0.5451722538,1.054599965,0.9579153283,0.925331737,0.8904795362,0.7821487931,8.001918079,1.427567903,17.42477174,10.9489659,0.1231618762,0.4048115028,0.2749716524,0.4868306735,0.0,0.4373949292,0.0,0.0,0.0,0.0,2.902022936,0.0,0.0,0.0,0.0,0.0,0.0,-0.261872772,0.4744047619,0.02083333333,0.7925714286,-0.08689046802,4.438390527,26.28829917,0.0,15.06663885,4.390415048,6.066367068,54.09438804,0.0,0.0,0.0,20.16532066,0.0,0.0,5.817220841,0.0,24.52642128,5.320734706,1.667042088,54.46,0.66,0.267396542,0.1645408163,0.06655864198,0.02758487654,72.22458624,468.5113479,21.48029924,0.9028826661,0.2710355132,1.348122637,0.506919913,-0.04331267518,-0.2132566125,-0.8292339329,2.02,4.88,-5.3948803,0.8801749,2.1730263,6.202073,-9.132278,-6.457443,7.718371,0.6694773,9.380576,6.4340878,4.6763563,11.771958,-0.4254344,-5.6338377,14.103219,25.357237,8.241062,0.03648591,0.92175055,2.5080466,3.2207904,-19.966356,-2.720349,-0.6768436,-9.454958,2.0289178,15.970204,8.970674,2.925941,-9.224183,1.8434298,0.73518956,-6.910926,-4.5161967,-6.1283655,2.0001173,-0.30260217,3.8054926,12.155221,-9.283736,-24.643744,-1.2994065,-1.9154917,-10.182651,-5.498216,4.774082,-19.860888,-1.6256355,4.142949,-9.132457,13.525483,13.779354,2.1196852,11.447876,14.127858,20.786264,-18.663244,-3.5747418,-13.151279,23.42296,-0.73793155,-11.686698,0.026547983,-3.8213568,-3.5309422
4.8182335,3.229007634,2.882211538,195.8324633,146.8786299,155.1746061,158.6528003,156.2904256,-7.565096953,9.12773161,-0.8984302862,90.39180594,0.01620044691,-0.2306819413,-0.1324211295,0.008211280229,1.211696035,1.529375006,1.149639132,0.7985112327,0.7836796445,1.147150408,0.9350690234,0.9235996782,0.9141220691,0.6738199193,1.247401128,0.8189539246,1.075867141,1.133682431,0.8941328263,1.184949384,0.9920684756,0.8951572436,0.8833507624,0.859679555,1.273465479,0.8323483099,3.511592327,1.370797007,14.69086714,10.94877949,0.0762695301,0.5068735754,0.2749716524,0.6499918594,0.0,0.4407029439,0.0,0.0,0.0,0.0,2.967866825,0.0,0.0,11.30849591,0.0,0.0,0.0,0.825709174,0.4739583333,0.015625,0.7949494949,-0.07828974678,4.66966611,31.85410782,9.473725908,19.96654858,0.0,6.066367068,54.09438804,0.0,0.0,39.45491511,64.5201455,4.736862954,0.0,0.0,6.606881965,6.196843572,5.497512117,1.638978904,76.16,0.8405555556,0.267396542,0.2091364324,0.154683642,0.02245862884,81.45550337,645.7779872,29.37696883,1.512481377,0.7182672636,1.036960535,0.269895088,-0.5322672296,-0.1788724259,-0.7893227442,2.87,4.61,-9.074229,-4.5818095,5.891716,7.0173216,-13.982314,-8.808743,11.503036,3.6536617,18.774607,9.170504,4.0132594,20.815763,-1.3543085,-6.1170917,28.765644,32.12448,10.499878,9.860309,-3.0844316,-5.3491383,4.419624,-31.816607,-19.847038,-2.001517,-15.005733,-2.252474,14.724614,19.334658,-7.2064886,-12.519727,7.196044,7.0678506,-1.5346295,-2.2878795,-8.713395,5.6435914,-13.32647,7.309442,10.433433,-14.334058,-35.124958,-9.21855,-0.47121128,-12.153999,-5.247084,2.01692,-32.891148,4.541174,-4.294731,-9.087929,19.11118,28.709227,6.103311,7.3086977,27.6583,37.0994,-36.33295,-5.3435144,-29.31886,29.11737,-1.3441899,-21.766726,14.876907,-3.3804464,-8.359307
4.850482361,3.73,3.430268447,229.7246182,145.6016788,150.0506471,153.5691813,156.2608888,-51.97010031,12.71527778,-11.52256944,80.33790092,0.02608007179,-0.5825456676,0.1299780216,0.09690111473,1.596394061,0.9898112517,0.894966913,0.7817706475,0.9247795837,0.8213680164,0.9050781394,1.051860615,1.022502629,0.619348618,1.131142061,0.9855994114,1.274280409,1.116258613,1.071824643,0.5864162261,0.5082660007,0.8839893732,0.9095839575,1.012241449,1.063573607,1.036432143,7.008276203,0.6101347224,14.55664939,10.31169965,0.08845103879,0.6360827635,0.5249716524,0.8292978265,0.0,0.4299566129,2.077230178,0.0,0.0,0.0,3.423005244,0.0,0.0,10.97242517,0.0,1.565653204,0.0,0.4528102575,0.4811111111,0.0,0.7898989899,-0.1062627033,4.727436262,33.6282067,20.19137191,4.794537184,9.967957042,19.05647134,36.75265697,11.49902367,13.34455882,6.792942306,27.6520576,6.420821623,5.907179729,6.792942306,17.13736782,23.46952001,0.8628142772,1.552570798,103.12,1.118333333,0.458404195,0.4306264172,0.284066358,0.03619976359,82.95372815,526.6326495,27.98266268,0.8175392811,0.6706587931,1.385204446,0.8735272517,-0.09692809308,-0.2616827812,-0.882198599,3.17,5.58,-8.64041,0.8258622,9.920281,16.849382,-19.680405,-16.109163,12.4056225,5.400912,9.867479,9.076662,9.895058,15.8361635,-7.401325,-8.712227,24.541496,49.18019,14.632856,-5.1846004,3.170627,2.483747,3.848147,-37.12987,-3.2765074,1.5718648,-22.45074,6.052778,32.40555,13.5417595,6.0100965,-14.8964,2.594649,0.8086431,-14.376304,-12.03275,-9.724517,2.5218666,6.4738293,6.8571568,24.356623,-21.083302,-43.938843,0.52404755,-5.1758995,-20.881794,-18.102373,9.9850025,-37.479122,-5.672548,8.04282,-16.007393,30.679743,29.0201,-5.752735,20.540173,28.710442,38.051346,-36.729794,-3.7328894,-18.465279,45.154938,-5.504773,-21.023552,-6.157679,-6.4161797,-4.5194206
5.012270736,3.427350427,2.708173691,216.5678968,143.6624423,148.9090012,150.8696316,161.1126952,-43.13897691,17.09280217,-8.990946129,72.61836251,0.01272129728,-0.3692118452,0.07987292773,0.02218484337,1.264289143,0.7603135168,0.6873872778,0.4976994327,0.9318932369,0.8125442368,1.171203401,0.9586476298,1.005268457,0.7529353234,1.177897904,1.136445747,1.477768814,1.055702967,0.8512115681,0.422989731,0.7155933619,1.176333186,1.153934119,0.6923754683,0.9993835505,1.093767301,6.027325397,1.13463699,14.69232666,10.94021058,0.1733756634,0.6498253634,0.7750304892,1.750682983,0.2041241452,0.4282707615,6.760015931,0.0,0.0,0.3350009448,0.0,0.0,9.687315431,0.0,0.0,0.0,0.0,0.240663987,0.4820512821,0.01923076923,0.7580246914,-0.05828779599,4.266730873,29.96240415,5.106527395,4.681802935,0.0,51.10304694,29.17754317,0.0,33.23387405,0.0,14.88701214,6.544756406,0.0,11.1645023,11.48135754,12.13273414,0.0,1.74949995,61.84,1.587777778,0.6849135488,0.4248000126,0.096875,0.0643115942,78.16200622,531.5125225,19.52432222,1.220001916,0.4766170599,0.8849342834,0.05314855742,-0.2332254692,-0.2253179289,-0.4868170984,2.84,4.33,-5.674584,1.3055664,3.171382,7.961539,-10.384056,-7.902435,8.130516,1.6612774,7.267686,6.6584725,6.069542,10.744568,-1.8449715,-5.998135,13.500496,28.91721,9.218681,-2.5626633,2.222991,4.109562,3.0478718,-20.742992,0.17867345,-0.1972117,-10.784981,3.6214461,19.206228,8.038891,4.9804187,-8.982849,1.1182007,0.06713039,-9.347763,-6.8278923,-6.225437,1.2020261,3.3172061,3.9315178,14.820443,-10.524284,-26.73216,0.34281617,-3.294202,-12.348979,-8.566921,6.134739,-20.828714,-3.9231234,6.006184,-10.238565,15.81514,14.154596,-0.64796925,13.784178,14.627658,21.006128,-19.621805,-2.9077735,-11.482602,27.034767,-2.0128012,-11.629177,-3.2884536,-4.33153,-2.9258053
4.85902328,3.737373737,3.530487805,234.6695175,149.0744103,153.8576693,158.5566781,157.8224854,3.405965495,8.349932096,-4.741059303,109.7514757,0.01371086196,-0.4557487778,0.04579766474,0.07788052116,1.492300585,0.9860741607,1.254858035,1.16562728,0.8646566501,0.842679321,1.03194324,0.9496646743,0.9288235442,0.7086356088,1.022153181,1.122729478,1.087558816,1.152994571,1.068150074,0.5962254378,0.688647459,0.8490930423,0.9240203101,0.9746471782,1.028423925,0.8358369337,8.001919364,1.197963628,17.42477364,10.31321824,0.09296755541,0.5680413817,0.3928227826,0.861516116,0.0,0.430390951,1.929128407,0.0,0.0,0.0,0.0,0.0,0.0,0.0,5.527711115,0.0,0.0,-0.3470240691,0.4812596006,0.03225806452,0.8181547619,-0.1173073674,4.761307734,30.74707046,5.316788604,4.983978521,18.5715944,12.13273414,67.16963161,10.75961411,6.9237372,5.316788604,34.47495837,0.0,0.0,5.817220841,22.14092838,21.32993497,5.172172783,1.487830041,72.93,0.9725,0.6137329932,0.3482221592,0.269382716,0.04123263889,82.91363859,593.5158419,25.75921783,0.828802466,0.9560886478,1.521057397,0.2122179927,-0.1772817017,-0.117160669,-1.077738551,3.44,3.78,-7.175911,-0.008997381,3.0163734,7.763826,-12.359104,-8.379274,10.612317,1.649134,14.664193,8.318259,5.3530774,17.459747,-0.828488,-6.616457,20.808006,33.451138,10.224974,2.0777917,-0.3982568,1.7542264,4.202098,-27.388786,-7.396614,-1.2333819,-12.976949,2.448286,19.174084,13.99695,1.3785214,-12.093785,4.2981396,2.1068158,-7.034719,-5.2760525,-8.246998,3.4039564,-3.1583874,5.135477,15.134573,-12.980165,-32.94369,-3.8169632,-2.1160047,-12.497101,-5.1960106,4.674794,-27.11955,-0.24548346,2.8297071,-11.593708,17.04812,19.971169,4.7112103,13.814166,19.587431,30.069607,-27.353611,-4.8958807,-20.695875,31.0337,-0.6123071,-17.156036,3.2543283,-4.14531,-5.267845
5.007866759,3.2875,2.560035842,191.49713,147.1801679,157.4329705,159.7729878,158.1152527,3.876953125,15.42578125,2.0078125,101.2062216,0.01272969071,-0.1742732839,0.02895695142,-0.1166428946,1.225738034,1.626867181,1.180460067,0.9043788679,0.8450763095,1.058571768,0.9860769861,1.041648453,0.9189795856,0.625722104,1.128933566,1.06993007,1.208714363,0.9459865288,0.7886557887,0.9547128547,1.330742171,0.9899352072,0.8921409635,0.8406741486,1.418451765,0.9982083963,3.510572827,1.343850105,14.69238813,10.92970798,0.05185672424,0.674685838,0.3957624643,0.9913683937,0.0,0.4297218675,2.182491987,0.0,0.0,0.0,0.0,0.0,0.0,6.119604398,0.0,0.0,0.0,0.8717240833,0.4774509804,0.01470588235,0.7931372549,-0.067131178,4.633969969,34.99906791,9.636772685,19.54966971,0.0,6.066367068,55.78460206,0.0,19.38639965,46.37833598,75.92659722,12.96557803,0.0,0.0,6.606881965,0.0,5.894339516,1.669794462,59.31,1.097777778,0.3854166667,0.3313177123,0.188757716,0.03421717172,86.68987371,725.2131206,27.00613119,1.94067192,0.6626178697,1.250292826,0.277698616,-0.3553977336,-0.115002038,-0.6622731412,4.09,3.77,-11.17593,-7.0593233,2.536385,1.3802003,-8.0055275,-2.8524384,10.893058,3.7416153,20.354597,12.405392,3.3280985,19.170334,3.80828,-5.8928304,25.969467,19.304705,10.641858,17.040483,-3.1494637,-8.557613,3.0691721,-23.537949,-24.515312,-3.7306986,-8.691117,-9.502781,5.418527,17.390202,-12.609138,-8.862876,8.078931,10.871761,4.1610184,2.8865366,-7.5963335,4.1917844,-22.476328,7.792059,3.1762297,-7.0473404,-28.353073,-12.706694,0.4348693,-8.822521,-2.0680346,-1.257705,-27.225372,6.1415553,-7.7133384,-5.190584,12.454624,23.69511,11.415087,0.79140246,26.055199,29.622913,-31.42353,-6.652311,-30.898323,16.989155,-0.55364007,-19.065035,27.573725,-2.9314244,-8.268896
4.879024159,3.610619469,3.413614164,224.3668067,146.2974315,149.8965501,156.8978237,158.005839,-69.10650888,11.13609467,-7.26035503,88.27294219,0.01649094823,-0.5838248969,0.1495371301,0.1741626069,1.589265426,0.8606313281,1.145732828,0.636261338,1.126941987,0.8279220779,1.030828291,1.008010963,1.088805135,0.6852788529,1.004370286,1.05080317,1.017168323,1.141719546,1.00110302,0.5122249678,1.098572094,0.9118152608,0.9537442096,1.009684959,1.129808772,0.9800491052,7.008276683,1.400923906,14.55773681,10.94899558,0.09910670533,0.4971938746,0.441638319,0.8448670042,0.0,0.4323245357,1.954092879,0.0,0.0,0.0,3.423603867,0.0,0.0,0.0,0.0,0.0,0.0,0.4708794057,0.4760416667,0.0,0.7561904762,-0.08264069264,4.684889039,31.35595088,10.717646,14.76249423,9.967957042,18.19910121,61.01812524,0.0,13.34455882,0.0,30.82707233,6.420821623,5.907179729,0.0,11.98427311,18.32957771,2.25764543,1.648344574,110.44,0.9519444444,0.4462514172,0.3754251701,0.353125,0.03989651416,82.20630352,581.3440018,33.13182658,1.136184898,0.8250443422,2.000184237,0.3079774549,-0.2171980545,-0.1248149334,-0.9230841149,2.49,4.97,-9.874033,1.8656518,5.770063,13.813158,-18.56433,-13.7385845,14.654032,3.190479,14.382619,11.624901,10.291754,20.296556,-3.3409257,-10.123327,25.236322,51.28296,15.791927,-3.4375193,2.7649508,6.527314,5.232554,-37.41034,-1.9801233,-0.58883834,-19.285921,6.2938085,32.885887,15.500043,7.5954866,-15.940792,3.1174076,0.6958873,-15.410341,-11.695371,-11.083229,2.6126926,4.287789,6.945639,25.547039,-19.12122,-47.54641,-0.5784306,-5.508579,-21.236881,-13.781321,9.978653,-37.398735,-5.5750465,9.112998,-18.142548,27.407799,25.982958,0.23913515,23.762302,26.351831,38.873203,-36.341053,-5.25181,-22.32287,47.948765,-3.27156,-21.565592,-3.907859,-7.166162,-5.561054
4.848613101,3.666666667,3.318990559,234.0424671,146.638395,152.1513151,154.5215311,155.860498,-34.35147392,9.257392753,-5.022074136,90.4192685,0.0183251519,-0.6073493088,0.1205217592,0.03600768055,1.621342601,0.8516214679,0.857722168,1.230134059,0.6937904533,0.8696736645,0.9992378577,0.9708833922,1.018211471,0.6623486342,1.058296752,1.144337138,1.09932443,1.193552239,1.088576349,0.48491251,1.105842769,0.9177558315,0.9811714161,1.124921624,1.150355583,0.9275517081,6.027292383,0.604984483,14.63948298,10.31162838,0.1169798303,0.5805272079,0.2749716524,0.9242705142,0.0,0.4358612357,1.96811182,0.0,7.447979295,0.0,0.0,4.219889271,0.0,4.831347783,0.0,1.56348941,0.0,0.5176817733,0.4833333333,0.03125,0.804040404,-0.102804161,4.894623874,29.67963356,10.05365156,4.983978521,14.98529578,35.61190719,42.82867707,5.13155848,13.46849361,5.316788604,21.31540493,6.544756406,0.0,0.0,12.29426824,34.73371419,9.910335271,1.509738114,100.53,0.8127777778,0.5755385488,0.2590230537,0.211882716,0.03081597222,83.87865098,605.861791,29.00652177,-0.03787055683,0.9773429474,1.269469573,0.2293197516,0.03004768364,-0.320197582,-0.5899337688,0.0,3.4,-8.787949,1.7235738,7.2125793,14.9765415,-17.746304,-14.311978,12.308462,4.367466,9.047226,9.751025,10.321923,14.985823,-5.350506,-9.043174,21.235258,47.393517,14.700741,-5.83429,4.3026094,5.4576783,4.20553,-33.624653,0.7193071,0.8610556,-19.34188,6.3092675,32.018753,11.7473135,7.9691772,-13.9367285,1.4426051,0.031570017,-15.451311,-12.11819,-9.420298,1.7032828,7.7549615,6.280594,24.600464,-18.34917,-42.568577,1.6527667,-5.78096,-20.737564,-17.044851,10.33699,-34.326183,-7.194655,9.838818,-16.15751,27.79013,24.496132,-4.631772,22.019001,24.930548,33.927464,-32.465523,-3.6049075,-16.399591,44.038307,-4.6845427,-18.567959,-7.408538,-6.721511,-4.038981
4.84116039,3.838235294,3.486588771,266.9277236,144.6031258,145.5900505,151.4412212,155.6142638,-12.36966749,4.661157025,-5.578512397,55.13834285,0.02970790271,-0.5204572624,-0.01210944452,-0.1282772725,1.371180885,0.6309417285,1.431325956,1.246120719,0.5989521426,0.8848998991,1.174688725,1.146230651,1.059382542,0.7626666667,1.066352941,0.9510175439,0.9826666667,1.065513514,1.408,0.632382985,0.6938847962,0.8427946122,0.9305263685,0.938479711,0.8901001447,1.02582466,6.003871347,0.604990524,14.6944481,10.31197242,0.1451746004,0.5193594016,0.4118661866,1.017758419,0.0,0.4262237182,0.0,0.0,0.0,0.0,0.0,0.0,19.32053784,0.0,0.0,1.377101101,0.0,-0.04007201646,0.5053571429,0.08333333333,0.8373626374,-0.1518098922,4.331976695,37.0193354,10.21305479,0.0,9.499376415,34.53866566,30.33183534,0.0,0.0,0.0,24.81111301,0.0,0.0,11.49902367,26.26351904,28.91134267,1.71354905,1.412106674,70.65,1.132777778,0.4844104308,0.1728395062,0.1625,0.05957602339,75.00835336,443.6601086,21.59854889,0.2389899888,0.9441320854,1.666393126,1.160903198,-0.1499538868,-0.5682670414,-0.4758484065,3.05,4.34,-6.4959083,0.6462102,3.432167,8.253998,-11.815711,-8.667488,9.675738,1.7947769,11.217211,7.676279,6.11226,14.552494,-1.7248813,-6.3688936,17.674156,32.761395,10.073135,-0.624313,0.83281726,3.3753357,3.6120496,-25.031279,-3.572548,-0.64668137,-12.485184,3.5490923,20.17896,11.394322,3.491543,-10.629064,2.9107928,1.0165651,-8.626671,-6.8317213,-7.6106043,2.1343553,0.46717334,4.55753,15.842482,-12.39764,-31.05532,-1.7351371,-2.81661,-13.018681,-7.377728,5.6573086,-24.839453,-2.318735,4.518217,-11.32748,17.24486,17.604237,1.7253536,14.431776,17.692245,26.671394,-24.843304,-3.9907994,-16.615757,30.606634,-1.6248174,-15.015423,-0.48182568,-4.303565,-4.0555587
5.014176947,3.778688525,3.078654971,223.9463636,143.157357,147.9740502,155.3535475,153.7786958,0.8402366864,10.95747041,1.475591716,86.32477788,0.01231527101,-0.2810992081,0.01962408227,0.0329606264,1.20619869,1.131543245,0.9545825876,0.8061246274,0.9372936314,0.8049355488,1.024282077,0.9794043377,1.01954477,0.5925951391,1.114572068,1.276751729,1.141969664,1.033347598,0.8790274623,0.5444007194,0.5827639938,1.07283888,0.8604696067,1.033171828,1.040268053,1.012622632,6.027277092,1.343837243,14.69237207,10.9296614,0.0643116103,0.674685838,0.3957624643,0.7610224281,0.0,0.4288725693,0.0,0.0,0.0,0.0,0.0,0.0,0.0,6.095464296,0.0,0.0,0.0,0.6013534596,0.4797979798,0.01515151515,0.7838383838,-0.07344465252,4.62248303,33.5458927,4.736862954,14.64975998,0.0,6.066367068,79.06876542,0.0,19.38639965,0.0,19.74844179,12.96557803,0.0,0.0,17.06247516,30.46231185,5.72827372,1.73796933,76.62,0.9380555556,0.4618055556,0.2534643487,0.249691358,0.03421717172,85.64000148,599.3146369,18.21230984,1.59271099,0.1337232352,2.008634896,0.1476941579,-0.3163604414,-0.2486476723,-0.6096982865,3.63,5.06,-6.5027514,0.38089845,6.5950775,11.698115,-14.095675,-11.520075,9.344574,3.878887,7.617198,6.969338,7.4491825,12.035542,-5.112276,-6.3498645,17.654776,36.17746,10.84515,-3.6932805,2.2657056,2.664331,2.9242692,-26.692514,-1.9675014,0.9214186,-15.833988,4.8811913,23.6972,10.151182,4.5273,-10.445677,2.1191902,0.5928015,-10.520038,-9.2062645,-7.3857217,1.4802623,4.626005,4.833971,18.254843,-15.064605,-32.433174,0.063095,-3.918838,-15.37008,-12.699664,7.139439,-26.951382,-4.4983563,5.7088175,-11.658974,21.906902,20.467846,-3.7462077,15.431992,20.277788,27.680021,-27.051554,-2.7743328,-13.981754,33.61615,-3.948268,-15.368564,-4.451482,-4.543546,-3.1644456
4.822546319,3.720588235,3.019962458,258.5682869,145.5755682,146.6341915,152.0973202,156.5923552,-16.8492104,4.983471074,-4.816345271,58.11102737,0.01448261576,-0.5526897356,-0.03911675152,-0.04575885976,1.613884563,0.7532763641,1.163599036,1.001591411,0.9198040139,0.9518389739,1.125654872,1.304638575,1.150182055,0.7436619718,0.9733222867,1.041126761,0.9450704225,1.258504875,1.282175814,0.8050139277,1.446345994,0.9049618747,0.9423906188,0.9985518185,0.8967034247,1.007647459,4.005253878,0.6049906405,14.69445994,10.31197256,0.1398715266,0.5346513532,0.3309330933,0.9860626919,0.0,0.4268214149,0.0,0.0,0.0,0.0,0.0,0.0,0.0,0.0,0.0,1.472056406,0.0,0.5745920909,0.5157349896,0.0652173913,0.7975238095,-0.1186085782,4.267076409,34.80616962,5.733667477,0.0,9.499376415,46.6713998,30.33183534,0.0,0.0,5.733667477,14.59805822,0.0,0.0,0.0,15.7326529,16.64813203,1.882866889,1.47014445,56.21,0.8305555556,0.3689413265,0.1562106324,0.095625,0.05218253968,73.71763638,508.9784597,20.83398635,0.1068867063,1.264513342,0.4162296359,0.6504371691,-0.3754913523,-0.1473865427,-0.5415171661,2.94,4.59,-5.4148774,1.5244005,2.3978157,6.889426,-9.306236,-6.862633,7.582066,0.845308,7.224908,6.434885,5.4647193,10.210642,-0.85041636,-5.97963,12.627633,26.262447,8.643841,-1.8641825,2.0318427,3.7539258,3.0817184,-19.2915,0.12412119,-0.34289402,-9.54128,2.8221436,17.62417,7.566141,4.7001414,-8.905654,0.74033237,0.03894317,-8.650413,-5.635338,-5.8273463,1.4165344,2.3842824,3.7629497,13.309119,-9.268765,-24.785263,0.33267242,-2.771342,-11.235491,-7.4339767,5.8910093,-19.270359,-3.3478756,5.9465284,-9.61923,14.400531,12.903487,0.1470598,12.666077,13.551275,19.201092,-17.415272,-3.042867,-10.794292,24.338236,-1.4026334,-10.646441,-2.5535064,-4.3404093,-3.0131156
4.90972599,4.03030303,3.292217813,251.2377639,145.965132,149.047804,153.2484731,151.2583652,-16.0684624,7.887052342,2.383838384,63.12707093,0.01721664399,-0.6162560328,-0.08018186339,0.1385377579,1.598124771,0.7323143798,0.8656546094,0.9487835419,1.153242735,0.8588757273,1.095056458,0.9832210177,1.172083211,0.5603543743,1.11627907,1.308867876,1.256706501,0.9745293466,0.7335548173,0.8899131241,1.19246746,1.163002448,0.9496842572,1.358471851,1.04927032,1.175071775,4.005275089,0.6050173749,14.55715115,10.31162304,0.1075765583,0.4607729437,0.3027494302,0.6259959811,0.0,0.4330599936,0.0,0.0,0.0,0.0,0.0,0.0,0.0,0.0,0.0,1.448243575,0.0,0.5180607521,0.4924242424,0.02272727273,0.7611111111,-0.09925925926,4.104407755,31.8952241,5.733667477,4.983978521,14.95193556,17.40315295,30.33183534,10.7787357,0.0,5.733667477,19.93591408,0.0,0.0,0.0,10.7787357,18.59053071,5.239533888,1.546489418,77.58,0.6880555556,0.1770833333,0.07306626354,0.0225,0.04206349206,70.43257471,417.203234,14.649564,-0.04925927465,0.7052185065,1.683119366,0.7448700385,0.1190316568,-0.4680948439,-0.5220689081,1.78,3.79,-6.5904703,0.35923478,4.270503,9.423546,-12.796522,-9.879845,10.098053,3.0416224,9.35672,7.731723,7.3859763,13.64656,-3.3096972,-6.235755,16.86506,35.421173,10.670717,-2.6980371,1.5227977,4.7194715,3.2633832,-25.049936,-1.3688904,-0.20878163,-13.445526,5.518284,22.444424,10.838799,4.857668,-9.523791,2.7669663,0.6882387,-10.17716,-9.192818,-7.719747,1.0200577,3.3309922,4.337723,18.127075,-13.433855,-32.406357,-0.92228496,-4.1000795,-14.682719,-9.609486,6.3034735,-24.92547,-4.386915,5.162354,-11.747703,18.926966,17.767328,-0.8448813,16.073809,17.64875,26.650528,-26.217243,-3.204403,-15.518375,33.731476,-2.9309046,-15.064525,-3.1358006,-4.2294955,-3.2482505
4.818141123,3.128787879,2.752427184,188.1271809,146.328402,153.6895128,158.662316,157.406043,-16.9630102,9.225765306,-1.115752551,89.44916006,0.01368819019,-0.2344338595,-0.009629217301,0.009595526771,1.229940193,1.431103293,1.276997207,0.8702972969,0.8516566827,1.015441685,0.9853747715,0.9880307682,0.9685859484,0.6750053453,1.212315587,0.859623266,1.070130425,1.118278529,0.8971876821,0.9807370472,1.039781894,0.8882991712,0.9325577503,0.9110372455,1.228002724,0.8467504109,3.510571743,1.338814635,14.69086471,10.9487795,0.08645485876,0.5068735754,0.2749716524,0.6499918594,0.0,0.4390087423,0.0,0.0,0.0,0.0,2.971327032,0.0,0.0,5.924736155,0.0,0.0,0.0,0.8328706323,0.4784946237,0.01612903226,0.7739583333,-0.06476579521,4.770942422,29.3787587,4.736862954,19.96654858,0.0,6.066367068,80.0255441,0.0,12.84164325,26.24115118,51.30638157,0.0,0.0,0.0,0.0,6.196843572,8.132112165,1.6890401,66.93,0.8302777778,0.2830569728,0.2061287478,0.138742284,0.0247790404,82.1054695,650.5746866,28.77571467,1.776673561,0.8270864052,1.232350314,0.1527864051,-0.4334069826,-0.1789712675,-0.764341013,3.43,5.03,-8.38173,-2.9940836,3.5984142,5.8134875,-11.91451,-7.103914,10.345114,2.2790926,16.9768,8.708527,3.8207386,19.102694,-0.17130798,-6.0787225,24.491882,28.736736,9.541302,8.15878,-1.765078,-3.0015059,4.4011226,-27.70506,-15.063759,-1.6593117,-12.5141115,-1.621878,13.803021,16.510183,-4.594349,-11.922233,5.5922337,5.248748,-2.3214078,-1.7774359,-7.8554115,4.8358717,-10.692763,6.24405,10.380625,-11.934,-31.465982,-7.4578733,-0.6022829,-10.786724,-3.6962554,2.499056,-28.540274,3.32319,-2.2639847,-8.884887,16.150185,23.396091,6.630177,8.371909,22.88988,31.990309,-29.825748,-5.2440333,-25.04058,26.163689,-0.4189654,-18.285782,11.533385,-3.433404,-7.0923924
4.883136552,3.525,3.600983796,212.8125757,152.173094,156.7351567,161.3589707,162.7599018,8.067215364,11.04663923,-2.228052126,114.0013341,0.02290345345,-0.5185708697,0.07245773566,-0.1093070911,1.588712068,1.008924349,0.8264774686,1.063490342,0.767428568,0.8446209617,0.958151992,1.152196339,0.9284571988,0.7419260572,1.023633133,1.176825163,0.9828429933,1.091713606,0.976376921,0.5398933786,1.175104999,0.9793929257,1.01369201,1.074718558,1.143959367,1.097870355,8.001920628,1.297042875,17.42477431,10.95446448,0.07819892105,0.5652352563,0.5253775377,0.8871420888,0.0,0.4317396456,1.808571318,0.0,7.33315014,-0.1216279328,3.218103741,4.294743967,0.0,0.0,0.0,0.0,0.0,-0.4443842983,0.4642135642,0.0303030303,0.7810776942,-0.1161015175,5.228843577,27.30672217,16.0344346,15.22924111,19.35077682,12.14238718,43.33159265,11.98299645,19.63426922,5.316788604,38.37233879,6.544756406,11.72440057,11.85970361,40.70178265,30.60400364,7.211522207,1.469144204,124.32,1.094166667,0.6224135488,0.377196712,0.3387654321,0.03926282051,85.20563218,551.6200367,27.69541695,1.161979206,0.6376624065,2.040656886,0.2845487246,0.02019297689,-0.03771970788,-0.7882961459,2.2,2.34,-10.639631,0.57243055,7.197418,15.274974,-20.935818,-15.805815,16.343813,4.817377,17.060818,12.313162,11.046192,23.593887,-5.07516,-9.8650875,29.192335,57.25364,16.828423,-2.9414098,1.512009,6.3680286,5.496737,-41.9037,-5.0269365,-0.670972,-22.204227,7.81023,35.083206,18.784342,6.3262916,-16.345327,5.4188943,1.6143723,-15.39544,-13.640133,-12.564357,2.784628,3.3541634,7.373399,28.085672,-22.278,-52.75675,-2.4947476,-5.8901057,-22.948788,-14.247947,9.537154,-41.738243,-5.165131,7.2839937,-19.265099,30.150822,30.09912,0.57508457,25.112455,29.610323,45.20482,-43.618164,-5.569848,-27.107576,54.020298,-4.1327653,-25.439442,-2.7849188,-6.7541924,-6.066583
4.831548831,3.177570093,2.975577026,193.0936026,147.0894303,155.0645298,160.896256,160.3959673,-14.47111111,12.1472,-6.1984,80.64015974,0.02391700865,-0.5446602296,0.08948502374,-0.006207897104,1.587539271,1.074288642,0.6882057436,0.9628846016,0.7166677786,0.8400822562,0.9330119543,0.9426781327,1.002477064,0.6722678095,0.9751922231,1.141993394,1.068579533,1.102839335,1.081825459,0.6593134562,1.351455628,1.021287935,0.8100315455,0.8966614791,1.296946821,1.086583941,7.008271469,0.6101358035,14.55668313,10.3116983,0.08662531897,0.5997530532,0.2749716524,0.7368419724,0.0,0.4398503739,3.998637429,0.0,0.0,0.0,3.387641566,0.0,0.0,10.91816041,0.0,1.556913509,0.0,0.7165395613,0.4797619048,0.0,0.8122222222,-0.1125213675,4.99856294,28.07245217,19.77449303,4.794537184,9.967957042,6.9237372,31.54366003,11.49902367,33.10993927,13.33769871,34.196814,11.21535881,0.0,12.70012204,25.13591149,11.33678588,1.857327904,1.483786682,89.13,0.6216666667,0.4930909864,0.2849899219,0.2500154321,0.04042022792,80.1578032,559.8519928,26.25728492,0.7720652238,0.5379259473,1.031172559,0.5899027679,-0.03585385937,-0.1905285121,-0.6396500628,3.1,5.64,-7.646704,0.11559847,8.869602,14.177394,-17.230347,-13.716499,11.175243,4.332798,11.632967,7.606323,7.4758987,16.268955,-5.875357,-7.2359896,24.442554,42.528088,12.180204,-1.7436697,0.8248849,-0.04298198,3.6012714,-34.62603,-7.545622,0.78182197,-20.152637,4.115475,26.45718,14.412177,2.6551676,-14.145064,3.9043221,1.6531103,-10.399838,-8.948028,-9.007423,3.4772515,1.8348463,6.3435307,19.521307,-18.925863,-38.839527,-1.6925869,-3.3309302,-16.939497,-13.187913,7.302709,-34.08101,-2.042921,4.5401325,-13.595117,26.197582,27.515585,-2.2899451,16.083546,26.757624,36.341793,-34.461315,-4.2186513,-19.995531,38.628998,-3.8925853,-20.436087,-1.2852254,-5.0075374,-5.0653152
4.88298475,3.5625,3.234567901,217.8329559,144.4949818,148.4413028,155.8926008,160.4675738,-7.184075968,5.734842951,-1.454346238,62.6425527,0.01327024697,-0.5649659201,-0.001361911724,-0.07084027315,1.584388826,0.9094261638,1.488791108,0.7379295538,0.5697285665,0.8645951749,1.276563092,1.043548333,0.9482930862,0.6403846154,1.083727811,1.322992392,1.435587489,1.159800764,0.780488742,0.8832706767,0.9602960526,1.020854825,1.00361325,0.7160716106,1.132765982,0.8770825645,3.046910785,1.443403308,14.5549687,10.95455336,0.1290186608,0.3430130341,0.2194160968,0.4092868722,0.0,0.4384222879,0.0,0.0,0.0,0.0,0.0,4.723796296,0.0,0.0,0.0,0.0,0.0,0.9147307256,0.4826086957,0.02173913043,0.75,-0.05033189033,3.813145574,34.66167566,5.316788604,4.983978521,10.30919334,48.53093655,18.19910121,5.835619786,0.0,5.316788604,10.81959831,0.0,0.0,0.0,5.835619786,12.39368714,4.299852608,1.737052101,51.38,0.6597222222,0.1944444444,0.07306626354,0.0225,0.02857142857,57.42982762,477.4240253,21.50704852,0.6931333376,0.2877989147,1.566361844,0.138908524,-0.1746473862,0.03659800517,-0.5671370622,2.74,3.43,-5.183508,2.03301,1.9921159,6.524867,-8.41562,-6.269588,6.830858,0.47162494,5.588242,6.02088,5.3516192,8.522264,-0.3904339,-5.937215,10.705346,24.10562,8.25815,-2.3855023,2.6709237,3.9565647,3.098699,-17.328537,1.7622945,-0.20397326,-8.478285,2.3989656,16.997875,6.084122,5.2768126,-8.570696,-0.26281565,-0.46098801,-8.933628,-5.102772,-5.122348,1.331238,3.3169603,3.5344608,12.485116,-8.049944,-22.689528,1.3906835,-2.8257575,-10.807233,-7.7674265,6.2061906,-17.417204,-3.8047192,6.910242,-9.218503,13.56552,11.192895,-0.46804357,12.214422,12.061533,16.421883,-14.463422,-2.7024276,-8.429112,22.058567,-1.3350459,-9.014004,-3.4676147,-4.596534,-2.732375
4.84116039,3.9375,2.893194635,290.904894,141.7851802,144.7685562,150.3493614,153.125529,-13.58024691,1.648283039,-3.844953174,49.61697204,0.00904939681,-0.5138705267,-0.1803827414,-0.2680479268,1.510492261,0.9645121787,1.719515859,1.481569251,0.2945214183,0.9698127496,1.153933692,1.219950434,1.080223048,0.8205882353,1.073076923,1.021978022,0.9368131868,1.127272727,1.316307692,1.10849702,1.508315129,0.8638159933,1.011319294,1.152308195,0.9348512015,1.113154136,3.041832401,0.6049894753,14.69444625,10.31197236,0.1736077036,0.5193594016,0.4118661866,1.231318752,0.0,0.4262237182,0.0,0.0,0.0,0.0,0.0,0.0,0.0,0.0,0.0,1.43896947,0.0,0.5502057613,0.5371031746,0.08333333333,0.8753968254,-0.1614237614,3.873235826,55.8047709,0.0,0.0,9.499376415,57.74054544,36.39820241,0.0,0.0,0.0,14.59805822,0.0,0.0,0.0,20.09053325,28.78086617,1.827653359,1.412106674,30.19,1.132777778,0.4844104308,0.1728395062,0.1625,0.05957602339,75.00835336,555.6245042,18.85621371,-0.9013315129,1.720294592,0.7836797161,0.6489139289,-0.2649868139,-0.6290129989,-0.3425198847,3.87,6.58,-4.3677273,0.6152272,0.07097165,2.5603387,-4.7997727,-2.817436,5.087199,-0.8796522,7.216278,4.8854322,2.412638,8.182068,1.6580181,-4.4748235,9.234412,13.686106,5.449185,2.116617,0.7479372,0.7833761,2.6902454,-12.364588,-2.5585828,-0.7701635,-4.758127,-0.55555105,8.891062,6.0181293,1.0641307,-6.869996,0.555112,1.0195359,-3.4367998,-0.538305,-4.090773,1.9313403,-2.7571192,2.7732,6.289719,-4.349485,-15.100517,-1.5969905,-0.55277705,-5.6457825,-2.2648215,3.0101466,-12.296408,-0.149813,2.718986,-5.3803062,7.750554,8.422691,3.203891,6.2628446,9.011953,12.333177,-10.0817585,-3.0616515,-8.985314,12.083474,0.57211703,-6.7180834,2.0169754,-2.767241,-2.8735018
4.831061693,3.717948718,3.52292769,230.4341882,145.8395111,149.1260098,155.8277695,157.1804689,32.78962747,6.756026297,-1.699050402,85.2828526,0.012062995,-0.2319565314,-0.05462112231,-0.003180045358,1.139358911,1.180016733,1.319377847,0.9475381678,0.8689478473,0.8141215107,1.174447392,0.8912271805,0.9298655757,0.6175137363,1.290152156,1.04385038,1.011133603,0.9551955398,0.9923635686,0.6779251465,0.8527312186,1.052256969,0.9640240466,0.9324432809,0.8904795362,0.8923068656,8.001917987,1.425802462,17.42477176,10.94890233,0.1197287114,0.4048115028,0.3559047457,0.4672265175,0.0,0.4380185126,0.0,0.0,0.0,0.0,2.881451247,0.0,0.0,0.0,0.0,0.0,0.0,-0.2923211737,0.4744047619,0.02083333333,0.7925714286,-0.08689046802,4.309880054,29.04376798,0.0,15.06663885,4.390415048,18.19910121,41.9616539,0.0,0.0,0.0,20.16532066,0.0,0.0,5.817220841,11.25737949,30.59278835,5.210220847,1.666401298,54.46,0.5766666667,0.2395833333,0.1839490426,0.05530864198,0.03697447447,72.2779978,476.0437895,20.71401969,0.7143287378,0.279329633,1.533920999,0.3513965923,0.08749518893,-0.3380518427,-0.8307165736,2.22,4.88,-5.353938,0.7939652,2.1969051,6.170398,-9.10483,-6.4707355,7.692737,0.75746155,9.344074,6.385626,4.6760793,11.741887,-0.5213064,-5.5299807,14.0585165,25.319818,8.177068,0.018339619,0.86060417,2.5167046,3.16583,-19.871078,-2.7750778,-0.66066086,-9.452426,2.1293175,15.879138,8.983135,2.8565254,-9.069157,1.9219329,0.7577213,-6.8229957,-4.618894,-6.1100607,1.9405828,-0.29046452,3.7627547,12.168108,-9.294803,-24.554863,-1.3549277,-1.9286256,-10.139174,-5.4527535,4.688259,-19.755882,-1.6312921,4.006699,-9.045877,13.455931,13.740421,2.062355,11.380627,14.051791,20.777935,-18.770138,-3.531757,-13.182733,23.443138,-0.7873369,-11.700558,0.03630656,-3.7332747,-3.4722135
4.80790263,3.743243243,4.062037037,229.8172279,150.3940387,153.258031,162.5512898,164.5912769,10.85061224,4.346938776,1.387755102,105.0823435,0.0182639437,-0.3324012605,-0.02169575001,-0.0715585851,1.275091863,1.069622565,0.8840639609,0.9095661276,1.005143915,0.8254487423,0.9315510049,1.08450463,1.008157239,0.7277613047,1.177769319,0.9936619718,0.9153846154,0.8920945025,0.962840875,0.6202766102,0.8378158588,1.096486807,1.010818991,0.9791375787,0.9053093647,0.9791559722,8.002958195,1.417758105,17.42581399,10.95058279,0.1033284893,0.3707908119,0.3003491901,0.5368188969,0.0,0.433463331,0.0,0.0,0.0,0.0,2.871076328,0.0,0.0,0.0,0.0,0.0,0.0,-0.5269264403,0.4613095238,0.0625,0.8318681319,-0.136761198,4.514718017,28.92622508,5.316788604,15.06663885,8.780830095,0.0,36.39820241,0.0,0.0,5.316788604,20.16532066,0.0,11.63444168,5.563451492,11.38131427,30.59278835,4.821923051,1.501922875,66.49,0.4894444444,0.2395833333,0.1597222222,0.14,0.04054054054,72.39247401,394.1111944,21.3750784,0.7019382687,0.4039750615,1.579665978,0.07917260982,0.2626443235,-0.30401598,-0.7740210525,1.54,3.97,-6.1678343,1.0643739,3.1761503,8.005713,-11.081058,-8.234,8.979104,1.5447022,9.453558,7.305991,6.1238866,12.806184,-1.5826116,-6.367858,15.772512,30.928717,9.740917,-1.4691049,1.524712,3.7773342,3.3751917,-23.101242,-1.7366225,-0.47721112,-11.6174345,3.472111,19.805693,9.816581,4.293458,-10.010557,1.9623468,0.5682397,-9.055375,-6.7107935,-6.997782,1.7227223,1.7032778,4.311127,15.332829,-11.420948,-29.134207,-0.70342577,-2.9943023,-12.709851,-7.9108944,6.004916,-23.025335,-3.0678327,5.3754683,-10.892102,16.5985,15.951654,0.6978382,14.184321,16.336815,23.978838,-22.229145,-3.57526,-14.233355,28.854359,-1.6965346,-13.397286,-1.7483015,-4.4182005,-3.5918643
4.929626073,3.559139785,3.744468494,222.6649034,142.8976294,149.954192,155.3082346,153.6443467,35.73015873,10.3962585,-11.47619048,69.16305479,0.009568442372,-0.2456306312,0.2624800041,-0.01338615685,1.203662336,1.205024884,0.9510345965,1.067385681,0.6284471325,0.7437366914,1.095719662,1.04521224,0.8094063704,0.831884058,1.061201071,0.9775039946,0.9441030218,1.187325428,1.118181818,0.5528026341,0.4373580456,0.9815637572,0.8916153493,0.7887706615,1.115633952,0.9286010659,7.014207244,0.2964151701,14.69232846,10.30966825,0.1101141885,0.5198743352,0.7153728633,1.540954964,0.1020620726,0.426131127,3.164892644,0.0,4.107403169,0.0,0.0,0.0,0.0,0.0,0.0,0.0,-3.21497177,0.3109596508,0.488,0.0,0.82,-0.08721532091,4.499227542,28.55705665,0.0,9.665781456,8.417796984,24.27512131,42.82867707,9.837253136,18.36397708,6.255769184,29.43802943,16.38200954,9.837253136,0.0,4.895483476,12.13273414,5.320165443,1.581657699,64.85,0.8411111111,0.5312145692,0.4238000756,0.1996990741,0.05173611111,76.32925829,483.0606092,27.86921957,0.5688866725,0.7322180087,0.6889240391,0.8716503981,-0.3994833585,-0.4436002304,-0.1030529687,2.52,2.97,-6.761326,0.6372359,2.3349092,6.9834275,-11.036274,-7.322332,9.638508,0.71147835,13.112337,7.885225,4.977745,15.549235,0.03393881,-6.7152205,18.490604,30.009336,9.66686,1.7828602,0.3342297,1.8038905,4.0496593,-24.856434,-5.6664066,-1.1311421,-11.38728,1.5947181,17.975967,12.12291,2.0776157,-11.762441,3.0206516,1.6039543,-7.022406,-4.1722975,-7.4987717,3.195261,-2.6172924,4.8259444,13.617773,-11.234956,-29.898474,-2.839441,-1.845078,-11.508416,-5.1092405,4.9197817,-24.645061,-0.45227915,3.7077918,-10.851351,15.691504,17.671108,4.368968,12.982905,17.787466,26.460989,-23.33756,-4.6873217,-17.88287,27.496937,-0.22247094,-14.943788,2.5014584,-4.3267426,-4.919846
4.905393638,3.674698795,2.919753086,222.8487915,144.6883738,152.1379724,155.1948001,153.6483872,-23.0,12.976875,-7.9525,63.23795837,0.01343118756,-0.2284308993,0.0100156216,0.03891696362,1.206294218,1.406506256,0.6826467485,0.7886743822,0.7615056901,0.9461111111,1.008977273,1.079302326,0.9664473684,0.5485365085,1.146525623,1.173807944,1.081483688,1.257850959,1.005982109,0.9741131281,1.187171078,1.004225742,0.8941102887,1.011681137,1.130489772,0.9818039775,3.513557971,1.399863887,14.69232544,10.94593332,0.0751275622,0.5198743352,0.2823601614,0.5986859824,0.0,0.433013519,3.678265004,0.0,4.258602372,0.0,0.0,0.0,0.0,5.262617148,0.0,0.0,0.0,0.8503115027,0.4797101449,0.02173913043,0.7855072464,-0.06075837743,4.43418372,24.98785342,4.736862954,9.665781456,0.0,24.27512131,42.82867707,0.0,13.46849361,7.109797541,21.87426081,6.544756406,0.0,0.0,0.0,7.109797541,4.258602372,1.71971739,39.94,0.6605555556,0.3628472222,0.1768864953,0.09031635802,0.04359567901,73.69721659,513.1706115,19.85100612,0.8834135875,0.43463328,1.13761624,0.3992095628,-0.08461848975,-0.1718155833,-0.7134927165,2.92,3.7,-4.5747066,-0.07512004,2.8075943,5.1939917,-7.5292277,-5.455669,5.945473,0.6076628,8.052173,4.529802,2.7543128,9.433924,-0.6705552,-4.420572,13.216614,18.67895,6.203805,2.071782,-0.10758448,-1.2674212,2.4500363,-17.477032,-5.709488,-0.31176683,-8.633301,0.031441875,11.449776,8.360482,-0.04956968,-8.361385,1.8336259,1.65284,-3.6899607,-1.8326217,-4.8171887,2.6756887,-2.8916278,3.6292045,7.7713447,-7.8549886,-19.017689,-2.1776323,-0.67193204,-7.1688104,-4.280405,3.163162,-17.067469,0.7623315,1.598519,-6.221501,11.743018,13.776501,1.6679895,6.6314282,13.837125,18.047398,-15.896003,-3.2224767,-11.82361,16.381203,-0.4889425,-10.177647,2.7753074,-2.7616098,-3.6822186
4.882871891,3.464285714,3.269444444,206.3541296,150.7422912,156.5904547,162.2205903,163.0500826,-33.16,9.5504,-7.8464,107.2989672,0.01851781404,-0.4202252355,0.004326923077,-0.1037721893,1.504461933,1.21092118,0.996066655,1.163893019,1.018428032,0.8791666667,0.9509345794,1.253205128,1.029279279,0.7167022792,1.021634615,1.218772466,1.080628088,1.215277778,1.099055787,0.6401148504,1.362455893,0.9320301373,0.9785956822,1.055214205,1.153810694,1.121348594,8.001919069,1.297044177,17.42477346,10.96083376,0.07200113532,0.5839639956,0.3587108711,0.7448831904,0.0,0.4314657775,1.839998403,0.0,7.481984581,-0.07945335418,3.272354261,4.308191082,0.0,0.0,0.0,0.0,0.0,-0.3944768909,0.4695238095,0.03333333333,0.7822510823,-0.09478407771,4.93366069,29.07485563,10.30076712,10.43470392,19.35077682,24.27512131,37.26522558,11.98299645,19.63426922,5.316788604,32.46515906,6.544756406,5.817220841,11.85970361,23.75701689,12.40490243,7.402531227,1.539717744,81.23,0.9136111111,0.5599135488,0.345946712,0.229382716,0.03487318841,81.71605872,575.2076208,28.21357374,1.337103164,0.5674930319,2.054124056,0.3424920767,-0.3563664708,0.06061447501,-0.6294296932,2.43,3.13,-7.660469,0.7428231,3.5950994,9.182751,-13.701381,-9.603993,11.44665,1.6965678,14.396676,9.114031,6.650549,17.905968,-1.244028,-7.5822053,21.473768,37.604897,11.61365,0.43070525,0.54878867,3.2137878,4.4792094,-29.633295,-5.5224195,-1.0742466,-14.286769,3.3535106,22.705664,13.970521,3.3383942,-13.072147,3.710994,1.4770024,-9.3351965,-6.9040227,-8.955098,3.0628352,-1.0272595,5.482411,17.71377,-14.235743,-36.27706,-2.707578,-2.8310006,-14.625753,-7.3791757,6.213069,-29.389091,-1.6743145,4.7465563,-13.24058,19.519321,20.931002,3.5355477,16.406683,20.94961,31.745764,-28.998953,-5.0380154,-20.589787,34.97,-1.2173804,-17.936956,1.0371733,-5.0406337,-5.2261467
4.831606468,3.357894737,3.152116402,212.8727201,146.7345417,154.1759132,159.0164246,159.3037088,-30.45626478,11.54866455,-2.127659574,83.84194442,0.02193815016,-0.7136435401,0.2170828951,0.03401200358,1.772247193,0.8648518715,0.9583874468,1.142651396,0.9696128599,0.8209553905,1.150491068,0.9199227544,1.05741742,0.7352677279,0.9468733338,1.014280943,0.9880417397,1.068748119,0.9070188133,0.5278331227,0.8931009322,1.02847901,0.7594992578,0.8333790794,1.216827225,1.131452663,7.008273877,0.6094207541,14.55718597,10.31100268,0.164494661,0.5997530532,0.2749716524,1.065517403,0.0,0.4352001174,5.575590134,0.0,0.0,-0.17393551,3.340888605,0.0,0.0,5.113341032,0.0,3.144098498,0.0,0.641630291,0.494047619,0.0,0.8088888889,-0.1242465137,4.894598426,31.38312842,15.03763008,0.0,19.74647275,6.066367068,32.90394574,0.0,33.41993439,0.0,32.13312054,11.28161936,6.093240071,12.64872279,5.824404498,22.67357176,-0.6409053451,1.407369913,92.79,0.6216666667,0.4930909864,0.3162399219,0.3053240741,0.04683048433,80.24536951,579.7990166,26.96809765,0.5163215703,0.2011773843,0.9484925938,1.04773413,0.09784302243,-0.2500127298,-0.9379002644,3.45,5.86,-8.202591,0.57300013,6.924622,12.988217,-16.740995,-12.891549,12.046168,3.665342,12.797529,8.871992,8.075371,17.593126,-4.479325,-7.9012985,23.8077,43.741333,12.918436,-1.9140667,1.2908305,2.6140623,4.1486645,-33.947327,-5.550807,0.092576176,-18.652683,4.7113233,27.224781,14.551454,4.0063176,-14.047757,3.7723913,1.2827287,-11.438717,-9.454,-9.5123415,3.0180156,2.0695033,6.227885,20.775766,-18.037075,-40.31009,-1.6570768,-3.8639019,-17.533333,-12.147342,7.6731815,-33.745216,-2.9842548,5.607937,-14.598467,24.930721,25.45065,-0.52934086,18.172623,25.108173,35.93508,-33.885807,-4.5418715,-20.547478,40.348686,-3.310082,-20.117239,-1.6758335,-5.441471,-5.047096
4.814735277,3.679487179,3.140995493,235.0790979,144.5853473,147.5334209,153.1026674,153.5807316,1.80999017,5.756026297,-0.6990504018,61.64254514,0.01059569142,-0.2274929273,-0.1543552752,0.09425447814,1.155687114,1.203064985,1.405084405,0.8117615668,0.909257988,0.9418583737,1.145958551,0.9161377823,1.023354559,0.6632554945,1.243237532,1.032121724,1.011133603,0.9417420814,0.9613522071,1.022431489,1.110928328,1.019535227,0.9836349763,0.8577922201,0.9760302914,0.924761903,3.059383876,1.304720641,14.69084108,10.94856032,0.1304065059,0.4048115028,0.2749716524,0.6128188311,0.0,0.4373949292,0.0,0.0,0.0,0.0,2.934162514,0.0,0.0,0.0,0.0,0.0,0.0,0.7103494502,0.4922619048,0.02083333333,0.7754285714,-0.07880421465,4.438390527,27.41466746,0.0,15.06663885,0.0,29.8000411,41.9616539,0.0,0.0,0.0,20.16532066,0.0,0.0,0.0,5.022633314,12.39368714,5.443398661,1.667042088,54.46,0.66,0.267396542,0.1645408163,0.06655864198,0.02758487654,72.22458624,531.298314,20.78580455,0.3805497678,0.8454718108,1.010153343,0.5389920689,-0.1966610865,-0.1352649017,-0.8018663157,2.11,5.11,-5.442316,0.7929906,1.9208634,5.908134,-8.953271,-6.332201,7.77014,0.5524142,9.509557,6.535393,4.681665,11.844108,-0.24774559,-5.6515994,13.958942,25.128452,8.262311,0.17604257,0.86893326,2.586027,3.2309413,-19.766869,-2.683006,-0.7182039,-9.206487,2.0689588,15.844213,8.999208,2.9102879,-9.106925,1.8259904,0.7883759,-6.776296,-4.5042396,-6.192885,1.8894908,-0.5062994,3.7359324,12.149309,-9.038645,-24.5599,-1.4436193,-1.8647826,-10.069654,-5.235148,4.7117276,-19.601412,-1.6760803,4.0809503,-8.982159,13.303849,13.529992,2.2738705,11.384692,13.913999,20.568224,-18.545359,-3.6634052,-13.275338,23.275408,-0.65562546,-11.630997,0.16415568,-3.7615209,-3.4945643
4.848604167,3.574074074,3.173611111,217.4917041,149.2712213,155.9281231,158.8721414,159.3910426,14.11242604,12.75,-3.75,89.00980249,0.01999122412,-0.4506544149,0.0559105301,-0.1641522989,1.503246492,1.218150285,0.6697298801,1.290744082,0.6699775892,0.9525862069,0.824498344,1.115730281,0.8811422414,0.6275510204,1.134920635,1.06779661,1.015037594,1.115763547,1.033163265,0.9183986976,0.9409178916,0.9101410806,0.9591979016,1.051738124,1.310011246,1.026370863,3.513572536,1.434202554,14.63947769,10.96020817,0.08296766566,0.5805272079,0.2749716524,0.7412859105,0.0,0.4340286995,3.636391248,0.0,7.398095471,0.0,3.452376779,4.218571674,0.0,5.218525494,0.0,0.0,0.0,0.8081587249,0.4720430108,0.03225806452,0.7838383838,-0.08221288515,4.930457026,27.54306817,15.03763008,4.983978521,14.98529578,12.14238718,49.39795972,0.0,13.46849361,12.42658615,33.40918099,6.544756406,0.0,0.0,6.544756406,12.11871007,8.185977086,1.551751125,92.53,0.785,0.5755385488,0.2590230537,0.211882716,0.03147163121,82.788247,569.2869785,28.10094457,0.7916645007,0.9966921624,1.543411854,0.3522864681,-0.3077887919,-0.04277455854,-1.025139433,0.0,2.77,-8.312886,0.58303416,6.5258613,12.550593,-16.475262,-12.668745,12.130222,3.2622342,13.370215,9.09645,8.026607,17.953638,-3.9881191,-8.105943,24.022926,43.46927,13.001855,-1.4049505,1.1389958,2.5706532,4.2850633,-34.097446,-5.8633103,-0.084065825,-18.37284,4.419726,27.028774,14.796198,3.8568425,-14.271306,3.8100355,1.4230597,-11.259646,-9.126085,-9.713925,3.1134996,1.3228338,6.2491164,20.57705,-17.714901,-40.460075,-1.916477,-3.6086245,-17.329906,-11.638838,7.6448936,-33.836292,-2.711605,5.5302567,-14.525258,24.728085,25.39426,0.041485786,18.028013,25.233507,36.02505,-33.827244,-4.821706,-21.086418,40.079983,-2.996704,-20.232174,-1.0974989,-5.505245,-5.257389
4.996396487,3.590909091,2.663154534,207.1888786,144.1755027,150.5589706,158.017984,154.4333074,-91.47826087,14.1852552,-15.43478261,74.31829025,0.007402612772,-0.1642638889,0.0765193156,-0.1395201278,1.172263988,1.296268348,1.199394328,1.056462585,0.9485384251,0.7644502349,1.136368367,1.279942479,1.111969112,0.5191747573,1.111429832,1.358765342,1.200242718,1.196255201,1.026699029,0.8214472094,1.213090146,1.052523481,0.7808664051,1.072676271,1.116322485,1.097453579,3.042105136,1.343864516,14.69234406,10.92992834,0.08275355392,0.5879157169,0.3957624643,0.6328934241,0.0,0.4282555964,2.13547063,0.0,0.0,0.0,0.0,0.0,0.0,0.0,0.0,0.0,0.0,0.9603179327,0.4846153846,0.0,0.7615384615,-0.05142857143,4.534219021,28.08857777,0.0,14.64975998,0.0,31.18920547,49.09138463,0.0,32.73095847,0.0,19.74844179,19.38639965,0.0,0.0,0.0,0.0,5.040464461,1.78327797,43.6,0.7852777778,0.3107993197,0.1652730537,0.0825,0.03993055556,77.57296155,546.3777928,15.03298775,1.236992538,0.5007587419,1.416519324,0.1970270424,-0.3042765931,-0.1766226452,-0.6533995773,3.08,4.89,-4.454703,-0.08606577,1.5812865,4.441801,-7.2366333,-5.1331944,6.361763,0.7938149,8.7035675,5.183892,3.3495407,10.379065,-0.38342655,-4.142971,12.196769,19.998808,6.4016004,1.1491166,-0.007379396,1.3099481,2.5958805,-16.298122,-3.9828715,-0.6890495,-7.634339,1.5404863,11.794056,8.225138,1.0216805,-7.1462693,2.3383307,1.2067108,-4.360242,-3.3258371,-5.1402144,1.7684091,-1.8361876,3.0556986,9.366404,-7.537597,-19.84728,-2.2590108,-1.2204713,-7.58924,-3.2805398,3.005213,-16.136063,-0.55166733,1.9548844,-6.7588325,10.36458,11.637854,2.57914,8.355919,11.636969,17.69753,-16.254965,-3.0722995,-12.237684,18.626495,-0.40649036,-10.169355,1.5959291,-2.54697,-3.0013375
4.883058285,3.543859649,3.388583639,215.250435,150.4984338,156.0894821,161.2261068,162.8661206,-12.68858131,9.499807766,-4.096116878,112.0055167,0.01893057271,-0.42133715,0.002656782564,-0.1102973051,1.482583345,1.186501971,0.9638973294,1.154289488,0.9705372476,0.8525847347,0.992135392,1.216360967,0.9744865876,0.7272145268,1.009586225,1.209550693,1.034902597,1.169974392,1.011297066,0.5540216954,1.262669398,0.9766797919,0.9948737171,1.079753888,1.128686701,1.102534166,8.001919845,1.29704352,17.42477404,10.95429182,0.06948652881,0.5652352563,0.3587108711,0.8282165237,0.0,0.4333802246,1.818946474,0.0,7.382088777,-0.1078514162,3.235947106,4.299381155,0.0,0.0,0.0,0.0,0.0,-0.4281232025,0.4683035714,0.03125,0.7889795918,-0.1099825548,5.154653343,27.19754195,10.30076712,10.43470392,19.35077682,12.14238718,43.33159265,11.98299645,19.63426922,5.316788604,32.46515906,6.544756406,5.817220841,11.85970361,35.01439638,24.53763657,7.274237361,1.510307446,105.02,0.9761111111,0.5599135488,0.377196712,0.3140740741,0.03833333333,84.02368511,597.0268175,28.20007841,1.07618617,0.4496232249,2.030228997,0.5045228134,-0.3731814094,-0.1434614479,-0.8206579485,2.34,3.17,-9.286605,1.022007,5.6605396,12.809474,-17.632595,-13.123456,13.971188,3.3963933,14.71924,10.854755,9.436329,20.126888,-3.5151327,-9.018651,24.881,48.60548,14.623833,-2.3706088,1.7214875,5.5758348,4.885577,-35.926205,-3.7740366,-0.65349436,-18.589956,6.0369115,30.256357,15.76071,5.9082975,-14.74603,3.976691,1.1941417,-13.49492,-11.0743265,-10.748468,2.5950537,2.7353024,6.506406,23.854027,-18.513361,-45.171085,-1.6874434,-4.860054,-19.631088,-12.165957,8.617048,-35.807907,-4.418473,7.108178,-16.729212,25.713898,25.393793,0.8769616,21.719435,25.396439,38.19096,-36.162884,-5.0923657,-22.813866,45.591965,-3.091591,-21.366472,-2.3637075,-6.2135143,-5.3880053
4.89325204,3.842857143,3.192007797,233.0067995,145.2967564,148.118121,153.4703315,152.4166073,-10.50505051,7.280991736,-0.2727272727,57.15394241,0.0115294807,-0.204644982,-0.1899387022,0.005857914416,1.135785536,1.22230133,1.271784898,1.091682146,0.8863453375,0.8701601081,1.1250375,1.096291832,1.074822501,0.5256869773,1.311213518,1.132818416,1.02734255,0.8972932888,0.7956989247,1.038540125,1.104670109,1.068959304,0.8938867092,1.066520408,0.9745072262,1.029450452,3.059378604,1.390175303,14.69083825,10.9303125,0.1399273102,0.3895195512,0.3027494302,0.4015074953,0.0,0.4346938746,0.0,0.0,0.0,0.0,2.949609552,0.0,0.0,0.0,0.0,0.0,0.0,0.8536602419,0.480952381,0.0,0.7545454545,-0.06539753639,3.99121571,29.94070558,0.0,15.06663885,0.0,24.26546827,29.82891977,0.0,0.0,0.0,20.16532066,0.0,0.0,0.0,0.0,6.196843572,5.511016471,1.713247672,54.46,0.4413888889,0.0893920068,0.05265810028,0.0225,0.03198653199,68.81216977,446.4373822,13.86810706,0.8748819942,0.8240355314,1.485429159,0.5444440815,-0.13598389,-0.1573035277,-0.6547522796,1.88,3.97,-5.0422673,0.0029174685,2.507125,5.95658,-8.947277,-6.722002,7.504457,1.4980329,9.100145,5.9183493,4.5317826,11.585854,-1.3718472,-4.6737595,13.801096,24.902033,7.699184,0.004660934,0.2174685,2.3345,2.7868028,-19.19552,-3.4856057,-0.5560903,-9.53172,2.8577707,15.057842,9.228645,2.0412033,-7.8351297,2.6418781,1.0742859,-6.0184174,-5.268765,-6.040224,1.5437799,-0.3995682,3.383342,12.090037,-9.465249,-23.814646,-2.011372,-1.9607894,-9.686555,-5.099691,3.9551163,-18.93368,-1.5943849,2.7235754,-8.260781,12.999315,13.611757,1.6224416,10.609526,13.549764,20.749636,-19.699707,-3.193101,-13.557053,23.431364,-1.239949,-11.913922,0.23531768,-2.994316,-3.0851805
4.993807265,3.324786325,2.630864198,207.5145942,145.0869966,151.630624,153.5821454,162.0972247,-66.89236111,17.62630208,-13.83767361,72.82102943,0.01284793601,-0.3860697834,0.1572707599,0.007532301879,1.314854586,0.8136231018,0.6729304952,0.7070326311,0.8559290985,0.8847973532,1.188467447,1.156994298,0.9869634458,0.7772133273,1.148424734,1.135710031,1.385646218,1.169289244,0.8874152169,0.5107568841,0.8074267202,1.143076472,1.150831186,0.7802471478,1.135304618,1.149255504,6.002808208,1.134637098,14.69232671,10.94631314,0.1738843431,0.6498253634,0.7194749337,1.799994583,0.2041241452,0.423750376,8.853357781,0.0,0.0,0.3910761527,0.0,0.0,9.67224571,0.0,0.0,0.0,0.0,0.2742339459,0.4813333333,0.02,0.7602564103,-0.05451690821,4.398802147,27.20665253,5.106527395,9.665781456,0.0,38.9703128,42.16764743,0.0,40.15761125,0.0,19.87099066,6.544756406,0.0,11.1645023,5.917906046,12.13273414,0.0,1.726902799,50.94,1.278611111,0.641510771,0.3797004913,0.096875,0.06589147287,76.99683853,515.4299341,20.00470256,1.191478187,0.340268665,0.9054046876,0.006746752774,-0.3004308819,-0.0459279456,-0.5149506722,3.12,4.26,-5.044775,0.6772672,2.1065295,5.803357,-8.643544,-6.0817795,7.285284,0.7296459,9.098598,5.9755216,4.23167,11.288614,-0.46445858,-5.1784024,13.566144,23.767014,7.6375422,0.29208946,0.64894825,2.0689201,3.0154252,-18.932346,-3.1245482,-0.66204226,-9.0045,1.8423469,14.740817,8.72872,2.3784342,-8.706502,1.9663407,0.82216036,-6.169275,-4.0909286,-5.756328,2.001167,-0.6541038,3.596004,11.248485,-8.849545,-23.129257,-1.4956678,-1.7210549,-9.396185,-4.9079947,4.247391,-18.801771,-1.2148881,3.507492,-8.490819,12.61626,13.220839,2.2264104,10.550388,13.432588,19.914177,-17.858744,-3.393003,-12.761481,21.934736,-0.64317894,-11.226666,0.45193046,-3.4695513,-3.4032686
4.818008324,3.191304348,2.926315789,200.9186153,148.1880842,157.447872,156.6762634,161.7812134,-52.92318244,11.66666667,-4.111111111,88.06951334,0.01537181689,-0.3018627239,0.02515173546,0.09060525831,1.318138821,1.395319278,1.040674161,0.9934224119,1.09421181,1.012323869,0.9065277268,0.9987624319,1.185193382,0.664160401,1.086335404,0.8754464286,0.914346247,1.158892128,1.006203008,0.9682289691,1.1672429,0.8716455424,1.066502754,1.019209046,1.349440014,0.8165905929,3.510694751,1.353642494,14.69088296,10.96129392,0.09384094428,0.4048115028,0.2749716524,0.7927689883,0.0,0.4455609072,4.105194738,0.0,0.0,0.0,2.950959457,0.0,0.0,5.717097266,0.0,0.0,0.0,0.6258643784,0.4744444444,0.01666666667,0.7892473118,-0.08018207283,4.918567883,27.38642147,9.636772685,15.06663885,4.983978521,6.066367068,56.41145242,0.0,6.420821623,27.24698234,57.29619125,0.0,0.0,0.0,12.4868703,18.59053071,8.199316713,1.585774287,79.82,0.7502777778,0.3732993197,0.2219860166,0.123433642,0.02600129199,78.97935641,649.9626292,27.98986524,1.345390583,0.702617998,1.375318711,0.4733523916,-0.1047896115,-0.1964929453,-0.6005447192,3.04,4.23,-8.919493,-3.3658907,4.510826,7.2559495,-14.243392,-8.817314,11.685403,3.330071,19.196646,9.387359,4.604696,21.805113,-1.2851392,-6.3698583,27.976671,34.428093,10.505343,7.9617114,-2.59079,-2.607566,4.8392024,-31.795668,-16.556898,-1.6560628,-15.0919075,-0.25980115,16.549965,18.860735,-4.5638285,-12.995968,6.8803983,5.525792,-3.13003,-3.5607796,-9.003778,5.3029003,-10.581142,6.6620145,12.906144,-14.680014,-36.423996,-8.185429,-0.85755897,-12.601368,-4.1951537,2.8029344,-32.696754,3.3764946,-2.8148944,-10.49581,18.608515,26.975485,6.798509,10.4056,25.609818,37.20667,-35.121162,-5.5341063,-28.671722,31.969349,-0.719731,-21.450079,11.697539,-3.5408533,-7.7103543
4.830954496,3.207920792,3.167671548,197.3837476,147.4070993,153.302771,159.4282346,159.5753832,-42.65816609,10.13852422,-8.293798099,76.92880526,0.02597623644,-0.5775844303,0.1653705879,0.144789106,1.605467593,0.9582387431,0.8749939525,0.6876452399,0.9241214459,0.8604871055,1.044678273,1.011483187,1.021146207,0.7107492355,0.9491930844,1.115711009,1.175777925,1.219222152,1.031020074,0.5531366355,0.9372870967,1.020714307,0.8437065499,0.8533178341,1.19593613,1.036956268,7.008275244,0.6101363001,14.55664535,10.31169877,0.08657956477,0.5997530532,0.2749716524,0.7480065221,0.0,0.4365785596,1.969884762,0.0,0.0,0.0,3.42813681,0.0,0.0,10.90706604,0.0,1.571779222,0.0,0.7281273358,0.4790123457,0.0,0.7988888889,-0.1185730994,4.799061724,29.48648364,20.19137191,4.794537184,9.967957042,0.0,37.96448165,11.49902367,32.60702369,6.792942306,27.6520576,11.21535881,0.0,12.70012204,6.420821623,11.33678588,2.734028905,1.477254645,103.12,0.6216666667,0.3680909864,0.2734158478,0.230632716,0.04260510511,79.0240269,497.101531,26.29075162,0.293582343,0.7507917064,0.5926671147,0.5537179162,0.2168814506,-0.2864938012,-0.5834331711,2.51,5.19,-8.56263,0.6254392,9.942446,16.7488,-19.626743,-16.08898,12.373996,5.569082,9.838865,8.975475,9.889748,15.802938,-7.5728216,-8.499397,24.455082,49.04223,14.491078,-5.152331,3.02223,2.487466,3.7644484,-36.902515,-3.421639,1.5938466,-22.403301,6.24051,32.1673,13.617629,5.828474,-14.572635,2.788326,0.8723327,-14.166793,-12.192334,-9.705487,2.4063325,6.43332,6.75775,24.334726,-21.107733,-43.74122,0.3441208,-5.1881046,-20.794653,-17.96364,9.76889,-37.228813,-5.6749754,7.701749,-15.81195,30.53322,28.947952,-5.8255253,20.376171,28.535826,38.030834,-36.950554,-3.6382372,-18.574486,45.14805,-5.588149,-21.052917,-6.0906153,-6.2096524,-4.407937
4.874326233,3.338582677,3.169166667,204.867374,146.2371118,152.6262586,159.6814892,158.7182556,37.42538265,9.108418367,0.649872449,93.06384547,0.01211140675,-0.3160717297,0.01210087823,0.004947148333,1.347610444,1.239673076,1.011778492,0.8847044885,0.7910534362,0.9316630292,1.080805755,0.9665357195,0.8929164739,0.7544668588,1.034377907,1.160180626,1.088706772,1.129682997,0.9405995957,0.8310504904,1.286803606,1.003128649,0.8860998359,1.005459544,1.204648552,1.043730812,7.00214461,1.269246097,14.69238118,10.94643739,0.0711208106,0.5159226139,0.2749716524,0.7824687534,0.0,0.4365675589,1.961369464,0.0,0.0,-0.9337611023,0.0,0.0,0.0,0.0,0.0,0.0,0.0,0.7781554104,0.4767676768,0.01515151515,0.781372549,-0.07316727717,4.650057863,35.89326767,5.316788604,19.6337385,5.106527395,30.33183534,48.8853911,6.227901171,26.1172164,5.316788604,30.96032148,11.6512838,6.227901171,0.0,12.96557803,12.39368714,4.805975597,1.64766217,88.42,0.7469444444,0.535643424,0.2885015117,0.348757716,0.03444444444,83.14784874,605.7342775,32.70441676,0.7868557918,0.9378620259,1.976594455,0.1733570419,-0.4303888701,-0.03084345695,-0.8427190641,-3.24,3.93,-8.405701,1.5648583,3.7621455,10.273879,-14.732344,-10.444589,12.279226,1.4353943,14.275941,10.076006,7.747664,18.346577,-1.1401474,-8.785842,22.074524,41.037945,13.025909,-0.6789333,1.5722201,4.466161,4.87962,-31.62242,-3.6561298,-1.0094543,-15.213733,3.7784965,25.80859,13.924122,5.1746454,-14.312146,2.9250956,1.0247965,-11.494317,-7.8749347,-9.578482,2.9971547,0.57498264,5.9516883,19.78121,-15.062143,-39.366947,-1.6303087,-3.4680097,-16.555363,-9.268464,7.73994,-31.439077,-2.9742036,6.873292,-14.848888,21.670996,21.796902,2.7474282,18.681976,22.264183,32.965096,-29.863605,-5.326324,-20.425312,38.054344,-1.524466,-18.436495,-0.7019536,-6.0473757,-5.43677
4.845890206,3.230088496,2.350811486,194.8398753,143.3032368,149.0690585,157.175487,160.3100729,-73.20541903,10.44612476,-11.96786389,80.55490752,0.01029213076,-0.5247115456,0.1311527979,-0.1207308503,1.558769959,0.9903985699,1.575108087,1.089542371,0.5431522426,0.7717731209,1.215894993,1.266030042,1.055001651,0.6699029126,0.9633559584,1.163956311,1.422643282,1.27248715,1.048609289,0.7823306164,1.290616726,0.9824547113,0.7989960318,0.7630825257,1.082230238,1.007401647,3.040427984,0.6094207479,14.55686836,10.31100268,0.09974522888,0.6893292996,0.3583049857,0.9179788245,0.0,0.4258663194,2.039433738,0.0,0.0,0.5457821817,3.672194822,0.0,0.0,0.0,0.0,3.351777586,0.0,0.9930914588,0.5102564103,0.0,0.7641975309,-0.07523809524,4.404345794,34.25414256,4.983978521,0.0,14.95193556,25.32883194,31.89811458,0.0,44.94575136,0.0,19.93591408,0.0,0.0,0.0,5.917906046,22.67357176,6.427993635,1.627168473,54.46,0.8822222222,0.3281604308,0.2693609851,0.136257716,0.03561253561,78.29249809,579.0173304,26.5061711,0.6331751419,0.7796556122,0.3223980589,0.8060284647,0.07245000987,-0.1504666428,-0.8807086271,3.57,7.34,-5.8071246,1.542207,1.772355,6.204279,-9.1571,-6.157403,7.9372807,-0.088672236,9.562022,6.8784213,4.744228,11.925009,0.5142862,-6.4386663,14.276152,25.465212,8.732943,0.2637751,1.3946818,2.5295904,3.6409292,-20.460058,-2.123054,-0.7921524,-9.258018,1.3207722,16.584433,8.848052,3.5177197,-10.335868,1.1275939,0.57474816,-7.559196,-3.7048745,-6.2097087,2.4394984,-0.41451865,4.12415,12.043522,-8.959824,-25.238838,-0.82757014,-1.8675812,-10.52306,-5.748999,5.461958,-20.365604,-1.6165754,5.2778873,-9.753404,13.922232,13.866372,2.5878005,11.909861,14.519554,20.568027,-17.627686,-3.9255064,-12.829264,23.087831,-0.32688296,-11.417498,0.0040278137,-4.474735,-3.9394586
4.849748974,3.738317757,3.370689655,234.1056799,148.5354983,153.216661,157.6605555,159.3045716,10.9632,11.5496,-1.7008,93.58964786,0.01734393257,-0.4667300645,0.006346952584,0.02792896134,1.511438313,1.11891662,1.009802515,1.113552969,0.9677159958,0.7928186807,1.048704955,1.032929481,0.9281851296,0.6177041575,1.145639159,1.087049013,0.9165394121,1.035186967,1.003769256,0.4735693428,1.008314452,1.000737785,0.9329104667,1.10514222,1.185388865,1.019232201,6.028466039,1.421355598,14.63956324,10.9478512,0.08555061277,0.5652352563,0.4110544159,0.7967487627,0.0,0.4366629633,1.939560434,0.0,7.207536416,0.0,3.372678729,4.196344312,0.0,0.0,0.0,0.0,0.0,0.3092478234,0.4727272727,0.01515151515,0.78,-0.1020038785,4.90875844,31.07264911,10.30076712,4.983978521,14.98529578,18.20875424,37.26522558,0.0,13.46849361,5.316788604,26.29938345,6.544756406,0.0,0.0,29.18345016,23.20801373,7.95088263,1.526742394,130.88,0.9030555556,0.5538548753,0.4011558327,0.309382716,0.04088050314,85.16785714,629.7020606,30.1106621,0.5975371706,0.9508689612,1.971512741,0.2320885383,-0.3725031495,-0.110131697,-0.6792424211,0.0,2.79,-11.094696,2.0070162,7.2341833,17.236034,-21.550716,-16.799562,16.570011,5.32411,12.7184925,12.962187,13.485718,20.384,-5.69198,-11.025865,26.010431,60.220955,18.385021,-6.8851748,4.7688107,9.347033,5.4164186,-41.085754,1.9105017,-0.07437223,-22.369162,9.377664,39.751976,15.421692,10.613912,-16.031435,2.7824674,0.07264054,-19.493664,-16.366758,-12.423626,1.2534193,9.6313095,7.276401,31.765188,-22.09151,-54.310825,1.2318738,-7.971999,-26.143353,-19.004856,12.040813,-41.439594,-9.631705,11.708859,-20.620073,32.59241,28.499575,-3.8693156,28.987217,28.972704,42.356415,-41.388992,-4.5892653,-22.36506,57.29235,-5.329667,-23.381948,-8.676085,-7.8266926,-4.9236946
4.843471961,3.964705882,3.708667,241.5864044,145.7653998,149.0046466,151.5107178,155.851185,-5.16654069,8.653061224,-2.244897959,72.50901465,0.02980478062,-0.5685004066,0.08152655303,0.1342905211,1.562381458,1.009996236,0.8585615565,0.6867823244,0.8998738635,0.895462449,0.9556283104,0.9001592193,0.9759425146,0.6380928854,1.246991979,0.9627961799,1.228044332,0.9070667614,0.8911865751,0.6261114289,0.4749570351,0.9221051488,1.019614939,0.7809001463,1.027655157,0.9779253842,7.008275784,0.6101848837,14.55664569,10.31170939,0.0906617452,0.5680413817,0.5249716524,0.7380107335,0.0,0.4277085371,0.0,0.0,0.0,0.0,3.385525321,0.0,0.0,10.90563433,0.0,1.5144495,0.0,0.4504143285,0.4797619048,0.0,0.7956989247,-0.1175741077,4.57311809,34.18958283,20.19137191,4.794537184,9.967957042,12.13273414,30.33183534,11.49902367,0.0,6.792942306,27.6520576,0.0,5.907179729,6.792942306,17.13736782,18.32957771,1.749436657,1.525774316,103.12,1.038333333,0.314271542,0.3442066641,0.208441358,0.03213824289,80.51765286,454.7627687,26.52607008,0.8550668442,0.5501311811,1.422660723,0.9302140494,0.04381050465,-0.3287081243,-0.8652572053,2.51,4.68,-8.585622,0.6517699,9.888451,16.706121,-19.599916,-16.066658,12.390219,5.499051,9.876691,9.014276,9.894699,15.829889,-7.497533,-8.552611,24.451344,49.02923,14.524271,-5.1294885,3.0348036,2.5118961,3.7883403,-36.914757,-3.3861518,1.5734004,-22.36078,6.2071815,32.193485,13.615339,5.8623424,-14.616151,2.755131,0.8681343,-14.193695,-12.157612,-9.732644,2.4111779,6.3947554,6.7632055,24.335812,-21.056004,-43.77175,0.35092598,-5.174288,-20.792202,-17.938808,9.805891,-37.233406,-5.680982,7.7564564,-15.826924,30.528229,28.91288,-5.776227,20.398489,28.535275,37.997784,-36.891636,-3.672858,-18.585495,45.13135,-5.5533667,-21.038767,-6.0725307,-6.2471,-4.4309306
4.84857093,3.563106796,3.44869281,215.7708229,149.7946163,155.2232052,161.4990051,161.8595455,1.444444444,8.715277778,-5.696180556,105.8936756,0.01703470662,-0.5083152447,0.04917585201,-0.09620798389,1.569670841,1.091810975,0.886925126,1.234580138,0.8246481343,0.8423264808,0.8360432694,1.098849715,0.9023583163,0.6960964409,1.054281988,1.127836545,0.9874856487,1.12238806,1.062454717,0.5971022839,0.6890348644,0.9519358309,0.9513981032,1.022434879,1.13746691,0.9140232855,8.001919186,1.434202656,17.42477342,10.96052849,0.09254182119,0.5805272079,0.2749716524,0.7362386076,0.0,0.4309705789,1.956358544,0.0,7.288968252,0.0,3.391821224,4.194665424,0.0,0.0,0.0,0.0,0.0,-0.2665311897,0.4695238095,0.03333333333,0.7973214286,-0.09478407771,4.84987474,27.78001276,10.30076712,4.983978521,19.37571083,12.14238718,49.39795972,0.0,13.46849361,5.316788604,26.29938345,6.544756406,0.0,5.817220841,6.544756406,17.14164666,8.055372164,1.540603776,83.3,0.7225,0.5755385488,0.2590230537,0.211882716,0.03287037037,81.67285009,546.2251503,29.50962124,0.97251529,0.9270940329,1.900150409,0.416880813,-0.1012228338,-0.05060193695,-0.9082457213,0.0,3.13,-7.7657313,1.6370931,3.883309,10.085431,-13.957033,-10.129369,11.33695,1.6710781,12.213485,9.260726,7.5811825,16.32378,-1.6075748,-8.209422,20.045052,38.846195,12.251377,-1.6252568,1.9197385,4.6407022,4.3784823,-29.27391,-2.300683,-0.7427832,-14.506922,3.995211,24.829908,12.389718,5.473654,-13.054517,2.3832245,0.68316096,-11.461421,-8.012046,-8.774209,2.4827955,1.8922497,5.5260386,19.029081,-14.305015,-36.76173,-0.80184954,-3.6706278,-15.929966,-9.718289,7.636851,-29.195395,-3.5336835,6.9936013,-14.009478,20.755558,20.15886,1.3955654,17.916153,20.668934,30.276106,-27.63468,-4.6067314,-18.002085,36.087494,-1.8782321,-16.844671,-1.9000922,-5.766871,-4.787729
4.848683342,3.625,3.04324417,229.7647223,146.6826228,153.8360163,154.393322,155.5741658,-11.05181768,12.51557093,-5.429065744,89.71233885,0.01766001006,-0.4714963471,0.005501978195,0.1629870373,1.500129729,1.155817556,0.8729447065,0.9991037037,0.8955140178,0.9906627022,1.013566451,0.8810241423,0.9608684688,0.6231671554,1.079307537,1.11391129,0.9804396712,1.059384164,1.089086524,0.9918576159,1.188152911,0.9507651383,0.98105361,1.08191062,1.192605992,1.017029955,3.513570969,0.604984461,14.63944045,10.31162844,0.08992630494,0.5805272079,0.2749716524,0.9242705142,0.0,0.4340286995,3.658412682,0.0,7.526216895,0.0,0.0,4.232704122,0.0,5.323047129,0.0,1.598662578,0.0,0.8285308012,0.4860215054,0.03225806452,0.7947916667,-0.08358624609,4.848129263,29.67113157,10.05365156,4.983978521,14.98529578,35.61190719,42.82867707,5.13155848,13.46849361,12.42658615,28.42520247,6.544756406,0.0,0.0,6.544756406,29.79403131,8.331651359,1.551421144,76.74,0.7294444444,0.5130385488,0.2711404006,0.269382716,0.03679078014,82.7928273,628.1286033,26.31220509,0.7529964995,0.5784417399,1.601448951,0.4888090538,-0.2574913828,-0.3171875818,-0.642422667,0.0,3.89,-7.073058,0.7345511,5.416135,10.5624,-13.768699,-10.57778,10.1267,2.3358192,11.308707,7.718642,6.6310406,14.986069,-2.9836862,-7.1475687,20.340528,36.178493,11.045798,-0.91387606,1.0802706,1.7440813,3.696725,-28.9646,-5.0010543,-0.036862075,-15.456745,3.2418501,22.828033,12.401544,3.2757924,-12.604815,2.8829565,1.14504,-9.463559,-7.1301646,-8.158547,2.8611145,0.7834319,5.371569,17.017128,-14.736937,-33.935566,-1.4496115,-2.8085542,-14.473242,-9.802114,6.626437,-28.6698,-2.0248933,4.9298463,-12.240466,20.98458,21.562538,0.16002649,15.013114,21.627327,30.204365,-27.871603,-4.3126826,-17.576527,33.08879,-2.3188052,-16.967207,-0.7061828,-4.8780627,-4.6243315
4.84857093,3.514285714,2.909522819,225.7116946,146.0676287,152.4625167,153.7663145,156.8715096,-29.84355556,11.5904,-7.512,88.63630452,0.0126470027,-0.5396822277,0.08951957786,0.1327928165,1.61799717,1.01518339,1.007491452,1.410917667,0.979863159,0.9472188384,0.9759848525,0.9614940538,1.039285302,0.6543803419,1.001602564,1.140671228,1.047207447,1.105769231,1.121794872,0.8517694067,1.309504804,0.9393001847,1.023957086,1.049949576,1.147939062,1.048958227,3.057284777,0.6049846518,14.63943751,10.31162861,0.1034121956,0.5805272079,0.2749716524,1.022895799,0.0,0.4309705789,4.08824229,0.0,7.567211275,0.0,0.0,4.234983436,0.0,0.0,0.0,1.623109857,0.0,0.863489229,0.4911111111,0.01666666667,0.7731182796,-0.0693448111,4.643074189,30.79327908,5.316788604,4.983978521,14.98529578,53.30809282,37.61968013,5.13155848,20.39223081,5.316788604,21.31540493,6.544756406,0.0,0.0,0.0,22.68423376,8.383151436,1.598916169,67.51,0.7225,0.5755385488,0.2590230537,0.211882716,0.03287037037,81.67285009,621.3855175,26.91080039,0.0126608859,1.055772919,0.8678933804,0.3388759581,-0.09654031183,-0.3247782995,-0.5827358211,0.0,4.35,-6.5874424,1.6723442,2.6370416,7.923345,-11.16729,-7.9383197,9.381895,0.7502306,10.197158,7.92203,6.2039824,13.426363,-0.53208864,-7.231867,16.27765,31.410315,10.303086,-1.034486,1.8216019,3.9208012,3.8543026,-23.942665,-1.4134016,-0.699621,-11.439844,2.857435,20.489304,10.028952,4.8297863,-11.246726,1.4701291,0.4445035,-9.57708,-6.0273824,-7.268259,2.16738,1.250081,4.6079354,15.446981,-11.199671,-30.176294,-0.4632905,-2.8549783,-13.057883,-7.781678,6.5637593,-23.835611,-2.9650626,6.3467364,-11.619426,16.912233,16.199673,1.5675924,14.820295,16.851389,24.295923,-21.692108,-4.0999594,-14.554444,29.021984,-1.170898,-13.504179,-1.5028231,-5.057911,-4.108685
4.91132348,3.743902439,3.301127214,232.3031029,147.6171479,155.6861186,155.8783496,159.9053234,26.83760684,11.92899408,1.153846154,66.93814597,0.01385282434,-0.4756778122,0.03647737234,0.06524310794,1.487265207,1.06170059,1.001757417,1.038003544,0.762996429,0.8150545249,1.062608247,0.9302728013,0.8800651466,0.5989858907,1.171409214,1.041252635,1.067283951,1.058813443,0.8561728395,0.6097928954,0.8289372171,0.9719267492,1.032233527,1.052639392,1.316092926,0.8382244229,7.008279439,1.402655014,14.69249502,10.93783218,0.152548227,0.3430130341,0.4743298844,0.696179025,0.0,0.4307788997,3.639324927,0.0,0.0,0.0,0.0,0.0,0.0,0.0,0.0,0.0,0.0,0.7446167695,0.4722222222,0.02083333333,0.8152777778,-0.09702911468,4.537677617,25.55637877,4.567099648,4.794537184,14.64975998,12.13273414,37.25557254,5.817862778,6.9237372,0.0,24.31554143,7.047671983,0.0,5.559266895,10.90292493,17.92631849,3.26007142,1.55963102,65.6,0.7013888889,0.3550524376,0.2093726379,0.14125,0.03732638889,72.62033852,472.4146538,22.80247245,0.6760388797,0.2474763463,1.186857777,-0.05705847771,-0.3382249138,-0.1360324474,-0.6509966146,3.06,2.43,-6.2172937,0.7796233,2.8987134,7.530788,-10.997237,-7.841167,9.164069,1.295324,11.05076,7.400433,5.575254,13.990174,-1.0515226,-6.2585125,16.851183,30.447329,9.5342,-0.11538918,0.78560925,2.955669,3.5903494,-23.691471,-3.610243,-0.73310846,-11.493042,2.8744147,18.795816,10.858361,3.2041056,-10.502164,2.6174388,0.957783,-7.9620314,-5.8316736,-7.1880603,2.267876,-0.16479415,4.3951225,14.591922,-11.397153,-29.222471,-1.7286724,-2.430882,-12.072151,-6.4892235,5.343006,-23.51869,-1.8438466,4.366952,-10.751099,16.002142,16.56485,2.2999601,13.524406,16.735088,25.107965,-22.93297,-4.0174813,-15.874995,28.296392,-1.1493174,-14.127023,0.074959025,-4.223877,-4.048007
4.831606468,3.152380952,2.7278402,204.1126693,145.95912,152.7713388,158.1291007,161.5068162,-60.41043084,11.95460225,-5.87755102,86.6028529,0.01543810314,-0.5939157582,0.09171240073,0.03600271282,1.642630444,0.9960191106,1.400304452,1.251338282,1.08975456,0.8271140441,1.235129057,1.028685282,1.14907881,0.7437274135,0.8794630872,1.025226597,0.9885702664,1.135946811,1.006711409,0.6004542713,0.9430164822,1.002545277,0.8371283297,0.8215712051,1.180993179,1.090807648,7.008271331,0.6094207478,14.55718057,10.31100266,0.09909604183,0.5997530532,0.2749716524,1.26856555,0.0,0.4352001174,6.036563504,0.0,0.0,0.32606449,3.396444161,0.0,0.0,0.0,0.0,3.185318782,0.0,0.721630291,0.5,0.0,0.7833333333,-0.1021729683,4.940841477,30.62271913,10.30076712,4.794537184,14.95193556,19.91384147,24.97437738,0.0,33.73678963,0.0,25.84309381,11.33929359,0.0,5.907179729,18.88348407,22.67357176,0.5080783922,1.476391006,83.56,0.6216666667,0.4930909864,0.3162399219,0.3053240741,0.04683048433,80.24536951,598.1652639,27.7310987,-0.1440437261,0.3857845696,0.6469772845,0.4994260875,0.06708317731,-0.2257993279,-0.8196187315,3.51,6.7,-7.7000933,1.4711508,3.996625,10.115809,-13.973578,-10.222369,11.308664,1.9034709,12.010684,9.145942,7.6227508,16.1906,-1.8835678,-8.012337,19.937393,38.862312,12.156967,-1.7581807,1.8429756,4.6620994,4.250906,-29.111382,-2.3209395,-0.6576792,-14.578325,4.2505894,24.778194,12.389273,5.388055,-12.761081,2.5022173,0.70131433,-11.351204,-8.262375,-8.719035,2.3374343,2.0690203,5.4375057,19.117943,-14.391916,-36.605865,-0.85881287,-3.7576132,-15.92053,-9.790706,7.51348,-29.006575,-3.6343784,6.7685676,-13.857536,20.742544,20.133648,1.1346072,17.858225,20.551321,30.245825,-27.844543,-4.4859815,-17.949858,36.190018,-2.0401955,-16.84985,-2.012437,-5.5989223,-4.634384
4.930389993,3.835294118,2.986882716,229.1120281,146.5154789,153.69586,154.4824564,156.3614444,-37.62064431,11.82117028,-8.44312952,67.74146102,0.01187001286,-0.2468319871,-0.03973342556,0.05654137247,1.306920982,1.478279638,0.9617247027,0.7505159706,0.9459868112,0.8897694524,1.056329954,0.9310418909,1.146339959,0.5210708725,1.195616821,1.132012854,0.9770078859,0.9641156418,1.10714814,0.9112127984,1.096175548,1.010168497,0.9702222597,1.014567619,1.233982263,0.9664765945,3.043383126,1.397986833,14.69236486,10.94501743,0.07374070909,0.7556189312,0.446626588,0.6597440455,0.0,0.4217736817,2.008618565,0.0,4.268576153,0.0,0.0,0.0,0.0,0.0,0.0,0.0,0.0,0.8925164819,0.4791666667,0.0,0.7833333333,-0.06886792453,4.608315758,25.00643644,4.567099648,9.665781456,4.983978521,18.20875424,35.90493987,0.0,6.544756406,0.0,24.31554143,13.59242839,0.0,0.0,0.0,6.196843572,7.91916294,1.673106674,48.53,0.6916666667,0.3498441043,0.1962947216,0.08969907407,0.05092592593,76.44289613,505.8829155,24.4890953,0.7550408104,0.5250201482,1.143461259,0.7347790704,0.2098865427,-0.1981510339,-0.8656018826,2.45,2.59,-5.9515657,0.4082696,0.93256557,4.4984713,-7.959983,-4.898116,7.70571,-0.14588113,11.12905,6.7900243,3.6361463,12.724816,1.1767274,-5.7682767,14.624473,22.061304,7.7127337,2.7574677,0.3924483,1.1041913,3.5623925,-19.13603,-4.9361525,-1.0832793,-8.089955,0.15247488,13.250955,9.696179,1.1037537,-9.682585,2.0339968,1.633245,-4.848889,-1.9793952,-6.0342417,2.8023703,-3.7184033,3.979288,9.916248,-7.7928796,-23.1359,-2.787378,-1.0473225,-8.511064,-3.179783,3.8170228,-19.09179,0.09828372,2.8636806,-8.174787,11.673058,13.53717,4.597126,9.575376,13.853443,20.205727,-17.32811,-4.14418,-14.526506,19.95852,0.42470956,-11.256665,3.2567854,-3.5366702,-4.1916847
4.879024159,3.572649573,3.283751493,225.5246954,145.1774373,149.304831,153.4881586,156.6195585,-13.63154147,11.41046636,-4.071555714,87.14913321,0.01294858835,-0.4467305868,0.1401240263,0.1485492303,1.445812892,0.9276433351,1.035125703,0.7553100092,0.839514891,0.9099568702,1.068966915,0.9982328008,0.9262182258,0.6882687145,1.040859365,1.058495226,1.031697878,1.142917764,0.9502165128,0.5054553618,1.065015401,0.9249794467,1.030225475,0.9962717737,1.030700936,0.9251496395,7.00827661,1.416541753,14.69236057,10.93106273,0.1121352122,0.4971938746,0.441638319,0.8946957262,0.0,0.4323245357,1.969434432,0.0,0.0,0.0,0.0,0.0,0.0,0.0,0.0,0.0,0.0,0.4837806403,0.4791666667,0.0,0.7578431373,-0.06778746368,4.675572577,30.65052892,5.733667477,19.44429716,0.0,30.33183534,60.51520966,0.0,13.46849361,0.0,25.65562151,6.544756406,5.907179729,0.0,12.1082079,18.32957771,3.815631016,1.708670556,86.69,0.9519444444,0.4462514172,0.3754251701,0.353125,0.03989651416,82.20630352,607.3314381,28.09302165,1.134617224,0.5606407804,1.577229734,0.3451169527,-0.4113194426,-0.0856904552,-0.9679928285,3.07,4.5,-7.9204283,1.5645489,4.2870903,10.670588,-14.549998,-10.688421,11.654184,2.144905,11.972385,9.369057,7.9803348,16.43547,-2.1794739,-8.234825,20.35019,40.33639,12.57291,-2.1991057,2.0737255,4.9602704,4.3164816,-29.925009,-1.9873443,-0.58515567,-15.1525,4.5917673,25.844639,12.552301,5.8058925,-13.046513,2.4663954,0.60989565,-11.974987,-8.783622,-8.904139,2.2965117,2.6800842,5.598181,19.951893,-14.96819,-37.766926,-0.64394855,-4.076327,-16.62594,-10.479056,7.87771,-29.861315,-4.0376563,7.185455,-14.377966,21.57335,20.703367,0.7729893,18.643986,21.109985,31.02966,-28.661894,-4.4684677,-18.115622,37.587234,-2.2842734,-17.244316,-2.5376823,-5.797503,-4.65181
4.845890206,3.336448598,2.467700258,200.4627048,145.516037,151.4858806,158.2229217,160.2204343,-52.97805213,10.15012346,-9.842469136,81.74365716,0.01293144357,-0.4835805216,0.04996448418,-0.1171735827,1.536527047,1.090257901,1.229107467,0.9884551855,0.4852420308,0.8538240929,1.160124318,1.204725684,0.9996852316,0.6655060673,1.000252589,1.151837424,1.433397683,1.241554054,1.004912596,0.8976604654,1.183024641,0.9991498164,0.785154202,0.7616251127,1.12656307,1.036662603,3.040434968,0.6094207528,14.55712416,10.3110027,0.09202052987,0.6893292996,0.3583049857,0.9179788245,0.0,0.4258663194,2.031169275,0.0,0.0,0.4832821817,3.644417045,0.0,0.0,0.0,0.0,3.331167444,0.0,0.9726832955,0.5064102564,0.0,0.7619047619,-0.08658008658,4.791635874,31.09092842,10.30076712,0.0,14.95193556,6.066367068,44.98762739,0.0,25.68328649,13.08951281,33.0254269,0.0,0.0,0.0,5.917906046,22.67357176,2.244384606,1.550009246,66.49,0.8822222222,0.3281604308,0.2693609851,0.136257716,0.03561253561,78.29249809,552.7084339,29.2468676,0.4014269516,0.5479085695,0.4079647642,0.8109263232,0.07230048039,-0.2008226145,-0.8389962404,3.06,6.39,-7.3400173,0.27308172,1.9913689,6.578439,-11.127101,-7.1437354,10.142801,0.57626224,14.541388,8.473407,4.8927546,16.829174,0.5011508,-6.9736934,19.649065,30.399664,9.9406395,2.9624135,0.068828925,1.4883188,4.346489,-25.712896,-6.9316106,-1.3835577,-11.431039,1.0666898,17.758059,13.075483,1.3540784,-12.235751,3.4232295,2.1525578,-6.5193334,-3.6694381,-7.945414,3.5353627,-4.1628504,5.1250525,13.588929,-11.243408,-30.959778,-3.7309852,-1.6255385,-11.457741,-4.4271336,4.7170277,-25.603197,0.104036175,3.2048552,-10.916118,15.731998,18.449446,5.488057,12.841172,18.536324,27.680006,-24.412014,-5.0792813,-19.586685,27.833996,0.12883627,-15.635235,3.957767,-4.3156786,-5.364822
4.848206398,3.477876106,3.461583924,209.8225333,147.4992284,154.1488446,158.9211017,160.3039297,42.03844785,9.410466358,0.8045567818,85.77805657,0.02483359852,-0.6058913888,0.09867989841,0.001662454005,1.656320795,1.049457205,0.9118621836,0.934503928,0.8221963375,0.9285434642,1.01479526,0.9031036211,0.8949767044,0.7038418832,1.095978492,1.162869198,1.051254521,1.126529536,0.9375632911,0.6414036451,1.34002686,0.9225786779,0.9864930996,0.9733195601,1.336400293,0.8891218375,7.008273483,1.433689841,14.55867658,10.95957635,0.1051567388,0.5992559472,0.2749716524,0.7262370818,0.0,0.4348055467,1.938233913,0.0,0.0,0.0,0.0,0.0,0.0,10.95577139,0.0,0.0,0.0,0.6739192993,0.46875,0.015625,0.8029411765,-0.09539052497,4.580587713,35.8316196,20.10730312,4.567099648,14.76249423,24.26546827,43.32193961,17.32342816,13.46849361,12.10973091,27.35911351,6.544756406,0.0,19.36881322,23.01735616,0.0,1.888570484,1.569568094,90.3,0.6947222222,0.4913194444,0.2915485639,0.3365740741,0.03812056738,83.84266416,577.6923305,29.61898403,2.064262432,0.4744740958,1.791436649,0.8097048744,-0.2069594072,-0.2082692969,-0.9609658835,3.76,3.05,-7.8077426,1.1541473,9.150356,15.246719,-17.705284,-14.280234,11.049929,4.294863,9.384234,7.990913,8.283358,14.560368,-6.0474954,-8.090329,22.986914,43.60062,12.974873,-3.8929381,2.5645988,1.0721788,3.6826382,-34.246567,-4.114341,1.3296983,-20.423376,4.4365754,28.682487,12.538949,4.910464,-14.541834,2.1639354,0.7452614,-12.572481,-9.580477,-8.589755,3.101032,4.7948527,6.475305,20.870104,-18.929468,-39.28997,0.45449424,-4.1880164,-18.27227,-15.795914,9.053944,-34.2621,-3.9543493,7.2978673,-14.54047,27.556978,26.877785,-4.290923,17.776081,26.599655,34.660522,-32.52893,-3.788165,-16.930662,39.388935,-4.477745,-19.130861,-4.412063,-6.1429935,-4.6687756
4.831538567,3.511627907,3.227207977,220.5443336,146.886971,154.1874405,158.9458494,157.2915951,-26.43250689,11.1875,-4.0,80.06494255,0.02374474647,-0.6908796473,0.1728244911,-0.008727819754,1.75056619,0.9233579063,0.9959922486,1.224027729,0.9098518055,0.8139644089,1.098262314,1.028096833,1.060637513,0.6447821682,0.9904761905,1.058768873,1.038095238,1.161067504,1.00430839,0.5699153882,0.9508019278,1.025042945,0.7537635575,0.869019352,1.204687771,1.110603655,7.008273656,0.6094207635,14.55713954,10.31100271,0.1650354368,0.5997530532,0.2749716524,0.8298151429,0.0,0.4378453864,3.791212276,0.0,0.0,0.0,3.294952523,0.0,0.0,5.202865016,0.0,3.131494327,0.0,0.5726922714,0.4938271605,0.0,0.8126436782,-0.131308642,4.998871107,29.89947947,15.03763008,0.0,19.74647275,6.066367068,25.98020854,6.606881965,20.45435636,6.544756406,32.57391056,11.34374492,6.093240071,6.606881965,12.3691609,11.33678588,-0.4646550203,1.392308413,92.79,0.6216666667,0.4930909864,0.2849899219,0.2253240741,0.04148391813,79.05597908,536.7090252,28.67165337,0.1974802041,0.3801247142,0.9838493295,1.171608117,0.170582757,-0.3414678236,-0.935126368,3.12,5.64,-8.288883,0.7389829,6.8110566,12.967652,-16.740446,-12.833764,12.110764,3.4370964,12.994379,9.004946,8.070558,17.723833,-4.223035,-8.1212,23.969723,43.801113,13.043383,-1.7795868,1.3598329,2.584639,4.2529006,-34.194244,-5.542841,0.029024273,-18.62686,4.495777,27.365696,14.594,4.1020117,-14.38695,3.660196,1.2581848,-11.547979,-9.240924,-9.578141,3.150647,1.8930618,6.3124967,20.746437,-17.978844,-40.527042,-1.5965234,-3.7939665,-17.570244,-12.0973015,7.8135834,-33.98821,-2.8845494,5.824189,-14.752524,25.002228,25.537283,-0.30394113,18.277826,25.301516,36.036755,-33.73243,-4.678469,-20.635998,40.310368,-3.1686645,-20.155073,-1.5527925,-5.6150312,-5.200921
4.910146291,3.967741935,3.652412281,240.4694872,144.9111147,149.3930129,152.6172049,156.1405262,-22.47971877,8.86857761,-1.886425095,70.99946306,0.02486893947,-0.412963751,-0.04390532768,0.02323929416,1.3788412,1.229697891,1.102723031,0.8270946931,0.8914451203,0.8697796116,1.05762211,0.981367723,1.040181934,0.6037283203,1.256335341,1.154903938,1.265309165,1.012132772,0.8598554865,0.6183445102,1.20528272,0.8846892227,1.048447036,0.88022077,1.032367322,0.8907326628,7.008281684,1.400028722,14.69241559,10.94671402,0.1117725772,0.634753638,0.4630500236,0.6501483644,0.0,0.4315610527,0.0,0.0,0.0,0.0,3.173022251,0.0,0.0,10.85422445,0.0,0.0,0.0,0.4781108539,0.4689655172,0.01724137931,0.8166666667,-0.1072629176,4.514188454,31.00835773,9.473725908,14.87719751,4.681802935,12.13273414,54.09438804,11.49902367,0.0,6.792942306,21.55740557,0.0,0.0,12.3522092,45.26462041,42.59504598,1.676712492,1.605904727,92.93,1.313055556,0.422760771,0.3283100277,0.1693904321,0.04398148148,80.91504133,499.2304824,27.26252556,1.179422552,0.5922709573,1.737297385,0.225132652,-0.3657135742,-0.4256189467,-0.4795100704,3.06,3.96,-7.8847785,1.0795504,9.156947,16.053555,-17.867899,-14.911499,10.824946,5.2131987,7.247794,8.291944,9.481907,12.81294,-7.0443625,-8.107148,21.150558,44.779175,13.60239,-5.889404,3.9560304,2.4595134,3.3975365,-33.1033,-1.2209486,2.0638177,-20.648623,5.436551,30.384056,11.055152,6.345477,-13.6603155,1.2295904,0.29084206,-13.923579,-11.178299,-8.243693,2.116464,7.4586067,6.290382,22.641296,-19.013004,-39.54321,1.7896588,-4.96118,-19.61806,-18.300184,9.880004,-34.024105,-6.1231985,8.6060295,-14.653964,28.627712,26.019772,-6.826365,19.202427,26.07075,33.331886,-31.917833,-3.0102131,-14.686012,40.689003,-5.3388195,-18.23634,-7.3962264,-6.1235785,-3.693842
4.840336163,3.288659794,2.813922356,205.3733744,146.0578528,152.6142173,159.2047685,159.1758292,-108.8680949,12.63090737,-11.71030246,82.81560826,0.01716509848,-0.5913930955,0.09199943117,-0.1848502774,1.655945169,1.115423203,1.54387478,1.557350358,1.042352689,0.6850894971,1.102380514,1.432555994,1.281885705,0.6217427305,0.8743203012,1.112932414,1.295218685,1.302945265,1.131028876,0.5980853029,1.522824977,0.9084451721,0.7536931235,0.8030213046,1.16807596,1.071984845,7.008271333,0.6094207568,14.55718178,10.31100269,0.1308176126,0.587267227,0.3928227826,0.8160242705,0.0,0.4384066114,4.045336169,0.0,0.0,0.0,3.217128449,0.0,0.0,0.0,0.0,3.119152896,0.0,0.3132941232,0.5,0.0,0.7862068966,-0.1077857143,4.952591032,29.55684488,10.30076712,4.794537184,14.95193556,19.41092589,25.47729296,5.824404498,26.68911765,6.544756406,32.38785022,0.0,0.0,5.907179729,18.0630889,11.33678588,1.974278969,1.462831588,83.56,0.8994444444,0.4870323129,0.2988394432,0.1753240741,0.04042022792,79.10762827,565.3645783,26.45092961,0.5079986835,0.5429455944,0.7970417317,0.7047105363,0.08082974027,-0.3737842231,-1.034096218,3.67,6.49,-7.694813,0.5887219,4.0170145,9.613779,-14.096245,-10.093546,11.595546,2.1321158,14.266514,9.100351,6.8944573,18.020613,-1.8287661,-7.437004,21.74616,38.685234,11.758624,0.04642126,0.49684846,3.417958,4.411518,-30.109396,-5.510759,-0.9747705,-14.836517,3.8631592,23.280922,14.175205,3.3879066,-12.868825,3.9561245,1.4862535,-9.596244,-7.590253,-9.102581,2.9276328,-0.5453446,5.487741,18.326937,-14.828187,-36.961285,-2.7169793,-3.0578647,-15.053249,-7.8799915,6.274362,-29.860802,-1.9539196,4.6512437,-13.41556,20.097233,21.394798,3.0314384,16.725683,21.294172,32.447815,-30.045311,-4.9004927,-20.81529,36.110718,-1.6107254,-18.347334,0.6149317,-4.970861,-5.125971
4.832453814,3.458715596,3.021978022,218.1750679,144.2487615,151.0004443,155.1327327,156.5978243,4.825204699,14.19544322,1.309718761,80.95689489,0.01757093037,-0.3911565367,0.05913805087,-0.08881351592,1.389697027,1.321118624,1.335393011,0.7163086915,0.7007712089,0.9614054201,1.125665171,1.039527709,0.8971393945,0.6285349389,1.219011799,1.094570601,1.192188852,1.004666083,0.8935915333,0.9407337415,1.149012225,0.9883062333,0.9932752108,0.8670065048,1.191097233,0.9878742594,3.514126327,1.435688978,14.54957145,10.95972828,0.0717373049,0.3242842948,0.3860827635,0.717987017,0.0,0.4434958058,5.672929043,0.0,0.0,0.0,0.0,0.0,0.0,11.68448586,0.0,0.0,0.0,0.6724459877,0.4788888889,0.05,0.7752688172,-0.05896934116,4.345199464,34.0894592,14.79051451,4.983978521,4.983978521,24.26546827,61.87549537,5.749511833,13.8474744,12.42658615,17.07775458,0.0,0.0,0.0,11.49902367,13.30664111,1.757710861,1.720519914,56.27,0.9236111111,0.4079861111,0.2947845805,0.176875,0.03856382979,65.61059055,655.1201754,23.21922173,1.019966261,0.8020970047,1.911103468,-0.08561899905,-0.3870079245,-0.3273656222,-0.7858473616,3.64,5.32,-4.8979473,1.2435081,7.257165,11.233225,-12.052556,-9.909081,6.586306,2.8834214,4.62286,4.562433,5.1366034,7.9284005,-4.368082,-5.498374,15.365811,27.902939,8.329731,-2.8574343,1.8971654,-1.2390935,2.3444674,-23.343836,-3.0570233,1.6713221,-14.693476,2.178878,19.318394,7.661721,3.2072818,-10.596743,0.36278242,0.3652573,-8.444777,-5.527987,-4.8641133,2.788054,3.6179607,4.607535,13.010506,-12.903995,-25.094322,1.4063808,-2.4314847,-12.121729,-12.089934,6.689388,-23.146101,-2.1405294,5.562169,-9.502247,19.811079,19.268682,-4.366259,10.718378,19.086157,22.454166,-20.441456,-2.4738178,-9.464517,24.267975,-3.2822266,-12.308788,-3.5014386,-4.6182427,-3.2671402
4.848631425,3.606060606,3.313959542,228.5941599,147.0132531,152.9376697,156.9001186,157.678053,-8.815703435,8.401991852,-6.646446356,107.0934377,0.01444276483,-0.5477254325,0.03365632384,0.06490874254,1.581313348,0.9822209399,0.9467202577,1.120064557,0.9433688268,0.8764858641,1.076305354,0.9115155562,0.927605941,0.6944113059,1.013559936,1.100615814,1.056333682,1.1506354,1.09021573,0.6225355015,0.808684752,0.8877416038,0.9746834354,1.101779996,1.035250555,0.8653919547,8.001919132,0.6049849127,17.42477319,10.31162898,0.1012809882,0.5805272079,0.2749716524,0.9192232113,0.0,0.4309705789,1.958451573,0.0,7.397627547,0.0,0.0,4.205300494,0.0,0.0,0.0,1.530407691,0.0,-0.2500812332,0.483968254,0.03333333333,0.80906298,-0.09644241937,4.761307734,30.03797401,5.316788604,4.983978521,19.37571083,35.61190719,42.82867707,5.13155848,13.46849361,5.316788604,21.31540493,6.544756406,0.0,5.817220841,6.544756406,11.07527959,8.178135472,1.540160503,67.51,0.6669444444,0.5130385488,0.2711404006,0.244691358,0.03842592593,81.67719759,553.0040644,25.40396062,0.2944533067,0.9787200843,1.813198141,0.5678756608,0.07535588781,-0.2349227632,-0.585039628,0.0,4.25,-6.448392,1.4732597,2.928049,8.078223,-11.261309,-8.127464,9.285122,1.0801477,10.047768,7.712675,6.176195,13.330271,-0.96918774,-6.9377837,16.300264,31.502264,10.134152,-1.1861012,1.6933602,3.8258996,3.69881,-23.88519,-1.6681287,-0.6340203,-11.66277,3.0676131,20.347984,10.064718,4.605766,-10.914845,1.7152039,0.49789315,-9.423523,-6.2915974,-7.2052674,2.0796306,1.393553,4.5491395,15.475949,-11.447761,-30.021782,-0.5628984,-2.912309,-13.001641,-7.8687115,6.371058,-23.803326,-2.9233942,5.9734974,-11.468788,16.923584,16.318846,1.3033323,14.6718445,16.859959,24.490477,-22.11987,-3.9282112,-14.593023,29.186878,-1.3764871,-13.626266,-1.5412186,-4.857934,-3.9877174
4.877473763,3.806818182,3.771519204,235.6568397,150.4109527,155.8700809,161.0048466,162.5714088,54.67626886,9.346938776,5.219954649,93.97687081,0.01993550183,-0.5404631453,0.01128590817,-0.09479822489,1.569890389,1.016498021,0.8272567308,1.018159849,0.9784340439,0.7421291996,1.15235137,1.073955079,0.8313528749,0.6710431655,1.126226292,1.109802158,1.049580336,0.8358710759,0.8591332414,0.6052485204,0.8463744849,1.139678493,0.9356508578,0.9775411469,1.123170687,1.020939688,8.001919628,1.304328602,17.42477307,10.95005721,0.1532468896,0.3985685897,0.4169635037,0.7518523005,0.0,0.4375123208,1.521821937,0.0,0.0,0.0,0.0,0.0,0.0,0.0,0.0,0.0,0.0,-0.4184770474,0.4726190476,0.05357142857,0.8388888889,-0.1451007326,4.653756708,31.75786126,10.63357721,9.967957042,9.184952232,11.60093989,36.39820241,0.0,0.0,12.36446059,32.82722828,0.0,5.817220841,6.031114512,38.68818678,30.59278835,4.681348312,1.426901074,84.73,0.7986111111,0.3211805556,0.2380794911,0.24125,0.04619565217,77.55900808,498.7532824,24.50168415,0.2342358519,1.105106427,1.57792771,-0.1227245037,0.1637811328,-0.5450665582,-0.6873477765,3.32,2.78,-7.671557,0.3497779,4.2753463,9.781756,-14.308773,-10.372729,11.68665,2.4764776,14.323136,9.006392,6.9128895,18.196463,-2.227087,-7.22321,21.998621,39.130947,11.736591,0.0010228157,0.25813538,3.347792,4.3380013,-30.348282,-5.873529,-0.9439863,-15.1625185,4.1670494,23.335455,14.474756,3.1371806,-12.656006,4.282841,1.6038,-9.469345,-7.9048285,-9.168277,2.8815143,-0.5249413,5.438082,18.51529,-15.192485,-37.210354,-2.9539838,-3.1292584,-15.115724,-7.93475,6.0935874,-30.032932,-1.9410307,4.2523503,-13.371954,20.267893,21.73959,2.8816485,16.69498,21.462395,32.94875,-30.791553,-4.815468,-21.19368,36.627365,-1.8219962,-18.707851,0.65371597,-4.7870154,-5.086996
5.002197932,3.634782609,2.750295508,210.6018657,144.8464238,152.4538233,158.4877891,153.0409286,-68.6048,17.2336,-10.6688,79.21107982,0.01224376414,-0.2416839159,0.08587895363,0.008073194133,1.222994644,1.372591764,0.8871855097,0.7403840651,0.9308300748,0.8169511491,1.05447993,1.059431971,1.076825265,0.5128299842,1.161540241,1.242104388,1.043021965,1.123645947,1.014667102,0.883936711,1.059857996,1.019750394,0.737080216,1.137835581,1.182296523,1.024990966,3.510570586,1.343863662,14.69234725,10.92992762,0.07719803404,0.5726237653,0.5136135945,0.7123352952,0.0,0.4299484842,3.9719429,0.0,0.0,0.0,0.0,0.0,0.0,5.664938443,0.0,0.0,0.0,0.8276955444,0.4797619048,0.01785714286,0.7845238095,-0.06461074561,4.860631001,26.3550291,4.736862954,9.665781456,4.983978521,18.19910121,56.51803741,0.0,33.23387405,6.606881965,26.35532375,12.96557803,0.0,0.0,6.606881965,0.0,4.056231838,1.723930929,52.83,0.9241666667,0.4288548753,0.2867220962,0.177191358,0.04050925926,79.90901175,600.9051358,20.6437026,1.564951289,0.3271301768,1.751890485,0.1927953281,-0.5032145752,-0.2116158954,-0.7743182072,3.38,4.93,-5.1755414,-0.2128177,4.0396094,7.1236677,-9.865894,-7.444269,7.3470654,1.6106138,9.568707,5.327073,3.8429174,11.680527,-1.9215572,-4.874962,16.23248,24.917841,7.509204,1.2589146,-0.24980637,-0.7068247,2.7501016,-21.694828,-6.5994997,-0.27446175,-11.370621,1.2640567,14.868364,10.208949,0.3888437,-9.595383,2.872335,1.7625905,-5.15709,-3.8140528,-6.000606,2.8660736,-2.0868268,4.169014,10.729137,-10.671007,-24.153162,-2.4178638,-1.2130212,-9.380669,-5.7316017,3.856295,-21.244116,0.27757305,1.8843395,-8.063286,14.821446,17.033112,1.2986209,9.049061,16.792501,23.038832,-21.089653,-3.4827206,-14.679973,22.39893,-1.1749611,-13.170687,2.1745372,-3.0705051,-4.048379
4.997145139,3.35042735,2.479091995,208.7907901,145.5322426,153.8013082,154.5260803,161.4299729,-124.2665556,19.07830071,-15.77675968,76.31959106,0.006701377923,-0.1691533402,0.2863211845,-0.1268038675,1.217148304,1.262696501,1.172571334,1.062233389,0.9689580883,0.9293431792,1.201633404,1.368259608,1.096575598,0.756454618,1.159317422,1.138962994,1.442613336,1.306897684,0.902675569,0.6281198108,1.186306356,1.119324869,1.122227601,0.8227359522,1.247166029,1.129497106,3.042073608,1.134637089,14.69234339,10.96200942,0.08568810238,0.6498253634,0.7194749337,1.854558428,0.2041241452,0.423750376,11.00297337,0.0,0.0,0.4324357521,0.0,0.0,0.0,0.0,0.0,0.0,0.0,0.9410846561,0.484,0.0,0.764,-0.05168263326,4.315755957,28.85512551,0.0,14.64975998,0.0,26.83757867,49.09138463,0.0,47.08134845,0.0,19.74844179,6.544756406,0.0,5.414990469,5.917906046,0.0,1.881884448,1.717499725,43.6,1.198611111,0.610260771,0.3038548753,0.0625,0.06879844961,77.00130056,550.8738532,18.4951808,1.030150518,0.4001970177,0.8763296799,0.02673924933,-0.2826185736,0.06119216147,-0.4940274022,3.03,4.69,-4.6884665,0.29116318,1.4472699,4.5511084,-7.3487396,-5.01563,6.5142617,0.3963148,8.91708,5.441763,3.3880143,10.53709,0.07449893,-4.6060796,12.445713,20.18313,6.6708207,1.2822101,0.30028722,1.2641444,2.7977345,-16.756397,-3.773527,-0.7379533,-7.6387606,1.0717934,12.203771,8.202724,1.3479575,-7.879211,1.9804446,1.1182014,-4.6964383,-2.8553343,-5.2038717,2.0376327,-1.9199721,3.2683215,9.305279,-7.465769,-20.250444,-2.0231717,-1.1713738,-7.770596,-3.463024,3.3605883,-16.627274,-0.4563557,2.5105395,-7.144071,10.6693535,11.838697,2.878718,8.693618,12.026787,17.799831,-15.804527,-3.2715056,-12.139385,18.531176,-0.15397406,-10.109697,1.6511337,-2.9105806,-3.2565227
4.907192894,3.755102041,4.195555556,233.3896732,147.0552359,148.7214868,156.1162666,160.0140535,-7.066115702,9.21642562,0.722107438,114.0499102,0.01920828775,-0.5373378531,0.04325583401,0.05497175759,1.50297978,0.8308392903,1.281491642,0.675819152,0.8080640791,0.6875129778,1.052315782,0.9661175672,1.001200622,0.7059584418,1.17371594,1.081423746,1.256477961,1.013834762,0.7517919093,0.5472337755,0.8376457864,0.9125069311,1.050198625,0.833229789,0.7948517078,0.8472390291,8.002963604,1.394802091,17.42581533,10.94343488,0.118827496,0.4646501836,0.6301225756,0.716390412,0.0,0.4360124218,0.0,0.0,0.0,0.0,2.939511291,0.0,0.0,0.0,0.0,0.0,0.0,-0.5061684737,0.4633825944,0.05172413793,0.8175595238,-0.1155698854,4.100921675,37.8919591,5.733667477,14.68775618,13.46263303,24.26546827,54.09438804,0.0,0.0,0.0,15.68766447,0.0,23.10088831,16.82083098,16.81428926,30.33183534,0.0,1.595273649,80.88,1.615555556,0.4479520975,0.4142258755,0.290625,0.0518707483,79.08823421,426.390893,22.10739849,1.255668883,0.7273665935,2.084039715,-0.02584798514,-0.347891962,-0.2122951718,-0.5608146339,2.85,4.69,-7.1598434,1.7090572,4.119002,10.6426735,-13.26321,-10.382948,10.312634,2.733549,7.885893,8.388333,8.459309,12.587021,-2.937679,-7.4215636,16.040268,37.429646,11.83372,-4.339752,3.4448037,6.037956,3.6731918,-25.749561,1.8716415,-0.066714704,-13.735015,5.4187875,25.259417,9.305089,7.1136456,-10.608674,1.1258963,-0.20510834,-12.630757,-9.829122,-7.804923,0.9081468,6.085159,4.712998,19.847929,-13.377754,-34.06906,1.224817,-4.862098,-16.443838,-12.095643,8.030432,-25.987123,-6.2465196,8.212869,-13.074453,20.495972,17.461464,-2.3122458,18.366184,18.133045,25.942764,-24.846844,-3.1691256,-13.466018,35.4032,-3.0795364,-14.298243,-5.7206492,-5.3709755,-3.201487
4.84857093,3.47706422,3.045482295,213.7000079,148.7144744,154.6078004,158.2270532,160.5793272,-12.25221069,11.82852749,-4.997308727,88.13276405,0.01512289503,-0.5002492977,0.1579474895,-0.06618720033,1.600987535,1.129415371,0.9759244608,1.234855012,0.9291510403,0.9039825011,0.9063867099,1.054070885,0.9881298084,0.6584003843,1.043017464,1.127866107,0.9838084421,1.086864479,1.067713248,0.7605897659,1.113414318,0.9237879483,1.015545731,1.003513653,1.263348207,1.017568554,3.057287549,1.434202526,14.63947466,10.95354213,0.09431792027,0.5805272079,0.2749716524,0.8399111954,0.0,0.4309705789,4.066000909,0.0,7.434471211,0.0,3.465895298,4.221332091,0.0,0.0,0.0,0.0,0.0,0.8357114512,0.4766666667,0.01666666667,0.7625,-0.06815129021,4.769697891,27.76419866,10.30076712,4.983978521,14.98529578,29.8385728,44.18896278,0.0,20.39223081,5.316788604,26.29938345,6.544756406,0.0,0.0,6.544756406,11.34744789,8.231487368,1.599272775,83.3,0.7225,0.5755385488,0.2590230537,0.211882716,0.03287037037,81.67285009,568.0393507,25.85935857,0.8571832799,1.088131584,1.177150037,0.2279725905,-0.1297720571,0.08531162185,-0.8421257782,0.0,3.24,-7.6233587,1.1735677,4.003223,9.910849,-13.849458,-10.207732,11.264324,2.0328646,12.171823,9.04899,7.530295,16.290478,-2.0283804,-7.750771,19.95339,38.596527,11.988002,-1.5521976,1.5737487,4.5378227,4.164725,-28.934788,-2.7544827,-0.66403574,-14.519982,4.3567576,24.370274,12.5767975,5.014781,-12.414472,2.7879717,0.86698526,-10.958672,-8.328492,-8.7530575,2.2430952,1.7373277,5.325758,18.97543,-14.354377,-36.363716,-1.212719,-3.662816,-15.68265,-9.482429,7.2022634,-28.77786,-3.4873743,6.2520475,-13.546276,20.503702,20.1023,1.2204248,17.509909,20.422928,30.311457,-28.184721,-4.469843,-18.286049,36.05338,-2.0714374,-16.970066,-1.6965355,-5.3413324,-4.557557
4.852746254,3.459016393,3.381666667,210.8721048,147.5967449,152.4611344,157.5778633,158.8021311,-56.53061224,12.84056122,-11.08418367,89.5251863,0.02531805969,-0.5648609039,0.1274250473,-0.08917231483,1.612944642,1.036830921,0.8069963204,1.147745334,0.9522220244,0.8728492885,0.8840556274,1.106042307,1.067131408,0.6670276123,1.134493685,1.071092416,1.010031649,1.126911884,1.139939767,0.5940282103,0.4663490489,0.957952584,0.9707760193,1.013489055,1.185843099,1.051811488,7.008276949,1.424213939,14.55693382,10.95129637,0.07784742295,0.5805272079,0.441638319,0.7800721516,0.0,0.4351807591,2.080033024,0.0,0.0,0.0,3.433158672,0.0,0.0,11.00887229,0.0,0.0,0.0,0.4655644264,0.4696969697,0.01515151515,0.772972973,-0.09143154143,4.879244771,31.09121391,25.50816051,9.778515705,4.983978521,12.99010427,61.01812524,11.49902367,19.88931523,12.10973091,27.6520576,12.96557803,5.907179729,6.792942306,17.85771973,12.13273414,0.8442910175,1.595484221,115.15,0.9655555556,0.6163548753,0.3084057697,0.221882716,0.03390522876,85.087787,583.9382002,32.98258019,1.166248501,0.4815872699,1.913257985,0.2084749497,-0.4071217437,-0.0133878033,-0.890832582,2.35,4.55,-9.788651,1.4235327,10.517823,18.82062,-21.67144,-17.801811,13.667706,5.925129,10.068245,10.38127,11.455592,16.834959,-7.9112706,-10.002352,26.10159,54.987644,16.63539,-6.6477046,4.4310527,3.7917624,4.378688,-40.554546,-1.6575952,1.8317513,-24.543697,6.844184,36.894154,14.068718,7.823457,-16.559309,2.079386,0.5097318,-17.009949,-13.715992,-10.625896,2.560764,8.525594,7.615643,27.74834,-22.916864,-48.971893,1.5704728,-6.172756,-23.818708,-21.035652,11.807397,-41.35137,-7.2861505,10.309894,-18.198378,34.136467,31.237041,-6.9024715,23.867819,31.203426,41.03545,-39.454487,-3.955865,-19.130651,50.43539,-6.1698318,-22.516417,-8.199554,-7.539676,-4.750608
4.87862781,3.594594595,3.046085859,228.7155844,143.0831174,148.2149672,152.9262545,156.3068326,0.04,9.9336,-4.4856,83.54265275,0.008293624389,-0.1779764776,0.00772005772,0.1088355106,1.119614768,1.288771809,1.232926331,0.8846832365,0.8503938702,0.921630094,1.108677643,1.047935103,0.8982362267,0.6667444211,1.027146811,1.065761353,1.102169349,1.221381373,0.9828732415,0.5254419192,1.087673611,0.9050908808,1.024195413,0.9938542943,1.029753449,0.9311478557,6.027276355,1.417033027,14.69236318,10.93106272,0.06735872175,0.4971938746,0.2749716524,0.8357701611,0.0,0.4340286995,1.981398874,0.0,0.0,0.0,0.0,0.0,0.0,0.0,0.0,0.0,0.0,0.6458176774,0.4838709677,0.0,0.764516129,-0.05983193277,4.56836744,30.56605905,0.0,14.64975998,0.0,30.33183534,60.51520966,0.0,13.46849361,0.0,19.74844179,6.544756406,0.0,0.0,12.1082079,6.196843572,3.854580846,1.758874706,67.39,0.8894444444,0.4462514172,0.3441751701,0.273125,0.0389739229,81.01835435,653.2505591,26.95382491,0.630870347,0.492261304,1.708844506,0.4139617502,-0.3552913487,-0.2250286011,-1.048251297,3.41,5.33,-6.523581,1.8970854,2.8604283,8.269659,-11.275506,-8.068383,9.217476,0.91701984,9.428886,7.748238,6.343346,12.837778,-0.7753993,-7.219364,15.888888,31.56514,10.276594,-1.6398797,2.1541502,4.108931,3.8080406,-23.707884,-0.7413476,-0.5500427,-11.575791,2.997209,20.818203,9.578521,5.2085476,-11.192679,1.1786447,0.1814434,-10.044808,-6.2382474,-7.0115323,2.12904,2.1261663,4.645946,15.585937,-11.312743,-29.99926,0.09571041,-3.1163266,-13.300499,-8.424201,6.8491826,-23.682907,-3.3011866,6.8210726,-11.783969,17.157644,16.035076,0.94034165,15.061899,16.708181,23.871393,-21.244871,-3.8399255,-13.693928,29.08799,-1.3969262,-13.176736,-2.2350214,-5.2117867,-3.9508557
4.87862781,3.635514019,3.177971576,227.6120529,144.226992,148.8157428,156.5061101,157.7740327,-51.89795918,9.635985006,-7.869221158,84.94540225,0.0119572228,-0.4564159634,0.02859190825,0.1177349343,1.422910132,1.084107402,1.397651138,0.9086790903,0.9956057232,0.8340016038,1.068965517,1.086845466,1.058748404,0.6640407657,0.9867521659,1.056485121,1.088888889,1.224006488,1.041200324,0.5326537114,1.112125824,0.8865123682,0.942156619,1.007099589,1.128583213,0.9755322518,6.027276489,1.401259818,14.5641941,10.94884838,0.0818752694,0.4971938746,0.2749716524,0.7859414391,0.0,0.4340286995,1.966057321,0.0,0.0,0.0,3.445659565,0.0,0.0,0.0,0.0,0.0,0.0,0.6329164428,0.4806451613,0.0,0.7625,-0.07501316945,4.562393052,31.93238853,4.983978521,9.967957042,9.967957042,18.19910121,61.01812524,0.0,13.34455882,0.0,24.9198926,6.420821623,0.0,0.0,11.98427311,12.26321064,2.330615952,1.696596304,91.14,0.8894444444,0.4462514172,0.3441751701,0.273125,0.0389739229,81.01835435,634.5082917,30.65739048,0.6173880409,0.6800026809,1.951043149,0.3952594706,-0.2209754068,-0.3226089673,-0.9122324535,2.98,5.8,-8.350089,2.0151536,4.483769,11.433383,-15.315389,-11.238032,12.179253,2.1402016,11.841738,9.900257,8.598807,16.70571,-2.2191846,-8.916976,20.768133,42.47877,13.39365,-2.9362187,2.700503,5.626768,4.567896,-31.119068,-0.93194324,-0.5442693,-15.784329,4.880869,27.700598,12.541003,6.854139,-13.774582,2.0302808,0.34481764,-13.279201,-9.383014,-9.223405,2.2902439,3.7179942,5.908154,21.236372,-15.564302,-39.634357,-0.011489868,-4.5339656,-17.810734,-11.638064,8.766672,-31.131315,-4.840735,8.411708,-15.356952,22.883734,21.31468,0.29289353,20.042778,21.897324,31.798397,-29.262644,-4.5458345,-18.026844,39.55213,-2.5035536,-17.572702,-3.5752604,-6.4012504,-4.775015
4.863974766,3.828571429,3.12590464,251.6315891,143.9739518,145.9522924,153.0548419,152.351071,-1.292750651,6.123702422,-2.706747405,60.55942475,0.01492122814,-0.6333730612,-0.05345755507,-0.07218187571,1.621491961,0.7093344202,0.8392854912,1.261908157,0.6302418024,0.8890049662,1.068253418,0.9407386423,1.00543958,0.6821872671,1.035227037,1.214873177,0.9951620706,1.037478346,1.060026837,0.847816524,1.46116451,1.108519692,1.035900174,1.182984228,0.9610720325,1.185605669,4.005274654,0.6050198846,14.55238003,10.31163036,0.1128875401,0.4420442044,0.2749716524,0.8330734285,0.0,0.4309042284,0.0,0.0,0.0,0.0,0.0,0.0,0.0,0.0,0.0,1.425820106,0.0,0.5120681637,0.5064182195,0.04347826087,0.7700952381,-0.09880952381,4.263933429,30.03943921,5.733667477,4.983978521,9.967957042,35.07045991,36.39820241,5.13155848,0.0,5.733667477,14.95193556,0.0,0.0,0.0,10.15419179,6.196843572,1.757452657,1.570290325,64.69,0.74,0.4297406463,0.1352985639,0.0725,0.0356867284,71.62716261,475.4315538,24.78872935,-0.112705499,0.6872236128,1.063136673,0.2422176014,0.0454113313,-0.5191742915,-0.5631071972,2.65,4.96,-6.254722,2.124149,2.7691123,8.218161,-10.689975,-7.906739,8.554984,0.9856215,7.4815164,7.3372765,6.5010424,11.062541,-0.9462868,-6.986213,13.848252,30.286724,10.011001,-2.7528481,2.8690765,4.6572113,3.6106489,-21.82323,1.2109666,-0.3073541,-10.888003,3.2654083,20.715958,8.029398,6.008138,-10.272598,0.34877124,-0.28749025,-10.58922,-6.6200285,-6.4710636,1.5829396,3.72403,4.3463545,15.504115,-10.478469,-28.348623,1.1013253,-3.4609303,-13.247368,-9.240848,7.1951904,-21.90031,-4.330481,7.665568,-11.287371,16.725357,14.427119,-0.3824411,14.970502,15.249745,21.275295,-19.159307,-3.3050046,-11.348284,27.95794,-1.7427483,-11.716679,-3.782635,-5.2533007,-3.3221679
4.849338157,3.686868687,3.540867172,234.4540703,147.8576336,153.9753421,158.8781108,160.684604,21.09436145,9.349932096,-5.918967859,128.7701358,0.01595587589,-0.5088455435,-0.008068502838,0.04028000862,1.529575001,1.032080696,1.011420273,1.081710314,0.9639313293,0.779341486,1.094296231,0.8142847182,0.8318244184,0.6771406928,1.078939469,1.06519121,0.9884558235,1.079192979,1.070827142,0.6209469118,0.6891518719,0.8818959346,0.9766353131,1.0950144,0.9748353851,0.8117000099,8.003004566,0.6049847752,17.42586338,10.31162892,0.09490509593,0.5652352563,0.5072794607,0.9422401065,0.0,0.430872001,1.919539727,0.0,7.206416412,0.0,0.0,4.17802951,0.0,0.0,0.0,1.41381661,0.0,-0.8704516036,0.4775729647,0.04838709677,0.8404761905,-0.1201982331,4.81512316,31.83179984,5.316788604,4.983978521,23.76612587,35.61190719,31.19885851,16.76600016,13.46849361,5.316788604,21.31540493,6.544756406,11.63444168,12.1082079,10.82548647,11.07527959,7.945697676,1.493257633,67.51,0.7780555556,0.5538548753,0.3699058327,0.284691358,0.04166666667,82.9374568,541.0610467,28.29158396,0.7429403579,1.175768706,1.892927879,0.4027773184,0.002380574062,-0.4007967607,-0.6130626846,0.0,4.67,-6.6293564,1.859588,2.7294712,8.116803,-11.296756,-7.9859285,9.370972,0.6965745,10.131602,7.910466,6.1988955,13.393502,-0.47937322,-7.350168,16.39923,31.598448,10.369442,-1.1113234,1.9559587,3.8604286,3.944538,-24.16021,-1.3479621,-0.6945706,-11.577193,2.6799276,20.677551,9.98658,4.925538,-11.5423,1.3513739,0.36781636,-9.8106,-5.863624,-7.21315,2.355066,1.3896538,4.727934,15.404196,-11.307017,-30.341314,-0.2650733,-2.8941689,-13.177465,-8.010076,6.7378716,-24.093727,-2.9040568,6.619638,-11.84418,17.120295,16.358963,1.5614293,14.946476,17.045218,24.400053,-21.548756,-4.089966,-14.402175,29.049921,-1.1499555,-13.514797,-1.5954618,-5.234308,-4.2043877
4.939734113,3.738636364,3.158518519,234.0658603,147.3991036,156.050752,154.2576256,161.9265127,-40.59183673,15.08673469,-1.378117914,70.67231409,0.01285467479,-0.480852615,0.06139817629,0.1696048632,1.504656611,1.071215283,0.989998271,0.9027343364,1.037610009,0.8017473567,1.06883267,0.9662493044,1.137216646,0.583234547,1.176410592,1.073536117,1.063807911,1.255574372,0.9047162401,0.5910551455,0.8256533182,0.9716964348,1.110789089,1.138213449,1.325780962,0.820321137,7.008279652,1.400895413,14.6924961,10.93736915,0.1503949091,0.4142664266,0.530216844,0.8318685693,0.0,0.4300612106,5.651512663,0.0,0.0,0.0,0.0,0.0,0.0,0.0,0.0,0.0,0.0,0.7521167695,0.4733333333,0.02,0.8106666667,-0.09149221685,4.540545101,26.04224331,4.567099648,4.794537184,14.64975998,12.13273414,43.67639416,5.817862778,13.8474744,0.0,24.31554143,7.047671983,0.0,5.559266895,10.90292493,7.047671983,3.348613087,1.572036793,65.6,0.8091666667,0.4366496599,0.2297808012,0.14125,0.04796511628,74.24055391,494.2819209,22.8521175,0.8496142056,0.2867786564,1.153068004,-0.180418357,-0.3252433058,-0.1173483424,-0.5375911895,3.08,2.94,-6.2183914,0.7926159,2.8818135,7.5247226,-10.9953165,-7.8166676,9.174034,1.288657,11.062922,7.4020977,5.566728,13.994959,-1.028191,-6.2648497,16.859674,30.430363,9.525636,-0.09458445,0.77623594,2.9440439,3.590926,-23.690683,-3.61819,-0.73069555,-11.484255,2.8703694,18.787182,10.876169,3.2023525,-10.534539,2.6134522,0.94833946,-7.941717,-5.8039036,-7.172601,2.2841778,-0.17770916,4.3917537,14.579326,-11.393497,-29.207264,-1.7242054,-2.4312267,-12.063936,-6.46219,5.3329344,-23.509941,-1.8230603,4.3623447,-10.762463,15.982359,16.56929,2.3330727,13.534118,16.729197,25.110643,-22.898216,-4.0279593,-15.875864,28.271206,-1.135188,-14.124872,0.0979971,-4.226351,-4.0567694
4.831538567,3.3125,2.803882195,208.2832895,146.0578528,152.6142173,159.9350345,157.6264411,-18.35853812,11.63090737,-6.571833648,82.81560826,0.01620156269,-0.5778642928,0.07559704626,-0.0126992477,1.610225786,0.9350921275,0.7883248589,1.091604111,0.6358224935,0.8226632501,1.004620283,1.040823485,0.9934525095,0.6553504457,0.977774463,1.068653836,1.072121122,1.139437333,1.054967184,0.6139651609,0.9003104984,0.9627771139,0.7245238102,0.8757970055,1.16807596,1.037241261,7.008271111,0.6094207569,14.55713356,10.31100269,0.1038885657,0.5997530532,0.2749716524,0.8603172599,0.0,0.4378453864,3.895903634,0.0,0.0,0.0,3.419952523,0.0,0.0,0.0,0.0,3.197002012,0.0,0.7949144936,0.5,0.0,0.7862068966,-0.1077857143,4.952591032,29.55684488,10.30076712,4.794537184,14.95193556,6.066367068,25.98020854,0.0,26.68911765,6.544756406,32.38785022,11.21535881,0.0,5.907179729,19.38639965,22.67357176,0.9692483938,1.466425876,83.56,0.6216666667,0.4930909864,0.2849899219,0.2253240741,0.04148391813,79.05597908,567.7147256,29.63745681,0.3596462012,0.6853099342,0.5536116794,0.494572619,-0.07549803589,-0.4254210589,-0.660343363,3.04,6.49,-7.874255,0.9669181,3.7054672,9.556972,-14.087599,-9.855099,11.73256,1.6671933,14.499258,9.3881,6.9488487,18.160633,-1.2395668,-7.909484,21.838203,38.734894,12.004813,0.18007487,0.776145,3.50285,4.599453,-30.374443,-5.1847715,-1.0603684,-14.651796,3.4633443,23.61496,14.1028,3.7789085,-13.52703,3.5789802,1.3601873,-9.900974,-7.1598167,-9.143199,3.112197,-0.6518234,5.6409836,18.319057,-14.590087,-37.276825,-2.458106,-3.0049357,-15.1988945,-7.8827853,6.605951,-30.151121,-1.932505,5.260829,-13.764876,20.189226,21.356236,3.4116054,17.089453,21.457155,32.355366,-29.445992,-5.136941,-20.714108,35.97405,-1.2927265,-18.212294,0.65879977,-5.3221884,-5.329938
4.876998421,3.630434783,3.116426612,235.2863203,143.7896721,147.083025,152.3103804,158.0852997,-12.8196579,9.503401361,1.036281179,65.44647248,0.01772725376,-0.462831711,0.0139562579,0.01542913591,1.367957858,0.7877511992,1.321668953,0.8928786477,0.9748043785,0.9032643366,1.118048297,1.047794007,1.078110495,0.6757125155,1.217674155,1.025238151,1.15582404,1.116742923,0.8820230652,0.6563158189,0.7731807133,1.027431634,1.057764319,0.9135498568,1.045454903,1.01939035,6.002808249,1.304464196,14.5493765,10.93671044,0.1596592802,0.2874574786,0.3908629948,0.8171398717,0.0,0.4349721911,1.986431231,0.0,0.0,0.0,0.0,0.0,10.25548433,0.0,0.0,0.0,0.0,0.1943276344,0.4902930403,0.05769230769,0.7661564626,-0.0730952381,4.552217125,28.66751562,10.423316,9.967957042,0.0,29.8000411,48.8853911,0.0,6.9237372,5.316788604,15.07448444,0.0,0.0,5.749511833,10.40885753,18.32957771,3.541983545,1.694594124,58.04,0.8055555556,0.3836805556,0.246409675,0.105625,0.04505813953,61.25963762,522.2457951,24.12017924,0.8353642376,0.7823228515,1.365457277,-0.06984228701,-0.4701306565,-0.2571414415,-0.6872409346,3.01,4.83,-5.71683,1.9714649,2.4173415,7.283259,-9.708995,-6.988283,7.866677,0.6235935,7.4132185,6.733595,5.6506,10.5074835,-0.53464967,-6.478672,13.135865,27.287378,9.065587,-1.9519289,2.347658,3.8567371,3.4025316,-20.185097,0.39464915,-0.37475544,-9.877662,2.5893652,18.506544,7.732815,5.119611,-9.790367,0.44596836,-0.14272314,-9.322055,-5.44699,-5.918851,1.7813096,2.6038983,4.0672135,13.663703,-9.547085,-25.838673,0.7140652,-2.9054394,-11.797521,-7.912821,6.420262,-20.18851,-3.3793366,6.7456455,-10.332681,15.093972,13.439947,0.3114276,13.341912,14.173759,19.79604,-17.460247,-3.220638,-10.858813,25.025723,-1.3106056,-10.903575,-2.7440639,-4.840212,-3.2931125
4.84878054,3.566371681,3.506501182,218.1669025,147.7678113,152.3607579,156.7782015,158.6586773,-2.374154503,11.41046636,-3.775720897,85.77805657,0.026684431,-0.5606011355,0.1284766729,-0.06756787684,1.602021068,1.0387553,0.7312943289,1.01130255,0.7671149666,0.9190052935,0.9102200954,1.015964279,0.9505145623,0.6882687145,1.106635593,1.121280747,0.921215594,1.059245552,1.014603019,0.5894675785,0.9002493583,0.9743474485,1.012200328,1.017046826,1.173581139,1.035014325,7.008276743,1.430639411,14.55693269,10.95129557,0.07905164212,0.5805272079,0.441638319,0.8178845035,0.0,0.4323245357,1.952686545,0.0,0.0,0.0,3.399318783,0.0,0.0,10.97545765,0.0,0.0,0.0,0.4445774048,0.46875,0.015625,0.775,-0.09539052497,4.785011616,31.28229084,25.50816051,9.778515705,4.983978521,12.13273414,55.45467375,11.49902367,13.46849361,12.10973091,27.6520576,6.544756406,5.907179729,6.792942306,17.85771973,18.19910121,0.0,1.582901204,115.15,0.8475,0.5755385488,0.2711404006,0.2940740741,0.03784013605,83.98352269,554.5827454,31.44142638,1.281219329,0.3126525959,1.84296174,0.2737405393,-0.3510313097,-0.113051993,-0.9568408257,2.7,4.16,-9.707929,1.204911,10.517181,18.699703,-21.611765,-17.808538,13.653568,6.0542784,10.104018,10.328346,11.4628525,16.850864,-8.088561,-9.831132,26.017038,54.850594,16.540796,-6.6022243,4.3020678,3.836062,4.2896595,-40.348072,-1.7846084,1.815197,-24.474297,7.020308,36.667732,14.127777,7.6528435,-16.215603,2.2779787,0.5981103,-16.797018,-13.892249,-10.674956,2.3928204,8.437065,7.5098963,27.748158,-22.91933,-48.805668,1.3489527,-6.1511683,-23.71531,-20.877996,11.589415,-41.13441,-7.3232,9.958025,-17.97712,33.99096,31.139942,-6.981941,23.713825,31.050964,41.02902,-39.70661,-3.887427,-19.286713,50.4702,-6.2424674,-22.55312,-8.143054,-7.3238435,-4.644864
4.913771694,3.971428571,3.09333759,258.0447071,143.9739518,146.0842685,151.6380716,149.2113874,-20.53116323,7.123702422,1.901384083,60.55942475,0.01503348894,-0.5943088524,-0.09716905219,-0.01475592122,1.577655479,0.7340575899,0.8730383952,1.158347712,1.051831294,0.9015856647,1.051737393,1.077322915,1.153044318,0.6381751853,1.07012233,1.203634757,1.163176446,1.01161103,0.8142235123,0.8886730673,1.219868386,1.13015878,1.005094507,1.210849983,0.9610720325,1.225628315,4.005274667,0.6050165637,14.55238461,10.3116226,0.1131187036,0.4420442044,0.3027494302,0.82952794,0.0,0.4315517958,0.0,0.0,0.0,0.0,0.0,0.0,0.0,0.0,0.0,1.447233796,0.0,0.507077192,0.5064182195,0.04347826087,0.7700952381,-0.09880952381,4.274183887,30.99869023,5.733667477,9.967957042,4.983978521,41.13682697,24.26546827,5.13155848,0.0,5.733667477,14.95193556,0.0,0.0,0.0,10.15419179,18.46005421,3.41022744,1.572415124,64.69,0.7991666667,0.3047052154,0.1385739481,0.0925,0.04147897898,71.68708612,477.0733678,20.25030454,-0.1937372504,0.9069631829,1.265458768,0.9853328887,-0.2352933237,-0.4711268904,-0.6125296875,2.65,4.96,-5.9776382,1.4209217,2.9897804,8.04115,-10.607558,-8.115385,8.524076,1.4859054,7.5461526,7.109054,6.4748735,11.124343,-1.6325349,-6.414976,13.766803,29.996027,9.735593,-2.6762128,2.4143894,4.559787,3.2314353,-21.417196,0.61127764,-0.28300786,-10.939775,3.7974594,20.140789,8.221371,5.4479218,-9.285124,0.98660254,0.053082943,-9.894921,-7.154112,-6.6007156,1.087905,3.481213,4.0288596,15.55001,-10.630015,-27.899239,0.43074286,-3.4413154,-12.896536,-8.883072,6.522142,-21.448235,-4.341721,6.5035677,-10.6292095,16.403807,14.37944,-0.68671995,14.491036,15.033927,21.46216,-20.11377,-3.118566,-11.870243,28.129538,-1.9995159,-11.947092,-3.5484817,-4.5889673,-3.0264406
5.002715684,3.293233083,2.75026455,205.8605486,144.7481467,153.223459,154.4154414,161.0072678,30.97959184,20.921875,-10.375,83.16138053,0.01206718801,-0.4214670369,0.1846627854,-0.02921096908,1.456967563,1.143087801,0.8769088337,0.8412844679,0.73818579,0.829954955,1.269280056,0.9784437663,0.832603574,0.7505279688,1.189074924,1.124600639,1.253635973,1.074719159,0.9525811333,0.5115007047,0.5718314856,1.17303782,1.085285945,0.8113867417,1.221128224,1.15968988,7.008273305,1.134637091,14.69233145,10.94298307,0.170726223,0.6498253634,0.8373260639,1.850458984,0.2041241452,0.4316780917,10.63799214,0.0,0.0,0.3549003585,0.0,0.0,0.0,5.117696379,0.0,0.0,0.0,0.5583543163,0.4781609195,0.0,0.7942528736,-0.06757443718,4.424749173,31.02657594,4.736862954,9.665781456,4.794537184,38.9703128,49.09138463,0.0,47.08134845,6.606881965,27.34065052,11.28161936,0.0,11.38429576,18.0882395,0.0,0.0,1.693323978,57.01,1.431388889,0.6909722222,0.5590986395,0.2909490741,0.06416666667,81.53263844,617.4893773,24.98220183,1.118010582,0.1894269716,0.7651899355,-0.221886627,-0.4881823247,-0.03444056341,-0.3828097265,3.8,5.11,-5.6474366,0.3119681,4.170741,7.8476844,-10.717102,-7.8751926,8.046758,1.4374633,10.313914,5.9330425,4.25008,12.643152,-1.6700066,-5.6200385,17.414274,27.114294,8.277999,1.1509306,0.06746702,-0.40814123,3.141727,-23.552805,-6.4668865,-0.383226,-12.152275,1.1825491,16.470074,10.827381,1.0256064,-10.855976,2.7428331,1.6262902,-6.1322074,-3.8347914,-6.4245467,3.2562306,-1.8901598,4.5876145,11.692687,-11.412002,-26.324137,-2.1729279,-1.4347827,-10.35623,-6.3509793,4.5154514,-23.116186,0.19476572,2.739348,-9.273228,16.031229,18.142424,1.7080479,10.339992,18.031313,24.697247,-22.061714,-3.8487606,-15.416227,24.26227,-1.0746353,-13.988092,1.9780352,-3.724334,-4.5168023
4.889108447,3.8,3.763196337,247.1396491,144.9227928,150.4081535,155.9805176,155.9530945,-44.62333994,6.077339102,-16.82152515,103.1467401,0.02458257913,-0.6249518054,0.1127417698,-0.03923340964,1.572983981,0.7530591983,0.868316356,0.8676798747,0.8027348595,0.7458217066,0.9998514131,0.9934643463,1.051258422,0.7784989264,0.8898063201,1.073904179,1.01029313,1.188479851,1.279704632,0.4874048489,0.5976117379,0.9108231297,0.8047455628,1.088182395,0.909895659,0.8240548744,8.001921173,0.6048934911,17.42477308,10.30179973,0.1291619787,0.9621754622,0.6015447178,1.443141874,0.0,0.4235849189,0.0,0.0,1.635157785,0.4514792749,0.0,0.0,9.03394333,0.0,5.178010007,1.500669929,0.0,-0.3564742384,0.4961904762,0.01666666667,0.8746543779,-0.189777135,4.877203348,32.84089438,5.106527395,14.4889841,13.88979146,35.31654427,43.18313163,0.0,18.75954929,6.544756406,47.34627086,9.589074368,18.42124142,10.13775493,32.73522296,22.72415214,3.838860287,1.334036395,87.8,1.171111111,0.739654195,0.4694428697,0.3768904321,0.06134259259,87.26943667,463.1900787,28.47501584,0.9767480586,0.08153660668,1.034924299,1.038578099,-0.0322389668,-0.2293754239,-0.1989210391,2.84,4.8,-8.576548,-1.1454211,3.905436,8.913852,-15.118258,-9.87423,12.776948,2.8439288,18.899385,9.76521,5.8672185,22.154434,-1.4218543,-7.1302524,26.534864,39.768314,11.621756,4.14978,-1.692202,0.96940994,5.0104604,-33.068626,-11.67396,-1.5959555,-15.963465,2.669277,21.249348,18.189283,-0.27758494,-14.093752,6.4458513,3.380956,-6.787212,-6.0389557,-9.750396,4.56375,-5.7174664,6.159288,17.212051,-16.029865,-39.392902,-5.920372,-2.0826774,-14.327845,-4.908609,4.422542,-33.036743,1.0263429,1.0149869,-13.3287115,19.830256,25.354265,6.6467614,15.268959,24.1385,37.6541,-34.749878,-5.705331,-27.049162,37.117302,-0.7046488,-21.661308,6.464051,-4.377259,-6.8064003
5.016359348,3.76146789,3.154853129,221.4962056,146.3076746,150.8949697,156.5851931,154.6703335,11.26346763,14.19782707,-2.472612042,78.16580123,0.01376833914,-0.4635751236,0.1695513688,-0.04755113074,1.460436184,0.840951617,0.8258732531,0.8135361603,0.8510250218,0.7652067724,1.025314991,1.153641614,0.878709789,0.5928972988,1.081901585,1.219044919,1.168277177,1.11308298,0.8584449449,0.4530491683,0.635150777,1.035730951,0.8558432141,1.025983461,1.07307332,1.05082139,7.008275627,1.343847059,14.6923631,10.9277672,0.1283542617,0.5726237653,0.5624291309,0.8129646745,0.0,0.4254435481,1.986246729,0.0,0.0,0.0,0.0,0.0,0.0,0.0,0.0,0.0,0.0,0.4564438046,0.4761904762,0.0,0.7655555556,-0.08159332758,4.822538385,26.88249416,5.733667477,19.44429716,0.0,12.13273414,55.66066728,0.0,26.31013685,0.0,25.65562151,12.96557803,5.907179729,0.0,5.563451492,18.32957771,3.84517566,1.666153001,86.69,1.042222222,0.4270833333,0.3257668808,0.232816358,0.04311342593,79.98029441,511.3204949,21.61537291,1.744369273,0.4975834453,1.843095046,0.2971570482,-0.2795919852,-0.05393698441,-0.608403271,2.6,3.69,-7.5986166,0.6877381,4.8742723,10.729372,-14.618978,-11.022762,11.452707,3.0762718,11.65469,8.823493,7.894812,16.25162,-3.282668,-7.2817593,20.212082,40.14487,12.049105,-2.3087158,1.5373132,4.693486,3.9340806,-29.35173,-2.795996,-0.40975103,-15.4521885,5.2891846,25.08287,12.801586,4.960445,-11.812581,3.2671623,0.91791785,-11.220561,-9.477924,-8.797277,1.9143045,2.7204208,5.288105,19.884495,-15.390106,-37.075157,-1.2842022,-4.1722918,-16.315138,-10.391765,7.1039314,-29.297235,-3.966539,5.811297,-13.651793,21.371181,20.858402,0.1640414,17.938545,20.788338,31.26537,-29.887997,-3.995967,-18.422735,37.768337,-2.8270714,-17.5094,-2.4308121,-5.017491,-4.228149
5.014410979,3.7421875,3.298055556,221.2532489,145.143249,148.9996695,155.7533836,154.2609384,-8.803966942,12.6,-1.88,89.94824458,0.01657996986,-0.4501459458,0.1360097957,0.005785772225,1.420845698,0.9061051663,0.9090152917,0.8220894246,0.7816133487,0.8004403734,0.9896855526,0.9977225552,0.9998870346,0.6173780488,1.125428735,1.166698675,1.078237719,1.006715557,0.9066808059,0.5168716132,0.4425589594,1.049792116,0.874341384,1.019116895,1.040805205,1.001384452,7.008277118,1.343837209,14.69236944,10.92966143,0.1017365183,0.674685838,0.5624291309,0.8199479932,0.0,0.4274317034,0.0,0.0,0.0,0.0,0.0,0.0,0.0,6.0880002,0.0,0.0,0.0,0.4393164226,0.4754901961,0.01470588235,0.7759259259,-0.08061835749,4.725837026,33.49917118,10.47053043,19.44429716,0.0,6.066367068,79.06876542,0.0,19.38639965,0.0,25.65562151,12.96557803,5.907179729,0.0,17.06247516,30.46231185,5.6840642,1.69133482,95.92,1.056111111,0.5243055556,0.2781557067,0.259691358,0.03740253411,86.80650969,611.5087423,28.57290575,1.954525425,0.4993484896,2.033173037,0.4089500401,-0.5186346704,-0.288549904,-0.8473032819,3.15,4.23,-8.400824,1.2691841,7.596508,14.37303,-17.531626,-13.861221,12.008692,3.9807425,10.368982,9.176712,9.137199,15.868448,-5.201378,-8.621457,22.44507,45.489574,13.857636,-4.2879157,3.0098202,3.7647047,4.0969167,-33.81993,-2.1537626,0.6828212,-19.28683,5.4058766,29.870932,12.773006,6.2186,-14.1198845,2.2965884,0.5224381,-13.707817,-10.724928,-9.355769,2.3776917,5.3731318,6.323234,22.625309,-18.420403,-41.2026,0.337191,-4.857889,-19.225622,-15.220872,9.358008,-34.139126,-5.239202,8.086914,-15.436286,26.887335,25.199562,-3.1972594,19.9628,25.239983,34.66334,-32.886204,-3.9090936,-17.737867,42.007267,-4.235866,-19.093094,-5.064979,-6.3269796,-4.494115
4.848683342,3.588785047,3.300873908,221.3793568,145.817401,151.6956697,154.9312634,159.4995637,-29.2944,9.9336,-6.6244,82.74899317,0.02258793037,-0.5624663556,0.0363341683,-0.02892923188,1.585180586,1.05143256,0.8822744561,1.011352094,0.9074408297,0.9148607779,0.9410364985,1.074717029,1.004102158,0.6667444211,1.097591283,1.122208792,1.01089956,1.142990436,1.077451994,0.617318952,1.071606307,0.8897900635,1.073153445,1.040119905,1.169962633,1.00732413,6.027276618,1.424257628,14.56434284,10.94948984,0.08572212558,0.5805272079,0.2749716524,0.7703214932,0.0,0.4340286995,1.95978238,0.0,0.0,0.0,3.368551036,0.0,0.0,10.97496971,0.0,0.0,0.0,0.6188274754,0.4731182796,0.01612903226,0.7828282828,-0.08843137255,4.684372821,31.26935238,19.77449303,4.983978521,4.983978521,18.19910121,54.95175817,11.49902367,13.46849361,12.10973091,21.74487787,6.544756406,0.0,6.792942306,23.80605901,6.066367068,0.0,1.628790988,95.85,0.7294444444,0.5130385488,0.2711404006,0.269382716,0.03679078014,82.7928273,604.656635,28.80216785,0.7746717938,0.7045146727,1.843182456,0.3751799225,-0.3951128769,-0.4266121422,-0.8544803651,2.88,4.98,-8.178289,1.2298928,9.336097,16.588865,-18.378994,-15.3204365,11.152607,5.327155,7.321434,8.63341,9.868809,13.091137,-7.1513605,-8.46032,21.648117,46.24237,14.105601,-6.220787,4.259896,2.6996825,3.5462503,-34.019184,-0.9105197,2.1522062,-21.207489,5.5555577,31.482786,11.227379,6.75193,-14.173877,1.070749,0.20164728,-14.563139,-11.5093565,-8.434387,2.17877,7.8838997,6.505151,23.432686,-19.501656,-40.813896,2.0609412,-5.170525,-20.341307,-19.042664,10.351713,-35.073174,-6.4540033,9.167664,-15.238642,29.51773,26.651846,-7.0820656,19.9926,26.786371,34.16026,-32.59945,-3.0808473,-14.893647,41.951027,-5.4657946,-18.649118,-7.840337,-6.409428,-3.7978823
4.848130358,3.223214286,3.265957447,195.4846507,149.2095217,158.052357,161.931559,162.7768334,-30.0,12.24371302,-7.121301775,81.33444839,0.02509886801,-0.6238533342,0.1606573349,0.05751814963,1.701095918,1.052546224,0.9321177352,0.8742414081,0.8849845796,0.8611165333,1.110711629,0.8850917431,1.029559475,0.7520266889,0.9920380079,1.05212001,0.9936688983,1.128654434,0.9997785511,0.5949317614,0.8501433615,0.9246101732,0.9492091505,0.9406486317,1.494901409,0.9079117859,7.008272747,1.290860233,14.55867164,10.95957635,0.1088093443,0.4971938746,0.2749716524,0.931578883,0.0,0.4372251137,5.764854169,0.0,0.0,0.06318986797,0.0,0.0,0.0,10.9188931,0.0,0.0,0.0,0.6885491203,0.4655172414,0.0,0.8129032258,-0.1052276235,4.781700535,29.45689899,20.10730312,4.567099648,14.76249423,6.066367068,45.03667987,17.32342816,33.35780883,6.792942306,33.40095434,6.544756406,0.0,18.86589765,18.11867274,0.0,1.895373205,1.49331415,90.3,0.6877777778,0.5104166667,0.3366480852,0.315941358,0.0441468254,80.28899972,560.49892,30.31560006,1.376732141,0.5255591276,1.236678969,0.1461177708,-0.2952900964,-0.1097103929,-0.7097031476,3.39,2.63,-7.886633,0.67405915,8.877404,14.620026,-17.548622,-13.910138,11.359979,4.050244,11.546209,7.9728622,7.6986413,16.271324,-5.600484,-7.8431926,24.62723,43.3881,12.689611,-2.0908191,1.3675033,0.1655643,3.7935665,-35.34034,-6.815297,0.8247076,-20.41669,3.894234,27.498302,14.189581,3.3675516,-14.958501,3.3514676,1.4110129,-11.210405,-8.80912,-9.07283,3.6693356,2.3292704,6.5880675,19.97707,-19.071474,-39.677364,-1.0857362,-3.491536,-17.475473,-13.856847,7.993101,-34.90828,-2.3223798,5.5968885,-14.250136,26.875053,27.786674,-2.369607,16.882975,27.302086,36.521214,-34.09731,-4.401009,-19.590967,39.153088,-3.8291492,-20.408953,-1.8206453,-5.6047645,-5.2581754
4.87862781,3.594594595,3.046085859,228.492068,143.0831174,148.2149672,152.8296981,157.1594388,-27.08,9.9336,-7.0908,83.54265275,0.008210555968,-0.1771816272,0.00772005772,0.09188248399,1.113091905,1.236521501,1.21278956,0.93954972,0.9215057653,0.921630094,1.062434692,1.099263965,0.9482504323,0.6667444211,1.027146811,1.075450092,1.062070759,1.225706849,1.016553441,0.5254419192,1.02160767,0.9297815484,1.037064604,1.035614835,1.029753449,0.9586555733,6.027276355,1.417501412,14.6923604,10.93244905,0.05820905185,0.4971938746,0.2749716524,0.8357701611,0.0,0.4340286995,1.988768489,0.0,0.0,0.0,0.0,0.0,0.0,0.0,0.0,0.0,0.0,0.6458176774,0.4838709677,0.0,0.764516129,-0.05983193277,4.52836744,31.44058453,0.0,14.64975998,0.0,30.33183534,54.95175817,0.0,13.46849361,0.0,19.74844179,6.544756406,0.0,0.0,12.1082079,6.196843572,3.83112815,1.758783089,67.39,0.8894444444,0.4462514172,0.3441751701,0.273125,0.0389739229,81.01835435,662.4561446,30.81402013,0.7825085369,0.6893120926,1.40817469,0.2304812645,-0.327580125,-0.4535981798,-0.8089308363,3.59,5.33,-6.7660656,2.4597697,2.6677222,8.366807,-11.366586,-7.8859587,9.334641,0.3880772,9.529904,7.9631314,6.350527,12.907009,-0.11830424,-7.7560244,16.095037,31.7215,10.56272,-1.5110623,2.4641752,4.019637,4.1544185,-24.166666,-0.45353544,-0.6340964,-11.532921,2.411853,21.266237,9.547596,5.569397,-12.12962,0.68842673,0.013060927,-10.575751,-5.5570254,-6.9705086,2.6089163,2.090836,4.9128637,15.390953,-11.170819,-30.440783,0.5151975,-3.099566,-13.536461,-8.668901,7.3639,-24.118065,-3.134005,7.6701884,-12.328097,17.501053,16.194342,1.3079753,15.3798,17.049894,23.818172,-20.455841,-4.0551543,-13.447694,28.831703,-1.1103295,-13.089484,-2.211224,-5.7441273,-4.2846694
4.849405459,3.807692308,5.933676269,235.6717763,149.0315359,159.5265694,155.6350949,157.6537758,10.43094536,5.183391003,-1.667820069,154.1265422,0.02324637171,-0.6938305658,0.5870090014,-0.08735311021,1.921901401,0.7344830281,1.16105934,1.091142514,0.7245762619,0.6473755208,1.029096212,0.9627276077,0.8370523948,0.9250960307,1.028829225,1.165399477,0.888534331,1.01396933,0.9510333026,0.2570378739,1.464970298,0.8759523173,0.9609665282,1.152995769,0.9818075349,0.9341855356,8.007392488,0.6049838896,17.43070829,10.31162828,0.2059561938,0.5805272079,0.3583049857,1.013844879,0.01102166785,0.4303759959,1.896579006,0.0,7.105214987,0.0,0.0,4.170456451,0.0,4.152619427,0.0,1.375924312,0.0,-0.2532521766,0.4683473389,0.02941176471,0.8821768707,-0.1506262573,4.794111861,36.90343662,10.05365156,4.983978521,14.98529578,41.67827426,31.19885851,5.13155848,19.83085246,5.316788604,27.67776379,6.544756406,6.362358859,12.29426824,28.24864157,17.14164666,3.047054113,1.428288907,76.74,1.076666667,0.6788548753,0.4061712648,0.3187654321,0.04125816993,86.3434169,663.8492738,31.47027505,0.9400020275,1.087954058,1.688129724,0.8072715114,0.2202463828,-0.4158682936,-0.9415613491,0.0,4.43,-7.253968,1.4725451,5.278808,10.893099,-13.999403,-10.422864,10.293736,1.9197499,11.284072,7.991305,6.6621537,15.055597,-2.4188192,-7.749866,20.479742,36.625553,11.396177,-1.0962749,1.6160716,2.0178506,4.0093565,-29.393242,-4.2529287,-0.1895914,-15.426172,2.756802,23.48666,12.134101,3.996272,-13.535862,2.3435585,0.84840745,-10.290846,-6.6301,-8.079084,3.2599316,1.1779456,5.6782913,17.07383,-14.725706,-34.53472,-0.7984643,-2.969666,-14.897661,-10.189701,7.2200284,-29.251759,-2.066826,6.023356,-13.090363,21.235703,21.593111,0.5132041,15.736804,21.852596,30.168432,-27.017546,-4.3991675,-17.075397,33.209496,-2.0653982,-16.726456,-1.0540881,-5.521442,-4.964027
4.848985196,3.663716814,3.184343434,223.3773496,149.5353358,157.4033236,158.160379,158.4852696,37.36734694,16.76913265,0.6820790816,93.53331602,0.02376259442,-0.4169562158,0.0009423061344,0.05683817435,1.458021858,1.350025284,0.9880738576,0.899945112,0.7547746441,0.9673671799,1.047384799,0.886745127,0.8401591507,0.5836491608,1.210094341,1.095119961,0.9032665584,0.9555048826,0.9625804975,1.017775902,1.005285664,1.004890807,0.9672908831,1.049225879,1.362862317,1.049704122,3.515319449,1.434182958,14.63948161,10.95957887,0.07140183623,0.5652352563,0.3583049857,0.791095659,0.0,0.4362079159,5.209230813,0.0,7.366626229,0.0,3.44972734,4.222437485,0.0,10.71300781,0.0,0.0,0.0,0.6605725838,0.4686868687,0.04545454545,0.800952381,-0.09188199188,4.874057377,31.11015337,19.77449303,4.983978521,14.98529578,12.14238718,37.26522558,11.49902367,13.46849361,19.53638369,40.51897853,6.544756406,0.0,0.0,18.04378007,19.22850761,8.144273852,1.517241634,101.76,0.8475,0.5755385488,0.2902730537,0.3165740741,0.03685897436,85.1302772,616.5335084,31.98418839,0.9228408803,0.8215852344,1.821483912,0.4861183688,-0.1011678875,-0.2020660601,-0.9617912734,0.0,2.83,-8.95214,0.29516086,9.013678,15.222375,-19.103241,-14.935117,13.065367,4.251949,14.4549675,9.170363,8.439056,19.468931,-5.5892663,-8.5830555,28.024336,48.233295,14.0168295,-1.1844547,0.773242,0.45568016,4.3814087,-39.37922,-8.720172,0.38157266,-22.08812,4.3558974,29.795788,16.870075,3.0155578,-16.454199,4.5653014,2.004919,-11.719999,-9.664196,-10.542075,4.1192293,0.99818575,7.246549,22.020447,-20.872353,-44.62443,-2.362228,-3.6313486,-18.99234,-13.736521,8.1994915,-38.71893,-1.8691604,5.168351,-15.725707,28.901917,30.67803,-1.0506803,18.577131,30.072517,41.458805,-38.898697,-5.2795043,-23.742794,43.85381,-3.7724264,-23.38317,-0.4415404,-5.7975035,-6.0864015
5.008913883,3.728971963,3.438284,217.5478974,147.0796277,150.7881093,158.2650412,154.7856217,23.55555556,11.1020794,3.328922495,79.62500193,0.01662419247,-0.4759091001,0.2861096685,-0.003990743388,1.390789151,0.6669055865,1.002601084,0.7926397286,0.6315180815,0.7214865292,1.156416745,1.017821875,0.8917307183,0.61453125,1.080643984,1.30442954,1.165722656,0.9324911794,0.7644886364,0.3546563909,0.6812480625,1.069668563,0.6846822715,0.9776389674,1.17141127,1.019643616,6.005360987,0.4229255669,14.6923651,10.35020259,0.1074296711,0.5913525046,0.3957624643,0.7474141517,0.0,0.4282346856,0.0,0.0,0.0,0.0,0.0,0.0,18.36954844,0.0,0.0,0.0,0.0,0.6070998601,0.4821428571,0.01785714286,0.7838709677,-0.09853321829,4.748529685,30.65183986,9.105499747,19.37185484,0.0,12.13273414,48.73693008,11.64276621,19.38639965,4.722094864,28.85394153,12.96557803,11.64276621,0.0,5.687386275,12.39368714,5.633084541,1.529580646,96.09,1.035277778,0.3524305556,0.2330561854,0.147191358,0.04362922705,79.84484027,496.5789647,25.18683755,1.408176378,-0.2219866459,1.258756876,-0.1489467044,-0.2379626105,0.002145412298,-0.7885491027,0.0,0.72,-8.453643,0.9051306,5.3634233,11.921695,-16.232939,-12.139081,12.727394,3.3068073,13.073474,9.823733,8.702879,18.133453,-3.484265,-8.168205,22.56446,44.557384,13.367303,-2.4678793,1.7119695,5.1540837,4.404316,-32.711975,-3.1810498,-0.49114722,-17.128742,5.6951113,27.825335,14.233921,5.524118,-13.341959,3.5761166,1.0006113,-12.474601,-10.335651,-9.736486,2.2731616,2.9250188,5.930791,21.964474,-17.062817,-41.204124,-1.3736402,-4.590063,-18.08417,-11.451235,7.9275007,-32.657925,-4.2542844,6.566192,-15.288193,23.671198,23.207672,0.40422726,19.951437,23.155603,34.790897,-33.046608,-4.498555,-20.497791,41.825535,-3.0178304,-19.432203,-2.550074,-5.653223,-4.7951083
4.848684801,3.607142857,3.438304094,222.1987092,148.9538979,155.6255508,157.8651086,160.1863854,-42.3744856,13.08367627,-4.670781893,91.91103692,0.02179707262,-0.52747036,0.09540384689,-0.05217296947,1.583719561,1.128741614,0.9236665233,1.048534572,1.098725876,0.8711901021,0.9310563778,1.05431886,1.013407841,0.6451241259,1.15072736,1.069062837,0.9414428475,1.110875073,1.028425946,0.6324599051,0.4903344802,0.9787895565,1.015643154,1.082717107,1.300582885,1.016568297,7.008274488,1.434202204,14.63948171,10.95446888,0.1147758045,0.5805272079,0.3928227826,0.7982445288,0.0,0.4351807591,3.32514212,0.0,7.307077741,0.0,3.419142756,4.208695655,0.0,4.745046903,0.0,0.0,0.0,0.499672514,0.4686868687,0.01515151515,0.800952381,-0.09846357346,4.97638565,29.15388612,15.03763008,4.983978521,19.77983296,12.14238718,49.39795972,0.0,13.46849361,12.42658615,39.37848628,11.28161936,0.0,5.969305288,12.1082079,17.14164666,8.072640644,1.522200507,109.6,0.9308333333,0.5755385488,0.3084057697,0.211882716,0.03390522876,85.08748221,608.2853404,32.19571938,0.9088672675,0.9225755145,1.73980864,0.3609107123,-0.1478598139,-0.09674587406,-0.8739826095,0.0,2.7,-9.716374,0.6953213,7.4818025,14.632866,-19.39384,-14.698046,14.4451275,3.9920788,15.9893875,10.734288,9.428207,21.449492,-4.6472435,-9.360504,28.248203,51.37169,15.17004,-1.6543403,1.178785,3.415782,5.0471196,-39.917397,-6.887839,-0.26342058,-21.398481,5.4553347,31.60066,17.574678,4.5699325,-16.60246,4.7469807,1.662559,-13.210017,-10.886861,-11.364672,3.659587,1.6088943,7.2745533,24.28867,-20.869595,-47.71184,-2.3809643,-4.411627,-20.375814,-13.276098,8.768214,-39.63695,-3.1383767,6.342665,-17.295914,28.606674,29.597382,0.5134212,21.492147,29.251762,42.534134,-39.94944,-5.5727234,-25.085205,47.526775,-3.464976,-23.83948,-1.17523,-6.3634377,-6.1901445
4.830967155,3.051724138,2.887786596,186.7914984,146.9424867,155.0014178,161.1625392,160.6330343,-2.19765832,12.42150231,-2.519401922,84.34395807,0.02260609255,-0.5503920265,0.09821073785,0.1266125171,1.598384854,1.080020091,0.9110900372,0.7712711091,0.7743418492,0.8285326585,1.107573591,0.8869032163,0.9316306138,0.683531746,0.9824429641,1.087436869,1.100909538,1.081953994,0.9357439946,0.6517786151,0.8646460567,1.032288851,0.8144596116,0.8580472482,1.305603786,1.088980212,7.008271675,0.6101352801,14.55668427,10.31169788,0.08538642731,0.5997530532,0.2749716524,0.7368419724,0.0,0.4417300497,3.980892035,0.0,0.0,0.0,3.456767212,0.0,0.0,10.95102414,0.0,1.581423322,0.0,0.7347739599,0.4804597701,0.0,0.8086021505,-0.1070546737,5.00594569,28.33507142,19.77449303,4.794537184,9.967957042,6.9237372,37.96448165,11.49902367,39.53076089,13.33769871,34.196814,11.21535881,0.0,12.70012204,12.96557803,11.33678588,2.996287971,1.501143036,89.13,0.6216666667,0.3680909864,0.2734158478,0.2553240741,0.04253472222,81.2561396,573.3020408,25.56783826,0.8773543993,0.9168186398,0.2874225123,0.6078983634,0.03612655129,-0.2070458322,-0.736507361,3.35,6.04,-7.6058455,0.049484402,8.888816,14.148652,-17.221016,-13.702712,11.166689,4.3996105,11.60962,7.550479,7.4515066,16.249342,-5.9350514,-7.150024,24.422892,42.454838,12.107778,-1.7243518,0.74574697,-0.07120632,3.5644486,-34.54238,-7.622668,0.7919235,-20.142942,4.1871,26.349504,14.450107,2.5798266,-14.050293,3.9725633,1.6721077,-10.290168,-8.991456,-8.977355,3.4529812,1.8166456,6.3028007,19.48671,-18.94326,-38.738373,-1.7550154,-3.3362114,-16.889462,-13.119103,7.21051,-33.969296,-2.012875,4.4036636,-13.528517,26.125204,27.512613,-2.3114438,16.007715,26.690619,36.33648,-34.519215,-4.1816463,-20.028961,38.59569,-3.9225874,-20.447794,-1.2425567,-4.9269056,-5.0353527
4.830954496,3.242424242,3.413727219,199.0992151,145.9171834,152.6572416,158.8759208,158.7963596,-26.18882588,9.196124764,-7.745274102,73.39871125,0.03015273606,-0.5743181211,0.2103288801,0.1449424046,1.547741839,0.8995986464,0.859256781,0.6493354434,0.8570958883,0.8246566035,1.077016307,0.9782359396,0.9720664111,0.722565876,0.9564619946,1.137465246,1.200045702,1.218279675,1.031315542,0.473412435,0.9298181733,1.034245346,0.8336468214,0.8523540649,1.208005255,1.056774679,7.008294022,0.610136352,14.55646965,10.31169874,0.1100176771,0.5997530532,0.2749716524,0.7292229112,0.0,0.4365785596,1.958050442,0.0,0.0,0.0,3.39688681,0.0,8.783034591,10.88502764,0.0,1.555250297,0.0,0.7142384469,0.4765432099,0.0,0.8287356322,-0.1298095238,4.795088586,29.78408745,19.56423182,4.794537184,9.967957042,0.0,37.96448165,11.49902367,32.60702369,6.792942306,32.82071055,11.21535881,5.969305288,13.21376393,18.59115508,11.33678588,2.251251127,1.477254645,97.33,0.6216666667,0.3680909864,0.2734158478,0.230632716,0.04260510511,79.0240269,462.5848673,26.05029045,0.9284117739,0.8912588773,0.4675061493,0.5953948119,0.06138333737,-0.3783306541,-0.7087175134,2.83,5.43,-8.167189,0.26705498,9.677602,15.62035,-18.754042,-15.01782,12.010007,5.044795,11.375609,8.26751,8.538256,16.744589,-6.7900314,-7.787406,25.322807,46.343243,13.290987,-3.074868,1.5323087,0.8980765,3.7793791,-36.533302,-6.410984,1.0643427,-21.674707,5.1457834,29.24141,14.677948,3.82024,-14.634795,3.775433,1.3881001,-12.038704,-10.485703,-9.50817,3.1920018,3.621855,6.670235,21.88086,-20.449844,-41.82577,-1.081351,-4.177339,-18.858826,-15.240678,8.3215275,-36.266396,-3.362513,5.679583,-14.877475,28.50356,28.96261,-3.5699792,18.132347,28.141417,38.235695,-36.66439,-4.0743885,-20.203032,42.372574,-4.6787357,-21.369566,-3.0215158,-5.5550876,-4.988776
5.010248762,3.433070866,2.693635383,202.8610999,146.5297484,156.1996921,157.4801269,157.9926932,-43.11735537,15.70942149,-9.305785124,87.51513325,0.01298473755,-0.1886345547,0.03511423754,-0.1140718563,1.211396925,1.547808663,1.229169066,0.8784887136,0.8213376484,0.9834796548,1.090694756,1.073771961,1.0223019,0.5910361698,1.038030684,1.193358907,1.332057307,1.014948454,0.9582474227,0.9453731548,1.043711374,1.050664475,0.9178150874,0.8979723949,1.333260587,1.112925512,3.5105696,1.34383719,14.69236692,10.92966696,0.05849495718,0.5913525046,0.3957624643,0.925875479,0.0,0.4324561747,4.094378337,0.0,0.0,0.0,0.0,0.0,0.0,6.002179149,0.0,0.0,0.0,0.8627776728,0.4777777778,0.01666666667,0.7922222222,-0.06766819842,4.705700451,30.32695086,9.636772685,14.64975998,0.0,6.066367068,68.89864111,0.0,19.38639965,27.24698234,51.89533385,12.96557803,0.0,0.0,6.606881965,0.0,5.855286518,1.673671138,56.07,1.0075,0.4340277778,0.2970600277,0.135007716,0.03660300926,82.01973774,614.8704861,26.13009543,1.71816289,0.3833868657,1.382649129,0.3744853444,-0.3579471847,-0.1921437791,-0.3064464358,3.58,3.95,-8.079649,-3.8664155,3.1774666,3.6987154,-9.624849,-5.2416334,9.313429,2.1512196,15.840352,8.480515,2.9195323,17.182459,0.87919027,-5.33362,22.1622,22.762356,8.57594,9.748114,-1.7961868,-4.230181,3.7497778,-23.437946,-16.11181,-2.070629,-9.843026,-3.2574544,9.640442,15.167166,-6.5141087,-9.804943,5.5702424,6.1662927,-0.31396654,-0.06833378,-6.737438,4.2794833,-12.894342,5.88055,7.0505934,-9.213423,-26.768845,-8.077048,-0.21267173,-8.967373,-2.6972294,1.1440468,-24.643066,3.8364482,-3.5604112,-6.7676153,13.218368,20.844355,7.056144,5.1152797,20.983646,27.726309,-26.881756,-4.879279,-23.537985,20.31408,-0.4237191,-16.255394,14.130323,-2.8966415,-6.735044
4.931689505,3.697247706,3.028735632,231.6307833,144.4024695,148.286967,154.3209913,154.0857208,-68.10222222,10.9336,-13.8708,86.52624341,0.0103289282,-0.4354420876,0.02216564901,-0.09146909397,1.477402148,1.038957835,1.209394696,1.367831236,0.9982927439,0.8918859649,1.035064011,1.220720773,1.124010247,0.6349946868,1.045993541,1.150713345,1.160691616,1.29724357,1.221381373,0.8682793164,1.15129444,0.8684265927,0.8983773141,0.9948722726,1.030619112,1.019003647,3.042270034,1.197963627,14.69243366,10.31321735,0.1032718103,0.5034367877,0.4206005604,0.8086059398,0.0,0.4339049482,1.975789347,0.0,0.0,0.0,0.0,0.0,0.0,0.0,5.653641083,0.0,0.0,0.7752451289,0.4946236559,0.01612903226,0.7583333333,-0.06364145658,4.276448613,39.47712607,5.316788604,9.967957042,4.681802935,42.46456948,61.10326455,5.112436885,6.9237372,5.316788604,24.86087867,0.0,0.0,0.0,5.112436885,4.681802935,3.780150988,1.689950482,55.63,0.9727777778,0.5781604308,0.3474505543,0.195625,0.03694444444,81.07937093,645.0657638,22.11064243,1.282627205,1.535596244,1.938760387,0.4332638122,-0.4108910331,-0.1973734306,-1.123923232,3.5,5.5,-5.7538404,0.33653396,1.918897,5.8007536,-9.322547,-6.3591356,8.212839,0.67344785,11.137416,6.742022,4.322088,13.24327,-0.09229986,-5.6365204,15.589803,25.610813,8.292057,1.430355,0.24677755,1.7049344,3.4073179,-21.02899,-4.7478642,-0.9432863,-9.652817,1.6174159,15.360358,10.335487,1.7381229,-9.711914,2.6448655,1.404795,-5.9248147,-3.857527,-6.500419,2.480748,-2.1960702,4.016328,11.8364935,-9.515122,-25.497028,-2.5470724,-1.5838132,-9.80206,-4.3262796,4.1422424,-20.819233,-0.6095269,3.0500069,-9.0327635,13.348885,14.862004,3.5388963,11.040157,14.991044,22.463017,-20.11996,-3.9968448,-15.32697,23.62984,-0.29318962,-12.78529,1.9873173,-3.564998,-4.03282
4.831548831,3.357894737,3.098875661,209.4568575,146.7345417,154.176459,159.2846612,159.9102956,13.31210704,11.54866455,-1.28112268,83.84194442,0.02210128118,-0.6986215823,0.1744212528,-0.02020572712,1.756282835,0.8922040214,0.9280936679,1.21747363,0.7716283155,0.8007236175,1.024363792,0.9135074058,0.9366875589,0.6546428571,0.9541353383,1.163555195,1.033646617,1.079081633,0.9690721649,0.5679803084,1.433840529,0.9933235251,0.7699710063,0.916191324,1.216827225,1.075894099,7.008273862,0.6094207521,14.55718595,10.31100268,0.1623840997,0.5997530532,0.2749716524,0.8298151429,0.0,0.4398503739,3.912919577,0.0,0.0,0.0,3.343660084,0.0,0.0,5.054313254,0.0,3.148721092,0.0,0.6487991308,0.494047619,0.0,0.8088888889,-0.1242465137,5.080872628,29.61817405,15.03763008,0.0,19.74647275,12.99010427,25.47729296,0.0,26.81305243,6.606881965,32.63603612,11.28161936,6.093240071,6.544756406,12.43128646,22.67357176,0.3369138586,1.412098345,92.79,0.6216666667,0.4930909864,0.2849899219,0.2500154321,0.04042022792,80.1578032,573.6588992,26.76798945,0.463343972,0.5645129665,0.662998506,1.039233592,0.201943767,-0.4002664688,-0.923090506,3.36,6.03,-8.199705,0.5063828,6.87455,12.888075,-16.70003,-12.851659,12.075109,3.6550984,12.979265,8.880724,8.037098,17.733007,-4.4413867,-7.8606524,23.916245,43.697296,12.884946,-1.7600733,1.1711943,2.5673141,4.1570473,-33.989132,-5.775391,0.045214713,-18.62347,4.6943398,27.087648,14.689932,3.8655915,-14.027974,3.8872547,1.3552439,-11.303068,-9.412975,-9.552464,3.0415564,1.8432169,6.2174273,20.706133,-18.020855,-40.330196,-1.8060948,-3.8066325,-17.448719,-11.960391,7.5696054,-33.757706,-2.8621166,5.4382753,-14.544763,24.84114,25.489239,-0.36793315,18.084055,25.131985,36.063145,-34.030262,-4.5826592,-20.789454,40.327503,-3.257457,-20.21579,-1.4582558,-5.380917,-5.0883646
4.912044912,3.815217391,3.961904762,237.7524834,144.6129659,147.3097048,155.6097154,159.7779981,51.47471743,7.502082094,2.447352766,111.2224987,0.01396334015,-0.3825789487,0.001218108355,-0.1076035428,1.287461117,1.019146244,1.378172116,0.8716504942,0.5954490703,0.6891728475,1.03135056,1.062573609,0.8996626003,0.6869737068,1.145722035,1.228532357,1.303101435,0.9688090737,0.7255761573,0.5537042388,1.031258596,0.9695907632,1.044309514,0.8266619502,0.7800141478,0.7978827285,8.002962042,1.391840221,17.42581479,10.94341365,0.1482297567,0.4646501836,0.4657471007,0.6574648469,0.0,0.4380554419,0.0,0.0,0.0,0.0,2.99743835,0.0,0.0,0.0,0.0,0.0,0.0,-0.5333887829,0.4680272109,0.05357142857,0.8308702791,-0.1087912088,4.113172736,34.16878189,0.0,9.893218992,13.46263303,18.19910121,54.59730362,0.0,0.0,0.0,9.780484743,0.0,17.19370858,11.12690298,22.50821725,36.39820241,0.0,1.646822393,61.58,1.4975,0.4479520975,0.3829758755,0.230625,0.04609929078,77.88369196,481.8935124,22.08827572,0.6353178882,0.71959465,2.269196782,0.1233981381,-0.4068904877,-0.4017173131,-0.6840648613,3.2,5.52,-5.8611627,2.1053915,2.8191447,8.528827,-9.979791,-8.021126,7.745916,1.5430099,5.0193567,6.7919526,6.931851,8.751829,-1.6421417,-6.52843,11.588241,28.903425,9.6710825,-4.0952525,3.800694,5.1417694,3.3236349,-19.559572,3.250762,0.1856864,-10.27859,3.4622107,20.472536,6.14759,6.531841,-9.10775,-0.46880662,-0.7768471,-10.981794,-7.079844,-5.6354165,0.901168,5.6584387,3.8400795,15.498805,-9.770173,-26.35747,2.3771691,-3.8205373,-13.176537,-10.555711,7.312714,-20.139662,-5.573012,8.319515,-10.70797,16.271633,12.714312,-2.3154418,14.833531,13.840532,18.785799,-17.120037,-2.4471903,-8.6949625,26.613611,-2.1846335,-10.244309,-5.6289606,-5.0061555,-2.5697541
4.923302386,3.743589744,3.582051282,226.8702702,146.020388,152.1330144,161.0530484,158.2749666,-3.851851852,9.030092593,1.273148148,102.4901717,0.01065996358,-0.2144819564,0.01363086716,0.08592141884,1.160861069,1.246129151,1.142995266,0.827341472,0.6538970267,0.695849512,0.9595582052,1.004054873,1.093885651,0.6453945584,1.006056223,1.216940586,1.078469774,1.215563389,0.7851725243,0.559823627,0.7104802485,1.057911386,0.879165683,0.9815043209,0.8783084618,0.8814226549,8.00300164,1.398650725,17.42585935,10.94592242,0.1101334744,0.5045823836,0.449026828,0.6397535458,0.0,0.4281165497,1.907150095,0.0,3.932597317,0.0,0.0,0.0,0.0,0.0,0.0,0.0,0.0,-0.8679833816,0.4683229814,0.04347826087,0.849068323,-0.1065396825,4.325303558,28.4710263,0.0,9.665781456,8.780830095,18.20875424,42.82867707,11.63444168,13.46849361,0.0,14.76446326,6.544756406,11.63444168,0.0,17.80213589,6.066367068,3.932597317,1.641372414,30.71,0.6847222222,0.4349135488,0.1912399219,0.08125,0.04748498498,73.84208772,422.5972847,19.9957353,0.9285368234,0.2406049282,1.45090375,0.3217480713,-0.01355733344,-0.04364654375,-0.6256470175,3.08,4.49,-4.373774,0.85578465,0.3200481,2.9463298,-5.0870395,-2.8581252,5.1766677,-0.7818506,7.1490054,4.803396,2.4091887,8.176381,1.5884739,-4.5244727,9.591973,14.110317,5.4229164,2.0700324,0.75008774,0.6093503,2.7252195,-12.804173,-2.6798134,-0.7081375,-5.106226,-0.6021924,9.143563,6.181295,1.1373454,-7.297364,0.52485996,0.8900819,-3.5924087,-0.41303593,-3.9287724,2.2221212,-2.5467873,2.9059901,6.290654,-4.701885,-15.349676,-1.3524907,-0.64724326,-5.8653107,-2.5120802,3.082955,-12.699747,0.065348364,2.8381393,-5.760208,8.042766,8.905404,3.2156897,6.4567094,9.388677,12.781315,-10.163906,-3.0449762,-8.918835,12.291791,0.5308856,-6.857491,1.9919102,-2.9133463,-3.034101
4.88780659,3.848214286,3.544621749,234.6607787,144.6843737,152.1348349,154.6070626,158.0460644,35.41176471,12.73087274,-1.189542484,81.65240374,0.02437159998,-0.5143645271,0.004539036937,0.02535291889,1.510719666,1.123857163,0.8835345054,0.8870411761,0.880404416,0.8284097997,1.010462715,0.8237375469,0.9015821312,0.6135051326,1.192926647,1.015691831,0.9475245937,1.058146864,0.994439692,0.6296353642,1.019967887,0.8843845009,1.034811973,0.9991695082,1.306365198,0.8902530851,7.009363935,1.425532331,14.55843289,10.94874873,0.08979216402,0.8449100312,0.6447968885,0.9065543138,0.0,0.4231715799,1.913744831,0.0,0.0,0.0,0.0,0.0,0.0,10.9615947,0.0,0.0,0.0,0.4150721301,0.4676767677,0.0,0.8414141414,-0.1106225913,4.520875225,37.61787068,9.473725908,19.05608375,9.967957042,18.19910121,43.32193961,17.32342816,13.46849361,6.792942306,38.04226819,6.544756406,0.0,25.15205817,39.83818714,24.26546827,1.819869615,1.601879605,86.55,1.021666667,0.6519982993,0.5311712648,0.375941358,0.05964781746,87.08115106,529.3591242,33.78394872,1.896750345,0.1800138497,1.866950841,0.6939081545,-0.2127099289,-0.4476250867,-0.4914359993,3.52,3.64,-7.789264,0.5983709,8.171754,13.544631,-16.851318,-12.937949,11.32827,3.231317,13.121087,7.808414,6.805553,17.147875,-4.417175,-7.782467,25.479229,41.560787,12.120946,-0.09923512,0.44782692,-1.0090026,3.9760695,-35.40207,-8.909764,0.17274642,-19.62508,2.6662557,25.681612,15.122451,2.072441,-15.613398,3.855297,2.003687,-9.905675,-7.1027274,-9.105829,4.525426,-0.30578685,6.6961207,18.079758,-18.33906,-38.918774,-2.1045966,-2.6193564,-16.211582,-11.7411175,7.156996,-34.604893,-0.3773566,4.4168396,-13.9001465,25.539648,27.88932,-0.265585,15.481597,27.485275,36.82708,-33.58021,-4.967685,-21.168526,37.131226,-2.8550632,-20.790163,0.81207603,-5.349369,-6.0424485
5.007840723,3.371621622,2.697796935,193.320773,146.3350095,155.6031541,160.2413681,156.1320816,19.22,13.06805556,1.068888889,94.11246827,0.01455572918,-0.1945202094,-0.06455407272,-0.1455812197,1.188240928,1.547711749,1.122553427,0.8117676166,0.6189808623,1.054925343,0.9962260076,1.03836006,0.8395162985,0.6063817074,1.151972791,1.109596882,1.240497152,1.044100953,0.8201368258,1.110422765,1.195013178,0.9618538478,0.80258585,0.9170172475,1.335897103,0.9829730683,3.511590511,1.343850133,14.69237064,10.92970801,0.05056465908,0.6934145772,0.3957624643,0.767761596,0.0,0.4306659469,0.0,0.0,0.0,0.0,0.0,0.0,0.0,11.48355778,0.0,0.0,0.0,0.8524018096,0.4747474747,0.01515151515,0.8070707071,-0.07781151938,4.64162148,33.57731045,9.473725908,19.54966971,0.0,6.066367068,48.73693008,0.0,19.38639965,39.45491511,64.10326663,17.70244098,0.0,0.0,6.606881965,0.0,5.869889725,1.667416309,65.3,1.042222222,0.3611111111,0.2819349962,0.157507716,0.03432914046,85.5190801,665.1271682,26.66698472,1.852120142,0.7050210644,1.508190372,0.01847358071,-0.4528845074,-0.1607360764,-0.5590176676,4.01,4.14,-8.56567,-5.123606,5.2980857,5.1117783,-11.517574,-6.879746,10.356459,3.2153056,17.48987,8.855633,3.2931316,18.486502,-0.23482524,-5.3732786,26.118948,26.308615,9.365297,10.859133,-3.3346865,-6.38347,3.6497946,-27.66741,-20.414421,-2.6879358,-12.292814,-3.7787092,10.914979,17.745073,-8.562192,-10.379913,7.0472546,7.864747,0.27985185,-0.5982415,-7.6900907,4.9562154,-15.010157,6.843478,7.266883,-11.624736,-30.418497,-9.349501,-0.2439955,-10.171463,-4.3190947,0.85485774,-28.755615,5.0157895,-5.1476407,-7.1049037,16.188929,25.900415,6.395365,4.407094,25.459764,32.427025,-32.917713,-5.059223,-27.428833,23.247896,-1.2539152,-19.647314,16.975546,-2.9368515,-7.8529124
4.876664293,3.522123894,3.283577534,218.5461355,146.2154412,151.6755573,158.4589318,157.2302657,-5.177514793,9.136094675,-1.792899408,88.27294219,0.01387505288,-0.3606633144,0.03124959174,0.1219732764,1.363452398,1.212030697,1.259544343,0.8646626356,1.249972,0.9165150136,1.09932858,0.999336518,1.026655106,0.7010103383,1.026769912,1.113827538,1.109591413,1.118421053,1.012834523,0.6446208113,1.151989026,0.9246033732,0.8958093612,1.007323961,1.177178973,1.020429505,7.008272485,1.422917668,14.6923823,10.9464374,0.1056191638,0.5159226139,0.2749716524,0.7713042037,0.0,0.4348055467,1.943539736,0.0,0.0,0.0,0.0,0.0,0.0,0.0,0.0,0.0,0.0,0.712455016,0.4760416667,0.015625,0.7838383838,-0.08264069264,4.531042885,35.69888432,5.316788604,24.42827568,0.0,30.33183534,48.8853911,0.0,13.46849361,5.316788604,30.63960004,11.33929359,0.0,12.45193614,5.693927995,17.07549008,5.223622396,1.63637924,85.59,0.9380555556,0.474029195,0.4323664651,0.264066358,0.04024943311,82.0681549,601.0028681,29.99249432,1.049737411,1.06141236,2.161708624,0.1356921186,-0.2750110917,-0.1620070768,-0.9854023396,2.86,3.87,-8.016239,1.2578589,3.8440976,9.988339,-14.327829,-10.1929455,11.85891,1.6853199,13.942073,9.563636,7.379308,17.87076,-1.4265004,-8.182873,21.58779,39.72142,12.391567,-0.53385043,1.2141159,4.085849,4.603115,-30.644762,-4.1269264,-0.92435956,-14.911662,3.8300278,24.663881,13.763614,4.581865,-13.6272,3.193932,1.0980325,-10.725817,-7.7369027,-9.222532,2.9104512,0.36484957,5.6960077,19.065102,-14.819889,-37.94887,-1.8673757,-3.3314,-15.866791,-8.765979,7.1521745,-30.433985,-2.621623,6.0769143,-14.192254,20.871199,21.339312,2.6938677,17.830133,21.603245,32.309204,-29.45683,-5.0822687,-20.108099,36.89386,-1.5885041,-18.095484,-0.3771622,-5.6036673,-5.2123737
4.742173078,3.213333333,3.085537919,203.7826724,146.2990076,152.8980357,160.9631389,160.0145037,-13.20672023,7.156318481,1.449963477,61.40101153,0.01173112616,-0.595629719,0.3223268703,-0.03932815215,1.645613007,0.8818914843,1.341569043,0.7075968458,0.8460428142,0.8798525652,1.298138356,1.196243666,0.9272416832,0.7344913151,0.9429032258,1.158444023,1.189285714,1.421726755,0.7371916509,0.6244725738,1.533024412,0.8895330802,0.924294331,0.9114446944,1.267490589,0.808768093,3.052002653,1.508548782,14.55768187,10.96083169,0.1227023691,0.2534367877,0.08333333333,0.520631668,0.0,0.4436308669,3.916247927,0.0,0.0,0.0,0.0,0.0,0.0,0.0,0.0,0.0,0.0,0.6362325208,0.480952381,0.02380952381,0.7545454545,-0.0617087513,3.802991203,30.41087843,5.316788604,0.0,14.95193556,24.26546827,38.11294267,5.824404498,13.8474744,5.316788604,14.95193556,0.0,0.0,0.0,5.824404498,0.0,0.0,1.660803437,50.7,0.4861111111,0.1927083333,0.07835726883,0.0625,0.04310344828,54.62974473,496.2704593,20.81984617,0.7706046443,-0.09087392325,1.253962514,-0.08951041551,-0.3562525784,0.07460288079,-0.5810361159,2.64,3.63,-5.0375795,1.4166826,2.01884,6.1043663,-8.4318285,-6.097492,6.9972463,0.51746196,7.2425227,5.98931,4.801932,9.770203,-0.41386467,-5.5975204,12.027565,23.780201,7.9065905,-1.1131481,1.685717,3.1226578,2.971113,-17.976439,-0.51052105,-0.4334249,-8.681692,2.161976,15.818197,7.2754984,3.9472878,-8.550636,0.7943981,0.1617142,-7.6098447,-4.6180067,-5.423201,1.5851362,1.4098141,3.5432608,11.803668,-8.409719,-22.774462,0.026753187,-2.2678494,-10.059442,-6.350424,5.2539897,-17.94637,-2.5598836,5.2473536,-8.831295,13.03737,12.078043,0.76592594,11.3521595,12.693022,17.983555,-15.975134,-3.0387008,-10.427519,21.895334,-0.9804697,-9.9733095,-1.6572875,-4.001368,-3.0174322
4.848666003,3.548672566,3.503841608,217.2597651,147.6335199,153.2265298,157.1044313,158.7412315,3.170523318,11.41046636,-1.723745105,85.77805657,0.0258332345,-0.5433509142,0.1274242532,-0.06941331253,1.58856466,1.089943594,0.7880013897,1.010172969,0.8567113185,0.9363245547,0.9232710313,1.026283715,0.9528809861,0.6882687145,1.135567243,1.038397215,1.041539382,1.110715698,1.001215896,0.5883352896,0.5170574583,0.8899567131,1.018563426,0.9743222995,1.254990716,0.8901446145,7.008276731,1.433524982,14.55854854,10.95447877,0.08080349712,0.5805272079,0.441638319,0.8174649439,0.0,0.4323245357,1.9539356,0.0,0.0,0.0,0.0,0.0,0.0,10.98450347,0.0,0.0,0.0,0.4680038004,0.46875,0.015625,0.7885714286,-0.09539052497,4.785011616,31.28229084,20.52418199,9.361636832,9.967957042,6.066367068,55.45467375,17.32342816,13.46849361,12.10973091,27.23517873,6.544756406,5.907179729,6.792942306,17.85771973,12.13273414,1.9738691,1.5767741,104.29,0.9030555556,0.5755385488,0.3084057697,0.211882716,0.03528911565,83.97882496,549.2596633,31.21286219,1.847909091,0.5954122236,1.541481263,0.249405549,-0.3567339315,-0.2879689704,-0.833710637,2.89,3.11,-8.890498,1.279429,9.9795,17.304295,-19.972235,-16.310053,12.509039,5.2698965,9.667576,9.309651,10.096231,15.765017,-7.2005944,-9.139242,24.67644,50.023438,15.040057,-5.552155,3.6465993,2.6315594,4.042342,-37.725384,-2.6717143,1.6522933,-22.77524,5.8461566,33.336327,13.336908,6.590668,-15.590141,2.1161773,0.6017007,-15.117578,-11.975804,-9.709432,2.7538671,7.0140676,7.1130366,24.776417,-21.228365,-44.706287,1.1160548,-5.3524976,-21.418476,-18.843983,10.614133,-38.213707,-5.9116573,8.998049,-16.597513,31.316118,29.306421,-5.895405,21.218887,29.165464,38.209984,-36.449028,-3.817788,-18.065493,45.64848,-5.4923935,-21.01185,-6.6714735,-6.91485,-4.660928
5.007288956,3.651376147,2.566813973,215.5254352,143.4371455,149.752065,155.6270044,151.5303032,-41.53890649,14.09053871,-0.4861928474,79.06199814,0.007561650348,-0.1452545409,0.06402110514,-0.1651505868,1.136174605,1.317276228,1.183406072,1.08578364,0.7726871353,0.7452920149,1.151411847,1.18082543,1.004313244,0.5190192981,1.128049046,1.331724568,1.215911532,0.9826287018,0.8005035545,0.8689230801,1.16851127,1.019515034,0.9974393063,0.8884037934,1.060876113,1.017623928,3.043357927,0.6267117691,14.69234458,10.33765061,0.0809176922,0.5913525046,0.3957624643,0.7457304765,0.0,0.430569932,2.174618485,0.0,0.0,0.0,0.0,0.0,0.0,0.0,0.0,0.0,0.0,0.9282601283,0.4975308642,0.01851851852,0.7691358025,-0.05970506774,4.737432002,28.32893244,0.0,14.64975998,0.0,19.05647134,54.48978369,0.0,31.20562033,5.752853607,25.50129539,12.96557803,0.0,0.0,0.0,0.0,5.960951402,1.719090839,43.6,0.9519444444,0.3298611111,0.2126480222,0.111882716,0.03904320988,78.67392313,604.1684467,23.81597393,0.9463293392,0.6789732763,1.43764226,0.3643591068,-0.438482477,-0.1254324534,-0.4901868677,3.49,4.97,-5.9578466,-0.15543741,0.60906327,3.5413055,-7.121699,-4.0571623,7.1565,-0.25833803,11.183451,6.563524,3.064315,12.522137,1.5031052,-5.3865995,14.252809,19.529663,7.100828,3.8950288,0.20400853,0.39721426,3.471096,-17.77007,-5.949123,-1.2086114,-7.1854715,-0.78283495,11.181606,9.567816,-0.044401884,-9.0375,2.147804,2.152777,-3.5713105,-0.9940832,-5.64449,2.8859253,-5.115581,3.9252625,8.366156,-6.7769275,-21.291994,-3.4210985,-0.6598482,-7.3887477,-2.2296076,3.1312134,-17.9838,0.83594656,1.737392,-7.1102996,10.356186,12.862385,5.1312084,8.058137,13.185365,19.097734,-16.317053,-4.0239706,-14.52469,17.558407,0.6733322,-10.555045,4.7360764,-3.1831172,-4.2527
4.853464981,3.404494382,2.519660895,223.1513656,143.967415,150.7728888,151.8389005,165.5694275,-53.13756614,14.10204082,-13.14285714,75.05006516,0.01110859801,-0.5633719317,0.211043829,-0.2026570666,1.607335958,1.008605587,1.215181678,1.185986541,0.3184411388,0.8785544986,1.186460407,1.229739278,0.9843708048,0.7748701973,0.9342644125,1.395074659,1.517143692,1.067423231,1.098442368,0.7374781853,1.077487961,1.02711249,1.008207854,0.8842870026,1.109582984,1.115211994,3.040426744,0.6094207801,14.55686613,10.31100273,0.1051563642,0.5798241939,0.7079843543,2.014993234,0.25,0.4227716594,8.510922688,0.0,0.0,0.0,3.542426304,0.0,0.0,0.0,0.0,3.293228287,0.0,0.932305839,0.5111111111,0.0,0.7693333333,-0.08018648019,4.32579391,33.04100152,4.983978521,0.0,14.95193556,26.83757867,19.05647134,0.0,33.10993927,0.0,19.93591408,5.414990469,0.0,5.414990469,0.0,22.67357176,0.0,1.544228799,54.46,0.9861111111,0.5721017574,0.2690932855,0.1296990741,0.0418595679,76.0550246,544.8742409,25.16776928,0.1466665857,0.504448781,0.5879024305,0.8176537662,0.2038926726,-0.1510967727,-1.085867365,3.44,7.02,-5.665083,1.3601766,1.9320395,6.249456,-9.178406,-6.287849,7.854028,0.14196995,9.468737,6.7450676,4.7415323,11.859355,0.19486122,-6.216964,14.210089,25.474958,8.611166,0.1323326,1.2959695,2.5632305,3.510461,-20.321842,-2.2348492,-0.772134,-9.335907,1.5248786,16.446035,8.81719,3.3876326,-9.981089,1.3205538,0.6227536,-7.430555,-3.9926174,-6.2126775,2.2826254,-0.31897038,4.03669,12.109044,-9.077937,-25.093231,-0.935005,-1.8806361,-10.4528885,-5.7445593,5.2931924,-20.25874,-1.6710595,4.983812,-9.582706,13.849388,13.834156,2.376289,11.796374,14.4247055,20.62251,-17.955431,-3.800051,-12.881234,23.248642,-0.46678334,-11.479523,-0.08016381,-4.289017,-3.811124
4.838515412,3.613445378,3.076190476,228.5259953,145.3717835,154.4392747,154.0950641,155.2590416,44.57215802,20.76538565,-0.1367911852,90.7362604,0.02474201779,-0.3419204503,-0.008982407898,-0.03168351535,1.343690779,1.482783408,1.463213891,0.8344720102,0.5573916426,1.01038458,1.365953999,0.8921415576,0.7988191484,0.5765925756,1.296782691,1.167574271,1.068906023,0.9047579368,0.8720051475,1.08600169,1.181827845,1.107403412,1.012737844,0.884018496,1.300784042,1.072000249,3.517584118,1.419940974,14.54958057,10.95880609,0.06472254585,0.2965065171,0.4388321936,0.8391081681,0.0,0.4463757202,8.75109199,0.0,0.0,0.0,0.0,0.0,0.0,22.60493744,0.0,0.0,0.0,0.5388201461,0.4715686275,0.07352941176,0.8104761905,-0.07890946502,4.409947895,38.22799714,24.26424042,4.983978521,4.983978521,12.13273414,49.74276123,17.2485355,13.8474744,26.64618123,31.29734967,0.0,0.0,0.0,34.44148716,27.5262362,1.74794445,1.633659728,74.73,1.326388889,0.5277777778,0.3769211388,0.265,0.04799107143,70.28810627,690.8875765,22.83805174,1.7915859,0.3068831115,2.137854194,-0.3372527254,-0.3680718269,-0.573745763,-1.045342877,4.18,5.46,-5.3439283,-0.22937524,12.092578,15.676745,-17.13929,-14.006581,8.136381,5.092318,6.60501,4.2643433,5.770804,10.8642845,-8.152833,-5.413361,22.867834,36.71574,9.390489,-2.74465,-0.24663684,-4.5647345,2.2305753,-32.502872,-8.682266,2.1055636,-21.345089,3.4737396,23.49172,11.690232,1.3599939,-12.90571,2.767898,1.8503646,-8.582602,-7.905551,-6.637745,4.0575886,2.7145436,5.965151,15.873445,-19.046125,-32.60027,0.07990351,-2.2420602,-14.980196,-15.412851,6.730317,-31.118708,-0.6904131,3.962798,-11.048172,26.728771,28.963047,-6.6995583,11.089027,27.347229,32.50145,-31.415949,-2.5207992,-15.219328,32.257175,-5.114276,-18.192652,-2.6047404,-4.1803036,-4.5564933
4.920619776,3.873417722,3.124579125,225.9600638,146.8695189,151.0769993,156.0849088,154.934109,-15.55555556,8.299382716,-1.207561728,63.91002945,0.01364147573,-0.332085641,-0.08218147424,0.09887680303,1.354680584,1.183254075,0.942773893,0.6816516811,1.021888948,0.8522727273,1.139649924,0.9427083333,1.123548922,0.5386456908,1.16729294,1.310458557,1.063300585,0.9480164159,0.9004226474,0.9321997463,1.159364991,1.096143385,0.9143943079,0.9412262972,1.115404088,1.014944192,3.043587707,1.398299046,14.6923624,10.945024,0.1029520324,0.6899777895,0.3656934947,0.5382636618,0.0,0.4221844254,0.0,0.0,4.254590813,0.0,3.132405096,0.0,0.0,0.0,0.0,0.0,0.0,0.8888192082,0.4782608696,0.0,0.7666666667,-0.07318032787,4.568494878,24.78957248,4.983978521,9.665781456,4.983978521,18.20875424,35.90493987,0.0,6.544756406,0.0,24.73242031,6.544756406,0.0,0.0,0.0,12.52416365,7.7751776,1.668559693,59.39,0.6047222222,0.2777777778,0.06627928949,0.02500771605,0.04205246914,75.06730801,471.8085452,22.96291587,0.772397197,0.5162897837,1.095499675,0.7921258829,0.2097207108,-0.203955716,-0.8309748068,1.69,3.14,-5.9867687,0.5709586,2.0994914,6.3209157,-9.903939,-6.825981,8.643418,0.7211062,11.273858,7.0975456,4.7704835,13.644273,-0.21172544,-6.013155,16.068354,27.35544,8.8415,0.9637551,0.45735192,2.1857553,3.5519266,-22.07043,-4.2766776,-0.91491354,-10.219945,1.9913645,16.684883,10.574035,2.3557425,-10.174325,2.5422137,1.227274,-6.6848116,-4.4376483,-6.812076,2.4306912,-1.5842538,4.163164,12.8518,-10.082682,-26.955015,-2.2654133,-1.8470489,-10.620875,-4.988141,4.6347804,-21.830612,-1.0509433,3.6574554,-9.713349,14.272909,15.42183,3.2944427,12.04277,15.611034,23.391947,-20.977062,-4.132171,-15.611697,25.282822,-0.47633332,-13.277698,1.3667741,-3.8888927,-4.103914
4.816996788,3.686746988,3.19047619,230.3925965,145.532927,150.6621929,152.8590562,153.2016152,-22.14277216,9.861392029,-2.198691255,67.74158233,0.016116055,-0.2470489091,-0.1502476075,0.06848487419,1.180386931,1.33564108,0.9198957763,0.8748161358,1.032747335,1.000880119,0.9491931997,0.9524634437,1.090924697,0.5692102016,1.341111051,0.947550236,1.057034621,1.029256803,0.9548842161,1.112950036,0.8151565873,0.9729968937,0.9623845576,0.9605016915,1.0622166,0.8861187888,3.513564372,1.427567371,14.69084275,10.9487794,0.1044424965,0.4048115028,0.2749716524,0.4918779764,0.0,0.4409881389,1.658658386,0.0,0.0,0.0,2.942685241,0.0,0.0,5.212652821,0.0,0.0,0.0,0.8260901909,0.4773333333,0.02,0.7756410256,-0.0720315281,4.545741943,26.05754667,4.736862954,15.06663885,0.0,6.066367068,54.09438804,0.0,0.0,7.109797541,27.2751182,0.0,0.0,0.0,0.0,13.30664111,5.462674425,1.676002545,63.69,0.7225,0.267396542,0.1768864953,0.08218364198,0.02613304094,73.37173891,533.3116927,22.03047749,1.191624178,0.6653366226,1.37299001,0.4283377346,-0.0663383971,-0.1551003896,-0.9241594051,2.66,4.5,-5.974133,0.12875149,4.5201473,8.478348,-11.489487,-8.803375,8.587097,1.9512755,10.461581,6.403391,5.1435823,13.278639,-2.3723063,-5.7901044,17.959497,29.90563,9.045595,0.28164187,0.27545837,0.5720198,3.1646392,-24.768206,-5.8806863,-0.2273471,-13.043325,2.313631,18.302681,11.216849,1.636409,-10.722665,2.9900324,1.4904541,-6.998978,-5.4587636,-7.009458,2.722977,-0.85502565,4.608872,13.642265,-12.384528,-28.478905,-2.1311061,-1.9059696,-11.582104,-7.30015,4.998649,-24.392092,-0.7728041,3.0871775,-9.850575,17.36804,18.78323,0.9096422,11.729509,18.707058,26.21466,-24.23673,-3.8694408,-16.135384,27.289938,-1.6643056,-14.902042,0.88355637,-3.7436335,-4.195556
4.906175147,3.804347826,3.961904762,237.7524834,144.6129659,147.3097048,155.6097154,159.9126236,9.47471743,7.502082094,2.447352766,111.2224987,0.01398990302,-0.3815747069,0.001218108355,0.0677873205,1.287379318,1.040824381,1.59017733,0.6010365656,0.686670158,0.6891728475,1.119963018,0.9720347924,1.003043802,0.6869737068,1.162570888,1.21204199,1.320135441,0.9688090737,0.7255761573,0.5537042388,0.913615369,0.9436131187,1.044309514,0.8287953742,0.7800141478,0.8470671632,8.002962042,1.394802504,17.42581479,10.94343485,0.1472750351,0.4646501836,0.4634559089,0.6574648469,0.0,0.4380554419,0.0,0.0,0.0,0.0,2.961566988,0.0,0.0,0.0,0.0,0.0,0.0,-0.4869535977,0.4680272109,0.05357142857,0.8308702791,-0.1087912088,4.113172736,34.16878189,0.0,9.893218992,13.46263303,24.26546827,54.09438804,0.0,0.0,0.0,9.780484743,0.0,17.19370858,11.12690298,22.50821725,42.46456948,0.0,1.646818451,61.58,1.553055556,0.4167020975,0.3829758755,0.230625,0.04875886525,77.88336071,477.1880372,22.6626124,1.021195237,0.3022195994,1.564705131,0.03202820901,-0.5046369112,-0.2367449768,-0.5926879585,3.23,5.52,-5.892119,2.2267814,2.7839746,8.528968,-9.988803,-7.9605412,7.7765293,1.4567355,5.0290194,6.8099327,6.902306,8.777179,-1.5123273,-6.6021576,11.611967,28.909672,9.685292,-4.0764747,3.8018584,5.135613,3.372189,-19.619678,3.3080363,0.17828195,-10.24556,3.4007483,20.534388,6.161717,6.613913,-9.289651,-0.55786693,-0.8387202,-11.04223,-6.9658923,-5.5954723,0.99962884,5.6685543,3.865806,15.462966,-9.7441635,-26.380098,2.467414,-3.8261347,-13.190105,-10.522098,7.386045,-20.16533,-5.524687,8.46379,-10.820759,16.261227,12.702502,-2.1953404,14.900234,13.831715,18.761972,-16.938602,-2.4925146,-8.633711,26.546026,-2.1367722,-10.210386,-5.609426,-5.1162276,-2.6430311
4.831552189,3.10619469,2.904224537,193.9114881,146.4786784,154.1586141,160.0880807,160.5538802,-13.37601361,12.15770737,0.5161979352,91.35098436,0.01976636993,-0.6969262037,0.1875768084,-0.06892485341,1.769071294,0.8891777494,1.034853706,1.463734723,0.9286406621,0.7755512886,0.9918074757,1.097541381,1.04710833,0.6756750593,0.90331039,1.037675607,1.085544455,1.151335028,0.9283864694,0.5542328846,1.448144554,0.9180546831,0.7713265869,0.8488514144,1.23835016,1.061119526,7.008274275,0.6094207294,14.55718881,10.31100263,0.1557498465,0.5997530532,0.2749716524,0.8298151429,0.0,0.4434958058,4.078889362,0.0,0.0,0.0,3.363965155,0.0,0.0,5.207229921,0.0,3.156696821,0.0,0.6553359106,0.4944444444,0.0,0.8020833333,-0.1121693122,5.052931068,30.22962691,15.03763008,0.0,19.74647275,25.83174751,25.47729296,0.0,39.65469567,6.606881965,32.63603612,11.28161936,6.093240071,6.544756406,12.43128646,22.67357176,2.589365178,1.449952451,92.79,0.6772222222,0.4930909864,0.2849899219,0.2500154321,0.03844850949,82.3538164,621.8140819,29.23327714,0.7864901803,0.7088212388,0.4355746921,0.8454931979,-0.003748600109,-0.203177751,-0.7616776671,3.42,6.81,-8.316412,0.79859006,6.7960124,12.988827,-16.754301,-12.8320265,12.119223,3.3776057,13.020794,9.04387,8.077863,17.742386,-4.162502,-8.191124,24.00078,43.84335,13.090197,-1.7766612,1.4123678,2.5903347,4.2850285,-34.263588,-5.4980497,0.013642818,-18.6307,4.4285545,27.434734,14.573059,4.15652,-14.481783,3.6096935,1.2422428,-11.620299,-9.189764,-9.5936,3.1845891,1.8890657,6.3465724,20.753298,-17.971182,-40.602245,-1.5506272,-3.7852247,-17.603342,-12.129507,7.877525,-34.074265,-2.8795948,5.9230905,-14.8136015,25.046833,25.555975,-0.2701956,18.32799,25.360735,36.052208,-33.67639,-4.705205,-20.62024,40.32018,-3.137607,-20.15107,-1.5620942,-5.67828,-5.237054
5.008913883,3.688073394,3.060983397,215.0612249,146.1575842,151.7675632,158.5215522,154.6903754,16.91036668,12.19782707,1.432775011,78.16580123,0.0126714554,-0.3848744463,0.0958922274,-0.02960692233,1.368892033,0.9918177056,1.061756569,0.8684030935,0.650275411,0.8114473376,1.116278734,1.041240748,0.891023195,0.6028824704,1.068944679,1.296109171,1.161495557,0.9429251733,0.787458565,0.5444617147,0.7178549129,1.080754575,0.7880458933,1.078822477,1.161400443,1.072830677,7.008272635,1.343850149,14.69236417,10.92976555,0.1185879739,0.5913525046,0.3957624643,0.7270017372,0.0,0.4282346856,1.503322189,0.0,0.0,0.0,0.0,0.0,0.0,0.0,0.0,0.0,0.0,0.7452171441,0.4761904762,0.01785714286,0.7816091954,-0.08159332758,4.779985193,27.94130786,5.316788604,19.44429716,0.0,12.13273414,48.73693008,0.0,26.31013685,5.316788604,25.65562151,17.76011521,0.0,5.907179729,0.0,6.196843572,5.723063489,1.661975932,72.7,1.035277778,0.3524305556,0.2330561854,0.147191358,0.04362922705,79.84484027,529.3964767,24.26830234,1.331893178,0.5737701378,1.790397802,0.304200659,-0.1720606678,-0.1257502868,-0.6731780573,2.67,3.63,-6.766045,0.9253286,3.4120133,8.547056,-12.192574,-8.824801,10.0112095,1.6138842,11.639203,8.032208,6.3048954,15.037049,-1.4865814,-6.8139334,18.263342,33.801483,10.497327,-0.6143588,1.0247538,3.5007997,3.8322253,-25.950129,-3.4847026,-0.71174765,-12.7972,3.4297764,20.97273,11.653315,3.8269246,-11.324509,2.7804341,0.9466246,-9.096211,-6.8072767,-7.8336625,2.3396404,0.48478973,4.8004293,16.3024,-12.6935835,-32.162853,-1.5952103,-2.879466,-13.501599,-7.6261177,6.0290804,-25.783329,-2.355887,5.0279865,-11.910897,17.823105,18.134022,1.9686822,15.069212,18.33618,27.445797,-25.242584,-4.2214155,-16.998856,31.462465,-1.5191853,-15.392565,-0.5106229,-4.655022,-4.3051033
5.030790199,3.630252101,3.404520112,215.4344871,143.3483149,150.2903905,156.5053829,154.5460211,-8.455504651,13.38275718,3.321949188,81.39729516,0.009759034512,-0.2202869056,0.1964471869,-0.03852540894,1.162135761,1.195111399,1.005177393,0.9406337266,0.9308322499,0.6651016677,1.03519316,1.069913189,0.9196031359,0.7259259259,1.17124183,1.161481481,1.125466552,0.8964085297,0.7935969868,0.6004880501,0.5200759135,1.040561143,0.9972627442,0.8832730028,1.152771024,1.050245621,7.014207436,0.2951903676,14.69234953,10.31168324,0.1004313216,0.5913525046,0.7442241768,1.345683507,0.07216878365,0.4267166099,1.651470337,0.0,0.0,0.0,0.0,0.0,0.0,0.0,0.0,0.0,-3.283457876,0.3077171441,0.4862068966,0.0,0.8172413793,-0.09125979506,4.790090008,30.52988608,0.0,14.64975998,8.417796984,19.05647134,48.73693008,9.837253136,31.20562033,5.752853607,33.91909238,22.80283117,9.837253136,5.752853607,10.41218419,31.45015848,5.540038494,1.598346092,77.74,1.243611111,0.4479166667,0.3476788864,0.311882716,0.04180283224,81.24638538,541.0081952,29.62403544,1.223385607,1.247282366,1.399382389,0.6908026079,-0.4841765993,-0.3418728107,-0.3288825098,2.94,3.69,-7.60117,0.6143334,3.2108278,8.593312,-13.22952,-9.014098,11.245992,1.3924688,14.894634,8.957322,6.0543547,18.013191,-0.7074106,-7.4868946,21.531462,35.963615,11.201565,1.3830689,0.24393342,2.4386706,4.505468,-29.143238,-6.4630585,-1.2324021,-13.7510605,2.6181812,21.38843,14.149154,2.5762014,-13.225128,3.8335183,1.7691151,-8.438024,-5.784403,-8.732507,3.4419072,-2.2479894,5.4827814,16.51461,-13.674026,-35.206856,-3.1917012,-2.4372947,-13.749983,-6.3652177,5.6907163,-28.860106,-0.8507321,4.162546,-12.770335,18.601465,20.776285,4.435081,15.48247,20.709711,31.310387,-28.15986,-5.178096,-20.878513,33.24246,-0.7066983,-17.738443,2.2741828,-4.868284,-5.491663
4.849116668,3.628571429,3.257428941,222.8313644,148.7469203,153.7075299,158.6013569,159.9835815,-9.330695544,10.63598501,-5.360683049,89.00890321,0.01671880257,-0.4898109316,0.01941274943,0.07019490252,1.556239342,1.14738264,1.061755295,1.126584531,1.021588668,0.8367052251,1.006773538,1.052691732,0.9769231097,0.6316485333,1.128175182,1.096836983,0.9537712895,1.071093599,1.093237846,0.5524066865,1.033824849,0.9467077661,0.9539372461,1.080593079,1.217280346,1.034197728,6.027276508,1.434075492,14.63951778,10.95423322,0.09011034916,0.5805272079,0.3583049857,0.7342487627,0.0,0.4345097496,1.960612362,0.0,7.30743222,0.0,3.409085884,4.205154239,0.0,0.0,0.0,0.0,0.0,0.5893404159,0.4741935484,0.01612903226,0.7727272727,-0.08695346795,4.797585354,30.22465849,10.30076712,4.983978521,14.98529578,24.27512131,37.26522558,0.0,13.46849361,5.316788604,26.29938345,6.544756406,0.0,0.0,12.1082079,11.07527959,8.075503429,1.556636112,107.09,0.8405555556,0.5538548753,0.3699058327,0.204691358,0.03602430556,82.82833551,608.9718141,30.29823685,0.7308494278,0.9677564077,1.600092067,0.3241506152,-0.1849919209,-0.06308434404,-0.8045552178,0.0,2.75,-9.45878,1.8787763,5.7463107,13.706028,-17.928745,-13.517022,13.979658,3.396997,12.5235815,11.113275,10.396182,18.55222,-3.6704478,-9.721,23.2383,49.68961,15.3728075,-4.359273,3.3288023,6.9396787,4.9167852,-35.325893,-0.29467034,-0.38916335,-18.574383,6.630841,32.397522,14.003982,8.148212,-14.758768,2.5418954,0.35806233,-15.623223,-12.060539,-10.555896,1.9660649,5.665332,6.5419846,25.317877,-18.342684,-45.611023,0.18889672,-5.819153,-20.995619,-14.345375,10.003689,-35.459545,-6.4540005,9.472298,-17.450071,26.775314,24.427116,-1.078253,23.430523,24.861076,36.365185,-34.46308,-4.6471777,-20.146923,46.674686,-3.6222064,-20.137325,-5.2643485,-6.9486294,-4.912324
4.931474058,3.989690722,3.820868946,243.2739835,144.4433418,148.6042359,152.6652993,157.2877824,36.32231405,9.074380165,-2.938016529,92.60133291,0.02397713981,-0.4180494422,-0.02585091579,-0.05050573714,1.375566915,1.178311087,0.890489454,0.9505324754,0.7637941505,0.8096364276,1.008331606,0.9826163645,0.952139166,0.6261845039,1.231303658,1.17884937,1.239457987,0.9887123746,0.9103615826,0.5881161927,1.245047556,0.9257819251,1.076362228,0.8564710905,0.8735106222,0.9231002716,8.001920409,1.39137419,17.42477297,10.9431888,0.1115543688,0.6160248987,0.5490804341,0.7123218982,0.0,0.4309470101,0.0,0.0,0.0,0.0,3.095238804,0.0,0.0,10.80905451,0.0,0.0,0.0,-0.4976187264,0.4661904762,0.03333333333,0.8359447005,-0.1132567509,4.367300987,33.94087439,9.473725908,9.893218992,9.072217983,18.19910121,48.53093655,11.49902367,0.0,6.792942306,16.57342705,0.0,11.37648774,17.91984529,34.00724092,60.66367068,0.0,1.622879259,80.04,1.4175,0.5538194444,0.4285793021,0.2297067901,0.0450708061,82.14567904,501.2536816,26.03677355,1.148440341,0.4874484088,2.118887264,0.075330666,-0.4465666489,-0.387093241,-0.637109507,3.32,4.94,-6.94472,1.1983745,8.291762,14.816886,-15.688795,-13.22719,9.048842,4.7782645,4.928678,7.2038765,8.612705,9.941005,-6.429437,-7.302163,17.937513,39.068863,12.08612,-5.900356,4.207884,1.8542098,2.9558754,-28.579996,-0.109700084,2.4588397,-18.388765,4.3786488,27.13531,8.810736,5.938867,-12.326019,0.06468159,-0.12726438,-12.659395,-9.562454,-6.486393,1.9380744,7.4870043,5.608843,19.876272,-16.647615,-34.184696,2.65266,-4.3942833,-17.571547,-17.513166,9.312747,-29.962229,-5.7659197,8.477809,-12.951415,25.76722,22.828646,-7.2383494,16.859257,23.19494,28.390589,-26.761295,-2.3354182,-11.218016,34.86166,-4.8047013,-15.321679,-7.66986,-5.559839,-3.0244925
4.84886367,3.443478261,2.963631157,215.361625,148.4885439,154.9564336,156.9498913,160.6751917,-79.0,13.91975309,-4.404320988,91.83830858,0.01425458694,-0.5018382988,0.2263289625,0.1413197503,1.611020551,1.122689715,1.305043699,1.109601832,1.388814606,0.9092731438,0.9766883713,1.024019262,1.164975845,0.6679502888,1.024674465,1.040567185,0.7824621227,1.076142132,0.9615096005,0.6981384003,0.9359935082,0.859921542,1.072248528,1.144208545,1.273040708,0.9360145071,3.057290394,1.43418935,14.63947554,10.94728093,0.09341899671,0.5652352563,0.2749716524,1.006577862,0.0,0.4299099009,6.193937567,0.0,7.447733822,0.0,3.483744567,4.229335821,0.0,0.0,0.0,0.0,0.0,0.8390301398,0.4774193548,0.01612903226,0.7606060606,-0.06522875817,4.671011113,30.15823057,10.30076712,4.983978521,14.98529578,18.20875424,62.23960296,0.0,27.315968,5.316788604,26.29938345,6.544756406,0.0,0.0,6.544756406,11.34744789,8.24516313,1.607324281,83.3,0.6669444444,0.5130385488,0.3023904006,0.324691358,0.04609929078,82.88111178,595.6083073,25.30336322,0.9913844917,1.197579376,1.284446728,0.2005323035,-0.3187504862,-0.04337983352,-0.9020991131,0.0,3.76,-7.581011,1.1191034,4.0372286,9.91648,-13.85653,-10.196073,11.262213,2.1227624,12.155149,8.983561,7.495629,16.277845,-2.10415,-7.6529846,19.956509,38.554832,11.906472,-1.5341505,1.487292,4.4881234,4.11821,-28.880363,-2.8547215,-0.6363175,-14.538744,4.4335227,24.276138,12.638196,4.928464,-12.35322,2.864365,0.8738555,-10.840153,-8.356292,-8.701793,2.2436357,1.7359865,5.285734,18.941236,-14.402447,-36.256626,-1.2619334,-3.679375,-15.631658,-9.41561,7.0980034,-28.69975,-3.430244,6.103686,-13.50453,20.434334,20.124985,1.2241929,17.46286,20.37425,30.352531,-28.244505,-4.439098,-18.311789,36.028084,-2.1042786,-16.993935,-1.6434388,-5.263522,-4.5321083
4.848822136,3.52991453,4.226517755,218.1299614,146.9088126,153.5593233,157.1375709,158.8014546,-18.50800183,9.287379973,-1.001028807,90.03109943,0.02379145548,-0.5304780801,0.3344631912,-0.05685607028,1.577231837,1.144882277,0.7892489829,1.054080573,0.8737325592,0.8585639176,0.9451028777,0.998537104,0.9843238449,0.8661456572,1.104999801,0.9574475994,0.9915088444,1.061595728,0.9429844995,0.5185653573,0.4010486369,0.8889875738,1.000284754,0.8329421287,1.315355906,0.8740436224,7.014216481,0.3002066653,14.55854528,10.319282,0.07763040083,0.5805272079,0.7079843543,1.387918528,0.0589255651,0.4287655283,1.935539908,0.0,0.0,0.0,0.0,0.0,0.0,10.9624359,0.0,0.0,-3.727789,0.06291120782,0.4747474747,0.01515151515,0.8148148148,-0.1123524624,4.792402901,33.91662091,14.79051451,4.567099648,23.52472776,6.066367068,55.45467375,17.32342816,18.36397708,12.10973091,29.74579598,16.56804756,10.02329115,11.68842578,23.86818457,12.13273414,1.933128359,1.468030535,121.36,1.021111111,0.6067885488,0.3577884858,0.2425,0.03880718954,85.28849561,538.5892365,36.96481016,1.505550769,1.24216124,1.336993208,0.936185236,-0.6804028302,-0.6065485893,-0.6494732285,2.58,2.01,-10.4269495,1.8223219,10.90572,19.772556,-22.848946,-18.535305,14.553275,5.9362936,10.948141,11.05804,11.942104,18.102367,-7.8596783,-10.770925,27.777807,58.06765,17.587318,-6.8266068,4.663003,4.038433,4.8066154,-43.002556,-1.7873434,1.7626083,-25.726707,6.9339604,38.92775,14.9661875,8.378263,-17.95648,2.0878775,0.4335997,-18.086567,-14.065256,-11.189024,3.0041056,8.786772,8.144831,29.091528,-24.056019,-51.865707,1.7447071,-6.509681,-25.08559,-21.864449,12.593049,-43.77336,-7.406135,11.181333,-19.56549,35.77696,32.89768,-6.6046395,25.364887,32.889297,43.382473,-41.26238,-4.3371778,-20.321922,53.105503,-6.231042,-23.744555,-8.320607,-8.219325,-5.2709007
4.84857093,3.606060606,2.991930686,233.4254065,146.0295952,151.7288371,154.6627463,156.0859804,-32.88824059,8.401991852,-6.646446356,83.86680723,0.01343402776,-0.5549134885,0.03433761906,0.1370045912,1.616848692,1.009692111,1.040796788,1.311071099,0.90664357,0.950515268,1.011539262,0.9959649229,1.050253732,0.6944113059,1.013559936,1.144995484,1.056333682,1.185769306,1.09021573,0.9069794489,1.333995224,0.9325571661,0.9927735142,1.055054619,1.133422462,0.9701643409,3.057283058,0.6049843636,14.63943838,10.31162888,0.105417972,0.5805272079,0.2749716524,1.045211369,0.0,0.4309705789,1.982841128,0.0,7.516015789,0.0,0.0,4.22560072,0.0,0.0,0.0,1.597046756,0.0,0.7283299214,0.4982539683,0.03333333333,0.7952380952,-0.08984901278,4.803860926,30.07588135,5.316788604,4.983978521,14.98529578,47.21284708,42.82867707,5.13155848,13.46849361,5.316788604,21.31540493,6.544756406,0.0,0.0,6.544756406,22.68423376,8.321184976,1.540247171,67.51,0.7225,0.5755385488,0.2590230537,0.211882716,0.03287037037,81.67285009,628.5176089,28.71703635,-0.2894025073,0.8133898082,0.6115351874,0.1133213651,-0.0431252227,-0.2149187401,-0.5950689764,0.0,4.47,-6.7302947,1.9246368,2.4726992,7.9070973,-11.170459,-7.8192635,9.451776,0.46496296,10.292082,8.061015,6.2116046,13.492055,-0.16912441,-7.502737,16.345287,31.44084,10.462341,-0.9386506,1.9805888,3.9033508,4.0341415,-24.12154,-1.2481565,-0.73916626,-11.354905,2.5764058,20.688307,10.005579,5.010834,-11.683704,1.2236508,0.3644733,-9.80573,-5.7009163,-7.273222,2.3685732,1.1923568,4.727548,15.365044,-11.0767565,-30.38114,-0.29751647,-2.824729,-13.150568,-7.83206,6.8067546,-24.00175,-2.9124017,6.762458,-11.850874,17.027237,16.206724,1.7936535,14.97957,16.966957,24.226875,-21.28325,-4.2328796,-14.454499,28.870247,-1.0089791,-13.440435,-1.4719748,-5.30218,-4.2509956
4.842947434,3.682926829,3.467460317,227.9002031,150.0218546,157.13422,162.9071435,159.9432576,63.885,10.851875,4.89125,91.63511247,0.01576077397,-0.270498605,0.02076005042,-0.1029061835,1.288865257,1.32510193,1.129935277,0.9245077037,1.022266633,0.8319696084,1.126584574,0.9650314618,0.7839647203,0.6355192402,1.161649454,1.041041041,0.9030717464,0.872040872,0.8281008281,0.6246353563,1.378509951,1.026811325,0.8835595447,0.9959465816,1.154487725,1.009469959,8.001918197,1.409403453,17.42477238,10.98214099,0.0882659421,0.439238079,0.3539449579,0.6800588782,0.0,0.4326497693,3.680913601,0.0,0.0,0.0,0.0,0.0,0.0,0.0,0.0,0.0,0.0,-0.3951980453,0.4674285714,0.04,0.8197802198,-0.1149625737,4.743942708,25.40958791,5.316788604,14.64975998,9.374393569,0.0,37.25557254,5.817220841,6.9237372,5.316788604,24.73242031,7.047671983,5.817220841,5.693927995,5.693927995,35.40506779,5.059039433,1.502872518,68.52,0.6630555556,0.2621527778,0.2048217435,0.18,0.05243055556,74.02747725,479.7958479,22.37169179,0.7544204297,1.01053964,1.608905417,0.488134544,-0.2289545709,-0.1083743732,-0.7253544186,2.76,2.96,-6.4023385,0.72480744,3.1741254,7.935253,-11.457163,-8.296112,9.4636135,1.5374405,11.193429,7.594644,5.895346,14.351609,-1.385868,-6.3583536,17.346575,31.798336,9.870692,-0.38287583,0.83553505,3.2120414,3.6276324,-24.49711,-3.576311,-0.69116867,-12.0434265,3.2295787,19.608335,11.161508,3.395838,-10.612996,2.7624211,0.98606634,-8.367997,-6.3904233,-7.450904,2.202224,0.16397458,4.5106497,15.322072,-11.950571,-30.33143,-1.7272624,-2.632866,-12.638364,-6.9835515,5.5528245,-24.323181,-2.1133249,4.5023427,-11.108784,16.726414,17.158646,2.0153964,14.06452,17.311592,26.026375,-24.032045,-4.0330224,-16.321892,29.636614,-1.394369,-14.637154,-0.22720322,-4.296455,-4.0658836
4.84878054,3.548672566,3.243794326,218.1205727,148.4111189,154.2850091,158.4354811,158.9463001,5.148451406,12.16518334,-1.511569954,91.01694804,0.01659012321,-0.4910888196,0.0634784885,-0.0431214025,1.535897833,1.08609763,0.9275600357,1.16166739,0.8869951893,0.8686251834,0.9327185025,0.9877027412,0.9278995416,0.6739297829,1.077703944,1.121280747,0.8997378311,1.024892203,0.9793737473,0.6201694087,0.9220105663,0.981097073,0.9555811638,1.047595131,1.255466419,1.013488229,7.008272924,1.434196465,14.63947865,10.95345846,0.08722449459,0.5805272079,0.441638319,0.8586399347,0.0,0.4323245357,3.524287001,0.0,7.32461262,0.0,3.424954963,4.210628741,0.0,0.0,0.0,0.0,0.0,0.6675170283,0.4729166667,0.015625,0.781372549,-0.08506188647,4.783786492,30.24433177,10.30076712,9.778515705,14.98529578,24.27512131,44.18896278,5.783244946,20.39223081,5.316788604,32.0826284,6.544756406,0.0,5.783244946,12.1082079,17.99901679,8.094760321,1.566306573,100.37,0.8475,0.5755385488,0.2711404006,0.2940740741,0.03784013605,83.98352269,600.1176113,30.23285924,1.250027542,0.9193986469,1.641201356,0.4777827356,-0.4193160174,0.01870270859,-0.7739136444,0.0,3.16,-9.043492,1.3003849,5.0574045,12.081155,-16.796736,-12.332716,13.5201645,2.7232945,14.641624,10.690462,8.976666,19.639057,-2.7233882,-9.063896,24.145123,46.51551,14.216501,-1.8810203,1.7001585,5.302104,4.907944,-34.824177,-3.6737938,-0.77809894,-17.633636,5.3434205,29.09638,15.259725,5.792302,-14.789568,3.6124933,1.1062057,-12.999303,-10.102803,-10.430169,2.7664285,2.1188173,6.371873,22.722178,-17.517626,-43.63218,-1.5818123,-4.455611,-18.787638,-11.350706,8.449976,-34.65147,-3.988128,7.176423,-16.29604,24.600079,24.39536,1.4660039,20.949461,24.591751,36.749134,-34.265182,-5.2229304,-22.137386,43.472027,-2.5946226,-20.546432,-1.8963721,-6.2675014,-5.4714336
4.848683342,3.643564356,3.1316505,233.7558847,145.9988968,151.4131156,153.8651411,157.2383784,-6.209104938,9.328125,-4.57421875,89.29566889,0.01398932191,-0.534469659,0.007354266045,-0.1211845011,1.568695073,0.9848458826,1.005974207,1.344695422,0.8708438101,0.8986900486,0.9616662427,1.161690389,0.9605330594,0.6618553072,1.013752634,1.123803297,1.023437312,1.167701863,1.056347282,0.577404318,1.10977111,1.010884784,1.037806236,1.278042356,1.106229252,1.053888665,6.027276383,0.60498736,14.63947948,10.31163838,0.1001055623,0.5805272079,0.2749716524,0.9395624658,0.0,0.4340286995,1.979185672,0.0,7.385450718,0.0,0.0,4.214448028,0.0,0.0,0.0,1.557769563,0.0,0.6434372853,0.488172043,0.01612903226,0.7833333333,-0.0884610814,4.808208073,30.07249401,5.316788604,4.983978521,14.98529578,35.61190719,42.82867707,5.13155848,13.46849361,5.316788604,21.31540493,6.544756406,0.0,0.0,12.1082079,22.41206547,8.167796294,1.556515455,91.3,0.7294444444,0.5130385488,0.2711404006,0.269382716,0.03679078014,82.7928273,638.1277052,28.89842334,-0.2781968411,0.7125648658,1.291577699,0.3562841817,-0.05322310611,-0.5322591631,-0.5431504472,0.0,3.87,-8.290839,2.097674,4.639978,11.794272,-15.231821,-11.554985,11.898942,2.4536858,10.405779,9.7425165,9.051376,15.563229,-2.6823213,-8.809431,19.510351,42.55091,13.5144825,-4.0264254,3.4338286,6.266438,4.464703,-30.262257,0.6916163,-0.35913068,-15.713008,5.3312545,28.30729,11.462403,7.6033163,-13.073389,1.5322042,0.023621082,-14.045048,-10.1384735,-9.07354,1.7202529,5.301909,5.742581,21.818579,-15.343583,-39.23767,0.7669302,-4.997746,-18.233238,-12.765892,9.142746,-30.435362,-5.937287,9.136689,-15.196439,23.163229,20.52602,-1.0869038,20.459423,21.256792,30.499018,-28.532171,-4.126028,-16.531237,39.806072,-2.9615245,-16.848722,-5.090056,-6.430655,-4.2620807
4.824530955,3.85483871,3.449204855,236.8606329,148.8349854,153.6858513,156.4040319,154.8192767,8.863687379,9.099173554,3.107438017,59.12577217,0.03314205788,-0.6089468803,0.171928784,0.02233338818,1.626544529,0.9201319986,0.7410223499,0.9840342229,0.9034633094,0.9203137351,0.9678173121,1.100816158,0.9952370753,0.6164251208,1.123141655,1.160168303,1.16057971,1.16101949,0.8111304348,0.7504116714,1.241472593,1.112314942,0.8637353435,0.9854851311,1.132876354,1.152286989,4.005301525,0.6101389397,14.55979499,10.31170095,0.1020099945,0.6279367163,0.2749716524,0.6501659697,0.0,0.4251462474,1.954622494,0.0,0.0,0.0,3.096824452,0.0,0.0,10.74599844,0.0,1.545147891,0.0,0.3662221277,0.480952381,0.02380952381,0.7916666667,-0.1270501836,4.513794877,27.76816663,20.19137191,0.0,9.967957042,0.0,25.12283841,17.44736295,6.9237372,12.52660978,21.74487787,0.0,0.0,6.792942306,5.948339281,11.33678588,0.0,1.41493967,86.05,0.5416666667,0.2395833333,0.1222206475,0.055625,0.04837962963,72.20845346,391.0219924,21.75128385,0.5303720481,0.5550759974,0.6480669391,0.6951549711,0.2969394989,-0.4341460061,-0.6072280764,1.93,3.8,-7.119674,0.4422289,8.72019,14.509123,-16.564013,-13.90759,10.051957,4.955974,7.3493752,7.4157248,8.512265,12.3516035,-6.879086,-7.109093,20.078928,41.053734,12.263592,-4.838758,2.9309316,1.861048,2.989069,-30.834883,-2.366474,1.7661077,-19.220963,5.292763,27.40173,10.874901,5.0710983,-12.082783,1.9320576,0.6906083,-12.067299,-10.520092,-7.9652967,1.8294246,6.052706,5.6804748,20.687853,-17.851051,-36.423664,0.73597074,-4.3356657,-17.715385,-16.135721,8.466562,-31.33637,-5.23401,6.7597094,-12.9864235,26.337492,24.52232,-6.1154838,16.986328,24.316786,31.5107,-30.79746,-2.8541646,-14.65848,37.70599,-5.0400114,-17.401604,-6.0056086,-5.2114186,-3.4056022
4.848697334,3.526785714,3.149456522,217.9089658,148.5111826,153.7288018,158.5092233,159.6436914,-46.18934911,10.13609467,-3.573964497,92.73080558,0.0157246166,-0.4788635202,0.01338942961,-0.07329736105,1.549150028,1.105728845,1.137729115,1.168789929,1.180564099,0.9102364546,0.9679134186,1.09821341,1.06796453,0.6698543233,1.051515508,1.128062613,0.9325317604,1.113510911,1.012570489,0.5708954067,0.8398708976,0.9607805422,0.9839195773,1.042581479,1.228633874,0.9959756759,6.027275724,1.424267567,14.63951865,10.9540584,0.08905243654,0.5805272079,0.2749716524,0.791095659,0.0,0.4358612357,1.969942999,0.0,7.355131966,0.0,3.441941846,4.215315886,0.0,0.0,0.0,0.0,0.0,0.7802589076,0.475,0.015625,0.7705882353,-0.08311688312,4.944974093,28.59441315,10.30076712,4.983978521,14.98529578,24.27512131,42.82867707,0.0,19.88931523,5.316788604,26.29938345,12.96557803,0.0,0.0,12.96557803,5.008912524,8.514958963,1.571333817,107.09,0.7572222222,0.5130385488,0.2711404006,0.269382716,0.03602430556,83.88317849,653.7758049,29.92663584,0.5642247774,1.229170035,1.502192319,0.285008378,-0.1475931218,-0.2517500364,-0.7404977699,0.0,3.14,-9.44854,1.8123199,5.78811,13.70951,-17.929028,-13.556189,13.957774,3.450105,12.496296,11.091425,10.413138,18.534012,-3.74679,-9.671995,23.22358,49.690845,15.359713,-4.3779926,3.3248353,6.9436717,4.9034038,-35.291996,-0.32065135,-0.3858987,-18.597755,6.6627865,32.365982,13.992625,8.103078,-14.655055,2.5874074,0.38500965,-15.608881,-12.1236725,-10.573384,1.9213041,5.6732597,6.5321565,25.332462,-18.361347,-45.596706,0.15092906,-5.823696,-20.9955,-14.377182,9.976854,-35.446396,-6.4786787,9.40626,-17.394873,26.79431,24.434002,-1.1540728,23.38225,24.857359,36.371372,-34.56745,-4.6118565,-20.164114,46.71136,-3.6624947,-20.150549,-5.2850995,-6.9056206,-4.877692
4.849748974,3.699115044,3.170875421,224.1876316,149.5353358,157.4033236,158.1605413,158.5727552,-14.34693878,17.76913265,-1.710778061,93.53331602,0.02396427595,-0.4221932456,-0.02696315477,0.1813631051,1.467114642,1.403325015,1.328253549,0.7879618576,1.052990741,0.9430919684,1.154795017,0.8131530792,0.9632522355,0.5558563436,1.261744709,1.079015255,0.7923909579,0.9080256024,1.003252913,1.045183051,0.8741677857,1.030518426,0.9649382303,1.058327934,1.362862317,1.02840643,3.515313479,1.424173312,14.63948162,10.95957115,0.07019953079,0.5652352563,0.4110544159,0.7720365805,0.0,0.4366629633,5.21020126,0.0,7.356082999,0.0,3.448528282,4.223511053,0.0,10.9234963,0.0,0.0,0.0,0.6425811567,0.4686868687,0.04545454545,0.800952381,-0.09188199188,4.874057377,31.11015337,19.77449303,4.983978521,14.98529578,18.20875424,37.26522558,11.49902367,13.46849361,19.53638369,40.51897853,6.544756406,0.0,0.0,18.04378007,19.22850761,8.130644411,1.517018954,101.76,0.9030555556,0.5538548753,0.4011558327,0.309382716,0.04088050314,85.16785714,637.7183763,29.9861309,1.150052449,0.9125688076,1.66330387,0.306286702,-0.3202883181,0.03352076113,-0.8999377555,0.0,2.83,-8.853211,0.070880145,9.169944,15.225159,-19.117228,-15.003074,13.0017605,4.4975233,14.317196,8.996621,8.403049,19.382889,-5.869151,-8.326862,27.970764,48.110973,13.847706,-1.2127564,0.59939694,0.35696128,4.2653418,-39.19015,-8.945257,0.4437283,-22.159302,4.545056,29.559555,16.928043,2.7905555,-16.132875,4.7438145,2.0806522,-11.477742,-9.846913,-10.480847,4.022284,1.0183744,7.155065,21.97797,-20.96895,-44.38572,-2.5180538,-3.6422849,-18.895617,-13.7049885,7.9908314,-38.4877,-1.8568097,4.804577,-15.51516,28.827654,30.715572,-1.2467216,18.334356,29.957182,41.46878,-39.16781,-5.151768,-23.791933,43.832157,-3.9145439,-23.43121,-0.4210963,-5.568519,-5.9628186
4.901991542,3.547619048,2.751956182,217.8648394,143.850185,150.3923454,154.4014992,155.4123744,-67.20512821,12.0591716,-7.512820513,62.0865036,0.006909341292,-0.1433039918,0.1321687775,-0.1068096725,1.194450889,1.373986551,1.122264751,0.9650451815,0.7157069081,0.8914195345,1.163828941,1.265325303,1.10134357,0.5868332311,1.031690681,1.27985973,1.16420141,1.325107296,0.9479613734,0.7688163776,1.52139215,1.052912565,0.9618256816,0.9268770534,1.067635073,1.015064301,3.040345304,1.399843898,14.69232303,10.94205723,0.09412488023,0.5198743352,0.2823601614,0.6973112673,0.0,0.4288138676,4.118896841,0.0,4.30055839,0.0,0.0,0.0,0.0,0.0,0.0,0.0,0.0,0.9359953704,0.4863636364,0.0,0.7545454545,-0.04201257862,4.221049014,25.11379186,0.0,9.665781456,0.0,41.97130694,37.61968013,0.0,20.39223081,0.0,14.76446326,6.544756406,0.0,0.0,0.0,0.0,4.30055839,1.792049393,30.71,0.5980555556,0.3628472222,0.1456364953,0.065625,0.04616013072,72.54717785,518.0290858,17.57770004,0.7256466006,0.5104938411,0.8367266263,0.3633409504,-0.0686162046,-0.07851405465,-0.5165295323,2.87,4.18,-4.1296167,0.47885263,0.3562191,2.807228,-4.9971604,-3.0804482,5.015374,-0.5052648,7.109642,4.653333,2.4192743,8.119672,1.180862,-4.1638417,9.321609,14.072057,5.2935166,1.8375047,0.59142125,0.7766576,2.5180144,-12.435322,-2.7045217,-0.6677464,-5.0755973,-0.19275358,8.920684,6.093397,0.99503887,-6.635741,0.8415075,0.954187,-3.3923788,-0.9595567,-4.0194745,1.8429981,-2.4384637,2.6909063,6.45835,-4.7483296,-15.0921135,-1.5941923,-0.60438776,-5.662797,-2.3133032,2.831653,-12.38776,-0.15532595,2.420442,-5.3499265,7.8033423,8.602927,2.938685,6.308193,9.052864,12.693213,-10.600691,-2.9087615,-9.045188,12.551568,0.388693,-6.9995112,1.8583127,-2.5763955,-2.7533958
4.822269788,3.811594203,2.992241786,264.7604905,143.364057,148.9091199,150.688989,153.3114982,-36.69658856,7.204081633,-5.87755102,57.82542362,0.0156180897,-0.3973774462,-0.1609845892,-0.1601231853,1.363472932,1.240436651,0.9329920178,1.47724548,0.6770384547,1.023537966,0.9068803068,1.220965629,1.250550382,0.6825236167,1.116592345,0.8939302885,1.026873767,1.244601889,1.301282051,1.177694743,0.9134616867,0.809205092,0.9039222413,0.9513615892,1.023495921,0.9847885785,3.513558004,0.6049902606,14.69444651,10.31197207,0.1350816635,0.5346513532,0.3309330933,0.9578790288,0.0,0.4309393182,1.647761911,0.0,0.0,0.0,0.0,0.0,0.0,5.175480683,0.0,1.482073386,0.0,0.578593457,0.5123015873,0.0625,0.8501984127,-0.1240303914,4.31767239,34.94713969,4.736862954,0.0,9.499376415,34.53866566,42.46456948,0.0,0.0,7.109797541,21.70785576,0.0,0.0,0.0,10.04526663,23.75792957,1.903736125,1.487772705,39.42,1.004166667,0.4566326531,0.1793981481,0.1125,0.04598348348,74.85655098,533.9399129,22.42939322,0.3333577517,1.062891643,1.397488107,0.9279656807,-0.3041624427,-0.5584576643,-0.5619087632,3.61,5.35,-4.9827623,0.19047788,2.4194732,4.9350266,-7.332708,-5.0911603,6.0908327,0.08887772,8.289433,4.9297523,2.7967608,9.589322,0.01934124,-4.9314756,13.261976,18.334583,6.4967484,2.4996297,0.20355985,-1.2686692,2.7219007,-17.585232,-5.516531,-0.422948,-8.286187,-0.5480336,11.551029,8.331468,0.09967326,-8.8847475,1.4095516,1.703359,-3.8238084,-1.206768,-4.902141,2.8803875,-3.3281708,3.8216012,7.6028147,-7.4080067,-19.218668,-2.1520655,-0.6194101,-7.2405953,-4.284289,3.4779916,-17.216274,0.8182068,2.103091,-6.431399,11.801969,13.669073,2.1086555,6.7022977,13.973041,17.76614,-15.246126,-3.4875486,-11.75509,15.861186,-0.23972468,-9.842338,3.0049973,-3.121168,-3.919651
4.893639208,3.734042553,3.47763203,242.7813549,146.4107325,150.0941914,154.3310412,155.8610636,-31.91111111,8.830123457,-17.15555556,85.4754979,0.02689214999,-0.6289348213,0.1428770549,-0.07677209313,1.626006942,0.7055809039,0.8167619879,0.8792052488,0.8905855536,0.7830045983,1.061952688,1.143471329,1.029512208,0.7456938207,0.8654359035,1.069781961,1.057625348,1.208504014,1.263927577,0.4667402979,0.6649731604,0.8646646761,0.8279127708,1.08876564,0.9693580133,0.9190690932,7.009375612,0.6048934242,14.69449372,10.30179966,0.1186519305,0.9621754622,0.6015447178,1.47637284,0.0,0.4235849189,0.0,0.0,1.690547997,0.48069092,0.0,0.0,9.056324159,0.0,5.205926291,1.544541837,0.0,0.6057547819,0.5,0.01666666667,0.8181818182,-0.1645676275,4.922749975,31.94751282,10.84019487,14.4889841,9.499376415,47.44927841,31.05039749,0.0,18.75954929,12.27842388,47.34627086,9.589074368,18.42124142,4.320534086,27.89828482,27.99457095,3.944362987,1.333913458,113.82,1.115555556,0.6589073129,0.4613803855,0.4122067901,0.06394675926,87.27353458,493.7316075,25.83589666,1.142050741,0.3776546361,1.055188479,0.8007268473,-0.1499438446,-0.09705618499,-0.2473288575,2.53,3.66,-9.788254,-0.58993036,6.4837956,13.114591,-19.414722,-14.105096,15.564231,4.586647,19.685894,11.260318,8.70476,24.929405,-4.12859,-8.352312,30.246155,52.108467,14.785686,0.6661452,-1.1280191,3.4943526,5.4611926,-40.41384,-10.282591,-1.4080853,-20.81603,6.1015673,29.56273,20.468418,2.3362787,-15.805133,7.305052,2.9176583,-11.1993,-10.867409,-12.057997,4.0765586,-1.6894301,6.9905815,24.065144,-21.115746,-49.20578,-5.271344,-4.082669,-19.487034,-9.602143,6.7509713,-39.876003,-1.6123488,3.31652,-17.218187,26.47035,30.043715,4.1605353,21.038149,28.690222,45.265785,-43.240414,-5.9324946,-30.001297,49.136486,-2.7812424,-25.971489,2.3014445,-5.3274994,-6.808622
4.807062246,3.910714286,2.864779874,252.4161994,143.8295718,148.5726436,151.4616945,152.1720954,11.23259259,7.52,4.506666667,59.08028869,0.015439973,-0.4914573448,-0.01688861458,-0.04212853996,1.472080496,1.074476467,1.218604687,1.150277453,0.513916441,0.9094422627,1.065085311,1.075757055,0.9298385803,0.5785912561,1.200756543,1.030004241,1.16221374,0.9810895212,0.7148536896,0.9598365255,1.20338534,1.04859625,0.8542861103,1.032582246,1.03423582,1.004127101,3.042257683,0.6094208209,14.55684214,10.31100283,0.116023692,0.5566833238,0.2749716524,0.7090915348,0.0,0.4265070908,1.99573644,0.0,0.0,0.0,3.226454082,0.0,0.0,0.0,0.0,3.264150867,0.0,0.9092271353,0.5133333333,0.0,0.7825396825,-0.1051851852,4.523231429,29.3011671,4.983978521,0.0,14.95193556,6.066367068,19.05647134,0.0,6.9237372,0.0,19.93591408,0.0,0.0,0.0,0.0,29.00089183,1.720505008,1.480159922,54.46,0.4061111111,0.1493055556,0.09097064752,0.055625,0.03695436508,70.80021582,424.1797821,18.63172628,-0.1834267403,0.4450662365,0.626619366,1.056400907,0.292457376,-0.3635771726,-0.8413175583,2.21,5.77,-5.276424,0.5811872,2.1526897,5.9845147,-8.956825,-6.466324,7.642953,0.88388205,9.251246,6.31505,4.6946435,11.652122,-0.66885906,-5.317466,13.835641,25.131592,8.060268,-0.017984107,0.73119235,2.5994768,3.0513837,-19.543274,-2.7939553,-0.6374004,-9.326829,2.3802779,15.661924,8.961663,2.7446299,-8.647995,2.0449367,0.8195531,-6.6302686,-4.87008,-6.108315,1.7324317,-0.28652608,3.6326904,12.213635,-9.195589,-24.31224,-1.5030329,-1.9400196,-10.013686,-5.2993565,4.5191293,-19.380201,-1.7223471,3.7353132,-8.781839,13.241468,13.500644,1.9343635,11.207357,13.773783,20.583597,-18.909882,-3.4643774,-13.221908,23.41583,-0.8865402,-11.65905,0.03472352,-3.5306077,-3.310252
4.8182335,2.967105263,2.591517857,180.6396484,144.6136595,150.320413,157.4549268,158.6530643,-25.55111111,9.111111111,-2.777777778,92.36692616,0.01135436038,-0.2549440264,0.07470262557,0.0111483425,1.221103772,1.228141416,1.324211527,1.054549808,0.9300154065,0.8715795493,0.959878699,1.03298317,1.034132205,0.7385475852,1.124775718,0.8346474954,1.04406662,1.074446387,0.9623334639,0.8879121921,1.05412719,0.9093611496,0.966959081,0.8565328639,1.117358592,0.8694272582,3.510571965,1.212363224,14.69084776,10.94877942,0.08915318716,0.5068735754,0.2749716524,0.6960021216,0.0,0.4407029439,0.0,0.0,0.0,0.8415382583,2.978188601,0.0,0.0,6.007219148,0.0,0.0,0.0,0.8374664472,0.4822916667,0.015625,0.7595959596,-0.05410685805,4.568494554,32.47868309,4.736862954,15.06663885,0.0,38.17047518,66.43311571,0.0,38.52492974,6.606881965,26.77220262,0.0,0.0,0.0,0.0,6.196843572,13.58968151,1.770288996,63.69,0.8405555556,0.267396542,0.2091364324,0.154683642,0.02245862884,81.45550337,693.9226611,28.39889319,1.33399014,0.8165463797,0.8965639596,0.422009738,-0.1482215598,0.05101655716,-0.8995190968,3.74,6.38,-6.28724,0.9788255,4.6144524,9.073156,-11.83843,-8.847582,8.7351885,1.3019223,10.334548,6.689124,5.214355,13.141482,-1.7662799,-6.703417,18.4385,30.31392,9.56292,0.31978703,0.82813996,0.23693828,3.4672308,-25.87456,-5.3590846,-0.16031006,-13.412192,1.5603596,19.359344,11.065858,2.3404176,-12.21494,2.179062,1.2143149,-7.8298955,-4.647815,-7.014917,3.2867472,-0.67273986,5.020027,13.571031,-12.475264,-29.188007,-1.3789202,-1.8521492,-12.090836,-8.114937,5.842709,-25.40658,-0.6836385,4.361144,-10.65607,18.351402,19.539837,0.89852166,12.212818,19.758776,26.364876,-23.360815,-4.2229676,-15.529382,27.078995,-1.428014,-14.801123,0.63822544,-4.603045,-4.71358
4.821652195,3.343137255,2.816872428,212.9926013,144.6864366,149.6808312,153.1129697,155.0960483,-51.56899811,11.62570888,-4.111531191,74.31829025,0.008701300716,-0.21108114,0.03300170163,0.08090229906,1.183694953,1.181540417,1.262838272,0.9764918432,1.202472416,0.8713764698,0.9788693617,1.072633701,1.208085739,0.6600765306,1.234101749,0.8505295836,1.081429368,1.092694257,0.9724978885,0.8698811343,0.9375154858,0.9087748033,1.004316979,0.9438620566,1.044514858,0.8873555863,3.059390398,1.270375394,14.69084179,10.94421389,0.1194464028,0.4048115028,0.441638319,0.8087367741,0.0,0.4386326445,4.400650106,0.0,0.0,0.5233374565,2.964063799,0.0,0.0,0.0,0.0,0.0,0.0,0.8452830641,0.4846153846,0.0,0.7444444444,-0.04910394265,4.522711956,27.17618782,0.0,15.06663885,0.0,44.17930974,41.3102773,0.0,19.76538045,0.0,20.16532066,0.0,0.0,0.0,5.917906046,6.196843572,5.531015771,1.754984108,54.46,0.785,0.298646542,0.1977985639,0.117808642,0.03107638889,74.61337704,584.3086955,21.57875153,0.9160697772,0.4014621572,1.004120657,0.4512117674,-0.06204477428,-0.1347778779,-0.8389653517,2.67,5.56,-5.4596725,0.8869448,1.9841168,6.0290437,-9.03192,-6.358299,7.7741785,0.5279929,9.493316,6.5380497,4.6801467,11.842147,-0.23368867,-5.7228208,14.039835,25.231102,8.301607,0.14635482,0.9309112,2.5516498,3.266938,-19.902134,-2.6549299,-0.71297336,-9.290939,1.9839449,15.950858,8.983461,2.966628,-9.26362,1.7725918,0.7531366,-6.881169,-4.428794,-6.1804185,1.9724412,-0.44625288,3.7902741,12.141023,-9.112305,-24.650404,-1.3536478,-1.8743492,-10.140072,-5.3533363,4.7936573,-19.761824,-1.6525053,4.201777,-9.09749,13.4261465,13.642408,2.2680888,11.458679,14.040274,20.648428,-18.500961,-3.6671805,-13.208018,23.305803,-0.6460693,-11.635975,0.11415045,-3.8436809,-3.549588
4.842909832,3.75,3.423307146,237.9213693,148.7279603,152.3729238,157.4992747,163.9760886,-14.21743442,7.864958449,3.747922438,86.99878328,0.01554013594,-0.3326541045,-0.01206801754,-0.03266702409,1.311149891,1.117540489,0.9151700206,0.9246558,0.9427804769,0.8428425873,1.043067884,1.082673062,1.196234605,0.6850924447,1.199625416,1.056184186,1.19145394,1.063082686,0.8540510544,0.6407214295,0.7632976463,1.092562201,1.100122423,0.9181425559,0.9777620708,1.010657095,8.001918144,1.304329657,17.4247722,10.9497222,0.1069538921,0.3554988603,0.4182003203,0.7959800722,0.0,0.4326497693,1.929352149,0.0,0.0,0.0,2.922679246,0.0,0.0,0.0,0.0,0.0,0.0,-0.3689143466,0.48,0.06,0.8111111111,-0.1204570792,4.764650461,26.99347139,5.316788604,15.06663885,4.390415048,11.60093989,42.81902403,0.0,6.9237372,5.316788604,20.16532066,0.0,0.0,5.817220841,16.2800128,30.72326485,5.059829195,1.516083216,66.49,0.7116666667,0.3863024376,0.1801303855,0.14,0.0390625,73.67574327,479.9344848,22.71180821,0.7207081383,1.123916513,1.723966556,0.1994542751,0.1898238713,-0.2782671131,-0.8074977213,2.1,4.69,-6.236151,1.2402531,3.0714538,8.011444,-11.081971,-8.159715,9.025986,1.3653759,9.505893,7.4123526,6.142594,12.836849,-1.3618864,-6.5614247,15.790259,30.96983,9.845244,-1.4483652,1.6377492,3.8285441,3.4681993,-23.204676,-1.5576724,-0.5145365,-11.559231,3.3326344,19.958975,9.768078,4.469486,-10.266379,1.7962202,0.5010152,-9.214199,-6.565993,-7.017368,1.8088448,1.7059927,4.370932,15.342681,-11.35067,-29.270937,-0.56639296,-2.9800744,-12.78462,-7.93883,6.162953,-23.135672,-3.0844522,5.654936,-11.051435,16.654387,15.938903,0.8156106,14.328715,16.395473,23.92438,-21.973795,-3.6580026,-14.150851,28.820139,-1.5981812,-13.33692,-1.7883186,-4.580599,-3.6883078
4.906024121,3.666666667,3.465488215,219.0015945,145.9284196,150.8544803,159.0226946,156.9169378,24.63623083,8.3834916,-4.395909423,81.71946213,0.01420329161,-0.3192135109,-0.04712819563,0.08166073868,1.225921359,1.121472217,0.9316375391,0.756819034,0.6863417528,0.8175925623,1.016109774,0.9164823293,0.8967450016,0.6263956311,1.037756203,1.297457844,1.029559639,1.17389043,0.9019628535,0.6961039815,0.6518086096,1.099048544,0.8730656035,0.9957593797,0.9261871142,0.9155837368,8.001918162,1.399828552,17.42477146,10.94611841,0.1258854745,0.5198743352,0.2823601614,0.5558263275,0.0,0.433013519,0.0,0.0,4.057336939,0.0,0.0,0.0,9.302000314,0.0,0.0,0.0,0.0,-0.2684641325,0.4703933747,0.02173913043,0.8117063492,-0.09477124183,4.452696609,25.56972271,5.106527395,4.681802935,9.374393569,24.27512131,35.90493987,0.0,13.15163837,0.0,19.87099066,13.15163837,0.0,12.42410281,17.9326124,18.19910121,4.057336939,1.648730692,50.94,0.6605555556,0.4036635488,0.1579821744,0.09125,0.04359567901,73.69761297,413.27628,18.99837156,1.034618293,0.3667324565,1.282017986,0.4724233559,-0.1330549883,-0.2106537618,-0.5701352505,2.56,3.46,-5.038165,0.5573056,1.9891632,5.621535,-8.521137,-6.0184736,7.283225,0.7455265,9.13368,5.989976,4.2368045,11.295656,-0.44583046,-5.099268,13.448462,23.61448,7.592077,0.35064358,0.57511604,2.1266603,2.9739637,-18.734045,-3.1364937,-0.661885,-8.867847,1.951032,14.596756,8.749319,2.312896,-8.516089,2.021439,0.8620852,-6.0226264,-4.1731815,-5.7697616,1.8953632,-0.74289197,3.5203602,11.265604,-8.728403,-23.004635,-1.6069123,-1.7064815,-9.307322,-4.735167,4.145441,-18.576136,-1.2487533,3.3658156,-8.345254,12.439048,13.051154,2.2624376,10.466846,13.248328,19.788347,-17.881092,-3.400128,-12.840042,21.87609,-0.6420209,-11.197641,0.5231991,-3.3668978,-3.3284252
4.94607165,3.227586207,2.518518519,192.4734445,147.3022814,157.3117519,160.4068955,157.8429401,-153.408949,20.11654527,-22.8616025,98.28621267,0.009187041706,-0.2374891435,0.1453269528,0.1054383849,1.38955716,1.576194186,0.9184997828,1.1402214,1.115811289,0.9217345292,0.8241011926,1.157097223,1.279553599,0.5745624696,1.092593276,0.8825823498,0.9436127745,1.323457996,1.203053171,0.8054904608,1.081205527,0.8533563813,0.8416983929,0.9860784498,1.426233442,0.8985239771,3.042185699,1.348984601,14.69238902,10.94500663,0.05759486882,0.7087065288,0.4184429249,0.9091450214,0.0,0.4353712887,6.47162037,0.0,4.335801706,0.0,0.0,0.0,0.0,0.0,0.0,0.0,0.0,0.9195622424,0.48125,0.0,0.775,-0.05454545455,4.794258456,29.50407834,9.467009379,9.665781456,4.983978521,32.05622864,68.88376791,0.0,40.28154603,19.63426922,48.84972038,13.08951281,0.0,0.0,0.0,0.0,7.422878725,1.676636968,51.77,0.8305555556,0.6345663265,0.3270817586,0.210632716,0.0450708061,85.45981627,694.142929,28.62357504,1.554090676,0.9200091143,1.006453843,0.2247291774,-0.2918132412,0.04122185857,-0.7646344652,3.57,4.18,-9.080194,-3.3718007,0.7118873,1.6486269,-7.9000435,-2.8725688,9.268668,1.1028023,16.961954,10.043161,2.8490148,18.014969,3.2997906,-5.9461823,20.6769,20.013718,8.733638,11.206329,-0.7209729,-2.9003344,4.0840616,-20.95343,-14.74368,-2.279474,-7.4327536,-4.0605183,7.879385,14.507417,-5.9129405,-9.94365,5.062702,5.953433,-0.027914852,1.3990903,-6.285612,4.18166,-14.04719,5.893853,6.3872666,-6.7591705,-25.460737,-8.292925,-0.26336527,-8.43706,-0.66173345,1.1398927,-22.565973,3.773888,-2.8986669,-7.0589767,10.497235,17.498758,10.137483,5.596176,18.742352,25.386303,-23.304956,-5.5047812,-23.000805,18.158937,0.6928032,-14.4890175,15.0533285,-3.1172342,-6.500453
4.903290807,3.784615385,3.405643739,234.8325878,146.2763838,149.5533264,156.3062105,158.8644865,-47.91493056,7.729492188,-3.006835938,55.40018472,0.03376361953,-0.474877254,-0.008259964581,-0.2033903866,1.309482828,0.6628468642,1.352956454,1.188098878,0.7955833306,0.7255368327,1.266244331,1.277301196,1.4077181,0.6776773157,0.9444552634,1.311023813,1.086660175,1.125687252,1.183821336,0.6173316373,1.011621103,1.049303155,0.8811099781,1.007193033,0.9679658941,0.9322451446,7.00881555,0.6049131424,14.69445216,10.31198315,0.1385247586,0.6786375592,0.4142664266,0.8066314647,0.0,0.4237097956,0.0,0.0,0.6924886621,0.501599268,0.0,0.0,19.28768366,0.0,0.0,1.472753029,0.0,-0.1191949588,0.4777777778,0.04761904762,0.8289855072,-0.1567982456,4.413909766,28.5542293,10.21305479,4.794537184,4.983978521,11.33678588,24.97437738,6.286160523,18.75954929,0.0,31.09727354,0.0,0.0,11.49902367,34.11624697,0.0,2.967682422,1.394808738,87.72,0.8755555556,0.3637329932,0.0987654321,0.06532407407,0.06229575163,75.99320795,337.3953376,18.73121702,1.043804739,0.3039794051,1.133156923,0.3812981665,-0.1097749954,-0.2792063402,-0.2548429622,1.96,2.69,-7.5846295,-0.092030585,5.0471787,10.404059,-14.751613,-11.183708,11.711926,3.3582466,13.47601,8.738095,7.321071,17.830532,-3.4483318,-6.745808,21.788486,40.31908,11.773954,-0.88164973,0.16402867,3.7148757,4.0298986,-30.41279,-5.5310144,-0.68308485,-15.905372,5.2344856,23.980421,14.484009,3.2261605,-11.732852,4.6538153,1.6727378,-9.801355,-9.166329,-9.226265,2.3713882,0.6162982,5.2375526,19.35635,-15.951147,-37.631237,-2.909174,-3.6103315,-15.673232,-8.948101,6.053721,-30.034283,-2.6512487,3.921566,-13.295428,21.05323,22.09155,1.5047144,16.923626,21.554781,33.32432,-32.12228,-4.3631043,-20.996836,38.063004,-2.652081,-18.994566,-0.38816026,-4.443148,-4.659129
4.920619776,3.712643678,3.060121766,209.4347232,144.8697502,152.8502441,157.4491661,156.5676654,-23.85872576,9.083102493,-1.879501385,60.51029278,0.02276401408,-0.4410545484,0.037220738,0.01980245561,1.438625798,1.254815702,0.7699262812,0.8808102807,1.053221326,0.881819731,1.050075232,0.9795867011,1.133609767,0.5477922078,1.234106583,1.359079402,1.057805643,0.944743083,0.873970474,0.9611229649,1.015676246,1.130421146,0.9089283728,1.015335348,1.304927117,1.070832173,3.517051553,1.348826331,14.5580823,10.9513015,0.1180634227,0.6899777895,0.3656934947,0.5273052045,0.0,0.4221844254,0.0,0.0,0.0,0.0,0.0,0.0,0.0,10.95591545,0.0,0.0,0.0,0.7944609263,0.4724637681,0.0,0.8188405797,-0.08784699454,4.523986066,26.86770968,14.04082556,4.983978521,4.983978521,6.066367068,36.75265697,11.49902367,19.38639965,6.792942306,21.327999,12.96557803,0.0,6.792942306,0.0,0.0,3.968240793,1.667782255,49.17,0.6047222222,0.2777777778,0.06627928949,0.02500771605,0.04205246914,75.06730801,440.1204641,22.80739312,1.238326648,0.4610090612,1.191031748,0.3948251619,-0.1704483677,-0.2986949644,-0.4033257034,2.83,3.43,-4.447286,0.72664857,6.143052,9.15329,-10.535716,-8.329339,6.2542763,1.8909817,6.239884,4.0371914,3.811726,8.587411,-3.0541968,-4.8956566,15.427113,24.169619,7.153945,-0.3443353,0.4117775,-2.3948765,2.259605,-22.017933,-5.5350337,0.77641225,-12.865252,1.0265576,15.919951,8.51873,1.2341771,-10.269389,1.3191,1.1352156,-6.0793433,-3.596024,-4.903488,3.2945087,0.34299386,4.2784004,10.231925,-11.378278,-22.654116,-0.2755432,-1.3149123,-9.835303,-8.785829,4.98538,-21.172438,-0.05390267,3.4077785,-8.116155,16.966576,18.24689,-1.9158412,8.253732,18.037819,21.619484,-19.318007,-2.904194,-11.135406,20.770718,-2.1319206,-12.140057,-0.18657166,-3.7239313,-3.858283
4.999997217,3.412280702,2.674084596,208.1229858,146.4008444,153.4498709,154.6962972,161.9397171,-64.73200543,16.77320054,-6.338614758,73.49888513,0.01148526777,-0.2460706911,-0.01359643257,0.01965797203,1.192733714,1.11792625,1.470919011,0.9119776849,0.9743989514,0.9400775984,1.317710224,1.172019821,1.010260906,0.7489281046,1.177559913,1.173851063,1.342418301,1.131561479,0.7228406234,0.8387321791,0.8106780575,1.065062971,1.12835002,0.8383844654,1.22286065,1.028400998,6.002696249,1.13129629,14.69234494,10.96363493,0.1230406646,0.6486252434,0.585351958,1.683183489,0.2041241452,0.4288988743,6.353161244,0.0,0.0,0.04326341648,0.0,0.0,10.07462764,0.0,0.0,0.0,0.0,0.8640816327,0.4773333333,0.0,0.7756410256,-0.0720315281,4.748752618,25.34629145,5.106527395,14.64975998,0.0,19.91384147,42.16764743,0.0,33.23387405,6.606881965,31.46185114,6.544756406,0.0,17.93977848,0.0,12.39368714,3.585102986,1.653667298,63.83,1.2475,0.4913194444,0.315696649,0.0625,0.07025193798,76.9336169,494.2510765,16.41095012,0.9774364922,0.3662864643,0.9702847176,0.2632408405,-0.1779959479,0.1918965544,-0.5405870252,2.89,3.56,-6.0624323,-0.93327653,2.9589393,6.4961405,-10.790495,-7.502709,9.049328,2.2841501,12.88321,6.90684,4.4724684,15.421207,-1.5304811,-4.900144,18.33013,28.871235,8.426838,2.12164,-1.1395457,1.2232574,3.4628942,-23.283121,-7.550417,-1.0100058,-11.509084,2.7167761,15.738291,12.68449,0.14557388,-9.354535,4.534536,2.2340055,-5.1635356,-5.211145,-7.1074753,2.725421,-3.1740339,4.1967683,13.000621,-11.59998,-28.189217,-4.086022,-1.6701236,-10.53324,-4.0122232,3.304755,-23.1212,0.012688823,0.92006445,-9.3158455,14.460591,17.656435,3.8442106,11.175359,16.827635,26.525986,-25.106756,-3.9673235,-18.842123,27.166521,-0.95764333,-15.363075,3.4785254,-2.9270384,-4.347065
4.852686175,3.482758621,3.166666667,213.1675628,145.7399843,151.6176975,157.2517157,158.6400265,-62.31505874,11.41046636,-12.73905304,86.5684814,0.02162683921,-0.4931476503,0.01611830522,-0.08993584574,1.527046346,1.19064646,0.8346182636,1.160715715,0.9827519255,0.8795944381,0.902366271,1.106359473,1.100102523,0.6426382412,1.112745526,1.157983193,1.022522916,1.160524704,1.203713778,0.6443054162,0.5929496297,0.9717933952,0.9510145909,1.015444258,1.181960564,1.059981591,6.027276895,1.424214188,14.56390891,10.95129636,0.08440806613,0.5805272079,0.2749716524,0.7211465865,0.0,0.4369169246,2.08804807,0.0,0.0,0.0,3.447870607,0.0,0.0,11.01344293,0.0,0.0,0.0,0.6276014634,0.4739583333,0.015625,0.7803921569,-0.0845924029,4.822747465,30.22208543,19.77449303,4.983978521,4.983978521,12.99010427,61.01812524,11.49902367,19.88931523,12.10973091,21.74487787,12.96557803,0.0,6.792942306,17.85771973,12.13273414,0.8555948724,1.640581622,95.85,0.8475,0.6163548753,0.2590230537,0.221882716,0.03018707483,83.90132197,637.1353011,31.61680521,1.116676347,0.6963193037,1.458846881,0.2962874711,-0.4389154192,-0.2857767695,-0.8881260184,3.03,5.38,-8.327285,1.661387,9.298782,16.757215,-18.457544,-15.233727,11.202852,5.0398803,7.276037,8.732861,9.840748,13.092786,-6.7341213,-8.801779,21.82847,46.418633,14.258617,-6.2361293,4.4422684,2.6169195,3.736972,-34.39464,-0.7042044,2.1575832,-21.271654,5.2204795,31.843073,11.158083,7.058779,-14.840839,0.6995971,0.035391867,-14.9350815,-11.11752,-8.336116,2.517445,7.973162,6.698556,23.385221,-19.453077,-41.115417,2.465382,-5.216465,-20.51412,-19.252544,10.755626,-35.424435,-6.3389153,9.821009,-15.676676,29.75581,26.826092,-6.854145,20.240421,27.04435,34.140003,-32.104343,-3.2323956,-14.638513,41.819965,-5.302593,-18.548517,-7.873309,-6.8388867,-4.0368714
4.876787905,3.546218487,3.05427502,229.8345074,144.2776369,148.7295007,154.0665194,155.7138691,10.55845146,9.419753086,0.1234567901,94.99327266,0.01074368915,-0.3033830078,0.0123279754,-0.02722528681,1.320325732,1.203121644,1.145278713,0.9291981877,1.064964266,0.9386942541,1.068741554,1.089840215,0.9422504852,0.7145084373,1.023422135,1.096601154,1.120611702,1.107031655,0.9753345916,0.5393674829,0.9394461388,0.9129385782,1.068081001,1.124505581,1.023208031,1.006584837,6.027277283,1.194228955,14.69238359,10.31286058,0.07939366519,0.4971938746,0.2749716524,1.017758715,0.0,0.4364434561,1.968516657,0.0,0.0,0.0,0.0,0.0,0.0,0.0,5.588765249,0.0,0.0,0.576645749,0.4921568627,0.01470588235,0.7647619048,-0.07513896876,4.759064585,32.26806089,5.316788604,14.64975998,0.0,36.48334172,61.01812524,0.0,13.46849361,5.316788604,24.73694389,6.544756406,0.0,0.0,17.09671,18.32957771,3.790623783,1.663244827,79.42,1.111666667,0.536529195,0.4323664651,0.288757716,0.04310796646,84.36464873,710.1421164,28.71846822,0.9090256373,0.8085817689,1.749335371,0.1242136726,-0.6653486845,-0.05862798989,-0.9699097829,3.56,5.93,-7.4415936,1.6604964,3.6731467,9.6614,-13.318292,-9.652094,10.815177,1.5338448,11.539963,8.8714285,7.2689786,15.483994,-1.4661092,-7.93002,19.047987,37.07679,11.750653,-1.6329983,1.9498911,4.491967,4.2115755,-27.915907,-1.9727801,-0.6936379,-13.820459,3.781895,23.823402,11.716576,5.3689284,-12.550148,2.13241,0.5807179,-11.071321,-7.6185513,-8.352186,2.374533,1.9405234,5.2982583,18.200504,-13.613035,-35.096554,-0.6199766,-3.533656,-15.2733555,-9.390668,7.4049945,-27.858725,-3.4677625,6.874458,-13.43784,19.870852,19.18039,1.2629125,17.196775,19.714527,28.759136,-26.160234,-4.403417,-16.98454,34.407394,-1.7850198,-15.973032,-1.9682654,-5.592651,-4.5728464
4.848810246,3.625,3.439473684,222.1987092,148.9538979,155.6255508,157.8651086,160.1684534,45.66529492,13.08367627,1.452331962,91.91103692,0.02181811829,-0.5244068093,0.09664664942,-0.09584242769,1.581013886,1.127304941,0.8085826668,1.161094374,0.6649033465,0.8686352924,0.9330959317,1.042322741,0.8158215796,0.6451241259,1.12103117,1.124961548,0.9512283556,1.037755226,0.9223287223,0.6312401175,0.8819613734,0.9829114094,1.015643154,1.102074418,1.300582885,1.030536375,7.008274488,1.434196594,14.63948171,10.95445455,0.1146963115,0.5805272079,0.3928227826,0.7982445288,0.0,0.4351807591,3.321529192,0.0,7.28823688,0.0,3.411436445,4.207868324,0.0,4.801673642,0.0,0.0,0.0,0.4800170283,0.4686868687,0.01515151515,0.800952381,-0.09846357346,4.97638565,29.15388612,15.03763008,4.983978521,19.77983296,18.20875424,43.33159265,0.0,13.46849361,12.42658615,39.37848628,11.28161936,0.0,5.969305288,12.1082079,23.20801373,8.049250038,1.522152121,109.6,0.8752777778,0.5755385488,0.2711404006,0.2940740741,0.03635620915,85.09208781,579.2661504,31.13332434,0.8013546445,0.789081384,1.798423602,0.3643805406,-0.2772381553,-0.04741814036,-0.8153272077,0.0,2.7,-9.666445,0.5672537,7.600111,14.672292,-19.412462,-14.774843,14.395499,4.146212,15.910491,10.635949,9.407401,21.404642,-4.8343034,-9.215776,28.225487,51.34078,15.096603,-1.6876677,1.0936878,3.3493958,4.9914703,-39.843155,-7.0162315,-0.22529158,-21.47366,5.5599146,31.487392,17.59618,4.432508,-16.402615,4.8600445,1.7097576,-13.1051035,-10.991985,-11.344266,3.6056104,1.636598,7.234,24.272013,-20.947521,-47.604557,-2.4697018,-4.4216104,-20.335913,-13.300495,8.66133,-39.552685,-3.1492493,6.1482034,-17.179735,28.605473,29.63841,0.38140905,21.358425,29.215626,42.556065,-40.137035,-5.502966,-25.109673,47.54114,-3.555936,-23.881716,-1.1851645,-6.2473993,-6.118331
4.85933536,3.80952381,5.618055556,240.5307578,150.4066888,158.8268799,157.7889795,161.9305644,26.04551111,6.1024,-5.3664,155.8225756,0.01692239715,-0.5276620063,0.4667276892,-0.05716231825,1.693800806,0.8954994875,1.020302464,1.244813946,0.7124846877,0.6836992266,1.040350064,0.9484927725,0.8368552088,0.9016577061,1.048387097,1.002411818,0.9907543174,1.081549593,1.025182593,0.3604475448,0.3237365134,0.8999089077,0.9707409122,0.9351972484,0.9498797175,0.573429662,8.007391374,1.197955072,17.43070681,10.3132176,0.1685072163,0.5680413817,0.8258354845,1.01599569,0.01349873118,0.4282896881,1.888115468,0.0,0.0,0.0,0.0,0.0,0.0,0.0,5.490956541,0.0,0.0,-0.7342360498,0.4703081232,0.01470588235,0.8717006803,-0.1584937521,4.843074189,34.82509604,5.316788604,4.983978521,14.18117935,6.066367068,73.23599868,10.75961411,13.10003572,5.316788604,34.47495837,6.176298517,11.73975001,5.112436885,22.72241949,16.90908504,0.6051336902,1.42462227,72.93,1.271111111,0.8012329932,0.4348702444,0.267191358,0.0412808642,86.49843711,685.4511475,34.27874728,1.669456208,1.50560649,1.140500893,0.6454819476,-0.2145409739,0.06235274488,-1.239487994,3.08,4.42,-7.8659544,0.88333714,2.521759,7.8489532,-12.50485,-8.005872,11.041475,0.56145567,15.324349,9.105746,5.466316,17.960773,0.47036153,-7.839245,21.368563,33.78274,10.971066,2.5583925,0.3787586,1.7288159,4.769304,-28.455412,-6.8358707,-1.4203211,-12.811848,1.2160882,20.140955,13.936993,2.1705675,-13.851077,3.3688536,1.9567183,-7.8507195,-4.042078,-8.509474,4.0264125,-3.5889192,5.667344,15.006903,-12.627068,-34.023792,-3.3490968,-1.9668524,-12.939846,-5.5464735,5.586954,-28.269697,-0.072437,4.242188,-12.503243,17.707472,20.321955,5.5877824,14.599012,20.463474,30.197147,-26.211658,-5.457742,-20.586079,30.716204,0.048318744,-16.932762,3.484086,-5.0748215,-5.908016
4.86411098,3.508928571,3.525617284,210.6564933,151.5397617,157.5474193,163.9501948,165.6773776,4.3056,9.5936,-7.7476,127.9140774,0.01951692235,-0.4433256323,-0.001970284238,-0.03166865434,1.505000946,1.222267084,1.028657848,1.200870746,1.049787704,0.8172224284,0.9200525224,1.00756112,0.8756320352,0.7269941622,1.115925441,1.085707475,0.9555324881,1.129865338,1.097107572,0.6007089793,0.4908363559,0.9475185286,0.9793851226,1.037142727,1.083167515,0.7886498985,8.002960574,1.297044256,17.4258173,10.96052467,0.06905223839,0.5652352563,0.5594894492,0.7796250903,0.0,0.430872001,1.616456927,0.0,7.427456838,-0.09766172153,3.26554965,4.29483747,0.0,0.0,0.0,0.0,0.0,-0.3710246966,0.46359447,0.04838709677,0.812605042,-0.1181869111,4.995728751,30.1954073,10.30076712,10.43470392,23.74119187,18.20875424,37.26522558,6.165775612,19.63426922,5.316788604,32.46515906,6.544756406,0.0,24.3449737,34.28750275,37.52774084,7.329795117,1.493523353,81.23,0.8891666667,0.6884212018,0.4041635173,0.245941358,0.03656462585,82.93280588,532.0605743,32.54069769,1.218255942,0.7579477917,2.181332014,-0.08957225305,-0.5426592526,0.07550646728,-0.7870082005,2.37,3.55,-7.920561,1.2206407,3.362633,9.267241,-13.804149,-9.444784,11.615839,1.1589289,14.673858,9.429052,6.6490946,18.111893,-0.6117484,-8.180966,21.716074,37.758827,11.956697,0.606905,0.87625843,3.1733313,4.7607307,-30.145214,-5.230301,-1.1803147,-14.235802,2.7807405,23.160862,13.939876,3.7456515,-13.961935,3.2653208,1.368896,-9.754432,-6.2823524,-9.031795,3.3968832,-1.1702688,5.7223787,17.617561,-14.092269,-36.74238,-2.4151373,-2.7531433,-14.828723,-7.520531,6.647664,-29.925093,-1.5989568,5.4979587,-13.718217,19.800278,21.1139,3.9477658,16.78734,21.328022,31.77934,-28.346138,-5.322137,-20.478825,34.799885,-0.8692567,-17.856045,1.0852188,-5.517201,-5.571993
4.831074097,3.3125,2.786813922,210.0224999,146.0578528,152.7064416,158.2126298,158.1276848,-16.86725478,11.63090737,-6.622400756,82.81560826,0.01622049363,-0.5782421107,0.0683976972,-0.04472322984,1.608914061,0.9698239584,1.260174233,1.158524198,0.8425239805,0.8398599692,1.039107772,1.079706915,0.9289594964,0.6553504457,1.00350537,1.063544153,1.132159905,1.139437333,0.9931599537,0.6202846962,0.5588952402,0.996852267,0.7767127333,0.8369413001,1.16807596,0.9436508976,7.008271118,0.6094207572,14.55714463,10.31100269,0.1039261862,0.5997530532,0.2749716524,0.8603172599,0.0,0.4378453864,3.64462226,0.0,0.0,0.0,3.46252244,0.0,0.0,0.0,0.0,3.220442956,0.0,0.8675077423,0.5,0.0,0.7862068966,-0.1077857143,4.952591032,29.55684488,10.30076712,4.794537184,14.95193556,6.066367068,25.47729296,0.0,26.18620207,7.047671983,32.8907658,11.21535881,0.0,5.907179729,12.84164325,29.72124374,1.953842416,1.470065027,83.56,0.7327777778,0.4089073129,0.3409312799,0.185941358,0.04148391813,79.05080883,561.3056308,27.7772158,0.3108277222,0.5919023433,0.6371448548,0.4614997091,0.1373666372,-0.4779611194,-0.4810664381,2.82,6.49,-7.775132,0.70040715,3.839283,9.520447,-14.087408,-9.948091,11.686764,1.928463,14.545192,9.236424,6.8637276,18.216103,-1.5241655,-7.6178584,21.912209,38.66114,11.832896,0.25559962,0.51959944,3.3635175,4.509594,-30.275324,-5.5899577,-1.0436767,-14.739894,3.6565695,23.306168,14.274447,3.4211452,-13.180317,3.880834,1.4827445,-9.588571,-7.3326464,-9.138868,3.0520504,-0.8040662,5.556483,18.265392,-14.724618,-37.114464,-2.734241,-2.9839778,-15.039822,-7.6962767,6.328053,-30.024105,-1.8177532,4.767931,-13.534013,20.054552,21.444622,3.3741856,16.814905,21.397621,32.534992,-29.891346,-5.0442915,-20.986982,36.01877,-1.4161541,-18.38584,0.8585863,-5.085262,-5.25518
4.930389993,3.764044944,2.865615616,226.4869162,144.9900046,151.4394426,153.5359795,153.7729693,-34.22,12.16,-8.88,66.57156082,0.01004014928,-0.1405069187,-0.0375304661,-0.05188286141,1.229280533,1.585699682,0.8723052501,0.7881649699,0.822218167,0.9230523503,1.044461448,1.00508843,1.078080229,0.5267324888,1.221219377,1.098872951,1.01468963,1.010457886,1.075819672,0.9045780474,1.185762695,0.9947769536,0.9485237255,0.9706787967,1.15311604,1.011304383,3.041961411,1.397278957,14.69234442,10.9325725,0.08192204586,0.7556189312,0.446626588,0.6785276564,0.0,0.4217736817,2.071118565,0.0,4.304609316,0.0,0.0,0.0,0.0,0.0,0.0,0.0,0.0,0.9129246452,0.4833333333,0.0,0.7666666667,-0.05,4.553055907,25.07837358,4.567099648,9.665781456,0.0,18.20875424,41.97130694,0.0,6.544756406,0.0,19.33156291,13.59242839,0.0,0.0,0.0,0.0,8.217541782,1.758098653,35.64,0.6916666667,0.3498441043,0.1962947216,0.08969907407,0.05092592593,76.44289613,537.018391,23.55616808,1.010725867,0.689079698,1.124974243,0.7617818293,0.1743525155,-0.2765131406,-0.8214247546,2.91,3.15,-5.3945003,0.6083901,0.04437813,2.902121,-5.7217817,-2.9548776,6.194233,-0.97288334,9.100351,5.883644,2.686088,10.182,2.1764784,-5.262667,11.645377,15.997255,6.3172956,3.3407218,0.691224,0.49271563,3.2540727,-14.9134,-4.0145407,-1.0145075,-5.6298127,-1.1402936,9.9209,7.662046,0.6375053,-8.478598,0.91057104,1.5194919,-3.5092123,-0.07619013,-4.680435,2.720892,-4.131333,3.4745336,6.964805,-5.16274,-17.932568,-2.2796252,-0.6367352,-6.511053,-2.2600067,3.2673402,-14.952193,0.5216205,2.687649,-6.4649878,8.962037,10.5392275,4.500496,7.1373177,11.055649,15.224134,-12.215687,-3.6768434,-11.320059,13.9975195,0.8453008,-8.083339,3.4868686,-3.241108,-3.763628
4.817506871,3.571428571,3.023349436,225.3188372,144.7338718,148.84458,152.0935618,155.0184353,-2.02,8.9375,-2.75,66.57156082,0.009825470008,-0.2010278609,-0.04592662797,0.08465367034,1.152242729,1.212982767,1.309556129,0.7896347613,0.9036671327,0.929524176,1.127301394,0.9244627054,1.008751952,0.6116819903,1.187707641,1.084202085,0.9603283174,1.001208094,1.040355677,0.9267630633,1.241427017,1.001833846,1.033995157,0.9788848724,1.002635692,0.8795123302,3.059385215,1.427503886,14.69084037,10.94440038,0.1268445828,0.4048115028,0.2749716524,0.5905032613,0.0,0.4373949292,2.085917374,0.0,0.0,0.0,2.953259375,0.0,0.0,0.0,0.0,0.0,0.0,0.8444372533,0.4833333333,0.0,0.748,-0.05454545455,4.439822782,26.41852871,0.0,15.06663885,0.0,29.82891977,42.81902403,0.0,6.9237372,0.0,20.16532066,0.0,0.0,0.0,0.0,6.196843572,5.513977316,1.740455415,54.46,0.6044444444,0.2552437642,0.1395817586,0.08,0.03105709877,72.23060524,528.3875596,22.95538616,0.8934605213,0.8246801116,1.226051821,0.5270327281,-0.1547903737,-0.1479897825,-0.8125903502,2.17,4.99,-5.5714765,1.0517714,1.8634541,6.0189557,-9.040319,-6.2752385,7.8476324,0.32020086,9.584041,6.6677837,4.6893177,11.911378,0.019696744,-5.948869,14.100579,25.249613,8.43869,0.23243451,1.0423975,2.5459619,3.3769124,-20.048185,-2.5267453,-0.7446524,-9.235183,1.7929907,16.106392,8.974542,3.109398,-9.56675,1.5928606,0.72123075,-7.0176387,-4.200095,-6.2193317,2.0804596,-0.5166431,3.864871,12.110701,-9.027342,-24.810019,-1.2596666,-1.8457658,-10.215968,-5.387714,4.9557514,-19.907177,-1.6449326,4.4759927,-9.247237,13.520726,13.676437,2.4181352,11.584825,14.152502,20.614792,-18.237314,-3.7821352,-13.158231,23.211689,-0.52356684,-11.576988,0.13805026,-4.006575,-3.6635609
4.999578757,3.341666667,2.451081906,208.2027782,145.3956436,153.3079873,154.9790837,161.709892,-133.0494547,17.87130362,-18.39941691,75.54153181,0.006932664093,-0.2455749542,0.198511816,-0.1219197996,1.311624759,1.23706978,1.234777233,0.9280608417,1.024026955,0.8674541908,1.198589562,1.277773518,1.176979826,0.7626118068,1.156627907,1.132575892,1.350059125,1.19396043,0.9561811506,0.7264175173,1.237828678,1.102581187,1.024882046,0.7780821525,1.244419885,1.138826978,3.042027938,1.134637064,14.69234489,10.96333695,0.08952602959,0.6498253634,0.7194749337,1.834031643,0.2041241452,0.4276901838,8.996491366,0.0,0.0,0.3889338992,0.0,0.0,0.0,0.0,0.0,0.0,0.0,0.4940539704,0.4928571429,0.01923076923,0.7879120879,-0.07056766209,4.377379426,29.10698288,0.0,9.665781456,4.983978521,45.36225576,41.66473186,0.0,46.57843287,0.0,19.74844179,12.96557803,0.0,5.414990469,11.07101586,6.196843572,2.660138705,1.660257732,43.6,1.261111111,0.6510770975,0.3408919123,0.148125,0.06574074074,78.12614172,561.4483791,17.67971796,0.7735348689,0.6022239633,0.3896063268,0.3489916418,-0.239705833,-0.2490499355,-0.461435828,3.61,5.19,-4.638868,0.19570352,1.4459673,4.490524,-7.3080287,-5.029363,6.48829,0.46634212,8.891574,5.3941636,3.3803124,10.514087,-0.0071368534,-4.506006,12.375082,20.12113,6.6149774,1.2655632,0.23131037,1.2843571,2.7462175,-16.638342,-3.82286,-0.7340516,-7.608677,1.177228,12.1057,8.212287,1.2765009,-7.7133746,2.0597985,1.1484338,-4.605812,-2.9576435,-5.1990547,1.9619277,-1.9235977,3.2136564,9.319711,-7.4523206,-20.153528,-2.0931122,-1.1769184,-7.710577,-3.3911502,3.2735488,-16.493923,-0.47853902,2.382897,-7.0382504,10.577564,11.762366,2.8312979,8.621473,11.921014,17.75871,-15.892023,-3.2362947,-12.178293,18.540483,-0.19666299,-10.121938,1.6592646,-2.8201678,-3.195703
4.830502271,3.4375,2.555946792,217.0489591,143.9403387,150.2663309,157.0389161,156.6965443,-28.52969538,11.76134122,-4.879684418,71.13789081,0.01189721143,-0.5396529017,0.1091659926,-0.08575635946,1.571246268,1.013555888,1.524993657,0.9898789738,0.5130928182,0.7856873805,1.273678825,1.201586221,0.9447594664,0.5790872148,0.942464442,1.264726477,1.35822274,1.236351204,0.9108112489,0.8402431548,1.165488894,1.06818217,0.7521554294,0.8655348979,1.092915625,1.055940177,3.0404216,0.6094207858,14.55686435,10.31100276,0.108133281,0.5997530532,0.2749716524,0.7881484763,0.0,0.4323659516,4.181982507,0.0,0.0,0.0,3.503398526,0.0,0.0,0.0,0.0,3.305401628,0.0,0.9540882464,0.5115942029,0.0,0.7722222222,-0.08526077098,4.765795488,28.49793147,4.983978521,0.0,14.95193556,12.99010427,25.47729296,0.0,26.68911765,0.0,19.93591408,6.420821623,0.0,0.0,0.0,22.67357176,2.011239135,1.541302822,54.46,0.6216666667,0.3272746599,0.2109158478,0.09594135802,0.04398148148,74.49715815,524.2575514,22.7724817,-0.02046992176,0.6448283245,0.4795217058,0.8360750351,0.1198006671,-0.2672067102,-0.8736494963,3.11,6.97,-5.521604,1.0541987,1.9869819,6.1264777,-9.076794,-6.359608,7.7755413,0.40389952,9.419697,6.6059403,4.7331963,11.794115,-0.122608796,-5.891879,14.037637,25.331072,8.419881,0.074251026,1.0965275,2.6070955,3.3434665,-20.01232,-2.4254427,-0.7226198,-9.306867,1.8472307,16.162281,8.859937,3.1609902,-9.461754,1.5977215,0.68993676,-7.1252728,-4.3394775,-6.200305,2.0370388,-0.3256203,3.8678856,12.166989,-9.096985,-24.79689,-1.1716876,-1.8850114,-10.2751255,-5.556464,4.997808,-19.915342,-1.7308954,4.51273,-9.253294,13.602428,13.663901,2.2213848,11.594778,14.151144,20.581741,-18.300585,-3.6916995,-13.0226755,23.318838,-0.61115503,-11.548374,-0.049015135,-4.0024486,-3.6066241
4.831349667,3.580246914,3.725737311,218.4842667,146.1363507,152.4278319,157.6642698,157.610933,19.44527778,8.301875,-3.848125,65.84967642,0.03454055879,-0.5647065506,0.1931680207,-0.004216798126,1.523630395,0.8955513257,0.58672824,0.8546993794,0.633755394,0.8767084401,0.8667377649,0.9383493095,0.9125043207,0.7081500105,1.012123234,1.171171171,1.191191191,1.194688665,0.9783277253,0.4902192924,0.9161348566,1.064019334,0.8329041534,0.8746210898,1.179194403,1.05992311,7.008293607,0.6101374033,14.55646765,10.31169957,0.1138269128,0.5997530532,0.2749716524,0.7292229112,0.0,0.4320484567,1.928811002,0.0,0.0,0.0,3.248213341,0.0,8.911700783,10.8028479,0.0,1.508772886,0.0,0.6230739796,0.4746666667,0.0,0.8382716049,-0.1457391304,4.73418372,28.91833544,19.56423182,4.794537184,9.967957042,0.0,25.12283841,11.49902367,19.76538045,6.792942306,32.82071055,11.21535881,5.969305288,13.21376393,23.74424979,0.0,0.3488805954,1.435253007,97.33,0.6216666667,0.4522746599,0.2537399219,0.2253240741,0.04146825397,76.8132266,407.6943361,24.83248033,0.1996088336,0.4220010196,0.967316987,0.7387909189,0.2667586284,-0.1795613899,-0.5507356751,2.29,4.67,-8.117061,0.12084836,9.718964,15.559987,-18.725935,-15.039208,11.98209,5.1496005,11.346234,8.2020035,8.546444,16.728983,-6.920103,-7.648887,25.251078,46.266277,13.216766,-3.0818725,1.4427248,0.91942513,3.7379785,-36.383446,-6.5002327,1.0530713,-21.652243,5.2546973,29.095451,14.699373,3.710775,-14.380944,3.9087322,1.4508338,-11.936277,-10.61694,-9.527536,3.0896082,3.6048238,6.6114483,21.873241,-20.459324,-41.726894,-1.2073336,-4.1801596,-18.808012,-15.19351,8.198401,-36.1152,-3.3913293,5.467473,-14.737887,28.439575,28.907402,-3.6562567,18.010077,28.032257,38.206543,-36.84327,-3.9940183,-20.278463,42.401882,-4.7450294,-21.388714,-3.0034301,-5.423846,-4.917289
4.782522541,3.052631579,3.00812627,191.9522427,147.5474914,153.5407693,161.3773564,161.0335822,-38.52021948,10.45283951,-8.570864198,74.04258257,0.0225460053,-0.604728055,0.0897471288,0.01017822255,1.591049672,0.8137069767,0.9887460522,1.247000768,0.8123545226,0.794776148,1.079652018,1.076986074,1.064471954,0.729406268,0.9241642959,1.130701014,1.161317568,1.245327775,1.117996508,0.5526693093,0.8054488317,1.048655268,0.8037909907,0.8485415132,1.22118888,1.106132972,7.008271541,0.6101372261,14.55671991,10.31169929,0.1257174394,0.4483783381,0.191638319,0.6935264414,0.0,0.4467734054,3.913751117,0.0,0.0,0.0,3.281949877,0.0,9.510659254,0.0,0.0,1.530135723,0.0,0.2101488975,0.484,0.02,0.7785714286,-0.1027912932,4.969413652,24.99321444,15.40729452,4.794537184,9.967957042,6.9237372,37.6100271,0.0,33.23387405,0.0,25.96564269,11.33929359,0.0,11.65669156,18.78998253,12.13273414,1.315921255,1.477486721,90.9,0.6705555556,0.521789966,0.283446712,0.2053240741,0.04248366013,75.2172651,489.401458,23.40259178,0.369257035,0.7989863694,1.016287966,0.6284183748,0.03065286773,-0.2114963147,-0.7753167022,2.78,4.9,-7.989195,0.91911197,4.9912214,11.251841,-15.273165,-11.490033,12.006501,3.0823553,11.942618,9.329351,8.39592,16.803335,-3.29419,-7.805935,20.882982,42.071453,12.733174,-2.6506746,1.8502989,5.148355,4.1385994,-30.603815,-2.3607993,-0.4233413,-16.046413,5.55031,26.55026,13.12445,5.594358,-12.451681,3.134648,0.8294198,-12.0732765,-9.965256,-9.180024,1.9329681,3.1972427,5.547082,20.967386,-15.960716,-38.854958,-1.0478362,-4.474228,-17.235912,-11.096719,7.681674,-30.55657,-4.4278326,6.5234017,-14.425647,22.440393,21.586346,0.013257742,19.04595,21.631327,32.35057,-30.843388,-4.1730633,-18.890114,39.569405,-2.944875,-18.083923,-2.9031844,-5.4121227,-4.393366
4.866634771,3.842857143,3.586739038,244.7988261,145.3298045,147.6821734,156.2191255,154.8115469,-28.19915417,6.123702422,-1.000865052,84.65343277,0.01633254477,-0.6141739611,0.001974589019,0.256158803,1.573447185,0.6981839455,0.7918065259,0.9322239333,0.9628400604,0.8072353685,0.9859538472,0.8621042235,1.214562203,0.6821872671,1.011963508,1.201948994,1.072707167,1.090008896,0.9678505901,0.6269790717,1.105911823,1.093507847,0.9957748738,1.235867943,0.8722324638,1.174213973,8.001917922,0.6050204281,17.42477151,10.31163046,0.1069603168,0.4420442044,0.2749716524,0.7070852708,0.0,0.4309042284,0.0,0.0,0.0,0.0,0.0,0.0,0.0,0.0,0.0,1.338016582,0.0,-0.309544367,0.4877846791,0.04347826087,0.7872380952,-0.1077380952,4.263933429,28.84238913,5.733667477,4.983978521,14.35837209,23.46952001,36.39820241,5.13155848,0.0,5.733667477,14.95193556,0.0,0.0,5.817220841,16.38893797,12.26321064,1.728717779,1.57014441,64.69,0.66,0.3264243197,0.1315192744,0.098125,0.03915895062,71.63289418,407.0689182,21.62439909,0.05701197638,0.1037256549,1.327925789,0.2234014729,0.1120108914,-0.4240710969,-0.4703776087,2.59,4.74,-6.039257,1.6691495,3.0134761,8.227241,-10.709671,-8.048852,8.527369,1.4609517,7.470394,7.094927,6.4352474,11.078302,-1.5188686,-6.512948,13.854564,30.149242,9.739228,-2.730201,2.5234437,4.504464,3.3079083,-21.579058,0.7121772,-0.22010145,-11.022727,3.6755,20.299202,8.209516,5.5747776,-9.65974,0.821207,-0.10581833,-10.044291,-6.9852157,-6.4436116,1.3258578,3.6701734,4.126991,15.517721,-10.714505,-27.96511,0.6874371,-3.486001,-13.012257,-9.007256,6.6663456,-21.614666,-4.257028,6.8091826,-10.8962,16.48364,14.498008,-0.58395857,14.665164,15.112593,21.530516,-19.84015,-3.142533,-11.650489,28.08948,-1.9608488,-11.897757,-3.615464,-4.7624006,-3.106825
4.859112107,3.75,3.239700375,235.5479954,148.5938777,154.6937503,155.9702392,155.5744163,-11.41637832,12.63706267,-4.465974625,92.45596396,0.01699097935,-0.3996888486,0.05150956976,0.1128552714,1.42996959,1.17435416,1.156054974,0.9829463297,0.9341098832,0.9473358665,0.9886957803,0.9450813337,0.9734805276,0.6381678501,1.083115828,1.105203223,1.043000427,1.158799387,1.073232323,0.9171408241,1.062830967,0.8603492008,0.9301390217,0.9712062093,1.179045686,0.916548581,3.513573785,1.197963246,14.69645989,10.3132176,0.08216682445,0.5680413817,0.3928227826,0.8665634189,0.0,0.4333802246,3.585282635,0.0,0.0,0.0,0.0,0.0,0.0,5.293729457,5.645589517,0.0,0.0,0.729034759,0.4833333333,0.03125,0.804040404,-0.102804161,4.848129263,30.33847573,10.05365156,4.983978521,14.18117935,12.13273414,61.10326455,10.75961411,6.9237372,12.42658615,41.58475591,0.0,0.0,0.0,5.112436885,16.30699837,5.296694467,1.500233569,82.16,1.035,0.6137329932,0.3482221592,0.2940740741,0.03958333333,84.02435188,643.3345017,30.64661613,1.20819163,1.34624924,1.52943448,0.406589116,-0.04848215947,-0.09544490162,-1.17799465,3.61,3.42,-7.9232483,-0.30664694,5.198736,10.115704,-14.815138,-10.538155,11.658783,2.4653447,15.792602,8.574679,5.852804,18.984537,-2.2607486,-7.2637906,24.75872,38.163963,11.331813,2.409252,-0.7146738,-0.11450112,4.3626423,-32.525974,-10.074521,-0.8896859,-16.452116,2.2034025,21.974922,16.075363,0.60241127,-14.356869,4.967864,2.7606215,-7.634351,-5.7654705,-9.152185,4.4146085,-3.7013664,6.160724,16.503727,-15.8971815,-37.17797,-4.20325,-2.0878673,-14.1425085,-7.269362,5.3811917,-32.027954,0.56157446,2.5420618,-12.745013,21.172812,25.136562,3.7196803,14.444415,24.478922,35.319084,-32.233143,-5.3246756,-23.424942,34.76399,-1.3111603,-20.139736,4.091394,-4.568832,-6.300094
4.87485025,3.594594595,3.202559301,223.4488281,146.2217091,150.9941239,157.9963401,158.5210539,-14.45597847,9.852748943,-4.157247213,89.97702037,0.01488613212,-0.4623449437,0.01350152567,-0.03929845524,1.481348608,1.163058943,1.015168958,1.229043147,0.9066025735,0.8743544466,0.9950215285,1.06771451,0.976930228,0.6668742217,1.046371714,1.146190068,0.9737543945,1.139714418,1.040006227,0.5634527303,0.966126871,0.9785211531,0.9255739794,1.056454582,1.182217953,1.006694818,6.027276849,1.429020445,14.5643656,10.95053349,0.07225270312,0.4971938746,0.2749716524,0.7702072531,0.0,0.4358612357,1.968061701,0.0,0.0,0.0,3.433539068,0.0,0.0,0.0,0.0,0.0,0.0,0.6083859838,0.478125,0.015625,0.7588235294,-0.08063241107,4.653324,32.88361094,10.30076712,14.95193556,4.983978521,18.19910121,49.38830668,0.0,13.46849361,5.316788604,24.9198926,6.544756406,0.0,0.0,12.1082079,18.46005421,3.369162528,1.643300655,103.17,0.7816666667,0.5573625283,0.2680933485,0.281566358,0.03319444444,82.09909626,640.7013406,30.73473625,1.00747872,0.5518047696,2.074800766,0.3583403991,-0.27645958,-0.1911442148,-0.9157294885,2.79,5.01,-9.210336,2.0524807,5.420389,13.2488575,-17.252153,-13.02513,13.461765,3.0441067,11.985892,10.8465605,10.093246,17.792473,-3.3169494,-9.629334,22.288717,47.960766,15.001481,-4.319561,3.4738836,6.8397694,4.8563323,-34.133213,0.120504856,-0.4039454,-17.833534,6.217052,31.511047,13.278463,8.151548,-14.465402,2.1612058,0.23089468,-15.381205,-11.532769,-10.215897,1.919858,5.6314,6.387748,24.487629,-17.537807,-44.125298,0.44780356,-5.6016746,-20.371008,-14.033923,9.920415,-34.28767,-6.3910007,9.614397,-16.966312,25.94171,23.408617,-1.0787523,22.78675,24.009495,34.832607,-32.82449,-4.5677543,-19.149035,44.97314,-3.4109907,-19.2608,-5.3155026,-6.931086,-4.7786636
4.863646998,3.446428571,3.268209877,206.3541296,150.7422912,156.5904547,162.2205903,163.5533186,-27.56,9.5504,-8.6064,107.2989672,0.01838991296,-0.4342819427,0.003258547009,-0.002112097304,1.516031733,1.207136859,0.9628815428,1.205835997,1.036188725,0.8875,0.8528037383,1.072649573,0.9786036036,0.7167022792,1.089242788,1.124415888,0.9957215949,1.200895792,1.121794872,0.641161859,0.6241707833,0.9386175221,0.9785956822,1.043030487,1.153810694,0.9088786478,8.001919071,1.297044508,17.42477346,10.96083376,0.07224962686,0.5839639956,0.441638319,0.7362351674,0.0,0.4314657775,1.655368773,0.0,7.618667973,-0.05412024617,3.368535289,4.322108454,0.0,0.0,0.0,0.0,0.0,-0.329798036,0.4695238095,0.03333333333,0.7822510823,-0.09478407771,4.93366069,29.07485563,10.30076712,10.43470392,19.35077682,24.27512131,37.26522558,6.165775612,19.63426922,5.316788604,32.46515906,6.544756406,0.0,11.98299645,17.9326124,19.32863963,7.564547727,1.540459847,81.23,0.7780555556,0.6476048753,0.3053980852,0.205941358,0.0321557971,81.7052335,559.8288364,31.94576977,1.455679575,0.7620697649,1.721835061,0.2844512421,-0.3139323615,0.1591781761,-0.8778967481,2.56,3.13,-7.891162,1.1531557,3.3600178,9.225979,-13.773477,-9.443595,11.60063,1.2149928,14.658533,9.397793,6.646902,18.0956,-0.666763,-8.108925,21.676104,37.71261,11.90859,0.6045671,0.82537544,3.1838713,4.7236395,-30.062124,-5.269889,-1.1694243,-14.217235,2.8570652,23.084833,13.954751,3.6901054,-13.84913,3.321949,1.3853726,-9.677111,-6.351485,-9.020418,3.350225,-1.1760255,5.684054,17.626915,-14.08643,-36.669582,-2.4646227,-2.7584856,-14.788066,-7.466388,6.579186,-29.83204,-1.6058953,5.3947105,-13.64658,19.734215,21.070484,3.9209769,16.737494,21.255978,31.759705,-28.410582,-5.298098,-20.509151,34.80329,-0.89648503,-17.863564,1.1013073,-5.4497437,-5.526344
4.88992845,3.5,3.118376068,201.1764999,145.1110422,151.9787193,161.0443566,159.704181,58.10938776,7.356734694,6.515102041,78.85408391,0.01092948001,-0.4228638672,0.04183598966,0.05973679281,1.411474643,1.241301361,1.219414471,0.6687349069,0.3716833065,0.7565473178,1.120447178,0.8096902412,0.8543797543,0.6209929924,1.140831203,1.490126042,1.061273738,0.7725448536,0.6584189093,0.5427486526,0.6173003329,1.215961632,0.8648817852,0.993902228,1.075316709,0.8590237592,8.001917432,1.348828131,17.42477098,10.9520472,0.0919280896,0.5386030745,0.2823601614,0.4724481531,0.0,0.4302708267,0.0,0.0,0.0,0.0,0.0,0.0,0.0,0.0,0.0,0.0,0.0,-0.2228733098,0.4755102041,0.02380952381,0.8102040816,-0.08059510478,4.396383461,24.15772897,4.567099648,4.983978521,9.374393569,6.066367068,42.81902403,0.0,19.38639965,0.0,14.53505669,12.96557803,0.0,5.817220841,0.0,6.196843572,3.869334425,1.70389011,30.71,0.5980555556,0.2777777778,0.1128826531,0.03,0.04318576389,71.27650742,426.9106324,18.49914231,0.9280222783,0.1966631146,1.065551657,0.2915168367,-0.144674288,-0.2651385864,-0.3662594047,2.69,4.0,-4.142706,0.67664397,0.43988448,2.9856393,-5.094601,-3.048066,5.05072,-0.54757345,6.99711,4.635323,2.4188926,8.042188,1.2313439,-4.263531,9.404367,14.165536,5.306719,1.7974821,0.6540402,0.7144224,2.5495896,-12.591614,-2.6095538,-0.64194965,-5.1765623,-0.27545062,9.077539,6.0811706,1.1281643,-6.904802,0.71504706,0.85826,-3.523494,-0.8178512,-3.933018,1.9894358,-2.291344,2.7572503,6.429229,-4.837554,-15.148533,-1.3915056,-0.6517644,-5.7763004,-2.4771402,2.9326293,-12.520134,-0.09087769,2.6037858,-5.5558453,7.946848,8.763372,2.93163,6.424565,9.198704,12.742898,-10.412043,-2.9148252,-8.858691,12.515561,0.39661476,-6.940102,1.7689995,-2.7045207,-2.846029
4.80790263,3.6125,3.4503367,225.9422621,148.9012077,152.5881706,158.0143341,162.5978919,32.39058172,7.869806094,2.166204986,87.72633947,0.01556156345,-0.3165637934,-0.005322717866,-0.08847060717,1.300891446,1.133421396,0.9469357792,0.9537288474,1.138598455,0.8491135529,1.087827353,1.041625441,0.8624096074,0.6672514956,1.139887972,1.122835562,0.8626179245,0.9457713261,0.8882243935,0.6336425488,1.491209274,1.057989085,1.089803933,1.038576845,0.9827788868,1.057844257,8.001917991,1.417757826,17.42477196,10.9452934,0.1061151607,0.3707908119,0.3003491901,0.6404914847,0.0,0.433463331,1.92756137,0.0,0.0,0.0,2.920663104,0.0,0.0,0.0,0.0,0.0,0.0,-0.2869264403,0.4702380952,0.04166666667,0.789010989,-0.09905094905,4.662015342,25.24352369,5.316788604,15.06663885,4.390415048,11.62981856,37.25557254,0.0,6.9237372,5.316788604,20.16532066,0.0,0.0,5.817220841,11.25737949,30.72326485,5.035625475,1.575475435,66.49,0.4894444444,0.2395833333,0.1597222222,0.14,0.04054054054,72.39247401,460.6542443,21.66864452,0.4594685554,0.6497819196,1.339232145,0.06764118773,0.1809357351,-0.348815087,-0.7864226082,1.75,4.06,-6.1841364,1.1008114,3.1547093,8.005491,-11.081154,-8.223589,8.98741,1.502718,9.465355,7.331703,6.1306095,12.813863,-1.5364528,-6.4116488,15.775293,30.941118,9.768411,-1.4678658,1.5531342,3.7917106,3.3960276,-23.125195,-1.6953533,-0.48785925,-11.605367,3.4389412,19.842718,9.801263,4.3334255,-10.061031,1.9259163,0.5565617,-9.095815,-6.683532,-7.008159,1.7375368,1.7032714,4.325995,15.337671,-11.403275,-29.169384,-0.67495894,-2.98975,-12.727345,-7.9226685,6.043765,-23.052996,-3.0766292,5.4397764,-10.923008,16.615538,15.946025,0.7179881,14.214574,16.351612,23.964766,-22.178335,-3.5922344,-14.2173395,28.851786,-1.6757324,-13.385432,-1.7605057,-4.4546576,-3.61162
4.995009575,3.702970297,2.753429355,215.0221766,144.164589,150.3015832,157.1625315,154.0037272,-39.0,12.70470525,-3.988101677,70.46088527,0.007814272873,-0.1579593435,0.1008498263,-0.1149674493,1.152825219,1.289551885,1.191832526,1.028911168,0.8160683115,0.810617284,1.138762887,1.244444444,0.9773584906,0.5394888992,1.109475893,1.349170775,1.223217783,1.195443144,0.8179347826,0.785786061,1.247113979,1.03913347,0.8111965878,1.069790639,1.099751452,1.053462672,3.042116129,1.343865392,14.69234333,10.92992837,0.08575461263,0.5879157169,0.3957624643,0.6707057761,0.0,0.424471141,2.022597212,0.0,0.0,0.0,0.0,0.0,0.0,0.0,0.0,0.0,0.0,0.9424012661,0.484,0.0,0.764,-0.05425504059,4.507432778,27.76270778,0.0,14.64975998,0.0,24.26546827,49.59430021,0.0,26.31013685,0.0,19.74844179,12.96557803,0.0,0.0,0.0,0.0,4.105956633,1.77473879,43.6,0.7227777778,0.2699829932,0.1529273747,0.056875,0.04183201058,76.44648088,531.560728,16.01795003,1.231894483,0.4773252552,1.495115136,0.2335962204,-0.3083097853,-0.1735480483,-0.6117195274,3.09,4.52,-4.5188904,0.016879931,1.5323958,4.4627385,-7.267186,-5.0997877,6.4108305,0.6757129,8.776807,5.2571406,3.357189,10.43153,-0.24900146,-4.2759824,12.266735,20.04869,6.4786,1.1900029,0.076808974,1.2980398,2.6478329,-16.432789,-3.9310865,-0.7020502,-7.6308703,1.4135991,11.912985,8.227235,1.1145334,-7.362338,2.2398772,1.1839288,-4.4464693,-3.1926756,-5.160112,1.8387698,-1.8660324,3.1119525,9.352719,-7.51266,-19.960285,-2.2000122,-1.2040939,-7.630322,-3.316847,3.0991435,-16.271507,-0.52191395,2.1103172,-6.8623495,10.442558,11.688317,2.6740708,8.459494,11.744566,17.730963,-16.127836,-3.134795,-12.219001,18.60188,-0.3295609,-10.159286,1.6193907,-2.6453857,-3.0728812
4.924062008,3.291666667,2.643703704,203.8025263,145.7804246,152.8831113,154.2674961,165.462619,-18.085,10.87,4.76,65.14978961,0.008359930452,-0.1082221707,0.1116246516,-0.09536397719,1.112893347,1.355813785,1.368018608,0.7220241921,0.8229433411,0.94897236,1.458008505,1.025217316,0.9321139376,0.7901691332,0.9232954545,1.458806818,1.412337662,0.9722866419,0.5736218569,0.7953339309,1.209318807,1.164530164,1.217453498,0.9629410701,1.207186419,1.02214368,3.04576716,1.160371354,14.69234098,10.9642261,0.09101639843,0.6796618529,0.2823601614,1.623159156,0.25,0.4255903909,4.580256677,0.0,0.0,0.0,0.0,0.0,0.0,0.0,0.0,0.0,0.0,0.9250170068,0.4818181818,0.0,0.7727272727,-0.06133333333,4.393942708,25.85560805,0.0,14.64975998,0.0,19.91384147,41.66473186,0.0,26.81305243,0.0,19.74844179,12.96557803,0.0,5.414990469,0.0,0.0,6.52175426,1.697846699,43.6,0.9452777778,0.3159722222,0.1471403376,0.03125,0.06576797386,73.03131397,491.0315156,19.00197491,0.9689364365,0.4980250961,0.9077091012,0.08417820048,0.01976651549,-0.09440200658,-0.5280513279,2.64,3.59,-4.794462,0.33056128,1.267233,4.4152484,-7.2674575,-4.9217906,6.5738363,0.2276764,9.038432,5.575976,3.4006324,10.61561,0.29441574,-4.742673,12.416486,20.089699,6.769576,1.4045765,0.35922432,1.3082954,2.8734827,-16.74552,-3.67572,-0.76935637,-7.4926662,0.9627794,12.237705,8.199612,1.4113044,-7.9879813,1.87436,1.1278983,-4.720903,-2.724739,-5.271466,2.0471613,-2.0623136,3.285719,9.298131,-7.3059483,-20.317003,-2.0469072,-1.1356996,-7.770876,-3.3874328,3.4346664,-16.611732,-0.48846725,2.6387362,-7.15758,10.63969,11.741926,3.0328996,8.731653,12.002694,17.679329,-15.61851,-3.3699324,-12.16781,18.416813,-0.05425188,-10.041274,1.723165,-2.9856203,-3.296826
4.845786517,3.701298701,3.451388889,220.8398394,146.7401428,154.6383206,158.0266245,157.9245791,12.63157895,10.01038781,-1.078947368,59.76689792,0.0278266106,-0.4695687665,-0.07414343362,-0.06026509095,1.448911557,1.206122037,0.7483585184,0.8707899067,0.8770936067,0.9559327156,0.9630136986,0.987061079,0.9563763862,0.6116646552,1.103148865,1.243800345,1.109748901,1.144404839,0.8834867664,0.968743518,0.9120803897,0.9293809541,0.94233514,1.029493954,1.354079496,0.8397775255,6.002696239,1.438829424,14.55814248,10.95957634,0.1014342432,0.4971938746,0.2749716524,0.5918727121,0.0,0.4323659516,1.934830434,0.0,0.0,0.0,0.0,0.0,9.437722243,10.78429623,0.0,0.0,0.0,0.5842342215,0.4652173913,0.0,0.8291666667,-0.107968254,4.504120605,27.25526357,14.5802533,4.567099648,9.967957042,6.066367068,31.18920547,17.32342816,13.53061916,6.792942306,26.43452639,6.606881965,0.0,13.39982427,17.26784433,6.196843572,1.802462207,1.548151709,69.4,0.6077777778,0.3446003401,0.1753826531,0.09594135802,0.04226190476,73.44795737,393.8716726,22.7555036,1.247711989,0.250310337,1.212455628,0.489061437,-0.2763863516,-0.2238955912,-0.5967792027,2.77,2.69,-6.0047274,0.2887182,7.448181,11.621444,-13.775595,-11.171627,8.597144,3.2489402,8.602608,5.898841,5.8746433,12.193629,-4.7519083,-5.9816575,19.356026,33.38969,9.736956,-1.5422336,0.85558057,-0.67934096,2.8234806,-27.772741,-5.8504195,0.8966503,-16.368614,2.9429166,21.312126,11.0449705,2.2575808,-11.629896,2.5568597,1.265327,-8.406062,-6.841402,-7.0270543,2.8976674,1.6522,5.140625,15.313566,-15.056267,-30.557743,-0.87758875,-2.4521608,-13.477915,-11.199847,6.1969295,-27.28245,-1.6522611,4.077943,-10.648193,21.504045,22.307535,-2.5739117,12.424342,21.894445,28.505743,-26.832912,-3.4066112,-15.135882,30.018026,-3.1875243,-16.01316,-1.4057391,-4.253068,-4.081727
4.852858251,3.475409836,3.382777778,210.8721048,147.5967449,152.4611344,157.5778633,158.7847684,-32.67346939,12.84056122,-9.280612245,89.5251863,0.02533537787,-0.5627624379,0.1285192648,-0.06546038811,1.611106133,1.036357867,0.7280155954,1.058089954,0.7783258277,0.8703589909,0.9118320231,1.021207835,1.024329419,0.6670276123,1.107156488,1.141643413,0.9322630015,1.082675416,1.10737006,0.5929535324,0.8792049922,0.995574853,0.9707760193,1.026216219,1.185843099,1.07771726,7.008276949,1.42421381,14.55693382,10.95129637,0.07780668145,0.5805272079,0.441638319,0.7800721516,0.0,0.4351807591,2.076756568,0.0,0.0,0.0,3.423411754,0.0,0.0,11.00740324,0.0,0.0,0.0,0.4460772404,0.4696969697,0.01515151515,0.772972973,-0.09143154143,4.879244771,31.09121391,25.50816051,9.778515705,4.983978521,19.05647134,54.95175817,11.49902367,19.88931523,12.10973091,27.6520576,12.96557803,5.907179729,6.792942306,17.85771973,18.19910121,0.8392368216,1.595430564,115.15,0.91,0.6163548753,0.2711404006,0.3040740741,0.03635620915,85.09239158,557.0813932,33.87046942,1.288197551,0.6388148764,1.30782096,0.3217029824,-0.4975761493,-0.1084765048,-0.8920864797,2.8,4.55,-9.836637,1.5560617,10.503564,18.877642,-21.696491,-17.778614,13.684228,5.843966,10.0552635,10.413409,11.446485,16.833534,-7.7893605,-10.104613,26.14962,55.054104,16.684868,-6.662702,4.496639,3.77258,4.433797,-40.666157,-1.5821412,1.8399503,-24.568468,6.7470336,37.016666,14.046197,7.9236817,-16.768866,1.9626837,0.45164073,-17.123951,-13.603904,-10.591819,2.663544,8.568975,7.6710033,27.743448,-22.906511,-49.061043,1.6985803,-6.1865573,-23.872873,-21.101404,11.929259,-41.45948,-7.2569246,10.512009,-18.334953,34.20017,31.284042,-6.8304863,23.96056,31.275602,41.0322,-39.29155,-4.002599,-19.043575,50.404076,-6.1213055,-22.48775,-8.218716,-7.668556,-4.8184605
4.876664293,3.47008547,2.935384309,221.5676863,144.3995229,149.1351734,154.8961175,155.6496898,-4.827854911,9.410466358,-2.418298327,90.53946722,0.01019926995,-0.2936794216,0.03332377926,0.04765776808,1.348400235,1.255172837,1.200418021,0.9370978519,1.111151415,0.985004152,1.067087958,1.10744738,0.9730484258,0.7038418832,1.036146273,1.122421574,1.11814346,1.146050842,1.00910137,0.8705084129,1.097646434,0.9335767331,1.04559306,1.09751057,1.0453108,1.069308754,3.042251609,1.194229606,14.6923608,10.31286118,0.08314916212,0.5159226139,0.2749716524,0.9344253819,0.0,0.4348055467,1.986873069,0.0,0.0,0.0,0.0,0.0,0.0,0.0,5.592154799,0.0,0.0,0.8328253863,0.4947916667,0.015625,0.7565656566,-0.06093814861,4.541871326,34.37954936,5.316788604,14.64975998,0.0,48.61607585,54.95175817,0.0,13.46849361,5.316788604,24.73694389,6.544756406,0.0,0.0,11.53325851,0.0,3.845900763,1.700403742,55.63,0.9380555556,0.474029195,0.4323664651,0.264066358,0.04024943311,82.0681549,673.0083376,29.21025187,0.1232040154,0.8920937705,1.332918597,0.4439985212,-0.3066153718,-0.2834515243,-0.9255412724,3.43,5.89,-6.56144,1.1553614,1.2514412,5.6688905,-9.2427845,-5.768928,8.644591,-0.39641285,11.684148,7.591231,4.4278183,13.686713,1.3215837,-6.8514867,15.971877,25.583458,8.993828,2.0901966,0.9036561,1.714634,4.02933,-21.744833,-4.1174803,-1.0831441,-9.289035,0.46804583,16.092892,10.314125,2.4014325,-11.286123,1.6763921,1.2796597,-6.542837,-2.5837054,-6.7176843,3.07059,-2.7648783,4.473242,11.698082,-8.967149,-26.375761,-2.1531024,-1.4540057,-10.228777,-4.5262046,4.9959865,-21.586012,-0.52068067,4.4040685,-9.829906,13.805193,15.0553875,4.451857,11.633986,15.599604,22.285427,-18.790384,-4.6032486,-15.160921,23.017023,0.3152401,-12.336162,2.2747726,-4.45923,-4.627575
4.86412358,3.628571429,3.138257576,227.5478463,148.0142773,153.1404212,158.4048524,156.907041,-16.93528889,11.7136,-8.8896,91.41802687,0.01178451062,-0.4844041943,0.2145805591,-0.005725965057,1.574938134,1.00806626,1.191646958,1.308107672,0.8355091656,0.8534512434,1.00481836,1.033665214,0.9745710553,0.6676477,0.9843034663,1.101618705,1.060818012,1.183046766,1.141299653,0.6970448018,1.065024024,0.8693583493,0.8752020819,1.028635046,1.13504606,0.915238521,3.056926202,1.197963603,14.69646189,10.31321782,0.09640490851,0.6524112627,0.3928227826,0.8985220372,0.0,0.430390951,3.84055231,0.0,0.0,0.0,0.0,0.0,0.0,0.0,5.623994668,0.0,0.0,0.7237577186,0.488172043,0.01612903226,0.7833333333,-0.0884610814,4.469275071,34.53185431,5.316788604,4.983978521,14.18117935,24.26546827,68.02700174,10.75961411,13.8474744,5.316788604,34.47495837,0.0,0.0,0.0,5.112436885,9.197200829,3.822101101,1.545586992,72.93,1.021388889,0.6545493197,0.4041635173,0.2540740741,0.04456018519,83.07647368,648.8567664,26.89399843,0.5815643417,0.9591755066,1.56000383,0.470344588,-0.1885537818,-0.01741221511,-1.184293635,3.48,3.88,-7.2781267,0.09956902,2.876437,7.707505,-12.338262,-8.321019,10.677095,1.4461893,14.794764,8.458715,5.381584,17.54518,-0.5988402,-6.8129864,20.850998,33.46025,10.362802,2.1571262,-0.27376354,1.7832378,4.275761,-27.51925,-7.291528,-1.2667195,-12.895624,2.279413,19.319334,13.973521,1.5114903,-12.329926,4.156253,2.0953043,-7.1485214,-5.111727,-8.311411,3.4454658,-3.2559385,5.198095,15.141383,-12.865597,-33.10389,-3.7759635,-2.0777001,-12.541226,-5.2027087,4.812345,-27.250406,-0.25348222,3.0536637,-11.687966,17.107237,19.950758,4.855173,13.930156,19.682272,30.038023,-27.172968,-5.0033503,-20.700205,30.979137,-0.49427992,-17.122234,3.2980552,-4.2783093,-5.342386
5.002782686,3.810526316,2.81436214,224.1430668,143.990752,149.4188314,156.5706705,153.6835809,11.18962963,9.2725,5.42875,65.60265166,0.008499036872,-0.1502764812,0.004763536874,-0.1440710271,1.117316674,1.298954772,1.180110004,0.9747460753,0.7812295967,0.8194719472,1.177211641,1.093058694,0.9411421745,0.5778606252,1.130997842,1.407370232,1.206160698,0.8961327258,0.6980334251,0.8742370107,1.178877664,1.093464237,0.8294230975,0.9418199014,1.080502717,1.07738158,3.043349741,1.304250488,14.69234401,10.9295757,0.08768493759,0.5913525046,0.3957624643,0.7305885677,0.0,0.424471141,0.0,0.0,0.0,0.0,0.0,0.0,0.0,0.0,0.0,0.0,0.0,0.696606033,0.4925714286,0.02,0.7914285714,-0.07825949617,4.530640984,28.92133003,0.0,14.64975998,0.0,23.73367403,48.73693008,0.0,19.38639965,0.0,19.74844179,12.96557803,0.0,0.0,5.022633314,0.0,5.821884846,1.703290391,43.6,0.8616666667,0.2864583333,0.1922398589,0.08719135802,0.04183201058,76.447451,537.2894148,20.91628169,0.8570673187,0.8527539175,1.326909541,0.5892145896,-0.1480202307,-0.2606235376,-0.6528183174,3.19,4.63,-5.05354,0.53358907,1.0388235,4.325345,-7.2092447,-4.734563,6.699918,-0.08708762,9.231185,5.8501635,3.4464517,10.7765255,0.72398823,-5.1000404,12.513617,20.051394,6.98318,1.6278015,0.552103,1.3329293,3.0626776,-16.92248,-3.5095677,-0.8192612,-7.3535333,0.62442845,12.423143,8.198585,1.576083,-8.40477,1.6021551,1.1193534,-4.875521,-2.3587525,-5.3571944,2.191946,-2.284081,3.4139652,9.26953,-7.1063576,-20.58508,-1.9794979,-1.0866002,-7.880436,-3.414499,3.6767364,-16.814121,-0.47475865,3.0149386,-7.354977,10.744139,11.761582,3.3166244,8.885742,12.153049,17.611807,-15.264324,-3.5556507,-12.171098,18.232943,0.12485793,-9.903144,1.8349023,-3.2305293,-3.4569712
4.832093162,3.628571429,3.143137255,225.5934956,148.4037054,154.7717297,155.2986544,156.9347929,5.825905873,10.56892961,1.181591004,86.34768626,0.01447366433,-0.2487043915,-0.0914104195,0.01920208799,1.300808244,1.4583145,1.057017947,1.02487367,0.9001150661,1.007720332,1.019892544,0.9997323484,0.9692087273,0.6144557329,1.232,0.9453638254,1.065833968,0.9841420118,0.8833303167,0.9745405097,1.000686646,1.036969137,1.000452285,0.9103937086,1.307545431,0.979812856,3.059652532,1.427596318,14.69090067,10.96129902,0.0883659783,0.4881448361,0.3583049857,0.7051784193,0.0,0.4345879289,1.984931639,0.0,7.896109341,0.0,2.956898881,0.0,0.0,0.0,0.0,0.0,0.0,0.8146887009,0.4766666667,0.0,0.7774193548,-0.07455405897,4.757240203,29.03142239,9.799819462,15.06663885,4.983978521,6.066367068,41.9616539,0.0,0.0,11.94758171,37.09688089,0.0,0.0,0.0,0.0,12.39368714,15.19815764,1.60505311,73.83,0.91,0.298646542,0.1892321744,0.149058642,0.02644799054,79.43329995,621.9980298,27.77385297,1.444849687,0.6981597092,1.660478714,0.3805883555,-0.2182496059,-0.1219677057,-0.9277105725,2.77,3.15,-7.647296,-0.1890867,2.570164,7.3401074,-12.346493,-8.143734,10.989985,1.3135773,15.775057,8.838817,5.2764444,18.398624,-0.22189464,-6.9788136,21.610508,33.537663,10.527909,3.077644,-0.4966277,1.5074712,4.483435,-27.988525,-8.167972,-1.4270179,-12.855725,1.8909483,19.026245,14.623703,0.9814223,-12.616299,4.42529,2.4553456,-6.7128716,-4.7136745,-8.582367,3.6883667,-4.395042,5.3744245,15.016974,-12.782386,-33.673317,-4.388532,-1.8861254,-12.41272,-4.618668,4.642238,-27.801617,0.16432709,2.6227744,-11.648876,17.062256,20.448004,5.6729674,13.720129,20.153297,30.73999,-27.74735,-5.2850657,-21.819944,31.030527,-0.19886416,-17.572031,4.4178267,-4.266983,-5.671218
4.831566351,3.211538462,3.004320988,204.9908907,146.5993687,154.2276852,157.8337941,163.6025051,29.88817778,11.87,0.64,87.60305908,0.02086003029,-0.7008538981,0.1896735487,-0.02160500537,1.766555672,0.8898546831,1.042723933,1.246041152,0.7359828045,0.813912167,1.051438922,0.8702610992,0.9036806708,0.7426538818,0.8496216898,1.21815889,0.9941567927,1.011822194,0.9472626044,0.5547851391,1.956923849,0.9772473185,0.8809461865,0.9611898327,1.228012266,1.038972412,7.008274083,0.609420743,14.55718739,10.31100265,0.1593530798,0.5997530532,0.2749716524,1.238063433,0.0,0.4372251137,5.949934732,0.0,0.0,0.2892306123,3.352437091,0.0,0.0,5.166581773,0.0,3.149076948,0.0,0.646992158,0.4942528736,0.0,0.8053763441,-0.1179012346,4.98346519,31.09165737,15.03763008,0.0,19.74647275,19.91384147,24.97437738,0.0,27.315968,6.606881965,32.63603612,11.28161936,6.093240071,12.46266245,12.43128646,22.67357176,-0.4496550203,1.426287304,92.79,0.6772222222,0.5555909864,0.2849899219,0.2747067901,0.03940972222,81.33852176,595.3720488,27.62088631,0.5611181746,0.7978136875,0.4884649215,0.9271708632,0.2136579068,-0.5279681986,-0.9394304109,3.16,6.25,-8.237777,0.6021882,6.8700137,12.941913,-16.729687,-12.85615,12.086278,3.5730035,12.97671,8.925762,8.051348,17.72124,-4.3656435,-7.9680376,23.955801,43.75222,12.950483,-1.7699596,1.2543651,2.5545893,4.195386,-34.095066,-5.6907005,0.047212064,-18.648602,4.6061068,27.212606,14.649782,3.957015,-14.186959,3.7928903,1.3151882,-11.40642,-9.340576,-9.561103,3.094783,1.8697549,6.264126,20.723856,-18.02122,-40.418324,-1.7137502,-3.802089,-17.507511,-12.038828,7.6754327,-33.876377,-2.8677678,5.599817,-14.633666,24.933743,25.54024,-0.36058223,18.15772,25.22962,36.072197,-33.924156,-4.620987,-20.72241,40.32485,-3.2277503,-20.198074,-1.501646,-5.479374,-5.1357994
4.821140475,3.705882353,3.01801314,258.5682869,145.5755682,146.6341915,152.0973202,156.6260122,-23.50690973,4.983471074,-6.786960514,58.11102737,0.01446265149,-0.5562290943,-0.04321805421,-0.3119069799,1.616947559,0.7513441491,1.07678245,1.521403485,0.6150868051,0.9569613176,1.08053168,1.290987012,1.217777557,0.7436619718,0.9951946976,1.027605634,1.081690141,1.145641416,1.487323944,0.8089909485,0.9598722589,0.9175713371,0.9423906188,0.9418608185,0.8967034247,1.082817014,4.005253954,0.6049906404,14.69445994,10.31197256,0.1401033375,0.5346513532,0.3309330933,0.9860626919,0.0,0.4268214149,0.0,0.0,0.0,0.0,0.0,0.0,0.0,0.0,0.0,1.477567214,0.0,0.5770936214,0.5157349896,0.0652173913,0.7975238095,-0.1186085782,4.267076409,34.80616962,5.733667477,0.0,9.499376415,46.6713998,30.33183534,0.0,0.0,5.733667477,14.59805822,0.0,0.0,0.0,10.04526663,16.64813203,1.893532043,1.470289774,56.21,0.9416666667,0.4566326531,0.1481481481,0.1025,0.04861111111,73.71194729,508.4522184,21.31380542,0.1638653432,1.094701715,1.235245583,0.9164882232,-0.3029876163,-0.4781924935,-0.4949245049,3.0,4.59,-5.449417,1.56109,2.4307745,6.936174,-9.331291,-6.917714,7.554782,0.80901337,7.1943903,6.461145,5.491126,10.197952,-0.84038186,-6.034327,12.634098,26.34134,8.708827,-1.918879,2.1269903,3.7810783,3.1301749,-19.351107,0.19877934,-0.3637974,-9.575626,2.7441235,17.711802,7.4930415,4.74872,-8.934988,0.6871133,0.038244456,-8.78636,-5.629292,-5.8675246,1.4273602,2.4270806,3.817555,13.334865,-9.267397,-24.888336,0.38945982,-2.7736757,-11.296939,-7.563435,5.9933486,-19.382053,-3.3961642,6.0777016,-9.654743,14.509073,12.9196415,0.08920586,12.692551,13.621297,19.187487,-17.410877,-3.0337737,-10.74688,24.38549,-1.4035509,-10.635742,-2.6318436,-4.4086385,-3.026951
5.014410979,3.76984127,3.515022676,222.9135227,143.8674908,148.3585401,155.3769546,153.9033605,4.222222222,11.43072702,-0.4869684499,85.92701067,0.0200746428,-0.4636733178,0.1883496877,0.02152728556,1.375520604,0.8307831507,0.8870298787,0.6867808128,0.7163574333,0.7644230769,1.009908537,0.9472952643,0.9736629702,0.628710068,1.11870474,1.192902102,1.079310745,1.00935766,0.8904941303,0.4401510847,0.3761751677,1.067205951,0.8788107373,1.010480231,1.051345349,1.037049241,7.008295908,1.343837211,14.69235523,10.92966143,0.1327545388,0.674685838,0.5624291309,0.8066659745,0.0,0.4274317034,0.0,0.0,0.0,0.0,0.0,0.0,9.117165574,6.047183873,0.0,0.0,0.0,0.2170942004,0.4735294118,0.01470588235,0.8,-0.08866039953,4.716855135,33.77652222,9.843390349,14.64975998,4.794537184,6.066367068,79.06876542,0.0,19.38639965,0.0,30.82427447,12.96557803,5.969305288,5.563451492,11.49902367,18.32957771,5.64532441,1.69133482,90.13,1.056111111,0.5243055556,0.2781557067,0.259691358,0.03740253411,86.80650969,574.5575164,29.09220064,1.487377768,0.4762253547,2.161694006,0.4878188876,-0.2312492998,-0.1413218351,-0.8169722356,3.17,4.47,-8.067546,0.89360297,7.0972214,13.186988,-16.58404,-12.803123,11.6293,3.4477441,12.045618,8.619844,7.9127264,16.767174,-4.409775,-8.023465,23.270851,42.83868,12.803587,-2.1557,1.672044,2.2575824,4.0831795,-33.50422,-5.059342,0.25184268,-18.550404,4.2728176,27.106785,13.837631,4.242893,-14.234742,3.2282958,1.0614045,-11.595012,-9.016423,-9.200034,3.1174247,2.4508138,6.2650757,20.296171,-17.771776,-39.426147,-1.1066501,-3.786425,-17.364162,-12.558537,7.9388256,-33.353848,-3.0095344,6.1001325,-14.482941,24.943272,25.193962,-0.9834008,17.862694,24.98517,34.968147,-32.621487,-4.4350333,-19.389887,39.228252,-3.310843,-19.492056,-2.0775092,-5.6574707,-5.0007925
4.842909832,3.75,3.826599327,231.9427017,149.9515347,153.8931223,160.2680228,165.8692236,-22.03878116,7.864958449,3.747922438,108.7269982,0.01680054182,-0.3379683978,0.001429565675,-0.02565176909,1.29273489,1.069163823,0.8541586071,0.871123162,0.9449710545,0.7932331713,0.8810425768,1.034225358,1.19636194,0.6850924447,1.199625416,1.056184186,1.19145394,1.063082686,0.8540510544,0.6005374979,0.7976412166,1.113256994,1.094137998,0.9051123745,0.9278699292,1.00263596,8.002958535,1.417579067,17.42581434,10.95023129,0.101975147,0.3554988603,0.4182003203,0.6699919145,0.0,0.4326497693,1.881341175,0.0,0.0,0.0,2.890539668,0.0,0.0,0.0,0.0,0.0,0.0,-0.5244699022,0.4628571429,0.06,0.826984127,-0.1286988374,4.659387304,28.45279785,5.316788604,15.06663885,8.780830095,0.0,42.81902403,0.0,6.9237372,5.316788604,20.16532066,0.0,11.63444168,5.563451492,5.693927995,24.65689778,4.921318365,1.516083216,66.49,0.7116666667,0.3863024376,0.1801303855,0.14,0.0390625,73.67574327,416.3439297,22.7292878,0.8420190651,0.5401173757,2.114734144,0.3867814634,0.1706677059,-0.2002625309,-0.7804859615,1.95,4.47,-6.2310467,1.2430794,3.0934079,8.036918,-11.098576,-8.169802,9.021869,1.3842525,9.490648,7.399827,6.1404138,12.828711,-1.3830677,-6.553377,15.800649,30.986742,9.838983,-1.462431,1.6406001,3.8196526,3.4639978,-23.214207,-1.5635159,-0.5078283,-11.580733,3.3355825,19.963606,9.766266,4.4661775,-10.27064,1.8001841,0.49551392,-9.218139,-6.5709496,-7.0066166,1.8168067,1.7280233,4.3754063,15.343368,-11.374614,-29.269922,-0.5561696,-2.9877062,-12.791551,-7.957735,6.162278,-23.151148,-3.0790215,5.6526995,-11.061742,16.666546,15.959046,0.8006701,14.333244,16.407658,23.943619,-21.986189,-3.646494,-14.137918,28.831226,-1.6084201,-13.340438,-1.7996271,-4.580082,-3.687371
4.848631425,3.563106796,3.45,215.7708229,149.7946163,155.2232052,161.4990051,161.8933029,-19.55555556,8.715277778,-4.904513889,105.8936756,0.01708195725,-0.5027849166,0.05026796141,0.1016292333,1.565085691,1.100246254,1.027574064,1.04497817,0.999065752,0.8394565439,0.9888047166,0.9779762461,0.9686733631,0.6960964409,1.054281988,1.136009274,0.9632032147,1.114804357,1.037936531,0.5960329268,0.8821874949,0.9579426545,0.9513981032,1.025692933,1.13746691,0.9452323933,8.001919185,1.434200906,17.42477342,10.96052769,0.09236860505,0.5805272079,0.2749716524,0.7362386076,0.0,0.4309705789,1.951810259,0.0,7.264887483,0.0,3.375379346,4.191649149,0.0,0.0,0.0,0.0,0.0,-0.2861866754,0.4695238095,0.03333333333,0.7973214286,-0.09478407771,4.808208073,28.67625339,10.30076712,4.983978521,19.37571083,18.20875424,43.33159265,0.0,13.46849361,5.316788604,26.29938345,6.544756406,0.0,5.817220841,18.05654718,11.07527959,8.026471403,1.540524996,83.3,0.6669444444,0.5130385488,0.2711404006,0.244691358,0.03842592593,81.67719759,539.4294712,30.81745447,0.6851133032,0.9777743062,1.670219486,0.4476562198,-0.1535950123,-0.1489103249,-0.8773181591,0.0,3.13,-7.8329105,1.808344,3.7458687,10.061843,-13.941368,-10.023935,11.400516,1.4846344,12.291171,9.369352,7.584482,16.37186,-1.3570898,-8.39962,20.064491,38.848305,12.346624,-1.5591753,2.006038,4.6781015,4.4689074,-29.363571,-2.1453266,-0.78078204,-14.422677,3.8602598,24.95517,12.376049,5.6292152,-13.330928,2.2246883,0.6208132,-11.576195,-7.8281374,-8.782607,2.5803785,1.8518286,5.569583,19.01527,-14.215732,-36.876072,-0.6877983,-3.6550114,-15.980588,-9.690167,7.761606,-29.269205,-3.5232291,7.239625,-14.164399,20.771893,20.136694,1.5653547,18.058008,20.708166,30.21771,-27.345484,-4.7093863,-17.944424,36.012352,-1.7600663,-16.786963,-1.8930708,-5.915153,-4.891226
4.903407469,3.733333333,3.342342342,226.2016594,149.0006855,151.7489267,158.6675721,161.6284164,-25.03401361,8.611111111,-6.333333333,76.96389953,0.01479265198,-0.5556343882,0.1418651853,0.01577963661,1.592075764,0.8928823359,1.405658264,0.8327501364,0.8657648288,0.7523958055,1.119198639,1.029971002,0.9782745462,0.6357555488,1.003496503,1.08041958,1.09849187,1.220198406,1.022610723,0.6962174625,1.220187734,0.8690941919,0.9885750992,0.8579997796,1.042263911,0.8092642315,3.175928456,1.443264862,14.75034982,10.95472263,0.1064571694,0.4569302706,0.3027494302,0.6563212123,0.0,0.4277146074,1.955712929,0.0,0.0,0.0,2.882488929,4.749081633,0.0,0.0,0.0,0.0,0.0,0.7472435857,0.4740740741,0.01851851852,0.7689655172,-0.07872146119,4.374958948,30.28397282,5.316788604,5.098681808,15.29317186,29.47885337,43.32193961,5.835619786,6.9237372,5.316788604,26.23034702,0.0,0.0,0.0,5.835619786,0.0,0.7275283447,1.571003243,92.95,0.7397222222,0.3871527778,0.2683216805,0.145,0.03504521964,76.14500065,545.785991,27.57541916,0.7413727931,0.1489992812,1.551736772,0.2078481808,-0.1742475664,0.1232078515,-0.8712396661,2.51,3.31,-8.374169,1.4612023,4.722694,11.431957,-15.520325,-11.565322,12.365994,2.5802414,12.31063,9.885129,8.672182,17.222864,-2.7108722,-8.560674,21.308746,43.09875,13.361008,-2.7211676,2.2657282,5.5048337,4.447325,-31.542473,-1.7918978,-0.53119135,-16.170715,5.2777567,27.643995,13.174143,6.2877746,-13.380406,2.6712744,0.6689424,-12.865519,-9.829248,-9.464516,2.1360717,3.3263178,5.8382764,21.518608,-15.989738,-40.114223,-0.6587101,-4.532835,-17.818422,-11.462463,8.366092,-31.4945,-4.691948,7.566168,-15.139214,23.059757,21.850967,0.29032123,19.903362,22.231316,32.775436,-30.724081,-4.5409403,-19.044006,40.340336,-2.6968026,-18.253174,-3.1338413,-6.002751,-4.689874
4.818847512,3.155555556,2.758899676,191.3968322,146.4559789,152.4489655,157.6228139,159.4651286,8.832908163,8.529336735,0.8242984694,89.44916006,0.01201062524,-0.2236314743,-0.1111689341,0.05819926676,1.210290755,1.353954295,0.9852661599,0.6614610987,0.9004472568,1.046434512,0.9199559701,0.8743385372,0.9932546486,0.7243959803,1.170740978,0.9878127004,1.083407478,0.8715994416,0.9878127004,1.134570668,0.9494065665,1.023955795,0.977570883,0.8473060476,1.149558967,0.962109593,3.510026147,1.236775191,14.69086345,10.9455378,0.08800123374,0.5068735754,0.2749716524,0.6860252921,0.0,0.4390087423,0.0,0.0,0.0,0.5509583343,2.977832018,0.0,0.0,5.429018523,0.0,0.0,0.0,0.8400787205,0.4784946237,0.0,0.7595959596,-0.06476579521,4.905045547,28.60244194,10.05365156,15.06663885,0.0,30.33183534,48.2340145,0.0,25.42824048,13.21376393,39.42092542,11.28161936,0.0,0.0,6.041840829,6.196843572,7.713792875,1.698385517,75.72,0.8405555556,0.3160076531,0.2585191484,0.102183642,0.0202294686,80.36688593,653.0921582,29.06824253,1.201810221,0.8315358288,0.7894882114,0.3086694049,-0.4032234849,-0.07350669805,-0.7637691812,2.75,5.03,-7.448405,-0.4089909,4.7404094,9.213184,-13.667074,-9.730402,10.833078,2.144847,14.865498,8.014878,5.30991,17.72538,-1.9469991,-6.818782,23.150358,35.085262,10.549864,2.6171114,-0.7244309,-0.40153396,4.0973964,-30.26915,-9.682311,-0.8423124,-15.215272,1.7619674,20.192064,15.046238,0.31002954,-13.453383,4.5871415,2.7142355,-6.849384,-5.058185,-8.565097,4.185566,-3.9348383,5.785964,15.0662985,-14.597249,-34.44157,-4.095769,-1.7820318,-12.947702,-6.59127,4.9574695,-29.798382,0.72031,2.2123306,-11.630187,19.655241,23.49945,3.605966,13.102956,22.92878,32.784805,-29.862392,-5.056238,-21.96946,31.873856,-1.0991354,-18.733566,4.2435036,-4.2515736,-5.9770846
4.876842613,3.528,3.507575758,222.6808289,146.7772957,150.5762064,156.2733449,157.2501031,-15.81655894,10.90797168,1.464142813,94.90273879,0.01687549611,-0.5090962305,0.1063479808,0.2713092,1.522946379,0.9099941205,0.9675556329,0.7854033777,1.030299952,0.8841591547,1.063414671,0.9948697145,1.038296567,0.7304651743,1.036994924,1.067642545,1.073922795,1.082264502,0.9338396559,0.5143347856,0.9899451204,0.9331408239,0.9587710806,1.019438404,1.087258687,1.051486663,7.009364939,1.420015207,14.69238336,10.93106299,0.09059614572,0.4971938746,0.441638319,0.932346713,0.0,0.434808465,1.926101691,0.0,0.0,0.0,0.0,0.0,0.0,0.0,0.0,0.0,0.0,0.3220161194,0.4733333333,0.01428571429,0.7719298246,-0.08857053599,4.85439111,31.46175199,11.05045608,24.23883435,0.0,24.26546827,61.01812524,0.0,13.46849361,5.316788604,31.56280124,11.33929359,5.907179729,12.45193614,16.94476576,35.14411478,3.607304953,1.620064026,115.79,1.174166667,0.536529195,0.4817491812,0.288757716,0.04381313131,85.54045101,595.1441112,33.86199567,1.12257414,0.232642328,2.40960527,0.05286172422,-0.527455809,-0.01502627605,-1.017029883,2.72,3.65,-10.287213,1.9237216,6.1224117,14.543652,-19.462643,-14.436026,15.312635,3.4731236,14.759743,12.101522,10.853086,21.034094,-3.6656497,-10.52106,26.191275,53.718987,16.504913,-3.8265204,2.9632256,6.934042,5.4045854,-38.96463,-1.818262,-0.5566387,-20.196922,6.7678776,34.505547,16.072906,8.076153,-16.504784,3.2246242,0.67843497,-16.223448,-12.434191,-11.534464,2.6151855,4.81033,7.212244,26.858019,-20.04341,-49.65869,-0.49719113,-5.889462,-22.30328,-14.606569,10.463082,-38.962605,-6.0260983,9.575238,-18.963331,28.726768,27.086382,-0.025018215,24.947529,27.433664,40.488663,-37.982788,-5.370699,-23.104507,50.285885,-3.5546265,-22.455029,-4.367835,-7.4557695,-5.703771
4.913282332,3.765306122,4.195555556,233.3896732,147.0552359,148.7214868,156.1162666,159.8900913,34.9338843,9.21642562,0.722107438,114.0499102,0.01918353599,-0.5382208402,0.04325583401,-0.106447234,1.503303193,0.8158116022,1.142786663,0.8650146982,0.7469882696,0.6875129778,0.9757837255,1.049824504,0.9092871221,0.7059584418,1.1586683,1.095468211,1.241430321,1.013834762,0.7517919093,0.5472337755,0.9427337456,0.9362758806,1.050198625,0.8313314289,0.7948517078,0.7993595778,8.002963604,1.391839671,17.42581533,10.94341368,0.1194570841,0.4646501836,0.6324137674,0.716390412,0.0,0.4360124218,0.0,0.0,0.0,0.0,2.975382653,0.0,0.0,0.0,0.0,0.0,0.0,-0.5526036589,0.4633825944,0.05172413793,0.8175595238,-0.1155698854,4.100921675,37.8919591,5.733667477,14.68775618,13.46263303,18.19910121,54.59730362,0.0,0.0,0.0,15.68766447,0.0,23.10088831,11.12690298,22.50821725,18.19910121,0.0,1.595277475,80.88,1.56,0.4792020975,0.4142258755,0.290625,0.04931972789,79.08855116,433.8309612,22.12226512,1.321272835,0.2374491429,2.340539136,0.2479643305,-0.330199766,-0.2126270582,-0.6706991907,2.73,4.69,-7.1659665,1.6871959,4.1500797,10.665096,-13.275941,-10.431848,10.292072,2.753088,7.861183,8.388961,8.477902,12.570431,-2.981272,-7.418407,16.03703,37.465683,11.854046,-4.373718,3.4795415,6.048464,3.6753912,-25.760595,1.8860418,-0.06922096,-13.763608,5.406891,25.281324,9.270157,7.108749,-10.569613,1.1294641,-0.18712652,-12.667297,-9.863721,-7.8302417,0.8860488,6.1073747,4.7252874,19.874062,-13.3913765,-34.105015,1.2256984,-4.8628726,-16.466728,-12.165126,8.052378,-26.03095,-6.2845945,8.223807,-13.056613,20.544973,17.475136,-2.3763227,18.359747,18.166704,25.953253,-24.9041,-3.1464095,-13.462344,35.446533,-3.0995405,-14.305025,-5.765157,-5.3683515,-3.1874218
4.848683342,3.6,3.270348837,221.399066,148.7469203,153.7075299,158.6221921,160.3684602,-11.09037901,9.635985006,-3.606413994,89.00890321,0.01658578801,-0.495539082,0.03649461718,-0.05333533525,1.559307493,1.11277679,0.981356125,1.180484186,0.9251132461,0.8583175372,0.9744181786,1.08188851,0.9710544141,0.6640407657,1.05459854,1.149924253,0.9546626646,1.121936227,1.013722628,0.5356734283,0.9782583337,0.9825802249,0.9732731434,1.063373736,1.217280346,1.00582892,6.027276518,1.434200358,14.63951777,10.95429182,0.09147457634,0.5805272079,0.2749716524,0.7565778621,0.0,0.4340286995,1.963946474,0.0,7.32505027,0.0,3.41810697,4.20637704,0.0,0.0,0.0,0.0,0.0,0.6073318431,0.4741935484,0.01612903226,0.7727272727,-0.08695346795,4.853807548,28.73149398,10.30076712,4.983978521,14.98529578,18.20875424,43.33159265,0.0,13.46849361,5.316788604,26.29938345,6.544756406,0.0,0.0,12.1082079,11.07527959,8.097069726,1.556786174,107.09,0.7294444444,0.5130385488,0.2711404006,0.269382716,0.03679078014,82.7928273,618.2980854,28.68296497,0.4649123217,0.8116863083,1.606909608,0.3898623872,-0.2049080979,-0.04660082735,-0.898061449,0.0,2.75,-9.379395,1.6474823,5.887788,13.721714,-17.938353,-13.58832,13.931769,3.6421015,12.427964,10.981424,10.40668,18.484253,-3.952665,-9.479916,23.195206,49.64264,15.238642,-4.382874,3.2150307,6.8938675,4.8229713,-35.16163,-0.46703267,-0.3444107,-18.645218,6.8180666,32.20577,14.0504055,7.941577,-14.420671,2.7439587,0.42807525,-15.442241,-12.258135,-10.532686,1.852061,5.694009,6.4641585,25.321108,-18.44611,-45.443985,0.038142115,-5.8587337,-20.94616,-14.34041,9.806844,-35.314354,-6.4548597,9.126537,-17.267694,26.734537,24.464996,-1.2660007,23.260635,24.780693,36.42635,-34.793278,-4.514745,-20.214672,46.74249,-3.7652128,-20.195236,-5.2584453,-6.7424765,-4.7913847
4.896983372,3.574468085,3.568888889,222.5506338,146.7828605,150.0185492,157.0274102,159.7894011,-56.19008264,9.4375,-14.375,74.37290585,0.0183113238,-0.6886891547,0.1846521802,0.08998275038,1.728008655,0.7217501771,0.9946442756,0.5943738913,0.9525102603,0.7657335582,1.104423401,1.020168878,1.053619054,0.6970618034,0.9933130699,1.062061748,1.037460317,1.228571429,1.141438703,0.4711806183,1.032290871,0.859742156,0.9839174078,0.8668227203,1.11439962,0.8341720809,7.008275484,1.443439163,14.55536833,10.95438057,0.1113608429,0.3055555556,0.3860827635,0.6618616046,0.0,0.4365785596,1.929599353,0.0,0.0,0.0,0.0,4.681160714,0.0,0.0,0.0,0.0,0.0,0.4295703531,0.475308642,0.01851851852,0.7522222222,-0.0748172043,4.213780816,33.30462681,11.05045608,4.794537184,15.29317186,30.33183534,43.32193961,5.835619786,6.9237372,5.316788604,16.72677804,0.0,5.907179729,0.0,23.25877488,18.19910121,0.6393764172,1.632244551,94.47,0.8402777778,0.4010416667,0.3167044596,0.21375,0.03779069767,62.31006314,495.1650514,23.25999028,1.033768096,0.08759045901,1.820107089,-0.3086743082,-0.5464093008,0.06997597983,-0.6954946078,2.57,3.11,-8.191813,1.7292268,4.83703,12.567433,-15.296868,-12.166611,11.834935,3.647471,8.476519,9.623996,10.188529,13.94544,-3.921589,-8.3527775,18.051613,43.497948,13.6230135,-5.468571,4.253041,7.3005247,4.066285,-29.249523,2.7609947,0.13583964,-15.940943,6.749054,29.370514,10.3705225,8.356769,-11.663764,1.2969012,-0.26192582,-14.713994,-12.007815,-8.877473,0.66796416,7.7955656,5.234156,23.420656,-15.560456,-39.217136,1.6590921,-5.8562818,-19.299162,-14.548089,9.189074,-29.708235,-7.788857,9.471388,-14.972192,23.803143,20.00564,-3.5244749,21.466,20.742136,29.733192,-28.908583,-3.3090525,-15.098708,41.32178,-3.8484728,-16.345333,-7.240198,-5.8624535,-3.2862337
4.848666003,3.530973451,3.242612293,218.1205727,148.4111189,154.2850091,158.4354811,158.964531,-4.377714489,12.16518334,-3.062299751,91.01694804,0.01657518974,-0.4936054756,0.06216538387,-0.09806834029,1.538074031,1.086182744,0.954061836,1.331266048,1.001299141,0.8713354024,0.8821874776,1.108640339,0.9403988522,0.6739297829,1.106635593,1.026714901,0.9949971633,1.087449987,1.002104286,0.6214577378,0.5034986077,0.9129131855,0.9555811638,1.042762898,1.255466419,1.016373499,7.008272924,1.434202054,14.63947865,10.95347588,0.08731292733,0.5805272079,0.441638319,0.8586399347,0.0,0.4323245357,3.526300545,0.0,7.338341657,0.0,3.430010524,4.211094823,0.0,0.0,0.0,0.0,0.0,0.687172514,0.4729166667,0.015625,0.781372549,-0.08506188647,4.821522341,29.40027431,10.30076712,9.778515705,14.98529578,12.14238718,56.32169692,5.783244946,20.39223081,5.316788604,32.0826284,6.544756406,0.0,5.783244946,12.1082079,11.93264972,8.111873309,1.566336403,100.37,0.9030555556,0.5755385488,0.3084057697,0.211882716,0.03528911565,83.97882496,567.2185421,29.69834794,0.7090997638,1.024694351,1.451655257,0.4408964651,-0.1989995812,-0.03136513968,-0.677695273,0.0,3.16,-9.020085,1.2241005,5.107165,12.082319,-16.799765,-12.366861,13.499699,2.7989855,14.617371,10.648221,8.9701395,19.627266,-2.8169332,-8.984237,24.13543,46.50353,14.176149,-1.8928647,1.6590015,5.2841134,4.8765917,-34.779987,-3.741953,-0.76528716,-17.65892,5.3960924,29.036066,15.276729,5.719234,-14.67964,3.6790357,1.1377861,-12.942933,-10.164966,-10.428219,2.7310438,2.1202211,6.349347,22.718422,-17.54961,-43.582123,-1.6388755,-4.460994,-18.762325,-11.350114,8.390791,-34.61192,-3.988641,7.066396,-16.231201,24.587267,24.405006,1.4107242,20.886179,24.569069,36.768665,-34.377434,-5.1846952,-22.169594,43.491875,-2.6389966,-20.569216,-1.8882467,-6.2029943,-5.4338536
4.814735277,3.55952381,3.02173913,225.3188372,144.7338718,148.84458,152.0935618,154.9555973,-5.92,8.9375,-3.0,66.57156082,0.00982348585,-0.2014024596,-0.05036056951,-0.04974528522,1.152520201,1.212273169,1.339662404,0.9852218196,0.8690522099,0.9336924458,1.077713356,1.014410428,1.019325872,0.6116819903,1.209302326,1.042502005,1.102148955,0.9314896292,1.027017784,0.9310861563,1.041195062,1.031650996,1.033995157,0.8752272561,1.002635692,0.9730661886,3.05938522,1.427564094,14.69084037,10.94466758,0.1268635801,0.4048115028,0.2749716524,0.5905032613,0.0,0.4373949292,2.081588338,0.0,0.0,0.0,2.951609713,0.0,0.0,0.0,0.0,0.0,0.0,0.8441260393,0.4833333333,0.0,0.748,-0.05454545455,4.489822782,25.42195028,0.0,15.06663885,0.0,35.89528683,36.75265697,0.0,6.9237372,0.0,20.16532066,0.0,0.0,0.0,0.0,6.196843572,5.509987665,1.740472157,54.46,0.66,0.267396542,0.1645408163,0.06655864198,0.02758487654,72.22458624,533.7690673,20.96427823,0.8278426959,0.5252601408,1.030314911,0.4840617456,-0.1243382691,-0.1640465116,-0.7890838358,2.07,4.99,-5.4247985,0.809188,2.015053,6.002677,-9.009248,-6.3930993,7.739251,0.5921658,9.457216,6.504665,4.692942,11.815699,-0.32175976,-5.640033,13.992773,25.21528,8.264303,0.11009215,0.89936954,2.5810106,3.229152,-19.82399,-2.678989,-0.7121064,-9.286953,2.0558798,15.893084,8.963815,2.921828,-9.107702,1.834634,0.77932286,-6.8462086,-4.5411053,-6.1906843,1.9053996,-0.42962474,3.762524,12.165247,-9.112591,-24.602747,-1.3993697,-1.8770006,-10.114286,-5.344926,4.746801,-19.691242,-1.6853771,4.109402,-9.018138,13.391678,13.5952425,2.192587,11.39491,13.982796,20.624952,-18.61459,-3.6224608,-13.235401,23.350237,-0.69248277,-11.6489525,0.09398331,-3.7800229,-3.4946828
4.831538567,3.406593407,3.021527778,212.7872802,148.3741409,154.9235367,160.7090778,159.1461288,-21.32098765,11.41333333,-5.266666667,83.67742152,0.02035407186,-0.7074561017,0.12756377,-0.009395022267,1.783743901,0.8754004383,0.8993259478,1.204406801,0.7897416194,0.8086347725,1.041370208,1.023212897,1.017602527,0.6498756219,0.9832704609,1.063432836,1.0554371,1.149253731,1.030679934,0.5775499011,0.9218102169,1.00306056,0.7340344487,0.8646021696,1.216221926,1.106269054,7.008272101,0.6094207619,14.55760544,10.31100271,0.1310883217,0.5997530532,0.2749716524,0.8391795126,0.0,0.4378453864,3.843557955,0.0,0.0,0.0,3.357452523,0.0,0.0,0.0,0.0,3.16424817,0.0,0.6838033825,0.4962962963,0.0,0.7833333333,-0.1196363636,4.997082818,29.57900511,15.61755573,0.0,19.74647275,6.066367068,25.98020854,0.0,20.39223081,6.544756406,32.511785,6.544756406,0.0,6.031114512,18.91391731,22.67357176,0.0,1.392308413,95.59,0.6216666667,0.4930909864,0.2849899219,0.2253240741,0.04148391813,79.05597908,543.7241426,31.25532238,0.5908858528,0.7999831898,0.9767815001,0.6279867073,0.3127254221,-0.2972736784,-0.7785493484,2.66,5.32,-8.733742,1.351522,4.62961,11.396082,-16.041182,-11.612184,13.047855,2.2692661,14.746966,10.385737,8.379977,19.324045,-2.159097,-8.862582,23.598572,44.40697,13.665725,-1.2419952,1.4603405,4.7982,4.885629,-33.753296,-4.093323,-0.8998029,-16.798485,4.6854515,27.63234,14.956578,5.3133802,-14.656753,3.5399761,1.1384455,-12.211955,-9.1524315,-10.10626,2.9713688,1.2613443,6.220862,21.459574,-16.692997,-41.993153,-1.7631822,-3.9951491,-17.803667,-10.340025,8.011342,-33.55191,-3.3165119,6.7974005,-15.725497,23.386713,23.586964,2.181232,19.935875,23.819231,35.623535,-32.82475,-5.293907,-21.775625,41.365025,-2.1504893,-19.928818,-1.1328393,-6.1212935,-5.54391
4.928482888,3.577319588,3.060356653,220.1440926,147.2083149,155.8068393,157.2244553,161.031466,27.13876543,15.42814815,-5.876049383,74.39454092,0.01201245139,-0.500327496,0.08071101061,0.006228296859,1.536793117,1.04082999,1.047579236,0.9789026533,0.6099036996,0.7548309179,1.144666069,0.9701086957,0.8254076087,0.5955547112,1.062498042,1.279650926,1.159124744,1.096178897,0.9765168342,0.5763928145,0.8221827736,1.042264869,0.9893710007,0.9802713319,1.334488541,0.9319844554,7.008279858,1.40247849,14.69250219,10.93773474,0.1470271397,0.3860827635,0.4743298844,0.7874661179,0.0,0.4332028257,5.732683219,0.0,0.0,0.0,0.0,0.0,0.0,0.0,0.0,0.0,0.0,0.7628575103,0.4743589744,0.01923076923,0.8064102564,-0.0865497076,4.693716497,25.68128393,4.567099648,4.794537184,14.64975998,19.05647134,43.67639416,5.817862778,20.26829602,0.0,24.31554143,13.46849361,0.0,5.559266895,10.90292493,13.37499206,2.36424995,1.588312856,65.6,0.8613888889,0.5451743197,0.327042391,0.186875,0.04340277778,75.35110943,533.1333372,25.10723136,0.94013484,0.3789524464,1.109159543,-0.07915030412,-0.3793415237,-0.1091714229,-0.6358740227,3.41,3.32,-6.34798,1.0302587,2.7985585,7.5955863,-11.054244,-7.7948995,9.227754,1.0132589,11.156008,7.567921,5.5998597,14.074327,-0.74263316,-6.5790725,16.948397,30.552574,9.737428,-0.071601555,0.9922873,2.9777846,3.7531412,-23.946568,-3.3957052,-0.7931658,-11.46984,2.5757995,19.073864,10.788349,3.4456754,-10.931516,2.374549,0.8911973,-8.247641,-5.555265,-7.2531657,2.418986,-0.19784892,4.5246634,14.575248,-11.322697,-29.497171,-1.55343,-2.389347,-12.210146,-6.6253934,5.611794,-23.813486,-1.8668149,4.8027415,-10.999428,16.193275,16.63365,2.4571047,13.729494,16.929966,25.085514,-22.60706,-4.1463943,-15.7830715,28.257719,-0.98661685,-14.074873,0.022382483,-4.4909897,-4.2086163
4.896512341,3.875,3.898834019,243.1195682,150.5810552,154.0910693,159.2360913,162.7832731,-36.77229081,10.34693878,0.716553288,93.97687081,0.02049448396,-0.5899218285,0.08640758777,-0.02264704753,1.610005546,0.8154914939,0.7409554869,0.7829806569,0.98956975,0.7517698173,1.047792325,1.053949709,1.174013005,0.6879041249,1.137114244,1.064851589,1.079849498,1.110483527,0.924416616,0.5284335078,0.8847677711,1.067357324,0.9934784317,0.9702176092,1.048958782,0.9573327214,8.001919692,1.304328272,17.42477306,10.94972213,0.1498252464,0.3832766381,0.5746723526,0.8920863993,0.0,0.4334051853,1.858344811,0.0,0.0,0.0,0.0,0.0,0.0,0.0,0.0,0.0,0.0,-0.4261023886,0.4726190476,0.05357142857,0.8215053763,-0.1451007326,4.907447709,28.13070029,11.05045608,9.967957042,9.184952232,11.60093989,42.81902403,0.0,6.9237372,5.316788604,25.7795563,0.0,11.84833535,5.563451492,33.12473529,24.52642128,4.671612862,1.429123673,98.72,0.8852777778,0.5026218821,0.2584876543,0.23125,0.04654255319,77.68138529,469.6547721,22.70510792,0.9414487904,0.9950579025,1.474556874,0.5352135003,0.1714694851,-0.479141367,-0.4441463694,2.66,2.84,-8.464245,0.9051113,5.6837397,12.458507,-16.622248,-12.607652,12.870657,3.7771282,11.896201,9.864214,9.361613,17.431503,-4.1319065,-8.194701,21.811573,45.59188,13.683902,-3.6414335,2.2768238,5.934894,4.248944,-32.403164,-1.6457891,-0.2856163,-17.377554,6.5871224,28.962439,13.626004,6.486944,-12.807742,3.255906,0.7262803,-13.41835,-11.432989,-9.7153015,1.6778926,4.5500116,5.8202486,23.046726,-17.3463,-41.629486,-0.74819857,-5.266128,-18.918036,-12.641568,8.392473,-32.43236,-5.435284,7.198472,-15.50646,24.411373,22.96446,-0.95891416,20.820366,22.883352,34.260258,-33.159275,-4.0524497,-19.501202,43.10168,-3.6317625,-19.129827,-4.1143246,-5.7201996,-4.3627987
5.003484679,3.444444444,2.574320331,209.7975749,146.1805455,155.1868748,153.8874113,162.1194812,-90.6624,18.3488,-11.3456,77.1952893,0.009933271613,-0.1258405574,0.02283107184,0.05410393277,1.118866741,1.483946244,1.440782616,0.8453185552,0.9510889837,1.052011383,1.37596026,1.074674527,1.045604195,0.7309069212,1.161954593,1.348953215,1.353531336,1.044152745,0.783490153,1.003925082,1.100510787,1.246197705,1.171072855,0.8152202555,1.301534076,1.18778073,3.513018849,1.131262631,14.69234577,10.96363644,0.07007191304,0.6486252434,0.585351958,1.683183489,0.2041241452,0.4313506372,8.346258215,0.0,0.0,0.2793745276,0.0,0.0,0.0,5.574112707,0.0,0.0,0.0,0.9098937075,0.4782051282,0.0,0.791025641,-0.06833333333,4.79127238,25.56683713,4.736862954,14.64975998,0.0,19.91384147,42.16764743,0.0,33.23387405,13.71667951,33.46512129,11.28161936,0.0,11.33289652,6.606881965,7.109797541,3.663227986,1.662032677,52.83,1.3275,0.4913194444,0.328042328,0.108125,0.06865530303,78.03784886,547.4879021,15.47272456,1.037822285,0.7112734479,0.9869322093,0.331490638,-0.2332389633,-0.1617329615,-0.4576603823,3.16,4.09,-5.1695056,-1.8323123,3.9907868,6.0206084,-9.814829,-6.9966736,7.2553177,2.529322,11.027455,5.2403145,3.2066283,12.919253,-2.2080925,-3.8805726,17.542053,23.699127,6.843237,3.2617877,-1.6484151,-1.6271324,2.7668982,-21.123676,-9.443103,-0.52814114,-11.096647,1.1197357,12.395118,11.535528,-1.956207,-8.356,4.262831,2.844279,-2.9927495,-3.6297743,-5.8927894,3.0958467,-4.560152,4.1378255,9.447859,-10.648658,-23.603935,-4.27595,-0.70208895,-8.63158,-4.054873,2.345468,-21.170994,1.4606352,-1.0252378,-6.8857536,13.513778,17.932426,2.4028835,7.2847037,16.867905,24.105618,-23.079838,-3.3041036,-17.127342,21.883574,-1.0804129,-14.044157,5.1342587,-2.131963,-4.333644
4.832570547,3.763888889,3.551924473,230.3247739,147.8922439,154.9763277,158.2778486,156.1961872,-13.22222222,9.659279778,-5.509695291,65.73150876,0.03042762734,-0.6215974158,0.1204407493,0.03341548331,1.628381369,0.9378264053,0.8942528213,0.9105523115,0.8793098416,0.8848151646,0.998853211,1.085868101,1.028505898,0.6680392778,1.024996994,1.069264069,1.302778272,1.257470539,0.9664502165,0.620159955,0.7179523183,0.9997145081,0.8297027047,0.8889675402,1.252868825,1.112829771,7.008271847,0.6101379255,14.5597539,10.31169996,0.09369091237,0.5997530532,0.2749716524,0.7435800193,0.0,0.4295317329,3.372633227,0.0,0.0,0.0,3.155574452,0.0,0.0,10.79239261,0.0,1.506882585,0.0,0.3870554611,0.4763888889,0.02083333333,0.8294871795,-0.1413510101,4.504120605,29.46491726,14.45770443,10.11132579,9.967957042,0.0,25.12283841,11.49902367,13.8474744,12.10973091,27.6520576,4.794537184,0.0,12.70012204,23.14129094,0.0,0.0,1.39952785,89.13,0.7016666667,0.3802083333,0.3038942429,0.142183642,0.05004084967,75.70900014,411.1200733,25.04764827,0.07062541505,0.2864739343,1.363028953,0.5328897227,0.2867072632,-0.4547710166,-0.5059322589,1.64,4.12,-7.503168,0.5126448,9.080002,14.705114,-17.31913,-14.092768,10.854522,4.600062,9.482907,7.664984,8.118599,14.534458,-6.4031396,-7.443263,22.645918,42.65397,12.468598,-3.577568,2.0484028,1.0406702,3.4444635,-33.34045,-4.7069883,1.2406893,-20.038393,4.778084,27.557888,12.681935,4.21046,-13.476942,2.793896,1.0203855,-11.726043,-9.847734,-8.610799,2.7230618,4.3140373,6.1444635,20.488121,-18.72684,-38.35295,-0.24061511,-4.0382485,-17.696087,-15.042048,8.269641,-33.297115,-3.809624,6.128624,-13.751468,26.780056,26.414103,-4.2845526,16.987932,25.905973,34.353878,-32.940895,-3.5828216,-17.33734,38.91985,-4.5585823,-19.09985,-3.9530444,-5.457194,-4.3918705
4.837448726,3.474226804,2.766733601,212.7849929,145.2026966,152.41333,158.3674785,157.7943482,-27.25045914,9.644628099,-6.78357438,80.7061408,0.01627690021,-0.5366661405,0.03814765696,0.003204608538,1.56209165,1.130068918,1.138657159,1.13439464,0.6987017475,0.8862185811,0.9838613448,1.064241718,0.982902814,0.659693166,1.077272139,1.025523013,1.111842415,1.342332181,1.009113063,0.6134193222,1.003323587,0.9878358833,0.7990381108,0.8282951232,1.193479781,0.9818061621,7.008270585,0.6094207524,14.55726515,10.31100269,0.1074472077,0.8009375167,0.3928227826,0.9645015976,0.0,0.4248334333,1.985627143,0.0,0.0,0.0,3.456037415,0.0,0.0,0.0,0.0,3.213362402,0.0,0.7986153628,0.5,0.0,0.8035714286,-0.1131659056,5.016027641,29.5455462,9.883888252,4.794537184,14.95193556,6.066367068,25.47729296,0.0,26.31013685,6.544756406,37.28775995,11.33929359,0.0,5.907179729,12.96557803,22.67357176,1.556666044,1.485767646,74.77,0.6394444444,0.4235756803,0.2741874528,0.236875,0.04861111111,80.24150293,532.5665969,31.41145584,0.6231577715,0.4196549084,0.8096881262,0.7239906016,0.003018935127,-0.5246137685,-0.7330975232,2.6,6.06,-7.9236794,0.21705821,2.6080363,7.6656914,-12.677124,-8.177644,11.279945,1.0446388,16.07624,9.145645,5.4066677,18.719427,0.08710353,-7.450244,22.120808,34.27393,10.868187,3.09937,-0.19338512,1.5189224,4.6854243,-28.829863,-8.050717,-1.4916998,-13.109668,1.5155685,19.739285,14.750395,1.3474079,-13.472402,4.147288,2.3902328,-7.1883974,-4.398254,-8.718276,3.993642,-4.372046,5.6589646,15.198974,-12.988641,-34.51197,-4.152845,-1.9246837,-12.809693,-4.990516,5.0437784,-28.665619,0.2544847,3.21784,-12.234992,17.618948,20.942068,5.9191346,14.28317,20.792112,31.312119,-27.77396,-5.471509,-21.951694,31.458384,-0.04347694,-17.724504,4.392762,-4.6471996,-5.9601445
4.848826338,3.656565657,3.570987654,233.2824495,147.8576336,153.9753421,158.9684329,159.1199551,3.725567124,8.349932096,-4.259393391,128.7701358,0.01587557915,-0.515865464,0.006837669697,0.01568214022,1.533971709,1.015139621,0.9232150354,1.152071878,0.8226870325,0.8036912103,1.023776961,0.8852389883,0.8666045335,0.7086356088,1.005928527,1.107460702,1.023757817,1.112656327,1.022153181,0.6063578918,0.8238921886,0.9223298861,0.9727373711,1.09456984,0.9748353851,0.7917893075,8.003004632,0.6049847756,17.42586337,10.31162892,0.09550592285,0.5652352563,0.441638319,0.9653380775,0.0,0.430390951,1.929811714,0.0,7.261649725,0.0,0.0,4.184778952,0.0,0.0,0.0,1.459484337,0.0,-0.8704516036,0.4775729647,0.04838709677,0.8404761905,-0.1201982331,4.81512316,31.83179984,5.316788604,4.983978521,23.76612587,29.54554012,42.82867707,16.76600016,13.46849361,5.316788604,21.31540493,6.544756406,11.63444168,0.0,17.23976638,11.07527959,8.011817111,1.493593121,67.51,0.7225,0.5755385488,0.2902730537,0.291882716,0.03732638889,82.90283416,532.7958311,29.41357405,0.1842119478,0.9152922748,1.767919077,0.151381107,-0.09851185604,-0.3992329662,-0.8488190828,0.0,4.67,-6.70298,2.021537,2.685087,8.157697,-11.333978,-7.936057,9.403816,0.55050576,10.159072,7.968109,6.198244,13.416286,-0.2970095,-7.501934,16.469896,31.648666,10.452555,-1.0747706,2.0505354,3.8196807,4.0467963,-24.301212,-1.2770023,-0.7154313,-11.573661,2.5022407,20.806654,9.976389,5.022288,-11.81909,1.209364,0.3189179,-9.962851,-5.6616783,-7.19821,2.5016057,1.3808677,4.812341,15.342202,-11.277429,-30.470795,-0.14478846,-2.8890069,-13.247966,-8.088088,6.8897915,-24.234947,-2.8468251,6.8636484,-12.005603,17.22883,16.418997,1.666,15.034784,17.156294,24.398035,-21.330359,-4.1488876,-14.327974,28.97178,-1.0707291,-13.490779,-1.5841026,-5.38854,-4.300393
4.84878054,3.61682243,3.375190734,230.3952196,148.0103313,152.3722909,154.5546233,156.7782642,-12.06629929,10.85274894,-3.081122645,92.45596396,0.01851418345,-0.6293819649,0.13369072,0.02386987861,1.680621967,0.8204266508,0.9272596076,1.24251725,0.6814371148,0.8867576407,1.006367067,0.9159459738,0.9707315274,0.6826911885,1.029862266,1.123295234,0.932869947,1.065674349,1.006976438,0.5446149243,1.163909167,0.921763566,1.00261432,1.158363808,1.110554208,0.8881469904,7.00827662,0.6049843589,14.63946922,10.31162842,0.0932935088,0.5805272079,0.441638319,0.9984880308,0.0,0.4323245357,1.960212632,0.0,7.408851697,0.0,0.0,4.215391197,0.0,0.0,0.0,1.538831045,0.0,0.4814002482,0.4833333333,0.015625,0.7752380952,-0.09560825648,4.862930979,30.95894759,11.05045608,9.778515705,14.98529578,35.61190719,42.82867707,5.13155848,13.46849361,5.316788604,27.22258466,6.544756406,5.907179729,0.0,12.1082079,17.14164666,8.187719321,1.512636097,110.6,0.8475,0.5755385488,0.2711404006,0.2940740741,0.03784013605,83.98352269,581.0502764,28.88620299,0.5195618329,0.9185109312,1.574899316,0.5727119777,-0.07905923019,-0.3128376491,-0.5935852821,0.0,3.04,-9.635498,1.6160845,6.1188626,14.154374,-18.522923,-14.0205765,14.384103,3.8575082,12.828228,11.274783,10.725866,19.08463,-4.173658,-9.675966,23.946533,51.212063,15.648542,-4.5009985,3.2206235,7.079457,4.928549,-36.23102,-0.6008593,-0.341127,-19.258633,7.1290627,33.133377,14.568586,8.100603,-14.772852,2.9351566,0.47125757,-15.822726,-12.709828,-10.8424,1.8889909,5.8557034,6.627726,26.110703,-19.087233,-46.82298,-0.042491093,-6.0644007,-21.57427,-14.729055,10.010234,-36.36947,-6.613689,9.242274,-17.768446,27.53109,25.274624,-1.3133936,23.945332,25.527462,37.650337,-36.039608,-4.6148577,-20.932426,48.259613,-3.927876,-20.884634,-5.3633814,-6.866111,-4.9138403
4.823322157,3.724137931,3.534246575,235.8590447,145.2953581,150.4848425,151.8391097,154.6759931,-11.95186587,10.18550568,-3.353704705,70.54434784,0.01857184715,-0.3939284164,0.01726181728,0.2095101722,1.350867922,1.183664255,1.005105168,0.563623861,0.9407201108,0.8916609589,1.082052305,0.7647357724,1.032,0.5977833775,1.345843778,0.9342160264,0.94426136,0.9519382817,1.051768173,0.6912024681,0.4984431172,1.056001139,1.032912013,0.9775274703,1.060423496,0.9631189509,7.008273079,1.427557749,14.69084593,10.94528897,0.161504408,0.4048115028,0.3928227826,0.5488365946,0.0,0.4419450498,1.366433321,0.0,0.0,0.0,2.91912867,0.0,0.0,4.734228103,0.0,0.0,0.0,0.5043309317,0.4728395062,0.0,0.7976190476,-0.09215819209,4.559190045,28.92408516,4.736862954,15.06663885,4.794537184,18.19910121,41.9616539,0.0,0.0,7.109797541,33.24442349,4.736862954,0.0,5.969305288,5.563451492,24.52642128,5.353372531,1.630772827,80.76,0.8127777778,0.298646542,0.1977985639,0.127808642,0.02959656085,75.74973297,528.6349969,23.94676767,1.251622831,0.5450368701,1.611702222,0.4447495598,-0.1258351188,-0.2881843564,-0.7628300459,2.67,4.41,-7.2225447,0.035387695,5.725819,10.656994,-14.423104,-10.949223,10.785147,3.038527,12.85466,7.8172407,6.532136,16.61972,-3.4428124,-6.7170496,22.114342,37.77255,11.014135,-0.07593745,0.11098066,1.3651605,3.7799668,-30.383198,-7.0942407,-0.3174119,-16.236387,3.642124,22.65314,14.052091,2.1027231,-12.639411,4.1912713,1.7684488,-8.737913,-7.487018,-8.573792,3.1897485,-0.41864067,5.4966545,17.364866,-15.747132,-35.476856,-2.692803,-2.780042,-14.564231,-8.982046,5.876965,-29.956665,-1.2356553,3.4783812,-12.446663,21.195835,23.050917,1.0892923,14.971137,22.600748,32.78464,-30.69196,-4.4532433,-20.131416,34.832,-2.3504138,-18.587454,0.70259583,-4.3608656,-4.971361
4.88992845,3.722222222,3.388888889,221.1863693,144.9636743,149.9781275,158.1879876,156.6950562,70.23140496,6.644628099,6.330578512,76.95496268,0.009711306444,-0.1993153167,-0.00123910929,0.101809456,1.145191375,1.298601999,1.033968218,0.7416949557,0.4407542079,0.7949223857,1.095371669,0.8142434159,0.8228143993,0.6111111111,1.104700855,1.427884615,1.081196581,0.7873931624,0.6737891738,0.5900540138,0.657000407,1.18015043,0.8886009775,0.9301368813,0.9077066218,0.9247520067,8.001917467,1.399909181,17.424771,10.94612798,0.09479894236,0.5386030745,0.2823601614,0.4645392346,0.0,0.4302708267,0.0,0.0,4.120723262,0.0,0.0,0.0,0.0,0.0,0.0,0.0,0.0,-0.2384333533,0.4755102041,0.02380952381,0.8102040816,-0.08059510478,4.256515331,24.93841249,0.0,9.665781456,4.390415048,24.27512131,35.90493987,0.0,6.544756406,0.0,14.76446326,6.544756406,0.0,5.817220841,0.0,18.32957771,5.874764792,1.704653617,30.71,0.5980555556,0.2777777778,0.1128826531,0.03,0.04318576389,71.27650742,432.4794003,18.75483039,0.8084381557,0.3734583299,1.172624647,0.4891757037,0.03403734136,-0.2124170453,-0.6473097257,2.39,3.59,-4.226469,0.66911757,0.366412,2.9146352,-5.064728,-2.9699733,5.100954,-0.60377765,7.116325,4.705186,2.4021688,8.140418,1.3465762,-4.3256497,9.48147,14.104634,5.3318105,1.9465259,0.64645386,0.6729159,2.5923808,-12.632301,-2.7083468,-0.67346126,-5.125428,-0.36672562,9.025366,6.154215,1.0618665,-6.9784207,0.70289814,0.91178775,-3.4591408,-0.6962639,-3.952155,2.0391798,-2.4671214,2.7869067,6.379441,-4.773333,-15.194688,-1.4622858,-0.63259405,-5.7602158,-2.401752,2.923897,-12.550767,-0.025446473,2.5870388,-5.564515,7.9164777,8.796784,3.07061,6.394933,9.236832,12.7797,-10.400125,-2.9685001,-8.974287,12.434647,0.45054933,-6.938891,1.9245448,-2.721169,-2.8958914
5.010284106,3.367647059,2.634811417,197.267068,146.4241065,156.0102373,159.1893311,156.4493509,-57.28775268,17.01545779,-9.190249703,91.22851564,0.01234252831,-0.1955050874,0.04661489586,-0.09084571564,1.224420088,1.523023105,1.125868721,0.9115725506,0.8389164224,0.9559328022,0.9762481359,1.107775368,1.036769826,0.5750199386,1.093321626,1.070660984,1.283324566,1.074140545,0.9475781977,0.9400895316,1.183630755,0.9822719684,0.8315277552,0.8704712167,1.33981433,1.045213472,3.510570304,1.343837073,14.69236752,10.92966694,0.05735317729,0.5913525046,0.3957624643,0.8332545107,0.0,0.4354718497,4.253046466,0.0,0.0,0.0,0.0,0.0,0.0,6.063845816,0.0,0.0,0.0,0.8698638406,0.4784946237,0.01612903226,0.7892473118,-0.06476579521,4.846411435,29.29560314,9.636772685,14.64975998,0.0,12.99010427,68.39572554,0.0,26.31013685,26.74406676,51.39241828,12.96557803,0.0,0.0,6.606881965,0.0,5.862890971,1.681889874,56.07,1.0075,0.4340277778,0.3094057067,0.150632716,0.03513888889,83.12736249,665.1239111,28.455692,1.636598034,0.5489267907,1.557575409,0.1732581624,-0.3737088829,-0.1132875057,-0.4853047394,3.89,4.34,-8.306911,-3.5540168,3.0422435,3.84825,-9.682395,-5.1058817,9.463169,1.8599474,15.893775,8.688582,2.950751,17.295004,1.2394005,-5.6638393,22.304333,22.93212,8.829735,9.877089,-1.4670346,-4.2848787,3.8322875,-23.80457,-15.943121,-2.066341,-9.894011,-3.5819247,9.995355,15.20993,-6.2478175,-10.458786,5.2900815,6.1037183,-0.5238145,0.31299657,-6.7339773,4.4511676,-12.937207,6.0867376,7.15788,-9.155138,-27.069138,-7.8869557,-0.30356485,-9.1041355,-2.8305242,1.361851,-24.93491,3.9357462,-3.1101785,-7.105668,13.435847,20.988174,7.3091044,5.393903,21.278294,27.853468,-26.482788,-5.0490875,-23.385849,20.24136,-0.2599284,-16.15318,14.1334505,-3.1099834,-6.888273
4.848826338,3.611650485,3.700980392,220.2770431,150.6227588,156.2364618,163.4869966,163.2807935,14.25,8.703125,-3.25390625,126.7583443,0.01849614676,-0.4767904807,0.01389989441,0.0128501239,1.52427183,1.11346871,0.8933858023,1.078281709,0.8463098973,0.7728011204,0.9104484512,0.984963535,0.8637309293,0.7092012465,1.042995839,1.113047798,0.955879941,1.076163584,0.9962945329,0.5915239769,0.7505766018,0.9783647792,0.9500759172,1.015774921,1.066141587,0.8736693064,8.003004737,1.434185443,17.42586384,10.96022185,0.08752873188,0.5652352563,0.441638319,0.7823534739,0.0,0.430390951,1.9231704,0.0,7.128909661,0.0,3.312686445,4.171127607,0.0,0.0,0.0,0.0,0.0,-0.9065570458,0.46359447,0.04838709677,0.8281385281,-0.1181869111,4.860902344,30.43903568,10.30076712,4.983978521,23.76612587,12.14238718,37.26522558,11.63444168,13.46849361,5.316788604,26.29938345,6.544756406,11.63444168,6.544756406,17.20571877,5.008912524,7.860153043,1.493931419,83.3,0.7225,0.5755385488,0.2902730537,0.291882716,0.03732638889,82.90283416,523.2166161,31.78318436,0.9934320443,0.9158770826,2.181659398,0.2709333526,-0.0211730191,-0.06354977429,-0.89298895,0.0,3.55,-7.883342,1.9233035,3.6991897,10.084188,-13.95789,-10.002271,11.42206,1.368926,12.306412,9.440682,7.6036706,16.38906,-1.2245952,-8.536615,20.084843,38.89883,12.437098,-1.562345,2.1088185,4.7206426,4.5379224,-29.446798,-2.0117388,-0.8124933,-14.402357,3.7408364,25.075155,12.322394,5.7498083,-13.496397,2.1115258,0.59062636,-11.725435,-7.725058,-8.807645,2.6400797,1.8689271,5.625881,19.016825,-14.175317,-36.99666,-0.5916266,-3.6545348,-16.048325,-9.763618,7.8864574,-29.377226,-3.5521917,7.449009,-14.278637,20.84673,20.139696,1.6134387,18.154854,20.772545,30.181776,-27.191502,-4.7491198,-17.881298,36.010254,-1.6966071,-16.744112,-1.9496273,-6.0321712,-4.9569025
4.932312686,3.932038835,4.040495315,238.8013194,146.7040391,149.8019587,153.3187799,157.5744168,22.48121322,10.86057039,-4.25033952,95.85743506,0.02822495295,-0.5080726944,0.03095407296,-0.05432234374,1.493185398,1.017276823,0.836277836,0.9386224277,0.8159972021,0.7962919034,0.9594818653,0.9758728577,0.9541414417,0.6476579521,1.231721953,1.0575,1.183787393,1.024986645,0.9087353801,0.5740274285,1.10515639,0.8983783535,1.08170032,0.8598235875,0.8840017211,0.9169117466,8.001921193,1.39137364,17.42477324,10.94318883,0.09443617789,0.6160248987,0.7157471007,0.7712474633,0.0,0.4292822041,0.0,0.0,0.0,0.0,3.073183107,0.0,0.0,10.80324371,0.0,0.0,0.0,-0.5168336024,0.4619047619,0.03225806452,0.8229691877,-0.119504996,4.388447675,36.59270839,15.20739338,14.68775618,9.072217983,18.19910121,48.53093655,11.49902367,0.0,6.792942306,22.48060678,0.0,17.28366747,17.91984529,34.00724092,48.53093655,0.0,1.575431876,99.34,1.48,0.5850694444,0.4598293021,0.2897067901,0.0480870021,83.32905178,445.1473565,25.84989791,1.150113461,0.7933498415,2.363179642,0.06055815197,-0.3451688096,-0.3155052648,-0.5879519681,2.96,4.11,-8.278375,0.7311656,9.550096,16.738777,-18.80775,-15.805608,11.522352,5.801844,7.752438,8.826279,10.21783,13.693086,-7.7592587,-8.308261,22.078188,47.509014,14.360834,-6.317982,4.0773644,3.0914974,3.44897,-34.566803,-1.1624486,2.0877576,-21.6115,6.226626,31.972565,11.743984,6.624005,-13.697302,1.680088,0.46011305,-14.558427,-12.406701,-8.908328,1.7862555,7.9598985,6.4500327,24.30581,-20.090221,-41.86201,1.5377796,-5.339543,-20.784101,-19.148727,10.107965,-35.639866,-6.801395,8.619455,-15.238633,29.98757,27.114964,-7.361281,20.401918,27.153477,35.26012,-34.33345,-2.9857354,-15.854062,43.59819,-5.791962,-19.358446,-7.9587827,-6.0734067,-3.63867
4.993332649,3.789473684,3.163333333,218.7030769,145.1309009,150.756606,159.0340393,155.0619513,34.26,9.2725,3.95375,89.05786089,0.009916616665,-0.1744104261,0.0263101175,0.001894052327,1.114735456,1.271348172,1.152699704,0.7802665354,0.8465218111,0.7452020202,1.011428202,0.9335542929,0.9298436493,0.5778606252,1.12236427,1.379409234,1.173996412,0.9113214161,0.7591113498,0.5671068993,0.5125798536,1.118731971,0.809263228,1.030282786,0.9704076766,0.8895534568,8.001918196,1.343865525,17.42477195,10.92992954,0.0946942092,0.5879157169,0.3957624643,0.6046004101,0.0,0.424471141,0.0,0.0,0.0,0.0,0.0,0.0,0.0,0.0,0.0,0.0,0.0,-0.3412859371,0.4754285714,0.02,0.8085714286,-0.08619600411,4.530640984,27.85694441,0.0,14.64975998,4.390415048,18.19910121,42.67056301,0.0,19.38639965,0.0,19.74844179,12.96557803,0.0,5.817220841,5.693927995,6.066367068,5.155189384,1.70399451,43.6,0.8338888889,0.3437854308,0.1647691484,0.108125,0.03885582011,76.4418115,477.2224951,20.81486531,1.217142007,0.4467774799,1.766526309,0.271225662,-0.2492419205,-0.3017344409,-0.6311237881,2.7,4.42,-4.943852,0.55471194,1.2335424,4.5196943,-7.337313,-4.8104405,6.663483,0.07378806,9.11589,5.7021017,3.4058895,10.693157,0.5265316,-4.9817452,12.605546,20.17717,6.877141,1.5193756,0.48885658,1.2368208,2.991231,-17.004238,-3.6093564,-0.77181196,-7.535624,0.7090612,12.416652,8.234497,1.5376518,-8.414278,1.6876421,1.0714641,-4.860585,-2.426336,-5.250213,2.2527187,-2.1157217,3.411884,9.242167,-7.317759,-20.520376,-1.901699,-1.1321586,-7.899662,-3.4949877,3.6049736,-16.884935,-0.3876963,2.9092536,-7.4123945,10.798795,11.941457,3.2077785,8.886706,12.239316,17.789602,-15.385615,-3.47148,-12.1050625,18.326172,0.047601253,-9.984759,1.7853897,-3.1872966,-3.4565542
5.024908333,3.487179487,2.524691358,221.195303,144.1443511,151.3278136,150.447037,160.0855606,-85.21354167,19.66666667,-9.666666667,76.37894045,0.006534022579,-0.0960731633,0.07044806716,-0.03760352197,1.084144104,1.239382352,1.242467778,0.8343620644,1.012507702,0.8544057545,1.226149781,1.126468644,1.061304561,0.7044683258,1.257273176,1.107886051,1.454265286,1.178929766,0.7884615385,0.442934369,0.8998992943,1.12377549,1.150923537,0.746986737,1.113539398,1.011585316,6.027274506,1.13463699,14.69234331,10.93828256,0.07269249639,0.6532621511,0.8587697079,1.810816167,0.2041241452,0.4288513391,8.824944675,0.0,0.0,0.3770927816,0.0,0.0,0.0,0.0,0.0,0.0,0.0,0.7004563492,0.4846153846,0.0,0.7615384615,-0.05555555556,4.566340563,26.76879553,0.0,9.665781456,0.0,38.9703128,35.59836479,0.0,40.15761125,0.0,14.76446326,6.544756406,0.0,5.414990469,11.48135754,0.0,3.629726159,1.739792898,54.5,1.476666667,0.6354166667,0.3607961703,0.0625,0.06826241135,78.20158208,562.9965168,17.70433445,1.127084861,0.578552637,0.7184927604,0.0005395527397,-0.1843838337,-0.3345674927,-0.3770248398,3.12,4.77,-5.089908,1.0257915,2.682925,6.7852025,-9.13974,-6.879817,7.2900176,1.3124006,7.0842447,5.99889,5.2052655,10.007369,-1.4238935,-5.346257,12.46491,25.480364,8.141397,-1.7425365,1.6594161,3.3754487,2.7503335,-18.684093,-0.5735947,-0.24964598,-9.541789,2.996038,16.706276,7.5809665,4.016556,-8.14765,1.2180022,0.24671715,-7.892847,-5.7470284,-5.642807,1.2397851,2.1514885,3.5414648,12.877069,-9.332481,-23.822916,-0.10759035,-2.6674812,-10.715391,-7.089707,5.2515087,-18.700825,-3.0531588,4.938281,-9.004344,13.88326,12.810856,-0.02703005,11.934271,13.22754,19.116243,-17.751749,-2.789954,-10.879791,23.777649,-1.5780423,-10.622354,-2.2230954,-3.7764685,-2.7666187
4.926665293,3.932432432,3.3468107,249.9786442,143.5946678,145.4059212,152.2057646,152.4566434,-14.76761905,8.488163265,1.565714286,83.36677966,0.01409895107,-0.6072386337,-0.02670373727,-0.1143776401,1.573693854,0.6211049462,1.049664916,1.294439015,1.141082675,0.7849154689,1.077461931,1.193010722,1.157987707,0.5973038864,1.128304735,1.265910194,1.288119144,1.058318196,0.7462912504,0.6409026574,0.7218430218,1.164055159,0.9573398227,1.33279839,0.8028274852,1.066461121,8.001917793,0.60501714,17.42477132,10.31162267,0.1133692921,0.4420442044,0.3864886488,0.7027192373,0.0,0.4321993632,0.0,0.0,0.0,0.0,0.0,0.0,0.0,0.0,0.0,1.35805839,0.0,-0.30795215,0.4921325052,0.04347826087,0.7712380952,-0.08496732026,4.028445159,32.78778218,5.733667477,4.983978521,9.374393569,41.66862122,24.26546827,5.13155848,0.0,5.733667477,9.967957042,0.0,0.0,5.817220841,16.38893797,24.39594478,1.748717876,1.660194215,51.8,0.8791666667,0.2621527778,0.1143864953,0.038125,0.04696637427,71.73738146,429.1424414,10.75902422,-0.3954789132,0.3002194933,1.692349156,0.3143011848,-0.1618161032,-0.1818265524,-0.5730146426,2.6,5.3,-4.5319166,0.5386692,2.668149,6.588982,-8.372457,-6.7930713,6.5854397,2.0274026,5.0524545,5.322371,5.491395,8.041363,-2.245835,-4.456237,10.187218,23.792633,7.5218754,-2.6710863,1.9757323,3.8263116,2.1884735,-16.228304,0.90620923,0.048304096,-8.834668,3.846506,15.9406395,6.172689,4.1800776,-6.169038,1.0348973,0.08232659,-7.664566,-6.672853,-5.142512,0.21936494,3.6609335,2.8447578,12.853774,-8.605631,-21.638214,0.34830284,-3.0716844,-10.435308,-7.6358504,4.788373,-16.349016,-4.130006,4.5581765,-7.8479457,13.121624,11.182676,-1.8168128,11.430893,11.5434475,16.685902,-16.557638,-1.9576312,-8.959766,22.771452,-2.1715078,-9.341513,-3.604135,-3.0369935,-1.8046275
4.879024159,3.572649573,3.283751493,225.3126415,145.1774373,149.304831,153.3965538,157.4175979,-39.96404414,11.41046636,-6.53506586,87.14913321,0.01287022192,-0.447882074,0.1401240263,0.1367837902,1.443815692,0.8938343048,1.024526397,0.7855123519,0.8893022099,0.9099568702,1.028247267,1.044032641,0.9732215849,0.6882687145,1.040859365,1.06724312,0.9967306079,1.146883251,0.9807829181,0.5054553618,1.01799905,0.9475273232,1.042337522,1.034019067,1.030700936,0.9510381456,7.00827661,1.416932073,14.69235778,10.93244905,0.1127497909,0.4971938746,0.441638319,0.8946957262,0.0,0.4323245357,1.976804047,0.0,0.0,0.0,0.0,0.0,0.0,0.0,0.0,0.0,0.0,0.4837806403,0.4791666667,0.0,0.7578431373,-0.06778746368,4.675572577,30.65052892,5.733667477,19.44429716,0.0,30.33183534,54.95175817,0.0,13.46849361,0.0,25.65562151,6.544756406,5.907179729,0.0,12.1082079,18.32957771,3.792178321,1.708581803,86.69,0.9519444444,0.4462514172,0.3754251701,0.353125,0.03989651416,82.20630352,607.0124054,32.3867762,1.154617542,0.6346916237,1.491139924,0.3386949549,-0.3213404821,-0.1362742343,-0.920876838,2.92,4.5,-8.134052,2.1467156,3.9931407,10.7358,-14.574322,-10.479124,11.770184,1.5937536,12.083273,9.681217,8.049413,16.499523,-1.5055252,-8.842387,20.427898,40.50928,12.901402,-2.1729963,2.4611678,5.1315804,4.6360126,-30.281338,-1.4133482,-0.69731385,-15.005224,4.136051,26.34231,12.378027,6.354948,-13.867039,1.930497,0.38125867,-12.540294,-8.320694,-8.9446745,2.600825,2.745461,5.8235683,19.969603,-14.780233,-38.230267,-0.16360438,-4.04644,-16.893251,-10.644406,8.411911,-30.260292,-4.0874753,8.125959,-14.918855,21.813347,20.69498,1.0915704,19.095898,21.336287,30.88117,-27.872553,-4.705913,-17.803728,37.50044,-1.9879189,-17.047949,-2.710444,-6.345175,-4.954724
4.764641067,3.485714286,2.821090535,229.3448871,142.7607609,147.26319,150.6763958,156.5240747,-44.52825836,7.391868512,-5.333044983,58.56827308,0.008186869895,-0.4495084976,-0.07656109113,-0.04380499336,1.509021312,1.097163787,1.350139469,1.469892204,0.9467606757,0.9314571315,1.161597709,1.53510741,1.369897764,0.6384068279,0.9279699248,1.090873736,1.042105263,1.643956044,1.306233325,0.9868398516,1.595509681,1.020028097,0.9534335853,0.9500457973,0.9615092905,1.100804472,3.041832901,0.6049930215,14.69444092,10.31197235,0.1688183657,0.568672044,0.25,0.7150232092,0.0,0.428867764,2.092978133,0.0,0.0,0.0,0.0,0.0,0.0,0.0,0.0,1.615315334,0.0,0.9630946607,0.5015873016,0.0,0.7698412698,-0.0581871345,3.814397767,32.65984543,0.0,0.0,9.499376415,65.43117392,12.99010427,0.0,6.9237372,0.0,14.59805822,0.0,0.0,0.0,0.0,11.33678588,1.98657124,1.686200835,30.19,0.5283333333,0.2378472222,0.09448223734,0.04875,0.0400462963,71.12923127,488.6637245,21.88301822,0.4467455678,0.764490106,0.8783033825,0.6848374302,-0.0763740877,-0.06978050757,-0.4642519014,3.28,4.58,-4.7452083,1.1256603,-0.067613184,2.6211982,-4.8449006,-2.434269,5.289201,-1.302107,7.2751603,5.134321,2.3911676,8.222029,2.2974026,-4.9281826,9.540495,13.639102,5.6295033,2.4979157,0.99633616,0.5585137,3.009206,-12.741503,-2.5250788,-0.8136119,-4.670262,-1.1523706,9.134904,6.1404953,1.2263645,-7.736703,0.113503575,0.9486383,-3.6893966,0.22601476,-3.9215124,2.4645882,-2.9538023,3.0799727,6.007869,-4.1957917,-15.399934,-1.2908092,-0.65344083,-5.904267,-2.4767265,3.335231,-12.60536,0.17116447,3.3050966,-5.9202347,7.9941163,8.707641,3.6659782,6.435543,9.368879,12.346435,-9.358265,-3.246479,-8.801723,11.615082,0.7763949,-6.4623957,2.2710075,-3.241736,-3.2397923
4.830954496,3.28125,2.832998661,207.726934,146.0578528,152.6142173,159.6043131,158.1196861,-28.51942869,10.63090737,-5.187618147,82.81560826,0.0161243722,-0.5849951113,0.1141144039,0.1280305058,1.613476074,0.9325942078,0.9446040138,0.7914597215,0.7510005253,0.8586200264,1.071547038,1.0167944,0.9771167567,0.6889581608,0.9263126492,1.08927506,1.140736874,1.164388515,0.9422286741,0.5755618309,0.9392573355,1.011507793,0.7437811019,0.8469310538,1.16807596,1.052453591,7.008272309,0.609420757,14.55713356,10.31100269,0.1031159436,0.5997530532,0.2749716524,0.8902105489,0.0,0.4365785596,3.521343853,0.0,0.0,0.0,3.477905329,0.0,0.0,0.0,0.0,3.231662787,0.0,0.8810114848,0.5,0.0,0.7862068966,-0.1077857143,4.909112771,29.87654694,10.30076712,4.794537184,14.95193556,6.066367068,25.47729296,0.0,26.68911765,6.544756406,32.38785022,11.21535881,0.0,5.907179729,6.544756406,22.67357176,1.594433579,1.46786545,83.56,0.6216666667,0.3680909864,0.2734158478,0.230632716,0.04260510511,79.0240269,548.0897273,26.85004796,-0.0226778959,0.2765915776,0.7459138122,0.9710542896,0.009947064147,-0.2928309637,-0.8714003241,2.9,6.49,-7.7160635,0.6618564,3.9122763,9.564055,-14.069407,-9.987959,11.637539,2.0502384,14.332137,9.144919,6.881477,18.049883,-1.6851671,-7.5058475,21.759995,38.62627,11.762065,0.12078661,0.49900147,3.4111383,4.4334183,-30.113913,-5.483555,-0.97973645,-14.765746,3.820122,23.284225,14.208375,3.433889,-13.010034,3.897831,1.4445612,-9.567373,-7.4801316,-9.070654,2.9742641,-0.60219765,5.4903183,18.302322,-14.767397,-36.9474,-2.6809561,-3.0484188,-15.039565,-7.779802,6.2814035,-29.842745,-1.9036809,4.7060204,-13.469641,20.03087,21.368464,3.173615,16.78984,21.27284,32.420925,-29.877468,-4.9633474,-20.81017,36.019863,-1.5318716,-18.3168,0.6895588,-5.0140576,-5.1637216
4.806856052,3.601769912,3.170594837,226.2912928,145.4222081,154.087471,155.1947932,154.8610522,48.67181926,17.94262782,1.53686088,86.95484039,0.02603774353,-0.3409797437,-0.04365460744,0.04011026015,1.337855722,1.491527921,1.434230653,0.8210227428,0.6166798263,1.016192426,1.38887047,0.8369343461,0.8028670731,0.5844464949,1.231210402,1.22240011,0.9464406489,0.8752256294,0.8561647716,1.122127159,1.23088211,1.120507816,0.971156243,0.9657574436,1.294153085,1.047550163,3.51758125,1.419941043,14.54957941,10.95880662,0.06520699112,0.3089923432,0.272165527,0.7120666468,0.0,0.4473671679,6.694695804,0.0,0.0,0.0,0.0,0.0,0.0,22.49209755,0.0,0.0,0.0,0.5384777179,0.4707070707,0.07575757576,0.8137254902,-0.08199614006,4.360606248,38.16725191,24.26424042,4.983978521,4.983978521,12.13273414,43.32193961,17.2485355,6.9237372,26.64618123,31.29734967,0.0,0.0,0.0,34.44148716,27.5262362,1.741141729,1.627220854,74.73,1.104166667,0.4270833333,0.3361048123,0.225,0.04716981132,69.06575719,685.3052515,26.76100054,1.582193904,0.4442589421,2.391331663,-0.02747205051,-0.4331586631,-0.344358031,-0.8777798709,3.68,4.92,-5.5079126,0.34209228,12.10774,15.92347,-17.278624,-13.9798765,8.263735,4.666439,6.725201,4.319336,5.6914887,10.930977,-7.5969,-5.911194,23.169012,36.962543,9.634448,-2.6789737,-0.02959174,-4.912716,2.456128,-33.27055,-8.723013,2.0378323,-21.533216,2.8931868,24.023605,11.728434,1.661231,-13.847572,2.3134398,1.725956,-9.009958,-7.2675314,-6.606311,4.523126,2.6832204,6.170329,15.735005,-19.00101,-33.038857,0.41900426,-2.254927,-15.13248,-15.628246,7.2646575,-31.70947,-0.45933264,4.644303,-11.531884,27.120409,29.270924,-6.288547,11.3811035,27.898941,32.667736,-30.853811,-2.858622,-15.081337,32.04756,-4.8649254,-18.336658,-2.4529421,-4.776579,-4.974554
5.019434459,3.770642202,3.154853129,221.4962056,146.3076746,150.8949697,156.5851931,154.7412096,-19.08555908,14.19782707,-13.90991399,78.16580123,0.0137524337,-0.467156569,0.1695513688,-0.05086990277,1.46352584,0.8426671382,0.9667561446,1.082397325,0.7876223031,0.7652067724,0.9960870835,1.162994053,0.9774755063,0.5928972988,1.068031052,1.253096453,1.18615612,1.19450702,1.018085946,0.4530491683,0.6640009904,1.02090947,0.8558432141,1.048303852,1.07307332,1.044631911,7.008275627,1.343828866,14.6923631,10.92740177,0.1284201545,0.5726237653,0.5624291309,0.8129646745,0.0,0.4254435481,1.980074255,0.0,0.0,0.0,0.0,0.0,0.0,0.0,0.0,0.0,0.0,0.4729577139,0.4761904762,0.0,0.7655555556,-0.08159332758,4.865091576,25.97493956,5.733667477,19.44429716,0.0,6.066367068,61.72703435,0.0,26.31013685,0.0,25.65562151,12.96557803,5.907179729,0.0,5.563451492,12.26321064,3.841227455,1.666163573,86.69,1.042222222,0.5251558957,0.3570168808,0.165007716,0.04050925926,79.98058485,515.8134333,22.2651864,1.213218731,0.2357142492,1.269677979,0.3182698552,-0.3146022805,-0.1072945667,-0.5615303473,2.75,3.69,-7.6345515,0.7645435,4.822918,10.72268,-14.613129,-10.998388,11.470909,2.985933,11.688145,8.879634,7.907698,16.272131,-3.183311,-7.3735566,20.23232,40.1758,12.104082,-2.302915,1.5994833,4.720869,3.9668648,-29.41907,-2.7250423,-0.4250322,-15.429302,5.21183,25.166597,12.775769,5.040537,-11.932289,3.1871204,0.89540505,-11.296661,-9.417336,-8.815384,1.9450411,2.716521,5.3245316,19.898445,-15.348499,-37.15333,-1.2247314,-4.1600595,-16.346262,-10.414505,7.182906,-29.368109,-3.9779131,5.946605,-13.714902,21.403555,20.847431,0.21176636,18.006453,20.834175,31.25402,-29.788076,-4.0430813,-18.402569,37.761303,-2.7743688,-17.488003,-2.4403064,-5.089063,-4.263558
4.858972795,3.762376238,3.342034806,240.1464297,148.0204164,152.3036628,155.6241958,156.4009452,10.41319444,9.277777778,-5.5,92.12034184,0.01324773915,-0.4510651777,0.02880026946,-0.07653422851,1.48786674,0.9967124839,1.149548838,1.31073082,0.7863590859,0.8642041337,1.022091289,1.040368285,0.9388392953,0.6778846154,1.038913194,1.136311306,1.090206186,1.177918266,1.109097127,0.5280960101,0.6433708622,0.8815499275,0.9503412415,1.000039433,1.094092438,0.8837187312,6.027276828,1.197963748,14.69649764,10.31321773,0.09208967067,0.5680413817,0.3928227826,0.8818553705,0.0,0.4333802246,1.943960139,0.0,0.0,0.0,0.0,0.0,0.0,0.0,5.603112534,0.0,0.0,0.5828935798,0.4854166667,0.015625,0.7929292929,-0.1087121212,4.84987474,29.8743737,5.316788604,4.983978521,14.18117935,6.066367068,73.23599868,10.75961411,6.9237372,5.316788604,34.47495837,0.0,0.0,0.0,16.36981637,33.4626691,5.248508789,1.505206523,96.72,1.035,0.7074829932,0.3361048123,0.2365740741,0.03458333333,84.02002454,652.2708148,27.84668957,0.9271141027,1.055728534,1.382389201,0.5337153749,-0.02581984072,-0.1867098999,-1.063335899,3.27,3.4,-8.676245,0.74159384,4.9860077,11.444223,-16.260084,-11.882841,13.153482,2.8249943,15.29267,10.200476,8.226826,19.906593,-2.727038,-8.333654,24.256622,44.761505,13.4544115,-0.8473735,0.80749106,4.4092684,4.785405,-34.124146,-5.3570423,-0.87477165,-17.227365,5.031993,27.179413,15.733191,4.4282947,-14.241954,4.358228,1.4837481,-11.507119,-9.436181,-10.245814,2.9994125,0.64963603,6.1212606,21.447475,-17.224257,-42.184322,-2.5561337,-3.9079568,-17.630163,-9.928583,7.4002657,-33.828083,-2.898544,5.6598573,-15.434155,23.37858,24.256035,2.3756185,19.501465,24.10079,36.69883,-34.339592,-5.2374954,-22.876545,41.87226,-2.357102,-20.661545,-0.44719738,-5.645219,-5.527864
4.99633447,3.253968254,2.556712963,201.2122566,145.045857,151.7808163,154.5847109,162.0658088,-111.1868512,18.88696655,-23.07420223,76.56192824,0.01218053691,-0.3888343976,0.1412534912,-0.004723994585,1.3264719,0.8204296587,0.6854834195,0.7241267002,0.9197600469,0.8488242435,1.199751581,1.206264518,1.110483351,0.7604015041,1.154411,1.159934498,1.363162691,1.17816204,1.031773903,0.5303073254,0.7937709652,1.154318841,1.103688799,0.8060504642,1.151053834,1.191458704,6.002808455,1.134637095,14.69232742,10.94631401,0.168850319,0.6498253634,0.7194749337,1.762182231,0.2041241452,0.4276901838,8.98611209,0.0,0.0,0.3906582,0.0,0.0,9.704155719,0.0,0.0,0.0,0.0,0.276479125,0.4820512821,0.01923076923,0.7580246914,-0.05185185185,4.32593447,28.37327328,5.106527395,9.665781456,0.0,45.89405,41.66473186,0.0,46.57843287,0.0,19.87099066,12.96557803,0.0,11.1645023,5.917906046,12.13273414,0.9021649974,1.737281155,50.94,1.341111111,0.6823270975,0.4167375283,0.1625,0.06296296296,78.12176973,529.0184531,18.79291702,1.140070661,0.4978427345,0.5661235179,-0.0108336606,-0.3263043465,-0.1876118722,-0.461662646,3.24,4.64,-4.971264,0.54375637,2.1632736,5.770973,-8.6102705,-6.1100836,7.239786,0.881266,9.030252,5.8872447,4.231129,11.234241,-0.6322186,-5.0060096,13.50033,23.718521,7.53171,0.25133598,0.55376,2.0790422,2.9283237,-18.783888,-3.2137973,-0.6332682,-9.011997,2.0037282,14.601476,8.742974,2.264644,-8.462009,2.0954819,0.8519613,-6.0386496,-4.2614975,-5.7242484,1.9112912,-0.61832386,3.5282984,11.271151,-8.884395,-22.988827,-1.578036,-1.7440306,-9.332531,-4.848958,4.115437,-18.643,-1.222604,3.2892747,-8.360109,12.517468,13.16623,2.1274674,10.447182,13.319722,19.9093,-18.03663,-3.3143864,-12.799641,21.97723,-0.73226017,-11.24888,0.45282388,-3.3289127,-3.3065562
4.831538567,3.534883721,3.231481481,220.6938086,146.886971,154.1874405,158.820935,157.6428196,-4.919191919,11.1875,-3.25,80.06494255,0.02349506882,-0.697601261,0.1766664096,-0.01186381491,1.74623453,0.8905222151,0.8155949831,1.188532639,0.8120567364,0.8322481353,0.9937862515,0.9593656689,0.9773136516,0.6447821682,1.028571429,1.059943978,1.058319957,1.112836439,0.9772727273,0.5661607861,0.8953986586,1.013928287,0.7422613401,0.8695995857,1.204687771,1.116244042,7.008273656,0.6094207635,14.55718452,10.31100271,0.165874393,0.5997530532,0.2749716524,0.8298151429,0.0,0.4378453864,3.724182381,0.0,0.0,0.0,3.329674745,0.0,0.0,4.905007699,0.0,3.143638028,0.0,0.6438033825,0.4938271605,0.0,0.8126436782,-0.131308642,4.998871107,29.89947947,15.03763008,0.0,19.74647275,6.066367068,25.98020854,0.0,20.39223081,6.606881965,32.63603612,11.28161936,6.093240071,6.544756406,12.43128646,29.59730896,-0.4646550203,1.392308413,92.79,0.6216666667,0.4930909864,0.2849899219,0.2253240741,0.04148391813,79.05597908,537.3049445,30.70739642,0.5690124001,0.2116201703,0.6616526061,0.956716263,0.3507143007,-0.4924710624,-0.8396554321,3.14,5.64,-8.393577,1.0049711,6.539908,12.8646345,-16.673641,-12.677486,12.195468,3.1094933,13.18724,9.219962,8.090887,17.853745,-3.8135443,-8.41582,23.97978,43.83651,13.208098,-1.6992977,1.5154421,2.7464278,4.396422,-34.303345,-5.2721906,-0.08610004,-18.432066,4.2720337,27.553953,14.54197,4.37052,-14.745368,3.4534523,1.1758386,-11.785513,-9.003141,-9.631135,3.2617316,1.8020107,6.3889,20.756536,-17.791634,-40.7533,-1.4442577,-3.7627609,-17.634888,-12.004922,8.02028,-34.13585,-2.8653412,6.2155066,-14.996758,24.94978,25.386845,0.030554295,18.535967,25.323792,35.952366,-33.321857,-4.826255,-20.6074,40.27171,-2.9616795,-20.064734,-1.5196145,-5.861781,-5.3536777
4.81993505,3.201612903,2.681423611,193.9435437,145.8352209,152.4505509,156.259157,158.5939618,-2.647928994,8.948224852,-2.934171598,84.70278826,0.00952783564,-0.1752454657,-0.003381298756,0.09896383187,1.194198336,1.421967316,1.218952983,0.7458488837,0.9495132935,0.9970181298,1.053242671,0.8863636364,1.055216285,0.6657997734,1.156476033,1.036358018,0.9478490747,0.9125647244,1.147224225,0.9046706989,1.051612903,1.111224626,1.034611173,0.9213923579,1.169844584,1.02639113,3.059396814,1.338814635,14.69086157,10.94553751,0.1044570171,0.5068735754,0.2749716524,0.6998016078,0.0,0.4353123024,0.0,0.0,0.0,0.0,2.981252568,0.0,0.0,0.0,0.0,0.0,0.0,0.8506584198,0.4827586207,0.0,0.7533333333,-0.05316455696,4.728721929,28.34958738,0.0,19.96654858,0.0,30.33183534,61.32352731,0.0,19.38639965,13.08951281,38.1547432,6.544756406,0.0,0.0,0.0,6.196843572,8.210666161,1.737700118,57.7,0.7158333333,0.344635771,0.1703278534,0.08031635802,0.02893518519,79.92636377,631.9890688,25.36019601,1.664326377,0.5754739429,1.061745154,0.1317249877,-0.400180675,-0.07473782537,-0.6997649482,2.96,5.12,-7.481167,-1.4729135,1.2725114,4.2561445,-9.468326,-5.2288237,9.067995,0.8656745,15.052843,8.140927,3.6821856,16.901836,1.1098427,-5.97054,19.509144,24.97029,8.474294,6.1037116,-0.8427861,-0.35187468,4.1491923,-22.86896,-10.101889,-1.458703,-9.602839,-0.6936217,12.777308,13.378348,-1.8307257,-10.593108,4.1355495,3.5024595,-3.064333,-1.6911299,-6.9942536,3.707027,-7.892418,4.863671,10.2028475,-9.2603245,-27.277996,-5.606772,-0.69971275,-9.201216,-1.9579648,2.7947943,-23.375427,1.8813235,-0.24809939,-8.490304,12.65111,17.44719,6.9287977,9.242138,17.389679,26.008999,-23.23185,-4.9701843,-20.600729,22.964941,0.5251676,-14.668335,8.131526,-3.3243916,-5.5704136
4.849338157,3.539130435,2.945876289,218.6270054,148.4885439,154.9564336,156.9784062,159.0290171,-57.0,15.91975309,-8.617283951,91.83830858,0.01425990228,-0.5050139881,0.1784708279,-0.04974781285,1.614537504,1.128814769,1.052344809,1.343630671,1.190447616,0.8954753723,0.8079508318,1.12381754,1.105868002,0.6122877647,1.256278967,0.9079949239,0.8716751269,1.044114092,1.101221716,0.7451102731,0.8953808705,0.8713979047,1.016243293,0.975682946,1.273040708,1.01376344,3.057290481,1.414050045,14.63947554,10.9463292,0.09341563398,0.5652352563,0.5072794607,0.9314175464,0.0,0.430872001,6.234086082,0.0,7.450218549,0.0,3.488592687,4.230493368,0.0,0.0,0.0,0.0,0.0,0.8406476757,0.4774193548,0.01612903226,0.7606060606,-0.06522875817,4.671011113,30.15823057,10.30076712,4.983978521,14.98529578,24.27512131,56.17323589,0.0,27.315968,5.316788604,26.29938345,6.544756406,0.0,0.0,6.544756406,11.34744789,8.247745434,1.60734723,83.3,0.7780555556,0.5538548753,0.3699058327,0.284691358,0.04166666667,82.9374568,626.9885099,28.68588588,1.168915645,1.031918563,1.307268539,0.533784022,-0.2319154741,-0.07327407429,-0.7873009664,0.0,3.76,-7.7535105,1.5373387,3.825811,9.961267,-13.875876,-10.096222,11.338563,1.6846555,12.259582,9.257093,7.5762587,16.343346,-1.6156049,-8.140616,19.997557,38.728626,12.209416,-1.5517716,1.8322363,4.642413,4.3428483,-29.169895,-2.3821576,-0.7421274,-14.435522,4.0646396,24.710773,12.443144,5.387717,-12.921258,2.4547648,0.73231006,-11.327002,-8.051832,-8.792281,2.4144537,1.783101,5.4673586,19.012154,-14.235494,-36.669907,-0.9166935,-3.6443217,-15.852366,-9.590932,7.5402246,-29.049845,-3.5293074,6.841667,-13.883365,20.65005,20.083828,1.4220831,17.820988,20.574331,30.225534,-27.69512,-4.62183,-18.102844,36.030846,-1.8791268,-16.857409,-1.8074744,-5.6760077,-4.7422585
4.850608614,3.737704918,2.824874257,239.2637865,143.6897022,149.1416994,155.9696275,157.4876994,-43.83972565,5.32,0.8488888889,52.02011626,0.01259379638,-0.3910746654,-0.06778771907,-0.2727308461,1.312315027,1.014374941,1.378171601,1.225572989,0.76540253,0.7842672618,1.372817274,1.414314419,1.429900565,0.6997198007,0.9036043117,1.355650685,1.117294521,1.274107787,0.9760273973,0.6945152796,1.628592129,1.043814774,0.8815464797,0.9937505449,0.9996820239,0.9384347689,7.008813497,0.6049127757,14.69444878,10.31198323,0.1626211288,0.6939295108,0.3305272079,0.8676929292,0.0,0.4242761519,0.0,0.0,0.8197803288,0.5696147554,0.0,0.0,0.0,0.0,0.0,1.571847399,0.0,0.5050670824,0.504047619,0.025,0.845952381,-0.1391952102,4.306890596,28.47076648,0.0,4.794537184,4.983978521,35.07045991,24.97437738,6.286160523,18.75954929,0.0,20.88421875,0.0,0.0,0.0,22.32839535,27.98491791,3.202978204,1.460883267,47.26,0.6288888889,0.3359552154,0.0625,0.04063271605,0.05421146953,74.67254665,429.194703,19.37357916,0.2676889898,0.5015735525,0.5020813714,0.5091494796,-0.2597468645,-0.2469768879,-0.2043286158,2.73,4.3,-4.921796,0.3409718,1.719961,5.0533423,-8.004204,-5.5385666,6.9700894,0.5408593,9.390555,5.7554836,3.7073712,11.217515,-0.12514812,-4.875021,13.290782,21.934671,7.1545615,1.100376,0.3237012,1.4664568,2.9454634,-18.028008,-3.921226,-0.7821991,-8.330165,1.3289511,13.274073,8.726707,1.5706587,-8.34523,2.1596138,1.1466309,-5.20355,-3.3101144,-5.5780687,2.108058,-1.7475424,3.4729044,10.146571,-8.162103,-21.813717,-2.0678775,-1.3433423,-8.440168,-3.9015982,3.6540987,-17.876753,-0.6076702,2.7476614,-7.732417,11.567309,12.716441,2.8577416,9.457782,12.890204,19.152124,-17.121891,-3.412444,-12.926441,20.197023,-0.29049155,-10.89533,1.5044034,-3.1231441,-3.4391925
4.938419101,3.715789474,2.79375,225.9332354,144.9489288,152.0041044,154.026755,153.8242828,-64.0,14.47214711,-11.78366685,70.46088527,0.00922302494,-0.1611694183,0.09766001641,-0.02036319964,1.267859783,1.545284574,0.8664987318,0.8969571366,0.7994835164,0.9152960526,1.015531742,1.172902961,1.06995614,0.5489361702,1.158204334,1.040448757,1.022088836,1.280514706,1.037058824,0.7873115191,1.300056416,0.9352391253,0.9374703434,1.007912959,1.167715249,0.9890281718,3.04035729,1.397244298,14.69234521,10.93256969,0.08104822821,0.7368901919,0.446626588,0.8076271013,0.0,0.4208106875,4.090610258,0.0,4.31662037,0.0,0.0,0.0,0.0,0.0,0.0,0.0,0.0,0.9291283489,0.484,0.0,0.764,-0.04735643815,4.600456034,25.31690106,4.567099648,9.665781456,0.0,18.20875424,48.89504414,0.0,13.46849361,0.0,19.33156291,13.59242839,0.0,0.0,0.0,0.0,6.413636306,1.762312788,35.64,0.6916666667,0.4036635488,0.2537399219,0.120632716,0.05301490515,77.66568191,554.8099394,22.7204304,1.030475707,0.6061608911,1.178498005,0.6703998353,0.07330837888,-0.178717411,-0.7715673488,3.28,3.66,-5.253807,0.50632477,0.1603671,2.964455,-5.7603235,-3.0734167,6.120531,-0.7978537,9.027148,5.749399,2.666291,10.117862,1.9377304,-5.083203,11.595423,16.054565,6.2121315,3.1954389,0.60319024,0.49830273,3.1558645,-14.839478,-4.0723376,-0.97438586,-5.72581,-0.9638708,9.855112,7.643428,0.57991064,-8.271083,1.051785,1.5035985,-3.4566777,-0.28164607,-4.655285,2.6312263,-3.9988487,3.4040706,7.006397,-5.286997,-17.818743,-2.301359,-0.6360503,-6.4524097,-2.2425985,3.1593695,-14.884216,0.49883503,2.509699,-6.364988,8.911504,10.530153,4.3535724,7.08389,10.983936,15.283631,-12.412609,-3.5895064,-11.321545,14.128614,0.759565,-8.179958,3.4086192,-3.1153069,-3.669795
4.910266443,3.676767677,3.130081301,226.9352718,146.9618643,153.002926,157.5202936,158.7915527,-35.03591682,12.23251418,-6.151228733,79.87373107,0.01314508033,-0.462561352,0.1753104549,-0.06814366081,1.530857124,1.056911043,1.093858898,0.9360240755,0.9534926001,0.8478644385,1.019410314,1.061694881,0.9926679542,0.61453125,1.094460227,0.9503060567,1.052041331,1.146248283,1.014867666,0.7247474168,1.205538528,0.8117978139,0.9439580169,0.9096952006,1.192742332,0.845972182,3.048132821,1.428244122,14.69268651,10.94458094,0.1057986651,0.5225714123,0.3836825234,0.7674857619,0.0,0.4271823885,3.904079596,0.0,0.0,0.0,0.0,4.787256393,0.0,0.0,0.0,0.0,0.0,0.7606616043,0.4785714286,0.01785714286,0.7689655172,-0.06513157895,4.447824055,30.84234955,5.316788604,4.681802935,15.29317186,24.26546827,43.32193961,5.835619786,6.9237372,5.316788604,20.60008305,7.047671983,0.0,0.0,5.835619786,0.0,2.618415619,1.651509591,69.2,0.8577777778,0.4279691043,0.3061303225,0.213132716,0.04302536232,77.73864211,582.2289636,30.51812159,1.002834733,0.2811891045,1.616252822,0.312979311,-0.1868124156,0.02281449207,-0.7852770218,3.01,3.34,-6.8909693,2.3004398,2.7161741,8.433825,-11.579433,-8.131642,9.574073,0.4724498,9.933971,8.180345,6.503248,13.362221,-0.2375993,-7.828222,16.490593,32.463932,10.796032,-1.4692688,2.3909001,4.1649027,4.180507,-24.688679,-0.64180845,-0.6921647,-11.772551,2.597598,21.634123,9.863565,5.558178,-12.135848,0.90558594,0.14803201,-10.643498,-5.8741293,-7.2745433,2.5012462,1.9454017,4.948624,15.837541,-11.420976,-31.178085,0.26578102,-3.1191392,-13.762073,-8.68766,7.370909,-24.636126,-3.2463024,7.5528846,-12.427051,17.798124,16.535519,1.3652399,15.637095,17.400066,24.481136,-21.305534,-4.16109,-14.078213,29.665197,-1.1587827,-13.513907,-2.1388915,-5.715321,-4.330352
4.831087004,3.060344828,2.887786596,186.7914984,146.9424867,155.0014178,161.1625392,160.6984583,8.972153,12.42150231,-3.840156639,84.34395807,0.02260006806,-0.5508059373,0.09821073785,-0.01934657807,1.598578088,1.077782102,1.031678254,0.9912273102,0.8223066757,0.8285326585,1.068294492,0.9361946339,0.8946620505,0.683531746,0.9674438349,1.134041306,1.09321087,1.060022494,0.9796069943,0.6517786151,1.007413158,1.040843976,0.8144596116,0.8820570652,1.305603786,0.9841060615,7.008271675,0.6101352802,14.55668423,10.31169788,0.08542338265,0.5997530532,0.2749716524,0.7368419724,0.0,0.4417300497,4.019216738,0.0,0.0,0.0,3.441384322,0.0,0.0,10.94653182,0.0,1.574411112,0.0,0.729180143,0.4804597701,0.0,0.8086021505,-0.1070546737,5.00594569,28.33507142,19.77449303,4.794537184,9.967957042,6.9237372,37.96448165,11.49902367,39.53076089,13.33769871,34.196814,11.21535881,0.0,12.70012204,12.84164325,11.33678588,2.86764727,1.501730749,89.13,0.7327777778,0.4089073129,0.3409312799,0.210632716,0.04253472222,81.2565263,592.7551611,28.75229065,0.7977313507,1.0348764,0.603421699,0.5578884046,-0.2055198374,-0.2271864576,-0.5658566481,0.0,6.04,-7.7542667,0.41269046,8.793188,14.286199,-17.270662,-13.697668,11.218521,4.089548,11.709762,7.771991,7.494118,16.310097,-5.6065035,-7.53764,24.55569,42.704975,12.373737,-1.744611,1.0260478,-0.041940868,3.706904,-34.942986,-7.3419223,0.76308525,-20.177572,3.8617392,26.782068,14.332856,2.9044154,-14.597144,3.645492,1.5683842,-10.687674,-8.694846,-9.028027,3.6442747,1.854725,6.4710073,19.541677,-18.879967,-39.103928,-1.4545965,-3.3190267,-17.062885,-13.330343,7.5806146,-34.429905,-2.023476,4.996791,-13.85859,26.379461,27.597637,-2.1368387,16.336197,27.004267,36.374535,-34.14054,-4.3710537,-19.868385,38.6062,-3.75208,-20.393744,-1.324046,-5.2924304,-5.2136064
4.849405459,3.75,5.998792271,222.7586717,151.5781896,161.4949685,160.0685171,161.7134876,58.87573964,5.571005917,-1.550295858,151.187153,0.02563496816,-0.6570422121,0.5883171457,-0.1636895066,1.885203501,0.8676610405,0.9976423374,1.09708339,0.8050927044,0.620636011,0.9567766419,1.143613383,0.7482076474,0.9220211222,1.039315275,1.122460497,0.9125695094,0.9518465011,0.9621089971,0.247714679,1.165208121,0.9875192016,0.9407001936,1.060545869,1.064998774,1.038081449,8.007392646,1.240140882,17.430709,10.96020192,0.189097092,0.5805272079,0.3583049857,0.8354847831,0.01102166785,0.4303759959,1.889937692,0.0,6.972474923,0.0,3.259192767,4.156805106,0.0,4.116513985,0.0,0.0,0.0,-0.3203818063,0.4556022409,0.02941176471,0.8697089947,-0.1483123462,4.839016881,35.54195691,15.03763008,4.983978521,14.98529578,24.27512131,37.26522558,5.749511833,19.83085246,5.316788604,32.66174231,6.544756406,6.362358859,17.98165451,29.07196409,11.07527959,2.872751156,1.428431027,92.53,1.076666667,0.6788548753,0.4061712648,0.3187654321,0.04125816993,86.3434169,642.4253852,35.66923115,1.778319235,1.063741288,2.017839804,1.092715423,0.2437249052,0.009822045629,-1.18554222,0.0,3.31,-8.579986,1.6239432,6.138346,12.83096,-16.65269,-12.417822,12.354224,2.4724524,13.493284,9.585104,8.07973,18.08222,-3.0195847,-9.04473,24.105162,43.963566,13.552962,-1.5806814,1.8821765,2.974735,4.724541,-34.660378,-4.7565584,-0.32507995,-18.169174,3.7052913,27.971966,14.396794,4.9194045,-15.604798,2.9924815,1.0069959,-12.36693,-8.405658,-9.699154,3.5974858,1.7000313,6.6263075,20.69356,-17.513802,-41.271744,-1.0469092,-3.7273588,-17.818193,-11.984847,8.4992895,-34.579445,-2.781121,7.104107,-15.608216,24.984072,25.250538,0.6544962,19.051733,25.509317,35.84539,-32.465828,-5.0822277,-20.45708,40.15798,-2.5467606,-19.886753,-1.5010304,-6.434297,-5.7353725
4.986436443,3.369369369,2.518518519,208.3081137,145.60484,153.4449662,154.1595662,161.8925309,-74.60113422,17.18903592,-5.780718336,72.60658374,0.007248248358,-0.1438069726,0.2076701313,-0.1210053253,1.176742693,1.30998806,1.130361473,0.9151172879,0.9060278452,0.9212218197,1.218046396,1.205715841,1.007565148,0.7503282814,1.193663503,1.177015119,1.406492117,1.115469169,0.7160771426,0.7041778331,1.264058289,1.150320786,1.135747857,0.7972212673,1.235107535,1.086824107,3.045311096,1.13463711,14.6923426,10.96352058,0.08667826669,0.6685541027,0.7194749337,1.725458984,0.2041241452,0.424857914,8.948709871,0.0,0.0,0.436781935,0.0,0.0,0.0,0.0,0.0,0.0,0.0,0.9386281179,0.4833333333,0.0,0.7666666667,-0.05454545455,4.460652108,26.09929743,0.0,14.64975998,0.0,26.83757867,42.16764743,0.0,40.15761125,0.0,19.74844179,6.544756406,0.0,5.414990469,5.917906046,0.0,3.689694822,1.711255484,43.6,1.1675,0.4756944444,0.2582514487,0.046875,0.06758130081,75.78190785,519.8803762,17.66740671,0.8665368331,0.5001211693,0.7582811471,0.1396429067,-0.1889116251,-0.1024650665,-0.4255905211,2.8,4.18,-4.631304,0.196513,1.4623476,4.505854,-7.317152,-5.0364175,6.4841003,0.47948104,8.881038,5.3836155,3.3795242,10.507438,-0.023584992,-4.497701,12.381111,20.131954,6.607725,1.2554274,0.22868359,1.2791678,2.7413642,-16.644144,-3.829719,-0.73068994,-7.6235,1.1831863,12.106302,8.212647,1.273669,-7.711245,2.065949,1.145651,-4.606702,-2.964753,-5.1920133,1.9647654,-1.9100603,3.214215,9.31965,-7.468032,-20.150902,-2.0873137,-1.1802452,-7.7134237,-3.4008408,3.2700832,-16.500652,-0.47413403,2.3762627,-7.0421305,10.58383,11.775191,2.819528,8.621321,11.927726,17.771856,-15.904845,-3.2288666,-12.173356,18.549921,-0.20410624,-10.12726,1.6525497,-2.8170323,-3.1946416
4.849338157,3.585585586,2.81991553,230.8402592,145.9770422,152.953981,152.7827526,154.3128004,-49.29033662,15.71306515,-11.82093272,92.45590102,0.01190044546,-0.5428470777,0.1183527433,0.1551323848,1.630287458,1.008284625,1.010680684,1.378936789,1.077118596,0.9422029741,0.8279600872,0.9950776967,1.106495663,0.6072101984,1.24724257,0.8479168153,0.9127065254,1.095567238,1.174728467,0.8251203022,1.209788066,0.7382488073,1.002817786,0.99613766,1.160368181,0.8505227006,3.057287729,0.6049842514,14.63943836,10.31162819,0.1023880699,0.5652352563,0.5072794607,1.109777642,0.0,0.430872001,6.299471727,0.0,7.582958613,0.0,0.0,4.244144713,0.0,0.0,0.0,1.63001559,0.0,0.8654845889,0.4913978495,0.01612903226,0.7708333333,-0.06632421983,4.623593568,31.40358503,5.316788604,4.983978521,14.98529578,41.67827426,55.67032032,5.13155848,27.315968,5.316788604,21.31540493,6.544756406,0.0,0.0,0.0,22.68423376,8.399409502,1.606978399,67.51,0.7780555556,0.5538548753,0.3699058327,0.284691358,0.04166666667,82.9374568,644.5066746,26.28547732,-0.1580163283,0.869459529,1.161492086,0.5910665981,-0.2084220979,-0.1065195343,-0.4893930086,0.0,4.87,-6.54341,1.5919302,2.7024252,7.9378653,-11.174304,-7.9780126,9.358129,0.84854096,10.168347,7.8616605,6.1928844,13.4052515,-0.6556637,-7.130859,16.27014,31.403605,10.242347,-1.0579884,1.7606143,3.8916345,3.7985547,-23.897615,-1.5053537,-0.6793866,-11.482442,2.939324,20.418493,10.053409,4.7478757,-11.122222,1.5562432,0.46796846,-9.491899,-6.114615,-7.251351,2.1244075,1.2640271,4.5738225,15.453519,-11.254405,-30.10424,-0.5204998,-2.864652,-13.020874,-7.76456,6.481618,-23.786278,-2.9499545,6.198348,-11.547355,16.88118,16.21362,1.5058106,14.7590685,16.825861,24.33807,-21.82442,-4.056996,-14.588996,29.051985,-1.2286367,-13.540355,-1.487206,-4.9766135,-4.0635104
4.859263724,3.865384615,6.175093633,240.1371359,150.9427908,160.4482422,157.2124529,157.902168,24.82468281,4.019992311,-3.303344867,156.4491924,0.02251122592,-0.6489870991,0.60415437,-0.1026807519,1.883170904,0.7181281266,1.114809051,1.011510222,0.7567578454,0.646802554,1.085654069,1.026310319,0.8373943387,0.9550071824,0.996266713,1.06973771,1.019328442,1.060015922,0.9860170554,0.2384997173,0.7575702239,0.886068191,0.9153788709,0.9664932023,0.9801324676,0.7840248765,8.00739318,1.197957711,17.43070964,10.3132174,0.2109235208,0.5680413817,0.3928227826,0.9810426578,0.01102166785,0.4294393512,1.879582156,0.0,0.0,0.0,0.0,0.0,0.0,3.981229457,5.49681444,0.0,0.0,-0.3632277728,0.4663945578,0.02857142857,0.8882275132,-0.1717326475,4.848129263,36.1090115,10.05365156,4.983978521,14.18117935,12.13273414,61.10326455,10.75961411,13.28609606,5.316788604,40.83731723,0.0,6.362358859,10.86194872,22.72241949,22.97545211,0.1771362662,1.385174003,82.16,1.271111111,0.7387329932,0.4469875913,0.324691358,0.04677672956,87.52055955,683.5332753,35.29887123,1.785412797,1.191201517,1.587005082,1.028242779,0.2543604278,-0.07447487724,-1.543130765,3.79,3.97,-8.111932,0.37574515,4.9414535,10.284533,-14.979276,-10.326282,11.898758,1.9448383,16.078398,8.9274845,5.9171853,19.263792,-1.5971155,-7.835558,24.919329,38.619465,11.62756,2.2967052,-0.26423532,0.25581717,4.662816,-33.01867,-9.479362,-1.089595,-16.325836,1.7572055,22.57299,15.966258,1.3265002,-15.18996,4.5271997,2.5118222,-8.341136,-5.26921,-9.232812,4.7123647,-3.5149229,6.419228,16.58878,-15.798813,-37.81597,-3.765395,-2.1667464,-14.463267,-7.437909,5.8448553,-32.58227,0.55510366,3.4636745,-13.524141,21.31211,25.016527,4.3052344,15.194833,24.620285,35.40192,-31.550526,-5.5375204,-23.204609,34.956024,-0.9251919,-20.016153,3.884768,-5.1222773,-6.5970645
5.054783424,3.918918919,2.862865497,226.9592904,145.4836216,154.2053858,155.8669565,152.7340905,-43.0,19.87004998,-9.808150711,80.23089599,0.01738286914,-0.2158740108,0.02802819128,-0.06898125265,1.176135065,1.372737458,1.098791869,0.8580738001,0.8958847536,0.9057230455,1.112929932,1.130556975,0.9995736027,0.4947339246,1.148648649,1.392158253,1.212369947,1.20707638,0.9087631839,0.9801712653,1.413898706,1.062000441,0.8354870473,1.076019905,1.23242244,1.033807726,3.514920505,1.343178184,14.69234972,10.92926158,0.0610145464,0.5601379391,0.4286375592,0.7880039393,0.0,0.4300061559,5.33047856,0.0,0.0,0.0,0.0,0.0,0.0,11.15906491,0.0,0.0,0.0,0.7220456565,0.4747126437,0.03448275862,0.808045977,-0.07983122363,4.774887352,28.54971258,9.473725908,14.64975998,0.0,6.066367068,37.96448165,0.0,26.31013685,14.21959508,33.96803687,12.96557803,0.0,0.0,0.0,14.21959508,3.934800251,1.66536466,62.06,1.219166667,0.5121882086,0.3597962333,0.183132716,0.04915577342,81.14696874,567.3712707,15.35324435,1.408401666,0.136331377,1.74016382,0.3098855762,-0.3065054347,-0.1840050755,-0.8567569509,3.49,4.59,-5.156677,-1.5251727,6.9974384,9.438428,-12.32926,-9.854833,7.7007484,3.6202762,9.86976,4.7464757,4.1386833,12.614492,-4.7475543,-4.117565,19.521221,29.029392,7.829256,1.0487796,-1.5560552,-2.3483887,2.5265782,-25.281588,-9.553884,0.13202932,-14.838365,2.3335824,16.402166,11.944289,-1.1455011,-9.5232525,4.4483867,2.6293957,-4.9717503,-5.724295,-6.6162114,3.2340646,-2.086391,4.716882,11.943587,-13.959302,-27.208508,-3.3170006,-1.2802033,-10.828729,-7.716585,3.560101,-24.65329,0.8121366,0.1584799,-8.243326,18.145153,21.77266,-0.78266287,8.6871,20.430471,27.72377,-27.130917,-3.032298,-17.323973,26.397978,-2.6099763,-16.075157,2.5469363,-2.3726368,-4.2030315
4.83081718,3.340909091,2.941598525,201.9263748,147.9372851,154.166357,159.4982643,159.107875,-38.75686571,11.3877551,-9.163265306,70.33150729,0.02485824717,-0.5132570142,0.04828160621,-0.03261636887,1.558863878,1.107514675,0.8139132246,0.8585227914,0.6669878503,0.86815802,1.055174007,1.119779272,1.012537502,0.6118217054,0.967032241,1.226915185,1.316790417,1.317818446,1.031160178,0.9341221214,1.064155918,1.060478974,0.8122989395,0.8562664564,1.188651315,1.063627543,4.004860439,0.610137334,14.5566356,10.31169969,0.1002401502,0.5997530532,0.2749716524,0.6646731887,0.0,0.4348709163,1.988328908,0.0,0.0,0.0,3.435435563,0.0,0.0,10.88954096,0.0,1.599854419,0.0,0.7563680766,0.4833333333,0.0,0.7814814815,-0.1045454545,4.832560875,27.04056386,20.19137191,0.0,9.967957042,0.0,38.08841643,11.49902367,19.76538045,13.33769871,28.28963427,6.420821623,0.0,6.792942306,6.544756406,11.33678588,1.711149114,1.488637844,86.05,0.6216666667,0.3272746599,0.2109158478,0.150632716,0.0426879085,75.61185783,483.9465666,24.71660672,0.6356449582,0.8851981581,0.2445683936,0.5824478789,0.1196102832,-0.3500381714,-0.6403483629,2.9,4.89,-7.3226333,0.4123265,8.677279,14.020961,-16.660454,-13.545715,10.541847,4.2347918,9.690592,7.446541,7.7081013,14.423143,-5.962159,-7.249019,22.307297,41.090435,12.041642,-2.9696622,1.7022538,0.6930021,3.397014,-32.5823,-5.199058,1.1041431,-19.37625,4.3792152,26.426588,12.646789,3.7263076,-13.25369,2.867952,1.1459932,-11.031893,-9.24488,-8.483563,2.7960176,3.4712114,5.995096,19.561335,-18.049803,-37.187122,-0.56665576,-3.645153,-16.908867,-14.132758,7.8507395,-32.395515,-3.2862,5.6292343,-13.188536,25.842457,25.803892,-3.708396,16.13572,25.337177,33.57978,-32.113457,-3.6973486,-17.374338,37.426914,-4.204848,-18.754395,-3.1767235,-5.237048,-4.432716
4.858916337,3.737373737,3.529132791,234.6695175,149.0744103,153.8576693,158.5566781,157.7870569,18.04426337,8.349932096,-5.570846537,109.7514757,0.01366148945,-0.4631945484,0.04465926041,-0.02817323477,1.498422711,0.9765928376,1.012810668,1.170653136,0.7636760116,0.8456523174,0.9141964017,0.980640746,0.8776285457,0.7086356088,1.022153181,1.122729478,1.087558816,1.160946258,1.092243685,0.5973396208,0.7215339102,0.872505844,0.9240203101,0.9718848122,1.028423925,0.8364274513,8.001919365,1.197963927,17.42477364,10.31321824,0.09316242322,0.5680413817,0.3928227826,0.861516116,0.0,0.430390951,1.933676692,0.0,0.0,0.0,0.0,0.0,0.0,0.0,5.545981618,0.0,0.0,-0.3106249387,0.4812596006,0.03225806452,0.8181547619,-0.1173073674,4.803860926,29.83951586,5.316788604,4.983978521,18.5715944,6.066367068,73.23599868,10.75961411,6.9237372,5.316788604,34.47495837,0.0,0.0,5.817220841,16.49375115,21.32993497,5.199651895,1.487895022,72.93,0.9725,0.6762329932,0.3361048123,0.2365740741,0.03602430556,82.90953549,579.5963925,28.09645136,1.232595694,1.133023445,1.567388682,0.4362027534,0.07194431309,-0.1085975662,-1.074154639,3.41,3.78,-7.3551183,0.22594744,2.8376894,7.7512026,-12.386571,-8.288015,10.735325,1.3173318,14.87828,8.54544,5.399667,17.608112,-0.45309162,-6.963322,20.9535,33.547394,10.457122,2.1998105,-0.16540626,1.7687576,4.334856,-27.698954,-7.2348943,-1.2843462,-12.907276,2.123021,19.471624,13.971442,1.6232718,-12.58802,4.0433273,2.070971,-7.2677126,-4.9636264,-8.33438,3.5327456,-3.282247,5.2749467,15.129525,-12.855806,-33.26119,-3.6959972,-2.0608132,-12.610667,-5.271333,4.931965,-27.441626,-0.21673709,3.2404797,-11.824215,17.22015,20.034462,4.952401,14.052499,19.834133,30.10637,-27.056576,-5.0670915,-20.681,30.973894,-0.41380864,-17.118322,3.3184915,-4.3958097,-5.430298
5.010764346,3.408759124,2.737798546,192.0317851,144.8037892,152.1281585,159.4494881,156.2600774,-19.82247934,11.66942149,-4.156033058,85.82997691,0.01406520877,-0.2202924921,-0.03283529759,-0.0833328188,1.17760212,1.392218062,1.046649718,0.8428255809,0.7886852496,0.9325041547,1.056256401,1.028480614,0.9948736702,0.6357526882,1.087826701,1.298709677,1.272791024,1.013824885,0.9650174368,1.061417384,1.061343491,1.070090324,0.8150903269,0.9296237912,1.197830853,1.115745569,3.51166118,1.243178376,14.69235114,10.92966688,0.05610841425,0.6934145772,0.3957624643,0.7274988432,0.0,0.426814055,0.0,0.0,0.0,0.1933021637,0.0,0.0,0.0,11.79653889,0.0,0.0,0.0,0.8476387839,0.476344086,0.01612903226,0.8010752688,-0.07572318259,4.778427723,29.99511672,9.473725908,14.64975998,0.0,6.066367068,67.64494039,0.0,38.33200929,13.21376393,39.0661721,17.70244098,0.0,6.103966388,6.606881965,0.0,8.222153894,1.713210657,62.06,0.8719444444,0.4618055556,0.2060893802,0.121882716,0.03273809524,84.26404556,639.2961416,30.39169732,2.417834987,0.5712610439,1.734753448,0.1239386049,-0.1891077544,-0.2895709055,-0.4190460542,3.41,4.65,-6.561963,-0.75841236,6.07795,8.87729,-12.580856,-8.875692,8.987876,1.9164292,12.267154,6.027778,3.745851,14.394992,-2.2681792,-5.986113,21.909193,28.978628,8.929002,3.9138029,-1.1986216,-3.8094652,3.3676748,-28.092112,-11.430366,-0.6085375,-14.5048685,-0.3763499,16.76623,13.763433,-1.7283453,-12.843003,3.7152848,3.387336,-4.7122526,-2.6844482,-6.962539,4.959424,-5.2859006,6.003118,10.795471,-13.291636,-29.15069,-3.987756,-1.0926553,-10.935197,-7.110464,4.1548223,-27.407667,2.563553,0.83784926,-9.262506,18.933104,23.715448,1.9404712,8.7772455,23.022972,29.46444,-26.524462,-4.3086295,-19.248007,25.249994,-1.2430509,-16.567152,5.843024,-3.763175,-6.307626
4.837340183,4.015625,4.194495885,245.0759376,146.4265994,152.1066583,154.9726588,155.0153376,5.958477509,8.123702422,-1.112456747,58.20894115,0.04216799896,-0.5635375359,0.1871728459,-0.1888585747,1.526176318,1.017704643,0.8345977135,1.304429863,0.9245082146,0.8174569149,0.8307879349,1.157585228,1.081186698,0.660966118,1.053727708,1.162930596,1.183342566,1.195295521,0.992522174,0.4956593986,1.021459911,0.9881739524,0.8637431664,0.920359093,1.144262537,1.066561209,7.008293415,0.610138462,14.55646803,10.31170041,0.1413325737,0.587267227,0.441638319,0.6871614931,0.0,0.4274689823,1.879969717,0.0,0.0,0.0,2.856083711,0.0,9.221046443,10.67718928,0.0,1.419486515,0.0,-0.124518613,0.4724637681,0.0,0.8493333333,-0.1660894661,4.631292988,29.11802345,19.56423182,0.0,14.76249423,0.0,25.12283841,11.49902367,6.9237372,6.792942306,32.82071055,0.0,5.969305288,12.6173468,27.89450335,12.13273414,0.0,1.385353225,97.33,0.7638888889,0.4462159864,0.1993024061,0.105007716,0.0426879085,74.63861492,332.8920071,23.18977142,0.6998647196,0.5033686374,0.996805863,0.6793387018,0.1226303153,-0.5511171039,-0.6308522726,2.16,3.93,-8.040715,-0.0761078,9.786987,15.490941,-18.699945,-15.071817,11.948068,5.302209,11.306491,8.102466,8.547327,16.710918,-7.107859,-7.450645,25.163029,46.16941,13.10793,-3.0927024,1.3104467,0.936376,3.6785014,-36.189507,-6.636946,1.0377877,-21.632252,5.4087358,28.89503,14.739175,3.5551705,-14.042786,4.098859,1.5355667,-11.789985,-10.792925,-9.546745,2.9587739,3.5866039,6.5310254,21.858458,-20.487568,-41.5896,-1.3803648,-4.1890273,-18.735117,-15.124242,8.020523,-35.912857,-3.418575,5.1696267,-14.55385,28.350023,28.845247,-3.7683175,17.845686,27.886286,38.18308,-37.09205,-3.8819764,-20.384855,42.44521,-4.8379097,-21.424297,-2.9731493,-5.241463,-4.8229494
4.830717173,3.394230769,3.303571429,215.623185,144.3858134,149.8764946,157.5543824,158.6791883,5.219491878,9.673469388,0.306122449,98.52496027,0.0142407383,-0.431836192,0.07004257729,-0.02535826295,1.41248291,1.085825671,1.37684973,0.9136545206,0.7770970262,0.8618796199,1.036799426,1.043561385,0.9291835714,0.7252747253,1.087912088,1.099730458,1.212938005,1.045112782,0.9097744361,0.5960821078,0.7460364313,1.038721863,0.9869925919,0.8147806237,1.021909432,0.8964736923,8.001918986,1.435689019,17.4247725,10.95986315,0.08378473698,0.3242842948,0.3027494302,0.7332200804,0.0,0.4400162511,3.974897958,0.0,0.0,0.0,0.0,0.0,0.0,6.194725109,0.0,0.0,0.0,-0.2667354095,0.4765188834,0.05172413793,0.7893650794,-0.06955754927,4.297784844,31.93042219,10.05365156,4.983978521,9.374393569,12.13273414,74.00822951,5.749511833,13.8474744,5.316788604,9.967957042,0.0,0.0,5.817220841,17.19295166,18.32957771,1.739305799,1.715055851,47.04,0.8611111111,0.4201388889,0.3114134543,0.18375,0.03835227273,64.44092827,589.4050384,25.83015668,1.428908591,0.2290959967,2.013590133,-0.05054212206,-0.3090423428,-0.3169559336,-0.67071751,3.75,5.68,-4.671907,2.42674,4.550264,8.897316,-9.442553,-7.201007,5.8010674,1.2555884,3.1233783,4.721534,4.810893,6.1866884,-1.7230886,-5.795223,11.559436,23.283142,7.6823325,-2.929178,2.9074488,0.6932403,2.7579417,-18.49911,0.48497483,1.117882,-10.816873,1.1705754,17.191599,5.2952776,4.6460485,-9.937841,-1.3457148,-0.61523056,-8.84169,-3.7922246,-3.6485052,2.5673132,4.05179,4.100828,11.174801,-9.380343,-21.435337,2.8123837,-2.5734086,-10.9263935,-10.675933,7.0427995,-18.778135,-2.6701481,7.2558517,-9.303827,16.203924,14.129774,-2.9452157,10.597555,14.675088,16.664606,-13.77072,-2.1757274,-6.1117454,19.766735,-2.094897,-8.817776,-4.2152452,-5.128739,-3.0168052
4.831603237,3.088495575,2.934172454,205.6780622,146.4786784,154.3294551,154.9258029,167.4756083,45.19061746,12.15770737,2.529725881,91.35098436,0.01974486039,-0.7043564232,0.2157499818,-0.02159633307,1.777307116,0.8836553041,1.159278404,1.274371298,0.7039460514,0.8871386833,1.074761265,0.8296925198,0.8762354138,0.8750947831,0.7378952708,1.229412296,0.9501656845,0.9309013704,0.9158681806,0.5318507191,2.464016377,0.9644862155,1.058202881,1.004598511,1.23835016,1.005045119,7.008274308,0.6094207349,14.55718884,10.31100263,0.1567368034,0.5997530532,0.2749716524,2.390475315,0.3535533906,0.4327820667,8.007290123,0.0,0.0,0.0,3.359912013,0.0,0.0,5.269591032,0.0,3.148251002,0.0,0.6434845049,0.4944444444,0.0,0.8020833333,-0.1121693122,4.807279181,33.57645115,15.03763008,0.0,19.74647275,26.83757867,24.47146181,0.0,34.2397052,6.606881965,32.63603612,11.28161936,6.093240071,11.95974688,12.43128646,22.67357176,-0.4577800203,1.437707054,92.79,0.7327777778,0.6180909864,0.321255354,0.3393981481,0.04149728997,82.65137817,619.1611569,30.59614153,0.258409117,0.5336032373,1.108981639,0.3271032126,0.2689828115,-0.4375714763,-0.6992319461,3.38,6.49,-8.372759,0.9716285,6.741466,13.040252,-16.780827,-12.801801,12.145808,3.22,13.053969,9.130718,8.08614,17.752977,-3.9915378,-8.36877,24.041903,43.907143,13.191074,-1.773518,1.5336668,2.5932565,4.351783,-34.406353,-5.3531613,-0.009604931,-18.619276,4.2797585,27.609686,14.518034,4.3168144,-14.746292,3.4582021,1.1778395,-11.7841,-9.042679,-9.600051,3.2759707,1.9056673,6.4132123,20.759842,-17.938046,-40.73456,-1.4095691,-3.7744055,-17.674294,-12.192012,8.030515,-34.232918,-2.8629687,6.1810064,-14.972428,25.13071,25.58245,-0.18126392,18.467604,25.474743,36.043236,-33.449608,-4.777938,-20.528088,40.29509,-3.0580182,-20.113695,-1.5945565,-5.8401294,-5.3262625
4.814805348,3.630434783,3.528528529,229.2555462,143.8137918,148.3911564,153.9889948,156.88388,4.38831801,8.650621958,1.625743645,90.87374503,0.01271820306,-0.4833355777,0.01837599915,0.08860061291,1.379699805,0.9262783355,1.284585769,0.4636616931,0.9464013669,0.8243279905,0.9249283001,0.7850527796,0.9274281063,0.6934664461,1.173558601,1.034937888,1.259068149,0.9294713439,0.7177795031,0.5846769149,0.4106612094,0.9446103021,1.013637991,0.7939766727,0.9581243064,0.7678443509,8.001919505,1.432397289,17.42477216,10.94877277,0.09584756743,0.4353954059,0.441638319,0.6726928837,0.0,0.4371397847,1.537779396,0.0,0.0,0.0,3.358585365,0.0,0.0,0.0,0.0,0.0,0.0,-0.2918593912,0.4747795414,0.01851851852,0.7957482993,-0.08355659641,4.321987,32.63405351,4.983978521,9.778515705,9.374393569,24.26546827,43.32193961,5.783244946,6.9237372,0.0,20.73518051,0.0,0.0,11.60046579,11.38785599,36.65915542,3.428456648,1.703865908,58.64,1.202222222,0.2795493197,0.3567806752,0.275,0.03356481481,76.22777559,484.547771,24.19727328,1.153717328,0.9034625287,1.356030399,0.4882116712,-0.289756009,-0.1627215949,-0.716194481,2.66,5.86,-5.8228106,1.2293892,2.341104,6.840069,-9.850017,-6.918255,8.282841,0.62754714,9.719967,6.937416,5.137949,12.381715,-0.3785901,-6.235436,14.94002,27.376568,8.952577,-0.23822473,1.245642,2.88302,3.4791954,-21.424192,-2.352563,-0.69036967,-10.144947,2.1660993,17.487284,9.351595,3.5541763,-10.098957,1.6724675,0.6280067,-7.811556,-4.8585567,-6.494332,2.185104,0.14047861,4.1277165,13.156888,-9.954276,-26.538431,-0.9940449,-2.1892028,-11.1564045,-6.2588077,5.4091306,-21.323746,-1.9566896,4.94976,-10.06484,14.704683,14.6986065,2.0426798,12.575781,15.16056,22.05743,-19.599401,-3.7976198,-13.614849,25.203297,-0.82936245,-12.3060255,-0.41070685,-4.294071,-3.8055847
4.84857093,3.563106796,3.135548293,220.4144483,148.829875,154.0428157,159.3485211,160.2431936,-28.07990398,8.715277778,-5.696180556,83.6293662,0.01605308889,-0.5111398772,0.1037541713,-0.08652583659,1.597480027,1.12357045,0.9677235959,1.239045997,0.9044321512,0.9053326803,0.9356012687,1.110206155,1.027956338,0.6960964409,1.054281988,1.127836545,0.9874856487,1.12238806,1.062454717,0.8109847473,1.052810781,0.9411980917,0.9592237964,0.9909585178,1.250822375,1.024183526,3.057285826,1.304727454,14.63947556,10.95983779,0.09597465705,0.5805272079,0.2749716524,0.8622267653,0.0,0.4309705789,1.976199814,0.0,7.383275726,0.0,3.439832198,4.211949375,0.0,0.0,0.0,0.0,0.0,0.7056910326,0.4838095238,0.03333333333,0.7839285714,-0.08829057122,4.84987474,28.71083985,10.30076712,4.983978521,14.98529578,23.74332707,49.39795972,0.0,13.46849361,5.316788604,26.29938345,6.544756406,0.0,0.0,11.56738972,5.008912524,8.169520907,1.540603776,83.3,0.7225,0.5755385488,0.2590230537,0.211882716,0.03287037037,81.67285009,608.680467,29.18215291,0.7366731661,1.194370106,1.265395249,0.5302330124,-0.2950581353,-0.1748533662,-0.9039505407,0.0,3.35,-7.787291,1.5967598,3.7601938,9.930136,-13.853816,-10.064144,11.356764,1.5904406,12.295237,9.317247,7.5906777,16.363884,-1.5082688,-8.225963,19.982492,38.728806,12.264024,-1.5350356,1.8812023,4.6823783,4.3857403,-29.1938,-2.2944777,-0.76959175,-14.384,4.0044413,24.769611,12.414585,5.4647574,-12.999562,2.3838103,0.71871215,-11.398063,-7.998283,-8.822202,2.4285603,1.76054,5.4867826,19.020473,-14.17317,-36.73291,-0.8781148,-3.6290026,-15.875754,-9.5888195,7.6086617,-29.075378,-3.5551248,6.958304,-13.927516,20.662241,20.0428,1.476198,17.870079,20.581148,30.171053,-27.58736,-4.6652055,-18.086191,36.01394,-1.829833,-16.827436,-1.8193413,-5.740703,-4.7771273
4.917842442,3.887755102,3.402439024,241.3934706,145.5551487,151.9923721,152.4355627,155.3217247,-93.11111111,15.6875,-13.4375,77.20894906,0.02287544598,-0.328286221,-0.05823473753,0.1080247527,1.289780278,1.431730532,1.3522663,0.7408240169,0.9821666885,0.8914920609,1.144442114,0.9128110709,1.146247847,0.5402298851,1.306474314,1.087212644,1.197901049,1.061336588,1.061336588,0.6674434426,1.078061995,0.9582594291,1.013630351,0.8929443329,1.109540842,0.9438252353,7.008281928,1.400027586,14.6924163,10.94670214,0.1083494866,0.4680869713,0.4630500236,0.6501483644,0.0,0.4441129789,3.109596788,0.0,0.0,0.0,3.17138259,0.0,0.0,10.72422445,0.0,0.0,0.0,0.4574192439,0.47,0.05,0.8129032258,-0.09805194805,4.444773835,32.29197377,9.473725908,14.87719751,4.681802935,12.13273414,54.09438804,11.49902367,0.0,14.21959508,28.98405835,0.0,0.0,5.559266895,45.26462041,56.81464106,1.671712492,1.595090401,92.93,1.518055556,0.535643424,0.4270754598,0.230625,0.04493464052,80.12960945,574.5122423,26.84622834,0.9549070829,0.3463614835,1.958382602,-0.003479775193,-0.3689323917,-0.436063042,-0.5888906486,3.1,4.22,-7.8859825,0.6372418,9.2046175,15.153687,-17.943592,-14.511284,11.393967,4.617299,10.135724,8.110355,8.435275,15.360803,-6.39361,-7.866747,23.611809,44.438843,13.045337,-3.595563,2.1345286,1.2402363,3.663224,-34.735188,-4.850108,1.1814821,-20.673601,4.8985963,28.699799,13.287503,4.457675,-14.177923,2.8929813,1.0342405,-12.252226,-10.127817,-9.017624,2.8927917,4.3333693,6.414001,21.314602,-19.35825,-40.051907,-0.2829671,-4.1884165,-18.399044,-15.408803,8.628355,-34.672962,-3.8959444,6.4753513,-14.445148,27.682343,27.329042,-4.0828247,17.846703,26.8556,35.766724,-34.14124,-3.8417046,-18.202923,40.533108,-4.5931225,-19.88572,-3.9439402,-5.7558713,-4.6565337
4.894186103,3.613861386,3.296929408,230.8414329,144.7216271,148.7218822,155.5442346,158.9492957,-65.41360159,11.09037037,-8.288395062,92.08050735,0.01779936019,-0.4610514897,0.01567474988,-0.04737028428,1.360256577,0.7746283939,1.440593427,0.8973705473,0.8617572637,0.7487266547,1.132578952,1.042623384,1.157519187,0.663755887,1.207936335,0.9209837781,1.135146366,1.2433281,1.055655934,0.5920619779,0.6773374447,0.9670787497,0.9786834688,0.8868389574,0.9638311356,0.8523927065,8.001918968,1.304326965,17.42477241,10.93671034,0.1468055473,0.272165527,0.4372782912,0.8182542999,0.0,0.4375123208,2.017820977,0.0,0.0,0.0,0.0,0.0,10.29948396,0.0,0.0,0.0,0.0,-0.3897186867,0.4833333333,0.07142857143,0.7988888889,-0.09397639398,4.808411152,28.03448816,10.423316,9.967957042,4.390415048,24.59104416,54.44884259,0.0,13.34455882,5.316788604,15.07448444,6.420821623,0.0,11.56673267,32.87032401,42.72552249,4.137254823,1.647829141,58.04,0.9513888889,0.4930555556,0.3408919123,0.215625,0.046875,63.65159291,516.0064459,21.66335514,0.9981352607,0.5403472184,1.70183324,-0.0896806384,-0.1594094661,-0.3414844626,-0.7684211434,3.6,5.63,-5.5622725,1.5973471,2.636823,7.2977433,-9.722637,-7.1588516,7.7886105,1.000715,7.3555465,6.554652,5.6197143,10.48534,-1.0241946,-6.1100426,13.088234,27.233269,8.883069,-2.0234215,2.1350176,3.8060846,3.1668751,-19.976252,0.08892518,-0.31332865,-9.994517,2.9138253,18.220104,7.781243,4.8272047,-9.222448,0.7888402,0.00022429228,-8.9713545,-5.842369,-5.9421926,1.5243005,2.6145048,3.9195063,13.743433,-9.719075,-25.581354,0.4159953,-2.9104414,-11.652419,-7.8118215,6.0817795,-20.000654,-3.4152837,6.145031,-9.997072,14.945342,13.447747,0.06337851,13.098995,14.054563,19.932829,-18.051065,-3.0625958,-11.046848,25.197119,-1.5201927,-11.011417,-2.7132792,-4.4842305,-3.1015844
4.848631425,3.514285714,2.910771258,225.7116946,146.0676287,152.4625167,153.7663145,156.9194649,-37.77688889,11.5904,-7.512,88.63630452,0.01264783856,-0.5395434782,0.09279743234,0.1756703637,1.6178824,1.015477692,0.9885988213,1.275598056,1.054958636,0.9441539563,0.9536907823,0.9790762512,1.070026556,0.6543803419,1.001602564,1.051682692,0.9557038835,1.179534314,1.073717949,0.8485571093,1.286525107,0.7870983088,1.023957086,1.173578059,1.147939062,0.8645820443,3.057284784,0.6049846518,14.63943751,10.31162861,0.1034126674,0.5805272079,0.2749716524,1.022895799,0.0,0.4309705789,4.097914854,0.0,7.569080012,0.0,0.0,4.235912739,0.0,0.0,0.0,1.624157691,0.0,0.8643513794,0.4911111111,0.01666666667,0.7731182796,-0.0693448111,4.683074189,29.9187536,5.316788604,4.983978521,14.98529578,53.30809282,37.61968013,5.13155848,20.39223081,5.316788604,21.31540493,6.544756406,0.0,0.0,0.0,22.68423376,8.385090896,1.598911262,67.51,0.6669444444,0.5130385488,0.2711404006,0.244691358,0.03842592593,81.67719759,634.2275211,26.58713195,0.07321260254,1.250321677,1.134999841,0.5150873985,-0.09074673847,-0.2881630018,-0.6000809464,0.0,4.35,-6.5665483,1.6329612,2.6563401,7.9193454,-11.163589,-7.9457946,9.375835,0.7925721,10.191678,7.8960977,6.1960216,13.420646,-0.5803685,-7.1847534,16.272488,31.393377,10.271077,-1.033536,1.7840672,3.9057472,3.8261094,-23.914888,-1.4600396,-0.68976897,-11.449737,2.9005601,20.44741,10.048117,4.789113,-11.190106,1.5115131,0.45593926,-9.522469,-6.0637727,-7.2592187,2.1461687,1.2448041,4.5863776,15.447531,-11.2178755,-30.133377,-0.4965012,-2.8568566,-13.034029,-7.7549605,6.5171566,-23.799944,-2.953769,6.2687297,-11.581801,16.884293,16.201973,1.551436,14.7894335,16.831177,24.311453,-21.746983,-4.0857477,-14.577289,29.025171,-1.1929488,-13.518945,-1.4839798,-5.0151424,-4.0884705
4.858916337,3.737373737,3.204531768,239.5007641,148.0907525,152.6340949,156.3193058,156.0906875,-5.496336536,8.349932096,-5.570846537,86.70222862,0.01265889347,-0.4634021685,0.09995732094,-0.06202629347,1.529039708,1.008331832,1.119518898,1.250186372,0.8109756257,0.9030139315,1.017617962,1.054302632,0.9788240389,0.7086356088,1.022153181,1.122729478,1.087558816,1.160946258,1.092243685,0.800223025,1.133492522,0.8690545279,0.9461497858,0.962118759,1.119452489,0.9225861277,3.066006577,1.197962146,14.69645641,10.31321813,0.09706374365,0.5680413817,0.3928227826,0.9875042737,0.0,0.430390951,1.953517962,0.0,0.0,0.0,0.0,0.0,0.0,0.0,5.606745507,0.0,0.0,0.6615972835,0.4950844854,0.03225806452,0.8047619048,-0.1105046463,4.803860926,30.7849778,5.316788604,4.983978521,14.18117935,17.66730696,73.23599868,10.75961411,6.9237372,5.316788604,34.47495837,0.0,0.0,0.0,10.1350702,21.32993497,5.287957996,1.487895022,72.93,0.9725,0.6762329932,0.3361048123,0.2365740741,0.03602430556,82.90953549,653.1727752,28.01159943,0.7580408127,1.417237475,1.30703454,0.6563390834,-0.2552147114,-0.002391094629,-1.155590694,3.56,4.0,-7.410137,0.19710645,2.7067344,7.6168485,-12.30239,-8.237169,10.752805,1.2271914,14.953629,8.622471,5.40959,17.653831,-0.34026563,-7.012584,20.8888,33.448208,10.506593,2.2740836,-0.1482737,1.818702,4.3655753,-27.625328,-7.1824446,-1.3083798,-12.78532,2.0949144,19.446371,13.961323,1.6316383,-12.561935,4.008858,2.0961921,-7.247909,-4.9321194,-8.391271,3.4900198,-3.388317,5.260965,15.136104,-12.726155,-33.26446,-3.7541728,-2.0299752,-12.57789,-5.1857243,4.94866,-27.364004,-0.26360142,3.2714827,-11.768763,17.155571,19.91375,5.027647,14.035318,19.761797,29.988176,-26.976183,-5.1195035,-20.721796,30.9008,-0.36626226,-17.077604,3.3647814,-4.403622,-5.422044
4.84846034,3.555555556,2.999367842,224.065225,146.1688725,151.8999972,154.841507,157.148242,-28.11925959,9.372566772,-9.028972386,84.79436911,0.013470729,-0.5346896222,0.02063624676,-0.1624160067,1.602459466,1.012641533,1.037790823,1.326810002,0.9304356595,0.9369893347,0.9098965566,1.204227924,1.028944683,0.6449464654,1.023674242,1.141637812,1.094129555,1.231608073,1.16734782,0.9153877665,1.061150803,0.9829316029,1.013358735,1.201255557,1.134596526,1.126138283,3.057263684,0.6049877535,14.63943672,10.31163887,0.1044615368,0.5992559472,0.2749716524,0.8562291324,0.0,0.4320955403,2.0002376,0.0,7.485346521,0.0,0.0,4.223257954,0.0,0.0,0.0,1.612823838,0.0,0.8618948413,0.4908045977,0.01724137931,0.7755555556,-0.07265173645,4.533861863,33.13142796,5.316788604,4.983978521,14.98529578,53.8110084,30.69594294,5.13155848,13.46849361,5.316788604,21.31540493,6.544756406,0.0,0.0,0.0,22.68423376,8.292417093,1.590019291,67.51,0.6669444444,0.5130385488,0.2398904006,0.164691358,0.03294573643,80.46990232,603.0038389,25.92276692,0.2826825663,0.7484530338,1.064869272,0.4185455964,-0.2512672127,-0.1992686522,-0.6254337812,0.0,3.84,-6.5374327,1.5134298,2.745251,7.9199867,-11.163526,-8.057576,9.317715,0.8754055,10.150356,7.8602977,6.219987,13.401588,-0.7387217,-7.088803,16.227379,31.42498,10.260296,-1.1133562,1.7782303,3.9298618,3.7891068,-23.861597,-1.5084784,-0.6973087,-11.4914465,2.9578636,20.408472,10.000913,4.7225146,-10.965641,1.5934451,0.5159125,-9.524036,-6.2177567,-7.31275,2.04167,1.2679563,4.5742393,15.49105,-11.243168,-30.127268,-0.5739841,-2.8533957,-13.018715,-7.8181925,6.490087,-23.784807,-3.0210214,6.160577,-11.463909,16.911484,16.165604,1.4089286,14.70176,16.814323,24.308344,-21.956251,-4.0215936,-14.621898,29.121414,-1.2686607,-13.555242,-1.5309714,-4.945409,-4.017071
5.053219496,3.909090909,3.101037851,227.3509802,144.6944362,152.2089005,155.5955877,153.5583306,-71.70637234,17.15826739,-14.64181591,78.23046004,0.01519714395,-0.3685903215,0.1080139726,0.007959900951,1.35008478,1.150298553,0.9836600158,0.9391132119,0.8752412321,0.770090245,1.039859513,1.152079454,1.060588886,0.5248307837,1.123880062,1.294383234,1.226189796,1.245729304,0.9630349083,0.5777138749,1.000022922,1.040064338,0.8449744889,1.093526352,1.163700024,1.12334225,7.008273414,1.343043853,14.69234979,10.92578782,0.1666476987,0.5726237653,0.5146679697,0.7748724428,0.0,0.4293646999,3.376057418,0.0,0.0,0.0,0.0,0.0,0.0,5.040085102,0.0,0.0,0.0,0.5085169963,0.4747126437,0.0,0.808045977,-0.08702699082,4.856316794,27.27226084,4.736862954,14.64975998,4.794537184,12.13273414,55.66066728,0.0,26.31013685,7.109797541,32.82754461,17.70244098,0.0,5.969305288,5.563451492,12.26321064,3.784999685,1.671450412,69.9,1.080277778,0.5573270975,0.3169721592,0.165941358,0.04547930283,81.1424142,533.0445098,9.272676168,1.178465616,0.2907769941,1.014550274,0.4143119641,-0.2355676357,-0.517985662,-0.3864094707,3.27,4.46,-5.657205,-1.73715,6.114917,9.040496,-12.748555,-9.995303,8.950633,4.3142996,11.374779,5.7595015,4.9636908,14.588808,-4.750193,-4.0536203,20.063358,31.912668,8.369001,0.60539395,-1.7700706,-0.1360796,2.9556324,-25.593605,-8.997841,-0.29185855,-14.795675,3.9334152,17.434853,13.109774,-0.7430752,-8.845258,5.513882,2.4900734,-5.596277,-7.2704077,-7.2122507,2.7268307,-1.5470045,4.4528594,13.925459,-14.568935,-29.596682,-3.9886367,-1.9487133,-11.825146,-6.9818935,3.3912032,-25.194199,-0.08980723,-0.105872236,-9.306257,17.819796,21.30047,0.33388335,10.729508,19.589397,29.312498,-29.327494,-3.0475304,-19.18728,29.936144,-2.7774262,-17.055902,2.1126401,-2.3304741,-4.080064
4.859682142,3.825688073,3.264467593,240.0557864,148.9083903,156.3050571,155.3654683,154.9429922,32.36326905,15.76892562,3.619834711,97.20137779,0.02075573822,-0.3632307174,0.03282051294,0.1847012955,1.375888378,1.252858372,1.227840429,0.7894834076,0.9109546234,0.9904209633,1.050066621,0.8230645835,0.8965858089,0.6204697804,1.102466149,1.18751256,1.012861736,1.073431541,0.9486173633,0.9857869279,1.343249714,0.9019393828,0.9374106987,0.9600809366,1.232907982,0.9093827817,3.514945347,1.197962429,14.69646638,10.31321689,0.07093111156,0.5527494302,0.3928227826,0.9346048007,0.0,0.435093151,5.151582052,0.0,0.0,0.0,0.0,0.0,0.0,10.71245891,5.684291803,0.0,0.0,0.6500592642,0.4794117647,0.04411764706,0.82,-0.1116571771,4.831093122,32.97442507,14.79051451,4.983978521,14.18117935,6.066367068,48.97053041,10.75961411,6.9237372,19.53638369,48.69455345,0.0,0.0,0.0,22.30538855,29.48316298,5.266717167,1.469822674,91.39,1.208611111,0.6137329932,0.3794721592,0.3987654321,0.04475308642,86.31990361,670.3182014,29.83603179,1.27536627,1.045423032,1.735041241,0.5089058077,0.03405424877,-0.2370323478,-1.32017055,3.76,3.48,-8.155757,-1.128693,8.035956,12.678431,-17.388258,-13.005422,12.282483,4.1103554,16.318508,8.198884,6.1402183,20.10035,-4.677137,-7.062917,28.373531,42.6831,11.984049,2.349172,-1.6536589,-2.0466948,4.2121105,-36.93514,-13.064187,-0.5079402,-20.114517,2.7605386,24.151537,18.022003,-0.7031624,-15.353705,6.2029715,3.5015905,-7.774032,-7.0677967,-9.789791,5.0848804,-3.7830803,6.9288974,17.72642,-19.238022,-40.695133,-4.875083,-2.1782835,-15.660484,-9.340263,5.4779673,-36.187862,1.273488,1.3585454,-13.31899,24.92036,30.178034,1.9705522,14.527231,28.73852,40.374607,-37.80241,-5.2213373,-26.05619,38.63976,-2.4950154,-23.154825,4.666794,-4.3473945,-6.8610473
4.929401308,3.944444444,3.136698526,246.9798276,145.8406206,149.8349816,155.199154,151.4701055,-70.62174211,10.25231481,-6.653549383,67.03703341,0.01585984054,-0.575695827,-0.004597652571,0.09944951998,1.566150722,0.7827313237,0.8960882257,1.07457675,1.10336377,0.8497566443,1.074146036,1.015116611,1.334825907,0.5806260492,0.9884467266,1.37373169,1.207702182,1.07830552,1.045126889,0.8271669163,1.198790238,1.147003599,0.9029954482,1.147825347,1.070758351,1.091596665,4.005275594,0.6050168691,14.55343909,10.31162234,0.105574127,0.4454809921,0.3027494302,0.7533780642,0.0,0.4315517958,1.969162415,0.0,0.0,0.0,0.0,0.0,0.0,0.0,0.0,1.441879252,0.0,0.5122855253,0.4927536232,0.02173913043,0.7586666667,-0.09285714286,4.329239932,29.72606633,5.733667477,14.95193556,4.983978521,17.40315295,37.25557254,5.13155848,6.9237372,5.733667477,19.93591408,0.0,0.0,0.0,5.13155848,12.39368714,3.536207378,1.559714887,77.58,0.8269444444,0.3116496599,0.1224489796,0.04125,0.04147897898,71.69419991,468.2518285,12.87466026,0.05554501583,0.351061947,1.790278537,0.4582383035,0.02601749973,-0.2599357561,-0.7232237683,2.5,4.28,-6.5037403,0.13947576,4.422696,9.458475,-12.814313,-9.969705,10.033497,3.2940412,9.263174,7.5762644,7.3494287,13.585084,-3.594442,-5.9905024,16.82096,35.34749,10.532938,-2.7081819,1.3578584,4.617753,3.1718352,-24.89564,-1.5751005,-0.15959793,-13.526625,5.7105155,22.227173,10.912255,4.6203556,-9.194079,2.9907334,0.75939167,-9.969926,-9.357467,-7.6846857,0.93296254,3.3376994,4.2427764,18.105751,-13.560121,-32.218662,-1.0885552,-4.1266723,-14.615695,-9.572623,6.091794,-24.757088,-4.369999,4.791997,-11.565784,18.86997,17.823238,-0.9966608,15.871811,17.562904,26.710432,-26.522987,-3.0773506,-15.588535,33.756893,-3.079937,-15.139735,-3.1208835,-4.0311456,-3.1364603
4.867349407,3.223880597,2.893315875,193.7623718,148.6684509,154.6095184,162.0157313,164.0819914,27.13288416,7.826272695,1.533641865,107.859061,0.0129263941,-0.2809442213,0.02664829511,-0.1220117078,1.330948691,1.245809697,1.179191274,1.249634785,0.9664339287,0.8226982914,1.137550659,1.122404982,0.8895213664,0.7677131808,1.0309195,1.032320205,1.179794521,1.003344314,0.9102604364,0.604574093,0.7340306196,1.042079736,0.951460781,0.7778208109,1.141316461,1.004362752,8.00191915,1.216250059,17.42477348,10.95005714,0.07729420917,0.5131164885,0.3309330933,0.9310435774,0.0,0.4334238981,0.0,0.0,0.0,0.5932762928,0.0,0.0,0.0,0.0,0.0,0.0,0.0,-0.3607410569,0.4806451613,0.04838709677,0.803030303,-0.1018788411,4.878494983,30.13556166,10.63357721,14.64975998,4.390415048,11.60093989,68.24726451,0.0,19.38639965,18.40630142,32.8379546,6.544756406,0.0,5.817220841,22.19791885,24.65689778,7.510092183,1.566831522,67.66,0.9133333333,0.3368055556,0.2574798438,0.18875,0.04407596372,81.02813348,577.314436,23.31022179,0.5416512231,1.646126291,1.336815108,0.03012748366,-0.1413225415,-0.2741483018,-0.6397582985,3.52,4.18,-6.6809483,-0.22316378,2.8393042,7.1279025,-11.469861,-7.808011,9.8442745,1.6431373,13.797442,7.702968,4.8939495,16.376362,-0.8682588,-6.021296,19.493711,31.0071,9.439276,2.1350033,-0.5199302,1.4861195,3.9075558,-25.444658,-7.2425756,-1.172704,-12.102314,2.2500455,17.55795,13.175637,0.96665746,-11.079118,4.192366,2.100811,-6.3049545,-4.903674,-7.7074466,3.1845329,-3.2298548,4.7822995,13.968083,-12.093871,-30.588932,-3.7891083,-1.8971707,-11.4961,-4.6599417,4.183935,-25.232044,-0.105483286,2.3066292,-10.607525,15.7779665,18.693287,4.4597526,12.589633,18.264166,28.116737,-25.730055,-4.5373154,-19.540127,28.810328,-0.5833151,-16.084978,3.3126376,-3.7281537,-4.9186788
4.848613101,3.517857143,3.148248792,217.9089658,148.5111826,153.7288018,158.5092233,159.6619223,-21.85207101,10.13609467,-4.390532544,92.73080558,0.0157189114,-0.4797711177,0.01174568959,0.008285825799,1.549921615,1.10564904,0.9729271858,1.173414265,0.956347031,0.9131352968,0.9460721419,1.055473363,1.005949104,0.6698543233,1.067093515,1.128062613,1.015119617,1.116335861,1.07132964,0.5725075363,0.9554579391,0.9384247404,0.9839195773,1.031398465,1.228633874,1.015326867,6.027275724,1.426059173,14.63951865,10.95407427,0.08906267472,0.5805272079,0.2749716524,0.791095659,0.0,0.4358612357,1.971674587,0.0,7.363740218,0.0,3.443142518,4.215126816,0.0,0.0,0.0,0.0,0.0,0.7899025521,0.475,0.015625,0.7705882353,-0.08311688312,4.983435631,27.74046552,10.30076712,4.983978521,14.98529578,24.27512131,42.82867707,0.0,19.88931523,5.316788604,26.29938345,12.96557803,0.0,0.0,12.96557803,5.008912524,8.55020827,1.571359192,107.09,0.8127777778,0.5755385488,0.2590230537,0.211882716,0.03081597222,83.87865098,654.2854902,30.43538633,0.6424109054,1.159006686,1.533404289,0.2778251358,-0.1450088473,-0.06038769306,-0.8322998122,0.0,3.14,-9.470765,1.8897879,5.7361984,13.700834,-17.924433,-13.524308,13.977322,3.3715043,12.5300455,11.131063,10.404758,18.556868,-3.6509805,-9.7468405,23.237108,49.699398,15.39657,-4.3642497,3.3519626,6.9538383,4.929706,-35.34129,-0.2706253,-0.39823636,-18.56919,6.607891,32.421364,13.986918,8.167429,-14.770973,2.5234253,0.35983497,-15.655285,-12.05406,-10.57379,1.9629227,5.660963,6.553033,25.326473,-18.327505,-45.64122,0.19798867,-5.8121824,-21.006369,-14.364,10.032091,-35.482,-6.4706054,9.510198,-17.455795,26.794601,24.419178,-1.0807534,23.439268,24.875788,36.353035,-34.450848,-4.656268,-20.144464,46.680767,-3.612976,-20.132591,-5.277559,-6.9686728,-4.9180236
4.858972795,3.740384615,3.238451935,235.5479954,148.5938777,154.6937503,155.9702392,155.574251,13.98013585,12.63706267,-6.465974625,92.45596396,0.01694058782,-0.4045692856,0.04855150429,-0.09623289653,1.433737356,1.162312795,0.7304991186,1.105575044,0.7090053638,0.9501642038,0.8854823267,1.016255094,0.9021333913,0.6381678501,1.098813159,1.054638369,1.085781412,1.162787186,1.133696116,0.9200408883,0.9923174138,0.8313394012,0.9301390217,0.9842354794,1.179045686,0.92659466,3.513573993,1.197963531,14.69645989,10.3132176,0.08246844233,0.5680413817,0.3928227826,0.8665634189,0.0,0.4333802246,3.59163307,0.0,0.0,0.0,0.0,0.0,0.0,5.213756179,5.63687025,0.0,0.0,0.7328205759,0.4833333333,0.03125,0.804040404,-0.102804161,4.887344949,29.47437565,10.05365156,4.983978521,14.18117935,6.066367068,73.23599868,10.75961411,6.9237372,12.42658615,41.58475591,0.0,0.0,0.0,5.112436885,16.30699837,5.301834669,1.500292291,82.16,1.035,0.7074829932,0.3361048123,0.2365740741,0.03458333333,84.02002454,637.6100737,28.6244859,0.675740539,1.020019317,1.378192258,0.4988635277,-0.05340392085,-0.030215349,-1.177887639,3.66,3.42,-7.7865124,-0.5411995,5.371221,10.124381,-14.792991,-10.64508,11.524372,2.7576025,15.622329,8.40952,5.8449693,18.879818,-2.6168475,-6.9647336,24.628052,38.136517,11.178879,2.2765038,-0.87854946,-0.07961002,4.2705708,-32.235947,-10.172591,-0.86588776,-16.505136,2.4688413,21.743109,16.036367,0.38699356,-13.871532,5.200273,2.8111506,-7.4885683,-6.097239,-9.112642,4.275895,-3.570794,6.053456,16.5343,-16.005405,-36.95764,-4.3314524,-2.1212862,-14.086872,-7.2592993,5.195007,-31.778082,0.47238335,2.210982,-12.523126,21.067484,25.067333,3.459143,14.249139,24.26416,35.271667,-32.566975,-5.135733,-23.456703,34.883827,-1.5076098,-20.152742,3.9811065,-4.3422766,-6.1288657
4.903407469,3.688172043,3.234649123,225.1090611,147.2916676,150.7746655,157.2172324,160.5709956,-45.20713899,8.929150892,-7.629529475,76.07825165,0.01485775373,-0.5020530234,0.106596708,0.01189052502,1.53335304,0.9326054841,1.105932188,0.6593175512,0.9103535878,0.823601222,1.118351436,1.066156307,1.034754789,0.6379950745,1.022556161,1.078479741,1.091318786,1.22669053,1.042983252,0.769724801,1.311265538,0.8430437309,1.005524949,0.8645660171,1.089240289,0.8315458849,3.063580888,1.43562593,14.69088001,10.94458983,0.1051242829,0.4569302706,0.3027494302,0.6751048231,0.0,0.4277146074,1.962143731,0.0,0.0,0.0,2.964476461,4.767098214,0.0,0.0,0.0,0.0,0.0,0.7584164252,0.4777777778,0.01851851852,0.7551724138,-0.06844823714,4.386054151,30.78533471,5.316788604,5.098681808,15.29317186,24.26546827,43.32193961,5.835619786,6.9237372,5.316788604,21.01696192,0.0,0.0,0.0,5.835619786,6.196843572,2.557864315,1.64652857,80.06,0.7397222222,0.3871527778,0.2683216805,0.145,0.03504521964,76.14500065,550.1197665,27.82714273,0.7826813432,0.3536353656,1.861036872,0.3768115967,-0.1576599777,-0.0472552938,-0.7635385099,2.23,3.87,-7.452879,1.9648379,3.7241187,9.955047,-13.3442335,-9.816862,10.701328,1.6224251,10.192575,8.858977,7.6843348,14.485243,-1.6793346,-8.091879,17.952206,37.303387,11.966265,-2.74289,2.646296,5.203877,4.134275,-27.227541,-0.21311617,-0.4816876,-13.681977,4.2286344,24.654406,10.766323,6.4064126,-12.231165,1.4340518,0.17275673,-12.024397,-8.224583,-8.140181,1.9505258,3.4972873,5.227606,18.796085,-13.421046,-34.91393,0.2771176,-4.028425,-15.802421,-10.441673,8.017425,-27.235474,-4.5723324,7.9164853,-13.569925,20.22118,18.42489,0.12952399,17.823261,19.116999,27.475315,-25.188051,-4.0642395,-15.459477,34.696045,-2.1500378,-15.195607,-3.4955742,-5.850883,-4.1751423
4.859622528,3.825688073,3.244791667,240.8213576,148.9083903,156.3050571,155.3654718,154.9464867,12.76874197,16.76892562,-3.628429752,97.20137779,0.02100375987,-0.3763507193,-0.009182028852,0.117086258,1.396672208,1.331100646,1.133413093,0.8503269941,0.8068932286,0.9656260018,1.07268001,0.8510575367,0.9033345985,0.5934928334,1.175477153,1.048754954,0.9691033088,1.048461185,1.07710112,1.027025787,0.9746850313,0.9109904523,0.9367881408,0.9729937931,1.232907982,0.9544911525,3.515322348,1.197962774,14.69646638,10.31321689,0.06989596119,0.5527494302,0.4761561159,0.9163731674,0.0,0.4355362234,5.136265821,0.0,0.0,0.0,0.0,0.0,0.0,10.70155971,5.675572536,0.0,0.0,0.5997351901,0.4794117647,0.04411764706,0.82,-0.1116571771,4.831093122,32.97442507,14.79051451,4.983978521,14.18117935,6.066367068,61.10326455,22.25863777,6.9237372,19.53638369,48.69455345,0.0,0.0,0.0,22.30538855,23.41679591,5.27185737,1.469797453,91.39,1.153055556,0.7074829932,0.3673548123,0.3412654321,0.03939393939,86.34720332,669.9208318,28.88080993,1.324926456,1.016713727,1.826271867,0.46017966,-0.02687920501,-0.270988957,-1.242127856,3.49,3.48,-8.101982,-1.2148783,8.089674,12.667986,-17.36441,-13.024845,12.211238,4.223793,16.231169,8.138218,6.14331,20.044518,-4.8016024,-6.941871,28.294365,42.63618,11.912264,2.290308,-1.7117401,-2.0090144,4.173668,-36.777058,-13.073513,-0.49547076,-20.1112,2.869624,24.038473,17.980537,-0.77168745,-15.142197,6.280436,3.5134802,-7.716499,-7.2040043,-9.76315,5.0202456,-3.719912,6.8791804,17.729378,-19.26052,-40.580307,-4.9132648,-2.1920855,-15.6402025,-9.333426,5.406102,-36.052082,1.2260029,1.2390316,-13.230785,24.852592,30.118046,1.8664415,14.443888,28.617813,40.31459,-37.902557,-5.1392775,-26.042608,38.666523,-2.5649838,-23.132315,4.609855,-4.2494345,-6.7757626
5.029619215,3.43902439,2.633213859,219.8118484,143.7011617,149.6402938,150.0788821,160.3551745,-84.96,20.1068,-18.2444,76.44623931,0.01193830755,-0.3696707454,0.09069538136,0.02315799365,1.272549262,0.7596516372,0.7189982446,0.5657889937,0.9259663184,0.822882687,1.199865657,1.084874376,1.039139817,0.7327669238,1.209464271,1.073230848,1.431689952,1.211359633,0.9459594108,0.4140418972,0.7381718587,1.11745917,1.162984531,0.732499185,1.020130294,1.071654101,6.027325697,1.134636977,14.69232738,10.93681929,0.1709368449,0.6345334119,0.8587697079,1.885351766,0.2041241452,0.4276845228,8.729592585,0.0,0.0,0.3313869992,0.0,0.0,9.723706615,0.0,0.0,0.0,0.0,0.24144588,0.4827160494,0.01851851852,0.755952381,-0.05547916667,4.46514225,28.71493402,5.106527395,4.681802935,0.0,51.10304694,35.59836479,0.0,40.15761125,0.0,14.88701214,6.544756406,0.0,11.1645023,11.48135754,12.13273414,0.0,1.753229315,61.84,1.587777778,0.7942885488,0.5069365709,0.1325,0.06675170068,79.39948872,543.255282,17.18555431,1.33339725,0.8103889706,1.066553069,-0.1442007949,-0.1709882927,-0.1582210518,-0.4654811689,3.14,4.85,-5.546714,0.972243,3.3401947,7.9450006,-10.379716,-7.968808,8.089769,1.9926672,7.173608,6.4788046,6.067249,10.677909,-2.2130735,-5.653476,13.443663,28.810585,9.016302,-2.554599,2.0125327,4.019101,2.8793545,-20.494684,-0.09750134,-0.14198166,-10.855474,3.9099395,18.91373,8.138752,4.685706,-8.513652,1.4237577,0.184502,-9.029814,-7.0835376,-6.189789,1.0374238,3.3069153,3.7964485,14.817954,-10.653234,-26.463696,0.096162334,-3.348327,-12.239731,-8.474355,5.816535,-20.57908,-3.8958516,5.4644036,-9.967462,15.698584,14.192317,-0.8563179,13.549902,14.492144,21.090801,-20.061651,-2.740036,-11.624747,27.096195,-2.1862488,-11.720505,-3.2163126,-4.0096073,-2.7678971
4.946157861,3.15,2.466802168,184.7306366,146.6991071,155.6897591,160.0282319,160.4088461,-131.2653061,15.5356513,-17.84958428,100.3501455,0.009058392537,-0.2290304729,0.1460715328,0.1065727349,1.364606192,1.542094164,0.9856485809,1.080261495,1.196773536,0.9203626589,0.9100288155,1.119748257,1.253430964,0.6265845163,1.027151046,0.9961253198,1.009969414,1.279709,1.159394479,0.7895689538,1.154787747,0.9100299936,0.9225329398,0.9952870724,1.378040834,0.9487842616,3.042186159,1.320916122,14.69238981,10.94500663,0.05703086567,0.8107686014,0.4184429249,0.9091450214,0.0,0.4278724429,2.029116241,0.0,4.351594149,0.0,0.0,0.0,0.0,0.0,0.0,0.0,0.0,0.9263297423,0.4818181818,0.0,0.7727272727,-0.05428279586,4.689005964,31.81744853,9.467009379,9.665781456,4.983978521,24.62957587,81.72541116,0.0,45.6965365,19.63426922,48.84972038,13.08951281,0.0,0.0,0.0,0.0,11.58297719,1.715191289,51.77,0.8097222222,0.5755385488,0.2653533636,0.186257716,0.0405982906,86.74119039,695.4476056,36.09707332,1.445209756,1.062687504,1.000224257,0.3790880525,-0.3094136664,0.006143777545,-0.8221356044,3.95,4.23,-9.981002,-2.5243652,0.3151577,1.9229712,-7.9941297,-2.0767086,9.915414,0.28171328,17.47643,10.8163805,2.8573577,18.413393,4.5884213,-7.059758,21.44327,20.180496,9.58866,12.091248,0.09878997,-3.444538,4.384161,-22.018696,-14.844684,-2.441302,-7.4344497,-5.3381515,8.634923,14.944727,-5.5674314,-11.943974,4.439236,5.9968376,-0.4759249,2.8852217,-6.1590023,4.845954,-14.816041,6.6068053,6.0802026,-6.5435596,-26.189175,-7.880553,-0.60707176,-8.796221,-0.91937363,1.5603896,-23.51749,4.504036,-1.7157289,-8.157365,10.933603,18.154501,11.447591,6.2863746,19.771202,25.842024,-22.124977,-5.9034004,-22.826826,17.442629,1.25058,-14.203022,15.856171,-3.9676344,-7.185937
5.006925977,3.762376238,3.075788752,219.0259381,145.0808317,151.3648772,159.0450802,155.5730219,35.18063818,11.73336939,-3.449432125,92.81467386,0.008916713954,-0.2018053137,0.06497294538,-0.0501925046,1.145341237,1.161968544,1.074162928,1.102617261,0.7456929498,0.7469169088,0.998946558,1.114306158,0.838335614,0.5931900296,1.073484707,1.301382823,1.165152288,1.131877556,0.8475031554,0.534704427,0.7544509486,1.047689312,0.810957832,1.066107612,0.9913839642,0.9620873914,8.001918361,1.34384996,17.4247721,10.9298193,0.08568345047,0.5726237653,0.3957624643,0.7336998549,0.0,0.4234503313,1.983685366,0.0,0.0,0.0,0.0,0.0,0.0,0.0,0.0,0.0,0.0,-0.2750376769,0.4763736264,0.01923076923,0.8043956044,-0.0815037594,4.719139825,25.71909067,0.0,14.64975998,4.390415048,6.066367068,55.66066728,0.0,26.31013685,0.0,19.74844179,12.96557803,0.0,5.817220841,5.516700718,12.26321064,3.816699945,1.709450473,43.6,0.8616666667,0.3715277778,0.2829428068,0.112816358,0.04419191919,77.66199661,492.8335373,18.17237654,1.431570922,0.5666600371,2.029350193,0.4158260873,-0.1780842027,-0.1482844291,-0.6202275714,3.21,4.92,-4.633891,0.26879042,1.5249387,4.60814,-7.382204,-5.0432944,6.492195,0.48805696,8.860704,5.3698106,3.3730931,10.497755,-0.02942332,-4.5291986,12.460272,20.207085,6.6065264,1.2392421,0.25327325,1.2312462,2.752266,-16.747925,-3.8381755,-0.71632373,-7.70305,1.1384298,12.165028,8.223394,1.3032842,-7.8302236,2.040133,1.111808,-4.6523876,-2.9086761,-5.154378,2.0386171,-1.8601868,3.2509797,9.298848,-7.5438495,-20.191467,-2.0180244,-1.1937891,-7.7579412,-3.4719281,3.3015494,-16.60989,-0.42379388,2.423262,-7.1327567,10.658269,11.886998,2.821008,8.67105,12.024608,17.860193,-15.882753,-3.2263572,-12.12973,18.5653,-0.20062527,-10.141629,1.6388851,-2.8612223,-3.2361627
4.849338157,3.631067961,3.119644154,233.3905485,148.693276,153.8756829,159.0421644,159.8608281,-20.20747599,9.703125,-4.06640625,82.82254969,0.01630182589,-0.5054463891,0.09671191484,-0.04165366432,1.5937266,1.172439084,1.08297358,1.144573119,1.026240977,0.8959890748,0.9365731445,1.097348256,1.0084285,0.6783664097,1.089697145,1.097480696,0.9250451041,1.047273286,1.019645186,0.8229607137,1.073304389,0.9645632262,0.8570051651,1.119916296,1.24908257,1.043858695,3.057287055,1.280792098,14.63947735,10.958822,0.09364179094,0.5652352563,0.5072794607,0.9674800741,0.0,0.430872001,1.962915763,0.0,7.317731478,0.0,3.412522676,4.207230612,0.0,0.0,0.0,0.0,0.0,0.4797725147,0.4912442396,0.04838709677,0.8021645022,-0.1051998981,4.860902344,33.49567735,10.30076712,4.983978521,14.98529578,41.41063402,37.26522558,0.0,13.46849361,5.316788604,26.29938345,6.544756406,0.0,0.0,16.59002303,11.07527959,8.088106088,1.493626464,83.3,0.7780555556,0.5538548753,0.3699058327,0.284691358,0.04166666667,82.9374568,621.1502914,27.61545956,0.2644154599,1.995645914,0.9992724003,0.1991025993,-0.5329277429,-0.03086987438,-0.5478449174,0.0,3.99,-7.715936,1.402749,3.840732,9.888347,-13.8304,-10.111196,11.320741,1.7711711,12.262973,9.206713,7.5637116,16.342531,-1.7184036,-8.016481,19.966743,38.641796,12.139935,-1.5171306,1.7295618,4.6181746,4.2825265,-29.068169,-2.513301,-0.7255047,-14.422433,4.1654825,24.573475,12.498691,5.2572894,-12.73538,2.5697725,0.7897176,-11.176841,-8.137298,-8.794867,2.3393574,1.7162956,5.406849,18.99674,-14.228745,-36.556896,-1.0443318,-3.6348035,-15.774393,-9.505016,7.41584,-28.917969,-3.5176766,6.629897,-13.740356,20.566353,20.051811,1.3856571,17.699118,20.496113,30.222713,-27.844603,-4.5931787,-18.198452,36.010647,-1.9247954,-16.893011,-1.735518,-5.553782,-4.6765604
4.85960534,3.767676768,3.494579946,235.4521926,149.0744103,153.8576693,158.5928224,158.7283312,21.60454705,9.349932096,-6.400633771,109.7514757,0.01392874075,-0.4540102529,0.01562994999,-0.0682207499,1.497528439,1.064746394,1.110118643,1.249747718,0.8776859088,0.8129493567,0.9971167103,1.000352792,0.871533903,0.6771406928,1.054602488,1.122729478,1.079192979,1.129139511,1.116337296,0.6257512863,0.5793608115,0.8555897744,0.9257628826,0.9814056862,1.028423925,0.8208049227,8.001919274,1.197963203,17.42477367,10.31321824,0.09087640511,0.5680413817,0.5106739128,0.8419119601,0.0,0.430872001,1.923404705,0.0,0.0,0.0,0.0,0.0,0.0,0.0,5.499850193,0.0,0.0,-0.3934607013,0.4812596006,0.03225806452,0.8181547619,-0.1173073674,4.702693107,32.27307381,5.316788604,4.983978521,18.5715944,18.19910121,61.10326455,10.75961411,6.9237372,5.316788604,34.47495837,0.0,5.817220841,10.79982316,17.03503321,28.91134267,5.134040458,1.487602608,72.93,1.028055556,0.6545493197,0.4157375913,0.229382716,0.03784013605,82.94391709,596.9949714,27.25304871,1.305766194,1.035528144,1.545047495,0.4429480555,-0.0472755774,-0.3247095668,-0.9989689824,0.0,3.78,-7.280758,0.13977382,2.9112883,7.761995,-12.377431,-8.339802,10.6824,1.4360102,14.790742,8.460745,5.389691,17.546852,-0.59916973,-6.8404975,20.892872,33.522755,10.381922,2.134113,-0.2399161,1.7726912,4.284697,-27.592482,-7.282672,-1.2684946,-12.936539,2.2421339,19.378113,13.962727,1.5450103,-12.396833,4.134416,2.0845942,-7.20403,-5.0921564,-8.31118,3.473705,-3.2255988,5.225338,15.144286,-12.900132,-33.158356,-3.7366693,-2.080632,-12.575838,-5.2622533,4.8507633,-27.334059,-0.24265006,3.1058185,-11.739137,17.168793,20.00429,4.844486,13.967606,19.74821,30.087626,-27.177649,-5.000761,-20.681952,31.01365,-0.49016804,-17.133663,3.2743473,-4.31131,-5.365235
4.859423894,3.594594595,3.018321513,232.2024716,147.8212355,153.7567075,154.1617217,157.3372468,-46.11281199,13.91990032,-4.280526878,95.21227611,0.01121081003,-0.449699921,0.2373712419,0.06424878725,1.541169805,1.010521959,1.505224245,1.40907487,0.9714046682,0.8981605363,1.007692178,1.084833138,1.062108313,0.6745379073,0.990659186,1.000990994,0.975283101,1.156862358,0.9818140147,0.6769073975,0.9319306486,0.6863384268,1.022490396,1.066707919,1.148048388,0.8195744368,3.066011618,1.197962873,14.69645642,10.3132173,0.09415622716,0.5527494302,0.3928227826,1.131855371,0.0,0.429375837,6.096673659,0.0,0.0,0.0,0.0,0.0,0.0,0.0,5.69343296,0.0,0.0,0.7519797178,0.4885416667,0.015625,0.7808080808,-0.08449714537,4.623593568,32.05202886,5.316788604,4.983978521,14.18117935,12.13273414,86.07764193,10.75961411,20.7712116,5.316788604,34.47495837,0.0,0.0,0.0,5.112436885,9.197200829,5.349731623,1.554155632,72.93,1.028055556,0.6137329932,0.3794721592,0.349382716,0.04833333333,84.10836441,677.0569484,27.67778503,0.9878974265,1.269868878,1.205669329,0.628544533,-0.1063882008,-0.08008635115,-1.047999341,3.82,4.4,-7.3522496,0.18127623,2.793044,7.6865187,-12.338767,-8.260593,10.730428,1.330107,14.884208,8.542643,5.388915,17.605127,-0.44947612,-6.931777,20.90608,33.46876,10.432671,2.2310534,-0.20495524,1.7772611,4.32193,-27.613243,-7.248367,-1.280301,-12.8575535,2.1664405,19.39992,13.986369,1.5827641,-12.516409,4.06894,2.0819898,-7.197818,-4.979529,-8.329106,3.5029645,-3.3200173,5.2422743,15.124193,-12.814936,-33.192947,-3.740827,-2.058607,-12.569064,-5.1966257,4.8839903,-27.34135,-0.22508796,3.178763,-11.766391,17.142616,19.973635,4.97027,14.009702,19.757019,30.04982,-27.044191,-5.0723367,-20.701109,30.926657,-0.41603148,-17.1033,3.3506858,-4.356513,-5.4037967
4.778990701,3.573333333,2.896996499,236.3097506,143.7824367,150.3482553,150.150385,155.4365099,-60.28839643,10.5367036,-5.835180055,63.98924246,0.01432297294,-0.3837039984,-0.07192430271,-0.02476539204,1.37293881,1.26542566,0.8391311708,1.514560249,0.8626893106,1.008486929,0.922852176,1.434792146,1.380003258,0.6116646552,1.035489068,0.9308763025,1.034428116,1.599565854,1.193239356,1.075830859,1.052480064,0.9215252401,0.958855312,0.9414482101,1.045958369,1.022478195,3.513557841,0.6049924266,14.69444422,10.31197177,0.1327025289,0.5499433048,0.25,0.7830645909,0.0,0.4317183842,3.752323684,0.0,0.0,0.0,0.0,0.0,0.0,5.187422727,0.0,1.598280869,0.0,0.8422498083,0.4942028986,0.02173913043,0.7971014493,-0.07384004884,4.31345975,27.81464996,4.736862954,0.0,9.499376415,35.09933858,37.25557254,0.0,6.9237372,7.109797541,21.70785576,0.0,0.0,0.0,0.0,18.44658342,1.965218254,1.625861333,39.42,0.7019444444,0.3411635488,0.1380779164,0.085625,0.03717320261,73.5548436,515.0733707,24.91702085,0.9187283164,0.6649877204,1.148676865,0.6089771998,-0.1646962776,-0.1784217214,-0.5519041562,3.55,4.59,-5.2975607,0.5176383,2.3177927,5.011229,-7.398404,-4.8565946,6.282241,-0.22640741,8.4098215,5.1621866,2.807922,9.688923,0.48728725,-5.3549395,13.576329,18.328384,6.6962748,2.8289661,0.38636467,-1.4576699,2.9386652,-17.992664,-5.524183,-0.4618479,-8.280749,-1.0048666,11.788931,8.462509,0.1990009,-9.573275,1.0700322,1.6828996,-3.9808633,-0.6361059,-4.8550515,3.2452035,-3.571056,4.050874,7.455353,-7.3269296,-19.539652,-2.0108535,-0.6374421,-7.441947,-4.46917,3.7531896,-17.60079,1.0377686,2.5090928,-6.815691,12.088132,13.996296,2.4238179,6.831383,14.384274,17.864918,-14.858946,-3.6677215,-11.696478,15.575616,-0.10158275,-9.702506,3.2167122,-3.481339,-4.229438
4.902859877,3.679487179,3.03231663,232.0726925,145.5516439,151.9272681,156.8361569,158.0905854,-42.8516327,10.46745562,-8.224852071,70.9061722,0.0144085401,-0.5744572957,0.1749872652,-0.05633089043,1.604492138,0.9335753978,1.447197203,0.8458192204,0.886343638,0.8495240408,1.289591207,1.150517078,1.075139432,0.6117769255,1.052013423,1.057885906,1.348277405,1.410136843,0.9516529953,0.7715102604,1.122662178,0.8159697064,0.843295034,0.8057588292,1.188024679,0.7835692163,3.048021971,0.6100524687,14.55571199,10.31157659,0.1230500175,0.4607729437,0.2730118646,0.7266524068,0.0,0.433463331,4.039644274,0.0,0.0,0.0,0.0,4.74212963,0.0,0.0,0.0,1.620460653,0.0,0.7784550055,0.4930555556,0.02083333333,0.7746666667,-0.07844482561,4.590032591,26.4826473,5.316788604,4.983978521,15.29317186,6.066367068,49.05645694,5.835619786,13.8474744,5.316788604,15.80357683,0.0,0.0,0.0,5.835619786,23.73047302,4.303051934,1.563036884,64.27,0.7463888889,0.3186295351,0.1809019904,0.078125,0.04485735736,72.74710916,493.7624212,22.05701218,0.2441821955,0.6239270555,1.070888702,0.3945187109,0.02040634296,-0.4232537803,-0.3058481321,2.97,4.51,-6.0501633,1.602525,2.9391005,8.013386,-10.645105,-7.9642644,8.52983,1.304907,7.8211966,7.157985,6.3134174,11.338515,-1.3745267,-6.5582485,14.078073,29.975685,9.724814,-2.4560509,2.3703237,4.3902225,3.3389072,-21.672455,0.3550436,-0.3077362,-10.942694,3.505053,20.06063,8.389686,5.385678,-9.716902,0.9246646,0.034638643,-9.880142,-6.789985,-6.5392923,1.3961821,3.178956,4.1739616,15.312897,-10.650185,-27.998945,0.4439577,-3.3143818,-12.845402,-8.709227,6.611239,-21.70629,-4.0359335,6.6411643,-10.823966,16.373386,14.563646,-0.26605344,14.44478,15.209101,21.67395,-19.958866,-3.236784,-12.009342,27.904417,-1.8270266,-12.002654,-3.2501166,-4.7533455,-3.2102785
4.915686279,4.027027027,7.720449173,249.4014128,152.3542257,164.0779659,158.8172251,166.4638427,97.87864404,2.428266287,4.859380562,218.7548722,0.02070523451,-0.5629851124,0.4835797197,-0.005781412186,1.784060853,0.8024113983,1.18846403,0.8774263343,0.6536408705,0.5850980228,0.7895603279,0.8347566806,0.6802571569,1.062418378,0.9296893306,1.251855574,0.8440118123,0.9952617167,0.8220771941,0.3438508866,0.8341631831,0.8026403703,1.011937445,1.06154705,0.9064102156,0.714793009,8.010506005,1.197950774,17.4338346,10.3132169,0.1441962134,0.5527494302,1.258848186,1.233469343,0.02699746236,0.4257185682,1.79214845,0.0,0.0,0.0,0.0,0.0,0.0,0.0,5.317795205,0.0,0.0,-1.467556477,0.4565162907,0.01315789474,0.9398046398,-0.218232483,4.779530596,48.05971503,5.316788604,4.983978521,14.18117935,6.066367068,67.16963161,10.75961411,19.27633423,5.316788604,34.47495837,12.35259703,29.16688629,11.17880395,45.98859833,47.96781401,-5.421194918,1.337577022,72.93,2.014166667,0.8637329932,0.4520030234,0.5775308642,0.04704301075,91.18478262,739.129275,32.46269766,1.449441362,1.088299592,0.8140269893,0.7217491992,-0.1497235767,0.1295760335,-1.614443626,3.34,5.52,-7.6873093,0.69081354,2.6517982,7.8606534,-12.511736,-8.111515,10.946711,0.8108697,15.183084,8.907731,5.4413815,17.838444,0.1502818,-7.547675,21.276001,33.76709,10.795042,2.4220037,0.2134985,1.7188995,4.6101003,-28.265673,-6.962051,-1.3614583,-12.882843,1.5124485,19.96182,13.957124,2.0215335,-13.489559,3.5860667,1.9722555,-7.6798778,-4.3539357,-8.4378395,3.8872516,-3.4419088,5.5525208,15.04387,-12.747335,-33.786503,-3.4253933,-1.9969723,-12.847879,-5.4823537,5.377333,-28.053932,-0.09467012,3.9223344,-12.310682,17.589064,20.28323,5.370326,14.453439,20.313875,30.226618,-26.49865,-5.326124,-20.600315,30.838518,-0.09757638,-17.023706,3.425717,-4.85222,-5.758348
4.876787905,3.6,3.153280998,231.6240231,145.4159357,150.3199833,155.651977,155.9095839,15.39606819,9.115699537,0.7593449626,96.41547223,0.01227692022,-0.3053781813,0.007408887067,-0.0005208116516,1.314743663,1.259786706,1.144401086,0.8422281601,1.132753895,0.929355273,1.058356074,1.026491909,0.9530208906,0.7127893444,1.015724816,1.089328063,1.114114114,1.081163669,0.9793489959,0.5646047383,0.9372690913,0.9083401204,1.052539311,1.13683216,1.081993779,0.9374882771,6.027277397,1.194229067,14.69240303,10.31286086,0.07466042401,0.4971938746,0.2749716524,0.9989751043,0.0,0.4364434561,1.958516657,0.0,0.0,0.0,0.0,0.0,0.0,0.0,5.578765249,0.0,0.0,0.5707285892,0.4892156863,0.01470588235,0.7761904762,-0.09006093297,4.747275767,34.41823681,5.316788604,19.6337385,0.0,30.41697465,54.95175817,0.0,13.46849361,5.316788604,29.72092241,6.544756406,0.0,0.0,17.09671,29.20822422,5.336228564,1.602986393,92.31,1.111666667,0.536529195,0.4323664651,0.288757716,0.04310796646,84.36464873,684.2162153,30.0101113,0.4678056847,0.3444062034,2.100962012,0.538384596,-0.4571438119,-0.3017713548,-1.070419864,3.3,5.36,-8.438024,1.4500812,4.491841,11.120244,-15.464689,-11.272732,12.514473,2.213148,13.6349,10.018556,8.277207,18.179865,-2.166867,-8.655296,22.334126,42.898632,13.273844,-1.6533258,1.7318699,4.919877,4.665391,-32.296036,-3.1989577,-0.7747217,-16.179747,4.6714454,27.018295,14.009588,5.556208,-14.0346775,3.0974095,0.92827827,-12.181725,-9.053795,-9.658356,2.6871176,1.8683109,5.982777,20.935299,-16.027796,-40.42254,-1.2866349,-4.044464,-17.397217,-10.469314,8.009608,-32.146397,-3.6566477,7.0041003,-15.224126,22.74938,22.477339,1.5649303,19.482792,22.802324,33.83997,-31.223856,-4.9736733,-20.334566,39.974392,-2.218398,-18.88452,-1.7464418,-6.017624,-5.191553
4.848697334,3.676470588,3.320297749,234.0424671,146.638395,152.1513151,154.5215311,155.8600735,-11.41723356,9.257392753,-4.504789671,90.4192685,0.01833869752,-0.6052906347,0.1221151942,-0.0006845049004,1.619596074,0.8521086766,0.8836555514,0.911205667,0.949529366,0.8666805238,1.077807802,0.9846878681,0.9578373186,0.6623486342,1.041088674,1.135733099,1.047761194,1.135733099,1.073583539,0.4833515941,1.05245355,0.9373673715,0.9811714161,1.110398745,1.150355583,0.9996112348,6.027292383,0.604984483,14.63948298,10.31162838,0.1169649632,0.5805272079,0.2749716524,0.9242705142,0.0,0.4358612357,1.964749993,0.0,7.430721208,0.0,0.0,4.21876315,0.0,4.920269352,0.0,1.550823072,0.0,0.5114928408,0.4833333333,0.03125,0.804040404,-0.102804161,4.853807548,30.56486862,10.05365156,4.983978521,14.98529578,35.61190719,42.82867707,5.13155848,13.46849361,5.316788604,21.31540493,6.544756406,0.0,0.0,12.29426824,28.66734712,9.912511074,1.509674981,100.53,0.7572222222,0.5130385488,0.2711404006,0.269382716,0.03602430556,83.88317849,614.6718566,27.85793764,0.2539588966,1.088917821,1.416112359,0.5321815625,-0.2250391206,-0.2183870753,-0.5894079099,0.0,3.4,-8.724262,1.5513406,7.2748966,14.946777,-17.724627,-14.360183,12.274364,4.4998975,9.029266,9.689129,10.3368,14.951035,-5.5394626,-8.896788,21.186253,47.31741,14.625471,-5.827,4.22293,5.444067,4.119762,-33.502808,0.60498184,0.8750937,-19.353598,6.4382954,31.87669,11.769312,7.8295074,-13.6754055,1.5917561,0.10839909,-15.301779,-12.266035,-9.445366,1.5813097,7.7313557,6.212512,24.608664,-18.388819,-42.444206,1.5130022,-5.7728496,-20.676674,-17.005457,10.17856,-34.207676,-7.2244606,9.577393,-15.9876175,27.747341,24.484812,-4.7709436,21.887033,24.874994,33.95052,-32.694866,-3.5372667,-16.485811,44.074966,-4.765016,-18.607872,-7.397555,-6.5552135,-3.9467897
4.773957061,3.472972973,2.914266118,230.235148,145.845287,148.3813604,151.4372488,158.2896713,-49.51303155,8.592592593,-6.617283951,64.14594511,0.01319187032,-0.5424713612,0.02487340515,-0.1647928792,1.631223005,0.7830632226,0.9492939396,1.57202316,0.8380500754,0.9473026973,1.077305507,1.524760124,1.387166887,0.6663461538,0.9152027027,1.045898438,1.069811321,1.501744186,1.340878378,0.7508056036,1.076368706,1.022977905,0.9901710442,0.9148115269,0.9323395669,1.104577905,4.005253743,0.6049928079,14.69445762,10.31197226,0.1375457188,0.5499433048,0.25,0.8112482541,0.0,0.4274669274,2.084746438,0.0,0.0,0.0,0.0,0.0,0.0,0.0,0.0,1.593774697,0.0,0.7542868453,0.496969697,0.02272727273,0.7444444444,-0.06666666667,4.260067015,27.38437883,5.733667477,0.0,9.499376415,47.23207271,25.12283841,0.0,6.9237372,5.733667477,14.59805822,0.0,0.0,0.0,0.0,11.33678588,1.955014172,1.613859381,56.21,0.6394444444,0.3411635488,0.1068279164,0.075625,0.03949652778,72.40141278,487.2236312,23.58492331,0.7204509383,0.7062363366,0.9676788122,0.5995363641,-0.1800221216,-0.08268454143,-0.4607564351,2.9,3.84,-5.579992,1.9157518,2.2777486,6.9860015,-9.3596735,-6.7688484,7.622984,0.51543856,7.2137666,6.5900354,5.5055265,10.197938,-0.43567637,-6.347013,12.705373,26.420294,8.848541,-1.8707917,2.3211253,3.7905424,3.3360865,-19.561148,0.45298326,-0.39424977,-9.518532,2.4552095,17.973791,7.460183,5.000464,-9.487427,0.38345888,-0.11576766,-9.097118,-5.2581205,-5.799799,1.6983367,2.4677143,3.9587994,13.25253,-9.167408,-25.10175,0.68970764,-2.7890835,-11.444139,-7.686817,6.2860284,-19.577038,-3.3310852,6.6154532,-9.993554,14.657609,12.967243,0.30291432,12.927235,13.747999,19.112503,-16.87694,-3.1568835,-10.539625,24.234814,-1.2329895,-10.544818,-2.6727858,-4.7282133,-3.2003498
4.901991542,3.465909091,3.001956182,203.4693332,145.3165078,151.89922,160.6433275,158.0086496,18.78947368,9.628808864,0.8947368421,82.57558984,0.008049133928,-0.1918062861,0.07169790787,0.0761606167,1.162937413,1.217018839,1.048257251,0.8730170777,0.4395624979,0.7616468039,1.080539119,0.9861455749,0.8733974359,0.637195122,1.079545455,1.360042735,1.064351852,1.140681004,0.7604166667,0.5179597771,0.659397389,1.107703422,0.8546722313,1.047113643,0.9783092704,0.9256509916,8.001917602,1.344599701,17.42477117,10.94681614,0.09768963408,0.5198743352,0.2823601614,0.6081458985,0.0,0.4288138676,1.977020209,0.0,0.0,0.0,0.0,0.0,0.0,0.0,0.0,0.0,0.0,-0.2196348786,0.4766233766,0.02272727273,0.8051948052,-0.07561904762,4.44775983,24.41431234,0.0,9.665781456,4.390415048,18.19910121,49.59430021,0.0,26.31013685,0.0,14.76446326,12.96557803,0.0,5.817220841,0.0,0.0,2.114662226,1.711870415,30.71,0.5980555556,0.3628472222,0.1456364953,0.065625,0.04616013072,72.54717785,460.2900175,18.22532242,1.003664723,0.206040292,1.226171421,0.1307286211,-0.1332963839,-0.08269362005,-0.5430223149,3.04,4.49,-4.1284175,0.6029952,0.4585123,2.9677947,-5.0983143,-3.0588822,5.0460205,-0.48523572,7.0577173,4.6114893,2.3925512,8.089872,1.1788986,-4.201674,9.456929,14.156503,5.2652335,1.8440405,0.59539807,0.6714182,2.5278149,-12.591983,-2.7506413,-0.6463471,-5.19805,-0.2537211,8.986482,6.14267,1.0219653,-6.844068,0.8020495,0.9024012,-3.431076,-0.8378525,-3.9318612,1.9866545,-2.370538,2.7466471,6.403659,-4.8696322,-15.1269045,-1.4768902,-0.6390719,-5.728196,-2.4068236,2.8543606,-12.523262,-0.03964583,2.4720852,-5.504328,7.900569,8.802044,2.9604425,6.3623457,9.204268,12.828315,-10.542061,-2.9031475,-8.971449,12.532056,0.38905242,-7.005986,1.8658336,-2.642201,-2.8378778
4.861352741,3.7,4.220679012,225.3886755,151.6958674,155.4356208,164.3691282,163.579493,40.77777778,6.537414966,4.410430839,115.2841378,0.02216603691,-0.4391655622,0.03790659903,-0.1082080105,1.435669422,0.9879732454,1.127569737,1.126417538,0.7806419591,0.8376247066,0.9415186773,1.059100291,0.8839957554,0.7570743405,1.066786571,1.068843838,1.012520753,0.8276792359,0.890952991,0.5669738872,0.7503067784,1.116901805,0.8998531456,0.9999086453,0.9936344724,0.9230647003,8.00296162,1.402889494,17.42581605,10.95058274,0.09716042898,0.4110544159,0.3309330933,0.6842646078,0.0,0.4357432384,0.0,0.0,0.0,0.0,0.0,0.0,0.0,0.0,0.0,0.0,0.0,-0.5723276749,0.4573129252,0.05357142857,0.8353302611,-0.1527537938,4.576492125,33.04621867,11.05045608,19.44429716,8.780830095,0.0,36.39820241,0.0,6.544756406,5.316788604,25.65562151,11.33929359,17.54162141,17.80213589,22.40817398,24.39594478,4.611065914,1.434219361,98.72,1.0175,0.3802083333,0.2418587805,0.224375,0.05050505051,77.47703206,420.222543,22.95959006,0.90996284,0.3531650752,1.708641997,-0.1862520163,0.3262461937,-0.403681998,-0.7516337811,1.72,2.49,-8.495757,0.93988967,5.639145,12.442835,-16.589083,-12.601359,12.860109,3.7232873,11.867083,9.908088,9.402549,17.400486,-4.0759706,-8.253931,21.759748,45.594387,13.733826,-3.6688874,2.3543057,5.99774,4.2742705,-32.388546,-1.5196893,-0.29599983,-17.34234,6.5522413,29.024046,13.550317,6.5629144,-12.817482,3.1875567,0.70936394,-13.501473,-11.435245,-9.740323,1.6528808,4.589493,5.8342004,23.085478,-17.285717,-41.66911,-0.6910121,-5.2649517,-18.955965,-12.697091,8.4609785,-32.438343,-5.5075784,7.3106365,-15.51807,24.437056,22.901686,-0.99106085,20.861784,22.878157,34.175846,-33.078823,-4.069517,-19.438906,43.104828,-3.6128325,-19.078209,-4.1849613,-5.7619915,-4.3559165
5.004670617,3.783505155,3.044225146,217.7137814,145.0689175,149.6602993,156.8329489,154.6385674,-12.62105889,10.46936347,-0.1576442594,67.74158233,0.01672396569,-0.3451087007,0.03917305335,0.01575294297,1.221432971,0.8522958227,0.7828149507,0.7769185816,0.986210367,0.7942300707,1.076403058,1.049011783,1.042498598,0.5637613662,1.105212256,1.420894475,1.231441878,1.001033647,0.8018306821,0.6112185644,0.96268159,1.10505388,0.836570283,1.046447304,1.066716709,1.086756936,6.002808358,1.343837907,14.6923449,10.9296146,0.1695781641,0.5913525046,0.3957624643,0.6161419305,0.0,0.424471141,0.0,0.0,0.0,0.0,0.0,0.0,9.971024987,0.0,0.0,0.0,0.0,0.2406943395,0.4773333333,0.02,0.7756410256,-0.07559475351,4.536784091,28.3756861,5.106527395,14.64975998,0.0,6.066367068,54.80329715,0.0,19.38639965,0.0,24.85496918,12.96557803,0.0,5.749511833,0.0,18.32957771,5.708215677,1.70320637,63.83,0.8061111111,0.3315972222,0.1428571429,0.04125,0.03885582011,76.44777416,470.9584531,19.33803286,1.034089304,0.361556211,1.394845955,0.3893829095,-0.2005879165,-0.1884510013,-0.6117493604,2.58,3.52,-5.915651,0.28712192,3.0419903,7.250476,-10.740718,-7.777305,8.882331,1.6810296,10.983745,6.9626613,5.228083,13.839427,-1.4487562,-5.630526,16.677942,29.496435,9.001817,0.1478712,0.2900493,2.5340316,3.373683,-23.010664,-4.386318,-0.7217994,-11.367808,3.0196173,17.728472,10.978089,2.40677,-9.754782,3.106868,1.1920865,-7.1516995,-5.831377,-7.0097356,2.1838846,-0.5951197,4.1637754,14.028761,-11.338547,-28.222107,-2.2455015,-2.2812138,-11.435732,-5.9262214,4.6913314,-22.782425,-1.4885738,3.3413088,-10.089035,15.347494,16.392729,2.3134823,12.65331,16.289995,24.877163,-23.127028,-3.799028,-16.080261,27.573391,-1.2625977,-14.138009,0.570509,-3.7053225,-3.8809674
4.864804781,3.4375,3.304012346,205.6623007,150.7422912,156.5904547,162.1886413,162.5938958,-57.76,8.5504,-6.0864,107.2989672,0.01826139493,-0.4288343427,0.03424145299,-0.002523011177,1.506769354,1.157684579,0.9531309364,1.234388443,0.9610580113,0.9097222222,1.021028037,1.116452991,1.122747748,0.7478632479,1.029146635,1.140141984,1.003440367,1.27280572,1.061157311,0.6107986111,0.9418754411,0.9280267763,0.9766994613,1.046021396,1.153810694,1.007617801,8.001919155,1.297044434,17.42477342,10.96083376,0.07339749766,0.5839639956,0.2749716524,0.7619708197,0.0,0.4309705789,1.774165069,0.0,7.562182332,-0.0649086011,3.332076483,4.316086875,0.0,0.0,0.0,0.0,0.0,-0.3288425815,0.4695238095,0.03333333333,0.7822510823,-0.09478407771,4.93366069,29.07485563,10.30076712,15.41868244,14.3667983,24.27512131,31.19885851,6.165775612,19.63426922,5.316788604,32.46515906,6.544756406,0.0,11.98299645,29.32046839,13.26227256,7.497273731,1.540168313,81.23,0.6980555556,0.5755385488,0.2769274376,0.250933642,0.03842592593,81.68285193,557.2455771,28.84315424,1.066066097,0.5609659427,1.926847823,0.3295471446,-0.2848152866,-0.05389304603,-0.908020336,2.48,3.13,-7.69201,0.8167584,3.5527391,9.192314,-13.718582,-9.557966,11.481978,1.6236804,14.444724,9.151544,6.6431255,17.937077,-1.1447357,-7.6642647,21.519648,37.61909,11.643737,0.46852747,0.5834875,3.196617,4.5078697,-29.709196,-5.499522,-1.0850967,-14.27835,3.276746,22.758154,13.988186,3.3929935,-13.226092,3.6504457,1.4565289,-9.367831,-6.7982016,-8.9453125,3.1228507,-1.0500641,5.513872,17.690447,-14.219204,-36.325207,-2.6619084,-2.825779,-14.644384,-7.374154,6.254236,-29.456663,-1.6383474,4.8402114,-13.315934,19.538923,20.967499,3.6160064,16.472797,21.000858,31.767092,-28.88999,-5.0823812,-20.579767,34.93269,-1.156573,-17.928234,1.0690255,-5.099178,-5.280617
4.874326233,3.365079365,2.850074822,214.0598992,144.396871,149.4320538,155.9222516,156.1388795,13.3531746,9.840561224,0.8459821429,94.51319652,0.009586985303,-0.2821036885,0.06266700365,0.02197625804,1.333115534,1.187980701,1.008003053,0.9936761116,0.709640446,0.9778717788,1.110387113,1.06159316,0.939639198,0.7100864553,1.049631764,1.195407642,1.086432277,1.127862885,0.9409980282,0.8502401086,1.188325855,1.025205447,0.9897767469,1.041430944,1.059198421,1.115374347,3.042254454,1.193723817,14.69236026,10.31285373,0.08269002881,0.5159226139,0.2749716524,0.9344253819,0.0,0.4365675589,1.99558434,0.0,0.0,0.0,0.0,0.0,0.0,0.0,5.560216427,0.0,0.0,0.8611302811,0.4949494949,0.01515151515,0.7549019608,-0.05845382687,4.613415568,34.97741995,5.316788604,14.64975998,0.0,48.61607585,54.95175817,0.0,19.88931523,5.316788604,24.73694389,6.544756406,0.0,0.0,12.96557803,0.0,4.58749063,1.709746807,55.63,0.7469444444,0.535643424,0.2885015117,0.348757716,0.03444444444,83.14784874,726.0298855,27.8533095,1.097971565,0.9231082736,1.531711589,0.01790827482,-0.5036053985,-0.0206314045,-1.145074,3.89,6.29,-6.3954296,0.9917343,1.377525,5.6974087,-9.263626,-5.898587,8.553214,-0.18978979,11.581148,7.4203663,4.4087057,13.593453,1.0400357,-6.6081796,15.889945,25.602392,8.864187,1.9453324,0.78202814,1.7174398,3.9048948,-21.603703,-4.2168655,-1.0496223,-9.361004,0.703342,15.961633,10.308147,2.2869773,-10.974353,1.8668116,1.2913104,-6.433403,-2.852274,-6.678619,2.9461315,-2.6327732,4.377262,11.73306,-9.08026,-26.202143,-2.2206635,-1.4741197,-10.146601,-4.4873986,4.832225,-21.439077,-0.55148214,4.143754,-9.670007,13.720747,15.011086,4.2651105,11.526973,15.483117,22.317135,-19.048103,-4.487675,-15.180238,23.152147,0.19937223,-12.435034,2.201,-4.2826643,-4.5004997
4.849016367,3.706422018,3.081933308,234.537801,147.1267119,155.4926101,153.8608868,154.9474118,55.79155188,15.56826446,3.234380165,94.51473405,0.02132887365,-0.4242943601,-0.003119016663,0.1473669127,1.435611588,1.229656219,0.8872313226,0.8187761365,0.8000752967,1.02880237,1.106518076,0.7652643904,0.8199797894,0.6066637531,1.099683219,1.22529148,0.9311583188,0.8900267334,0.953231231,1.04286882,1.407306473,1.048704333,0.9879616512,1.056185599,1.246454741,1.0641772,3.514939731,0.6049838681,14.63944426,10.31162784,0.07810139099,0.5652352563,0.2749716524,0.9923118959,0.0,0.4357528685,5.268518982,0.0,7.494747653,0.0,0.0,4.236569932,0.0,10.77109426,0.0,1.577366019,0.0,0.7470021001,0.4818181818,0.04545454545,0.8117647059,-0.09330121933,4.831093122,32.34373128,14.79051451,4.983978521,14.98529578,23.47917305,42.82867707,5.13155848,13.46849361,19.53638369,35.53500001,6.544756406,0.0,0.0,6.544756406,36.90382885,8.289948125,1.517085777,85.97,0.8475,0.5130385488,0.3023904006,0.3740740741,0.04248366013,85.10156259,651.2379548,30.15670869,0.2536841619,0.6541941114,1.320090861,0.1072378194,-0.09119068697,-0.3785549524,-0.7640507689,0.0,3.94,-7.6673346,0.4171336,7.9916515,13.273026,-16.458775,-12.913005,11.06197,3.3804038,12.379061,7.74722,7.0145397,16.506771,-4.6635923,-7.566768,24.393726,41.0181,12.03323,-0.7129065,0.6453344,-0.41079563,3.7943003,-34.303467,-7.9445777,0.38909188,-19.221592,3.213822,25.576975,14.494213,2.3919551,-14.724634,3.6719608,1.7926221,-9.942538,-7.727255,-9.00398,3.8960545,0.46183246,6.378278,18.438387,-17.95351,-38.159313,-1.9144887,-2.8019812,-16.147064,-11.94258,7.178647,-33.589413,-1.163122,4.536085,-13.4336815,25.215046,26.90699,-0.9767287,15.502185,26.532614,35.688423,-33.081802,-4.7173123,-20.292454,36.941345,-3.1366615,-20.161226,-0.053416822,-5.1691203,-5.4927907
4.938450799,3.547169811,2.952614379,206.9651225,147.0329911,153.6556268,158.2622088,157.8935981,-56.2362949,12.29395085,-12.52882798,76.32116303,0.01459830968,-0.3109469315,-0.1076185817,0.02402220473,1.30043801,1.239887005,1.003184319,0.7673070186,0.9542859032,0.8699734562,1.107528804,0.9513216961,1.13610395,0.546084089,1.062545692,1.284026605,1.083866224,1.064682751,1.148939296,0.9203548982,0.9180485668,1.089704433,0.8605573976,0.9979476052,1.244918896,1.026739175,6.002696927,1.353059441,14.69236856,10.94501702,0.1039478473,0.7274352681,0.4184429249,0.6219316936,0.0,0.430569932,0.0,0.0,4.250093418,0.0,0.0,0.0,9.15088575,0.0,0.0,0.0,0.0,0.8719306458,0.475308642,0.0,0.7845238095,-0.07816590563,4.922442729,25.24015988,9.673627043,9.665781456,4.983978521,18.20875424,42.3257615,0.0,19.51033443,6.606881965,36.02895079,13.08951281,0.0,6.606881965,6.420821623,6.196843572,8.596776465,1.642944843,68.76,0.775,0.467864229,0.1985701688,0.0931404321,0.04328165375,79.78605447,526.1910935,29.43528542,1.111402049,0.6413994341,0.8956741028,0.7207626134,-0.02608265521,-0.2221000068,-0.7502124358,2.11,2.71,-7.639421,-0.06805019,2.05196,6.587911,-11.4801855,-7.2394447,10.539857,0.80467117,15.470523,8.753685,4.898645,17.817167,0.47640413,-7.022081,20.752514,31.191525,10.088069,3.6628473,-0.25579455,1.2261653,4.4996176,-26.599743,-8.0436945,-1.487912,-11.85386,0.9558944,17.73606,13.963823,0.7652753,-12.521035,3.9055758,2.513258,-6.1638937,-3.600717,-8.189543,3.7981546,-5.04688,5.315976,13.766799,-11.642632,-31.944544,-4.3284454,-1.566268,-11.572303,-4.0886393,4.5137014,-26.574808,0.53403634,2.6040413,-11.070316,15.986063,19.396124,6.08711,12.847271,19.292048,29.050312,-25.730291,-5.250125,-20.958311,28.612793,0.18990135,-16.42498,4.9585614,-4.265636,-5.702596
4.84846034,3.602040816,3.272757697,217.7495733,147.6075591,153.5631546,158.6008728,158.703596,-35.03983703,9.372566772,-6.952014486,80.88364055,0.01865184647,-0.4519285258,0.03812034463,-0.03916367122,1.479177485,1.240718322,1.060915141,1.214142928,1.05066048,0.9245404925,0.9143386003,1.130408837,1.063111871,0.6449464654,1.070404807,1.145593123,0.9593945414,1.1797682,1.101965118,0.9209631689,0.9937601196,0.9291838801,0.9387778607,1.032841836,1.242406046,1.001275863,3.510577866,1.434531922,14.63944595,10.96066876,0.09269389143,0.5992559472,0.2749716524,0.6579525772,0.0,0.4320955403,1.972652724,0.0,7.358504747,0.0,3.392014125,4.205186966,0.0,5.87198166,0.0,0.0,0.0,0.7230059524,0.4735632184,0.01724137931,0.7922222222,-0.08034404414,4.533861863,32.18596602,9.720841475,4.983978521,14.98529578,30.34148838,37.26522558,0.0,13.53061916,0.0,26.29938345,6.606881965,0.0,0.0,6.606881965,5.008912524,8.142903519,1.59041542,80.5,0.6669444444,0.5130385488,0.2398904006,0.164691358,0.03294573643,80.46990232,578.2333826,30.216055,0.7629932834,0.9684512354,1.684487714,0.4236310815,-0.08253240457,-0.05809527325,-0.8805438335,0.0,3.04,-7.522023,1.4219044,5.9123526,11.738513,-14.679157,-11.304348,10.470714,2.3022687,10.53938,8.172823,7.310438,14.719109,-3.1276128,-8.025502,20.535069,38.31146,11.994359,-2.0702295,2.0982037,2.266967,3.9474335,-30.164005,-3.429851,0.22650027,-16.317692,3.3559558,25.108091,11.934133,4.6474905,-13.585089,1.98467,0.67047495,-11.1457615,-7.6422544,-8.32956,2.9029245,2.420618,5.775524,18.383,-15.40973,-35.68037,-0.2952885,-3.3457634,-15.901623,-11.733835,7.9497614,-30.080776,-3.0615582,6.7468576,-13.365771,22.791893,22.287945,-0.9096584,16.50617,22.59602,30.596546,-27.944736,-4.269791,-16.618412,34.82608,-2.7050827,-16.97395,-2.3315194,-5.777859,-4.6805744
4.864588,3.608695652,3.466820988,230.5259049,144.9044843,148.4765403,154.7277747,159.3972822,42.85714286,9.503401361,3.206349206,89.15266053,0.01898525196,-0.4477815531,0.01221177113,-0.09457652411,1.342261376,0.7890149473,1.363262334,1.052159668,0.9040035769,0.8131389853,1.141185036,0.998046875,0.816796875,0.6757125155,1.16548812,1.066914498,0.880204461,0.8977695167,0.8573420074,0.594488226,1.21680931,1.033087734,1.04973432,1.019929959,0.946620824,0.976771779,8.00191865,1.381899406,17.42477199,10.93671087,0.1494411664,0.2874574786,0.3539449579,0.7050412072,0.0,0.4349721911,1.913615089,0.0,0.0,0.0,0.0,0.0,10.18764651,0.0,0.0,0.0,0.0,-0.3127265288,0.4738095238,0.05769230769,0.781462585,-0.08023809524,4.599836172,26.67117399,10.423316,9.967957042,4.390415048,17.69618563,49.38830668,0.0,6.9237372,5.316788604,15.07448444,0.0,0.0,11.56673267,22.16030442,54.85825662,3.300703945,1.693850743,58.04,0.7222222222,0.2864583333,0.2302847065,0.184375,0.05087209302,61.2653587,468.1974283,22.41989402,0.9940593919,0.252506525,1.767059098,-0.1909803943,-0.1627466229,-0.4715608112,-0.8289668641,2.78,4.61,-5.6080503,1.7020987,2.604727,7.3249493,-9.735042,-7.1397514,7.7950644,0.90883553,7.3538437,6.598372,5.6325207,10.482887,-0.91517884,-6.2091756,13.10392,27.28338,8.943901,-2.0327303,2.217139,3.8213022,3.237542,-20.050549,0.1832025,-0.32908365,-9.988343,2.8182547,18.319468,7.745913,4.912852,-9.37146,0.6898852,-0.04314679,-9.095364,-5.7548776,-5.9435134,1.5933291,2.6391137,3.9735088,13.739869,-9.692164,-25.675056,0.51298195,-2.9111319,-11.709892,-7.878464,6.194242,-20.087572,-3.418315,6.3303366,-10.092921,15.018717,13.458794,0.10101521,13.1703205,14.107914,19.907162,-17.914608,-3.0945122,-10.977257,25.179825,-1.4780151,-10.985693,-2.750426,-4.593423,-3.1511154
4.849236419,3.52991453,3.306701031,213.2584266,150.1287662,155.577371,160.8410993,160.5068487,29.2231405,12.33190083,-1.428099174,95.24651352,0.01876581317,-0.5664426947,0.1094217908,-0.1010351581,1.644646751,1.033013916,0.9955550995,1.222162933,0.8243709277,0.8645085204,0.9498613445,1.014306471,0.8948174807,0.67720605,1.067178337,1.133897991,0.9007303728,0.9470047768,1.032174888,0.5831065625,1.071351174,0.9951634806,0.9066751467,1.097522734,1.310822657,0.9821630683,7.00827392,1.434073753,14.63951058,10.96036596,0.07749483598,0.5805272079,0.3583049857,0.8363108353,0.0,0.4341536023,3.449495526,0.0,7.310006535,0.0,3.427411502,4.213929749,0.0,0.0,0.0,0.0,0.0,0.7166552308,0.4707070707,0.0303030303,0.7768518519,-0.0901048723,4.785105395,31.86602872,15.61755573,9.778515705,14.98529578,24.27512131,37.26522558,0.0,20.39223081,10.63357721,32.20656318,11.33929359,0.0,5.907179729,12.23214268,5.008912524,8.074807205,1.519719022,112.4,0.9516666667,0.6163548753,0.3699058327,0.2540740741,0.03708333333,85.07531955,560.2970948,23.48571641,0.589946109,1.275906232,1.343688942,0.6540897371,-0.4443702253,-0.1608836955,-0.5588379815,0.0,2.38,-9.542808,0.52401334,6.5717087,13.929006,-18.889214,-14.367355,14.659197,4.5432277,14.494616,11.052911,10.275833,20.596848,-4.8728228,-8.8727665,25.5804,51.686325,15.243468,-3.3327901,1.7634672,6.1759825,4.826572,-37.20113,-3.4812267,-0.44575077,-19.9502,7.4714384,32.038395,16.363998,6.2671213,-14.312169,4.5695896,1.2470762,-14.326647,-12.814598,-11.198684,2.1160054,3.9841254,6.5316854,25.745775,-20.011705,-47.338413,-1.8015796,-5.6486664,-21.006851,-13.471667,8.835121,-37.11806,-5.364272,6.9512277,-17.313866,27.382116,26.692255,-0.33713353,22.955303,26.28077,39.98199,-38.91446,-4.7352924,-23.52754,48.935104,-4.044826,-22.47975,-3.478431,-6.0938654,-5.1319647
4.85902328,3.638095238,3.107954545,231.4398889,148.0142773,153.3143896,155.3282134,156.8633083,-29.10862222,11.7136,-5.7696,91.41802687,0.01191697446,-0.4483522929,0.165154722,0.01227528567,1.530777925,1.020428974,1.339922433,1.341131133,0.9079005232,0.8927328309,1.004810395,1.07259851,1.023487749,0.6676477,1.007194245,1.070732199,1.083496839,1.175559128,1.050600343,0.7414374579,1.052047129,0.7909668944,0.9759827418,0.9749951243,1.13504606,0.899949443,3.06600847,1.197963465,14.69645493,10.3132178,0.09516888768,0.5680413817,0.3928227826,0.9651887039,0.0,0.430390951,4.008661771,0.0,0.0,0.0,0.0,0.0,0.0,0.0,5.650160095,0.0,0.0,0.7508866108,0.488172043,0.01612903226,0.7833333333,-0.0884610814,4.683074189,30.59601634,5.316788604,4.983978521,14.18117935,18.19910121,73.59045324,10.75961411,13.8474744,5.316788604,34.47495837,0.0,0.0,0.0,5.112436885,9.197200829,5.338201694,1.544654418,72.93,0.9725,0.6137329932,0.3482221592,0.269382716,0.04123263889,82.91363859,645.6229172,27.81905609,0.9532300442,1.242463628,1.191549598,0.6325831402,-0.06725040106,-0.05680973027,-1.046102252,3.62,3.88,-7.381096,0.1868617,2.7467585,7.6477723,-12.31763,-8.246116,10.741623,1.2797772,14.919403,8.582164,5.398216,17.62924,-0.3942272,-6.9701514,20.895002,33.45307,10.46738,2.255294,-0.17958738,1.7978657,4.342684,-27.613901,-7.216812,-1.2936608,-12.818421,2.1336079,19.418041,13.975625,1.6044475,-12.535802,4.040529,2.089316,-7.2173586,-4.9558835,-8.358774,3.4954288,-3.3565893,5.249492,15.129262,-12.768307,-33.223488,-3.749933,-2.0443692,-12.570636,-5.1855865,4.912585,-27.345982,-0.24378553,3.2206726,-11.764482,17.143452,19.940493,5.0010934,14.020145,19.754538,30.015985,-27.00837,-5.0965147,-20.712456,30.909805,-0.39100748,-17.08939,3.360694,-4.377408,-5.4115086
4.848683342,3.583333333,3.174818841,217.4917041,149.2712213,155.9281231,158.8721414,159.3912007,-9.917159763,12.75,-2.875,89.00980249,0.02003942051,-0.4468943195,0.05866872307,0.1054316512,1.500332517,1.229063862,0.9847671875,0.8274635937,1.006392307,0.9498250875,0.9568916813,0.9345154658,0.9670699738,0.6275510204,1.119047619,1.140435835,0.9236453202,1.059233449,1.022556391,0.9156935468,1.101159619,0.9656712819,0.9591979016,1.036370699,1.310011246,1.015695693,3.513572326,1.43420064,14.63947769,10.96020642,0.08270546158,0.5805272079,0.2749716524,0.7412859105,0.0,0.4340286995,3.636171301,0.0,7.393476832,0.0,3.451864686,4.219052777,0.0,5.30040824,0.0,0.0,0.0,0.8007530234,0.4720430108,0.03225806452,0.7838383838,-0.08221288515,4.891995487,28.3970158,15.03763008,4.983978521,14.98529578,18.20875424,37.26522558,0.0,13.46849361,12.42658615,33.40918099,6.544756406,0.0,0.0,6.544756406,12.11871007,8.179987291,1.551691863,92.53,0.7294444444,0.5130385488,0.2711404006,0.269382716,0.03679078014,82.7928273,608.1489651,29.55941196,1.313416619,0.8614644449,1.635695528,0.3594575005,-0.1300577009,-0.1397330634,-0.9684317067,0.0,2.77,-8.374365,0.7874929,6.4068356,12.561006,-16.47354,-12.577858,12.182576,3.061078,13.449646,9.201192,8.020916,17.985844,-3.7403588,-8.309388,24.0726,43.48295,13.092253,-1.3429523,1.2310017,2.5609944,4.356697,-34.241695,-5.726582,-0.10715169,-18.31856,4.265699,27.187695,14.7830515,4.0258503,-14.6067505,3.6445725,1.3404968,-11.3801,-8.921784,-9.70089,3.232681,1.2868471,6.3029003,20.560709,-17.648746,-40.56818,-1.7748363,-3.5858393,-17.376347,-11.616785,7.7820435,-33.96456,-2.6513934,5.7880387,-14.70227,24.758615,25.410515,0.21818924,18.185167,25.331474,36.011284,-33.52002,-4.9366136,-21.012705,39.99542,-2.8780081,-20.189785,-1.0697405,-5.676844,-5.3702087
4.830977123,3.19047619,3.013918566,197.618783,145.2910006,151.3963777,158.553924,159.1155841,3.750863514,10.08710372,-2.064019698,91.86820294,0.02117709673,-0.5439457755,0.08542210788,0.08778937804,1.570230741,1.046411405,0.9844472336,0.6957200333,0.8575510837,0.8855521764,1.154903175,0.9941924997,0.9145329104,0.7138267188,1.0155902,1.177630507,1.17040578,1.134726743,0.9361260817,0.6613212159,1.32738614,1.057209493,0.8735391984,0.8808402317,1.185067349,1.037073596,7.008272631,0.6101341164,14.55669008,10.3116965,0.08010749572,0.7018151258,0.2749716524,0.8201753057,0.0,0.4365675589,1.980461182,0.0,0.0,0.0,3.483599061,0.0,0.0,10.99806812,0.0,1.580919516,0.0,0.7308775956,0.4828282828,0.01515151515,0.7961904762,-0.09284459832,4.788858874,33.96432435,19.77449303,4.794537184,9.967957042,18.19910121,50.09721579,11.49902367,32.60702369,12.10973091,27.6520576,11.21535881,0.0,12.70012204,6.420821623,11.33678588,2.861840933,1.586380565,89.13,0.6841666667,0.3489937642,0.3061696901,0.2409490741,0.04106280193,85.98925736,547.8982819,20.3887335,1.360497209,0.7396460884,1.556351432,0.6518211575,0.02035868457,-0.6009658149,-0.5635421143,3.72,6.69,-7.265054,-0.004274547,9.273868,14.549208,-17.255741,-14.116143,10.7337885,5.050657,9.291335,7.3194695,8.083332,14.358379,-6.921276,-6.874598,22.439966,42.26705,12.067594,-3.5355613,1.6032398,0.9119566,3.2139645,-32.824512,-5.161478,1.3025377,-20.018126,5.24034,26.956787,12.855692,3.7283397,-12.662515,3.2713466,1.2198489,-11.183856,-10.271868,-8.545056,2.439672,4.258358,5.8940997,20.397865,-18.83606,-37.82233,-0.6654204,-4.03581,-17.47798,-14.82328,7.725914,-32.68094,-3.7967892,5.2564306,-13.226271,26.533083,26.373398,-4.6176634,16.469294,25.57279,34.3057,-33.53704,-3.2914524,-17.566935,38.867874,-4.807543,-19.18337,-3.807049,-4.9114485,-4.1194263
4.916329185,3.768292683,3.341384863,232.4656436,147.7994006,153.750528,155.8522294,160.0308049,-18.80144642,11.92899408,6.017751479,66.93814597,0.01455029339,-0.5411689529,0.08106240199,0.1824664382,1.534657737,0.8324863591,0.9621999605,0.9341794455,0.9980776133,0.7670807453,1.056989539,0.9899678629,1.072050523,0.5989858907,1.180706113,1.040377633,1.087841587,1.279987807,0.6696279613,0.569877515,0.8462003121,0.9600469248,1.015827284,1.099042653,1.212630218,0.7967071177,7.008280435,1.404458667,14.69249356,10.93737136,0.1480783452,0.4267522528,0.4117917052,0.7081566143,0.0,0.4307788997,3.937569546,0.0,0.0,0.0,2.613716088,0.0,0.0,0.0,0.0,0.0,0.0,0.7484194959,0.4722222222,0.02083333333,0.7946666667,-0.09702911468,4.490029142,25.85598978,4.983978521,4.794537184,14.64975998,12.13273414,43.67639416,5.817862778,13.8474744,0.0,24.73242031,0.0,0.0,5.559266895,10.90292493,10.87864651,3.215800587,1.564673898,76.46,0.7258333333,0.3620323129,0.1491480852,0.12125,0.046875,72.97059469,448.7846472,18.1513505,0.6287086609,0.7488541358,1.528382553,0.02348531436,-0.2423430803,-0.2401876426,-0.5357268874,2.49,3.48,-6.7193995,0.33314857,4.179185,9.16778,-12.804255,-9.662263,10.194709,2.6707277,11.119807,7.8057294,6.683593,14.981546,-2.7623127,-6.2738,18.429382,35.235256,10.516058,-1.3137426,0.7763049,3.7367153,3.5334125,-26.257338,-3.5641074,-0.45827508,-13.675599,4.571284,21.599102,12.010986,3.658444,-10.489697,3.371339,1.0750403,-9.210899,-8.074455,-7.9262977,1.8863424,1.3756421,4.620048,17.227617,-13.646869,-32.78959,-1.79959,-3.3666036,-14.030571,-8.415892,5.8280606,-26.043667,-2.9067554,4.3735948,-11.840617,18.585686,18.774464,0.85129726,15.376232,18.577038,28.288456,-27.015707,-3.7953591,-17.280535,33.156174,-2.3140016,-15.983181,-1.1991785,-4.232649,-3.925708
5.014270452,3.506944444,2.766425121,211.5501562,144.9591998,153.2149178,154.647031,158.0902222,-71.71488033,16.31139438,-3.700832466,98.68180236,0.0113255609,-0.2338012371,0.09493022365,0.1062491757,1.250955279,1.392371222,0.946747039,0.9065771212,1.424660313,0.9494828494,1.010863407,1.004833326,1.179242013,0.6138349531,1.020013439,1.17623763,1.005180053,1.020257753,0.8853157738,0.8254589026,1.18349401,1.040100637,1.004448111,1.089548448,1.22661994,1.018378448,3.511120661,1.34383709,14.69237084,10.92966139,0.05837999226,0.674685838,0.3957624643,1.111767991,0.0,0.428824992,4.139939267,0.0,0.0,0.0,0.0,0.0,0.0,6.251749727,0.0,0.0,0.0,0.7873235807,0.480952381,0.01428571429,0.779047619,-0.05710312366,4.735429813,33.98248383,9.636772685,14.64975998,0.0,18.19910121,86.59482674,0.0,25.93115606,14.09534397,38.74369548,19.51033443,0.0,0.0,0.0,0.0,5.819810695,1.740848142,56.07,0.9936111111,0.4618055556,0.3028470648,0.269691358,0.03740253411,87.85935869,695.6673758,26.98987973,1.990650749,0.3916446109,1.943681374,0.116915992,-0.6160022291,-0.2655794832,-0.751257403,4.4,5.11,-6.790808,-1.4396249,3.4819803,5.997307,-10.384126,-6.592718,8.590355,1.3948513,13.245488,6.8145704,3.4046774,15.0175705,-0.48250663,-5.639427,20.065712,25.118626,8.3101845,5.4153867,-0.95014834,-2.4610155,3.5743694,-24.217115,-11.105942,-1.1041484,-11.349575,-1.0884312,13.461865,13.216564,-2.4344087,-11.09863,3.857054,3.6400368,-3.1516254,-1.6483165,-6.62041,4.2237654,-7.14645,5.353575,9.429207,-10.588199,-26.604607,-5.0250554,-0.7698145,-9.325039,-4.2282324,3.006803,-24.378065,2.468754,-0.3106432,-8.094867,14.863246,19.907827,4.390134,8.025762,19.557102,26.609795,-23.915163,-4.3551736,-19.39835,22.350346,-0.34656453,-14.9788475,7.5404615,-3.2999482,-5.875885
4.859276549,3.738317757,3.577651515,236.0163448,149.9215863,153.2231385,156.0873279,156.720858,8.856080994,10.8792772,-2.886966551,95.16525754,0.0178130734,-0.5697075948,0.152674001,0.008197882176,1.622755777,0.8121042826,0.901975303,0.9058826568,0.7456903674,0.8494343581,0.9889056413,0.970215298,0.9213030224,0.6951708023,1.035530034,1.079870825,1.025941792,1.131777432,1.01871685,0.5096462942,0.9614625238,0.8484553237,0.9536466265,0.9894265938,1.100146157,0.8924655529,7.008276925,1.197963212,14.69649278,10.31321758,0.09526558908,0.5680413817,0.5594894492,0.9407809356,0.0,0.4317396456,1.930889466,0.0,0.0,0.0,0.0,0.0,0.0,0.0,5.599671149,0.0,0.0,0.3844574123,0.4808080808,0.01515151515,0.7842592593,-0.1151440599,4.902146665,30.76219167,11.05045608,9.778515705,14.18117935,12.13273414,67.16963161,10.75961411,6.9237372,5.316788604,40.3821381,0.0,5.907179729,0.0,27.70437987,33.4626691,5.18847454,1.464151022,116.02,1.0975,0.6762329932,0.3482221592,0.3187654321,0.04046474359,85.20670301,613.3577466,26.44480004,1.065990437,0.912579029,1.355855556,0.5262642649,-0.2587828627,-0.1240861237,-1.042490007,2.64,2.57,-10.006267,0.23988658,6.6405153,13.937345,-19.546377,-14.616214,15.460084,4.354217,17.56836,11.567442,9.76433,23.355436,-4.4166627,-9.068001,28.640303,53.386066,15.552046,-1.4119754,0.45315006,5.0859566,5.304449,-40.155396,-6.83963,-0.85194945,-20.952658,6.831282,31.919687,18.865166,4.675486,-15.776528,5.870512,1.9888084,-13.2796755,-12.026169,-12.009514,3.227886,1.2602366,6.967313,25.599134,-21.05574,-49.685535,-3.4167094,-4.908296,-20.866623,-12.044364,8.229984,-39.72691,-3.5836718,5.662447,-17.888723,27.82651,29.0664,1.9823607,22.738052,28.399826,43.809772,-41.92537,-5.707062,-27.254375,50.258858,-3.4385853,-24.805296,-0.77956426,-6.0806446,-6.1755104
4.848896332,3.89010989,3.573572531,239.8246564,145.6785274,149.7519182,152.0313229,155.9181832,-14.18518519,11.14864198,-4.582222222,76.44144676,0.02761001101,-0.5799412478,0.1249041091,0.1260565844,1.582512901,0.9805835,0.85450956,0.7529898769,0.9173030861,0.8588942308,0.9352481106,0.9695526367,0.9849381388,0.6441425715,1.175892537,0.9603806415,1.207231726,1.057457317,0.9564541213,0.5889201549,0.4973830795,0.8764655761,1.100329068,0.7376273446,1.046286852,0.970908709,7.008275997,0.6101561804,14.55664848,10.31165994,0.0901235131,0.6706005604,0.5249716524,0.9394910954,0.0,0.4266824253,1.962832197,0.0,0.0,0.0,3.402951625,0.0,0.0,10.93954208,0.0,1.57240249,0.0,0.4506018944,0.4804597701,0.0,0.7927083333,-0.1116345023,4.621602886,34.01851817,20.19137191,4.794537184,9.967957042,12.13273414,37.25557254,11.49902367,6.9237372,6.792942306,27.6520576,0.0,5.907179729,6.792942306,17.13736782,23.46952001,0.0,1.538943376,103.12,1.118333333,0.4175878685,0.4306264172,0.274066358,0.03780864198,81.8314125,496.2371014,30.49350277,0.9035908309,0.3695886696,1.153524528,0.6935241838,-0.2265192519,-0.225877295,-0.7536525343,2.62,5.19,-8.759926,1.1862985,9.8943,17.021425,-19.769451,-16.073204,12.451941,5.174802,9.846883,9.173744,9.868232,15.848322,-7.093502,-8.988059,24.669004,49.38988,14.78415,-5.2427063,3.3654714,2.4328618,3.990586,-37.44272,-3.0697312,1.5690608,-22.524471,5.7703485,32.746773,13.457805,6.288908,-15.452698,2.2847989,0.66343606,-14.703947,-11.73388,-9.648739,2.7926,6.595112,7.016495,24.340149,-21.058374,-44.188866,0.8590487,-5.2121,-21.02141,-18.293697,10.314891,-37.801212,-5.59441,8.592456,-16.367222,30.846281,29.131668,-5.563398,20.81007,28.912386,38.05865,-36.28699,-3.8484852,-18.237795,45.09847,-5.366962,-20.962044,-6.216229,-6.754935,-4.699771
4.863853266,3.526315789,3.387362637,215.250435,150.4984338,156.0894821,161.2261068,163.3522978,-5.100346021,9.499807766,-4.880430604,112.0055167,0.01880517949,-0.4348368549,0.001830760815,-0.02059930641,1.493531886,1.182603349,0.9321557574,1.194810994,0.990583357,0.8606788936,0.8983903156,1.043471982,0.9255993006,0.7272145268,1.074027899,1.120504016,0.9547340863,1.156370038,1.032967718,0.5548315206,0.7007519069,0.9832819776,0.9948737171,1.067650368,1.128686701,0.9004017179,8.001919847,1.297043851,17.42477404,10.95429182,0.06971793865,0.5652352563,0.441638319,0.8195685007,0.0,0.4333802246,1.634316845,0.0,7.518772169,-0.08251830822,3.332128134,4.313298528,0.0,0.0,0.0,0.0,0.0,-0.3545230312,0.4683035714,0.03125,0.7889795918,-0.1099825548,5.154653343,27.19754195,10.30076712,10.43470392,19.35077682,12.14238718,43.33159265,6.165775612,19.63426922,5.316788604,32.46515906,6.544756406,0.0,11.98299645,40.70832438,31.46137377,7.436253861,1.51100352,105.02,0.8405555556,0.6476048753,0.3366480852,0.310632716,0.03583333333,84.01354746,595.9205123,32.53313138,1.366220135,0.5520027458,1.856360405,0.1874495662,-0.3379279325,-0.03274461368,-0.8301955713,3.0,3.17,-9.482548,1.592879,5.3080697,12.810041,-17.616774,-12.923926,14.105543,2.8008783,14.9041395,11.203875,9.509114,20.227861,-2.8247902,-9.642635,24.963398,48.75381,14.976482,-2.3242533,2.094471,5.74851,5.1468434,-36.30051,-3.2185616,-0.76993966,-18.418688,5.593759,30.770359,15.584984,6.4803414,-15.550692,3.463857,0.97823906,-14.009857,-10.632929,-10.819602,2.844199,2.7397647,6.709534,23.917887,-18.270561,-45.639328,-1.2560799,-4.8119836,-19.858984,-12.256107,9.127557,-36.188942,-4.4749146,8.008696,-17.221361,25.881277,25.319271,1.2386042,22.196663,25.619627,38.05024,-35.372856,-5.3770237,-22.58417,45.51227,-2.7624123,-21.20094,-2.4823854,-6.7354846,-5.668739
4.846099172,3.821428571,6.226247987,236.6824233,147.7382956,155.8750024,155.1695195,161.574898,12.02,3.591875,-0.0425,131.8366051,0.01609232575,-0.4011657339,0.4546982427,-0.03763466346,1.512070043,0.9773058408,1.159557641,0.7711987847,0.8668268255,0.6491943173,1.015010587,0.8955271702,0.9857536765,0.9324882142,1.152833587,1.034817218,0.8811547898,0.9235769081,0.9679351857,0.3797273748,0.7226466601,1.050141434,1.025250966,0.9721177985,0.8417620802,0.7291687934,8.007387534,1.218960329,17.43070113,10.94527671,0.2210168165,0.4048115028,0.7079843543,0.6413102475,0.01349873118,0.4340329318,0.0,0.0,0.0,0.0,2.824395738,0.0,0.0,0.0,0.0,0.0,0.0,-0.7039918897,0.4613756614,0.0,0.862244898,-0.137122449,4.439822782,33.14506678,0.0,15.06663885,0.0,18.19910121,41.9616539,0.0,6.176298517,0.0,20.16532066,6.176298517,11.73975001,0.0,22.64523548,36.78963192,0.5775067015,1.567676587,54.46,1.014166667,0.3715632086,0.2748803225,0.170617284,0.0355489418,76.00703257,558.2646237,32.1343259,1.172908362,1.099892449,1.098525932,0.5833301418,-0.1822057668,-0.08736661655,-1.082199671,2.61,5.48,-6.250357,2.3066528,1.7249904,6.5424404,-9.428512,-5.899476,8.187057,-0.683856,9.739895,7.154313,4.6456532,12.095217,1.306413,-7.0971837,14.908977,25.739708,9.031673,0.6402197,1.7573909,2.1180713,4.124129,-21.361824,-2.0599382,-0.85064137,-9.405913,0.40712485,17.116875,9.028517,3.797147,-11.812368,0.5343991,0.38889685,-8.146435,-2.5961056,-6.0666194,3.3195844,-0.59967315,4.6128774,11.647731,-8.97388,-25.8832,-0.32662505,-1.9141755,-10.892173,-6.162504,6.0907893,-21.21227,-1.1209171,6.246481,-10.610907,14.548462,14.546521,3.1730828,12.223785,15.300128,20.854298,-16.736692,-4.176171,-12.60162,22.658266,0.004567027,-11.360418,0.32936302,-5.232026,-4.5157666
